"ENSEMBL","baseMean","log2FoldChange","lfcSE","stat","pvalue","padj","SYMBOL","ENTREZID","GENENAME","regulated"
"ENSMUSG00000035042",1019.86464040458,-3.47176407254214,0.197786401132681,-17.5530979514268,5.63223364551711e-69,4.23177874955928e-65,"Ccl5","20304","C-C motif chemokine ligand 5","Down_in_male"
"ENSMUSG00000024610",50466.6967170024,-2.26409683691405,0.128803660226196,-17.5778920640764,3.6385407999099e-69,4.23177874955928e-65,"Cd74","16149","CD74 antigen (invariant polypeptide of major histocompatibility complex, class II antigen-associated)","Down_in_male"
"ENSMUSG00000025279",618.425614455159,-3.94800175598878,0.225842316834715,-17.4812312029112,1.99152167992592e-68,9.97553209474894e-65,"Dnase1l3","13421","deoxyribonuclease 1-like 3","Down_in_male"
"ENSMUSG00000036594",21612.6397173542,-2.41176004456255,0.156525721892948,-15.4080748863245,1.4445131229348e-53,5.4266746745853e-50,"H2-Aa","14960","histocompatibility 2, class II antigen A, alpha","Down_in_male"
"ENSMUSG00000016283",344.696479472529,-5.03347437071233,0.334588179165952,-15.0437901998199,3.79202614028697e-51,1.13965553620185e-47,"H2-M2","14990","histocompatibility 2, M region locus 2","Down_in_male"
"ENSMUSG00000022126",480.484261240812,-3.98332006037294,0.267654302445575,-14.8823315148573,4.29275103002195e-50,1.075119495469e-46,"Acod1","16365","aconitate decarboxylase 1","Down_in_male"
"ENSMUSG00000034855",4608.78570643815,-3.21085745040183,0.216088140048231,-14.8590174809463,6.08104842773013e-50,1.30542735319287e-46,"Cxcl10","15945","C-X-C motif chemokine ligand 10","Down_in_male"
"ENSMUSG00000030789",1572.90509708905,-2.28189190766656,0.15588906918232,-14.6379211809763,1.60913305896387e-48,3.02255530963125e-45,"Itgax","16411","integrin alpha X","Down_in_male"
"ENSMUSG00000039899",2835.48799648287,-2.70787998486404,0.191078447650364,-14.1715615662679,1.37410584257302e-45,2.29429872181609e-42,"Fgl2","14190","fibrinogen-like protein 2","Down_in_male"
"ENSMUSG00000035186",382.960527522868,-4.60223261422336,0.328485273537568,-14.0104686114552,1.3451445297929e-44,2.02134868491979e-41,"Ubd","24108","ubiquitin D","Down_in_male"
"ENSMUSG00000078922",1815.01229811242,-3.93335370755477,0.292489735714143,-13.4478350084699,3.17018815429797e-41,4.33076521769415e-38,"Tgtp1","21822","T cell specific GTPase 1","Down_in_male"
"ENSMUSG00000086503",907.852087759602,-4.211764247286,0.3139025463902,-13.4174261907723,4.78028770741942e-41,5.98611528161597e-38,"Xist","213742","inactive X specific transcripts","Down_in_male"
"ENSMUSG00000056290",397.81646743323,-3.20789216831138,0.247912279540428,-12.9396259606748,2.68935650517076e-38,3.10868924640008e-35,"Ms4a4b","60361","membrane-spanning 4-domains, subfamily A, member 4B","Down_in_male"
"ENSMUSG00000075010",2338.89168285506,-3.05252044443588,0.237657517091201,-12.8441990045048,9.27065021374115e-38,9.95071862584916e-35,"AW112010","107350","expressed sequence AW112010","Down_in_male"
"ENSMUSG00000030149",324.001801911349,-3.2627710455655,0.256844163467794,-12.7033100597383,5.66806428725434e-37,5.6782668029714e-34,"Klrk1","27007","killer cell lectin-like receptor subfamily K, member 1","Down_in_male"
"ENSMUSG00000060586",21841.3901954918,-2.49463445943808,0.200879543971484,-12.4185589538784,2.0726112649227e-35,1.94657059237459e-32,"H2-Eb1","14969","histocompatibility 2, class II antigen E beta","Down_in_male"
"ENSMUSG00000030214",2052.35645794792,-1.68673133359496,0.140450987681035,-12.0093946040846,3.17158287870596e-33,2.80349270107732e-30,"Plbd1","66857","phospholipase B domain containing 1","Down_in_male"
"ENSMUSG00000073421",21377.1062099693,-2.3632860573642,0.199456291758819,-11.8486413064465,2.18708064353841e-32,1.82584782391398e-29,"H2-Ab1","14961","histocompatibility 2, class II antigen A, beta 1","Down_in_male"
"ENSMUSG00000022504",892.15485797938,-2.47342931889361,0.211696061606584,-11.6838702625004,1.54115065494165e-31,1.21888794167411e-28,"Ciita","12265","class II transactivator","Down_in_male"
"ENSMUSG00000079293",1956.61300588836,-2.24133763822781,0.1969406505969,-11.380777058645,5.21331248437242e-30,3.91702233513322e-27,"Clec7a","56644","C-type lectin domain family 7, member a","Down_in_male"
"ENSMUSG00000048521",218.145563266936,-3.61022685264766,0.317986341481392,-11.3534022745405,7.13319622351792e-30,5.10431141194304e-27,"Cxcr6","80901","C-X-C motif chemokine receptor 6","Down_in_male"
"ENSMUSG00000048852",421.011256280187,-3.82504955970516,0.33771153157022,-11.3263812518342,9.71355195030423e-30,6.63479750714644e-27,"Gm12185","620913","predicted gene 12185","Down_in_male"
"ENSMUSG00000028064",604.928205027107,-2.13187245639611,0.188362649859089,-11.3179149793811,1.06986218670311e-29,6.98992133895114e-27,"Sema4a","20351","sema domain, immunoglobulin domain (Ig), transmembrane domain (TM) and short cytoplasmic domain, (semaphorin) 4A","Down_in_male"
"ENSMUSG00000030830",1199.54284305531,-1.98682483218554,0.176777001782222,-11.2391590091181,2.61865048821392e-29,1.63960253693294e-26,"Itgal","16408","integrin alpha L","Down_in_male"
"ENSMUSG00000015340",4221.37367841947,-1.7857340788756,0.15898197055037,-11.2323056048033,2.82996058504073e-29,1.70103270845628e-26,"Cybb","13058","cytochrome b-245, beta polypeptide","Down_in_male"
"ENSMUSG00000070427",459.646740501756,-3.04457447678518,0.273835183474269,-11.1182735474576,1.02231100046505e-28,5.90856438614934e-26,"Il18bp","16068","interleukin 18 binding protein","Down_in_male"
"ENSMUSG00000053977",485.99399756234,-4.4520256328594,0.401337426752558,-11.092973981727,1.35699916992849e-28,7.5524542690798e-26,"Cd8a","12525","CD8 subunit alpha","Down_in_male"
"ENSMUSG00000038179",332.470238013269,-3.32155308654704,0.301150764411047,-11.0295356315728,2.75282757150586e-28,1.47738356846495e-25,"Slamf7","75345","SLAM family member 7","Down_in_male"
"ENSMUSG00000060550",1624.76064542332,-2.75836594030545,0.251873162659343,-10.9514086819806,6.54221755465831e-28,3.38999666185691e-25,"H2-Q7","15018","histocompatibility 2, Q region locus 7","Down_in_male"
"ENSMUSG00000104713",868.509667392773,-3.65139620896074,0.342966009429361,-10.6465250449631,1.80995866499168e-26,9.06608295294335e-24,"Gbp6","100702","guanylate binding protein 6","Down_in_male"
"ENSMUSG00000004612",289.085470080404,-3.29256160526864,0.311965483944972,-10.5542496677274,4.8550298289551e-26,2.35343655611962e-23,"Nkg7","72310","natural killer cell group 7 sequence","Down_in_male"
"ENSMUSG00000060802",48092.1828164506,-1.71505228104795,0.162980599915039,-10.5230455768478,6.76507953903205e-26,3.17683906978233e-23,"B2m","12010","beta-2 microglobulin","Down_in_male"
"ENSMUSG00000000682",2051.94783229522,-1.45279669814492,0.139066895637183,-10.4467471678895,1.51637119294157e-25,6.90500300494938e-23,"Cd52","23833","CD52 antigen","Down_in_male"
"ENSMUSG00000022584",241.727880270114,-3.45231671654777,0.338907831908463,-10.1865946771045,2.27597276916056e-24,9.82158856779227e-22,"Ly6c2","100041546","lymphocyte antigen 6 family memberC2","Down_in_male"
"ENSMUSG00000068227",678.161677184113,-2.20737716858959,0.216704846183347,-10.1860996995056,2.28758634373281e-24,9.82158856779227e-22,"Il2rb","16185","interleukin 2 receptor, beta chain","Down_in_male"
"ENSMUSG00000022586",175.96769648701,-5.12863438964154,0.507844655106933,-10.0988251782657,5.59079238926241e-24,2.33368992315128e-21,"Ly6i","57248","lymphocyte antigen 6 family member I","Down_in_male"
"ENSMUSG00000053044",152.977979256191,-3.90305054213186,0.388514483929756,-10.0460876069618,9.55873387438036e-24,3.88213767379226e-21,"Cd8b1","12526","CD8 subunit beta 1","Down_in_male"
"ENSMUSG00000030124",286.279528291736,-2.8346337982001,0.282625197415534,-10.0296570303052,1.12908106849356e-23,4.46492137269809e-21,"Lag3","16768","lymphocyte-activation gene 3","Down_in_male"
"ENSMUSG00000040264",409.571368999262,-4.70740732893668,0.471519547061491,-9.98348288692003,1.80033975343559e-23,6.93684755766068e-21,"Gbp2b","14468","guanylate binding protein 2b","Down_in_male"
"ENSMUSG00000034028",132.681918684775,-4.59627625349139,0.460952094129941,-9.97126667179368,2.03615270866957e-23,7.6493166882944e-21,"Cd226","225825","CD226 antigen","Down_in_male"
"ENSMUSG00000027514",2048.9935395876,-2.47259568951701,0.250568096067471,-9.8679589633439,5.73190239182473e-23,2.05102998601487e-20,"Zbp1","58203","Z-DNA binding protein 1","Down_in_male"
"ENSMUSG00000030187",936.77815801754,-2.03719773747237,0.206445946976971,-9.8679473600885,5.73256534322383e-23,2.05102998601487e-20,"Klra2","16633","killer cell lectin-like receptor, subfamily A, member 2","Down_in_male"
"ENSMUSG00000016496",763.84467093326,-2.89413497418836,0.294459407372552,-9.8286381814478,8.47571105834392e-23,2.96196535055196e-20,"Cd274","60533","CD274 antigen","Down_in_male"
"ENSMUSG00000040253",3616.32557687499,-2.56425258911664,0.261567087371198,-9.80342219232511,1.08834531098937e-22,3.71694658823575e-20,"Gbp7","229900","guanylate binding protein 7","Down_in_male"
"ENSMUSG00000043263",840.410275298985,-1.92556557608259,0.196523276837803,-9.79815524688112,1.14660505636118e-22,3.74565960476946e-20,"Ifi209","236312","interferon activated gene 209","Down_in_male"
"ENSMUSG00000063286",713.765662163795,-1.85832862362088,0.189637612913884,-9.7993673041263,1.13293039806276e-22,3.74565960476946e-20,NA,NA,NA,"Down_in_male"
"ENSMUSG00000052270",247.716331535526,-2.84111496083049,0.290086969699705,-9.79401096082181,1.19460774843874e-22,3.81944056080616e-20,"Fpr2","14289","formyl peptide receptor 2","Down_in_male"
"ENSMUSG00000046879",3957.39184710502,-2.25733249029004,0.23074298264377,-9.78288684850276,1.33351668185368e-22,4.17474066212817e-20,"Irgm1","15944","immunity-related GTPase family M member 1","Down_in_male"
"ENSMUSG00000059089",1336.52509040774,-2.30000535038119,0.23946710118142,-9.60468197524433,7.63933942289469e-22,2.34278272464977e-19,"Fcgr4","246256","Fc receptor, IgG, low affinity IV","Down_in_male"
"ENSMUSG00000038642",17087.4642761445,-1.39844703410671,0.145685084672337,-9.5991091830161,8.06383244522161e-22,2.4235042030869e-19,"Ctss","13040","cathepsin S","Down_in_male"
"ENSMUSG00000039264",206.188052309515,-2.8224763290341,0.296204283493601,-9.52881671981314,1.59086125738707e-21,4.68742590485403e-19,"Gimap3","83408","GTPase, IMAP family member 3","Down_in_male"
"ENSMUSG00000046805",10025.249356334,-1.61442767191632,0.170218519292634,-9.48444199036213,2.43683341334916e-21,7.04197994276881e-19,"Mpeg1","17476","macrophage expressed gene 1","Down_in_male"
"ENSMUSG00000073555",741.389740718592,-2.97369064966282,0.31459644874247,-9.45239738576039,3.31157512531021e-21,9.38925271849746e-19,"Iigp1c","240327","interferon inducible GTPase 1C","Down_in_male"
"ENSMUSG00000026395",2933.9081826502,-1.34798572628347,0.142913256023407,-9.43219519162514,4.0159465989787e-21,1.11754869523802e-18,"Ptprc","19264","protein tyrosine phosphatase receptor type C","Down_in_male"
"ENSMUSG00000037649",1831.79753645628,-1.70766083930657,0.18426102976142,-9.26761801731836,1.90349217898675e-20,5.20068672247888e-18,"H2-DMa","14998","histocompatibility 2, class II, locus DMa","Down_in_male"
"ENSMUSG00000076928",221.244320694504,-3.43581192006697,0.371462581534978,-9.24941593274164,2.25722702061342e-20,6.0570268640639e-18,NA,NA,NA,"Down_in_male"
"ENSMUSG00000026070",114.211947250625,-4.5054264046298,0.493258500967654,-9.1340066026054,6.60100062294617e-20,1.74023221685986e-17,"Il18r1","16182","interleukin 18 receptor 1","Down_in_male"
"ENSMUSG00000034438",309.286750732029,-3.36062689796299,0.373264684066589,-9.00333474185162,2.18963478409631e-19,5.67304170700262e-17,"Gbp8","76074","guanylate-binding protein 8","Down_in_male"
"ENSMUSG00000074151",1114.72531696695,-2.9747610322797,0.330702662078418,-8.99527392245274,2.35643852914735e-19,6.00172911483004e-17,"Nlrc5","434341","NLR family, CARD domain containing 5","Down_in_male"
"ENSMUSG00000055541",1406.42333197507,-1.33365948029267,0.148615215708165,-8.97390939371625,2.86172700550953e-19,7.16719528529861e-17,"Lair1","52855","leukocyte-associated Ig-like receptor 1","Down_in_male"
"ENSMUSG00000000594",3033.02842741058,-1.3710055671587,0.153424598984244,-8.93602183897186,4.03432281777698e-19,9.93832278405487e-17,"Gm2a","14667","GM2 ganglioside activator protein","Down_in_male"
"ENSMUSG00000026222",958.440960888456,-1.62284825455194,0.182599004391922,-8.88749782593959,6.25004434204597e-19,1.51482929561169e-16,"Sp100","20684","nuclear antigen Sp100","Down_in_male"
"ENSMUSG00000016498",127.610956851086,-3.83750458473253,0.433558146885385,-8.85118781021777,8.65926975589023e-19,2.06544200986925e-16,"Pdcd1lg2","58205","programmed cell death 1 ligand 2","Down_in_male"
"ENSMUSG00000000290",2494.90125753661,-1.29480292709809,0.14677485952955,-8.82169420054812,1.12740788509573e-18,2.64711848270836e-16,"Itgb2","16414","integrin beta 2","Down_in_male"
"ENSMUSG00000066363",426.351778447832,-4.03075630772318,0.459078277276717,-8.78010680800211,1.63319488637745e-18,3.71848781175665e-16,"Serpina3f","238393","serine (or cysteine) peptidase inhibitor, clade A, member 3F","Down_in_male"
"ENSMUSG00000069516",41265.9859319062,-0.839646673263333,0.0956226630175078,-8.7808334004419,1.62267755182734e-18,3.71848781175665e-16,"Lyz2","17105","lysozyme 2","Down_in_male"
"ENSMUSG00000038352",280.514979608056,-2.22381064986743,0.253399578256241,-8.77590509491175,1.69534759159868e-18,3.80238630730648e-16,"Arl5c","217151","ADP-ribosylation factor-like 5C","Down_in_male"
"ENSMUSG00000073409",1187.33834080921,-2.74858638445227,0.313918374478566,-8.75573591070548,2.02776013390996e-18,4.48105169592131e-16,"H2-Q6","110557","histocompatibility 2, Q region locus 6","Down_in_male"
"ENSMUSG00000046031",166.083064482607,-3.51665760938803,0.405235720614252,-8.67805435329719,4.02596640349287e-18,8.7678546587373e-16,"Calhm6","215900","calcium homeostasis modulator family member 6","Down_in_male"
"ENSMUSG00000022014",812.106725940733,-1.40486662352495,0.162835786298433,-8.62750538723849,6.27045837296844e-18,1.34608825672281e-15,"Epsti1","108670","epithelial stromal interaction 1","Down_in_male"
"ENSMUSG00000078920",2938.06676363395,-2.07821626506178,0.241672731411283,-8.59929977588177,8.02039370605006e-18,1.69749938339175e-15,"Ifi47","15953","interferon gamma inducible protein 47","Down_in_male"
"ENSMUSG00000000409",236.333512988677,-2.37666783287753,0.280043888539013,-8.48676914635269,2.1246123825306e-17,4.43424309337323e-15,"Lck","16818","lck proto-oncogene, Src family tyrosine kinase","Down_in_male"
"ENSMUSG00000045868",174.890961865005,-3.34683279841497,0.394523718328825,-8.48322329666749,2.19039724761533e-17,4.50891773149529e-15,"Gvin1","74558","GTPase, very large interferon inducible 1","Down_in_male"
"ENSMUSG00000031304",928.269532590296,-1.72228985233221,0.203243582636291,-8.47401836747922,2.37070028788538e-17,4.81412340892616e-15,"Il2rg","16186","interleukin 2 receptor, gamma chain","Down_in_male"
"ENSMUSG00000061577",174.97760247553,-3.13781568356565,0.370813481598987,-8.46197843194659,2.62879145817894e-17,5.22419031370604e-15,"Adgrg5","382045","adhesion G protein-coupled receptor G5","Down_in_male"
"ENSMUSG00000026104",2266.05885359419,-2.5162898807373,0.297385047397641,-8.46138668624016,2.64216719133333e-17,5.22419031370604e-15,"Stat1","20846","signal transducer and activator of transcription 1","Down_in_male"
"ENSMUSG00000037849",338.605372334138,-2.56717846902736,0.304118468444627,-8.4413764220136,3.13622383028572e-17,6.12052409061085e-15,"Ifi206","102639543","interferon activated gene 206","Down_in_male"
"ENSMUSG00000033220",1199.69482826999,-1.32251653311895,0.157895798978858,-8.37588169965206,5.48119498046051e-17,1.05597329450487e-14,"Rac2","19354","Rac family small GTPase 2","Down_in_male"
"ENSMUSG00000053318",559.391944455065,-2.84080490708813,0.339633962459231,-8.36431341117462,6.04659943805739e-17,1.15015506019859e-14,"Slamf8","74748","SLAM family member 8","Down_in_male"
"ENSMUSG00000039997",1930.19184304639,-1.63405956979879,0.195714948398724,-8.34918121057248,6.87378085995546e-17,1.29115381228188e-14,"Ifi203","15950","interferon activated gene 203","Down_in_male"
"ENSMUSG00000039699",254.660054927302,-3.3068986580747,0.396408110626565,-8.34215690705166,7.29475710517362e-17,1.35331253110425e-14,"Batf2","74481","basic leucine zipper transcription factor, ATF-like 2","Down_in_male"
"ENSMUSG00000026656",4332.87436878616,-1.09279157516956,0.131296803093922,-8.32306308621881,8.57187938773145e-17,1.57084916535903e-14,"Fcgr2b","14130","Fc receptor, IgG, low affinity IIb","Down_in_male"
"ENSMUSG00000027863",152.798122841666,-3.05783245864745,0.369420486017584,-8.27737652454364,1.25918589690895e-16,2.27973330998202e-14,"Cd2","12481","CD2 antigen","Down_in_male"
"ENSMUSG00000021322",420.082122982771,-1.98203801733033,0.239542186687587,-8.27427537812083,1.29239159357377e-16,2.31199624721822e-14,"Aoah","27052","acyloxyacyl hydrolase","Down_in_male"
"ENSMUSG00000029298",1256.92659296111,-2.65405158844589,0.322997336994793,-8.21694572822028,2.0875147976768e-16,3.69048057231639e-14,"Gbp9","236573","guanylate-binding protein 9","Down_in_male"
"ENSMUSG00000078763",361.659003194026,-2.32691516378976,0.283890685598246,-8.19651817348717,2.47449886674867e-16,4.32375517100375e-14,"Slfn1","20555","schlafen 1","Down_in_male"
"ENSMUSG00000024910",232.277629151914,-2.19284324508985,0.270193379839714,-8.11582891627732,4.82480018667973e-16,8.33359452933751e-14,"Ctsw","13041","cathepsin W","Down_in_male"
"ENSMUSG00000034422",2314.7407326215,-1.91681057584586,0.237000381809523,-8.08779530737805,6.07543948885339e-16,1.03745033180682e-13,"Parp14","547253","poly (ADP-ribose) polymerase family, member 14","Down_in_male"
"ENSMUSG00000018899",4308.18825654048,-1.42906759682226,0.177366671347967,-8.05713714962065,7.81020051536401e-16,1.31869531622893e-13,"Irf1","16362","interferon regulatory factor 1","Down_in_male"
"ENSMUSG00000050075",221.421248425186,-2.21583748421698,0.275868055708553,-8.03223656514241,9.57115916634831e-16,1.59806454214129e-13,"Gpr171","229323","G protein-coupled receptor 171","Down_in_male"
"ENSMUSG00000051457",557.111070083058,-2.01370512127331,0.251120576647707,-8.01887741799151,1.06715937151416e-15,1.76222020612563e-13,"Spn","20737","sialophorin","Down_in_male"
"ENSMUSG00000027347",317.624528157784,-1.98689564837112,0.24783804995907,-8.0169112398167,1.08437421744845e-15,1.77118384408673e-13,"Rasgrp1","19419","RAS guanyl releasing protein 1","Down_in_male"
"ENSMUSG00000002033",252.799412206706,-3.78224485094498,0.472941657892791,-7.99727574812696,1.27202155463338e-15,2.05534063456729e-13,"Cd3g","12502","CD3 antigen, gamma polypeptide","Down_in_male"
"ENSMUSG00000015437",633.635605062302,-2.13235954082656,0.268665289157541,-7.9368628061818,2.07359195202193e-15,3.31487938968441e-13,"Gzmb","14939","granzyme B","Down_in_male"
"ENSMUSG00000062545",339.271422444994,-2.29096041031159,0.289117043764077,-7.92398946974929,2.30009111183632e-15,3.63825990921731e-13,"Tlr12","384059","toll-like receptor 12","Down_in_male"
"ENSMUSG00000037731",741.537475360151,-1.80041339682393,0.229419825439691,-7.84768009204685,4.23803587161776e-15,6.63385052529168e-13,"Themis2","230787","thymocyte selection associated family member 2","Down_in_male"
"ENSMUSG00000071713",995.174468585622,-1.32783788375109,0.170007357992425,-7.81047302558669,5.69737520710155e-15,8.82623270485721e-13,"Csf2rb","12983","colony stimulating factor 2 receptor, beta, low-affinity (granulocyte-macrophage)","Down_in_male"
"ENSMUSG00000030167",203.965008379645,-4.3179891987555,0.557126948156119,-7.75045833457963,9.15614592124043e-15,1.40397351794367e-12,"Klrc1","16641","killer cell lectin-like receptor subfamily C, member 1","Down_in_male"
"ENSMUSG00000030165",177.70811164181,-2.6745033579321,0.34573463198473,-7.73571146916584,1.02826426272896e-14,1.56078051273011e-12,"Klrd1","16643","killer cell lectin-like receptor, subfamily D, member 1","Down_in_male"
"ENSMUSG00000071714",617.439340202413,-1.47182965189184,0.19224739113889,-7.65591482502098,1.91940913669256e-14,2.8842961097079e-12,"Csf2rb2","12984","colony stimulating factor 2 receptor, beta 2, low-affinity (granulocyte-macrophage)","Down_in_male"
"ENSMUSG00000021583",2344.66367101281,-1.00249606037497,0.130996176017123,-7.65286507480899,1.96550112771537e-14,2.92431539071078e-12,"Erap1","80898","endoplasmic reticulum aminopeptidase 1","Down_in_male"
"ENSMUSG00000079547",1893.55672961878,-1.72503513082147,0.227953362037676,-7.56749150528589,3.80500047740657e-14,5.60566099744986e-12,"H2-DMb1","14999","histocompatibility 2, class II, locus Mb1","Down_in_male"
"ENSMUSG00000020395",85.824253814915,-3.73666610589117,0.494269620398219,-7.55997526791277,4.03146007465846e-14,5.88162626620318e-12,"Itk","16428","IL2 inducible T cell kinase","Down_in_male"
"ENSMUSG00000032089",1113.06854387538,-1.46834275827561,0.195656679956993,-7.504690147039,6.15740722524055e-14,8.89686138208555e-12,"Il10ra","16154","interleukin 10 receptor, alpha","Down_in_male"
"ENSMUSG00000024675",787.638622361976,-1.81643661080829,0.242782541986215,-7.48174311030745,7.3343208052488e-14,1.04964608324261e-11,"Ms4a4c","64380","membrane-spanning 4-domains, subfamily A, member 4C","Down_in_male"
"ENSMUSG00000032094",126.458758571649,-3.6190403726517,0.486543709893269,-7.43826361139391,1.02017328790851e-13,1.44623999975483e-11,"Cd3d","12500","CD3 antigen, delta polypeptide","Down_in_male"
"ENSMUSG00000032661",632.270069093916,-2.57524758958313,0.346556929025257,-7.43095109027655,1.07819577513255e-13,1.51421008531933e-11,"Oas3","246727","2'-5' oligoadenylate synthetase 3","Down_in_male"
"ENSMUSG00000021423",923.692024982183,-1.24299635208704,0.16790622225103,-7.40292012662095,1.33221888762243e-13,1.85363455780577e-11,"Ly86","17084","lymphocyte antigen 86","Down_in_male"
"ENSMUSG00000078606",180.323877537002,-3.01537056675973,0.407458640098267,-7.40043349193064,1.35740642151189e-13,1.85434057236902e-11,"Gvin2","100042856","GTPase, very large interferon inducible, family member 2","Down_in_male"
"ENSMUSG00000024339",2025.85006293152,-2.12156029308714,0.286678690834985,-7.40048130856132,1.35691769478332e-13,1.85434057236902e-11,"Tap2","21355","transporter 2, ATP-binding cassette, sub-family B (MDR/TAP)","Down_in_male"
"ENSMUSG00000018920",2651.69647699617,-1.29070463837592,0.175541323158348,-7.35271111755057,1.9422641381166e-13,2.62940569400704e-11,"Cxcl16","66102","C-X-C motif chemokine ligand 16","Down_in_male"
"ENSMUSG00000027843",301.348910378961,-1.76596659214121,0.240741499527594,-7.33553041584671,2.2084507646263e-13,2.96307050357494e-11,"Ptpn22","19260","protein tyrosine phosphatase, non-receptor type 22 (lymphoid)","Down_in_male"
"ENSMUSG00000020340",229.278688034325,-2.13827388076471,0.292530419467286,-7.30957787111039,2.67982916294351e-13,3.56369848066833e-11,"Cyfip2","76884","cytoplasmic FMR1 interacting protein 2","Down_in_male"
"ENSMUSG00000090272",1587.8037348705,-1.43846080317976,0.197358195440163,-7.28857902237904,3.1324114763736e-13,4.12901291714615e-11,"Mndal","100040462","myeloid nuclear differentiation antigen like","Down_in_male"
"ENSMUSG00000027639",4753.79748924906,-1.48902309739088,0.205594153534383,-7.24253618983315,4.40370876239379e-13,5.75430709326012e-11,"Samhd1","56045","SAM domain and HD domain, 1","Down_in_male"
"ENSMUSG00000036469",566.69419570357,-1.46291334910533,0.20237609287926,-7.2286865918403,4.87687432523037e-13,6.31765435217559e-11,"Marchf1","72925","membrane associated ring-CH-type finger 1","Down_in_male"
"ENSMUSG00000002985",35480.1936118108,-0.781884944330982,0.108215726667639,-7.22524321009616,5.00205816548435e-13,6.42443829510541e-11,"Apoe","11816","apolipoprotein E","Down_in_male"
"ENSMUSG00000042129",805.48728383378,-1.19358168990311,0.165241364140123,-7.22326214210483,5.07550383568309e-13,6.4635250965093e-11,"Rassf4","213391","Ras association (RalGDS/AF-6) domain family member 4","Down_in_male"
"ENSMUSG00000097415",2379.43444343683,-1.13150399025424,0.156883627995035,-7.21237776506577,5.4983181414703e-13,6.94312829511548e-11,"AU020206","108167440","expressed sequence AU020206","Down_in_male"
"ENSMUSG00000024670",107.216551473907,-3.42398911692101,0.475475058176632,-7.20119606284173,5.96866485299727e-13,7.47426056216583e-11,"Cd6","12511","CD6 antigen","Down_in_male"
"ENSMUSG00000037405",627.074093201911,-1.69891680235649,0.236909862043799,-7.17115272323448,7.43688823624069e-13,9.23587764677593e-11,"Icam1","15894","intercellular adhesion molecule 1","Down_in_male"
"ENSMUSG00000032093",122.498598598184,-3.21295481602109,0.448781610765495,-7.1592835779093,8.10997682790097e-13,9.98923129449736e-11,"Cd3e","12501","CD3 antigen, epsilon polypeptide","Down_in_male"
"ENSMUSG00000102037",362.578342119225,-1.6957572493005,0.237728184026815,-7.13317714616969,9.80781958149392e-13,1.19822849472446e-10,"Bcl2a1a","12044","B cell leukemia/lymphoma 2 related protein A1a","Down_in_male"
"ENSMUSG00000042351",158.718017662714,-2.95501287965274,0.415250467631316,-7.11621806595139,1.10928742141314e-12,1.34429532915929e-10,"Grap2","17444","GRB2-related adaptor protein 2","Down_in_male"
"ENSMUSG00000044708",205.157969267896,-1.95490208741101,0.277656556639236,-7.04072005744511,1.91248904086937e-12,2.29911782537152e-10,"Kcnj10","16513","potassium inwardly-rectifying channel, subfamily J, member 10","Down_in_male"
"ENSMUSG00000026117",103.966568386642,-3.24413077294302,0.461224963961058,-7.03372763061657,2.0108748502374e-12,2.39820764877123e-10,"Zap70","22637","zeta-chain (TCR) associated protein kinase","Down_in_male"
"ENSMUSG00000033880",4265.84117133211,-1.33081761858102,0.189483338378805,-7.02340179335726,2.16530363495309e-12,2.56204863956221e-10,"Lgals3bp","19039","lectin, galactoside-binding, soluble, 3 binding protein","Down_in_male"
"ENSMUSG00000099974",455.429422011881,-1.91715612044717,0.273627893719848,-7.00643525184619,2.44466614058849e-12,2.86999985114244e-10,"Bcl2a1d","12047","B cell leukemia/lymphoma 2 related protein A1d","Down_in_male"
"ENSMUSG00000053101",271.068738744031,-2.23996157388176,0.319934578575916,-7.001311280113,2.53577835176029e-12,2.95388692185286e-10,"Gpr141","353346","G protein-coupled receptor 141","Down_in_male"
"ENSMUSG00000034652",313.935383959652,-1.60362805130325,0.230489550556852,-6.95748699856004,3.46395905377382e-12,4.00407020777379e-10,"Cd300a","217303","CD300A molecule","Down_in_male"
"ENSMUSG00000024308",9350.67652575122,-1.47083763180069,0.211537340483061,-6.9530874711856,3.57376940870842e-12,4.09946816066117e-10,"Tapbp","21356","TAP binding protein","Down_in_male"
"ENSMUSG00000049109",64.1913107262546,-4.53458001265821,0.652543659322852,-6.94908294314554,3.67668347496681e-12,4.15409944197942e-10,"Themis","210757","thymocyte selection associated","Down_in_male"
"ENSMUSG00000028071",137.529716170505,-2.71932819010955,0.391311123729693,-6.94927392860925,3.67170993721444e-12,4.15409944197942e-10,"Sh2d2a","27371","SH2 domain containing 2A","Down_in_male"
"ENSMUSG00000022901",629.427658979186,-1.5909346495816,0.228987843000008,-6.94768171418406,3.71337606469078e-12,4.16424642717227e-10,"Cd86","12524","CD86 antigen","Down_in_male"
"ENSMUSG00000029417",8755.3445617951,-4.16518951384494,0.601423160296686,-6.92555556355732,4.34267839534699e-12,4.83388357384291e-10,"Cxcl9","17329","C-X-C motif chemokine ligand 9","Down_in_male"
"ENSMUSG00000079298",341.604824982417,-3.51170176063085,0.50857203764293,-6.90502328226002,5.01951947109888e-12,5.54619993325021e-10,"Klrb1b","80782","killer cell lectin-like receptor subfamily B member 1B","Down_in_male"
"ENSMUSG00000041515",1477.4240878017,-1.21514960998439,0.176639566516504,-6.87926059799774,6.01640128484213e-12,6.55333107386256e-10,"Irf8","15900","interferon regulatory factor 8","Down_in_male"
"ENSMUSG00000005142",3795.40508013028,-0.8056161538573,0.117108694727703,-6.87921725821033,6.01823177076618e-12,6.55333107386256e-10,"Man2b1","17159","mannosidase 2, alpha B1","Down_in_male"
"ENSMUSG00000027398",550.484121499473,-1.78058980546327,0.259102538887992,-6.8721434112732,6.3244324383882e-12,6.83721196055104e-10,"Il1b","16176","interleukin 1 beta","Down_in_male"
"ENSMUSG00000073491",249.875163297561,-2.24186013926065,0.326617816251344,-6.86386359749419,6.70226307756179e-12,7.14290122457596e-10,"Ifi213","623121","interferon activated gene 213","Down_in_male"
"ENSMUSG00000054435",510.622307456647,-1.67439678991106,0.243922837542063,-6.86445273752736,6.67466336440945e-12,7.14290122457596e-10,"Gimap4","107526","GTPase, IMAP family member 4","Down_in_male"
"ENSMUSG00000040829",709.208778985592,-1.46257593863182,0.213481384527559,-6.8510701383568,7.32995641395568e-12,7.75684894595155e-10,"Zmynd15","574428","zinc finger, MYND-type containing 15","Down_in_male"
"ENSMUSG00000039621",1279.85288814185,-0.993150122761146,0.144986944003609,-6.8499279682481,7.38871831345299e-12,7.76435455218588e-10,"Prex1","277360","phosphatidylinositol-3,4,5-trisphosphate-dependent Rac exchange factor 1","Down_in_male"
"ENSMUSG00000031779",128.606190035414,-2.54727972415287,0.372204781842197,-6.84375872750833,7.71418052991241e-12,8.05006880715234e-10,"Ccl22","20299","C-C motif chemokine ligand 22","Down_in_male"
"ENSMUSG00000004266",1874.24019717539,-0.928798885056314,0.136038592027632,-6.82746617127333,8.64274981291643e-12,8.9568690647376e-10,"Ptpn6","15170","protein tyrosine phosphatase, non-receptor type 6","Down_in_male"
"ENSMUSG00000026981",673.368524739935,-1.52503639625978,0.223520515726788,-6.82280278076959,8.92811893809305e-12,9.18923584128248e-10,"Il1rn","16181","interleukin 1 receptor antagonist","Down_in_male"
"ENSMUSG00000053063",831.854523631119,-1.28774968500312,0.188932147785138,-6.81593736216668,9.3651096999866e-12,9.57343560963937e-10,"Clec12a","232413","C-type lectin domain family 12, member a","Down_in_male"
"ENSMUSG00000073902",385.190467996455,-2.30704550780444,0.338587888656495,-6.81372720376597,9.51019671663292e-12,9.65606257167857e-10,NA,NA,NA,"Down_in_male"
"ENSMUSG00000025498",1929.76224687917,-1.77905280567152,0.261432307765336,-6.80502276431886,1.01033259595637e-11,1.01894415566687e-09,"Irf7","54123","interferon regulatory factor 7","Down_in_male"
"ENSMUSG00000026573",86.4737559125208,-3.09011441474196,0.454413748175285,-6.8002221040856,1.04457982345063e-11,1.04646006713284e-09,"Xcl1","16963","chemokine (C motif) ligand 1","Down_in_male"
"ENSMUSG00000024399",109.358165189454,-2.64641828672639,0.392482645022374,-6.74276511404861,1.55400328244036e-11,1.54649055133982e-09,"Ltb","16994","lymphotoxin B","Down_in_male"
"ENSMUSG00000074677",639.743619562856,-1.37169349605423,0.203541698171756,-6.73912769901694,1.59340317993815e-11,1.57140350022386e-09,"Sirpb1c","100038947","signal-regulatory protein beta 1C","Down_in_male"
"ENSMUSG00000043832",641.812194397128,-1.29141190961392,0.191645890970132,-6.73853169027865,1.59995165724529e-11,1.57140350022386e-09,"Clec4a3","73149","C-type lectin domain family 4, member a3","Down_in_male"
"ENSMUSG00000049037",759.182060622308,-1.54594471282859,0.230238342307048,-6.71454066832578,1.8865955691207e-11,1.84090075436213e-09,"Clec4a1","269799","C-type lectin domain family 4, member a1","Down_in_male"
"ENSMUSG00000022831",1997.38830070483,-0.955943282895592,0.142544613363603,-6.70627433993012,1.99656209778648e-11,1.93563475118951e-09,"Hcls1","15163","hematopoietic cell specific Lyn substrate 1","Down_in_male"
"ENSMUSG00000038213",1237.69888482148,-1.48756110791921,0.222432281116654,-6.687703333578,2.26700108848142e-11,2.1837323946545e-09,"Tapbpl","213233","TAP binding protein-like","Down_in_male"
"ENSMUSG00000079363",2659.71901328054,-4.02568186967053,0.602121748742042,-6.68582704092821,2.29624099923681e-11,2.19780977678545e-09,"Gbp4","17472","guanylate binding protein 4","Down_in_male"
"ENSMUSG00000056529",368.132638880662,-1.45295619014384,0.217498922902716,-6.68029142743722,2.3846755247259e-11,2.26800753861115e-09,"Ptafr","19204","platelet-activating factor receptor","Down_in_male"
"ENSMUSG00000049502",1835.95241264499,-1.4482904459957,0.21728453529199,-6.66540968527498,2.63928072705854e-11,2.49436927581816e-09,"Dtx3l","209200","deltex 3-like, E3 ubiquitin ligase","Down_in_male"
"ENSMUSG00000048163",711.517205799997,-1.14532037249947,0.172321347320702,-6.64642187579899,3.00303726377242e-11,2.82041506016926e-09,"Selplg","20345","selectin, platelet (p-selectin) ligand","Down_in_male"
"ENSMUSG00000038301",1845.18500955147,-1.00288411777239,0.151855282178069,-6.6042096355686,3.99643673592594e-11,3.73009036215895e-09,"Snx10","71982","sorting nexin 10","Down_in_male"
"ENSMUSG00000040033",1260.35386263917,-1.58454876790297,0.241357852899895,-6.56514279052761,5.19830245919968e-11,4.82190685520948e-09,"Stat2","20847","signal transducer and activator of transcription 2","Down_in_male"
"ENSMUSG00000021765",674.340056883206,-2.41805269842585,0.368803350797003,-6.55648245386142,5.50917982841528e-11,5.07892302341083e-09,"Fst","14313","follistatin","Down_in_male"
"ENSMUSG00000043932",51.2548086181538,-4.88518073849275,0.751583614608821,-6.4998499748233,8.04001508855218e-11,7.36690894729717e-09,"Klri2","320407","killer cell lectin-like receptor family I member 2","Down_in_male"
"ENSMUSG00000037902",4585.18060637328,-0.703493755175283,0.108374715912476,-6.49130887451119,8.50938148199919e-11,7.74972578969708e-09,"Sirpa","19261","signal-regulatory protein alpha","Down_in_male"
"ENSMUSG00000106734",454.557453503622,-2.05167747643064,0.317583435701873,-6.46027860960804,1.04510386849601e-10,9.40405738436497e-09,NA,NA,NA,"Down_in_male"
"ENSMUSG00000009292",249.17592244494,-2.04739894809421,0.316903196814537,-6.46064466586125,1.04257869629627e-10,9.40405738436497e-09,"Trpm2","28240","transient receptor potential cation channel, subfamily M, member 2","Down_in_male"
"ENSMUSG00000045932",1957.53579484418,-1.5471930900494,0.240462958361648,-6.4342262966027,1.24103847723343e-10,1.11006459508255e-08,"Ifit2","15958","interferon-induced protein with tetratricopeptide repeats 2","Down_in_male"
"ENSMUSG00000029561",2323.84082279908,-1.77643721383416,0.277201063649723,-6.40847906730584,1.46978454291109e-10,1.30689067019674e-08,"Oasl2","23962","2'-5' oligoadenylate synthetase-like 2","Down_in_male"
"ENSMUSG00000022425",742.759779330939,-1.67921958869143,0.262298197756367,-6.40194863348301,1.53406282680052e-10,1.35602129990185e-08,"Enpp2","18606","ectonucleotide pyrophosphatase/phosphodiesterase 2","Down_in_male"
"ENSMUSG00000026177",860.389106265744,-1.32749455207188,0.207572473514978,-6.39533040962722,1.60200559071406e-10,1.40779754454153e-08,"Slc11a1","18173","solute carrier family 11 (proton-coupled divalent metal ion transporters), member 1","Down_in_male"
"ENSMUSG00000070031",287.231217799147,-1.69270109605993,0.264740162546541,-6.39382056646715,1.61791278230108e-10,1.41265176705665e-08,"Sp140","434484","Sp140 nuclear body protein","Down_in_male"
"ENSMUSG00000022037",1358.80203712183,1.0355466078111,0.161980630142565,6.39302740642311,1.62633097558262e-10,1.41265176705665e-08,"Clu","12759","clusterin","Up_in_male"
"ENSMUSG00000015947",1753.28763369805,-1.13240777563294,0.179256319165314,-6.31725442598544,2.66251049017701e-10,2.2993991457408e-08,"Fcgr1","14129","Fc receptor, IgG, high affinity I","Down_in_male"
"ENSMUSG00000025017",1159.48709579008,-1.30416297544598,0.20700663577836,-6.30010226745745,2.97449324766752e-10,2.55415485901141e-08,"Pik3ap1","83490","phosphoinositide-3-kinase adaptor protein 1","Down_in_male"
"ENSMUSG00000023903",138.337804427124,-2.82670370301861,0.451265129198112,-6.26395331729176,3.75337882396128e-10,3.20466043111739e-08,"Mmp25","240047","matrix metallopeptidase 25","Down_in_male"
"ENSMUSG00000114608",269.30177687843,-1.7242910803198,0.27688606156446,-6.22743907937154,4.74121002477973e-10,4.02520695154604e-08,"Gm36161","102639975","predicted gene, 36161","Down_in_male"
"ENSMUSG00000015396",379.040813055583,-1.41693467553021,0.227671589865061,-6.22359020012123,4.85905248148633e-10,4.10207762018511e-08,"Cd83","12522","CD83 antigen","Down_in_male"
"ENSMUSG00000029413",1504.92866935918,-1.14499788224698,0.184469637192821,-6.20697205063696,5.40152001507254e-10,4.53456096460866e-08,"Naaa","67111","N-acylethanolamine acid amidase","Down_in_male"
"ENSMUSG00000020120",2216.71793555809,-0.911541037368418,0.147056739483827,-6.19856689715788,5.69795868144665e-10,4.75684583922771e-08,"Plek","56193","pleckstrin","Down_in_male"
"ENSMUSG00000033685",4106.54554074234,-0.857793234942585,0.13845525326713,-6.19545459418281,5.81170452770388e-10,4.82499911258597e-08,"Ucp2","22228","uncoupling protein 2 (mitochondrial, proton carrier)","Down_in_male"
"ENSMUSG00000018168",114.835585057211,-3.33335924191335,0.538704535016665,-6.18773191098202,6.10360144599056e-10,5.03949554554396e-08,"Ikzf3","22780","IKAROS family zinc finger 3","Down_in_male"
"ENSMUSG00000073490",958.3342207043,-1.0049680535826,0.162768985693245,-6.17419866138727,6.64998823413399e-10,5.46062148602904e-08,"Ifi207","226691","interferon activated gene 207","Down_in_male"
"ENSMUSG00000030142",201.2804363164,-2.05824875043861,0.334365572328909,-6.15568384060172,7.47542223283836e-10,6.1050635811338e-08,"Clec4e","56619","C-type lectin domain family 4, member e","Down_in_male"
"ENSMUSG00000044350",710.558399012878,-1.13034576162001,0.184051416262746,-6.14146733870477,8.17626390508878e-10,6.64133609198752e-08,"Lacc1","210808","laccase domain containing 1","Down_in_male"
"ENSMUSG00000017652",322.230967498271,-1.655931774353,0.269735217178781,-6.13910112173242,8.29897286739537e-10,6.70476695044894e-08,"Cd40","21939","CD40 antigen","Down_in_male"
"ENSMUSG00000035929",4877.55015591424,-2.90179071777553,0.473561928304783,-6.1275844706586,8.92232333698902e-10,7.16982635213551e-08,"H2-Q4","15015","histocompatibility 2, Q region locus 4","Down_in_male"
"ENSMUSG00000032359",2641.69358396088,-0.926594955443731,0.151255334933333,-6.1260315601571,9.00979421654269e-10,7.20160519638229e-08,"Ctsh","13036","cathepsin H","Down_in_male"
"ENSMUSG00000026458",548.511348489919,-1.40676410272998,0.230296293495991,-6.10849649976876,1.00574065210314e-09,7.95434988376521e-08,"Ppfia4","68507","protein tyrosine phosphatase, receptor type, f polypeptide (PTPRF), interacting protein (liprin), alpha 4","Down_in_male"
"ENSMUSG00000048865",1119.32336136753,-1.10691136988363,0.1811925893956,-6.10903223788526,1.00237081624714e-09,7.95434988376521e-08,"Arhgap30","226652","Rho GTPase activating protein 30","Down_in_male"
"ENSMUSG00000046688",518.717778436744,-1.24449777049876,0.203799537441609,-6.10647985820536,1.01852482921095e-09,8.01328408824764e-08,"Tifa","211550","TRAF-interacting protein with forkhead-associated domain","Down_in_male"
"ENSMUSG00000021998",7199.5592947673,-0.751089922749532,0.123172501226409,-6.09787018426229,1.07490981169068e-09,8.41284882306032e-08,"Lcp1","18826","lymphocyte cytosolic protein 1","Down_in_male"
"ENSMUSG00000070327",4121.22884728204,-1.22197233391803,0.20043295730816,-6.09666369408142,1.08305038071440e-09,8.43264148756229e-08,"Rnf213","672511","ring finger protein 213","Down_in_male"
"ENSMUSG00000092021",53.5498080501368,-3.90992379546544,0.6418347412057,-6.09179208361419,1.11653639990712e-09,8.64855282546615e-08,"Gbp11","634650","guanylate binding protein 11","Down_in_male"
"ENSMUSG00000030742",111.624034814099,-2.52396586679388,0.414773965144668,-6.08515981930919,1.1637516603775e-09,8.92827396772984e-08,"Lat","16797","linker for activation of T cells","Down_in_male"
"ENSMUSG00000004707",374.244898422164,-1.39970855980812,0.230024073885582,-6.0850524737005,1.16453164149534e-09,8.92827396772984e-08,"Ly9","17085","lymphocyte antigen 9","Down_in_male"
"ENSMUSG00000000791",520.331213636464,-1.85714493818819,0.3061007964452,-6.06710260069733,1.30238362917193e-09,9.93447654597287e-08,"Il12rb1","16161","interleukin 12 receptor, beta 1","Down_in_male"
"ENSMUSG00000078921",2208.50511064812,-3.04877434173624,0.502797804599538,-6.06361904098705,1.33092190828443e-09,1.01008906645405e-07,"Tgtp2","100039796","T cell specific GTPase 2","Down_in_male"
"ENSMUSG00000071552",129.452249499446,-2.17475860383367,0.360786659177493,-6.02782433472344,1.66181528488952e-09,1.25487931085602e-07,"Tigit","100043314","T cell immunoreceptor with Ig and ITIM domains","Down_in_male"
"ENSMUSG00000078853",3313.58006159349,-2.99644986481773,0.497361326040625,-6.02469413669888,1.69429724895042e-09,1.2730102379989e-07,"Igtp","16145","interferon gamma induced GTPase","Down_in_male"
"ENSMUSG00000038147",1136.60743008838,-0.918238854096498,0.152813955604716,-6.00886777953517,1.86823404763215e-09,1.39671408128201e-07,"Cd84","12523","CD84 antigen","Down_in_male"
"ENSMUSG00000091649",389.208651193498,-1.69201775411705,0.281974292442257,-6.00060998278252,1.96577647039727e-09,1.46236252577524e-07,"Phf11b","236451","PHD finger protein 11B","Down_in_male"
"ENSMUSG00000040328",347.704405352424,-2.50503750214068,0.42117527147259,-5.94773167328202,2.71883802583099e-09,2.01260980365331e-07,"Or2v1","18356","olfactory receptor family 2 subfamily V member 1","Down_in_male"
"ENSMUSG00000028581",4549.13676747203,-0.830347710019151,0.139856694940336,-5.93713236519269,2.9005049039049e-09,2.13656309759701e-07,"Laptm5","16792","lysosomal-associated protein transmembrane 5","Down_in_male"
"ENSMUSG00000047810",701.819444765981,-1.21659314591706,0.204968881616899,-5.93550170308761,2.92948283213632e-09,2.14738236675671e-07,"Ccdc88b","78317","coiled-coil domain containing 88B","Down_in_male"
"ENSMUSG00000020437",519.320578115067,-1.15937216489131,0.195415892788596,-5.93284480779432,2.97730248453543e-09,2.17184099199582e-07,"Myo1g","246177","myosin IG","Down_in_male"
"ENSMUSG00000028270",14278.1525187509,-3.24180807847798,0.54738106168073,-5.92239722091229,3.1728210460754e-09,2.3032841477959e-07,"Gbp2","14469","guanylate binding protein 2","Down_in_male"
"ENSMUSG00000031551",109.33330152801,-3.59766436725814,0.608763706118303,-5.90978787187913,3.42548559971722e-09,2.46290775631343e-07,"Ido1","15930","indoleamine 2,3-dioxygenase 1","Down_in_male"
"ENSMUSG00000020143",956.173595704702,-0.914343494516273,0.154714009822007,-5.90989462149028,3.42326651804225e-09,2.46290775631343e-07,"Dock2","94176","dedicator of cyto-kinesis 2","Down_in_male"
"ENSMUSG00000060183",73.6640304566909,-3.89034523673752,0.658780419326958,-5.90537472366298,3.51846071823151e-09,2.51770996251738e-07,NA,NA,NA,"Down_in_male"
"ENSMUSG00000036908",3442.2411255918,-0.815027195399931,0.138570372808027,-5.88168436646307,4.06112238097039e-09,2.89225052222e-07,"Unc93b1","54445","unc-93 homolog B1, TLR signaling regulator","Down_in_male"
"ENSMUSG00000003484",534.141187826374,-1.48870454506138,0.253795691584512,-5.86575972100633,4.47080839666589e-09,3.16900178191973e-07,"Cyp4f18","72054","cytochrome P450, family 4, subfamily f, polypeptide 18","Down_in_male"
"ENSMUSG00000030560",18959.3061836875,-0.770447224419259,0.131451271937226,-5.86108611248114,4.59849414955087e-09,3.24420523874652e-07,"Ctsc","13032","cathepsin C","Down_in_male"
"ENSMUSG00000072620",1538.2996977436,-1.28954311263371,0.22157166022355,-5.81998217340906,5.88539041398746e-09,4.1134772907437e-07,"Slfn2","20556","schlafen 2","Down_in_male"
"ENSMUSG00000035004",708.876085291063,-1.08805835152087,0.186930920235531,-5.8206440654651,5.8621289080977e-09,4.1134772907437e-07,"Igsf6","80719","immunoglobulin superfamily, member 6","Down_in_male"
"ENSMUSG00000018654",718.134347141751,-1.23010173754602,0.211589304864079,-5.81362908837105,6.11327888742801e-09,4.25297415932318e-07,"Ikzf1","22778","IKAROS family zinc finger 1","Down_in_male"
"ENSMUSG00000055170",63.136745288018,-4.9438944162765,0.851624164608115,-5.80525379825441,6.42685777913774e-09,4.43010971775701e-07,"Ifng","15978","interferon gamma","Down_in_male"
"ENSMUSG00000029798",694.806899776695,-1.78045799674496,0.306692220060572,-5.80535755485847,6.42287898007172e-09,4.43010971775701e-07,"Herc6","67138","hect domain and RLD 6","Down_in_male"
"ENSMUSG00000028459",1205.89880128422,-1.26178221709905,0.217435818423915,-5.80300994677458,6.51349259322363e-09,4.46932663006263e-07,"Cd72","12517","CD72 antigen","Down_in_male"
"ENSMUSG00000025888",435.304670343012,-1.5264748163402,0.263686268082019,-5.78898107756372,7.08146739314763e-09,4.83696411440134e-07,"Casp1","12362","caspase 1","Down_in_male"
"ENSMUSG00000054203",441.871836206032,-1.99550986495365,0.344859715250617,-5.7864394613429,7.18939798319981e-09,4.88846531644993e-07,"Ifi205","226695","interferon activated gene 205","Down_in_male"
"ENSMUSG00000054404",1380.51756485436,-1.40642785830369,0.243365838490906,-5.77906852919393,7.51153282222422e-09,5.0844956630434e-07,"Slfn5","327978","schlafen 5","Down_in_male"
"ENSMUSG00000026011",74.2341061824928,-2.9167629319682,0.505972660907793,-5.76466508434483,8.18201557685794e-09,5.51350439791229e-07,"Ctla4","12477","cytotoxic T-lymphocyte-associated protein 4","Down_in_male"
"ENSMUSG00000030921",1168.04741529592,-1.53682806438099,0.267033440491114,-5.7551895431319,8.65446343906378e-09,5.80583134369694e-07,"Trim30a","20128","tripartite motif-containing 30A","Down_in_male"
"ENSMUSG00000047735",2711.18363799181,-1.30768978309644,0.227372412047209,-5.75131244517445,8.85532843353703e-09,5.91417868314493e-07,"Samd9l","209086","sterile alpha motif domain containing 9-like","Down_in_male"
"ENSMUSG00000026896",1234.6584672101,-1.3753899215244,0.239224852967743,-5.74936050523924,8.95816268700845e-09,5.95638542910071e-07,"Ifih1","71586","interferon induced with helicase C domain 1","Down_in_male"
"ENSMUSG00000024300",1056.56327044035,-0.891016290507055,0.155474971825729,-5.73093070893618,9.98810648851142e-09,6.61195049351811e-07,"Myo1f","17916","myosin IF","Down_in_male"
"ENSMUSG00000029322",518.777246756637,-2.0198987152696,0.352843004781123,-5.72463868604281,1.03654103288836e-08,6.83162372860236e-07,"Plac8","231507","placenta-specific 8","Down_in_male"
"ENSMUSG00000029082",307.381653485163,-1.750658102476,0.305945741950976,-5.72211952129905,1.05203252538668e-08,6.9034466196444e-07,"Bst1","12182","bone marrow stromal cell antigen 1","Down_in_male"
"ENSMUSG00000059498",3351.71295059571,-0.909942645290838,0.159269704515108,-5.71321864419307,1.10859093815971e-08,7.24295479466345e-07,"Fcgr3","14131","Fc receptor, IgG, low affinity III","Down_in_male"
"ENSMUSG00000033355",1055.33072441006,-1.73984946267943,0.3047222571952,-5.709623834812,1.13226147482124e-08,7.33383326816328e-07,"Rtp4","67775","receptor transporter protein 4","Down_in_male"
"ENSMUSG00000033192",1502.23510859988,-1.05194741213546,0.184240164978765,-5.70965300783736,1.13206741849964e-08,7.33383326816328e-07,"Lpcat2","270084","lysophosphatidylcholine acyltransferase 2","Down_in_male"
"ENSMUSG00000049744",291.640153281622,-1.32533291559149,0.232738570528564,-5.69451343016148,1.237242475329e-08,7.97941745784073e-07,"Arhgap15","76117","Rho GTPase activating protein 15","Down_in_male"
"ENSMUSG00000016206",999.765858069393,-1.4817703525255,0.260451033416001,-5.68924735329719,1.27600524070716e-08,8.1942439111566e-07,"H2-M3","14991","histocompatibility 2, M region locus 3","Down_in_male"
"ENSMUSG00000076490",154.822206232162,-3.02897139976123,0.533254957044264,-5.68015610497139,1.34571864317434e-08,8.58169964867512e-07,NA,NA,NA,"Down_in_male"
"ENSMUSG00000031897",2211.03058509577,-1.44540616129805,0.254477545498665,-5.67989666226027,1.34776144079812e-08,8.58169964867512e-07,"Psmb10","19171","proteasome (prosome, macropain) subunit, beta type 10","Down_in_male"
"ENSMUSG00000047180",690.242459488659,-1.20165867181526,0.211715402135634,-5.67582074659559,1.38025255703089e-08,8.71472906491733e-07,"Neurl3","214854","neuralized E3 ubiquitin protein ligase 3","Down_in_male"
"ENSMUSG00000022488",2232.22923926242,-0.696551305859023,0.122713238120966,-5.67625234673042,1.3767763614883e-08,8.71472906491733e-07,"Nckap1l","105855","NCK associated protein 1 like","Down_in_male"
"ENSMUSG00000024397",1676.06193630304,-1.32696564176087,0.233893292304196,-5.67338049196834,1.40006783843224e-08,8.77667651563123e-07,"Aif1","11629","allograft inflammatory factor 1","Down_in_male"
"ENSMUSG00000022587",12659.9552932296,-0.988172585851937,0.174183328087798,-5.67317547953754,1.40174510131862e-08,8.77667651563123e-07,"Ly6e","17069","lymphocyte antigen 6 family member E","Down_in_male"
"ENSMUSG00000037321",4070.45026797294,-2.59741164030635,0.458405048908763,-5.66619335125019,1.4600476466661e-08,9.10379086574751e-07,"Tap1","21354","transporter 1, ATP-binding cassette, sub-family B (MDR/TAP)","Down_in_male"
"ENSMUSG00000061232",33780.5276963128,-2.46505894373902,0.436486936315197,-5.6474976423096,1.62800067694328e-08,1.01090769307548e-06,"H2-K1","14972","histocompatibility 2, K1, K region","Down_in_male"
"ENSMUSG00000039304",303.52142579824,-2.33998707294522,0.414487323996193,-5.64549731071321,1.64704445865689e-08,1.01852415968054e-06,"Tnfsf10","22035","tumor necrosis factor (ligand) superfamily, member 10","Down_in_male"
"ENSMUSG00000105504",2467.99152992265,-3.30734559462947,0.586712425303691,-5.63708122069775,1.729565509442e-08,1.06517134878627e-06,"Gbp5","229898","guanylate binding protein 5","Down_in_male"
"ENSMUSG00000027962",6134.01463778046,-1.01178881315662,0.179612373945025,-5.63317989141607,1.7691674467867e-08,1.08511343766791e-06,"Vcam1","22329","vascular cell adhesion molecule 1","Down_in_male"
"ENSMUSG00000027366",4364.39750286222,-0.662449518219611,0.117743421580159,-5.62621256737151,1.84209327561987e-08,1.12524941677804e-06,"Sppl2a","66552","signal peptide peptidase like 2A","Down_in_male"
"ENSMUSG00000050921",95.4513678211694,-2.28135043975665,0.407744053253635,-5.59505508799548,2.20551729383915e-08,1.34179386131663e-06,"P2ry10","78826","purinergic receptor P2Y, G-protein coupled 10","Down_in_male"
"ENSMUSG00000028874",480.504218226715,-1.17665195671367,0.210575712849834,-5.58778569849965,2.2998320191857e-08,1.39353128033482e-06,"Fgr","14191","FGR proto-oncogene, Src family tyrosine kinase","Down_in_male"
"ENSMUSG00000032690",217.833039237569,-1.87658564178767,0.336160747801491,-5.58240560226214,2.37214367682426e-08,1.43157441894129e-06,"Oas2","246728","2'-5' oligoadenylate synthetase 2","Down_in_male"
"ENSMUSG00000066677",171.919804005253,-2.06582595453345,0.370410619630234,-5.57712399443537,2.44527577553971e-08,1.46980636316141e-06,"Ifi208","100033459","interferon activated gene 208","Down_in_male"
"ENSMUSG00000040483",2764.15387575422,-1.38852408566598,0.249164502170568,-5.57272032560822,2.50792010517754e-08,1.5014547976296e-06,"Xaf1","327959","XIAP associated factor 1","Down_in_male"
"ENSMUSG00000021379",797.547911797402,-0.961751182117986,0.172646533491258,-5.57063708531792,2.53809521899897e-08,1.51349035142451e-06,"Id4","15904","inhibitor of DNA binding 4","Down_in_male"
"ENSMUSG00000064065",83.8369896337415,-2.48094089242946,0.4460620352672,-5.56187412574425,2.66892777247995e-08,1.58521650739353e-06,"Ipcef1","320495","interaction protein for cytohesin exchange factors 1","Down_in_male"
"ENSMUSG00000015355",496.40543546365,-1.10889044438494,0.199440437743109,-5.56000807525929,2.69762168315279e-08,1.5959512217613e-06,"Cd48","12506","CD48 antigen","Down_in_male"
"ENSMUSG00000025877",703.441546117484,-1.94263791412625,0.350090427418929,-5.54896038845882,2.87373272656712e-08,1.69347379145585e-06,"Hk3","212032","hexokinase 3","Down_in_male"
"ENSMUSG00000058715",2937.54534419513,-0.865361835230583,0.156415625194007,-5.53245134018581,3.15786063245497e-08,1.85363952046488e-06,"Fcer1g","14127","Fc receptor, IgE, high affinity I, gamma polypeptide","Down_in_male"
"ENSMUSG00000022057",65.8911535585549,-3.64014590982451,0.658535392911467,-5.52763898342802,3.2456908078051e-08,1.89778193653258e-06,"Adamdec1","58860","ADAM-like, decysin 1","Down_in_male"
"ENSMUSG00000026009",63.2557211571657,-2.7737596539604,0.504891741760731,-5.49377108900087,3.93440405511943e-08,2.29156161768526e-06,"Icos","54167","inducible T cell co-stimulator","Down_in_male"
"ENSMUSG00000031497",285.321414791251,-1.7983593490988,0.327703693655051,-5.48776038817492,4.07061713499046e-08,2.36174377171821e-06,"Tnfsf13b","24099","tumor necrosis factor (ligand) superfamily, member 13b","Down_in_male"
"ENSMUSG00000055413",160.458550307867,-2.44393317829252,0.445528787573053,-5.48546636370111,4.12380021450581e-08,2.3833979162838e-06,"H2-Q5","15016","histocompatibility 2, Q region locus 5","Down_in_male"
"ENSMUSG00000089809",263.245965466269,-1.40699380003218,0.257222449829016,-5.46994945801758,4.50163933579909e-08,2.59180591184111e-06,"A930011G23Rik","319818","RIKEN cDNA A930011G23 gene","Down_in_male"
"ENSMUSG00000079491",286.018882949412,-2.43874844544313,0.44590131618107,-5.46925599217746,4.51928622798673e-08,2.59203489114338e-06,"H2-T10","15024","histocompatibility 2, T region locus 10","Down_in_male"
"ENSMUSG00000029915",903.102464384613,-0.99362534054396,0.181862789333733,-5.46359892633439,4.66577058941008e-08,2.66587584209374e-06,"Clec5a","23845","C-type lectin domain family 5, member a","Down_in_male"
"ENSMUSG00000027995",914.582619121497,-1.0711207313082,0.196305659993689,-5.45639250209411,4.85905215572897e-08,2.76579457364164e-06,"Tlr2","24088","toll-like receptor 2","Down_in_male"
"ENSMUSG00000003283",953.013739789365,-1.08591451410956,0.199047746564683,-5.45554789165461,4.88220702456999e-08,2.7684877342722e-06,"Hck","15162","Hck proto-oncogene, Src family tyrosine kinase","Down_in_male"
"ENSMUSG00000036526",95.75232481668,-2.17896768637049,0.400027702127435,-5.4470419792986,5.12143792951212e-08,2.89032915678633e-06,"Card11","108723","caspase recruitment domain family, member 11","Down_in_male"
"ENSMUSG00000030156",131.208960063106,-2.03527853623403,0.373681975218964,-5.44655260677595,5.13554192361716e-08,2.89032915678633e-06,"Cd69","12515","CD69 antigen","Down_in_male"
"ENSMUSG00000051735",291.162125128482,-1.28119400476553,0.235295792839854,-5.44503575394365,5.17949808014038e-08,2.90419095709961e-06,"Rinl","320435","Ras and Rab interactor-like","Down_in_male"
"ENSMUSG00000079227",2677.00345169207,-1.22224184949825,0.224587847143757,-5.44215488523698,5.26398748784698e-08,2.94059256430768e-06,"Ccr5","12774","C-C motif chemokine receptor 5","Down_in_male"
"ENSMUSG00000052160",1877.70264420765,-1.03551741683157,0.190724170113727,-5.42939794266296,5.65444766558928e-08,3.14701426188186e-06,"Pld4","104759","phospholipase D family member 4","Down_in_male"
"ENSMUSG00000068245",614.792155541722,-1.54797903578541,0.285683861164555,-5.41850361961386,6.00999227372624e-08,3.33255180432783e-06,"Phf11d","219132","PHD finger protein 11D","Down_in_male"
"ENSMUSG00000005763",60.0722039073423,-2.93918905174464,0.54272893818917,-5.4155745988989,6.10921938816353e-08,3.37511910830637e-06,"Cd247","12503","CD247 antigen","Down_in_male"
"ENSMUSG00000049625",1004.65505628895,-0.935851338896601,0.172877420370803,-5.41338097762741,6.18457089598645e-08,3.40423248549408e-06,"Tifab","212937","TRAF-interacting protein with forkhead-associated domain, family member B","Down_in_male"
"ENSMUSG00000052142",215.388481453262,-1.52542458748053,0.282138060209868,-5.40666008104629,6.42108387737318e-08,3.52151924909806e-06,"Rasal3","320484","RAS protein activator like 3","Down_in_male"
"ENSMUSG00000034459",1153.42335999275,-1.52767155066474,0.282664335095809,-5.40454298964507,6.49738394680005e-08,3.5504068570387e-06,"Ifit1","15957","interferon-induced protein with tetratricopeptide repeats 1","Down_in_male"
"ENSMUSG00000079057",563.030474865035,-1.01159918717381,0.18766950626789,-5.39032263307494,7.03313009060434e-08,3.82923354606926e-06,"Cyp4v3","102294","cytochrome P450, family 4, subfamily v, polypeptide 3","Down_in_male"
"ENSMUSG00000020638",476.477104191291,-1.99193575162497,0.370019100543487,-5.38333223527974,7.31193965891713e-08,3.96666127272735e-06,"Cmpk2","22169","cytidine/uridine monophosphate kinase 2","Down_in_male"
"ENSMUSG00000021880",133.471806604737,-1.92963915212071,0.359724888628433,-5.36420807433727,8.13051368701643e-08,4.39486435880561e-06,"Rnase6","78416","ribonuclease, RNase A family, 6","Down_in_male"
"ENSMUSG00000042349",419.629741546168,-1.17278347149414,0.218720200675188,-5.36202631432197,8.22935481321414e-08,4.43234819993437e-06,"Ikbke","56489","inhibitor of kappaB kinase epsilon","Down_in_male"
"ENSMUSG00000028268",5805.22759542629,-2.87959522982213,0.538929209234274,-5.34317899360761,9.13304969335334e-08,4.90151206221502e-06,"Gbp3","55932","guanylate binding protein 3","Down_in_male"
"ENSMUSG00000026770",109.152694242887,-2.27880816415555,0.427430770298478,-5.33140878595204,9.74537677114866e-08,5.2115223039164e-06,"Il2ra","16184","interleukin 2 receptor, alpha chain","Down_in_male"
"ENSMUSG00000021948",2227.70691411132,-0.801674948865107,0.15053218025715,-5.32560511311023,1.00617509570167e-07,5.36162878124433e-06,"Prkcd","18753","protein kinase C, delta","Down_in_male"
"ENSMUSG00000057143",564.322614768032,-1.21923236872257,0.230240078016226,-5.29548278139761,1.1870237924371e-07,6.30297050493013e-06,"Trim12c","319236","tripartite motif-containing 12C","Down_in_male"
"ENSMUSG00000095609",240.838571187669,-1.55067183885415,0.29358454810446,-5.28185781188458,1.27880432855624e-07,6.76640586099107e-06,"Anxa2r1","100861753","annexin A2 receptor 1","Down_in_male"
"ENSMUSG00000026285",131.270548534702,-3.18234169263031,0.60338960138599,-5.27410761690366,1.334036121601e-07,7.03388098220992e-06,"Pdcd1","18566","programmed cell death 1","Down_in_male"
"ENSMUSG00000021298",178.62989703572,-2.00597996791777,0.380584524544331,-5.27078700932338,1.35840030226245e-07,7.13730116856567e-06,"Gpr132","56696","G protein-coupled receptor 132","Down_in_male"
"ENSMUSG00000004207",47477.4272918415,-0.700427495751127,0.132912414515359,-5.26984253732134,1.36540840597677e-07,7.14912617303589e-06,"Psap","19156","prosaposin","Down_in_male"
"ENSMUSG00000024669",60.0499518035808,-2.9776401950423,0.565273028479192,-5.26761413516107,1.38208232065762e-07,7.21130244184793e-06,"Cd5","12507","CD5 antigen","Down_in_male"
"ENSMUSG00000048120",1381.15714627465,-0.810779362735739,0.154523557551597,-5.24696282937321,1.54627080695215e-07,8.04007315434948e-06,"Entpd1","12495","ectonucleoside triphosphate diphosphohydrolase 1","Down_in_male"
"ENSMUSG00000032021",52.3673518545181,-2.97835278078005,0.568770219193037,-5.23647807194564,1.63669677214551e-07,8.48091117070018e-06,"Crtam","54698","cytotoxic and regulatory T cell molecule","Down_in_male"
"ENSMUSG00000070034",388.387047438477,-1.28401474381041,0.246214541352792,-5.21502400611908,1.83793431195077e-07,9.49094120470249e-06,"Sp110","109032","Sp110 nuclear body protein","Down_in_male"
"ENSMUSG00000038156",647.905541965272,-1.42953179233373,0.274297865744442,-5.21160377407236,1.87215069611652e-07,9.63452346251471e-06,"Spon1","233744","spondin 1, (f-spondin) extracellular matrix protein","Down_in_male"
"ENSMUSG00000059326",926.326747036199,-1.01891959869414,0.195885892859751,-5.20159764349982,1.9758261834865e-07,1.01333583819972e-05,"Csf2ra","12982","colony stimulating factor 2 receptor, alpha, low-affinity (granulocyte-macrophage)","Down_in_male"
"ENSMUSG00000041827",385.250186534871,-1.54403212732467,0.297521839313675,-5.18964298851626,2.10697656162588e-07,1.07692302012082e-05,"Oasl1","231655","2'-5' oligoadenylate synthetase-like 1","Down_in_male"
"ENSMUSG00000036887",11408.9061104151,-0.670325661173778,0.129306947882563,-5.18398796159482,2.17190958293184e-07,1.10634865432938e-05,"C1qa","12259","complement component 1, q subcomponent, alpha polypeptide","Down_in_male"
"ENSMUSG00000054072",9237.32463874697,-3.7427586389714,0.723500359036739,-5.17312616672986,2.30209453499991e-07,1.16870184383255e-05,"Iigp1","60440","interferon inducible GTPase 1","Down_in_male"
"ENSMUSG00000053310",73.5000146862777,-2.54590358328273,0.492986991812573,-5.16424089390708,2.41416629001196e-07,1.22147060067373e-05,"Nrgn","64011","neurogranin","Down_in_male"
"ENSMUSG00000082292",860.189017087404,-3.17807855801156,0.616719281109648,-5.15320123005288,2.56076917241843e-07,1.2869792091616e-05,NA,NA,NA,"Down_in_male"
"ENSMUSG00000021451",1100.25091624301,-1.2526804024032,0.243083406496041,-5.15329458501561,2.55949413431702e-07,1.2869792091616e-05,"Sema4d","20354","sema domain, immunoglobulin domain (Ig), transmembrane domain (TM) and short cytoplasmic domain, (semaphorin) 4D","Down_in_male"
"ENSMUSG00000058818",594.54733143064,-0.926333107636174,0.179829194479676,-5.15118310081106,2.58848316804795e-07,1.29657121887522e-05,"Pirb","18733","paired Ig-like receptor B","Down_in_male"
"ENSMUSG00000022906",2021.95239125594,-1.2872563089574,0.250437021555878,-5.14004000271257,2.74679984104329e-07,1.37130103692218e-05,"Parp9","80285","poly (ADP-ribose) polymerase family, member 9","Down_in_male"
"ENSMUSG00000063611",298.669978267561,-1.73811474622982,0.338193837349642,-5.13940395795229,2.75611317720523e-07,1.37139446072394e-05,NA,NA,NA,"Down_in_male"
"ENSMUSG00000039158",447.098268029404,-1.02171006341977,0.198906205580181,-5.13664247145828,2.79690331007843e-07,1.38709788912701e-05,"Akna","100182","AT-hook transcription factor","Down_in_male"
"ENSMUSG00000026271",371.686289503953,-1.19187374037031,0.232615101123832,-5.12380208598676,2.99435288467254e-07,1.48013621045968e-05,"Gpr35","64095","G protein-coupled receptor 35","Down_in_male"
"ENSMUSG00000032596",604.765489998742,-1.30206928167151,0.254263662120266,-5.12094127337642,3.04014320885974e-07,1.49784367211591e-05,"Uba7","74153","ubiquitin-like modifier activating enzyme 7","Down_in_male"
"ENSMUSG00000031101",390.159370797283,-1.13731136682757,0.222321113994552,-5.11562463138542,3.12704387374621e-07,1.53562380035243e-05,"Sash3","74131","SAM and SH3 domain containing 3","Down_in_male"
"ENSMUSG00000039934",847.408844987777,-0.802261862995073,0.156896295949445,-5.11332570434664,3.1653582132693e-07,1.54937582641035e-05,"Gsap","212167","gamma-secretase activating protein","Down_in_male"
"ENSMUSG00000021624",550.795021795796,-1.24431927274964,0.243541342064405,-5.10927328478206,3.23400294270964e-07,1.57783643571746e-05,"Cd180","17079","CD180 antigen","Down_in_male"
"ENSMUSG00000034987",95.584245358064,-2.10024093261899,0.411458440457584,-5.1043816971729,3.31877811379855e-07,1.61395724000164e-05,"Hrh2","15466","histamine receptor H2","Down_in_male"
"ENSMUSG00000069045",931.934980751996,0.814459279198857,0.159779728133891,5.09738806487619,3.44371916850204e-07,1.66931509500259e-05,"Ddx3y","26900","DEAD box helicase 3, Y-linked","Up_in_male"
"ENSMUSG00000030707",3000.41755151569,-0.768829911154706,0.151805000276472,-5.06458884591741,4.09282724874811e-07,1.97758569347067e-05,"Coro1a","12721","coronin, actin binding protein 1A","Down_in_male"
"ENSMUSG00000042717",325.066165230119,24.2084607955094,4.78489681044819,5.05934856163425,4.20691234662165e-07,2.02619461002191e-05,"Ppp1r3a","140491","protein phosphatase 1, regulatory subunit 3A","Up_in_male"
"ENSMUSG00000042726",2092.57858404804,-1.06511630530594,0.210687590554014,-5.05542971232983,4.29422764175223e-07,2.06164085535498e-05,"Trafd1","231712","TRAF type zinc finger domain containing 1","Down_in_male"
"ENSMUSG00000062077",281.901641650382,24.1833594306283,4.78492139105309,5.05407664080891,4.32477928710538e-07,2.06969612571123e-05,"Trim54","58522","tripartite motif-containing 54","Up_in_male"
"ENSMUSG00000068614",339.720787433116,24.1426978104759,4.78488990935887,5.04561197181457,4.52072048354663e-07,2.15659894305572e-05,"Actc1","11464","actin, alpha, cardiac muscle 1","Up_in_male"
"ENSMUSG00000028859",313.47452037439,-1.40940209795404,0.279418350901101,-5.04405703279271,4.55763354710357e-07,2.16732782633941e-05,"Csf3r","12986","colony stimulating factor 3 receptor","Down_in_male"
"ENSMUSG00000002699",894.968191355322,-0.968721651273151,0.192530417753325,-5.03152521340448,4.86593100263758e-07,2.30663549453107e-05,"Lcp2","16822","lymphocyte cytosolic protein 2","Down_in_male"
"ENSMUSG00000073412",310.708409228473,-1.17213137542289,0.232986300704788,-5.03090255468744,4.88176234076686e-07,2.30686297782087e-05,"Lst1","16988","leukocyte specific transcript 1","Down_in_male"
"ENSMUSG00000022216",3791.97760031157,-0.791843466143835,0.157696936318704,-5.02129898417004,5.13231973584074e-07,2.41766045988962e-05,"Psme1","19186","proteasome (prosome, macropain) activator subunit 1 (PA28 alpha)","Down_in_male"
"ENSMUSG00000057135",190.030047855607,-1.61895719209287,0.322658993798545,-5.01754862938573,5.23349570260766e-07,2.44996074526745e-05,"Scimp","327957","SLP adaptor and CSK interacting membrane protein","Down_in_male"
"ENSMUSG00000079186",687.177638942912,-0.924971886800682,0.184343579169614,-5.01765177266966,5.23068759089526e-07,2.44996074526745e-05,"Gzmc","14940","granzyme C","Down_in_male"
"ENSMUSG00000044827",437.936285176461,-1.29011473173195,0.257206552495817,-5.01587039370987,5.27939101665746e-07,2.4637704598544e-05,"Tlr1","21897","toll-like receptor 1","Down_in_male"
"ENSMUSG00000030966",321.461577919387,-1.49875019316928,0.298983534767505,-5.01281849629189,5.3638488218667e-07,2.49543517790065e-05,"Trim21","20821","tripartite motif-containing 21","Down_in_male"
"ENSMUSG00000023349",1915.64147814807,-0.759524228976679,0.152061571818337,-4.99484662623413,5.88825439867951e-07,2.73095058175793e-05,"Clec4n","56620","C-type lectin domain family 4, member n","Down_in_male"
"ENSMUSG00000040552",1534.85084256103,-0.694684738471293,0.139577518445769,-4.97705322609819,6.45595734732518e-07,2.98503603256171e-05,"C3ar1","12267","complement component 3a receptor 1","Down_in_male"
"ENSMUSG00000079278",229.145001719592,23.8035962384916,4.78496413759514,4.97466554690939,6.53603873539846e-07,3.01279306984149e-05,"Tmem233","545798","transmembrane protein 233","Up_in_male"
"ENSMUSG00000030577",104.532407476041,-1.94016673434949,0.391394124015498,-4.95706658660175,7.15654551998136e-07,3.28872812014556e-05,"Cd22","12483","CD22 antigen","Down_in_male"
"ENSMUSG00000073411",38778.5129155794,-2.18519465029678,0.441801785902585,-4.94609736769739,7.57160973097372e-07,3.46885912888238e-05,"H2-D1","14964","histocompatibility 2, D region locus 1","Down_in_male"
"ENSMUSG00000022439",481.660769439976,-1.03975802604632,0.210454430595227,-4.9405375933668,7.79074695909683e-07,3.55840591350602e-05,"Parvg","64099","parvin, gamma","Down_in_male"
"ENSMUSG00000105096",104.517370338488,-3.49351338237733,0.70820955363426,-4.93288090290502,8.10255636469538e-07,3.68960953006901e-05,"Gbp10","626578","guanylate-binding protein 10","Down_in_male"
"ENSMUSG00000052776",578.799470547531,-1.37296213796308,0.278864378968814,-4.92340449877474,8.50513929854342e-07,3.86123046039915e-05,"Oas1a","246730","2'-5' oligoadenylate synthetase 1A","Down_in_male"
"ENSMUSG00000026832",383.607630149818,-1.17638589640924,0.239069515885469,-4.92068548368506,8.62416241385758e-07,3.90347254798307e-05,"Cytip","227929","cytohesin 1 interacting protein","Down_in_male"
"ENSMUSG00000055489",175.855466435966,23.5257755757275,4.78503322107937,4.91653338415502,8.80901814583799e-07,3.97516863896419e-05,"Ano5","233246","anoctamin 5","Up_in_male"
"ENSMUSG00000020176",1196.0683428827,0.835254570438557,0.16996981440259,4.91413474430334,8.9175406124704e-07,4.01209229890996e-05,"Grb10","14783","growth factor receptor bound protein 10","Up_in_male"
"ENSMUSG00000049173",168.12848381984,23.4628076419719,4.78504687989361,4.90336003614944,9.4211077753369e-07,4.22599959820859e-05,"Myoz3","170947","myozenin 3","Up_in_male"
"ENSMUSG00000033450",223.679840300102,-1.34650845756936,0.274851906317559,-4.89903263037087,9.6309650694531e-07,4.29449590797245e-05,"Tagap","72536","T cell activation Rho GTPase activating protein","Down_in_male"
"ENSMUSG00000069793",1251.89583195558,-0.930344410326552,0.189893601856109,-4.89929308430053,9.6182081130244e-07,4.29449590797245e-05,"Slfn9","237886","schlafen 9","Down_in_male"
"ENSMUSG00000024737",844.329774471923,-1.32615093692374,0.271153749198225,-4.89077116154592,1.00441683603962e-06,4.46549461395484e-05,"Slc15a3","65221","solute carrier family 15, member 3","Down_in_male"
"ENSMUSG00000057596",700.872871964324,-1.26581185581125,0.258923968260896,-4.88873959530775,1.01483630796519e-06,4.49850890849348e-05,"Trim30d","209387","tripartite motif-containing 30D","Down_in_male"
"ENSMUSG00000024798",115.20428303414,-1.90317313410583,0.38947698239219,-4.88648423436074,1.02652543348403e-06,4.53694049675426e-05,"Htr7","15566","5-hydroxytryptamine (serotonin) receptor 7","Down_in_male"
"ENSMUSG00000069874",2129.85312662687,-2.51283796207696,0.514969597828634,-4.87958507195827,1.06309260233639e-06,4.68477786959207e-05,"Irgm2","54396","immunity-related GTPase family M member 2","Down_in_male"
"ENSMUSG00000043953",189.521628766648,-1.86221363409264,0.381934605039418,-4.87573948398953,1.08401593871564e-06,4.76301389212863e-05,"Ccrl2","54199","C-C motif chemokine receptor-like 2","Down_in_male"
"ENSMUSG00000017830",478.928904268834,-1.5216543743923,0.312418568336236,-4.87056317585655,1.11280612990647e-06,4.87525880877682e-05,"Dhx58","80861","DExH-box helicase 58","Down_in_male"
"ENSMUSG00000036896",8175.62009451066,-0.643254983357152,0.132235355145813,-4.86447049389967,1.14763625258879e-06,5.0132354557127e-05,"C1qc","12262","complement component 1, q subcomponent, C chain","Down_in_male"
"ENSMUSG00000028834",196.63838519658,23.2321644973352,4.78500168141481,4.85520508541723,1.20262213037666e-06,5.23820369657102e-05,"Trim63","433766","tripartite motif-containing 63","Up_in_male"
"ENSMUSG00000040747",2023.05299720053,-0.662958191062901,0.136761989342322,-4.84753252165326,1.2500654470619e-06,5.42911372051999e-05,"Cd53","12508","CD53 antigen","Down_in_male"
"ENSMUSG00000038608",927.505971183462,-1.07534051949872,0.222321644201854,-4.83686832813445,1.31900739527743e-06,5.71202424462071e-05,"Dock10","210293","dedicator of cytokinesis 10","Down_in_male"
"ENSMUSG00000096727",1800.16086497009,-2.52820086591086,0.523760249543916,-4.82701936260415,1.38591651603652e-06,5.98453088691977e-05,"Psmb9","16912","proteasome (prosome, macropain) subunit, beta type 9 (large multifunctional peptidase 2)","Down_in_male"
"ENSMUSG00000047798",358.37309891833,-1.48803260144416,0.308541937005965,-4.82278881076511,1.41564835647036e-06,6.0954005308539e-05,"Cd300lf","246746","CD300 molecule like family member F","Down_in_male"
"ENSMUSG00000015314",157.39977253742,-1.6111361788034,0.334132271818455,-4.82185144833536,1.42231855104179e-06,6.10662310471573e-05,"Slamf6","30925","SLAM family member 6","Down_in_male"
"ENSMUSG00000098557",2771.97126243815,-0.580411755082987,0.120584396734022,-4.81332386944907,1.48440430501759e-06,6.35502663575478e-05,"Kctd12","239217","potassium channel tetramerisation domain containing 12","Down_in_male"
"ENSMUSG00000020644",1114.65925587581,-0.948711740293752,0.197130769471573,-4.8126010101663,1.4897853105518e-06,6.35994427888122e-05,"Id2","15902","inhibitor of DNA binding 2","Down_in_male"
"ENSMUSG00000021886",410.493635214436,-1.21781977402759,0.253159982229759,-4.81047503361861,1.50572011311205e-06,6.4097609461005e-05,"Gpr65","14744","G-protein coupled receptor 65","Down_in_male"
"ENSMUSG00000070000",90.0919112248347,-2.03413788934869,0.423298717606808,-4.80544307067368,1.54409171188231e-06,6.53607497308606e-05,"Fcho1","74015","FCH domain only 1","Down_in_male"
"ENSMUSG00000062082",147.41344727918,-2.02322026397677,0.420978966477727,-4.80598895689438,1.53988398922366e-06,6.53607497308606e-05,"Cd200r4","239849","CD200 receptor 4","Down_in_male"
"ENSMUSG00000041362",316.519778414159,-1.39980732131258,0.291755183069207,-4.79788330266111,1.60351151460205e-06,6.76853020503513e-05,"Shtn1","71653","shootin 1","Down_in_male"
"ENSMUSG00000032076",328.82099894981,-1.47451642890141,0.307907330431769,-4.78883184376851,1.67754975785094e-06,7.06121574544149e-05,"Cadm1","54725","cell adhesion molecule 1","Down_in_male"
"ENSMUSG00000044811",851.899956058283,-1.01423151005933,0.212006562434794,-4.78396280950629,1.71872498437463e-06,7.21432411737363e-05,"Cd300c2","140497","CD300C molecule 2","Down_in_male"
"ENSMUSG00000037921",308.721482298168,-1.51569682794086,0.317300726273377,-4.77684638715569,1.78065694508998e-06,7.45346292865379e-05,"Ddx60","234311","DExD/H box helicase 60","Down_in_male"
"ENSMUSG00000036381",202.642555388188,-1.76356601832767,0.369340465327113,-4.77490603897338,1.7979117949918e-06,7.50478348426161e-05,"P2ry14","140795","purinergic receptor P2Y, G-protein coupled, 14","Down_in_male"
"ENSMUSG00000015950",1322.15292631321,-0.744629787644087,0.156024117263156,-4.77253004667328,1.81925956991179e-06,7.57285694101511e-05,"Ncf1","17969","neutrophil cytosolic factor 1","Down_in_male"
"ENSMUSG00000050014",125.351450657316,-2.60045845846782,0.545117321904472,-4.77045647601624,1.83808900251836e-06,7.63010039802306e-05,"Apol10b","328561","apolipoprotein L 10B","Down_in_male"
"ENSMUSG00000037548",198.03366075129,-1.53341671674901,0.321612390415532,-4.76790311084656,1.86153264444512e-06,7.70612976531041e-05,"H2-DMb2","15000","histocompatibility 2, class II, locus Mb2","Down_in_male"
"ENSMUSG00000003882",98.1871555371358,-2.29316743473741,0.481128021159524,-4.76623130203652,1.87703765169307e-06,7.74896834944829e-05,"Il7r","16197","interleukin 7 receptor","Down_in_male"
"ENSMUSG00000071715",742.767616795344,-0.768894891231077,0.161442892385979,-4.76264318526205,1.91073527167388e-06,7.8664709390256e-05,"Ncf4","17972","neutrophil cytosolic factor 4","Down_in_male"
"ENSMUSG00000047415",76.4303179650624,-2.26758240337728,0.476697040454073,-4.75686276805352,1.96624737172841e-06,8.0728959713013e-05,"Gpr68","238377","G protein-coupled receptor 68","Down_in_male"
"ENSMUSG00000046080",77.3853336779151,-2.29142510972173,0.48177982152946,-4.75616662907832,1.973036330901e-06,8.07869671510883e-05,"Clec9a","232414","C-type lectin domain family 9, member a","Down_in_male"
"ENSMUSG00000096146",96.4540588633632,22.6910218680603,4.78527789195361,4.74183994752216,2.11785914870003e-06,8.64811669225959e-05,"Kcnj11","16514","potassium inwardly rectifying channel, subfamily J, member 11","Up_in_male"
"ENSMUSG00000029771",843.816817797302,-1.00141614387027,0.211328236920004,-4.73867647061923,2.15118641674365e-06,8.76040061908045e-05,"Irf5","27056","interferon regulatory factor 5","Down_in_male"
"ENSMUSG00000038235",807.875380978847,-0.738338072579586,0.156050772955573,-4.7313964461412,2.22980558973432e-06,9.05602394511829e-05,"F11r","16456","F11 receptor","Down_in_male"
"ENSMUSG00000028396",91.924448364255,22.623464643743,4.7853045920902,4.72769584639151,2.27081997742523e-06,9.19773902985686e-05,"2310002L09Rik","71886","RIKEN cDNA 2310002L09 gene","Up_in_male"
"ENSMUSG00000033576",929.980086682805,-3.90616781843469,0.827105143979319,-4.72269801109152,2.32736308273354e-06,9.40142071081637e-05,"Apol6","71939","apolipoprotein L 6","Down_in_male"
"ENSMUSG00000034116",956.525792468935,-0.901553067903174,0.190941144381436,-4.72162807457662,2.33964229329999e-06,9.42568491727051e-05,"Vav1","22324","vav guanine nucleotide exchange factor 1","Down_in_male"
"ENSMUSG00000002668",150.966888754959,-1.50294452464803,0.318459285924735,-4.71942440077957,2.36512921400044e-06,9.50288681785685e-05,"Dennd1c","70785","DENN domain containing 1C","Down_in_male"
"ENSMUSG00000031165",523.818872825269,-0.859409710840032,0.183244562892562,-4.68996022186978,2.73258165795598e-06,0.000109500012197612,"Was","22376","Wiskott-Aldrich syndrome","Down_in_male"
"ENSMUSG00000025076",657.860698469739,-0.970562644611454,0.207019116718713,-4.68827545974996,2.75516997897545e-06,0.000110111540622511,"Casp7","12369","caspase 7","Down_in_male"
"ENSMUSG00000024013",439.685094086566,-1.07554369992623,0.230183787441416,-4.67254323982295,2.97492860387412e-06,0.000118578918117815,"Fgd2","26382","FYVE, RhoGEF and PH domain containing 2","Down_in_male"
"ENSMUSG00000039981",89.5401060835706,-2.02335139678381,0.436361449247426,-4.63687019161156,3.53724396996993e-06,0.000140619484488725,"Zc3h12d","237256","zinc finger CCCH type containing 12D","Down_in_male"
"ENSMUSG00000050241",59.7266371468162,-2.54543041544713,0.549031854440489,-4.63621626843699,3.54844703723856e-06,0.000140692648096527,"Klre1","243655","killer cell lectin-like receptor family E member 1","Down_in_male"
"ENSMUSG00000073489",2495.48769426712,-1.24627127006475,0.268920848476698,-4.63434232460687,3.58074035519851e-06,0.000141599435046232,"Ifi204","15951","interferon activated gene 204","Down_in_male"
"ENSMUSG00000020100",1060.46075395588,-0.911417554005598,0.197257115834585,-4.62045462922559,3.82900073919237e-06,0.000151019407107201,"Slc29a3","71279","solute carrier family 29 (nucleoside transporters), member 3","Down_in_male"
"ENSMUSG00000000386",342.326473940321,-1.70233156878485,0.368546852966204,-4.61903705074087,3.8552501939856e-06,0.000151656661426758,"Mx1","17857","MX dynamin-like GTPase 1","Down_in_male"
"ENSMUSG00000013974",75.4134665461892,-2.05907923708666,0.44677025448134,-4.60881004595318,4.04980115017727e-06,0.000158893895257738,"Mcemp1","69189","mast cell expressed membrane protein 1","Down_in_male"
"ENSMUSG00000038507",2558.27216651844,-1.12590854402614,0.244339983522563,-4.60795866396616,4.06641476039886e-06,0.000159130246365921,"Parp12","243771","poly (ADP-ribose) polymerase family, member 12","Down_in_male"
"ENSMUSG00000090231",97.2194138169455,-2.40851708763269,0.522750693056278,-4.60739147671181,4.07751891053299e-06,0.000159150329009297,"Cfb","14962","complement factor B","Down_in_male"
"ENSMUSG00000039109",1237.58473730226,1.49935673118631,0.325630277146992,4.60447580096946,4.13506094019453e-06,0.000160978136653635,"F13a1","74145","coagulation factor XIII, A1 subunit","Up_in_male"
"ENSMUSG00000095028",152.359848737959,-1.53746861628591,0.334355322700412,-4.59830758448403,4.25936841893929e-06,0.000165388964422224,"Sirpb1b","668101","signal-regulatory protein beta 1B","Down_in_male"
"ENSMUSG00000037860",217.159485689424,-1.2153315856464,0.264554376311062,-4.59388199353549,4.35075473848505e-06,0.000168502039833028,"Aim2","383619","absent in melanoma 2","Down_in_male"
"ENSMUSG00000020702",37.8182172669538,-3.65452604172818,0.795767628325776,-4.59245376620431,4.38064579653686e-06,0.000169223558829202,"Ccl1","20290","C-C motif chemokine ligand 1","Down_in_male"
"ENSMUSG00000038058",656.891566434077,-1.35783543934176,0.295726978939851,-4.59151696003338,4.40035875624762e-06,0.000169549207769572,"Nod1","107607","nucleotide-binding oligomerization domain containing 1","Down_in_male"
"ENSMUSG00000045322",204.70846988499,-1.44261502715012,0.314299441076557,-4.5899382519065,4.43377152701748e-06,0.000170399705208419,"Tlr9","81897","toll-like receptor 9","Down_in_male"
"ENSMUSG00000031444",94.0384440096644,-2.2922914326582,0.500081796666514,-4.58383298080103,4.56528943350168e-06,0.000175006643666402,"F10","14058","coagulation factor X","Down_in_male"
"ENSMUSG00000039936",759.277704549712,-0.981987317853767,0.214492136253927,-4.57819729433456,4.69000239270781e-06,0.000179329938817354,"Pik3cd","18707","phosphatidylinositol-4,5-bisphosphate 3-kinase catalytic subunit delta","Down_in_male"
"ENSMUSG00000079197",941.268330986912,-1.15067595268063,0.25150615964332,-4.5751402443284,4.75901083580289e-06,0.000181506740684289,"Psme2","19188","proteasome (prosome, macropain) activator subunit 2 (PA28 beta)","Down_in_male"
"ENSMUSG00000048534",238.403036191473,-2.22907832017964,0.487450938555253,-4.57292856340858,4.80954151827e-06,0.000182969570620363,"Jaml","270152","junction adhesion molecule like","Down_in_male"
"ENSMUSG00000097194",51.5423910058923,-2.57733270044519,0.563720624900595,-4.57200355388747,4.83082743649488e-06,0.000183315262343961,NA,NA,NA,"Down_in_male"
"ENSMUSG00000030336",45.9471500772002,-2.99892603542039,0.657044990148053,-4.56426284407805,5.01252466735286e-06,0.000189731002963001,"Cd27","21940","CD27 antigen","Down_in_male"
"ENSMUSG00000024371",417.765139431351,-1.8511663238776,0.405926715618861,-4.56034612320448,5.10693736394108e-06,0.000192818964241062,"C2","12263","complement C2","Down_in_male"
"ENSMUSG00000049313",554.284842791353,-0.841432365579718,0.184593427039452,-4.55830079691779,5.15691445780963e-06,0.000194217928715552,"Sorl1","20660","sortilin-related receptor, LDLR class A repeats-containing","Down_in_male"
"ENSMUSG00000036905",9480.50377837458,-0.673733141651981,0.148142561635728,-4.54787020160109,5.41915395805811e-06,0.000203584066319348,"C1qb","12260","complement component 1, q subcomponent, beta polypeptide","Down_in_male"
"ENSMUSG00000037820",5619.02053122735,-0.912945767516741,0.201270322315476,-4.53591844547139,5.73533413473322e-06,0.000214924852974155,"Tgm2","21817","transglutaminase 2, C polypeptide","Down_in_male"
"ENSMUSG00000033213",1751.92508027179,-0.988250451698228,0.218171275199008,-4.52970012114007,5.90674633231931e-06,0.000220797704317816,"Coxfa4l3","433470","cytochrome c oxidase associated subunit FA4L3","Down_in_male"
"ENSMUSG00000050002",557.949051887226,-1.04773795250978,0.23141785629412,-4.52747237956505,5.96934004593054e-06,0.000222583803648134,"Idnk","75731","idnK gluconokinase homolog (E. coli)","Down_in_male"
"ENSMUSG00000058163",125.113749464302,-1.6748389231434,0.370447104885048,-4.52112839068648,6.15108649838896e-06,0.000228793011909136,"Gm5431","432555","predicted gene 5431","Down_in_male"
"ENSMUSG00000004730",2119.53418116262,-0.631488878426094,0.139925503261477,-4.51303632080593,6.39060728320108e-06,0.000237115199122624,"Adgre1","13733","adhesion G protein-coupled receptor E1","Down_in_male"
"ENSMUSG00000030745",481.927596413748,-1.03113831155297,0.228735694172412,-4.50799039163401,6.5444539095269e-06,0.000242225391375519,"Il21r","60504","interleukin 21 receptor","Down_in_male"
"ENSMUSG00000015243",2166.09557866569,-0.646526911083223,0.143701311591082,-4.49910236674099,6.82409935367017e-06,0.000251955137561675,"Abca1","11303","ATP-binding cassette, sub-family A member 1","Down_in_male"
"ENSMUSG00000095788",188.743136004213,-1.57709424134956,0.35060312807213,-4.49823208943276,6.8520872746874e-06,0.000252368420286097,"Sirpb1a","320832","signal-regulatory protein beta 1A","Down_in_male"
"ENSMUSG00000030107",527.183645174347,-1.45253112394368,0.322970290017219,-4.49741406203721,6.87849493361974e-06,0.000252502583344178,"Usp18","24110","ubiquitin specific peptidase 18","Down_in_male"
"ENSMUSG00000039501",1870.51090541157,-0.928630319563521,0.206496327971486,-4.49707909426724,6.88933647242383e-06,0.000252502583344178,"Znfx1","98999","zinc finger, NFX1-type containing 1","Down_in_male"
"ENSMUSG00000075602",4154.64161613648,-2.47802869281915,0.551904710505307,-4.48995749746427,7.12373866081323e-06,0.00025982626421369,"Ly6a","110454","lymphocyte antigen 6 family member A","Down_in_male"
"ENSMUSG00000026288",1273.30817237178,-0.696533101985254,0.15511879975364,-4.49032034216026,7.11161371242917e-06,0.00025982626421369,"Inpp5d","16331","inositol polyphosphate-5-phosphatase D","Down_in_male"
"ENSMUSG00000090222",42.3849994817337,-2.87794492840964,0.641196606134804,-4.48839700783535,7.17611026724468e-06,0.000260472002381367,NA,NA,NA,"Down_in_male"
"ENSMUSG00000040345",490.551804659307,-1.05721083326885,0.23554299213585,-4.48839858780049,7.17605705627403e-06,0.000260472002381367,"Arhgap9","216445","Rho GTPase activating protein 9","Down_in_male"
"ENSMUSG00000021831",4460.92162050133,0.667436510116755,0.148739206432425,4.48729374134441,7.21335898194789e-06,0.000261193121498147,"Ero1a","50527","endoplasmic reticulum oxidoreductase 1 alpha","Up_in_male"
"ENSMUSG00000079419",1103.5584197287,-0.653564570888787,0.145767514690412,-4.48360920659763,7.33910156421406e-06,0.000264592156807903,"Ms4a6c","73656","membrane-spanning 4-domains, subfamily A, member 6C","Down_in_male"
"ENSMUSG00000027199",2177.78480667441,-0.650077179673986,0.144992847777597,-4.48351204654684,7.34244555725665e-06,0.000264592156807903,"Gatm","67092","glycine amidinotransferase (L-arginine:glycine amidinotransferase)","Down_in_male"
"ENSMUSG00000030144",204.15885610702,-1.46841785587122,0.32776347532357,-4.48011437034461,7.46030529997381e-06,0.000268196190772025,"Clec4d","17474","C-type lectin domain family 4, member d","Down_in_male"
"ENSMUSG00000098112",582.540260012842,-0.917524968529548,0.2054586254898,-4.46574080957773,7.97921644562029e-06,0.000285484965543657,"Bin2","668218","bridging integrator 2","Down_in_male"
"ENSMUSG00000049103",2526.4167426435,-1.01948280976854,0.228324232129043,-4.46506619232755,8.00440011050845e-06,0.000285705749312614,"Ccr2","12772","C-C motif chemokine receptor 2","Down_in_male"
"ENSMUSG00000026480",810.985789214676,-0.725564774089534,0.162645863611247,-4.46100969295947,8.15744001711829e-06,0.000290478320230418,"Ncf2","17970","neutrophil cytosolic factor 2","Down_in_male"
"ENSMUSG00000022657",54.2204802039631,-2.35985510378138,0.529292783187784,-4.45850610236668,8.25328477951788e-06,0.000293099585589886,"Cd96","84544","CD96 antigen","Down_in_male"
"ENSMUSG00000039062",1475.0355054786,-0.813858831907782,0.182558528999483,-4.45807071500935,8.27006217409406e-06,0.000293099585589886,"Anpep","16790","alanyl aminopeptidase, membrane","Down_in_male"
"ENSMUSG00000026829",137.158189720788,-1.5120959186008,0.339628076111181,-4.45221118322914,8.49905150909035e-06,0.000300506463593178,"Gbgt1","227671","globoside alpha-1,3-N-acetylgalactosaminyltransferase 1","Down_in_male"
"ENSMUSG00000029299",237.372455054053,-1.13584687402298,0.255219802939244,-4.45046528890774,8.5684442648633e-06,0.000302248854385213,"Abcg3","27405","ATP binding cassette subfamily G member 3","Down_in_male"
"ENSMUSG00000022575",1495.84260446655,-0.822342299597501,0.184823885949317,-4.44932912958559,8.61389282722799e-06,0.000303140439144625,"Gsdmd","69146","gasdermin D","Down_in_male"
"ENSMUSG00000079018",498.472033028949,-1.39132953445107,0.313951513499403,-4.43167009753471,9.35060065183853e-06,0.000328297841110228,"Ly6c1","17067","lymphocyte antigen 6 family member C1","Down_in_male"
"ENSMUSG00000028341",75.9766879686908,-1.96584736796236,0.443782968954959,-4.42974946197606,9.43426254911277e-06,0.000330463084674866,"Nr4a3","18124","nuclear receptor subfamily 4, group A, member 3","Down_in_male"
"ENSMUSG00000053846",355.522857359065,-1.58917536320566,0.360401592287116,-4.40945710900088,1.03630079740473e-05,0.000361310721174035,"Lipg","16891","lipase, endothelial","Down_in_male"
"ENSMUSG00000047963",536.683878777336,0.985909459216082,0.223862642356615,4.40408211409174,1.0623270230289e-05,0.000369527504052204,"Stbd1","52331","starch binding domain 1","Up_in_male"
"ENSMUSG00000060791",94.4337683418205,-1.74328685459144,0.395973710637403,-4.402531803905,1.06994899326687e-05,0.000371319249926589,"Gmfg","63986","glia maturation factor, gamma","Down_in_male"
"ENSMUSG00000033538",519.886916039518,-1.30793047871278,0.297319824485637,-4.3990691874499,1.08716165552491e-05,0.000376423460773569,"Casp4","12363","caspase 4, apoptosis-related cysteine peptidase","Down_in_male"
"ENSMUSG00000036943",1824.20677238672,-0.638112293994621,0.14515532206818,-4.39606543461698,1.10230716873231e-05,0.000380790110908975,"Rab8b","235442","RAB8B, member RAS oncogene family","Down_in_male"
"ENSMUSG00000060519",1270.04597536495,-0.821543710739626,0.186974988086627,-4.39386957125517,1.11350638070786e-05,0.000383776614286628,"Tor3a","30935","torsin family 3, member A","Down_in_male"
"ENSMUSG00000026979",407.432858959671,-1.11515340691621,0.254146571427205,-4.38783573059383,1.14484189430872e-05,0.000393673664663093,"Psd4","215632","pleckstrin and Sec7 domain containing 4","Down_in_male"
"ENSMUSG00000028885",180.167055438681,-1.33563950339059,0.304480978699701,-4.38661064837119,1.15130609622989e-05,0.000394992618905172,"Smpdl3b","100340","sphingomyelin phosphodiesterase, acid-like 3B","Down_in_male"
"ENSMUSG00000015852",2829.61256609767,1.19428117147558,0.272340673364909,4.38524718588532,1.15854143151901e-05,0.00039656952372292,"Fcrl2","80891","Fc receptor like 2","Up_in_male"
"ENSMUSG00000027219",158.210372128904,-2.02962796579844,0.464590307016235,-4.3686403593597,1.2502245443e-05,0.000426980096072638,"Slc28a2","269346","solute carrier family 28 (sodium-coupled nucleoside transporter), member 2","Down_in_male"
"ENSMUSG00000030579",1588.2164006984,-0.598012370428679,0.13716533977809,-4.35979214133949,1.30186045251555e-05,0.000443606735146283,"Tyrobp","22177","TYRO protein tyrosine kinase binding protein","Down_in_male"
"ENSMUSG00000020826",308.955977312411,-1.49832234881447,0.344061838372312,-4.35480539167824,1.33185185645538e-05,0.000452799498799887,"Nos2","18126","nitric oxide synthase 2, inducible","Down_in_male"
"ENSMUSG00000031639",346.284688318177,-1.03877080960136,0.23891572919581,-4.34785442171541,1.37475801839677e-05,0.00046633157432163,"Tlr3","142980","toll-like receptor 3","Down_in_male"
"ENSMUSG00000009585",772.829409788534,-1.14299606565166,0.262942026613689,-4.34695084833636,1.38043138063838e-05,0.000467201404433623,"Apobec3","80287","apolipoprotein B mRNA editing enzyme, catalytic polypeptide 3","Down_in_male"
"ENSMUSG00000083041",368.0265121765,-1.06333903205481,0.245041970627481,-4.33941593487804,1.42861902897651e-05,0.000482423778616406,"Gmfg-ps","100040018","glia maturation factor, gamma, pseudogene","Down_in_male"
"ENSMUSG00000042249",220.412396267599,-1.14364831935124,0.263669765049688,-4.33742685338123,1.44160487408666e-05,0.000485717409033636,"Grk3","320129","G protein-coupled receptor kinase 3","Down_in_male"
"ENSMUSG00000000486",194.538144914885,-1.59175795759006,0.367401492902965,-4.33247547529826,1.47442091429181e-05,0.00049566270870387,"Septin1","54204","septin 1","Down_in_male"
"ENSMUSG00000094796",96.3105060726935,-1.82417445050481,0.42177004236714,-4.32504508918372,1.52500666607403e-05,0.000511523999354788,"Tcstv4","625360","Tcstv family member 4","Down_in_male"
"ENSMUSG00000069892",342.853376743327,-1.08340541145782,0.250603215582669,-4.32319038260873,1.53788911781336e-05,0.000514696208761279,"9930111J21Rik2","245240","RIKEN cDNA 9930111J21 gene 2","Down_in_male"
"ENSMUSG00000002204",109.254469642177,-1.56840753532152,0.362984197617101,-4.32087001477672,1.55415209653878e-05,0.000517832451323465,"Napsa","16541","napsin A aspartic peptidase","Down_in_male"
"ENSMUSG00000029470",1005.66649403591,-0.663916446028674,0.153645516364113,-4.32109222409919,1.55258760670809e-05,0.000517832451323465,"P2rx4","18438","purinergic receptor P2X, ligand-gated ion channel 4","Down_in_male"
"ENSMUSG00000030047",289.824015054117,-1.04510205516315,0.241988563773996,-4.31880762819528,1.56874444578903e-05,0.000521538114753799,"Arhgap25","232201","Rho GTPase activating protein 25","Down_in_male"
"ENSMUSG00000057191",394.307549429371,-1.08771376596055,0.252021868049172,-4.31594993871057,1.58917994938426e-05,0.000527165719633493,"AB124611","382062","cDNA sequence AB124611","Down_in_male"
"ENSMUSG00000072109",127.024169583906,-1.7790693392645,0.412417727635557,-4.3137557385424,1.60504276498886e-05,0.000531255013865366,"A530040E14Rik","621875","RIKEN cDNA A530040E14 gene","Down_in_male"
"ENSMUSG00000071716",75.204735429742,-3.01860688179623,0.699858683044671,-4.3131662933209,1.60932976809528e-05,0.000531503262091599,"Apol7e","666348","apolipoprotein L 7e","Down_in_male"
"ENSMUSG00000113669",38.2700117971079,-2.80761402432456,0.651476308875181,-4.30961799542964,1.63536785244613e-05,0.000538918261375177,NA,NA,NA,"Down_in_male"
"ENSMUSG00000081723",69.7595412130086,-2.00641100263497,0.465737658099228,-4.30802828103604,1.64716327948361e-05,0.000541617562380747,"Gm15931","112136069","predicted gene 15931","Down_in_male"
"ENSMUSG00000038085",133.392032242136,-1.86981145798882,0.434231712741337,-4.30602234503916,1.66216274119279e-05,0.000545356321220613,"Cnbd2","70873","cyclic nucleotide binding domain containing 2","Down_in_male"
"ENSMUSG00000078945",370.476854355123,-0.990709786991702,0.230225745769614,-4.30321024123472,1.68340966368131e-05,0.000551124117998672,"Naip2","17948","NLR family, apoptosis inhibitory protein 2","Down_in_male"
"ENSMUSG00000026068",396.615792622656,-1.18811843204186,0.276971540217131,-4.28967695060092,1.78933200336352e-05,0.000584528087272686,"Il18rap","16174","interleukin 18 receptor accessory protein","Down_in_male"
"ENSMUSG00000031662",320.184892025711,-1.14645256674911,0.267523921034599,-4.28542076654462,1.82393646500908e-05,0.000594539983941245,"Snx20","71607","sorting nexin 20","Down_in_male"
"ENSMUSG00000089929",300.087578852396,-1.41873377441923,0.331168659075191,-4.28402185877472,1.83544868330593e-05,0.00059699756199217,"Bcl2a1b","12045","B cell leukemia/lymphoma 2 related protein A1b","Down_in_male"
"ENSMUSG00000028337",456.921373504184,-1.03075465497559,0.240988799208343,-4.27718905758965,1.89268055761461e-05,0.00061428316931479,"Coro2a","107684","coronin, actin binding protein 2A","Down_in_male"
"ENSMUSG00000042604",48.7342062404933,-2.93827827226679,0.687535726108879,-4.27363722449163,1.92309836686835e-05,0.000621638727714279,"Kcna4","16492","potassium voltage-gated channel, shaker-related subfamily, member 4","Down_in_male"
"ENSMUSG00000058470",43.374606670895,-2.68867352239498,0.62913888773266,-4.27357706671834,1.92361754433446e-05,0.000621638727714279,"Gm8369","666926","predicted gene 8369","Down_in_male"
"ENSMUSG00000021108",347.245439439862,-0.967840652597714,0.226856303362437,-4.26631589359649,1.98727343702534e-05,0.000640831715411583,"Prkch","18755","protein kinase C, eta","Down_in_male"
"ENSMUSG00000091191",43.4234050435385,-2.85990856936331,0.671866175307586,-4.25666401207654,2.07499829340193e-05,0.00066707633177548,NA,NA,NA,"Down_in_male"
"ENSMUSG00000057346",1276.80914630179,-1.06599056053216,0.250444736998194,-4.25639034506779,2.07753858568526e-05,0.00066707633177548,"Apol9a","223672","apolipoprotein L 9a","Down_in_male"
"ENSMUSG00000027009",574.913869125917,-1.05760114607962,0.248641377783888,-4.25352029298542,2.10435858295976e-05,0.000674247258553012,"Itga4","16401","integrin alpha 4","Down_in_male"
"ENSMUSG00000062488",477.90834673127,-1.61716603097851,0.380829271182569,-4.24643312200453,2.17200572171699e-05,0.000694441063409388,"Ifit3b","667370","interferon-induced protein with tetratricopeptide repeats 3B","Down_in_male"
"ENSMUSG00000024677",1584.67847933808,-0.589379385808472,0.138962098531652,-4.24129595073887,2.22232872558707e-05,0.000709021948182525,"Ms4a6b","69774","membrane-spanning 4-domains, subfamily A, member 6B","Down_in_male"
"ENSMUSG00000045551",78.4969123688549,-1.90925259174015,0.450315625404751,-4.23980977791762,2.23709278215703e-05,0.000712220195709189,"Fpr1","14293","formyl peptide receptor 1","Down_in_male"
"ENSMUSG00000060131",153.545286574239,-1.31159819196504,0.309402224064008,-4.23913627619463,2.24381423235606e-05,0.000712849819653583,"Atp8b4","241633","ATPase, class I, type 8B, member 4","Down_in_male"
"ENSMUSG00000025804",1734.3321665132,-0.586905713684214,0.138661175531309,-4.23266073892249,2.30942745312945e-05,0.000732146969159836,"Ccr1","12768","C-C motif chemokine receptor 1","Down_in_male"
"ENSMUSG00000018459",196.493742017262,-1.21901174722726,0.288236509040101,-4.22920660289312,2.34516904369144e-05,0.000741912741464238,"Slc13a3","114644","solute carrier family 13 (sodium-dependent dicarboxylate transporter), member 3","Down_in_male"
"ENSMUSG00000026946",810.125757357807,-0.894167456564595,0.212031469427878,-4.2171450255819,2.47414863081832e-05,0.000779434622123835,"Nmi","64685","N-myc (and STAT) interactor","Down_in_male"
"ENSMUSG00000043931",42.6606352291669,-2.67505328144578,0.634751644935653,-4.2143306012495,2.50520098836191e-05,0.000787566009458461,"Gimap7","231932","GTPase, IMAP family member 7","Down_in_male"
"ENSMUSG00000070501",30.1523042542975,-3.28470612385743,0.779867873017352,-4.21187516181263,2.53259504604464e-05,0.000794515777806113,"Ifi214","545384","interferon activated gene 214","Down_in_male"
"ENSMUSG00000064262",139.300210172309,-1.54833515036382,0.367801719585826,-4.20970068358398,2.55709224259385e-05,0.000800529690197037,"Gimap8","243374","GTPase, IMAP family member 8","Down_in_male"
"ENSMUSG00000038390",145.573159914635,-1.33631993473244,0.318078634929774,-4.20122506822087,2.65474504105264e-05,0.000828419677465977,"Gpr162","14788","G protein-coupled receptor 162","Down_in_male"
"ENSMUSG00000044162",756.357965071884,-0.87149473641529,0.208090933914856,-4.1880476002471,2.81364512280867e-05,0.000873567050835658,"Tnip3","414084","TNFAIP3 interacting protein 3","Down_in_male"
"ENSMUSG00000024066",1634.14855214446,-0.792701927843348,0.189268164854019,-4.18824755053103,2.8111678517876e-05,0.000873567050835658,"Xdh","22436","xanthine dehydrogenase","Down_in_male"
"ENSMUSG00000031778",3204.04771111925,-0.678556703073113,0.162152047144319,-4.18469402652179,2.85550459565216e-05,0.000884735413584844,"Cx3cl1","20312","C-X3-C motif chemokine ligand 1","Down_in_male"
"ENSMUSG00000050357",37.6391643707509,-2.7263048558956,0.651656470818111,-4.18365347078179,2.86861275403152e-05,0.000886967980552091,"Carmil2","234695","capping protein regulator and myosin 1 linker 2","Down_in_male"
"ENSMUSG00000020057",814.823683239993,-1.08500069591265,0.259544135232893,-4.18040921995429,2.90984962203177e-05,0.0008960309481613,"Dram1","71712","DNA-damage regulated autophagy modulator 1","Down_in_male"
"ENSMUSG00000069049",580.891201793217,0.821286737629511,0.196446487363428,4.18071480255141,2.90594152860061e-05,0.0008960309481613,"Eif2s3y","26908","eukaryotic translation initiation factor 2, subunit 3, structural gene Y-linked","Up_in_male"
"ENSMUSG00000060509",51.7083564690724,-2.31937374999188,0.555624967310698,-4.1743512017071,2.98836458982937e-05,0.000918326271807073,"Xcr1","23832","chemokine (C motif) receptor 1","Down_in_male"
"ENSMUSG00000031627",1233.35962318414,-0.587948215552343,0.141056448010921,-4.16817681037042,3.07045726275158e-05,0.000941627781374857,"Irf2","16363","interferon regulatory factor 2","Down_in_male"
"ENSMUSG00000046157",714.73479369053,-0.854647262013769,0.205338845151775,-4.16213143393332,3.15290778072023e-05,0.000964943894519,"Tmem229b","268567","transmembrane protein 229B","Down_in_male"
"ENSMUSG00000066861",181.433024343569,-1.48791063151227,0.3586133451278,-4.14906654124101,3.33833770219236e-05,0.00101754970894208,"Oas1g","23960","2'-5' oligoadenylate synthetase 1G","Down_in_male"
"ENSMUSG00000002108",174.035767104607,-1.47557207255392,0.356006201648534,-4.14479316854899,3.40120563359317e-05,0.00103252357688898,"Nr1h3","22259","nuclear receptor subfamily 1, group H, member 3","Down_in_male"
"ENSMUSG00000022372",1093.93540643856,-0.725937562916698,0.175558923254173,-4.1350080614569,3.54942175543436e-05,0.00107534598223613,"Sla","20491","src-like adaptor","Down_in_male"
"ENSMUSG00000056116",4930.11075843866,-1.86254455483421,0.450783157901622,-4.13179712282128,3.59938041387109e-05,0.00108828751467286,"H2-T22","15039","histocompatibility 2, T region locus 22","Down_in_male"
"ENSMUSG00000022973",670.473621613048,-0.770210123732476,0.186436465106103,-4.13122037737704,3.60842437971727e-05,0.00108883118783156,"Synj1","104015","synaptojanin 1","Down_in_male"
"ENSMUSG00000057948",165.922092682693,-1.56494671649311,0.379620553041324,-4.12239723048599,3.74949903973832e-05,0.00112913270681659,"Unc13d","70450","unc-13 homolog D","Down_in_male"
"ENSMUSG00000023232",323.710649368744,1.32016195527782,0.320639215882017,4.11728163582956,3.83367477514111e-05,0.00115217261692091,"Serinc2","230779","serine incorporator 2","Up_in_male"
"ENSMUSG00000048251",36.4998485068028,-3.03247029042699,0.73810987193185,-4.10842667974367,3.98363629990147e-05,0.00119485234887464,"Bcl11b","58208","B cell leukemia/lymphoma 11B","Down_in_male"
"ENSMUSG00000096606",75.604723796109,4.2689298852108,1.04077105609246,4.10169927403475,4.10127082460073e-05,0.00122768519285409,"Tpbgl","100503386","trophoblast glycoprotein-like","Up_in_male"
"ENSMUSG00000040061",221.195509958843,-1.0729023246356,0.26166150848669,-4.10034449025648,4.12535576948041e-05,0.00123243978425412,"Plcb2","18796","phospholipase C, beta 2","Down_in_male"
"ENSMUSG00000025165",79.9382779804934,-2.67218749220516,0.652586777370927,-4.09476193031459,4.22602406433904e-05,0.0012600091987068,"Sectm1a","209588","secreted and transmembrane 1A","Down_in_male"
"ENSMUSG00000035273",840.267517777213,-0.827668179274144,0.202187652999858,-4.09356440412672,4.24792012961892e-05,0.00126402961956007,"Hpse","15442","heparanase","Down_in_male"
"ENSMUSG00000056069",921.093190871957,-0.683540130020819,0.167192689397056,-4.08833742962002,4.34475865902001e-05,0.00129029028397418,"Otulinl","223433","OTU deubiquitinase with linear linkage specificity like","Down_in_male"
"ENSMUSG00000024338",3118.58450342138,-2.29523517640651,0.562340809786606,-4.08157319629264,4.47318852814846e-05,0.00132581073002933,"Psmb8","16913","proteasome (prosome, macropain) subunit, beta type 8 (large multifunctional peptidase 7)","Down_in_male"
"ENSMUSG00000026866",46.948255704815,-2.5872137027742,0.634068566737533,-4.0803374248406,4.49703729275603e-05,0.00133000144274697,"Kynu","70789","kynureninase","Down_in_male"
"ENSMUSG00000037202",272.442995311283,-1.28274711929095,0.314404606399478,-4.07992469951638,4.50502917653696e-05,0.00133000144274697,"Prf1","18646","perforin 1 (pore forming protein)","Down_in_male"
"ENSMUSG00000019810",692.318434981131,-0.82867846382001,0.204163655713571,-4.05889315080935,4.93058664305732e-05,0.00145278285265142,"Fuca2","66848","fucosidase, alpha-L- 2, plasma","Down_in_male"
"ENSMUSG00000020902",800.404410089892,-1.40406336095211,0.347061366971243,-4.04557664601271,5.21944846220296e-05,0.00153488555854254,"Ntn1","18208","netrin 1","Down_in_male"
"ENSMUSG00000034786",394.375147994606,-0.996406220646361,0.246576416836134,-4.04096317657393,5.32321173685816e-05,0.00156234185097202,"Gpsm3","106512","G-protein signalling modulator 3 (AGS3-like, C. elegans)","Down_in_male"
"ENSMUSG00000051855",840.259160857121,1.01374126819005,0.251796214525663,4.02603855701227,5.67243916529444e-05,0.00166159343736607,"Mest","17294","mesoderm specific transcript","Up_in_male"
"ENSMUSG00000001444",46.8597928807907,-3.14432537935465,0.781956144012915,-4.02110195492333,5.79265250455594e-05,0.00169021726574684,"Tbx21","57765","T-box 21","Down_in_male"
"ENSMUSG00000030064",736.82271874208,-0.649628127355717,0.161968727972736,-4.01082440719709,6.05070995582406e-05,0.00176209338190248,"Frmd4b","232288","FERM domain containing 4B","Down_in_male"
"ENSMUSG00000079505",39.0647607908548,-2.65928217742369,0.663481325313642,-4.00807389140393,6.12159688631599e-05,0.00177928890542883,NA,NA,NA,"Down_in_male"
"ENSMUSG00000045382",637.548069056403,-0.770857310461335,0.192607258839086,-4.00222356679375,6.27499621918086e-05,0.0018203545981782,"Cxcr4","12767","C-X-C motif chemokine receptor 4","Down_in_male"
"ENSMUSG00000053835",195.556741748242,-1.60188890166877,0.40158191390416,-3.98894682804631,6.63672945489122e-05,0.00191420601763245,"H2-T24","15042","histocompatibility 2, T region locus 24","Down_in_male"
"ENSMUSG00000003134",181.376038553012,-1.12781098666611,0.282695354632967,-3.98949246311593,6.62148230322503e-05,0.00191420601763245,"Tbc1d8","54610","TBC1 domain family, member 8","Down_in_male"
"ENSMUSG00000037997",608.627097090803,-0.825357774545372,0.20689849409502,-3.98919179260106,6.62988009353723e-05,0.00191420601763245,"Parp11","101187","poly (ADP-ribose) polymerase family, member 11","Down_in_male"
"ENSMUSG00000062524",76.6055035568279,-1.77733808318964,0.445649617433933,-3.98819613808628,6.65776094147632e-05,0.00191659336527902,"Ncr1","17086","natural cytotoxicity triggering receptor 1","Down_in_male"
"ENSMUSG00000064109",51.169547958084,-2.24764061486496,0.564499442580608,-3.98165249657267,6.84377896484163e-05,0.00196637603259417,"Hcst","23900","hematopoietic cell signal transducer","Down_in_male"
"ENSMUSG00000002325",913.307471531476,-0.984505043883493,0.247505900687613,-3.9777033240354,6.95841150302111e-05,0.00199549713083775,"Irf9","16391","interferon regulatory factor 9","Down_in_male"
"ENSMUSG00000021457",792.934208233709,-0.843522940205133,0.212519362794355,-3.96915805277174,7.21270305452588e-05,0.00206055682129963,"Syk","20963","spleen tyrosine kinase","Down_in_male"
"ENSMUSG00000117465",42.8683249894114,-3.27290078792464,0.825340469474806,-3.96551594035769,7.32373574689334e-05,0.00208830696524794,NA,NA,NA,"Down_in_male"
"ENSMUSG00000067212",5190.92578019047,-1.89847112709942,0.47916308210691,-3.9620563394653,7.43069996848835e-05,0.00211479409898626,"H2-T23","15040","histocompatibility 2, T region locus 23","Down_in_male"
"ENSMUSG00000025314",1596.58964141915,-0.58940224022537,0.14906639502939,-3.95395783274402,7.68689623895274e-05,0.00218357258568512,"Ptprj","19271","protein tyrosine phosphatase receptor type J","Down_in_male"
"ENSMUSG00000085977",22.3297634091629,-3.86902284676783,0.979346552860483,-3.95061669994871,7.79500778249363e-05,0.00221010531976475,NA,NA,NA,"Down_in_male"
"ENSMUSG00000026536",1236.45130099329,-0.921287492901581,0.23329859704854,-3.94896285085631,7.84905302369762e-05,0.00222123766077409,"Ifi211","381308","interferon activated gene 211","Down_in_male"
"ENSMUSG00000044468",233.881953241848,-1.46596696045284,0.371632281719898,-3.94467066657506,7.99097249575266e-05,0.00225714931755029,"Tent5c","74645","terminal nucleotidyltransferase 5C","Down_in_male"
"ENSMUSG00000030399",11951.0462463112,11.1882615951314,2.83832563981951,3.94185270293472,8.08546278593165e-05,0.00227955439557589,"Ckm","12715","creatine kinase, muscle","Up_in_male"
"ENSMUSG00000006457",8371.76170779582,11.2073485468794,2.84459955486829,3.93986862850308,8.15262411532554e-05,0.00229418506705987,"Actn3","11474","actinin alpha 3","Up_in_male"
"ENSMUSG00000038670",5285.10466013012,10.8437345162276,2.7548093185825,3.93629223013059,8.27501983058572e-05,0.00232427519615349,"Mybpc2","233199","myosin binding protein C, fast-type","Up_in_male"
"ENSMUSG00000023274",144.686851490402,-2.14127490707118,0.544517986825286,-3.93242272776973,8.40940158584094e-05,0.00235761338862746,"Cd4","12504","CD4 antigen","Down_in_male"
"ENSMUSG00000024235",105.748807298547,-1.47465442282078,0.375455771645773,-3.92763817787852,8.57841366121222e-05,0.00240051810217944,"Map3k8","26410","mitogen-activated protein kinase kinase kinase 8","Down_in_male"
"ENSMUSG00000064267",163.225993387228,-1.4454517854295,0.368765924818382,-3.91969997266257,8.86592710167447e-05,0.00247636220365915,"Hvcn1","74096","hydrogen voltage-gated channel 1","Down_in_male"
"ENSMUSG00000054676",771.174770854644,-0.929273632956385,0.237162228433932,-3.91830368222089,8.91743147136731e-05,0.00248612695213797,"1600014C10Rik","72244","RIKEN cDNA 1600014C10 gene","Down_in_male"
"ENSMUSG00000032688",574.505357276608,-0.721013195073472,0.184044004337325,-3.91761306036334,8.94301049569628e-05,0.0024886410873857,"Malt1","240354","MALT1 paracaspase","Down_in_male"
"ENSMUSG00000023947",1332.10778050032,-0.617156490895441,0.15761402549274,-3.91561911426384,9.01725110829099e-05,0.00250466233649332,"Nfkbie","18037","nuclear factor of kappa light polypeptide gene enhancer in B cells inhibitor, epsilon","Down_in_male"
"ENSMUSG00000008845",84.5760098718238,2.42017030822731,0.618950470635512,3.91011950559208,9.22504692928391e-05,0.00255765277133486,"Cd163","93671","CD163 antigen","Up_in_male"
"ENSMUSG00000037434",416.061816933165,-0.801178402156508,0.205332925066014,-3.90185062575294,9.54600616155678e-05,0.00264176490957116,"Slc30a1","22782","solute carrier family 30 (zinc transporter), member 1","Down_in_male"
"ENSMUSG00000004508",670.155171432559,-0.749662227123929,0.19224212417787,-3.89957315718334,9.63624185868864e-05,0.00266183467666386,"Gab2","14389","growth factor receptor bound protein 2-associated protein 2","Down_in_male"
"ENSMUSG00000035385",3820.40360671283,-0.71775018649424,0.184162616146065,-3.89737179843802,9.72422699813126e-05,0.00268121025873245,"Ccl2","20296","C-C motif chemokine ligand 2","Down_in_male"
"ENSMUSG00000024401",61.5568461693829,-2.30779660640569,0.592394542143294,-3.89570875865272,9.79119867517459e-05,0.0026937459443949,"Tnf","21926","tumor necrosis factor","Down_in_male"
"ENSMUSG00000040296",1652.64501860896,-0.877959534346771,0.225386331279865,-3.89535394343234,9.80554356547555e-05,0.0026937459443949,"Rigi","230073","RNA sensor RIG-I","Down_in_male"
"ENSMUSG00000022964",541.65069181512,-0.710766246978475,0.182516383808627,-3.89425996804612,9.8498971004787e-05,0.00269759825240928,"Tmem50b","77975","transmembrane protein 50B","Down_in_male"
"ENSMUSG00000025150",277.678866356185,1.73285062927491,0.445500017942266,3.88967577886714,0.000100378239490846,0.00273753866575125,"Cbr2","12409","carbonyl reductase 2","Up_in_male"
"ENSMUSG00000024986",255.965280389953,-0.947027956097962,0.243466329283085,-3.88976972251809,0.000100339390288791,0.00273753866575125,"Hhex","15242","hematopoietically expressed homeobox","Down_in_male"
"ENSMUSG00000024079",1582.85347486455,-0.639865655090763,0.164613986752628,-3.88706736112475,0.000101462604970403,0.00276209884943885,"Eif2ak2","19106","eukaryotic translation initiation factor 2-alpha kinase 2","Down_in_male"
"ENSMUSG00000070873",239.993015406862,-1.03995142906367,0.267611339351032,-3.88605143408944,0.000101887928177545,0.00276866165772871,"Lilra5","232801","leukocyte immunoglobulin-like receptor, subfamily A (with TM domain), member 5","Down_in_male"
"ENSMUSG00000053338",55.1073088161798,-2.47727684990427,0.641054520800686,-3.86437778616726,0.000111372735278712,0.00302093518598053,"Tarm1","245126","T cell-interacting, activating receptor on myeloid cells 1","Down_in_male"
"ENSMUSG00000028327",33.3865461574918,-2.65811845598613,0.688586170175003,-3.86025536253592,0.000113268591126801,0.00306150536868884,"Stra6l","74152","STRA6-like","Down_in_male"
"ENSMUSG00000068246",1627.92741979592,-0.867669424960036,0.224770873543191,-3.86023959102205,0.000113275902375124,0.00306150536868884,"Apol9b","71898","apolipoprotein L 9b","Down_in_male"
"ENSMUSG00000032000",774.976056972554,-0.647082883404231,0.16817876657104,-3.84758966067751,0.000119285627576979,0.00321814205673117,"Birc3","11796","baculoviral IAP repeat-containing 3","Down_in_male"
"ENSMUSG00000037736",109.614858992162,3.25268595990501,0.845967786008903,3.84492886573199,0.000120587414354895,0.00324162267533275,"Limch1","77569","LIM and calponin homology domains 1","Up_in_male"
"ENSMUSG00000030263",354.960443552045,-0.864541333005023,0.224894241535104,-3.84421284913192,0.000120940004046074,0.00324529543000063,"Irag2","16970","inositol 1,4,5-triphosphate receptor associated 2","Down_in_male"
"ENSMUSG00000004296",56.1291510529091,-2.44823143450365,0.637055003318524,-3.84304561105464,0.000121516874369484,0.00325496269367243,"Il12b","16160","interleukin 12b","Down_in_male"
"ENSMUSG00000101389",878.9794425447,-0.605710744233741,0.157693142555421,-3.84107218879772,0.000122498080308252,0.00327540685550196,"Ms4a4a","666907","membrane-spanning 4-domains, subfamily A, member 4A","Down_in_male"
"ENSMUSG00000023328",20.6832314201675,7.74011428363229,2.0155382820063,3.84022191626529,0.000122923142875003,0.00328093440139018,"Ache","11423","acetylcholinesterase","Up_in_male"
"ENSMUSG00000038037",324.073431211616,-1.23323004204214,0.321426685408953,-3.83673819886203,0.000124679261835536,0.00331048222938351,"Socs1","12703","suppressor of cytokine signaling 1","Down_in_male"
"ENSMUSG00000063268",1557.6821083683,-0.87787867898203,0.228809985027028,-3.83671490069951,0.000124691085501502,0.00331048222938351,"Parp10","671535","poly (ADP-ribose) polymerase family, member 10","Down_in_male"
"ENSMUSG00000027508",332.166721065319,-1.0517640399454,0.274306824157301,-3.83426129910014,0.000125942206400904,0.00333780165006416,"Pag1","94212","phosphoprotein associated with glycosphingolipid microdomains 1","Down_in_male"
"ENSMUSG00000024164",2921.70876278857,-2.951812118206,0.772129990512885,-3.82294711314771,0.000131866070903622,0.00348864691455761,"C3","12266","complement component 3","Down_in_male"
"ENSMUSG00000024810",662.693606896772,0.847569301001193,0.222365622028143,3.81160223091464,0.000138068930945805,0.00364633009722779,"Il33","77125","interleukin 33","Up_in_male"
"ENSMUSG00000038811",341.805383052592,-0.837435528852341,0.219884953355401,-3.80851675420823,0.000139802875303642,0.00368564527576812,"Gngt2","14710","guanine nucleotide binding protein (G protein), gamma transducing activity polypeptide 2","Down_in_male"
"ENSMUSG00000046245",597.63818609049,-0.660084214092224,0.17334870689497,-3.80784042705414,0.000140185681562384,0.00368926486311374,"Pilra","231805","paired immunoglobin-like type 2 receptor alpha","Down_in_male"
"ENSMUSG00000105703",143.718163290389,-1.47389179929624,0.388057540399178,-3.79812694215428,0.000145793655570654,0.00383014206688848,"Gm43305","108168162","predicted gene 43305","Down_in_male"
"ENSMUSG00000007877",1988.2787014465,10.8813050065502,2.86719536157661,3.79510414685062,0.000147581492084873,0.00387034394687502,"Tcap","21393","titin-cap","Up_in_male"
"ENSMUSG00000022610",540.242622191314,0.866205096987194,0.228920303885643,3.78387186406981,0.000154407339583557,0.00404229806955072,"Mapk12","29857","mitogen-activated protein kinase 12","Up_in_male"
"ENSMUSG00000068129",61.6354542681189,-1.83049528332863,0.484297899541218,-3.77968866902516,0.000157024573367027,0.00410366654606316,"Cst7","13011","cystatin F (leukocystatin)","Down_in_male"
"ENSMUSG00000024696",346.81032725069,-0.811799727109263,0.214858790934638,-3.77829421629864,0.000157906257747803,0.00411954398468096,"Lpxn","107321","leupaxin","Down_in_male"
"ENSMUSG00000034330",563.710993292551,-0.834777906076343,0.221205798934707,-3.77376140271414,0.000160804559940472,0.00418788582708054,"Plcg2","234779","phospholipase C, gamma 2","Down_in_male"
"ENSMUSG00000110018",60.4930692598548,-1.96174732759802,0.520123899441033,-3.77169234043326,0.000162144101938941,0.00421546612428455,"Gm20957","100418252","proteasome (prosome, macropain) subunit, alpha type 2 pseudogene","Down_in_male"
"ENSMUSG00000073008",29.3114152461427,-3.05063988948077,0.809180670068483,-3.77003554623046,0.000163224297965549,0.00423622025134422,"Gpr174","213439","G protein-coupled receptor 174","Down_in_male"
"ENSMUSG00000057003",33224.7749368114,10.8393333926052,2.87701980179744,3.76755606125244,0.000164853527576764,0.00427112751533798,"Myh4","17884","myosin, heavy polypeptide 4, skeletal muscle","Up_in_male"
"ENSMUSG00000030148",630.175889597924,-0.673056004676886,0.178852481007915,-3.76319076416447,0.000167759134143262,0.00433892686535421,"Clec4a2","26888","C-type lectin domain family 4, member a2","Down_in_male"
"ENSMUSG00000074785",193.615670240964,-1.07254097605417,0.285144428078405,-3.76139552605693,0.000168967995031558,0.00436268395419111,"Plxnc1","54712","plexin C1","Down_in_male"
"ENSMUSG00000030500",24.8874520579491,-4.60896932551165,1.22810694983014,-3.75290549910912,0.000174796762148207,0.00450522790925093,"Slc17a6","140919","solute carrier family 17 (sodium-dependent inorganic phosphate cotransporter), member 6","Down_in_male"
"ENSMUSG00000025422",86.4878860216036,-1.82841512893095,0.487254121597676,-3.75248776333732,0.000175088380847977,0.00450522790925093,"Agap2","216439","ArfGAP with GTPase domain, ankyrin repeat and PH domain 2","Down_in_male"
"ENSMUSG00000087107",305.938674273983,-0.925076573743957,0.246596912830756,-3.75137126870219,0.000175870045898898,0.00451760543542348,"Slfnlnc","100043636","schlafen long noncoding RNA","Down_in_male"
"ENSMUSG00000027580",948.737073686702,-0.912526659654689,0.243636361429554,-3.74544527877684,0.000180074096451707,0.00460983551512744,"Helz2","229003","helicase with zinc finger 2, transcriptional coactivator","Down_in_male"
"ENSMUSG00000022371",1204.89415529455,1.03358195623417,0.27603787607641,3.74434831525823,0.000180862602260545,0.00462214680981158,"Col14a1","12818","collagen, type XIV, alpha 1","Up_in_male"
"ENSMUSG00000024030",416.256980696789,-1.26643162851423,0.338684142958324,-3.73927051161078,0.000184555043662736,0.00470850363517816,"Abcg1","11307","ATP binding cassette subfamily G member 1","Down_in_male"
"ENSMUSG00000010358",763.74274201238,-0.9860626474472,0.263983277018186,-3.73532239839294,0.000187474851341154,0.00476680979882153,"Ifi35","70110","interferon-induced protein 35","Down_in_male"
"ENSMUSG00000030200",30.0026683401822,-2.75833256449878,0.738715492516214,-3.73395792080026,0.000188494000385968,0.00478462726993233,"Bcl2l14","66813","BCL2 like 14","Down_in_male"
"ENSMUSG00000021266",3342.55743824022,-0.68375125829434,0.183486276808386,-3.72644358034676,0.000194200516761299,0.0049211655402564,"Wars1","22375","tryptophanyl-tRNA synthetase1","Down_in_male"
"ENSMUSG00000045827",700.666889249653,-0.68266658962188,0.183331458134716,-3.72367403045603,0.000196344405402993,0.00496711680133128,"Serpinb9","20723","serine (or cysteine) peptidase inhibitor, clade B, member 9","Down_in_male"
"ENSMUSG00000046818",405.087571605231,1.57549158915656,0.423868740178568,3.71693271953208,0.000201656116611061,0.00509291842741918,"Ddit4l","73284","DNA-damage-inducible transcript 4-like","Up_in_male"
"ENSMUSG00000030157",1670.54522114203,-0.616748322736421,0.166204546203142,-3.71077889760372,0.000206622515306866,0.00520194870525117,"Clec2d","93694","C-type lectin domain family 2, member d","Down_in_male"
"ENSMUSG00000100150",36.1126482519593,-2.61188008707193,0.704875520934912,-3.70544870618809,0.000211016832618955,0.00529373947206184,"Gm19585","100503190","predicted gene, 19585","Down_in_male"
"ENSMUSG00000027339",635.975613686126,-0.875835016253691,0.236363589262968,-3.70545657639034,0.0002110102800443,0.00529373947206184,"Rassf2","215653","Ras association (RalGDS/AF-6) domain family member 2","Down_in_male"
"ENSMUSG00000018930",157.268302946681,-1.8578214873212,0.502190305340997,-3.69943718061165,0.000216078114275847,0.00541167637203858,"Ccl4","20303","C-C motif chemokine ligand 4","Down_in_male"
"ENSMUSG00000019876",149.434578299989,-1.33206317005312,0.360419170212911,-3.69587214039207,0.000219133240712978,0.0054790602465789,"Pkib","18768","protein kinase inhibitor beta, cAMP dependent, testis specific","Down_in_male"
"ENSMUSG00000027315",649.964642455244,-0.760977182896389,0.206329593903606,-3.68816304292202,0.000225878900989699,0.00562899211471345,"Spint1","20732","serine protease inhibitor, Kunitz type 1","Down_in_male"
"ENSMUSG00000066258",306.255902049856,-1.11645815734102,0.303313867428766,-3.68086750139514,0.000232441776399863,0.00578295128139195,"Trim12a","76681","tripartite motif-containing 12A","Down_in_male"
"ENSMUSG00000020077",2318.19090127375,-0.772729207457141,0.210191759637915,-3.67630590651258,0.000236635743297646,0.00587756250336153,"Srgn","19073","serglycin","Down_in_male"
"ENSMUSG00000039058",316.026078464517,0.877338930032078,0.238834784776908,3.67341353082879,0.000239331690231416,0.00592493790627263,"Ak5","229949","adenylate kinase 5","Up_in_male"
"ENSMUSG00000061816",6066.24069779965,10.431512856793,2.84307704223142,3.66909257183045,0.000243412932901798,0.0060061841423897,"Myl1","17901","myosin, light polypeptide 1","Up_in_male"
"ENSMUSG00000023206",194.711846306797,-1.84447240808713,0.503099724363324,-3.66621629622502,0.00024616573671163,0.0060641516812552,"Il15ra","16169","interleukin 15 receptor, alpha chain","Down_in_male"
"ENSMUSG00000037095",92.96943128094,2.30540636537723,0.629902419032544,3.65994207311994,0.00025227227109252,0.00620441148560933,"Lrg1","76905","leucine-rich alpha-2-glycoprotein 1","Up_in_male"
"ENSMUSG00000063727",200.336044845641,-1.23231275842026,0.336874104189285,-3.65808099552776,0.000254110750241971,0.00623941543118644,"Tnfrsf11b","18383","tumor necrosis factor receptor superfamily, member 11b (osteoprotegerin)","Down_in_male"
"ENSMUSG00000070385",661.641264386813,10.2951132245909,2.81712100493314,3.65448030331777,0.000257703445257903,0.00630701900959365,"Ampd1","229665","adenosine monophosphate deaminase 1","Up_in_male"
"ENSMUSG00000042659",307.436828019608,-0.830459408761088,0.227615123147272,-3.6485247433395,0.000263750504316463,0.00644451842010324,"Arrdc4","66412","arrestin domain containing 4","Down_in_male"
"ENSMUSG00000034947",1081.43810756887,-0.583444815422484,0.160226615741033,-3.64137264413973,0.000271188270273841,0.00661549697630682,"Tmem106a","217203","transmembrane protein 106A","Down_in_male"
"ENSMUSG00000037940",482.680767588483,-0.69551477389381,0.191173953782693,-3.63812517412493,0.000274629949445799,0.00668859684006811,"Inpp4b","234515","inositol polyphosphate-4-phosphatase, type II","Down_in_male"
"ENSMUSG00000036745",585.931407728893,1.11729540559539,0.307177944115891,3.63729045980546,0.000275521172497372,0.0066994444322298,"Ttll7","70892","tubulin tyrosine ligase-like family, member 7","Up_in_male"
"ENSMUSG00000112907",22.4400815546002,-3.40166654860762,0.936602712323465,-3.63192045447848,0.000281319845411535,0.00681217029303436,NA,NA,NA,"Down_in_male"
"ENSMUSG00000037318",133.993011766068,-1.55461728347742,0.428064084189444,-3.63173959436739,0.000281517119316852,0.00681217029303436,"Traf3ip3","215243","TRAF3 interacting protein 3","Down_in_male"
"ENSMUSG00000020572",4305.82240287242,-0.874652600253191,0.240809036133435,-3.63214194241671,0.000281078432988192,0.00681217029303436,"Nampt","59027","nicotinamide phosphoribosyltransferase","Down_in_male"
"ENSMUSG00000040666",545.630590659262,8.47016476461468,2.33928473135042,3.62083531393163,0.000293653397725062,0.00708303307803292,"Sh3bgr","50795","SH3-binding domain glutamic acid-rich protein","Up_in_male"
"ENSMUSG00000031558",1037.08553763332,-0.657293566060438,0.18180374928735,-3.61540160000525,0.000299882368289783,0.00722168645559386,"Slit2","20563","slit guidance ligand 2","Down_in_male"
"ENSMUSG00000079017",1065.49780937385,-0.95312990516069,0.264721101114752,-3.60050597080103,0.000317598534922765,0.00762388687585366,"Ifi27l2a","76933","interferon, alpha-inducible protein 27 like 2A","Down_in_male"
"ENSMUSG00000005696",23.3340610414111,-3.43535789364836,0.954726814549157,-3.59826270855356,0.000320349945693447,0.00766544368461055,"Sh2d1a","20400","SH2 domain containing 1A","Down_in_male"
"ENSMUSG00000056413",228.196592546774,-0.942710845336733,0.261986241868344,-3.59832195238128,0.000320276995882652,0.00766544368461055,"Adap1","231821","ArfGAP with dual PH domains 1","Down_in_male"
"ENSMUSG00000030730",16559.6363833413,10.336439276378,2.87662580370222,3.59325125397785,0.000326577405307849,0.00780203286098736,"Atp2a1","11937","ATPase, Ca++ transporting, cardiac muscle, fast twitch 1","Up_in_male"
"ENSMUSG00000031709",464.855453102306,-0.939056078147064,0.261654281686571,-3.58891921085371,0.000332051713657239,0.00792022397004339,"Tbc1d9","71310","TBC1 domain family, member 9","Down_in_male"
"ENSMUSG00000037347",53.3468019469769,1.92872582837952,0.538237783329692,3.58340846390953,0.000339139645343201,0.00807646822594658,"Chst7","60322","carbohydrate sulfotransferase 7","Up_in_male"
"ENSMUSG00000028664",674.928313451045,0.631821767988842,0.176467055701169,3.58039502318651,0.000343075156901323,0.00815726326385471,"Ephb2","13844","Eph receptor B2","Up_in_male"
"ENSMUSG00000021508",416.229760887549,1.20683448004766,0.337567082603391,3.5750952691841,0.000350100387046297,0.00831115089438342,"Cxcl14","57266","C-X-C motif chemokine ligand 14","Up_in_male"
"ENSMUSG00000032202",180.393126699157,-1.29621164196123,0.363558337183278,-3.56534704169851,0.000363375039132404,0.00861267620353727,"Rab27a","11891","RAB27A, member RAS oncogene family","Down_in_male"
"ENSMUSG00000030117",93.4154428824151,-1.6295244913081,0.457167190510981,-3.56439509468465,0.000364696272405958,0.00863037934715642,"Gdf3","14562","growth differentiation factor 3","Down_in_male"
"ENSMUSG00000057751",47.7113907575634,5.12003033972835,1.43780485377486,3.56100504618972,0.00036943798252897,0.00871514060198246,"Megf6","230971","multiple EGF-like-domains 6","Up_in_male"
"ENSMUSG00000040613",1220.47452870747,-0.693024439025885,0.194604017524371,-3.56120314391297,0.000369159322301152,0.00871514060198246,"Apobec1","11810","apolipoprotein B mRNA editing enzyme, catalytic polypeptide 1","Down_in_male"
"ENSMUSG00000060487",513.623383220934,-0.7322887406816,0.206126295796337,-3.55262164806541,0.000381412619025782,0.00896946389061099,"Samd5","320825","sterile alpha motif domain containing 5","Down_in_male"
"ENSMUSG00000026748",411.141036181459,-1.4782102409703,0.416459184972665,-3.54947205947041,0.000386004426288702,0.00906326330287551,"Plxdc2","67448","plexin domain containing 2","Down_in_male"
"ENSMUSG00000050350",37.3382394328106,-2.27885662957154,0.643959418172938,-3.53882025056359,0.000401919430486334,0.00940754405283198,"Gpr18","110168","G protein-coupled receptor 18","Down_in_male"
"ENSMUSG00000037337",240.782577222513,-0.893257521297464,0.252447795811905,-3.53838510819487,0.000402582435676146,0.00940840787077053,"Map4k1","26411","mitogen-activated protein kinase kinase kinase kinase 1","Down_in_male"
"ENSMUSG00000049608",40.9140078203676,-2.24271320853622,0.634243018031322,-3.53604713773209,0.000406162213819546,0.00947732855134522,"Gpr55","227326","G protein-coupled receptor 55","Down_in_male"
"ENSMUSG00000046207",123.533782192183,-1.25561211621068,0.355242524852992,-3.53452086495073,0.000408515181160753,0.00950383137475978,"Pik3r6","104709","phosphoinositide-3-kinase regulatory subunit 5","Down_in_male"
"ENSMUSG00000061740",700.758744541571,0.589116566834336,0.166676541744288,3.53448998082854,0.000408562924608692,0.00950383137475978,"Cyp2d22","56448","cytochrome P450, family 2, subfamily d, polypeptide 22","Up_in_male"
"ENSMUSG00000000817",39.6454907219236,-2.28120342840243,0.647824480534262,-3.52132946029011,0.000429388764297234,0.00997283610679217,"Fasl","14103","Fas ligand","Down_in_male"
"ENSMUSG00000107215",47.9062083051219,-2.03207879998248,0.57798044783335,-3.51582619723565,0.000438387863805977,0.0101661333787229,NA,NA,NA,"Down_in_male"
"ENSMUSG00000026430",522.721104454011,-0.720560389596775,0.204995362361112,-3.51500824846692,0.000439740329739113,0.0101817841833431,"Rassf5","54354","Ras association (RalGDS/AF-6) domain family member 5","Down_in_male"
"ENSMUSG00000032691",269.112935442951,-1.27636426813098,0.363549637014601,-3.51083906619255,0.00044669473805115,0.0103268951210687,"Nlrp3","216799","NLR family, pyrin domain containing 3","Down_in_male"
"ENSMUSG00000074896",1872.70322385068,-1.82191606037874,0.520577431409483,-3.4997983978019,0.000465610151737907,0.0107476555302082,"Ifit3","15959","interferon-induced protein with tetratricopeptide repeats 3","Down_in_male"
"ENSMUSG00000091549",579.004564907036,-0.67463334653725,0.192889402990312,-3.49751378810133,0.000469616436597332,0.0108235064305953,NA,NA,NA,"Down_in_male"
"ENSMUSG00000041481",1015.118432505,-2.88743520746245,0.826965910137019,-3.49160125232252,0.000480134445604814,0.0110489744473255,"Serpina3g","20715","serine (or cysteine) peptidase inhibitor, clade A, member 3G","Down_in_male"
"ENSMUSG00000021356",37.7942118541909,-2.15549233495754,0.618580033512843,-3.48458116683261,0.000492907937896283,0.0113082863859045,"Irf4","16364","interferon regulatory factor 4","Down_in_male"
"ENSMUSG00000000732",286.865821004294,-0.934911122708865,0.268680575574183,-3.47963793330022,0.000502091833499185,0.011501423753037,"Icosl","50723","icos ligand","Down_in_male"
"ENSMUSG00000027368",227.55342989916,-0.978228479177033,0.281875728988025,-3.47042465376148,0.000519636109193356,0.0118671304146635,"Dusp2","13537","dual specificity phosphatase 2","Down_in_male"
"ENSMUSG00000042345",35.3976715617055,-2.47802779929561,0.714174434542671,-3.46977948165065,0.00052088583200796,0.0118776197231921,"Ubash3a","328795","ubiquitin associated and SH3 domain containing, A","Down_in_male"
"ENSMUSG00000029254",78.2864553937893,-1.82303668570996,0.52615339800585,-3.46483875732698,0.000530549476143632,0.0120796469363793,"Stap1","56792","signal transducing adaptor family member 1","Down_in_male"
"ENSMUSG00000056673",254.174862414196,0.843138886467658,0.24362506693371,3.46080515063368,0.000538562469324109,0.0122435374077661,"Kdm5d","20592","lysine demethylase 5D","Up_in_male"
"ENSMUSG00000026069",899.386546432973,-0.846563638641935,0.244662322716645,-3.4601308008605,0.000539913055195797,0.0122557001214913,"Il1rl1","17082","interleukin 1 receptor-like 1","Down_in_male"
"ENSMUSG00000006418",2289.69453605844,-0.652646261103127,0.189072766415854,-3.45182584184372,0.000556806997366993,0.0126201187774266,"Rnf114","81018","ring finger protein 114","Down_in_male"
"ENSMUSG00000041135",821.126282002167,-0.722052238445013,0.209213527287316,-3.45126936965891,0.000557956392161115,0.0126271245557305,"Ripk2","192656","receptor (TNFRSF)-interacting serine-threonine kinase 2","Down_in_male"
"ENSMUSG00000023019",476.615262955212,7.78244474577051,2.25922222176524,3.4447451298924,0.000571598083954365,0.0128970036149884,"Gpd1","14555","glycerol-3-phosphate dehydrogenase 1 (soluble)","Up_in_male"
"ENSMUSG00000031636",604.08302245431,9.16109590007767,2.66240740901313,3.44090685334796,0.000579768081704294,0.0130617315798657,"Pdlim3","53318","PDZ and LIM domain 3","Up_in_male"
"ENSMUSG00000029204",217.134714162347,-1.09127159911005,0.317368353802256,-3.4385016213368,0.000584943034856,0.0131585912945825,"Rhoh","74734","ras homolog family member H","Down_in_male"
"ENSMUSG00000051998",48.2782157770375,-1.92638514248731,0.560923190608384,-3.43431181798336,0.000594060392784953,0.0133437152800889,"Lax1","240754","lymphocyte transmembrane adaptor 1","Down_in_male"
"ENSMUSG00000027022",1776.45913203486,8.96341927856349,2.61313414762266,3.43014126799349,0.000603267080421495,0.0135302901753639,"Xirp2","241431","xin actin-binding repeat containing 2","Up_in_male"
"ENSMUSG00000042190",685.185837333529,-0.722257527519492,0.210654254824358,-3.42863963569929,0.000606614394358374,0.0135850886796174,"Cmklr1","14747","chemerin chemokine-like receptor 1","Down_in_male"
"ENSMUSG00000027313",495.086413947229,1.00485738150372,0.293269024991712,3.42640134440423,0.000611635903805293,0.0136771617953603,"Chac1","69065","ChaC, cation transport regulator 1","Up_in_male"
"ENSMUSG00000021268",561.181603651613,-1.04770248846863,0.306269940541093,-3.42084661203653,0.000624265303194343,0.0139388331517108,"Meg3","17263","maternally expressed 3","Down_in_male"
"ENSMUSG00000005125",4083.85389389093,0.615439468573468,0.180249602041168,3.41437352207249,0.000639288671333722,0.0142319864653805,"Ndrg1","17988","N-myc downstream regulated gene 1","Up_in_male"
"ENSMUSG00000056071",85.4697528523749,2.57993875370616,0.757131914914028,3.40751552389534,0.000655571792910259,0.0145513697667097,"S100a9","20202","S100 calcium binding protein A9 (calgranulin B)","Up_in_male"
"ENSMUSG00000028037",1236.30548137646,-2.21401283289304,0.650155859628556,-3.40535703878442,0.000660776006241515,0.0146094158326616,"Ifi44","99899","interferon-induced protein 44","Down_in_male"
"ENSMUSG00000020901",499.120306490562,-0.715102456821469,0.210145561432766,-3.40289108152426,0.000666768552301352,0.0147129677465968,"Pik3r5","320207","phosphoinositide-3-kinase regulatory subunit 5","Down_in_male"
"ENSMUSG00000040329",109.426107150062,-1.39962338246548,0.411922212581159,-3.39778564912841,0.000679336252504979,0.0149683077219829,"Il7","16196","interleukin 7","Down_in_male"
"ENSMUSG00000056174",39.1611865980813,4.50431309917359,1.32713216490896,3.39401999158281,0.000688746644964852,0.0151534346030554,"Col8a2","329941","collagen, type VIII, alpha 2","Up_in_male"
"ENSMUSG00000076752",31.4574767248403,-2.61129711318215,0.769495595392131,-3.39351794710592,0.000690010369782324,0.0151590436063143,"Trgc2","107574","T cell receptor gamma, constant 2","Down_in_male"
"ENSMUSG00000040247",27.1846242423077,-2.65709258409994,0.783763863607274,-3.39016980429624,0.000698493437989562,0.0153195960641146,"Tbc1d10c","108995","TBC1 domain family, member 10c","Down_in_male"
"ENSMUSG00000019850",791.135434390866,-0.973010972417519,0.287038199136156,-3.38983095401867,0.000699357350101992,0.0153195960641146,"Tnfaip3","21929","tumor necrosis factor, alpha-induced protein 3","Down_in_male"
"ENSMUSG00000027399",112.427927149179,-1.37854639461626,0.406932812993847,-3.38765110749893,0.000704938738630806,0.015413489829503,"Il1a","16175","interleukin 1 alpha","Down_in_male"
"ENSMUSG00000029923",35.9300012105737,-2.69037634400481,0.795249780392184,-3.38305826714976,0.000716834219701694,0.0155757744505996,"Rab19","19331","RAB19, member RAS oncogene family","Down_in_male"
"ENSMUSG00000032899",408.811338910608,-0.683166934281912,0.201947672110294,-3.3828908605037,0.000717271306302981,0.0155757744505996,"Styk1","243659","serine/threonine/tyrosine kinase 1","Down_in_male"
"ENSMUSG00000036931",29.514748796997,-2.39463671857376,0.708302106699732,-3.38081264466563,0.000722718033542379,0.015671405324735,"Nfkbid","243910","nuclear factor of kappa light polypeptide gene enhancer in B cells inhibitor, delta","Down_in_male"
"ENSMUSG00000020641",509.446160270638,-1.18805730189003,0.35208011819004,-3.37439474855197,0.000739781995968433,0.015949360191417,"Rsad2","58185","radical S-adenosyl methionine domain containing 2","Down_in_male"
"ENSMUSG00000052117",15.9644234733409,-3.9335696032192,1.16700055185386,-3.37066644653292,0.000749865910425348,0.0161205079198308,"D630039A03Rik","242484","RIKEN cDNA D630039A03 gene","Down_in_male"
"ENSMUSG00000035561",95.591424251885,-1.54495737261292,0.458480704994425,-3.36973258805233,0.000752411625384672,0.0161521278495078,"Aldh1b1","72535","aldehyde dehydrogenase 1 family, member B1","Down_in_male"
"ENSMUSG00000032648",4599.41976231054,9.58797387370072,2.85106258136123,3.36294753274864,0.000771150186428882,0.0165072277086422,"Pygm","19309","muscle glycogen phosphorylase","Up_in_male"
"ENSMUSG00000046312",157.501226534792,1.90006136650202,0.564966846009867,3.36313781936302,0.000770618811765253,0.0165072277086422,"Myorg","329828","myogenesis regulating glycosidase (putative)","Up_in_male"
"ENSMUSG00000041831",16.8853045572676,-4.42254073132932,1.31629630347951,-3.35983677811654,0.000779885333769606,0.0166704650221278,"Sytl3","83672","synaptotagmin-like 3","Down_in_male"
"ENSMUSG00000035000",73.1708509865016,-1.5664904854649,0.467127714480172,-3.3534522506508,0.000798101831385663,0.0170114556315353,"Dpp4","13482","dipeptidylpeptidase 4","Down_in_male"
"ENSMUSG00000038304",38.9830795094592,-2.68315744374264,0.800408672444379,-3.35223434742219,0.000801621321694243,0.0170529095792848,"Cd160","54215","CD160 antigen","Down_in_male"
"ENSMUSG00000025059",706.956750478258,-0.742374555708455,0.221673367513152,-3.34895690915332,0.000811164103843759,0.0172166143904805,"Gk","14933","glycerol kinase","Down_in_male"
"ENSMUSG00000031700",1186.68826386632,0.798630587329066,0.238605088100702,3.34708112759108,0.000816673059973908,0.0173090917802933,"Gpt2","108682","glutamic pyruvate transaminase (alanine aminotransferase) 2","Up_in_male"
"ENSMUSG00000061723",15004.8761835693,9.47812129794899,2.83218431220704,3.34657644175811,0.000818161179740393,0.017316208518252,"Tnnt3","21957","troponin T3, skeletal, fast","Up_in_male"
"ENSMUSG00000047867",321.800346438592,-0.959823729913917,0.28708539961446,-3.34333871106962,0.00082776797283506,0.0174948935693283,"Gimap6","231931","GTPase, IMAP family member 6","Down_in_male"
"ENSMUSG00000049134",840.947974168564,8.39628910370301,2.51254021373609,3.34175312211935,0.000832510709409333,0.0175704191436714,"Nrap","18175","nebulin-related anchoring protein","Up_in_male"
"ENSMUSG00000016349",1070.24989089538,8.74546320882734,2.62012948192026,3.33779810088542,0.000844450850766295,0.017772497107094,"Eef1a2","13628","eukaryotic translation elongation factor 1 alpha 2","Up_in_male"
"ENSMUSG00000020707",375.149540329617,-0.757536681028382,0.22707599531457,-3.33604914944427,0.000849781387906332,0.0178347275364085,"Rnf135","71956","ring finger protein 135","Down_in_male"
"ENSMUSG00000029605",79.331400633762,-1.66432660215996,0.499238948983907,-3.33372747768846,0.000856905703596945,0.0179318960349308,"Oas1b","23961","2'-5' oligoadenylate synthetase 1B","Down_in_male"
"ENSMUSG00000051439",1264.71676852943,-0.720215096916318,0.216086873632596,-3.33298864854175,0.00085918447761697,0.0179318960349308,"Cd14","12475","CD14 antigen","Down_in_male"
"ENSMUSG00000031972",23341.8071022482,9.08196730862993,2.72577101275834,3.33188931356323,0.000862585564615487,0.017953010082378,"Acta1","11459","actin alpha 1, skeletal muscle","Up_in_male"
"ENSMUSG00000023341",111.24987801361,-1.42860260960437,0.428728934371757,-3.33218146728956,0.000861680492917805,0.017953010082378,"Mx2","17858","MX dynamin-like GTPase 2","Down_in_male"
"ENSMUSG00000026581",72.2162460597293,-1.55887909650461,0.467929646419945,-3.3314390495053,0.0008639821773498,0.0179572063333824,"Sell","20343","selectin, lymphocyte","Down_in_male"
"ENSMUSG00000037151",454.820323927529,1.37318119493523,0.412236761261392,3.33104983343424,0.000865191122966661,0.0179574958630111,"Lrrc20","216011","leucine rich repeat containing 20","Up_in_male"
"ENSMUSG00000022878",39.2366667955617,4.35747485540866,1.3099969586925,3.32632440594201,0.000879994456082203,0.0181893764670526,"Adipoq","11450","adiponectin, C1Q and collagen domain containing","Up_in_male"
"ENSMUSG00000050232",38.2993379764485,-2.06777769236027,0.621738946851908,-3.32579727043028,0.000881660290363352,0.0181987763506732,"Cxcr3","12766","C-X-C motif chemokine receptor 3","Down_in_male"
"ENSMUSG00000078190",262.515400736292,-0.804681856594501,0.242403687040487,-3.31959413001875,0.000901484072747477,0.0185824432937947,"Dnm3os","474332","dynamin 3, opposite strand","Down_in_male"
"ENSMUSG00000038527",180.982633164147,-1.30658641948604,0.394007662774284,-3.31614469192328,0.000912685615571448,0.0187875708838249,"C1rl","232371","complement component 1, r subcomponent-like","Down_in_male"
"ENSMUSG00000027951",1418.9205374575,-0.638965472562451,0.192897506098905,-3.31246103428021,0.000924790076066647,0.0190106983215506,"Adar","56417","adenosine deaminase, RNA-specific","Down_in_male"
"ENSMUSG00000033152",66.91262717085,2.33017949769542,0.703618740976947,3.31170755125149,0.000927284266489056,0.0190359298805069,"Podxl2","319655","podocalyxin-like 2","Up_in_male"
"ENSMUSG00000044703",77.2001705123071,-1.45153588217224,0.438689281086772,-3.30880179833966,0.000936961411860926,0.0191821584385194,"Phf11a","219131","PHD finger protein 11A","Down_in_male"
"ENSMUSG00000037573",385.54014563008,0.989048216535029,0.2989487294819,3.30842087286714,0.000938236937000848,0.0191821584385194,"Tob1","22057","transducer of ErbB-2.1","Up_in_male"
"ENSMUSG00000051506",493.490590177286,-0.704620953549121,0.213029512172777,-3.30762130731277,0.000940919508017154,0.0192108660964318,"Wdfy4","545030","WD repeat and FYVE domain containing 4","Down_in_male"
"ENSMUSG00000019929",1863.52758003594,0.9077624213133,0.274700956965535,3.30454772105942,0.000951297791207466,0.0193964069314445,"Dcn","13179","decorin","Up_in_male"
"ENSMUSG00000033705",382.865200948515,-0.709490890345698,0.214944268260322,-3.30081325772513,0.000964050256367124,0.0196297875371664,"Stard9","668880","StAR related lipid transfer domain containing 9","Down_in_male"
"ENSMUSG00000026980",1211.7613205889,-0.754662873759907,0.229032020512861,-3.29501033117564,0.000984180614877048,0.0200125603514985,"Ly75","17076","lymphocyte antigen 75","Down_in_male"
"ENSMUSG00000004951",451.253091391794,0.939651429794045,0.285446175332096,3.29186904922032,0.000995239414543882,0.0202100847058796,"Hspb1","15507","heat shock protein 1","Up_in_male"
"ENSMUSG00000021373",279.259883233889,8.50145059813682,2.58334231222164,3.29087266442274,0.000998771122243176,0.0202174009518112,"Cap2","67252","cyclase associated actin cytoskeleton regulatory protein 2","Up_in_male"
"ENSMUSG00000025790",461.378820718108,-1.17101732666559,0.355864262472382,-3.29062918127798,0.00099963591583122,0.0202174009518112,"Slco3a1","108116","solute carrier organic anion transporter family, member 3a1","Down_in_male"
"ENSMUSG00000023809",675.901906877487,0.853381805891216,0.259290715372788,3.29121621136448,0.000997552104130381,0.0202174009518112,"Rps6ka2","20112","ribosomal protein S6 kinase, polypeptide 2","Up_in_male"
"ENSMUSG00000031097",5912.57592556035,8.24692627821516,2.51692959855848,3.27658202396222,0.00105071788200215,0.0212219591570515,"Tnni2","21953","troponin I, skeletal, fast 2","Up_in_male"
"ENSMUSG00000042529",27.5480995140712,5.68373404023402,1.73554890529882,3.27489131702423,0.00105702630967968,0.0213207172557806,"Kcnj12","16515","potassium inwardly-rectifying channel, subfamily J, member 12","Up_in_male"
"ENSMUSG00000030409",1173.12925796528,0.749918483690242,0.22912100427983,3.27302372843283,0.00106403544598031,0.0214333252637348,"Dmpk","13400","dystrophia myotonica-protein kinase","Up_in_male"
"ENSMUSG00000030990",582.875375823857,-0.62255352085492,0.190411999213097,-3.26950782213151,0.00107734758553042,0.0216434520959434,"Pgap2","233575","post-GPI attachment to proteins 2","Down_in_male"
"ENSMUSG00000006281",1105.67494127446,-0.58344852782292,0.178447984080045,-3.26957197544584,0.0010771033106603,0.0216434520959434,"Tep1","21745","telomerase associated protein 1","Down_in_male"
"ENSMUSG00000110631",104.178247106945,-1.82109769724143,0.557468158484636,-3.26672953338128,0.00108797569549536,0.0218277847479422,NA,NA,NA,"Down_in_male"
"ENSMUSG00000025887",1234.33769326614,-0.742138554123354,0.227525784670741,-3.26177780332599,0.00110715889378163,0.0221830355958087,"Casp12","12364","caspase 12","Down_in_male"
"ENSMUSG00000013707",299.545049515023,-0.772892685423912,0.237782754451441,-3.25041522547317,0.00115236619639532,0.0230274027037666,"Tnfaip8l2","69769","tumor necrosis factor, alpha-induced protein 8-like 2","Down_in_male"
"ENSMUSG00000047419",1477.26641115787,7.6955565591287,2.36815511567913,3.24959987129973,0.00115567490170395,0.023062850926833,"Cmya5","76469","cardiomyopathy associated 5","Up_in_male"
"ENSMUSG00000070691",434.580916131599,-0.740113805513561,0.228172905555207,-3.2436533326017,0.00118007275517357,0.0234562874232715,"Runx3","12399","runt related transcription factor 3","Down_in_male"
"ENSMUSG00000034127",207.989960087627,1.49292479432461,0.460860714711527,3.23942732948957,0.00119769982533757,0.0237438460096934,"Tspan8","216350","tetraspanin 8","Up_in_male"
"ENSMUSG00000020261",413.347350903977,-0.654397337004844,0.20211803108972,-3.23769894984955,0.00120497890073193,0.0238566771295109,"Slc36a1","215335","solute carrier family 36 (proton/amino acid symporter), member 1","Down_in_male"
"ENSMUSG00000014543",25.3613610768019,-2.49015198328107,0.769241976268044,-3.2371504157404,0.00120729758278072,0.0238711326005868,"Klra17","170733","killer cell lectin-like receptor, subfamily A, member 17","Down_in_male"
"ENSMUSG00000051969",15.3089581179373,-3.54507092304669,1.09739222221438,-3.23045019937653,0.00123595433861744,0.0243852188497056,"Tlr11","239081","toll-like receptor 11","Down_in_male"
"ENSMUSG00000026475",853.138776725101,-0.817109542464769,0.252950500613506,-3.23031399614925,0.00123654333955385,0.0243852188497056,"Rgs16","19734","regulator of G-protein signaling 16","Down_in_male"
"ENSMUSG00000039376",127.361368166052,7.91388194214042,2.45402627025324,3.22485624464149,0.00126035938787959,0.0247574124466231,"Synpo2l","68760","synaptopodin 2-like","Up_in_male"
"ENSMUSG00000030672",6225.96101701617,8.313922152203,2.57868301949796,3.22409621087187,0.00126370934741858,0.0247593754464857,"Mylpf","17907","myosin light chain, phosphorylatable, fast skeletal muscle","Up_in_male"
"ENSMUSG00000071203",105.783965229838,-1.20323326566703,0.373201361606888,-3.22408594782796,0.00126375463947924,0.0247593754464857,"Naip5","17951","NLR family, apoptosis inhibitory protein 5","Down_in_male"
"ENSMUSG00000076472",56.3063150723927,-6.7683135499138,2.10067907268654,-3.22196457227417,0.00127314876451412,0.0249109459431689,"Trbv15","100124679","T cell receptor beta, variable 15","Down_in_male"
"ENSMUSG00000026548",674.275666460783,-0.787468505384873,0.244521879744889,-3.2204418934062,0.00127993136713223,0.0250110905772381,"Slamf9","98365","SLAM family member 9","Down_in_male"
"ENSMUSG00000028362",88.819635678539,-1.41807737312652,0.440730632302348,-3.21756027194792,0.00129285860208388,0.0252308911863824,"Tnfsf8","21949","tumor necrosis factor (ligand) superfamily, member 8","Down_in_male"
"ENSMUSG00000023153",34.018570417235,5.36606383459154,1.67048667697475,3.21227574488021,0.00131687913537543,0.0256330864861225,"Tmem52","69671","transmembrane protein 52","Up_in_male"
"ENSMUSG00000027107",102.375551028371,1.47891707124647,0.460633008959424,3.21061895800164,0.0013244943491389,0.0257285722114995,"Chrna1","11435","cholinergic receptor nicotinic alpha 1 subunit","Up_in_male"
"ENSMUSG00000002227",1577.26721471396,-0.68440302365617,0.213242619767386,-3.20950391813206,0.00132964234431153,0.0257285722114995,"Mov10","17454","Mov10 RISC complex RNA helicase","Down_in_male"
"ENSMUSG00000039637",611.65435331556,-0.681814867118042,0.212374557765678,-3.2104357239925,0.00132533905215903,0.0257285722114995,"Coro7","78885","coronin 7","Down_in_male"
"ENSMUSG00000066152",490.132243426707,-0.608767266052721,0.189685418347567,-3.20935194363363,0.00133034541880183,0.0257285722114995,"Slc31a2","20530","solute carrier family 31, member 2","Down_in_male"
"ENSMUSG00000007122",1950.13820556426,8.61879281910166,2.68901063405705,3.20519105054562,0.00134972858821061,0.026036420404417,"Casq1","12372","calsequestrin 1","Up_in_male"
"ENSMUSG00000026893",55.3619067760173,-1.65720545162914,0.517627662603613,-3.20153958405849,0.00136695292404187,0.0263348738327913,"Gca","227960","grancalcin","Down_in_male"
"ENSMUSG00000042895",181.554856483751,8.42675202421951,2.63361816668499,3.19968632158491,0.00137577230073234,0.0264708455353456,"Abra","223513","actin-binding Rho activating protein","Up_in_male"
"ENSMUSG00000062007",18.8826071518573,-2.9962977985527,0.939011752949693,-3.19090553354685,0.00141827644735584,0.0271496053177276,"Hsh2d","209488","hematopoietic SH2 domain containing","Down_in_male"
"ENSMUSG00000002289",1179.24394985651,0.589921849055192,0.185211478769786,3.18512574368272,0.00144691122988776,0.0276273634708047,"Angptl4","57875","angiopoietin-like 4","Up_in_male"
"ENSMUSG00000079563",24.1161834878613,-2.68376438835326,0.842922730959288,-3.18387948240405,0.00145315499987146,0.0276881855960701,"Pglyrp2","57757","peptidoglycan recognition protein 2","Down_in_male"
"ENSMUSG00000017639",29.9375724760442,-2.46152111050995,0.773150376775479,-3.18375465427054,0.00145378175519394,0.0276881855960701,"Rab11fip4","268451","RAB11 family interacting protein 4 (class II)","Down_in_male"
"ENSMUSG00000031519",604.301500377447,1.32958105768841,0.417724460045261,3.18291406144699,0.00145800881844284,0.0277335424237222,"Asb5","76294","ankyrin repeat and SOCs box-containing 5","Up_in_male"
"ENSMUSG00000067203",58.1497069614425,-1.78080227530779,0.559615908063231,-3.18218665632817,0.00146167583727576,0.0277681451412679,NA,NA,NA,"Down_in_male"
"ENSMUSG00000027544",334.123980685713,-0.702607504334463,0.220939434065575,-3.18009099328973,0.00147228813480815,0.0279344366183864,"Nfatc2","18019","nuclear factor of activated T cells, cytoplasmic, calcineurin dependent 2","Down_in_male"
"ENSMUSG00000057604",92.1009880251283,2.50888249183045,0.789913136434373,3.17614985257165,0.00149243835686438,0.0282810481571261,"Lmcd1","30937","LIM and cysteine-rich domains 1","Up_in_male"
"ENSMUSG00000055809",85.4257990687128,-1.4298743503842,0.450389447091893,-3.17475100630513,0.00149965124722782,0.0283819386550283,"Dnaaf3","436022","dynein, axonemal assembly factor 3","Down_in_male"
"ENSMUSG00000000982",117.129882501784,-1.7974925150897,0.566837737477226,-3.17108829607859,0.00151868973896577,0.0287061015187907,"Ccl3","20302","C-C motif chemokine ligand 3","Down_in_male"
"ENSMUSG00000030325",45.0807521062594,-2.13295047472258,0.672714984830046,-3.17065997163932,0.00152093061813309,0.0287123422094044,"Klrb1c","17059","killer cell lectin-like receptor subfamily B member 1C","Down_in_male"
"ENSMUSG00000079092",421.772857583516,-1.00639926846562,0.317504990150453,-3.16971165709466,0.00152590278723069,0.0287700642204712,"Prl2c2","18811","prolactin family 2, subfamily c, member 2","Down_in_male"
"ENSMUSG00000030114",47.8342807987094,-1.76886989406275,0.558883304098331,-3.16500758045821,0.00155078910783023,0.0291660925198559,"Klrg1","50928","killer cell lectin-like receptor subfamily G, member 1","Down_in_male"
"ENSMUSG00000020010",39.1314550578695,-1.90444736362593,0.602305225659041,-3.16193066653555,0.00156726875563915,0.0293273204235461,"Vnn3","26464","vanin 3","Down_in_male"
"ENSMUSG00000025701",91.7604276669886,1.25511108999643,0.396849230939761,3.16268998940543,0.00156318697781858,0.0293273204235461,"Alox5","11689","arachidonate 5-lipoxygenase","Up_in_male"
"ENSMUSG00000051682",153.735716368436,-1.08877677175299,0.3443766719014,-3.16158689188077,0.00156911995877628,0.0293273204235461,"Treml4","224840","triggering receptor expressed on myeloid cells-like 4","Down_in_male"
"ENSMUSG00000115338",1126.7397091401,-0.673122648244514,0.21288054207916,-3.16197357292623,0.00156703784885321,0.0293273204235461,"Pnp","18950","purine-nucleoside phosphorylase","Down_in_male"
"ENSMUSG00000020573",582.665186661608,-0.629563218437718,0.199121745932368,-3.16169997149156,0.00156851081067396,0.0293273204235461,"Pik3cg","30955","phosphatidylinositol-4,5-bisphosphate 3-kinase catalytic subunit gamma","Down_in_male"
"ENSMUSG00000022661",426.403427950858,-0.630654350062599,0.199515053379004,-3.16093617690386,0.00157262952793963,0.0293564023805574,"Cd200","17470","CD200 molecule","Down_in_male"
"ENSMUSG00000029468",779.604872869682,-0.609149990038211,0.192970951081043,-3.15669268677846,0.00159569420760632,0.0296763574971537,"P2rx7","18439","purinergic receptor P2X, ligand-gated ion channel, 7","Down_in_male"
"ENSMUSG00000005716",6383.61100596329,10.236714487363,3.2512469325067,3.14855029466205,0.0016408248521829,0.0303887484490392,"Pvalb","19293","parvalbumin","Up_in_male"
"ENSMUSG00000038239",500.105118153673,7.85136192288989,2.49385201162287,3.14828702196352,0.00164230350146021,0.0303887484490392,"Hrc","15464","histidine rich calcium binding protein","Up_in_male"
"ENSMUSG00000052736",23.0090111177206,-2.58697067039439,0.821816244737834,-3.14786996114887,0.00164464839890436,0.0303887484490392,"Klrc2","16642","killer cell lectin-like receptor subfamily C, member 2","Down_in_male"
"ENSMUSG00000027978",66.5838683183464,1.45227822990554,0.461228288452733,3.14871890182073,0.00163987852769137,0.0303887484490392,"Prss12","19142","serine protease 12 neurotrypsin (motopsin)","Up_in_male"
"ENSMUSG00000032577",570.783813316848,-0.826784032997258,0.262670735766905,-3.147606186823,0.00164613304302375,0.0303887484490392,"Mapkapk3","102626","mitogen-activated protein kinase-activated protein kinase 3","Down_in_male"
"ENSMUSG00000079339",96.6660196928752,-1.23322516984552,0.392048712353971,-3.14559168538239,0.00165751232964724,0.0305612733467596,"Ifit1bl1","667373","interferon induced protein with tetratricpeptide repeats 1B like 1","Down_in_male"
"ENSMUSG00000028328",141.400500040052,6.29674774324544,2.00602432739933,3.13891893395367,0.00169572352162889,0.0311892746138524,"Tmod1","21916","tropomodulin 1","Up_in_male"
"ENSMUSG00000067577",19.3576536760977,-3.06257544064333,0.975827928464775,-3.13843798820304,0.00169850870014604,0.0312023108032941,"A430093F15Rik","403202","RIKEN cDNA A430093F15 gene","Down_in_male"
"ENSMUSG00000114515",93.6779515879298,2.79502858018196,0.891390480861604,3.13558271059876,0.00171513056579175,0.0314691904910288,"Gm57854","129135233","predicted gene, 57854","Up_in_male"
"ENSMUSG00000041272",28.3344206005462,-2.82395518568661,0.902181173839419,-3.13014200204232,0.00174721820319412,0.031979839146648,"Tox","252838","thymocyte selection-associated high mobility group box","Down_in_male"
"ENSMUSG00000031995",53.1212495428645,-1.82879446901963,0.584384189021616,-3.12943865247522,0.0017514063950427,0.0320174986597404,"St14","19143","suppression of tumorigenicity 14 (colon carcinoma)","Down_in_male"
"ENSMUSG00000026062",78.9900052250913,1.48401265455534,0.47433312415252,3.12862960436675,0.00175623539781302,0.032066767099558,"Slc9a2","226999","solute carrier family 9 (sodium/hydrogen exchanger), member 2","Up_in_male"
"ENSMUSG00000046727",161.742867840964,2.19581536258864,0.702700800269379,3.12482262969798,0.00177912301303496,0.0324120870039238,"Cystm1","66060","cysteine-rich transmembrane module containing 1","Up_in_male"
"ENSMUSG00000021798",1122.30625801389,7.43168962635599,2.38159932147568,3.12046176673882,0.00180567736567509,0.0327308971942094,"Ldb3","24131","LIM domain binding 3","Up_in_male"
"ENSMUSG00000027470",687.005152896609,7.3088823025545,2.34220576580038,3.12051247131009,0.0018053665313458,0.0327308971942094,"Mylk2","228785","myosin, light polypeptide kinase 2, skeletal muscle","Up_in_male"
"ENSMUSG00000025058",121.231623240075,-1.13426758676751,0.363477011466719,-3.12060336963391,0.00180480942027838,0.0327308971942094,"Tasl","71398","TLR adaptor interacting with endolysosomal SLC15A4","Down_in_male"
"ENSMUSG00000041538",62.0697817438207,-1.51139702982694,0.484699467190155,-3.11821475395597,0.00181950172015096,0.0329417498177211,"H2-Ob","15002","histocompatibility 2, O region beta locus","Down_in_male"
"ENSMUSG00000087523",75.6425147848942,2.11906502807916,0.680375732557682,3.11455116147828,0.00184225004810362,0.0332734272510253,NA,NA,NA,"Up_in_male"
"ENSMUSG00000073600",94.6630929601018,2.85294413909645,0.919268888613144,3.10349254112205,0.00191251055731733,0.0344595877036061,"Prob1","381148","proline rich basic protein 1","Up_in_male"
"ENSMUSG00000020911",313.748845115826,1.05309191591272,0.339570731639065,3.1012446532997,0.00192708998271372,0.0346806960122624,"Krt19","16669","keratin 19","Up_in_male"
"ENSMUSG00000024672",1554.23763723926,-0.677974321672677,0.218811687425036,-3.09843742649691,0.00194544047882081,0.0349690598986128,"Ms4a7","109225","membrane-spanning 4-domains, subfamily A, member 7","Down_in_male"
"ENSMUSG00000022534",85.9970850605739,-1.23505023957241,0.398848677144503,-3.09653838747711,0.00195794509074235,0.0351517812169478,"Mefv","54483","Mediterranean fever","Down_in_male"
"ENSMUSG00000022864",456.980598450588,-0.607786312009514,0.196667765176041,-3.09042161263934,0.00199872554893792,0.0358411083817304,"D16Ertd472e","67102","DNA segment, Chr 16, ERATO Doi 472, expressed","Down_in_male"
"ENSMUSG00000020061",844.656851809918,7.65605284274146,2.47861146824205,3.08884750225557,0.00200934549818002,0.0359885992862351,"Mybpc1","109272","myosin binding protein C, slow-type","Up_in_male"
"ENSMUSG00000031461",1235.97463748684,8.72555631714028,2.82605729644486,3.08753694700986,0.00201822681492627,0.0360853303933969,"Myom2","17930","myomesin 2","Up_in_male"
"ENSMUSG00000069893",93.8608025526433,-1.30123381291707,0.421473775558145,-3.08734229358372,0.00201954900251859,0.0360853303933969,"9930111J21Rik1","667214","RIKEN cDNA 9930111J21 gene 1","Down_in_male"
"ENSMUSG00000036948",602.960884579118,-0.580828883529317,0.188727344540267,-3.07760852008062,0.00208668845348775,0.0371084821190064,"Trappc14","231807","trafficking protein particle complex 14","Down_in_male"
"ENSMUSG00000026479",379.435136013013,0.643997189707237,0.209362807582214,3.07598659544316,0.00209807277087523,0.0372668315933122,"Lamc2","16782","laminin, gamma 2","Up_in_male"
"ENSMUSG00000032725",122.154790861007,1.14242638337889,0.371669832531721,3.07376677734904,0.00211374605471987,0.037500899603631,"Folr2","14276","folate receptor beta","Up_in_male"
"ENSMUSG00000078502",63.7970745743799,-1.43541917467165,0.467480590655803,-3.07054282758131,0.00213670040009009,0.0378359120355488,"Zfp268","433801","zinc finger protein 268","Down_in_male"
"ENSMUSG00000022148",1577.59260457419,-0.667275745612801,0.217416264814718,-3.06911603960014,0.0021469318266206,0.0379552288925032,"Fyb1","23880","FYN binding protein 1","Down_in_male"
"ENSMUSG00000024334",29.4968709564642,-2.12870488783677,0.693957511897569,-3.06748590704927,0.00215867639370205,0.0381180142986613,"H2-Oa","15001","histocompatibility 2, O region alpha locus","Down_in_male"
"ENSMUSG00000041607",251.50637040898,-0.762404532681928,0.248587334165014,-3.0669484237513,0.00216256167685452,0.038141800842832,"Mbp","17196","myelin basic protein","Down_in_male"
"ENSMUSG00000045658",780.103357862732,-0.695536921794288,0.226992079739941,-3.06414621422539,0.00218292193180614,0.0384557653801299,"Pid1","98496","phosphotyrosine interaction domain containing 1","Down_in_male"
"ENSMUSG00000019848",37.9800729253836,4.11795885405126,1.3442289188639,3.06343569630359,0.00218811225250215,0.0385020641901052,"Popdc3","78977","popeye domain containing 3","Up_in_male"
"ENSMUSG00000113178",2522.9103708699,11.0424928268272,3.60577706066559,3.06244469390153,0.00219537039998884,0.0385467161011907,NA,NA,NA,"Up_in_male"
"ENSMUSG00000068697",1928.65286793836,7.67054708860683,2.50789753011802,3.05855681760884,0.00222405899984117,0.0389975899540412,"Myoz1","59011","myozenin 1","Up_in_male"
"ENSMUSG00000066684",65.54547870422,-1.44029776288736,0.471083520701536,-3.05741487357162,0.00223255043281698,0.0391008570558749,"Pilrb1","170741","paired immunoglobin-like type 2 receptor beta 1","Down_in_male"
"ENSMUSG00000042379",485.603895482906,0.75294370417929,0.246389021646927,3.0559141764776,0.0022437547081258,0.039251341093139,"Esm1","71690","endothelial cell-specific molecule 1","Up_in_male"
"ENSMUSG00000027078",1789.33090125482,-1.648540808539,0.540744796493571,-3.04864849228115,0.00229873275822675,0.040166345532411,"Ube2l6","56791","ubiquitin-conjugating enzyme E2L 6","Down_in_male"
"ENSMUSG00000021591",640.201420820549,-0.898318038993615,0.294986616065397,-3.04528405720774,0.00232460643625591,0.0405712670355605,"Glrx","93692","glutaredoxin","Down_in_male"
"ENSMUSG00000000275",1761.41456714371,-0.620417891034939,0.203875413322396,-3.04312266459442,0.00234136871797638,0.0407691167149839,"Trim25","217069","tripartite motif-containing 25","Down_in_male"
"ENSMUSG00000063354",25.6081134885453,-2.33686997932337,0.768524585696718,-3.0407224737057,0.00236011260586965,0.0410004764490212,"Slc39a4","72027","solute carrier family 39 (zinc transporter), member 4","Down_in_male"
"ENSMUSG00000058975",32.8425437233413,4.60262326651344,1.51461188784737,3.03881364159558,0.00237511728132504,0.0412134958273342,"Kcnc1","16502","potassium voltage gated channel, Shaw-related subfamily, member 1","Up_in_male"
"ENSMUSG00000101655",74.9443899143228,2.88631684201227,0.951163534155332,3.03451166741314,0.00240925436382891,0.0417095222641211,NA,NA,NA,"Up_in_male"
"ENSMUSG00000039601",55.5342556243749,2.5891050420259,0.853191998403816,3.03461008409561,0.00240846841286606,0.0417095222641211,"Rcan2","53901","regulator of calcineurin 2","Up_in_male"
"ENSMUSG00000061462",706.30735752743,8.52086846480097,2.810864322767,3.03140510759803,0.00243418418883705,0.0420926188787738,"Obscn","380698","obscurin, cytoskeletal calmodulin and titin-interacting RhoGEF","Up_in_male"
"ENSMUSG00000027901",50.1366915806667,-1.80693731634828,0.59658088060252,-3.02882203419486,0.00245509261003927,0.0424053754609887,"Dennd2d","72121","DENN domain containing 2D","Down_in_male"
"ENSMUSG00000004626",539.442718957311,-0.709494551450986,0.234454976708892,-3.02614412971885,0.00247694202262401,0.0427336484201733,"Stxbp2","20911","syntaxin binding protein 2","Down_in_male"
"ENSMUSG00000097855",34.5264424801534,-1.935999534784,0.640539698623868,-3.02245050376002,0.0025073708384173,0.0431101391177309,"A930007I19Rik","77779","RIKEN cDNA A930007I19 gene","Down_in_male"
"ENSMUSG00000002500",301.408846376656,9.27695247922323,3.07496484911103,3.01692960227015,0.00255349105489339,0.0438028653902774,"Rpl3l","66211","ribosomal protein L3-like","Up_in_male"
"ENSMUSG00000050106",52.8019077597927,-1.55957122708498,0.517583219212631,-3.0131796572877,0.00258525820133589,0.0442467824504265,"Tmc8","217356","transmembrane channel-like gene family 8","Down_in_male"
"ENSMUSG00000024451",1009.94739522952,0.632814121229869,0.210243966891684,3.00990383022923,0.00261330420279452,0.0446251389265833,"Arap3","106952","ArfGAP with RhoGAP domain, ankyrin repeat and PH domain 3","Up_in_male"
"ENSMUSG00000039519",582.746588080974,-0.935009089333977,0.310991825547349,-3.0065391194394,0.00264240051725785,0.0450707747705264,"Cyp7b1","13123","cytochrome P450, family 7, subfamily b, polypeptide 1","Down_in_male"
"ENSMUSG00000016495",702.491262858029,-0.598313356378361,0.199383500375734,-3.00081679402183,0.00269256511240189,0.0458743491429288,"Plgrkt","67759","plasminogen receptor, C-terminal lysine transmembrane protein","Down_in_male"
"ENSMUSG00000066705",34.2256804697796,3.81337865269181,1.27438533682815,2.99232778539577,0.00276858822184445,0.0470628678842269,"Fxyd6","59095","FXYD domain-containing ion transport regulator 6","Up_in_male"
"ENSMUSG00000016087",422.010685916176,-0.588599358399089,0.196931731320043,-2.98884976257346,0.00280029787975421,0.047548108744708,"Fli1","14247","Fli1 proto-oncogene, ETS transcription factor","Down_in_male"
"ENSMUSG00000056144",146.986044342896,-1.04716992629479,0.350492150275781,-2.98771292158994,0.00281073433524517,0.0476188583813911,"Trim34a","94094","tripartite motif-containing 34A","Down_in_male"
"ENSMUSG00000000244",203.554463601481,-0.849911958985624,0.284469788848711,-2.98770552200054,0.00281080238133319,0.0476188583813911,"Tspan32","27027","tetraspanin 32","Down_in_male"
"ENSMUSG00000041954",55.7143011404742,-1.566148440922,0.525205564570646,-2.98197229155849,0.00286397918382104,0.0484105907708423,"Tnfrsf18","21936","tumor necrosis factor receptor superfamily, member 18","Down_in_male"
"ENSMUSG00000005628",373.547065890568,7.5639848012829,2.53786862950757,2.98044773213913,0.00287827352283618,0.0484886273710691,"Tmod4","50874","tropomodulin 4","Up_in_male"
"ENSMUSG00000062585",93.105065359736,-1.1442060761315,0.383904126507996,-2.98044745322025,0.00287827614394049,0.0484886273710691,"Cnr2","12802","cannabinoid receptor 2","Down_in_male"
"ENSMUSG00000015441",564.855021443946,-0.968991934594164,0.325061092250693,-2.98095329676324,0.00287352612413992,0.0484886273710691,"Gzmf","14943","granzyme F","Down_in_male"
"ENSMUSG00000040522",278.740048903887,-0.747015514984345,0.250780389045601,-2.97876368175069,0.00289413893826754,0.0485924310897725,"Tlr8","170744","toll-like receptor 8","Down_in_male"
"ENSMUSG00000030786",1580.69296453461,-0.62750210627456,0.2106286640165,-2.97918666105864,0.00289014656670618,0.0485924310897725,"Itgam","16409","integrin alpha M","Down_in_male"
"ENSMUSG00000024381",4282.01829080268,0.581983086288361,0.195372102680063,2.97884436060662,0.00289337704706795,0.0485924310897725,"Bin1","30948","bridging integrator 1","Up_in_male"
"ENSMUSG00000081769",68.8596946293477,-1.79120873085872,0.601516133792406,-2.97782325399254,0.00290303339088151,0.048633091153597,"Carinh","622459","colitis associated IRF1 antisense regulator of intestinal homeostasis","Down_in_male"
"ENSMUSG00000031488",110.017787869455,-1.07902002473795,0.362777680499301,-2.97432858397701,0.00293630461696168,0.0490336949615163,"Rab11fip1","75767","RAB11 family interacting protein 1 (class I)","Down_in_male"
"ENSMUSG00000025743",4404.46145456583,-0.751530529339703,0.252734032316494,-2.97360241694152,0.00294326165271097,0.0490336949615163,"Sdc3","20970","syndecan 3","Down_in_male"
"ENSMUSG00000026950",2699.97992007111,7.69061036972078,2.59191920254856,2.96714896134063,0.0030057529543834,0.0499639929707072,"Neb","17996","nebulin","Up_in_male"
