"ID","Description","GeneRatio","BgRatio","RichFactor","FoldEnrichment","zScore","pvalue","p.adjust","qvalue","geneID","Count"
"GO:0007389","pattern specification process","25/292","496/25615",0.0504032258064516,4.42150215422006,8.26283411393628,6.68032547648401e-10,4.27394185819108e-06,4.27394185819108e-06,"Msx2/Fgf10/Bmp2/Foxg1/Ednra/Sema3a/Msx1/Hoxc6/Wnt7b/Dsp/Sim2/Meox1/Tbx20/Fgf2/Nkx2-5/Ext1/Tbx2/Chrdl1/Irx1/Gata4/Ar/Hoxc8/Hoxc4/Hoxb3/Pax3",25
"GO:0042476","odontogenesis","14/292","148/25615",0.0945945945945946,8.29808404294706,9.56144155354807,1.72131599755045e-09,4.27394185819108e-06,4.27394185819108e-06,"Msx2/Fgf10/Bmp2/Dlx3/Odaph/Pax9/Ednra/Msx1/Phex/Wnt7b/Wdr72/Lhx8/Aqp3/Dmp1",14
"GO:0003002","regionalization","23/292","448/25615",0.0513392857142857,4.50361576565558,8.03363886741003,2.3344321926659e-09,4.27394185819108e-06,4.27394185819108e-06,"Msx2/Fgf10/Bmp2/Foxg1/Ednra/Sema3a/Msx1/Hoxc6/Wnt7b/Dsp/Meox1/Tbx20/Fgf2/Nkx2-5/Ext1/Tbx2/Irx1/Gata4/Ar/Hoxc8/Hoxc4/Hoxb3/Pax3",23
"GO:0035270","endocrine system development","14/292","153/25615",0.0915032679738562,8.02690482585728,9.36129822140995,2.66123403374289e-09,4.27394185819108e-06,4.27394185819108e-06,"Fgf10/Bmp2/Rap1gap/Ednra/Cdh2/Sox9/Sox2/Pde3b/Clu/Fgf2/Stra6/Nkx2-5/Crhr1/Hoxb3",14
"GO:1903522","regulation of blood circulation","18/292","288/25615",0.0625,5.48266267123288,8.21510234177541,6.68967775740233e-09,7.56060374186856e-06,7.56060374186856e-06,"Mmp2/Ptgs1/Kcnh2/Cx3cl1/Ednra/Sema3a/Glp1r/Dsp/Agt/F2r/Gnao1/Ptger3/Nkx2-5/Tbx2/Gata4/Adm2/Dsc2/Adra1d",18
"GO:0060541","respiratory system development","18/292","289/25615",0.0622837370242214,5.46369152012134,8.19468651390995,7.06158506401173e-09,7.56060374186856e-06,7.56060374186856e-06,"Adamts2/Fgf10/Aldh1a3/Bmp2/Msx1/Phex/Itga3/Wnt7b/Sox9/Sox2/Sim2/Ano1/Fgf2/Stra6/Ext1/Tbx2/Gata4/Hsd11b1",18
"GO:0035265","organ growth","16/292","231/25615",0.0692640692640693,6.07602443218882,8.32189467732124,1.10846488728054e-08,1.01725406227003e-05,1.01725406227003e-05,"Msx2/Fgf10/Lepr/Comp/Sox9/Agt/Tbx20/Fgf2/Nkx2-5/Ext1/Tbx2/Gata4/Ang2/Nppc/Ar/Slc6a4",16
"GO:0051216","cartilage development","16/292","241/25615",0.0663900414937759,5.82390723583243,8.07951984559091,2.01714515632937e-08,1.61976756053248e-05,1.61976756053248e-05,"Msx2/Bmp2/Comp/Msx1/Wnt7b/Lum/Sox9/Fgf2/Prkg2/Ext1/Nppc/Hoxc4/Sox5/Hoxb3/Acan/Col10a1",16
"GO:0060485","mesenchyme development","18/292","327/25615",0.055045871559633,4.82876712328767,7.48252433316084,4.72049268536526e-08,3.36938277897627e-05,3.36938277897627e-05,"Msx2/Fgf10/Bmp2/Ednra/Sema3a/Msx1/Wnt7b/Cdh2/Sox9/Agt/Meox1/Tbx20/Tiam1/Nkx2-5/Ext1/Tbx2/Gata4/Pax3",18
"GO:0032526","response to retinoic acid","11/292","110/25615",0.1,8.7722602739726,8.77209982234483,5.49233187703356e-08,3.52827399780636e-05,3.52827399780636e-05,"Mmp2/Krt13/Brinp1/Rorb/Igfbp2/Sox9/Sox2/Aqp3/Tbx2/Gata4/Slc6a4",11
"GO:0141156","cAMP/PKA signal transduction","10/292","89/25615",0.112359550561798,9.85647221794675,8.98745929249889,7.30690770734012e-08,4.26723410108663e-05,4.26723410108663e-05,"Lrrk2/Ednra/Glp1r/Pde3b/Adcy8/Pde3a/Ptger3/Ezr/Crhr1/Pde1a",10
"GO:0045104","intermediate filament cytoskeleton organization","10/292","97/25615",0.103092783505155,9.04356729275526,8.52282950922297,1.66799784880075e-07,8.43853458299663e-05,8.43853458299663e-05,"Nefl/Krt13/Krt18/Dsp/Fam83h/Nefm/Pkp1/Krt19/Ppl/Evpl",10
"GO:0033002","muscle cell proliferation","16/292","282/25615",0.0567375886524823,4.97716894977169,7.21153695871012,1.7692415911701e-07,8.43853458299663e-05,8.43853458299663e-05,"Mmp2/Spon2/Bmp2/Cx3cl1/Ednra/Megf10/Agt/Tbx20/Fgf2/Nkx2-5/Tbx2/Gata4/Ang2/Tafa5/Nppc/Pde1a",16
"GO:0045103","intermediate filament-based process","10/292","98/25615",0.102040816326531,8.9512859938496,8.46853245778824,1.83903306603289e-07,8.43853458299663e-05,8.43853458299663e-05,"Nefl/Krt13/Krt18/Dsp/Fam83h/Nefm/Pkp1/Krt19/Ppl/Evpl",10
"GO:0003207","cardiac chamber formation","5/292","13/25615",0.384615384615385,33.7394625922023,12.6788197208122,2.22161538627545e-07,9.1844118945273e-05,9.1844118945273e-05,"Bmp2/Ednra/Tbx20/Nkx2-5/Tbx2",5
"GO:0001763","morphogenesis of a branching structure","15/292","254/25615",0.0590551181102362,5.18046866573185,7.19003814910814,2.58181694862299e-07,9.1844118945273e-05,9.1844118945273e-05,"Msx2/Fgf10/Bmp2/Lrrk2/Ednra/Sema3a/Sox9/Sox2/Agt/Tbx20/Fgf2/Cpe/Ext1/Tbx2/Ar",15
"GO:0030324","lung development","15/292","254/25615",0.0590551181102362,5.18046866573185,7.19003814910814,2.58181694862299e-07,9.1844118945273e-05,9.1844118945273e-05,"Adamts2/Fgf10/Bmp2/Phex/Itga3/Wnt7b/Sox9/Sox2/Sim2/Fgf2/Stra6/Ext1/Tbx2/Gata4/Hsd11b1",15
"GO:0060047","heart contraction","15/292","256/25615",0.05859375,5.13999625428082,7.14868926497009,2.85524050674792e-07,9.1844118945273e-05,9.1844118945273e-05,"Kcnh2/Ednra/Sema3a/Glp1r/Dsp/Agt/Gnao1/Nkx2-5/Ext1/Tbx2/Gata4/Adm2/Dsc2/Adra1d/Gsn",15
"GO:0042475","odontogenesis of dentin-containing tooth","10/292","103/25615",0.0970873786407767,8.51675754754621,8.20822877601282,2.94642974501368e-07,9.1844118945273e-05,9.1844118945273e-05,"Msx2/Fgf10/Bmp2/Dlx3/Odaph/Msx1/Wnt7b/Wdr72/Lhx8/Dmp1",10
"GO:0030323","respiratory tube development","15/292","257/25615",0.0583657587548638,5.1199962688556,7.12817636515255,3.00153398301123e-07,9.1844118945273e-05,9.1844118945273e-05,"Adamts2/Fgf10/Bmp2/Phex/Itga3/Wnt7b/Sox9/Sox2/Sim2/Fgf2/Stra6/Ext1/Tbx2/Gata4/Hsd11b1",15
"GO:0043524","negative regulation of neuron apoptotic process","14/292","223/25615",0.062780269058296,5.50724860249401,7.2591879395999,3.10547057880772e-07,9.1844118945273e-05,9.1844118945273e-05,"Nefl/Xrcc4/Cx3cl1/Glp1r/Gbe1/Fzd9/Agt/Clu/F2r/Fgf2/Cpe/Nppc/Rad21/Crhr1",14
"GO:0110110","positive regulation of animal organ morphogenesis","7/292","40/25615",0.175,15.3514554794521,9.75417792786962,3.14534653922168e-07,9.1844118945273e-05,9.1844118945273e-05,"Fgf10/Bmp2/Ednra/Msx1/Sox9/Fgf2/Ar",7
"GO:0003015","heart process","15/292","264/25615",0.0568181818181818,4.98423879202989,6.98750813059905,4.23032939550908e-07,0.000118154939290219,0.000118154939290219,"Kcnh2/Ednra/Sema3a/Glp1r/Dsp/Agt/Gnao1/Nkx2-5/Ext1/Tbx2/Gata4/Adm2/Dsc2/Adra1d/Gsn",15
"GO:0031214","biomineral tissue development","13/292","197/25615",0.065989847715736,5.78880119602253,7.24539028088938,4.67772190000858e-07,0.000125207022856896,0.000125207022856896,"Msx2/Bmp2/Spp1/Comp/Odaph/Phex/Otop1/Fzd9/Sox9/Wdr72/Fam83h/Phospho1/Dmp1",13
"GO:0048562","embryonic organ morphogenesis","17/292","345/25615",0.0492753623188406,4.32256303355172,6.67194882074058,5.34747620653927e-07,0.000137408748603233,0.000137408748603233,"Fgf10/Aldh1a3/Foxg1/Ednra/Msx1/Otop1/Sox9/Sox2/Tbx20/Stra6/Nkx2-5/Tbx2/Eya4/Gata4/Clic5/Hoxc4/Hoxb3",17
"GO:0045165","cell fate commitment","16/292","312/25615",0.0512820512820513,4.49859501229364,6.67663312424357,6.85497614280187e-07,0.00016937064131292,0.00016937064131292,"Fgf10/Bmp2/Foxg1/Ednra/Wnt7b/Sox9/Sox2/Tbx20/Fgf2/Nkx2-5/Ext1/Tbx2/Chrdl1/Gata4/Sox5/Pax3",16
"GO:0048863","stem cell differentiation","15/292","277/25615",0.0541516245487365,4.7503214479996,6.73898924203747,7.77162141754775e-07,0.000184907022171581,0.000184907022171581,"Msx2/Ednra/Sema3a/Msx1/Wnt7b/Cdh2/Sox9/Sox2/Meox1/Fgf2/Nkx2-5/Ext1/Tbx2/Sox5/Pax3",15
"GO:0042310","vasoconstriction","10/292","116/25615",0.0862068965517241,7.56229333963155,7.60668812937154,8.94518484176882e-07,0.000202997759001477,0.000202997759001477,"Mmp2/Ptgs1/Comp/Cx3cl1/Ednra/Agt/F2r/Ptger3/Adra1d/Slc6a4",10
"GO:0003014","renal system process","11/292","145/25615",0.0758620689655172,6.65481813887577,7.33264604913555,9.16397106326717e-07,0.000202997759001477,0.000202997759001477,"Xpnpep3/Ednra/Itga3/Agt/Aqp3/F2r/Ptger3/Btc/Ang2/Adm2/Gsn",11
"GO:0015695","organic cation transport","11/292","147/25615",0.0748299319727891,6.5642763954897,7.26511498485254,1.04990352831174e-06,0.00022481934219582,0.00022481934219582,"Ptgs1/Slc5a7/Slc38a4/Slc6a17/Agt/Ptger3/Slc35f2/Slc47a1/Slc25a17/Crhr1/Slc7a3",11
"GO:0008016","regulation of heart contraction","13/292","214/25615",0.0607476635514019,5.32894315708616,6.82866666296649,1.19355743785575e-06,0.000247335902605979,0.000247335902605979,"Kcnh2/Ednra/Sema3a/Glp1r/Dsp/Agt/Gnao1/Nkx2-5/Tbx2/Gata4/Adm2/Dsc2/Adra1d",13
"GO:0043523","regulation of neuron apoptotic process","16/292","332/25615",0.0481927710843374,4.22759531275788,6.35632897782031,1.54779817453402e-06,0.000310720483537705,0.000310720483537705,"Mmp2/Nefl/Xrcc4/Cx3cl1/Glp1r/Gbe1/Fzd9/Agt/Clu/F2r/Fgf2/Cpe/Nppc/Ar/Rad21/Crhr1",16
"GO:0003197","endocardial cushion development","7/292","51/25615",0.137254901960784,12.0403572387859,8.4747395623608,1.75481728102522e-06,0.000334589977695869,0.000334589977695869,"Msx2/Bmp2/Msx1/Sox9/Tbx20/Tbx2/Gata4",7
"GO:0042471","ear morphogenesis","11/292","155/25615",0.0709677419354839,6.22547503314185,7.00704614102918,1.77086849963567e-06,0.000334589977695869,0.000334589977695869,"Fgf10/Aldh1a3/Foxg1/Ednra/Msx1/Otop1/Sox9/Sox2/Tbx2/Eya4/Clic5",11
"GO:2000027","regulation of animal organ morphogenesis","9/292","98/25615",0.0918367346938776,8.05615739446463,7.51517401946146,1.86324274072253e-06,0.0003419848961829,0.0003419848961829,"Fgf10/Bmp2/Pax9/Ednra/Msx1/Sox9/Agt/Fgf2/Ar",9
"GO:0071772","response to BMP","12/292","190/25615",0.0631578947368421,5.54037490987743,6.74544469008329,2.05467917397742e-06,0.000356736730098134,0.000356736730098134,"Msx2/Bmp2/Dlx3/Comp/Msx1/Itga3/Sox9/Tbx20/Ext1/Chrdl1/Htra3/Gata4",12
"GO:0071773","cellular response to BMP stimulus","12/292","190/25615",0.0631578947368421,5.54037490987743,6.74544469008329,2.05467917397742e-06,0.000356736730098134,0.000356736730098134,"Msx2/Bmp2/Dlx3/Comp/Msx1/Itga3/Sox9/Tbx20/Ext1/Chrdl1/Htra3/Gata4",12
"GO:0021700","developmental maturation","18/292","425/25615",0.0423529411764706,3.71531023368251,6.0613922383581,2.17448661954351e-06,0.000363694181108712,0.000363694181108712,"Mmp2/Msx2/Nefl/Plek2/Bmp2/Lrrk2/Plcb1/Ednra/Ropn1l/Nrn1/Bnc1/Srrm4/Pde3a/Phospho1/Ext1/Chrdl1/Nppc/Sybu",18
"GO:0002065","columnar/cuboidal epithelial cell differentiation","9/292","100/25615",0.09,7.89503424657534,7.41841614725023,2.20798148556036e-06,0.000363694181108712,0.000363694181108712,"Bmp2/Dlx3/Msx1/Cdh2/Wdr72/Pkp1/Fgf2/Ext1/Gata4",9
"GO:0001822","kidney development","17/292","384/25615",0.0442708333333333,3.88355272545662,6.11362544740645,2.31300451569899e-06,0.000371468525221258,0.000371468525221258,"Fgf10/Bmp2/Spp1/Lrrk2/Ednra/Cd24a/Itga3/Wnt7b/Sox9/Agt/Fgf2/Stra6/Ext1/Vcan/Irx1/Magi2/Gfra1",17
"GO:0030198","extracellular matrix organization","16/292","345/25615",0.0463768115942029,4.06829461981338,6.16135930714462,2.54243955092747e-06,0.000398356870125806,0.000398356870125806,"Mmp2/Adamts2/Bmp2/Lama2/Comp/Eln/Col4a6/Sox9/Wdr72/Agt/Adamts8/Ext1/Dmp1/Adamtsl3/Acan/Col10a1",16
"GO:0045229","external encapsulating structure organization","16/292","346/25615",0.046242774566474,4.0565365428775,6.14675870499124,2.63871900958416e-06,0.000403598355180206,0.000403598355180206,"Mmp2/Adamts2/Bmp2/Lama2/Comp/Eln/Col4a6/Sox9/Wdr72/Agt/Adamts8/Ext1/Dmp1/Adamtsl3/Acan/Col10a1",16
"GO:0043062","extracellular structure organization","16/292","347/25615",0.0461095100864553,4.04484623583751,6.13221283548421,2.7382623197638e-06,0.000404293442612688,0.000404293442612688,"Mmp2/Adamts2/Bmp2/Lama2/Comp/Eln/Col4a6/Sox9/Wdr72/Agt/Adamts8/Ext1/Dmp1/Adamtsl3/Acan/Col10a1",16
"GO:0021953","central nervous system neuron differentiation","14/292","268/25615",0.0522388059701493,4.58252402371703,6.33090471052231,2.76913316858005e-06,0.000404293442612688,0.000404293442612688,"Bmp2/Cbln1/Foxg1/Brinp1/Sema3a/Rorb/Sox2/Lhx8/Nanos1/Tbx20/Fgf2/Ptger3/Sox5/Pax3",14
"GO:0048754","branching morphogenesis of an epithelial tube","12/292","197/25615",0.0609137055837563,5.34350879632849,6.57166901061054,2.99376975643957e-06,0.000421618037465303,0.000421618037465303,"Msx2/Fgf10/Bmp2/Ednra/Sox9/Sox2/Agt/Tbx20/Fgf2/Ext1/Tbx2/Ar",12
"GO:0048705","skeletal system morphogenesis","14/292","270/25615",0.0518518518518519,4.54857940131913,6.29452281998953,3.01905817612141e-06,0.000421618037465303,0.000421618037465303,"Mmp2/Msx2/Comp/Msx1/Sox9/Phospho1/Ext1/Nppc/Hoxc8/Hoxc4/Sox5/Hoxb3/Acan/Col10a1",14
"GO:0061138","morphogenesis of a branching epithelium","13/292","234/25615",0.0555555555555556,4.87347792998478,6.39185921518493,3.2169046761741e-06,0.00043968926893069,0.00043968926893069,"Msx2/Fgf10/Bmp2/Ednra/Sema3a/Sox9/Sox2/Agt/Tbx20/Fgf2/Ext1/Tbx2/Ar",13
"GO:0072001","renal system development","17/292","396/25615",0.0429292929292929,3.76586930953369,5.9564550438622,3.49192448070087e-06,0.000454168064741236,0.000454168064741236,"Fgf10/Bmp2/Spp1/Lrrk2/Ednra/Cd24a/Itga3/Wnt7b/Sox9/Agt/Fgf2/Stra6/Ext1/Vcan/Irx1/Magi2/Gfra1",17
"GO:0048771","tissue remodeling","13/292","236/25615",0.0550847457627119,4.83217726956118,6.35092362435757,3.53162623480898e-06,0.000454168064741236,0.000454168064741236,"Mmp2/Fgf10/Spp1/Lepr/Pdk4/Eln/Ednra/Thbs4/Agt/F2r/Ext1/Gata4/Nppc",13
"GO:0061448","connective tissue development","16/292","354/25615",0.0451977401129944,3.96486340066558,6.03189261776976,3.53493201075059e-06,0.000454168064741236,0.000454168064741236,"Msx2/Bmp2/Comp/Msx1/Wnt7b/Lum/Sox9/Fgf2/Prkg2/Ext1/Nppc/Hoxc4/Sox5/Hoxb3/Acan/Col10a1",16
"GO:0042063","gliogenesis","17/292","402/25615",0.0422885572139304,3.70966230491379,5.88015108762975,4.26416647200955e-06,0.000520303626551695,0.000520303626551695,"Fgf10/Bmp2/Lepr/Cx3cl1/Foxg1/Zfp365/Cdh2/Sox9/Agt/Ano1/Clu/Fgf2/Tiam1/Vcan/Itgb4/Sox5/Serpine2",17
"GO:0035296","regulation of tube diameter","12/292","204/25615",0.0588235294117647,5.16015310233683,6.40598725538039,4.29266690648192e-06,0.000520303626551695,0.000520303626551695,"Mmp2/Ptgs1/Comp/Cx3cl1/Ednra/Agt/F2r/Ptger3/Ext1/Nppc/Adra1d/Slc6a4",12
"GO:0097746","blood vessel diameter maintenance","12/292","204/25615",0.0588235294117647,5.16015310233683,6.40598725538039,4.29266690648192e-06,0.000520303626551695,0.000520303626551695,"Mmp2/Ptgs1/Comp/Cx3cl1/Ednra/Agt/F2r/Ptger3/Ext1/Nppc/Adra1d/Slc6a4",12
"GO:0051145","smooth muscle cell differentiation","8/292","82/25615",0.0975609756097561,8.55830270631473,7.36127149725767,4.44876665054818e-06,0.000527216125861216,0.000527216125861216,"Fgf10/Comp/Ednra/Cth/Wnt7b/Sox9/Agt/Tbx2",8
"GO:0035150","regulation of tube size","12/292","205/25615",0.0585365853658537,5.13498162378884,6.38293956820985,4.51383669401726e-06,0.000527216125861216,0.000527216125861216,"Mmp2/Ptgs1/Comp/Cx3cl1/Ednra/Agt/F2r/Ptger3/Ext1/Nppc/Adra1d/Slc6a4",12
"GO:0072009","nephron epithelium development","10/292","139/25615",0.0719424460431655,6.31097861436878,6.74200210063031,4.64164163575242e-06,0.000532462604787027,0.000532462604787027,"Bmp2/Ednra/Cd24a/Wnt7b/Sox9/Agt/Fgf2/Ext1/Irx1/Magi2",10
"GO:0043583","ear development","14/292","281/25615",0.0498220640569395,4.37052113294009,6.10057656588312,4.7880094174922e-06,0.000533883051281087,0.000533883051281087,"Fgf10/Aldh1a3/Bmp2/Foxg1/Ednra/Msx1/Otop1/Sox9/Sox2/Stra6/Cebpd/Tbx2/Eya4/Clic5",14
"GO:0060562","epithelial tube morphogenesis","17/292","406/25615",0.041871921182266,3.67311390782104,5.83008952858375,4.86101040279059e-06,0.000533883051281087,0.000533883051281087,"Msx2/Fgf10/Bmp2/Ednra/Sox9/Sox2/Agt/Tbx20/Fgf2/Nkx2-5/Ext1/Tbx2/Irx1/Gata4/Glmn/Ar/Pax3",17
"GO:0003203","endocardial cushion morphogenesis","6/292","39/25615",0.153846153846154,13.4957850368809,8.38594651545898,4.95711872923117e-06,0.000533883051281087,0.000533883051281087,"Msx2/Bmp2/Msx1/Sox9/Tbx20/Tbx2",6
"GO:0071326","cellular response to monosaccharide stimulus","12/292","207/25615",0.0579710144927536,5.08536827476673,6.33729166244236,4.98645440175362e-06,0.000533883051281087,0.000533883051281087,"Lepr/Plcb1/Efna5/Pde3b/Agt/Adcy8/Tiam1/Cpe/Ang2/Slc29a1/Nptx1/Sybu",12
"GO:0072073","kidney epithelium development","11/292","175/25615",0.0628571428571429,5.51399217221135,6.43418913985715,5.74282380870212e-06,0.000598509395143485,0.000598509395143485,"Bmp2/Ednra/Cd24a/Wnt7b/Sox9/Agt/Fgf2/Ext1/Vcan/Irx1/Magi2",11
"GO:0010092","specification of animal organ identity","6/292","40/25615",0.15,13.1583904109589,8.26362897859367,5.77639827193276e-06,0.000598509395143485,0.000598509395143485,"Fgf10/Bmp2/Fgf2/Ext1/Ar/Pax3",6
"GO:0030509","BMP signaling pathway","11/292","176/25615",0.0625,5.48266267123288,6.4078881969597,6.06450285671703e-06,0.000618386767484923,0.000618386767484923,"Msx2/Bmp2/Dlx3/Comp/Msx1/Itga3/Tbx20/Ext1/Chrdl1/Htra3/Gata4",11
"GO:0031128","developmental induction","6/292","41/25615",0.146341463414634,12.8374540594721,8.14560704492849,6.70224707988161e-06,0.000662388234479376,0.000662388234479376,"Fgf10/Bmp2/Sox9/Sox2/Fgf2/Ar",6
"GO:0098868","bone growth","6/292","41/25615",0.146341463414634,12.8374540594721,8.14560704492849,6.70224707988161e-06,0.000662388234479376,0.000662388234479376,"Msx2/Lepr/Comp/Sox9/Ext1/Nppc",6
"GO:0048588","developmental cell growth","14/292","292/25615",0.0479452054794521,4.20587821354851,5.91634402058862,7.42464973804051e-06,0.000715504084415327,0.000715504084415327,"Map2/Ednra/Sema3a/Nrn1/Efna5/Cdh2/Sox9/Jade2/Agt/Tiam1/Ext1/Gata4/Ang2/Alcam",14
"GO:0060324","face development","7/292","63/25615",0.111111111111111,9.74695585996956,7.46426949515626,7.46244919922586e-06,0.000715504084415327,0.000715504084415327,"Mmp2/Aldh1a3/Pax9/Ednra/Msx1/Stra6/Hoxb3",7
"GO:1901655","cellular response to ketone","10/292","147/25615",0.0680272108843537,5.96752399589973,6.48595261182195,7.63860235714797e-06,0.000718229173759867,0.000718229173759867,"Spp1/Lrrk2/Efna5/Klf9/Adcy8/Ptger3/Cpe/Tbx2/Ar/Adcy1",10
"GO:1905314","semi-lunar valve development","6/292","42/25615",0.142857142857143,12.5318003913894,8.03162592889054,7.74489396394769e-06,0.000718229173759867,0.000718229173759867,"Bmp2/Eln/Sox9/Tbx20/Stra6/Gata4",6
"GO:0042060","wound healing","17/292","421/25615",0.0403800475059382,3.54224286597468,5.64783595054594,7.82628302664861e-06,0.000718229173759867,0.000718229173759867,"Msx2/Fgf10/Comp/Cx3cl1/Anxa8/Bnc1/Dsp/F2r/Fgf2/Ext1/Gata4/Tafa5/Dsc2/Ppl/Serpine2/Evpl/Slc6a4",17
"GO:0061351","neural precursor cell proliferation","12/292","217/25615",0.0552995391705069,4.8510195063443,6.11756196110365,8.06347226691411e-06,0.000719440914481336,0.000719440914481336,"Lrrk2/Cx3cl1/Foxg1/Fzd9/Wnt7b/Cdh2/Cntnap4/Sox2/Igf2bp1/Fgf2/Sox5/Slc6a4",12
"GO:0071322","cellular response to carbohydrate stimulus","12/292","217/25615",0.0552995391705069,4.8510195063443,6.11756196110365,8.06347226691411e-06,0.000719440914481336,0.000719440914481336,"Lepr/Plcb1/Efna5/Pde3b/Agt/Adcy8/Tiam1/Cpe/Ang2/Slc29a1/Nptx1/Sybu",12
"GO:0072006","nephron development","11/292","182/25615",0.0604395604395604,5.30191555020322,6.254193729533,8.3454442902616e-06,0.000734399097543021,0.000734399097543021,"Bmp2/Ednra/Cd24a/Itga3/Wnt7b/Sox9/Agt/Fgf2/Ext1/Irx1/Magi2",11
"GO:0050767","regulation of neurogenesis","18/292","469/25615",0.0383795309168444,3.36675234395537,5.55491390789614,8.46637546992556e-06,0.000734972919172997,0.000734972919172997,"Nefl/Xrcc4/Bmp2/Map2/Cx3cl1/Foxg1/Chodl/Brinp1/Sema3a/Efna5/Wnt7b/Zfp365/Cdh2/Sox2/Jade2/Tiam1/Hoxb3/Serpine2",18
"GO:0099173","postsynapse organization","15/292","339/25615",0.0442477876106195,3.88153109467814,5.73510715914734,9.20077681596799e-06,0.000788077203543711,0.000788077203543711,"Arhgap22/Nefl/Lrrk2/Cbln1/Adgrl3/Ngef/Itga3/Fzd9/Zfp365/Cdh2/Tiam1/Chrdl1/Ezr/Magi2/Nptx1",15
"GO:0090596","sensory organ morphogenesis","15/292","343/25615",0.043731778425656,3.83626542593554,5.67867057186739,1.05734818502314e-05,0.000888794379307749,0.000888794379307749,"Fgf10/Aldh1a3/Krt13/Foxg1/Ednra/Msx1/Rorb/Otop1/Sox9/Sox2/Fgf2/Stra6/Tbx2/Eya4/Clic5",15
"GO:0009743","response to carbohydrate","14/292","302/25615",0.0463576158940397,4.06661072303366,5.75655770758094,1.08650047258026e-05,0.000888794379307749,0.000888794379307749,"Lepr/Plcb1/Glp1r/Efna5/Pde3b/Agt/Adcy8/Tiam1/Gria1/Cpe/Ang2/Slc29a1/Nptx1/Sybu",14
"GO:0036302","atrioventricular canal development","4/292","13/25615",0.307692307692308,26.9915700737619,10.0656029492852,1.0907607198472e-05,0.000888794379307749,0.000888794379307749,"Bmp2/Tbx20/Tbx2/Gata4",4
"GO:0048762","mesenchymal cell differentiation","13/292","262/25615",0.049618320610687,4.35264822754366,5.85728702461177,1.0930067865086e-05,0.000888794379307749,0.000888794379307749,"Msx2/Fgf10/Bmp2/Ednra/Sema3a/Msx1/Cdh2/Sox9/Agt/Tbx20/Tiam1/Ext1/Pax3",13
"GO:0060688","regulation of morphogenesis of a branching structure","7/292","67/25615",0.104477611940299,9.16504804743406,7.18605013998668,1.12827539642067e-05,0.000906005143325799,0.000906005143325799,"Fgf10/Lrrk2/Sox9/Agt/Fgf2/Cpe/Ar",7
"GO:0051402","neuron apoptotic process","16/292","389/25615",0.0411311053984576,3.6081276191147,5.56611268069174,1.1548671025245e-05,0.000915909415631775,0.000915909415631775,"Mmp2/Nefl/Xrcc4/Cx3cl1/Glp1r/Gbe1/Fzd9/Agt/Clu/F2r/Fgf2/Cpe/Nppc/Ar/Rad21/Crhr1",16
"GO:0030900","forebrain development","18/292","481/25615",0.0374220374220374,3.28275852248455,5.42718038356923,1.19041936586658e-05,0.000932591951991084,0.000932591951991084,"Nefl/Fgf10/Aldh1a3/Bmp2/Lrrk2/Plcb1/Foxg1/Sema3a/Msx1/Wnt7b/Cdh2/Sox2/Lhx8/Igf2bp1/Fgf2/Ptger3/Gria1/Ext1",18
"GO:0003272","endocardial cushion formation","5/292","28/25615",0.178571428571429,15.6647504892368,8.33712974324202,1.47453137250694e-05,0.00114125175144393,0.00114125175144393,"Msx2/Bmp2/Msx1/Tbx20/Tbx2",5
"GO:0003018","vascular process in circulatory system","13/292","271/25615",0.0479704797047971,4.208095334378,5.70120794860065,1.56405156435968e-05,0.00119612705350555,0.00119612705350555,"Mmp2/Ptgs1/Comp/Cx3cl1/Ednra/Agt/Pde3a/F2r/Ptger3/Ext1/Nppc/Adra1d/Slc6a4",13
"GO:0002062","chondrocyte differentiation","9/292","128/25615",0.0703125,6.16799550513699,6.29419659134112,1.67616433527308e-05,0.00126678584585815,0.00126678584585815,"Msx2/Bmp2/Comp/Sox9/Prkg2/Ext1/Nppc/Sox5/Acan",9
"GO:0034284","response to monosaccharide","13/292","275/25615",0.0472727272727273,4.14688667496887,5.63399809672571,1.82517610826773e-05,0.00136336410691998,0.00136336410691999,"Lepr/Plcb1/Glp1r/Efna5/Pde3b/Agt/Adcy8/Tiam1/Cpe/Ang2/Slc29a1/Nptx1/Sybu",13
"GO:0051336","regulation of hydrolase activity","12/292","236/25615",0.0508474576271186,4.46047132574878,5.73490930826029,1.87008904602217e-05,0.00138085655536166,0.00138085655536166,"Bmp2/Lrrk2/Lepr/Rap1gap/Rasgrf1/Rasa1/Pip5k1a/Ngef/Gnao1/Tiam1/Prss22/Serpine2",12
"GO:0045664","regulation of neuron differentiation","12/292","238/25615",0.0504201680672269,4.42298837343156,5.69700123393041,2.03307793973941e-05,0.00147621113587598,0.00147621113587598,"Bmp2/Lrrk2/Foxg1/Rap1gap/Brinp1/Sox9/Sox2/Ptger3/Tiam1/Nkx2-5/Sox5/Slc6a4",12
"GO:0032536","regulation of cell projection size","4/292","15/25615",0.266666666666667,23.3926940639269,9.31546512693012,2.04518666084934e-05,0.00147621113587598,0.00147621113587598,"Nefl/Wnt7b/Nefm/Ezr",4
"GO:0043588","skin development","15/292","364/25615",0.0412087912087912,3.61494242059311,5.3956787193955,2.12151450782271e-05,0.00151428991091701,0.00151428991091701,"Msx2/Ptgs1/Adamts2/Fgf10/Dlx3/Comp/Itga3/Sox9/Dsp/Pkp1/Ext1/Sprr1a/Itgb4/Ppl/Evpl",15
"GO:0060425","lung morphogenesis","7/292","74/25615",0.0945945945945946,8.29808404294706,6.751158782924,2.18141872304789e-05,0.0015399377886659,0.0015399377886659,"Fgf10/Wnt7b/Sox9/Sox2/Ext1/Tbx2/Gata4",7
"GO:0071333","cellular response to glucose stimulus","11/292","202/25615",0.0544554455445545,4.77697341651973,5.78714275439573,2.21779274254204e-05,0.00154859788892283,0.00154859788892283,"Lepr/Efna5/Pde3b/Agt/Adcy8/Tiam1/Cpe/Ang2/Slc29a1/Nptx1/Sybu",11
"GO:0048659","smooth muscle cell proliferation","11/292","203/25615",0.0541871921182266,4.75344152776841,5.7654180195194,2.32147253098478e-05,0.00159087833943642,0.00159087833943642,"Mmp2/Spon2/Bmp2/Cx3cl1/Ednra/Agt/Fgf2/Ang2/Tafa5/Nppc/Pde1a",11
"GO:0045667","regulation of osteoblast differentiation","10/292","167/25615",0.0598802395209581,5.25285046345665,5.92085016595101,2.3278730371579e-05,0.00159087833943642,0.00159087833943642,"Msx2/Bmp2/Rorb/Igfbp2/Wnt7b/Sox9/Sox2/Fgf2/Cebpd/Nppc",10
"GO:0071331","cellular response to hexose stimulus","11/292","205/25615",0.0536585365853659,4.7070664884731,5.72239093763577,2.54146940142706e-05,0.00171856836155447,0.00171856836155447,"Lepr/Efna5/Pde3b/Agt/Adcy8/Tiam1/Cpe/Ang2/Slc29a1/Nptx1/Sybu",11
"GO:0043584","nose development","4/292","16/25615",0.25,21.9306506849315,8.9929829851392,2.70247823258973e-05,0.00180840835064129,0.00180840835064129,"Aldh1a3/Msx1/Sox2/Stra6",4
"GO:0051962","positive regulation of nervous system development","15/292","375/25615",0.04,3.50890410958904,5.25566375475517,2.99157940060632e-05,0.00198122742984485,0.00198122742984485,"Nefl/Xrcc4/Bmp2/Cbln1/Cx3cl1/Foxg1/Chodl/Adgrl3/Efna5/Zfp365/Cdh2/Sox2/Jade2/Tiam1/Serpine2",15
"GO:0007189","adenylate cyclase-activating G protein-coupled receptor signaling pathway","11/292","209/25615",0.0526315789473684,4.61697909156453,5.63798018613973,3.03602829240937e-05,0.00199014752555487,0.00199014752555487,"Glp1r/Adgrl3/Agt/Adcy8/Calcb/Pde3a/Ptger3/Adm2/Crhr1/Adra1d/Adcy1",11
"GO:2000243","positive regulation of reproductive process","8/292","107/25615",0.0747663551401869,6.55869927025989,6.18727493449378,3.18265486055694e-05,0.00206518937618362,0.00206518937618362,"Msx2/Plcb1/Sema3a/Msx1/Bnc1/Sox9/Pde3a/Ar",8
"GO:0060560","developmental growth involved in morphogenesis","13/292","291/25615",0.0446735395189003,3.91887916019395,5.37735871738843,3.29163119119773e-05,0.00211454387722542,0.00211454387722542,"Fgf10/Map2/Ednra/Sema3a/Nrn1/Efna5/Wnt7b/Cdh2/Sox9/Jade2/Tiam1/Tbx2/Alcam",13
"GO:0071695","anatomical structure maturation","14/292","335/25615",0.0417910447761194,3.66601921897362,5.27435910464607,3.42537403835696e-05,0.00217867354677278,0.00217867354677278,"Mmp2/Msx2/Plek2/Bmp2/Lrrk2/Plcb1/Ednra/Ropn1l/Bnc1/Srrm4/Pde3a/Phospho1/Ext1/Nppc",14
"GO:2001234","negative regulation of apoptotic signaling pathway","12/292","256/25615",0.046875,4.11199700342466,5.37360379203181,4.15151172948683e-05,0.00259056678048494,0.00259056678048494,"Fgf10/Lrrk2/Ppef2/Cx3cl1/Cth/Fzd9/Clu/Fgf2/Cpe/Eya4/Gata4/Ar",12
"GO:0006936","muscle contraction","15/292","386/25615",0.038860103626943,3.40890943289091,5.12078635592076,4.16240198301728e-05,0.00259056678048494,0.00259056678048494,"Ptgs1/Kcnh2/Comp/Ednra/Dsp/Agt/F2r/Tbx20/Ptger3/Nkx2-5/Tbx2/Gata4/Dsc2/Gsn/Stac2",15
"GO:0003179","heart valve morphogenesis","6/292","56/25615",0.107142857142857,9.39885029354207,6.75638634507503,4.19394372930314e-05,0.00259056678048494,0.00259056678048494,"Bmp2/Eln/Sox9/Tbx20/Stra6/Gata4",6
"GO:0030878","thyroid gland development","5/292","35/25615",0.142857142857143,12.5318003913894,7.33083457241492,4.56286171864395e-05,0.00279160225529226,0.00279160225529226,"Fgf10/Rap1gap/Ednra/Nkx2-5/Hoxb3",5
"GO:0001678","intracellular glucose homeostasis","11/292","220/25615",0.05,4.3861301369863,5.41643365245119,4.84635029151346e-05,0.00293707115780023,0.00293707115780023,"Lepr/Efna5/Pde3b/Agt/Adcy8/Tiam1/Cpe/Ang2/Slc29a1/Nptx1/Sybu",11
"GO:0060993","kidney morphogenesis","8/292","114/25615",0.0701754385964912,6.15597212208604,5.9245713128437,5.01721608848673e-05,0.00301220524789147,0.00301220524789147,"Fgf10/Bmp2/Lrrk2/Wnt7b/Sox9/Agt/Fgf2/Irx1",8
"GO:0003176","aortic valve development","5/292","36/25615",0.138888888888889,12.1836948249619,7.21053232267104,5.24968497568221e-05,0.00309394277832867,0.00309394277832867,"Bmp2/Eln/Sox9/Tbx20/Gata4",5
"GO:0003416","endochondral bone growth","5/292","36/25615",0.138888888888889,12.1836948249619,7.21053232267104,5.24968497568221e-05,0.00309394277832867,0.00309394277832867,"Msx2/Comp/Sox9/Ext1/Nppc",5
"GO:0003007","heart morphogenesis","13/292","305/25615",0.0426229508196721,3.73899618234898,5.16734936042195,5.33149102210668e-05,0.0031135907569103,0.0031135907569103,"Msx2/Bmp2/Eln/Ednra/Msx1/Sox9/Dsp/Tbx20/Nkx2-5/Cpe/Ext1/Tbx2/Gata4",13
"GO:0009749","response to glucose","12/292","263/25615",0.0456273764258555,4.00255221626126,5.25575220000697,5.3864437209866e-05,0.00311734364537099,0.00311734364537099,"Lepr/Glp1r/Efna5/Pde3b/Agt/Adcy8/Tiam1/Cpe/Ang2/Slc29a1/Nptx1/Sybu",12
"GO:0007613","memory","10/292","185/25615",0.0540540540540541,4.74176231025546,5.48480802177533,5.56487823881904e-05,0.00318479602766371,0.00318479602766371,"Ptgs1/Plcb1/Brinp1/Glp1r/Itga3/Adcy8/Gria1/Crhr1/Adcy1/Slc6a4",10
"GO:0097152","mesenchymal cell apoptotic process","4/292","19/25615",0.210526315789474,18.4679163662581,8.17907902823493,5.60214743346823e-05,0.00318479602766371,0.00318479602766371,"Msx2/Ednra/Msx1/Sox9",4
"GO:0048638","regulation of developmental growth","15/292","398/25615",0.0376884422110553,3.30612824395952,4.9790998131888,5.8829087437524e-05,0.00331507068156714,0.00331507068156714,"Map2/Plcb1/Sema3a/Efna5/Cdh2/Agt/Tbx20/Fgf2/Nkx2-5/Tbx2/Ezr/Gata4/Nppc/Ar/Slc6a4",15
"GO:0002063","chondrocyte development","5/292","37/25615",0.135135135135135,11.8544057756387,7.09489829639463,6.01369160393736e-05,0.00334185047196329,0.00334185047196329,"Msx2/Comp/Sox9/Ext1/Acan",5
"GO:0060349","bone morphogenesis","8/292","117/25615",0.0683760683760684,5.99812668305819,5.81861581331529,6.03675545923263e-05,0.00334185047196329,0.00334185047196329,"Msx2/Comp/Msx1/Sox9/Phospho1/Ext1/Nppc/Col10a1",8
"GO:0007188","adenylate cyclase-modulating G protein-coupled receptor signaling pathway","13/292","309/25615",0.0420711974110032,3.69059493727003,5.1096171327308,6.08649603393065e-05,0.00334185047196329,0.00334185047196329,"Ednra/Glp1r/Adgrl3/Agt/Adcy8/Calcb/Pde3a/Gnao1/Ptger3/Adm2/Crhr1/Adra1d/Adcy1",13
"GO:0072132","mesenchyme morphogenesis","6/292","60/25615",0.1,8.7722602739726,6.47228405055449,6.22486247235749e-05,0.00338885733240886,0.00338885733240886,"Msx2/Bmp2/Msx1/Sox9/Tbx20/Tbx2",6
"GO:0009746","response to hexose","12/292","268/25615",0.0447761194029851,3.9278777346146,5.17403786246572,6.45237407571911e-05,0.00347903216690911,0.00347903216690911,"Lepr/Glp1r/Efna5/Pde3b/Agt/Adcy8/Tiam1/Cpe/Ang2/Slc29a1/Nptx1/Sybu",12
"GO:0043085","positive regulation of catalytic activity","16/292","449/25615",0.0356347438752784,3.12597248070293,4.88029712492318,6.49881475761353e-05,0.00347903216690911,0.00347903216690911,"Cemip/Xrcc4/Bmp2/Dynap/Rap1gap/Rasgrf1/Rasa1/Pip5k1a/Agt/Adcy8/Fgf2/Gnao1/Tiam1/Prss22/Atpsckmt/Adcy1",16
"GO:0007292","female gamete generation","10/292","189/25615",0.0529100529100529,4.64140755236646,5.39552513698189,6.65856671073519e-05,0.00353509359915395,0.00353509359915395,"Mmp2/Plcb1/Ednra/Bnc1/Agt/Pde3a/Nanos1/Nppc/Afp/4930447C04Rik",10
"GO:0034331","cell junction maintenance","7/292","88/25615",0.0795454545454545,6.97793430884184,6.0320528228083,6.71909500195986e-05,0.00353798904037624,0.00353798904037624,"Cbln1/Sema3a/Adgrl3/Dsp/F2r/Pkp1/Magi2",7
"GO:0060563","neuroepithelial cell differentiation","5/292","38/25615",0.131578947368421,11.5424477289113,6.98362649210318,6.86069339584474e-05,0.00358317840446395,0.00358317840446395,"Bmp2/Dlx3/Msx1/Cdh2/Fgf2",5
"GO:0001667","ameboidal-type cell migration","12/292","270/25615",0.0444444444444444,3.89878234398782,5.1419031535919,6.92714523687138e-05,0.0035887081452953,0.0035887081452953,"Mmp2/Fgf10/Ednra/Sema3a/Pip5k1a/Itga3/Cdh2/Sox9/Nanos1/Fgf2/Itgb4/Pax3",12
"GO:0050769","positive regulation of neurogenesis","13/292","315/25615",0.0412698412698413,3.62029789084584,5.02479368284611,7.39287195052129e-05,0.0037993447528119,0.0037993447528119,"Nefl/Xrcc4/Bmp2/Cx3cl1/Foxg1/Chodl/Efna5/Zfp365/Cdh2/Sox2/Jade2/Tiam1/Serpine2",13
"GO:0003206","cardiac chamber morphogenesis","9/292","155/25615",0.0580645161290323,5.09357048166151,5.48923056078807,7.56106583831875e-05,0.00385494340836188,0.00385494340836188,"Msx2/Bmp2/Ednra/Dsp/Tbx20/Nkx2-5/Cpe/Tbx2/Gata4",9
"GO:0043954","cellular component maintenance","8/292","121/25615",0.0661157024793388,5.79984150345296,5.68294093045421,7.65899040627163e-05,0.00387412239132984,0.00387412239132984,"Cbln1/Sema3a/Adgrl3/Itga3/Dsp/F2r/Pkp1/Magi2",8
"GO:0060441","epithelial tube branching involved in lung morphogenesis","5/292","39/25615",0.128205128205128,11.2464875307341,6.87643842707314,7.79672009039203e-05,0.0039129788953655,0.0039129788953655,"Fgf10/Sox9/Sox2/Ext1/Tbx2",5
"GO:1901654","response to ketone","12/292","274/25615",0.0437956204379562,3.84186581341866,5.07854757771542,7.9677673429193e-05,0.00396782460549717,0.00396782460549717,"Nefl/Spp1/Lrrk2/Efna5/Klf9/Adcy8/Fgf2/Ptger3/Cpe/Tbx2/Ar/Adcy1",12
"GO:2000177","regulation of neural precursor cell proliferation","8/292","122/25615",0.0655737704918033,5.75230181899843,5.64996826021397,8.11659514457717e-05,0.00401084670836644,0.00401084670836644,"Lrrk2/Cx3cl1/Foxg1/Fzd9/Cdh2/Sox2/Fgf2/Slc6a4",8
"GO:0030858","positive regulation of epithelial cell differentiation","6/292","63/25615",0.0952380952380952,8.35453359425962,6.27603724513651,8.21027573969402e-05,0.00402616880548049,0.00402616880548049,"Bmp2/Cd24a/Sox9/Sox2/Pkp1/Fgf2",6
"GO:0003151","outflow tract morphogenesis","7/292","91/25615",0.0769230769230769,6.74789251844046,5.89830895869258,8.3215482009763e-05,0.00404982012447513,0.00404982012447513,"Msx2/Eln/Ednra/Tbx20/Nkx2-5/Tbx2/Gata4",7
"GO:0035773","insulin secretion involved in cellular response to glucose stimulus","8/292","123/25615",0.0650406504065041,5.70553513754316,5.61735890037611,8.59664591979396e-05,0.00415224461569597,0.00415224461569597,"Lepr/Efna5/Pde3b/Agt/Adcy8/Tiam1/Cpe/Sybu",8
"GO:0140058","neuron projection arborization","5/292","40/25615",0.125,10.9653253424658,6.77308002931773,8.828017270849e-05,0.00423217783193537,0.00423217783193537,"Lrrk2/Sema3a/Zfp365/Igf2bp1/Cpe",5
"GO:0007611","learning or memory","14/292","367/25615",0.0381471389645777,3.34636631704677,4.86169721635652,9.1074443235366e-05,0.00433379424699253,0.00433379424699253,"Ptgs1/Plcb1/Brinp1/Glp1r/Itga3/Fzd9/Lhx8/Agt/Adcy8/Stra6/Gria1/Crhr1/Adcy1/Slc6a4",14
"GO:0036293","response to decreased oxygen levels","14/292","369/25615",0.037940379403794,3.32822883023351,4.83743461254273,9.64404039659398e-05,0.00455539084615586,0.00455539084615586,"Mmp2/Bmp2/Ednra/Cd24a/Sox2/Aqp3/Ang2/Slc29a1/Nppc/Itpr2/Arnt2/Rad21/Crhr1/Slc6a4",14
"GO:0001556","oocyte maturation","5/292","41/25615",0.121951219512195,10.6978783828934,6.67331894845632,9.96104401569078e-05,0.00467078443480274,0.00467078443480274,"Plcb1/Ednra/Bnc1/Pde3a/Nppc",5
"GO:0048864","stem cell development","7/292","94/25615",0.074468085106383,6.53253424657534,5.77047740410608,0.000102226260455163,0.00475870650118818,0.00475870650118818,"Ednra/Sema3a/Wnt7b/Cdh2/Sox9/Fgf2/Pax3",7
"GO:0007204","positive regulation of cytosolic calcium ion concentration","10/292","202/25615",0.0495049504950495,4.34270310592703,5.1217464160462,0.000115611064435894,0.00534306099234666,0.00534306099234666,"Ednra/Cd24a/Glp1r/Agt/Adcy8/F2r/Cacna1i/Ptger3/Crhr1/Adra1d",10
"GO:0001649","osteoblast differentiation","11/292","243/25615",0.0452674897119342,3.97098201702463,4.99687354931104,0.000117791167387019,0.00540493185210151,0.00540493185210151,"Msx2/Bmp2/Spp1/Rorb/Igfbp2/Wnt7b/Sox9/Sox2/Fgf2/Cebpd/Nppc",11
"GO:0042481","regulation of odontogenesis","4/292","23/25615",0.173913043478261,15.2561048243002,7.34488897398039,0.000123467403479812,0.00554653566401617,0.00554653566401617,"Bmp2/Pax9/Ednra/Msx1",4
"GO:0061318","renal filtration cell differentiation","4/292","23/25615",0.173913043478261,15.2561048243002,7.34488897398039,0.000123467403479812,0.00554653566401617,0.00554653566401617,"Ednra/Cd24a/Ext1/Magi2",4
"GO:0072112","podocyte differentiation","4/292","23/25615",0.173913043478261,15.2561048243002,7.34488897398039,0.000123467403479812,0.00554653566401617,0.00554653566401617,"Ednra/Cd24a/Ext1/Magi2",4
"GO:0001666","response to hypoxia","13/292","332/25615",0.0391566265060241,3.43492119161578,4.79526044290582,0.000124971515070697,0.00557511814454277,0.00557511814454277,"Mmp2/Bmp2/Ednra/Cd24a/Aqp3/Ang2/Slc29a1/Nppc/Itpr2/Arnt2/Rad21/Crhr1/Slc6a4",13
"GO:0042472","inner ear morphogenesis","8/292","130/25615",0.0615384615384615,5.39831401475237,5.39868689101345,0.000126598396393202,0.00560874550641331,0.00560874550641331,"Fgf10/Aldh1a3/Foxg1/Otop1/Sox9/Sox2/Tbx2/Clic5",8
"GO:0141091","transforming growth factor beta receptor superfamily signaling pathway","14/292","379/25615",0.0369393139841689,3.24041276611125,4.71856492509302,0.000127598110014867,0.00561431684065413,0.00561431684065413,"Msx2/Fgf10/Bmp2/Dlx3/Comp/Ptprk/Msx1/Itga3/Tbx20/Ext1/Chrdl1/Htra3/Gata4/Magi2",14
"GO:0003205","cardiac chamber development","10/292","205/25615",0.0487804878048781,4.27915135315737,5.0618423070617,0.000130477325030949,0.00569249227824956,0.00569249227824956,"Msx2/Bmp2/Ednra/Dsp/Tbx20/Stra6/Nkx2-5/Cpe/Tbx2/Gata4",10
"GO:0048608","reproductive structure development","14/292","380/25615",0.0368421052631579,3.23188536409517,4.7068957429071,0.000131147082375613,0.00569249227824956,0.00569249227824956,"Mmp2/Fgf10/Sema3a/Sox9/Sox2/Lhx8/Agt/Stra6/Gata4/Nppc/Ar/Afp/Gfra1/Serpine2",14
"GO:0051209","release of sequestered calcium ion into cytosol","8/292","131/25615",0.0610687022900763,5.35710551082296,5.36874129870201,0.000133520010337504,0.00575659427119546,0.00575659427119546,"Cemip/Plcb1/Cx3cl1/Ednra/Glp1r/F2r/Fgf2/Itpr2",8
"GO:0048839","inner ear development","11/292","247/25615",0.0445344129554656,3.90667461593922,4.92917606393593,0.000135952392017601,0.00582238777547377,0.00582238777547377,"Fgf10/Aldh1a3/Bmp2/Foxg1/Msx1/Otop1/Sox9/Sox2/Cebpd/Tbx2/Clic5",11
"GO:0048738","cardiac muscle tissue development","12/292","291/25615",0.0412371134020619,3.6174269171021,4.82200278851931,0.000140342849131717,0.00597007997548872,0.00597007997548872,"Bmp2/Ednra/Dsp/Agt/Tbx20/Fgf2/Nkx2-5/Nebl/Tbx2/Gata4/Ang2/Pax3",12
"GO:1905475","regulation of protein localization to membrane","10/292","207/25615",0.0483091787439614,4.23780689563894,5.0225402618085,0.000141259675634229,0.00597007997548872,0.00597007997548872,"Itga3/Fzd9/Cdh2/Neto2/Pkp1/Ezr/Magi2/Ar/Gsn/Stac2",10
"GO:0070166","enamel mineralization","4/292","24/25615",0.166666666666667,14.6204337899543,7.16845366934831,0.000146836948092996,0.00610391308044537,0.00610391308044537,"Msx2/Odaph/Wdr72/Dmp1",4
"GO:0072311","glomerular epithelial cell differentiation","4/292","24/25615",0.166666666666667,14.6204337899543,7.16845366934831,0.000146836948092996,0.00610391308044537,0.00610391308044537,"Ednra/Cd24a/Ext1/Magi2",4
"GO:0003170","heart valve development","6/292","70/25615",0.0857142857142857,7.51908023483366,5.86482345764392,0.000148227029973455,0.00610391308044537,0.00610391308044537,"Bmp2/Eln/Sox9/Tbx20/Stra6/Gata4",6
"GO:0007405","neuroblast proliferation","6/292","70/25615",0.0857142857142857,7.51908023483366,5.86482345764392,0.000148227029973455,0.00610391308044537,0.00610391308044537,"Lrrk2/Cx3cl1/Foxg1/Fzd9/Sox2/Sox5",6
"GO:0050878","regulation of body fluid levels","14/292","385/25615",0.0363636363636364,3.18991282689913,4.64912387140262,0.000150204786894647,0.00610706044943803,0.00610706044943803,"Fgf10/Comp/Anxa8/Ano1/Aqp3/F2r/Ptger3/Ext1/Btc/Slc29a1/Adm2/Sytl2/Serpine2/Slc6a4",14
"GO:0061458","reproductive system development","14/292","385/25615",0.0363636363636364,3.18991282689913,4.64912387140262,0.000150204786894647,0.00610706044943803,0.00610706044943803,"Mmp2/Fgf10/Sema3a/Sox9/Sox2/Lhx8/Agt/Stra6/Gata4/Nppc/Ar/Afp/Gfra1/Serpine2",14
"GO:0048013","ephrin receptor signaling pathway","5/292","45/25615",0.111111111111111,9.74695585996956,6.30623831165338,0.000156469497884079,0.00632176134847371,0.00632176134847371,"Ephb6/Rasa1/Efna5/Ngef/Tiam1",5
"GO:0030856","regulation of epithelial cell differentiation","9/292","171/25615",0.0526315789473684,4.61697909156453,5.09593536394424,0.000159859354807833,0.00641835309553451,0.00641835309553451,"Msx2/Bmp2/Plcb1/Cd24a/Msx1/Sox9/Sox2/Pkp1/Fgf2",9
"GO:0007160","cell-matrix adhesion","11/292","252/25615",0.0436507936507936,3.82916123070233,4.84652222308405,0.000161958764972838,0.00646225531792242,0.00646225531792242,"Ptprk/Epdr1/Rasa1/Efna5/Pip5k1a/Itga3/Agt/Tiam1/Itga10/Itgb4/Msln",11
"GO:0022612","gland morphogenesis","8/292","135/25615",0.0592592592592593,5.19837645865043,5.25195627113402,0.000164405967195985,0.00651940699547535,0.00651940699547535,"Mmp2/Msx2/Fgf10/Sema3a/Sox9/Tbx2/Ar/Pax3",8
"GO:0035878","nail development","3/292","10/25615",0.3,26.3167808219178,8.59841975372243,0.000165816553038915,0.00653500329277296,0.00653500329277296,"Msx2/Msx1/Itgb4",3
"GO:0031589","cell-substrate adhesion","14/292","390/25615",0.0358974358974359,3.14901650860555,4.59228696469922,0.000171613618250213,0.0066727557969706,0.0066727557969706,"Spp1/Ptprk/Epdr1/Edil3/Rasa1/Efna5/Pip5k1a/Itga3/Agt/Tiam1/Itga10/Itgb4/Dmp1/Msln",14
"GO:0048146","positive regulation of fibroblast proliferation","6/292","72/25615",0.0833333333333333,7.31021689497717,5.75767483505239,0.000173302136244547,0.0066727557969706,0.0066727557969706,"Fgf10/Xrcc4/Rasgrf1/Rasa1/Agt/Btc",6
"GO:0048645","animal organ formation","6/292","72/25615",0.0833333333333333,7.31021689497717,5.75767483505239,0.000173302136244547,0.0066727557969706,0.0066727557969706,"Fgf10/Bmp2/Fgf2/Ext1/Ar/Pax3",6
"GO:0016055","Wnt signaling pathway","16/292","489/25615",0.032719836400818,2.87026921029778,4.48403947182813,0.000173466721372056,0.0066727557969706,0.0066727557969706,"Fgf10/Bmp2/Lrrk2/Dlx3/Ednra/Itga3/Fzd9/Wnt7b/Cdh2/Sox9/Sox2/Fgf2/Tiam1/Nkx2-5/Cpe/Ext1",16
"GO:0010001","glial cell differentiation","12/292","298/25615",0.0402684563758389,3.53245380159971,4.72189247769791,0.0001749598005806,0.00669012951743915,0.00669012951743915,"Fgf10/Bmp2/Zfp365/Cdh2/Sox9/Agt/Ano1/Clu/Fgf2/Itgb4/Sox5/Serpine2",12
"GO:0097305","response to alcohol","13/292","344/25615",0.0377906976744186,3.31509835935011,4.64205204641442,0.00017718771361986,0.00673523001357384,0.00673523001357384,"Nefl/Dynap/Efna5/Klf9/Adcy8/Fgf2/Ptger3/Gria1/Nppc/Itpr2/Ar/Crhr1/Adcy1",13
"GO:0021879","forebrain neuron differentiation","7/292","103/25615",0.0679611650485437,5.96173028328235,5.41816295556153,0.000181393808018937,0.00684780008199673,0.00684780008199673,"Bmp2/Foxg1/Sema3a/Sox2/Lhx8/Fgf2/Ptger3",7
"GO:0042593","glucose homeostasis","13/292","345/25615",0.0376811594202899,3.30548937859837,4.62959076635676,0.000182281104299726,0.00684780008199673,0.00684780008199673,"Lepr/Pdk4/Efna5/Pde3b/Agt/Adcy8/Cp/Tiam1/Cpe/Ang2/Slc29a1/Nptx1/Sybu",13
"GO:2001233","regulation of apoptotic signaling pathway","15/292","444/25615",0.0337837837837838,2.96360144390966,4.48195140906133,0.000195823182924457,0.00731376818085298,0.00731376818085298,"Mmp2/Fgf10/Lrrk2/Ppef2/Cx3cl1/Msx1/Cth/Fzd9/Agt/Clu/Fgf2/Cpe/Eya4/Gata4/Ar",15
"GO:0001759","organ induction","4/292","26/25615",0.153846153846154,13.4957850368809,6.84535716878103,0.000202915199998094,0.00753483956524713,0.00753483956524713,"Fgf10/Bmp2/Fgf2/Ar",4
"GO:0033500","carbohydrate homeostasis","13/292","350/25615",0.0371428571428571,3.25826810176125,4.56796136254744,0.00020967834332183,0.00774122803160595,0.00774122803160595,"Lepr/Pdk4/Efna5/Pde3b/Agt/Adcy8/Cp/Tiam1/Cpe/Ang2/Slc29a1/Nptx1/Sybu",13
"GO:1903532","positive regulation of secretion by cell","14/292","399/25615",0.0350877192982456,3.07798606104302,4.49224600134212,0.000216838987212771,0.0079598494505991,0.0079598494505991,"Bmp2/Spp1/Lepr/Glp1r/Rab27b/Efna5/Agt/Adcy8/Cacna1i/Ptger3/Ang2/Crhr1/Sybu/Slc6a4",14
"GO:0060348","bone development","11/292","261/25615",0.0421455938697318,3.69712118826432,4.70294632669766,0.000219467419376886,0.00801056080725634,0.00801056080725634,"Msx2/Bmp2/Lepr/Comp/Msx1/Phex/Sox9/Phospho1/Ext1/Nppc/Col10a1",11
"GO:0051047","positive regulation of secretion","15/292","449/25615",0.0334075723830735,2.930599200659,4.43180606234369,0.000220802694448819,0.00801376558835712,0.00801376558835712,"Bmp2/Spp1/Lepr/Glp1r/Rab27b/Efna5/Agt/Adcy8/Cacna1i/Ptger3/Ang2/Sytl2/Crhr1/Sybu/Slc6a4",15
"GO:0030879","mammary gland development","9/292","179/25615",0.0502793296089385,4.41063365730466,4.91710782306147,0.000225118999394194,0.00811346052941135,0.00811346052941135,"Msx2/Fgf10/Msx1/Sox9/Fgf2/Tbx2/Slc29a1/Ar/Pax3",9
"GO:0060385","axonogenesis involved in innervation","3/292","11/25615",0.272727272727273,23.9243462017435,8.16604826855225,0.000226075565810186,0.00811346052941135,0.00811346052941135,"Ednra/Sema3a/Nptx1",3
"GO:0001885","endothelial cell development","6/292","76/25615",0.0789473684210526,6.92546863734679,5.55520521316148,0.000233452337302,0.00824009788367058,0.00824009788367058,"Plcb1/Ednra/Tnmd/Dsp/Agt/Ezr",6
"GO:0060350","endochondral bone morphogenesis","6/292","76/25615",0.0789473684210526,6.92546863734679,5.55520521316148,0.000233452337302,0.00824009788367058,0.00824009788367058,"Comp/Sox9/Phospho1/Ext1/Nppc/Col10a1",6
"GO:1905330","regulation of morphogenesis of an epithelium","6/292","76/25615",0.0789473684210526,6.92546863734679,5.55520521316148,0.000233452337302,0.00824009788367058,0.00824009788367058,"Fgf10/Sox9/Agt/Fgf2/Tbx2/Ar",6
"GO:0045109","intermediate filament organization","6/292","78/25615",0.0769230769230769,6.74789251844046,5.45938286672856,0.000269119708296433,0.00939578807661024,0.00939578807661024,"Nefl/Krt13/Dsp/Nefm/Pkp1/Krt19",6
"GO:1902893","regulation of miRNA transcription","6/292","78/25615",0.0769230769230769,6.74789251844046,5.45938286672856,0.000269119708296433,0.00939578807661024,0.00939578807661024,"Bmp2/Sox9/Agt/Ptger3/Gata4/Ar",6
"GO:0030510","regulation of BMP signaling pathway","7/292","110/25615",0.0636363636363636,5.58234744707347,5.17183004807556,0.000272295402215889,0.00942765009273959,0.00942765009273959,"Msx2/Msx1/Itga3/Tbx20/Chrdl1/Htra3/Gata4",7
"GO:0072010","glomerular epithelium development","4/292","28/25615",0.142857142857143,12.5318003913894,6.55600080661082,0.000272967452871975,0.00942765009273959,0.00942765009273959,"Ednra/Cd24a/Ext1/Magi2",4
"GO:0061178","regulation of insulin secretion involved in cellular response to glucose stimulus","7/292","111/25615",0.0630630630630631,5.53205602863137,5.13836748268082,0.000287832837078732,0.00980553061064959,0.00980553061064959,"Lepr/Efna5/Pde3b/Agt/Adcy8/Tiam1/Sybu",7
"GO:0070167","regulation of biomineral tissue development","7/292","111/25615",0.0630630630630631,5.53205602863137,5.13836748268082,0.000287832837078732,0.00980553061064959,0.00980553061064959,"Bmp2/Comp/Odaph/Fzd9/Sox9/Phospho1/Dmp1",7
"GO:0045669","positive regulation of osteoblast differentiation","6/292","79/25615",0.0759493670886076,6.66247615744755,5.41272606198538,0.000288487746795263,0.00980553061064959,0.00980553061064959,"Msx2/Bmp2/Wnt7b/Fgf2/Cebpd/Nppc",6
"GO:0051345","positive regulation of hydrolase activity","8/292","147/25615",0.054421768707483,4.77401919671978,4.92762786576079,0.000294103872507525,0.00994380672099128,0.00994380672099128,"Bmp2/Rap1gap/Rasgrf1/Rasa1/Pip5k1a/Gnao1/Tiam1/Prss22",8
"GO:0048505","regulation of timing of cell differentiation","3/292","12/25615",0.25,21.9306506849315,7.78754331910903,0.000298894161825357,0.0100074087737935,0.0100074087737935,"Msx1/Sox5/Serpine2",3
"GO:0015850","organic hydroxy compound transport","12/292","316/25615",0.0379746835443038,3.33123807872377,4.47765927302997,0.000299100635829445,0.0100074087737935,0.0100074087737935,"Ptgs1/Spp1/Slco1a5/Abca8a/Agt/Aqp3/Ptger3/Stra6/Maob/Osbpl6/Crhr1/Slc6a4",12
"GO:0021872","forebrain generation of neurons","7/292","112/25615",0.0625,5.48266267123288,5.10530843973538,0.000304074577402741,0.0101211144312705,0.0101211144312705,"Bmp2/Foxg1/Sema3a/Sox2/Lhx8/Fgf2/Ptger3",7
"GO:0009306","protein secretion","15/292","464/25615",0.0323275862068966,2.83586000236183,4.28542079323789,0.000312981063402761,0.0102855437218179,0.0102855437218179,"Lepr/Comp/Cbln1/Glp1r/Efna5/Pde3b/Agt/Adcy8/F2r/Gnao1/Ptger3/Tiam1/Cpe/Ang2/Sybu",15
"GO:0003148","outflow tract septum morphogenesis","4/292","29/25615",0.137931034482759,12.0996693434105,6.42214923733438,0.000313817959133921,0.0102855437218179,0.0102855437218179,"Msx2/Tbx20/Nkx2-5/Tbx2",4
"GO:1904322","cellular response to forskolin","4/292","29/25615",0.137931034482759,12.0996693434105,6.42214923733438,0.000313817959133921,0.0102855437218179,0.0102855437218179,"Efna5/Adcy8/Ptger3/Adcy1",4
"GO:0070252","actin-mediated cell contraction","7/292","113/25615",0.0619469026548673,5.4341435325494,5.07264416900796,0.000321043883728882,0.0104689640054535,0.0104689640054535,"Kcnh2/Epdr1/Dsp/Ptger3/Gata4/Dsc2/Gsn",7
"GO:0050890","cognition","14/292","415/25615",0.0337349397590361,2.95931671893052,4.3211662272681,0.000322822068682738,0.0104737826728177,0.0104737826728177,"Ptgs1/Plcb1/Brinp1/Glp1r/Itga3/Fzd9/Lhx8/Agt/Adcy8/Stra6/Gria1/Crhr1/Adcy1/Slc6a4",14
"GO:0071692","protein localization to extracellular region","15/292","466/25615",0.0321888412017167,2.82368892939032,4.26634439601883,0.000327477750283397,0.0105627410502981,0.0105627410502981,"Lepr/Comp/Cbln1/Glp1r/Efna5/Pde3b/Agt/Adcy8/F2r/Gnao1/Ptger3/Tiam1/Cpe/Ang2/Sybu",15
"GO:0050796","regulation of insulin secretion","10/292","230/25615",0.0434782608695652,3.81402620607504,4.60337147770845,0.000329724341642513,0.0105627410502981,0.0105627410502981,"Lepr/Glp1r/Efna5/Pde3b/Agt/Adcy8/Gnao1/Ptger3/Tiam1/Sybu",10
"GO:0061614","miRNA transcription","6/292","81/25615",0.0740740740740741,6.49797057331304,5.32179381304327,0.000330496723398182,0.0105627410502981,0.0105627410502981,"Bmp2/Sox9/Agt/Ptger3/Gata4/Ar",6
"GO:0035592","establishment of protein localization to extracellular region","15/292","467/25615",0.0321199143468951,2.8176424862867,4.25684395932094,0.000334940328513861,0.0106517656949161,0.0106517656949161,"Lepr/Comp/Cbln1/Glp1r/Efna5/Pde3b/Agt/Adcy8/F2r/Gnao1/Ptger3/Tiam1/Cpe/Ang2/Sybu",15
"GO:0043087","regulation of GTPase activity","8/292","150/25615",0.0533333333333333,4.67853881278539,4.85200994998748,0.000337045711327319,0.0106659194559936,0.0106659194559936,"Lrrk2/Rap1gap/Rasgrf1/Rasa1/Pip5k1a/Ngef/Gnao1/Tiam1",8
"GO:0007178","cell surface receptor protein serine/threonine kinase signaling pathway","14/292","417/25615",0.0335731414868106,2.9451233533721,4.30035878195012,0.00033876479635913,0.0106677698618189,0.0106677698618189,"Msx2/Fgf10/Bmp2/Dlx3/Comp/Ptprk/Msx1/Itga3/Tbx20/Ext1/Chrdl1/Htra3/Gata4/Magi2",14
"GO:0043627","response to estrogen","7/292","115/25615",0.0608695652173913,5.33963668850506,5.00846626597358,0.000357260472076081,0.0111911415529698,0.0111911415529698,"Mmp2/Cd24a/Igfbp2/Krt19/Gata4/Naip1/Ar",7
"GO:0003180","aortic valve morphogenesis","4/292","30/25615",0.133333333333333,11.6963470319635,6.29471326809997,0.000358869109575307,0.0111911415529698,0.0111911415529698,"Eln/Sox9/Tbx20/Gata4",4
"GO:0060070","canonical Wnt signaling pathway","12/292","323/25615",0.0371517027863777,3.25904406463378,4.38739693700856,0.000364379656528489,0.0112573935804023,0.0112573935804023,"Fgf10/Bmp2/Lrrk2/Ednra/Fzd9/Wnt7b/Cdh2/Sox9/Sox2/Fgf2/Nkx2-5/Ext1",12
"GO:0030073","insulin secretion","11/292","277/25615",0.0397111913357401,3.48356906186638,4.4627495060995,0.000364498422279525,0.0112573935804023,0.0112573935804023,"Lepr/Glp1r/Efna5/Pde3b/Agt/Adcy8/Gnao1/Ptger3/Tiam1/Cpe/Sybu",11
"GO:0007548","sex differentiation","13/292","371/25615",0.0350404312668464,3.07383783185024,4.32071094144808,0.000366756606081664,0.0112729398921943,0.0112729398921943,"Mmp2/Fgf10/Sema3a/Sox9/Sox2/Lhx8/Agt/Stra6/Gata4/Nppc/Ar/Afp/Gfra1",13
"GO:0060043","regulation of cardiac muscle cell proliferation","5/292","54/25615",0.0925925925925926,8.1224632166413,5.62614247083123,0.000372567260045337,0.0113970098977678,0.0113970098977678,"Tbx20/Fgf2/Nkx2-5/Tbx2/Gata4",5
"GO:0072080","nephron tubule development","7/292","116/25615",0.0603448275862069,5.29360533774209,4.97693642519229,0.000376556510143026,0.0114644503372455,0.0114644503372455,"Bmp2/Cd24a/Wnt7b/Sox9/Agt/Fgf2/Irx1",7
"GO:0042693","muscle cell fate commitment","3/292","13/25615",0.230769230769231,20.2436775553214,7.45238617775818,0.000385290128213422,0.0116750178473728,0.0116750178473728,"Fgf10/Nkx2-5/Tbx2",3
"GO:0009952","anterior/posterior pattern specification","10/292","235/25615",0.0425531914893617,3.73287671232877,4.51939928932677,0.00039073059534332,0.0117842880022793,0.0117842880022793,"Msx2/Bmp2/Msx1/Hoxc6/Meox1/Gata4/Hoxc8/Hoxc4/Hoxb3/Pax3",10
"GO:0016525","negative regulation of angiogenesis","7/292","117/25615",0.0598290598290598,5.24836084767592,4.94576892033308,0.000396677625496252,0.0119077432999436,0.0119077432999436,"Ism1/Thbs4/Tnmd/Pde3b/Agt/Tafa5/Dcn",7
"GO:0003208","cardiac ventricle morphogenesis","6/292","84/25615",0.0714285714285714,6.26590019569472,5.19099851616481,0.000402329952857039,0.0119960126271993,0.0119960126271993,"Ednra/Dsp/Tbx20/Nkx2-5/Cpe/Gata4",6
"GO:0070293","renal absorption","5/292","55/25615",0.0909090909090909,7.97478206724782,5.56037539768213,0.000406043518644502,0.0119960126271993,0.0119960126271993,"Ednra/Agt/Aqp3/Ang2/Gsn",5
"GO:0097553","calcium ion transmembrane import into cytosol","9/292","194/25615",0.0463917525773196,4.06960528173987,4.60850044681574,0.000407146704479591,0.0119960126271993,0.0119960126271993,"Cemip/Plcb1/Cx3cl1/Ednra/Glp1r/F2r/Cacna1i/Fgf2/Itpr2",9
"GO:0060045","positive regulation of cardiac muscle cell proliferation","4/292","31/25615",0.129032258064516,11.3190455148034,6.1731766182024,0.000408362473860621,0.0119960126271993,0.0119960126271993,"Tbx20/Fgf2/Tbx2/Gata4",4
"GO:0042327","positive regulation of phosphorylation","15/292","476/25615",0.0315126050420168,2.76436773339473,4.17244994203407,0.00040895497592725,0.0119960126271993,0.0119960126271993,"Cemip/Fgf10/Bmp2/Dynap/Ednra/Rasa1/Thbs4/Sox9/Agt/Adcy8/Fgf2/Ptger3/Tiam1/Glmn/Ang2",15
"GO:0009100","glycoprotein metabolic process","13/292","376/25615",0.0345744680851064,3.03296232876712,4.26441765419856,0.000416262882400601,0.0120854917804983,0.0120854917804983,"Hs6st2/Bmp2/Ugdh/Plcb1/Ednra/Itm2a/Galnt13/Ext1/Galnt15/Galnt18/Galnt7/St3gal5/Acan",13
"GO:0002027","regulation of heart rate","7/292","118/25615",0.0593220338983051,5.20388321337358,4.9149562350581,0.000417649311218964,0.0120854917804983,0.0120854917804983,"Kcnh2/Ednra/Sema3a/Dsp/Agt/Adm2/Dsc2",7
"GO:0006939","smooth muscle contraction","7/292","118/25615",0.0593220338983051,5.20388321337358,4.9149562350581,0.000417649311218964,0.0120854917804983,0.0120854917804983,"Ptgs1/Comp/Ednra/Agt/F2r/Ptger3/Tbx2",7
"GO:0048660","regulation of smooth muscle cell proliferation","9/292","195/25615",0.0461538461538462,4.04873551106428,4.58903988967474,0.00042266708557195,0.0121758446534269,0.0121758446534269,"Mmp2/Bmp2/Cx3cl1/Agt/Fgf2/Ang2/Tafa5/Nppc/Pde1a",9
"GO:0021537","telencephalon development","12/292","329/25615",0.0364741641337386,3.19960861056751,4.31197112647568,0.000429567528453922,0.0123193830481607,0.0123193830481607,"Nefl/Aldh1a3/Bmp2/Lrrk2/Plcb1/Foxg1/Sema3a/Cdh2/Sox2/Igf2bp1/Gria1/Ext1",12
"GO:2000181","negative regulation of blood vessel morphogenesis","7/292","119/25615",0.0588235294117647,5.16015310233682,4.88449107231369,0.000439497505044301,0.012548142099576,0.012548142099576,"Ism1/Thbs4/Tnmd/Pde3b/Agt/Tafa5/Dcn",7
"GO:0009914","hormone transport","14/292","429/25615",0.0326340326340326,2.8627422805505,4.1780570872303,0.000449304685970401,0.012771386295017,0.012771386295017,"Spp1/Lepr/Slco1a5/Glp1r/Efna5/Pde3b/Agt/Adcy8/Gnao1/Ptger3/Tiam1/Cpe/Crhr1/Sybu",14
"GO:1901343","negative regulation of vasculature development","7/292","120/25615",0.0583333333333333,5.11715182648402,4.85436634613705,0.000462248588306065,0.0129189951306602,0.0129189951306602,"Ism1/Thbs4/Tnmd/Pde3b/Agt/Tafa5/Dcn",7
"GO:0003156","regulation of animal organ formation","4/292","32/25615",0.125,10.9653253424658,6.05707967527255,0.00046254185554979,0.0129189951306602,0.0129189951306602,"Fgf10/Bmp2/Fgf2/Ar",4
"GO:0060740","prostate gland epithelium morphogenesis","4/292","32/25615",0.125,10.9653253424658,6.05707967527255,0.00046254185554979,0.0129189951306602,0.0129189951306602,"Mmp2/Fgf10/Sox9/Ar",4
"GO:0097186","amelogenesis","4/292","32/25615",0.125,10.9653253424658,6.05707967527255,0.00046254185554979,0.0129189951306602,0.0129189951306602,"Msx2/Odaph/Wdr72/Dmp1",4
"GO:0030072","peptide hormone secretion","12/292","332/25615",0.036144578313253,3.17069648456841,4.274904264601,0.000465690043576081,0.0129506183546872,0.0129506183546872,"Lepr/Glp1r/Efna5/Pde3b/Agt/Adcy8/Gnao1/Ptger3/Tiam1/Cpe/Crhr1/Sybu",12
"GO:0052652","cyclic purine nucleotide metabolic process","5/292","57/25615",0.087719298245614,7.69496515260755,5.43369011201119,0.00047975069248574,0.0130695307013194,0.0130695307013194,"Adcy8/Ptger3/Nppc/Pde1a/Adcy1",5
"GO:0009880","embryonic pattern specification","6/292","87/25615",0.0689655172413793,6.04983467170524,5.06641710624501,0.000485810999875854,0.0130695307013194,0.0130695307013194,"Fgf10/Ednra/Sema3a/Sim2/Meox1/Chrdl1",6
"GO:0034103","regulation of tissue remodeling","6/292","87/25615",0.0689655172413793,6.04983467170524,5.06641710624501,0.000485810999875854,0.0130695307013194,0.0130695307013194,"Spp1/Lepr/Pdk4/Thbs4/Agt/Gata4",6
"GO:0032355","response to estradiol","7/292","121/25615",0.0578512396694215,5.07486131552134,4.82457517383473,0.000485929384706972,0.0130695307013194,0.0130695307013194,"Mmp2/Msx2/Fgf10/Igfbp2/Gria1/Arnt2/Slc6a4",7
"GO:0055017","cardiac muscle tissue growth","7/292","121/25615",0.0578512396694215,5.07486131552134,4.82457517383473,0.000485929384706972,0.0130695307013194,0.0130695307013194,"Agt/Tbx20/Fgf2/Nkx2-5/Tbx2/Gata4/Ang2",7
"GO:0061326","renal tubule development","7/292","121/25615",0.0578512396694215,5.07486131552134,4.82457517383473,0.000485929384706972,0.0130695307013194,0.0130695307013194,"Bmp2/Cd24a/Wnt7b/Sox9/Agt/Fgf2/Irx1",7
"GO:0021984","adenohypophysis development","3/292","14/25615",0.214285714285714,18.7977005870841,7.15273277486927,0.000486241880077106,0.0130695307013194,0.0130695307013194,"Bmp2/Sox2/Fgf2",3
"GO:0040034","regulation of development, heterochronic","3/292","14/25615",0.214285714285714,18.7977005870841,7.15273277486927,0.000486241880077106,0.0130695307013194,0.0130695307013194,"Msx1/Sox5/Serpine2",3
"GO:0070482","response to oxygen levels","14/292","433/25615",0.0323325635103926,2.83629662437913,4.13822619119229,0.000492406329706646,0.0131800760918145,0.0131800760918145,"Mmp2/Bmp2/Ednra/Cd24a/Sox2/Aqp3/Ang2/Slc29a1/Nppc/Itpr2/Arnt2/Rad21/Crhr1/Slc6a4",14
"GO:0045665","negative regulation of neuron differentiation","6/292","88/25615",0.0681818181818182,5.98108655043587,5.02618055584325,0.000516441735231189,0.0135124949931472,0.0135124949931472,"Foxg1/Rap1gap/Sox9/Sox2/Ptger3/Slc6a4",6
"GO:0090287","regulation of cellular response to growth factor stimulus","12/292","336/25615",0.0357142857142857,3.13295009784736,4.22613084852274,0.000517811200909692,0.0135124949931472,0.0135124949931472,"Msx2/Fgf10/Bmp2/Msx1/Itga3/Agt/Tbx20/Fgf2/Chrdl1/Htra3/Gata4/Dcn",12
"GO:0009187","cyclic nucleotide metabolic process","5/292","58/25615",0.0862068965517241,7.56229333963155,5.37263393542199,0.000520171069652437,0.0135124949931472,0.0135124949931472,"Adcy8/Ptger3/Nppc/Pde1a/Adcy1",5
"GO:1902895","positive regulation of miRNA transcription","5/292","58/25615",0.0862068965517241,7.56229333963155,5.37263393542199,0.000520171069652437,0.0135124949931472,0.0135124949931472,"Bmp2/Agt/Ptger3/Gata4/Ar",5
"GO:0003209","cardiac atrium morphogenesis","4/292","33/25615",0.121212121212121,10.6330427563304,5.94601172654342,0.000521652982300826,0.0135124949931472,0.0135124949931472,"Bmp2/Tbx20/Nkx2-5/Gata4",4
"GO:0060384","innervation","4/292","33/25615",0.121212121212121,10.6330427563304,5.94601172654342,0.000521652982300826,0.0135124949931472,0.0135124949931472,"Ednra/Sema3a/Nptx1/Serpine2",4
"GO:0060512","prostate gland morphogenesis","4/292","33/25615",0.121212121212121,10.6330427563304,5.94601172654342,0.000521652982300826,0.0135124949931472,0.0135124949931472,"Mmp2/Fgf10/Sox9/Ar",4
"GO:1904321","response to forskolin","4/292","33/25615",0.121212121212121,10.6330427563304,5.94601172654342,0.000521652982300826,0.0135124949931472,0.0135124949931472,"Efna5/Adcy8/Ptger3/Adcy1",4
"GO:0007492","endoderm development","6/292","89/25615",0.0674157303370786,5.91388333076805,4.98655958225377,0.000548553840683038,0.0141522484841278,0.0141522484841278,"Mmp2/Pax9/Sox2/Nkx2-5/Ext1/Gata4",6
"GO:0014706","striated muscle tissue development","15/292","490/25615",0.0306122448979592,2.68538579815488,4.0449847224224,0.000551878968234129,0.0141810819677442,0.0141810819677442,"Bmp2/Eln/Ednra/Megf10/Dsp/Nln/Agt/Tbx20/Fgf2/Nkx2-5/Nebl/Tbx2/Gata4/Ang2/Pax3",15
"GO:0009190","cyclic nucleotide biosynthetic process","4/292","34/25615",0.117647058823529,10.3203062046736,5.83960445443144,0.000585943206835451,0.0148860659152718,0.0148860659152718,"Adcy8/Ptger3/Nppc/Adcy1",4
"GO:0097205","renal filtration","4/292","34/25615",0.117647058823529,10.3203062046736,5.83960445443144,0.000585943206835451,0.0148860659152718,0.0148860659152718,"Xpnpep3/Ednra/Itga3/F2r",4
"GO:0007200","phospholipase C-activating G protein-coupled receptor signaling pathway","8/292","163/25615",0.049079754601227,4.30540381544668,4.54600511256604,0.000586266294608307,0.0148860659152718,0.0148860659152718,"Plcb1/Ednra/Ano1/F2r/Ptger3/Sele/Crhr1/Adra1d",8
"GO:0048144","fibroblast proliferation","7/292","125/25615",0.056,4.91246575342466,4.70861507483425,0.000590501574492162,0.0149345752540852,0.0149345752540852,"Fgf10/Xrcc4/Ednra/Rasgrf1/Rasa1/Agt/Btc",7
"GO:0001542","ovulation from ovarian follicle","3/292","15/25615",0.2,17.5445205479452,6.88259767967976,0.000602689383444258,0.0151830454872389,0.0151830454872389,"Mmp2/Agt/Afp",3
"GO:0002790","peptide secretion","12/292","342/25615",0.0350877192982456,3.07798606104302,4.15431893588424,0.000605152924017919,0.0151855561870747,0.0151855561870747,"Lepr/Glp1r/Efna5/Pde3b/Agt/Adcy8/Gnao1/Ptger3/Tiam1/Cpe/Crhr1/Sybu",12
"GO:0022600","digestive system process","7/292","126/25615",0.0555555555555556,4.87347792998478,4.68039504125803,0.000619248666057624,0.0154188117471092,0.0154188117471092,"Fgf10/Slco1a5/Cracd/Sox9/Ptger3/Ezr/Nppc",7
"GO:0048477","oogenesis","7/292","126/25615",0.0555555555555556,4.87347792998478,4.68039504125803,0.000619248666057624,0.0154188117471092,0.0154188117471092,"Plcb1/Ednra/Bnc1/Pde3a/Nanos1/Nppc/4930447C04Rik",7
"GO:0050708","regulation of protein secretion","12/292","344/25615",0.0348837209302326,3.06009079324626,4.13073105251252,0.000636884413158776,0.0157967006568802,0.0157967006568802,"Lepr/Glp1r/Efna5/Pde3b/Agt/Adcy8/F2r/Gnao1/Ptger3/Tiam1/Ang2/Sybu",12
"GO:0046620","regulation of organ growth","7/292","127/25615",0.0551181102362205,4.83510408801639,4.65247113815283,0.000649095611038073,0.0160028354463166,0.0160028354463166,"Agt/Tbx20/Fgf2/Nkx2-5/Tbx2/Gata4/Slc6a4",7
"GO:0061036","positive regulation of cartilage development","4/292","35/25615",0.114285714285714,10.0254403131115,5.7375264601379,0.000655661218403066,0.0160028354463166,0.0160028354463166,"Bmp2/Sox9/Prkg2/Sox5",4
"GO:0090630","activation of GTPase activity","4/292","35/25615",0.114285714285714,10.0254403131115,5.7375264601379,0.000655661218403066,0.0160028354463166,0.0160028354463166,"Rasgrf1/Rasa1/Pip5k1a/Tiam1",4
"GO:0035774","positive regulation of insulin secretion involved in cellular response to glucose stimulus","5/292","61/25615",0.0819672131147541,7.19037727374803,5.19786673975764,0.00065686592899771,0.0160028354463166,0.0160028354463166,"Lepr/Efna5/Agt/Adcy8/Sybu",5
"GO:0001934","positive regulation of protein phosphorylation","14/292","446/25615",0.031390134529148,2.75362430124701,4.01183954549435,0.000657650771766434,0.0160028354463166,0.0160028354463166,"Cemip/Fgf10/Bmp2/Dynap/Ednra/Rasa1/Thbs4/Sox9/Agt/Adcy8/Fgf2/Ptger3/Tiam1/Ang2",14
"GO:0046883","regulation of hormone secretion","12/292","347/25615",0.0345821325648415,3.03363467687813,4.09566845164767,0.000687092746049489,0.0166561652853657,0.0166561652853657,"Spp1/Lepr/Glp1r/Efna5/Pde3b/Agt/Adcy8/Gnao1/Ptger3/Tiam1/Crhr1/Sybu",12
"GO:0014855","striated muscle cell proliferation","6/292","93/25615",0.0645161290322581,5.65952275740168,4.83390498995869,0.000692804308187559,0.016731484495477,0.016731484495477,"Megf10/Tbx20/Fgf2/Nkx2-5/Tbx2/Gata4",6
"GO:0035051","cardiocyte differentiation","9/292","209/25615",0.0430622009569378,3.7775283476437,4.3294830835428,0.000696208738339702,0.0167507300939859,0.0167507300939859,"Bmp2/Ednra/Agt/Nkx2-5/Nebl/Tbx2/Gata4/Ang2/Pax3",9
"GO:0001974","blood vessel remodeling","5/292","62/25615",0.0806451612903226,7.0744034467521,5.14222507044592,0.000707907312539946,0.0169055634786491,0.0169055634786491,"Fgf10/Eln/Ednra/Ext1/Nppc",5
"GO:0071300","cellular response to retinoic acid","5/292","62/25615",0.0806451612903226,7.0744034467521,5.14222507044592,0.000707907312539946,0.0169055634786491,0.0169055634786491,"Krt13/Brinp1/Rorb/Sox9/Slc6a4",5
"GO:0002064","epithelial cell development","10/292","254/25615",0.0393700787401575,3.45364577715457,4.220054772029,0.000714801523076957,0.0170069814231347,0.0170069814231347,"Plcb1/Ednra/Tnmd/Cdh2/Sox9/Dsp/Agt/Ezr/Magi2/Ar",10
"GO:0019229","regulation of vasoconstriction","6/292","94/25615",0.0638297872340425,5.59931506849315,4.79712234832217,0.000733070993260223,0.0172448074067799,0.0172448074067799,"Mmp2/Ptgs1/Cx3cl1/F2r/Ptger3/Adra1d",6
"GO:2000628","regulation of miRNA metabolic process","6/292","94/25615",0.0638297872340425,5.59931506849315,4.79712234832217,0.000733070993260223,0.0172448074067799,0.0172448074067799,"Bmp2/Sox9/Agt/Ptger3/Gata4/Ar",6
"GO:0003188","heart valve formation","3/292","16/25615",0.1875,16.4479880136986,6.63732319902699,0.000735535060625418,0.0172448074067799,0.0172448074067799,"Sox9/Tbx20/Gata4",3
"GO:0140059","dendrite arborization","3/292","16/25615",0.1875,16.4479880136986,6.63732319902699,0.000735535060625418,0.0172448074067799,0.0172448074067799,"Sema3a/Zfp365/Igf2bp1",3
"GO:0014897","striated muscle hypertrophy","7/292","130/25615",0.0538461538461538,4.72352476290832,4.57042045166684,0.000745536401202077,0.0174157303320805,0.0174157303320805,"Bmp2/Agt/Tiam1/Gata4/Ang2/Ar/Gsn",7
"GO:2000241","regulation of reproductive process","9/292","212/25615",0.0424528301886792,3.72407275781856,4.27677773268408,0.000770429868496264,0.0178476013676028,0.0178476013676028,"Msx2/Plcb1/Sema3a/Msx1/Bnc1/Sox9/Pde3a/Nppc/Ar",9
"GO:0034109","homotypic cell-cell adhesion","6/292","95/25615",0.0631578947368421,5.54037490987743,4.76086354013448,0.000775123253810584,0.0178476013676028,0.0178476013676028,"Comp/Megf10/Dsp/Dsc2/Serpine2/Slc6a4",6
"GO:0048644","muscle organ morphogenesis","6/292","95/25615",0.0631578947368421,5.54037490987743,4.76086354013448,0.000775123253810584,0.0178476013676028,0.0178476013676028,"Bmp2/Ednra/Dsp/Tbx20/Nkx2-5/Gata4",6
"GO:0032535","regulation of cellular component size","13/292","402/25615",0.0323383084577114,2.83680058611054,3.98598192276234,0.00077513710796407,0.0178476013676028,0.0178476013676028,"Nefl/Add2/Map2/Eln/Sema3a/Cracd/Rasa1/Efna5/Wnt7b/Cdh2/Nefm/Ezr/Gsn",13
"GO:0034505","tooth mineralization","4/292","37/25615",0.108108108108108,9.48352462051092,5.54519018559018,0.000812380382477116,0.0185203798519543,0.0185203798519543,"Msx2/Odaph/Wdr72/Dmp1",4
"GO:0051281","positive regulation of release of sequestered calcium ion into cytosol","4/292","37/25615",0.108108108108108,9.48352462051092,5.54519018559018,0.000812380382477116,0.0185203798519543,0.0185203798519543,"Cemip/Cx3cl1/Ednra/F2r",4
"GO:0014896","muscle hypertrophy","7/292","132/25615",0.053030303030303,4.65195620589456,4.51710098855239,0.000815888464835471,0.0185203798519543,0.0185203798519543,"Bmp2/Agt/Tiam1/Gata4/Ang2/Ar/Gsn",7
"GO:0060419","heart growth","7/292","132/25615",0.053030303030303,4.65195620589456,4.51710098855239,0.000815888464835471,0.0185203798519543,0.0185203798519543,"Agt/Tbx20/Fgf2/Nkx2-5/Tbx2/Gata4/Ang2",7
"GO:0060443","mammary gland morphogenesis","5/292","64/25615",0.078125,6.8533283390411,5.03455944522202,0.000818815153729462,0.0185213681252044,0.0185213681252044,"Msx2/Fgf10/Tbx2/Ar/Pax3",5
"GO:0001837","epithelial to mesenchymal transition","8/292","173/25615",0.046242774566474,4.0565365428775,4.33161222434208,0.000865226062496172,0.0194176840042469,0.0194176840042469,"Msx2/Bmp2/Ednra/Msx1/Sox9/Agt/Tbx20/Tiam1",8
"GO:0046622","positive regulation of organ growth","5/292","65/25615",0.0769230769230769,6.74789251844046,4.9824438770432,0.000878889161536917,0.0194176840042469,0.0194176840042469,"Agt/Tbx20/Fgf2/Tbx2/Gata4",5
"GO:2000630","positive regulation of miRNA metabolic process","5/292","65/25615",0.0769230769230769,6.74789251844046,4.9824438770432,0.000878889161536917,0.0194176840042469,0.0194176840042469,"Bmp2/Agt/Ptger3/Gata4/Ar",5
"GO:0048511","rhythmic process","12/292","357/25615",0.0336134453781513,2.94865891562104,3.98146597134287,0.000879054844771623,0.0194176840042469,0.0194176840042469,"Mmp2/Lepr/Rorb/Klf9/Agt/Ptger3/Prkg2/Prokr2/Nppc/Afp/Adcy1/Slc6a4",12
"GO:0006171","cAMP biosynthetic process","3/292","17/25615",0.176470588235294,15.4804593070105,6.41322285566478,0.000885644678275893,0.0194176840042469,0.0194176840042469,"Adcy8/Ptger3/Adcy1",3
"GO:0060413","atrial septum morphogenesis","3/292","17/25615",0.176470588235294,15.4804593070105,6.41322285566478,0.000885644678275893,0.0194176840042469,0.0194176840042469,"Tbx20/Nkx2-5/Gata4",3
"GO:0071895","odontoblast differentiation","3/292","17/25615",0.176470588235294,15.4804593070105,6.41322285566478,0.000885644678275893,0.0194176840042469,0.0194176840042469,"Bmp2/Dlx3/Msx1",3
"GO:1903826","L-arginine transmembrane transport","3/292","17/25615",0.176470588235294,15.4804593070105,6.41322285566478,0.000885644678275893,0.0194176840042469,0.0194176840042469,"Slc38a4/Slc47a1/Slc7a3",3
"GO:2001053","regulation of mesenchymal cell apoptotic process","3/292","17/25615",0.176470588235294,15.4804593070105,6.41322285566478,0.000885644678275893,0.0194176840042469,0.0194176840042469,"Msx2/Msx1/Sox9",3
"GO:0006493","protein O-linked glycosylation","7/292","134/25615",0.0522388059701493,4.58252402371703,4.46483925086796,0.000891382579531206,0.0194770125541104,0.0194770125541104,"Hs6st2/Ugdh/Galnt13/Ext1/Galnt15/Galnt18/Galnt7",7
"GO:1902692","regulation of neuroblast proliferation","4/292","38/25615",0.105263157894737,9.23395818312905,5.4544153294567,0.000899883141126371,0.0195431833367296,0.0195431833367296,"Lrrk2/Cx3cl1/Foxg1/Sox2",4
"GO:0045787","positive regulation of cell cycle","12/292","358/25615",0.0335195530726257,2.94042243820311,3.97026476940492,0.000900495371679945,0.0195431833367296,0.0195431833367296,"Msx2/Fgf10/Plcb1/Dyrk3/Foxg1/Msx1/Tbx20/Tbx2/Gata4/Btc/Rad21/Slc6a4",12
"GO:0050770","regulation of axonogenesis","8/292","175/25615",0.0457142857142857,4.01017612524462,4.29066817025915,0.000932058983468956,0.0201600906054026,0.0201600906054026,"Nefl/Map2/Chodl/Sema3a/Efna5/Cdh2/Nefm/Tiam1",8
"GO:0009101","glycoprotein biosynthetic process","11/292","311/25615",0.0353697749196141,3.10272871426684,4.00628094324505,0.000949237809107509,0.0204627640459954,0.0204627640459954,"Hs6st2/Ugdh/Plcb1/Itm2a/Galnt13/Ext1/Galnt15/Galnt18/Galnt7/St3gal5/Acan",11
"GO:0014033","neural crest cell differentiation","6/292","99/25615",0.0606060606060606,5.31652137816521,4.62080612836037,0.000962262298640045,0.0206052433548788,0.0206052433548788,"Ednra/Sema3a/Cdh2/Sox9/Ext1/Pax3",6
"GO:0150076","neuroinflammatory response","6/292","99/25615",0.0606060606060606,5.31652137816521,4.62080612836037,0.000962262298640045,0.0206052433548788,0.0206052433548788,"Lrrk2/Cx3cl1/Agt/Adcy8/Clu/Adcy1",6
"GO:0048599","oocyte development","5/292","67/25615",0.0746268656716418,6.54646289102433,4.88143611683973,0.00100880425238929,0.0215295093118197,0.0215295093118197,"Plcb1/Ednra/Bnc1/Pde3a/Nppc",5
"GO:0030048","actin filament-based movement","7/292","137/25615",0.0510948905109489,4.48217678232177,4.38834722241666,0.00101483708472705,0.0215295093118197,0.0215295093118197,"Kcnh2/Epdr1/Dsp/Ptger3/Gata4/Dsc2/Gsn",7
"GO:0009636","response to toxic substance","10/292","266/25615",0.037593984962406,3.29784220826038,4.04532255583344,0.00101547965776485,0.0215295093118197,0.0215295093118197,"Ptgs1/Nefl/Gpx7/Ednra/Txnrd3/Cp/Gria1/Slc47a1/Arnt2/Slc6a4",10
"GO:0007411","axon guidance","10/292","267/25615",0.0374531835205993,3.28549073931558,4.0312134853845,0.00104461437027224,0.0220743510349634,0.0220743510349634,"Lama2/Artn/Foxg1/Ednra/Sema3a/Ephb6/Efna5/Wnt7b/Ext1/Alcam",10
"GO:0090136","epithelial cell-cell adhesion","3/292","18/25615",0.166666666666667,14.6204337899543,6.20733534821939,0.00105384821845603,0.0221964621487265,0.0221964621487265,"Thbs4/Dsp/Dsc2",3
"GO:0009612","response to mechanical stimulus","10/292","268/25615",0.0373134328358209,3.27323144551216,4.01717101440913,0.00107442997548041,0.0225519787872265,0.0225519787872265,"Mmp2/Ednra/Igfbp2/Sox9/Sox2/Fgf2/Stra6/Gata4/Serpine2/Gsn",10
"GO:0051445","regulation of meiotic cell cycle","5/292","68/25615",0.0735294117647059,6.45019137792103,4.83246598225949,0.00107885908521495,0.0225519787872265,0.0225519787872265,"Msx2/Plcb1/Msx1/Pde3a/Nppc",5
"GO:0046879","hormone secretion","13/292","417/25615",0.0311750599520384,2.7347573995598,3.8352730714055,0.00108125925692182,0.0225519787872265,0.0225519787872265,"Spp1/Lepr/Glp1r/Efna5/Pde3b/Agt/Adcy8/Gnao1/Ptger3/Tiam1/Cpe/Crhr1/Sybu",13
"GO:0003230","cardiac atrium development","4/292","40/25615",0.1,8.7722602739726,5.28253108004178,0.00109443152685184,0.0226794455757943,0.0226794455757943,"Bmp2/Tbx20/Nkx2-5/Gata4",4
"GO:0030513","positive regulation of BMP signaling pathway","4/292","40/25615",0.1,8.7722602739726,5.28253108004178,0.00109443152685184,0.0226794455757943,0.0226794455757943,"Msx2/Msx1/Tbx20/Gata4",4
"GO:0048639","positive regulation of developmental growth","9/292","223/25615",0.0403587443946188,3.54037410160329,4.09142132302765,0.00109974170537821,0.022716208087941,0.022716208087941,"Plcb1/Efna5/Cdh2/Agt/Tbx20/Fgf2/Tbx2/Ezr/Gata4",9
"GO:0097485","neuron projection guidance","10/292","269/25615",0.0371747211895911,3.26106329887457,4.0031945450778,0.00110493840157448,0.0227503983708797,0.0227503983708797,"Lama2/Artn/Foxg1/Ednra/Sema3a/Ephb6/Efna5/Wnt7b/Ext1/Alcam",10
"GO:1990778","protein localization to cell periphery","13/292","419/25615",0.0310262529832936,2.7217036649557,3.81568193930544,0.00112882573039908,0.023167976013047,0.023167976013047,"Krt18/Pip5k1a/Itga3/Wdr72/Neto2/Pkp1/Prkg2/Ezr/Magi2/Nptx1/Ar/Sytl2/Stac2",13
"GO:0060038","cardiac muscle cell proliferation","5/292","69/25615",0.072463768115942,6.35671034345841,4.78446966557812,0.00115245614727702,0.0233707331013788,0.0233707331013788,"Tbx20/Fgf2/Nkx2-5/Tbx2/Gata4",5
"GO:0097106","postsynaptic density organization","5/292","69/25615",0.072463768115942,6.35671034345841,4.78446966557812,0.00115245614727702,0.0233707331013788,0.0233707331013788,"Cbln1/Adgrl3/Cdh2/Magi2/Nptx1",5
"GO:0141161","regulation of cAMP/PKA signal transduction","5/292","69/25615",0.072463768115942,6.35671034345841,4.78446966557812,0.00115245614727702,0.0233707331013788,0.0233707331013788,"Lrrk2/Pde3b/Pde3a/Crhr1/Pde1a",5
"GO:0008544","epidermis development","13/292","420/25615",0.030952380952381,2.71522341813438,3.80592926274633,0.00115325691051324,0.0233707331013788,0.0233707331013788,"Msx2/Ptgs1/Fgf10/Dlx3/Sox9/Dsp/Pkp1/Cst6/Ext1/Sprr1a/Clic5/Ppl/Evpl",13
"GO:0006814","sodium ion transport","10/292","271/25615",0.03690036900369,3.23699641106,3.97543725806986,0.0011680820532791,0.0235967267618395,0.0235967267618395,"Slc5a7/Slc9a2/Ednra/Slc38a4/Slc6a17/Agt/Cacna1i/Nkx2-5/Serpine2/Slc6a4",10
"GO:0050803","regulation of synapse structure or activity","13/292","421/25615",0.0308788598574822,2.70877395633358,3.79620496180931,0.0011781281558938,0.0237250635531718,0.0237250635531718,"Arhgap22/Nefl/Lrrk2/Cbln1/Nrn1/Adgrl3/Efna5/Ngef/Cdh2/Cntnap4/Tiam1/Magi2/Sybu",13
"GO:0007586","digestion","7/292","141/25615",0.049645390070922,4.35502283105023,4.28972068272352,0.00119992690313642,0.023905628265256,0.023905628265256,"Fgf10/Slco1a5/Cracd/Sox9/Ptger3/Ezr/Nppc",7
"GO:0021983","pituitary gland development","4/292","41/25615",0.0975609756097561,8.55830270631473,5.20103085198414,0.00120197975244049,0.023905628265256,0.023905628265256,"Fgf10/Bmp2/Sox2/Fgf2",4
"GO:0031076","embryonic camera-type eye development","4/292","41/25615",0.0975609756097561,8.55830270631473,5.20103085198414,0.00120197975244049,0.023905628265256,0.023905628265256,"Fgf10/Aldh1a3/Stra6/Tbx2",4
"GO:0060325","face morphogenesis","4/292","41/25615",0.0975609756097561,8.55830270631473,5.20103085198414,0.00120197975244049,0.023905628265256,0.023905628265256,"Mmp2/Pax9/Msx1/Stra6",4
"GO:0015833","peptide transport","12/292","371/25615",0.032345013477089,2.83738876786176,3.8280841592668,0.00122131039179348,0.0242151171508683,0.0242151171508683,"Lepr/Glp1r/Efna5/Pde3b/Agt/Adcy8/Gnao1/Ptger3/Tiam1/Cpe/Crhr1/Sybu",12
"GO:0002067","glandular epithelial cell differentiation","3/292","19/25615",0.157894736842105,13.8509372746936,6.01725067562392,0.00124094073297879,0.0243786032680604,0.0243786032680604,"Bmp2/Fgf2/Ext1",3
"GO:0003215","cardiac right ventricle morphogenesis","3/292","19/25615",0.157894736842105,13.8509372746936,6.01725067562392,0.00124094073297879,0.0243786032680604,0.0243786032680604,"Tbx20/Nkx2-5/Gata4",3
"GO:0071372","cellular response to follicle-stimulating hormone stimulus","3/292","19/25615",0.157894736842105,13.8509372746936,6.01725067562392,0.00124094073297879,0.0243786032680604,0.0243786032680604,"Ednra/Efna5/Gata4",3
"GO:0090276","regulation of peptide hormone secretion","10/292","274/25615",0.0364963503649635,3.20155484451555,3.9342818264076,0.00126829906398102,0.0248401011799209,0.0248401011799209,"Lepr/Glp1r/Efna5/Pde3b/Agt/Adcy8/Gnao1/Ptger3/Tiam1/Sybu",10
"GO:0016331","morphogenesis of embryonic epithelium","8/292","184/25615",0.0434782608695652,3.81402620607504,4.11365514250126,0.00128583836712621,0.0250399973726484,0.0250399973726485,"Fgf10/Aldh1a3/Wnt7b/Sox9/Irx1/Glmn/Ar/Pax3",8
"GO:0045765","regulation of angiogenesis","11/292","323/25615",0.0340557275541796,2.98745705924764,3.85993489489223,0.00128630123489632,0.0250399973726484,0.0250399973726485,"Ism1/Cx3cl1/Thbs4/Tnmd/Pde3b/Agt/Fgf2/Gata4/Tafa5/Adm2/Dcn",11
"GO:0090092","regulation of transmembrane receptor protein serine/threonine kinase signaling pathway","10/292","275/25615",0.0363636363636364,3.18991282689913,3.9206892313232,0.0013032218893403,0.0252096640476634,0.0252096640476634,"Msx2/Fgf10/Bmp2/Msx1/Itga3/Tbx20/Chrdl1/Htra3/Gata4/Magi2",10
"GO:0009994","oocyte differentiation","5/292","71/25615",0.0704225352112676,6.1776480802624,4.69126321650264,0.00131071416437104,0.0252096640476634,0.0252096640476634,"Plcb1/Ednra/Bnc1/Pde3a/Nppc",5
"GO:0061337","cardiac conduction","5/292","71/25615",0.0704225352112676,6.1776480802624,4.69126321650264,0.00131071416437104,0.0252096640476634,0.0252096640476634,"Kcnh2/Dsp/Agt/Nkx2-5/Dsc2",5
"GO:2000179","positive regulation of neural precursor cell proliferation","5/292","71/25615",0.0704225352112676,6.1776480802624,4.69126321650264,0.00131071416437104,0.0252096640476634,0.0252096640476634,"Cx3cl1/Foxg1/Fzd9/Sox2/Fgf2",5
"GO:0040020","regulation of meiotic nuclear division","4/292","42/25615",0.0952380952380952,8.35453359425962,5.12225851174615,0.00131671186289149,0.0252494239021341,0.0252494239021341,"Msx2/Plcb1/Msx1/Pde3a",4
"GO:0006029","proteoglycan metabolic process","6/292","106/25615",0.0566037735849057,4.96543034375808,4.39307979807688,0.00137123384603608,0.0262166851992136,0.0262166851992136,"Hs6st2/Bmp2/Ugdh/Ednra/Ext1/Acan",6
"GO:0055008","cardiac muscle tissue morphogenesis","5/292","72/25615",0.0694444444444444,6.09184741248097,4.64598954341876,0.00139559565900735,0.0265245754836189,0.0265245754836189,"Bmp2/Ednra/Dsp/Tbx20/Nkx2-5",5
"GO:0097479","synaptic vesicle localization","5/292","72/25615",0.0694444444444444,6.09184741248097,4.64598954341876,0.00139559565900735,0.0265245754836189,0.0265245754836189,"Map2/Lrrk2/Syn1/Cdh2/Magi2",5
"GO:0030282","bone mineralization","7/292","145/25615",0.0482758620689655,4.23488427019367,4.19469924243438,0.0014104825356699,0.0267284360151724,0.0267284360151724,"Bmp2/Spp1/Comp/Phex/Fzd9/Sox9/Phospho1",7
"GO:1905332","positive regulation of morphogenesis of an epithelium","4/292","43/25615",0.0930232558139535,8.16024211532335,5.04605684288434,0.001438878029066,0.0271098215382739,0.0271098215382739,"Sox9/Agt/Fgf2/Ar",4
"GO:0021675","nerve development","6/292","107/25615",0.0560747663551402,4.91902445269492,4.3621862930343,0.00143904874603851,0.0271098215382739,0.0271098215382739,"Ednra/Sema3a/Ext1/Nptx1/Hoxb3/Serpine2",6
"GO:0097091","synaptic vesicle clustering","3/292","20/25615",0.15,13.1583904109589,5.84098466932882,0.00144768318132899,0.027113459932529,0.027113459932529,"Syn1/Cdh2/Magi2",3
"GO:1990822","basic amino acid transmembrane transport","3/292","20/25615",0.15,13.1583904109589,5.84098466932882,0.00144768318132899,0.027113459932529,0.027113459932529,"Slc38a4/Slc47a1/Slc7a3",3
"GO:0097306","cellular response to alcohol","7/292","146/25615",0.0479452054794521,4.20587821354851,4.17147890919063,0.00146737169650527,0.0274023133091566,0.0274023133091566,"Dynap/Efna5/Klf9/Adcy8/Ptger3/Itpr2/Adcy1",7
"GO:0002791","regulation of peptide secretion","10/292","280/25615",0.0357142857142857,3.13295009784736,3.85364590829871,0.00148979340027338,0.0277403849372643,0.0277403849372643,"Lepr/Glp1r/Efna5/Pde3b/Agt/Adcy8/Gnao1/Ptger3/Tiam1/Sybu",10
"GO:0015844","monoamine transport","6/292","108/25615",0.0555555555555556,4.87347792998478,4.33167458789949,0.00150939028158184,0.0280240554013923,0.0280240554013923,"Ptgs1/Agt/Ptger3/Maob/Crhr1/Slc6a4",6
"GO:1901342","regulation of vasculature development","11/292","330/25615",0.0333333333333333,2.92408675799087,3.7776584764278,0.00152464841144583,0.0282082012291317,0.0282082012291317,"Ism1/Cx3cl1/Thbs4/Tnmd/Pde3b/Agt/Fgf2/Gata4/Tafa5/Adm2/Dcn",11
"GO:0007517","muscle organ development","12/292","381/25615",0.031496062992126,2.76291662172365,3.72283477365261,0.00152809060207625,0.0282082012291317,0.0282082012291317,"Bmp2/Eln/Ednra/Msx1/Megf10/Dsp/Nln/Tbx20/Stra6/Nkx2-5/Gata4/Pax3",12
"GO:0055078","sodium ion homeostasis","4/292","44/25615",0.0909090909090909,7.97478206724782,4.97228112764601,0.0015687275929043,0.0286570351350207,0.0286570351350207,"Spp1/Ednra/Agt/Ext1",4
"GO:0060351","cartilage development involved in endochondral bone morphogenesis","4/292","44/25615",0.0909090909090909,7.97478206724782,4.97228112764601,0.0015687275929043,0.0286570351350207,0.0286570351350207,"Comp/Sox9/Ext1/Nppc",4
"GO:1902175","regulation of oxidative stress-induced intrinsic apoptotic signaling pathway","4/292","44/25615",0.0909090909090909,7.97478206724782,4.97228112764601,0.0015687275929043,0.0286570351350207,0.0286570351350207,"Mmp2/Fgf2/Cpe/Gata4",4
"GO:0090087","regulation of peptide transport","10/292","282/25615",0.0354609929078014,3.11073059360731,3.82724794393083,0.00157024850054908,0.0286570351350207,0.0286570351350207,"Lepr/Glp1r/Efna5/Pde3b/Agt/Adcy8/Gnao1/Ptger3/Tiam1/Sybu",10
"GO:1901293","nucleoside phosphate biosynthetic process","11/292","332/25615",0.0331325301204819,2.90647177752104,3.75454808629617,0.00159902364762306,0.0290995124995199,0.0290995124995199,"Ugdh/Pdk4/Adcy8/Pank1/Ptger3/Gnpda2/Mthfd2l/Nppc/Atpsckmt/Gfpt2/Adcy1",11
"GO:0008217","regulation of blood pressure","9/292","236/25615",0.038135593220339,3.34535349431159,3.88686635996843,0.00162691199748311,0.029523397378055,0.029523397378055,"Ptgs1/Ednra/Glp1r/Agt/F2r/Ext1/Ar/Adm2/Adra1d",9
"GO:0014061","regulation of norepinephrine secretion","3/292","21/25615",0.142857142857143,12.5318003913894,5.67688676766412,0.00167480325243446,0.0301370758925462,0.0301370758925462,"Ptgs1/Agt/Ptger3",3
"GO:0033604","negative regulation of catecholamine secretion","3/292","21/25615",0.142857142857143,12.5318003913894,5.67688676766412,0.00167480325243446,0.0301370758925462,0.0301370758925462,"Ptgs1/Ptger3/Crhr1",3
"GO:0045836","positive regulation of meiotic nuclear division","3/292","21/25615",0.142857142857143,12.5318003913894,5.67688676766412,0.00167480325243446,0.0301370758925462,0.0301370758925462,"Msx2/Plcb1/Msx1",3
"GO:1900744","regulation of p38MAPK cascade","4/292","45/25615",0.0888888888888889,7.79756468797565,4.90079789443494,0.00170650887046725,0.030621823977323,0.030621823977323,"Bmp2/Ezr/Dsc2/Gsn",4
"GO:0010586","miRNA metabolic process","6/292","111/25615",0.0540540540540541,4.74176231025546,4.24234600399314,0.00173618719100712,0.0310675947493865,0.0310675947493865,"Bmp2/Sox9/Agt/Ptger3/Gata4/Ar",6
"GO:0030199","collagen fibril organization","5/292","76/25615",0.0657894736842105,5.77122386445566,4.4730854734306,0.00177607623977082,0.0316607024633577,0.0316607024633577,"Adamts2/Comp/Col4a6/Ext1/Acan",5
"GO:0007266","Rho protein signal transduction","7/292","151/25615",0.0463576158940397,4.06661072303366,4.05841413213985,0.00177918953755793,0.0316607024633577,0.0316607024633577,"Ctnnal1/Lrrk2/Ednra/Rtkn/Itga3/Cdh2/F2r",7
"GO:0090277","positive regulation of peptide hormone secretion","7/292","152/25615",0.0460526315789474,4.03985670511896,4.03638581981998,0.00184729593248219,0.0327818482604022,0.0327818482604022,"Lepr/Glp1r/Efna5/Agt/Adcy8/Ptger3/Sybu",7
"GO:0099170","postsynaptic modulation of chemical synaptic transmission","4/292","46/25615",0.0869565217391304,7.62805241215009,4.83148381553364,0.00185246896290314,0.0327830871010737,0.0327830871010737,"Nefl/Plcb1/Rasgrf1/Gnao1",4
"GO:0086003","cardiac muscle cell contraction","5/292","77/25615",0.0649350649350649,5.69627290517701,4.4317759703596,0.0018819990408059,0.0332067486815956,0.0332067486815956,"Kcnh2/Dsp/Gata4/Dsc2/Gsn",5
"GO:0048145","regulation of fibroblast proliferation","6/292","113/25615",0.0530973451327434,4.65783731361377,4.18455266138274,0.00190114958700895,0.0332067486815956,0.0332067486815956,"Fgf10/Xrcc4/Rasgrf1/Rasa1/Agt/Btc",6
"GO:0007631","feeding behavior","7/292","153/25615",0.0457516339869281,4.01345241292864,4.0145451535998,0.00191740759795363,0.0332067486815956,0.0332067486815956,"Lepr/Glp1r/Agt/Stra6/Ar/Adm2/Crhr1",7
"GO:0001502","cartilage condensation","3/292","22/25615",0.136363636363636,11.9621731008717,5.52357109814666,0.00192299617056455,0.0332067486815956,0.0332067486815956,"Sox9/Sox5/Acan",3
"GO:0007379","segment specification","3/292","22/25615",0.136363636363636,11.9621731008717,5.52357109814666,0.00192299617056455,0.0332067486815956,0.0332067486815956,"Ednra/Meox1/Irx1",3
"GO:0030539","male genitalia development","3/292","22/25615",0.136363636363636,11.9621731008717,5.52357109814666,0.00192299617056455,0.0332067486815956,0.0332067486815956,"Fgf10/Sox2/Ar",3
"GO:0032354","response to follicle-stimulating hormone","3/292","22/25615",0.136363636363636,11.9621731008717,5.52357109814666,0.00192299617056455,0.0332067486815956,0.0332067486815956,"Ednra/Efna5/Gata4",3
"GO:0060438","trachea development","3/292","22/25615",0.136363636363636,11.9621731008717,5.52357109814666,0.00192299617056455,0.0332067486815956,0.0332067486815956,"Wnt7b/Sox9/Ano1",3
"GO:1903376","regulation of oxidative stress-induced neuron intrinsic apoptotic signaling pathway","3/292","22/25615",0.136363636363636,11.9621731008717,5.52357109814666,0.00192299617056455,0.0332067486815956,0.0332067486815956,"Mmp2/Fgf2/Cpe",3
"GO:0016485","protein processing","10/292","290/25615",0.0344827586206897,3.02491733585262,3.72395240103863,0.00192810044493075,0.0332067486815956,0.0332067486815956,"Adamts2/Lrrk2/Xpnpep3/Comp/Phex/Wdr72/Cpe/Prss22/Serpine2/Gsn",10
"GO:0008406","gonad development","10/292","291/25615",0.0343642611683849,3.01452243091842,3.71129093078108,0.00197711925768094,0.0339599307789903,0.0339599307789903,"Mmp2/Sema3a/Sox9/Lhx8/Agt/Gata4/Nppc/Ar/Afp/Gfra1",10
"GO:0043547","positive regulation of GTPase activity","6/292","114/25615",0.0526315789473684,4.61697909156453,4.15616106092691,0.00198794876052456,0.0340548875669594,0.0340548875669594,"Rap1gap/Rasgrf1/Rasa1/Pip5k1a/Gnao1/Tiam1",6
"GO:0046887","positive regulation of hormone secretion","8/292","198/25615",0.0404040404040404,3.54434758544348,3.85939688383176,0.00204061018981919,0.0348640421792512,0.0348640421792512,"Spp1/Lepr/Glp1r/Efna5/Agt/Adcy8/Ptger3/Sybu",8
"GO:0002793","positive regulation of peptide secretion","7/292","155/25615",0.0451612903225806,3.96166593018118,3.97141498054695,0.00206380555728686,0.0351668087533443,0.0351668087533443,"Lepr/Glp1r/Efna5/Agt/Adcy8/Ptger3/Sybu",7
"GO:0050918","positive chemotaxis","5/292","79/25615",0.0632911392405063,5.55206346453962,4.35128941212735,0.00210760417939441,0.0358181197048404,0.0358181197048404,"Fgf10/Cx3cl1/Artn/Wnt7b/Fgf2",5
"GO:0003231","cardiac ventricle development","7/292","156/25615",0.0448717948717949,3.93627063575694,3.95011974759473,0.00214017201286004,0.0362756332733849,0.0362756332733849,"Ednra/Dsp/Tbx20/Stra6/Nkx2-5/Cpe/Gata4",7
"GO:0060323","head morphogenesis","4/292","48/25615",0.0833333333333333,7.31021689497717,4.69891480369405,0.00216990684206318,0.0364014297665879,0.0364014297665879,"Mmp2/Pax9/Msx1/Stra6",4
"GO:0032024","positive regulation of insulin secretion","6/292","116/25615",0.0517241379310345,4.53737600377893,4.1003525237992,0.00217050168633854,0.0364014297665879,0.0364014297665879,"Lepr/Glp1r/Efna5/Agt/Adcy8/Sybu",6
"GO:0007219","Notch signaling pathway","8/292","200/25615",0.04,3.50890410958904,3.82495697638448,0.00217214517905591,0.0364014297665879,0.0364014297665879,"Fgf10/Bmp2/Lrrk2/Dlk2/Sox9/Sox2/Krt19/Tbx2",8
"GO:0045137","development of primary sexual characteristics","10/292","295/25615",0.0338983050847458,2.97364755049919,3.66118191202255,0.00218335506527293,0.0364014297665879,0.0364014297665879,"Mmp2/Sema3a/Sox9/Lhx8/Agt/Gata4/Nppc/Ar/Afp/Gfra1",10
"GO:0015802","basic amino acid transport","3/292","23/25615",0.130434782608696,11.4420786182251,5.37986420931099,0.00219292548562726,0.0364014297665879,0.0364014297665879,"Slc38a4/Slc47a1/Slc7a3",3
"GO:0030728","ovulation","3/292","23/25615",0.130434782608696,11.4420786182251,5.37986420931099,0.00219292548562726,0.0364014297665879,0.0364014297665879,"Mmp2/Agt/Afp",3
"GO:0032332","positive regulation of chondrocyte differentiation","3/292","23/25615",0.130434782608696,11.4420786182251,5.37986420931099,0.00219292548562726,0.0364014297665879,0.0364014297665879,"Sox9/Prkg2/Sox5",3
"GO:0048243","norepinephrine secretion","3/292","23/25615",0.130434782608696,11.4420786182251,5.37986420931099,0.00219292548562726,0.0364014297665879,0.0364014297665879,"Ptgs1/Agt/Ptger3",3
"GO:0055001","muscle cell development","9/292","247/25615",0.0364372469635627,3.1963701403139,3.72463263132763,0.00221656096361958,0.0366989371914746,0.0366989371914746,"Comp/Ednra/Megf10/Agt/Nkx2-5/Krt19/Nebl/Gata4/Ang2",9
"GO:0045123","cellular extravasation","5/292","80/25615",0.0625,5.48266267123288,4.31206870416533,0.00222751560067338,0.0367855018476241,0.0367855018476241,"Add2/Plcb1/Ptger3/Ext1/Sele",5
"GO:0050678","regulation of epithelial cell proliferation","12/292","399/25615",0.0300751879699248,2.6382737666083,3.54166416951604,0.00223983194839402,0.0368084420995458,0.0368084420995458,"Fgf10/Ptprk/Rap1gap/Ednra/Bnc1/Thbs4/Klf9/Tnmd/Sox9/Fgf2/Ang2/Ar",12
"GO:0030902","hindbrain development","8/292","201/25615",0.0398009950248756,3.49144687521298,3.80790143070224,0.00224036439304521,0.0368084420995458,0.0368084420995458,"Cbln1/Klhl1/Zfp365/Nanos1/Fgf2/Hoxb3/Serpine2/Slc6a4",8
"GO:0048167","regulation of synaptic plasticity","12/292","400/25615",0.03,2.63167808219178,3.53189301693061,0.0022862038347888,0.0374657485578654,0.0374657485578654,"Syn1/Cbln1/Rasgrf1/Agt/Adcy8/F2r/Syt12/Gria1/Chrdl1/Crhr1/Serpine2/Adcy1",12
"GO:1904064","positive regulation of cation transmembrane transport","7/292","158/25615",0.0443037974683544,3.88644442517774,3.9080551441074,0.00229944247175311,0.0375868153652467,0.0375868153652467,"Cemip/Kcnh2/Cx3cl1/Ednra/F2r/Atpsckmt/Stac2",7
"GO:1903531","negative regulation of secretion by cell","8/292","202/25615",0.0396039603960396,3.47416248474162,3.79095373934714,0.00231025527191744,0.0376677153979635,0.0376677153979635,"Trim9/Ptgs1/Pde3b/F2r/Gnao1/Ptger3/Maob/Crhr1",8
"GO:0055023","positive regulation of cardiac muscle tissue growth","4/292","49/25615",0.0816326530612245,7.16102879507968,4.63545572291844,0.00234187116209831,0.0380865325197964,0.0380865325197964,"Tbx20/Fgf2/Tbx2/Gata4",4
"GO:1990874","vascular associated smooth muscle cell proliferation","5/292","81/25615",0.0617283950617284,5.41497547776087,4.27350217120701,0.00235231947417833,0.0381598492477817,0.0381598492477817,"Mmp2/Spon2/Agt/Fgf2/Tafa5",5
"GO:0051899","membrane depolarization","6/292","118/25615",0.0508474576271186,4.46047132574878,4.04579867124328,0.00236542342997641,0.0382757685495427,0.0382757685495427,"Kcnh2/Lrrk2/Fzd9/Cacna1i/Dcn/Slc6a4",6
"GO:0050921","positive regulation of chemotaxis","7/292","159/25615",0.0440251572327044,3.8620013784785,3.88728041648814,0.00238242836220026,0.0384540698461669,0.0384540698461669,"Fgf10/Cx3cl1/Artn/Ednra/Thbs4/Fgf2/Tiam1",7
"GO:0007626","locomotory behavior","10/292","300/25615",0.0333333333333333,2.92408675799087,3.59972117712885,0.00246514610679655,0.0395175198029726,0.0395175198029726,"Aldh1a3/Lrrk2/Lepr/Klhl1/Otop1/Adgrl3/Adcy8/Gnao1/Gria1/Crhr1",10
"GO:0031333","negative regulation of protein-containing complex assembly","7/292","160/25615",0.04375,3.83786386986301,3.86667393007833,0.00246770307378841,0.0395175198029726,0.0395175198029726,"Trim9/Add2/Map2/Cracd/Sox9/Clu/Gsn",7
"GO:0061180","mammary gland epithelium development","5/292","82/25615",0.0609756097560976,5.34893919144671,4.23557025396151,0.00248213100885973,0.0395175198029726,0.0395175198029726,"Msx2/Fgf10/Msx1/Fgf2/Ar",5
"GO:0003283","atrial septum development","3/292","24/25615",0.125,10.9653253424658,5.24476489655825,0.00248522384813215,0.0395175198029726,0.0395175198029726,"Tbx20/Nkx2-5/Gata4",3
"GO:0036480","neuron intrinsic apoptotic signaling pathway in response to oxidative stress","3/292","24/25615",0.125,10.9653253424658,5.24476489655825,0.00248522384813215,0.0395175198029726,0.0395175198029726,"Mmp2/Fgf2/Cpe",3
"GO:0051900","regulation of mitochondrial depolarization","3/292","24/25615",0.125,10.9653253424658,5.24476489655825,0.00248522384813215,0.0395175198029726,0.0395175198029726,"Lrrk2/Fzd9/Dcn",3
"GO:0043270","positive regulation of monoatomic ion transport","9/292","252/25615",0.0357142857142857,3.13295009784736,3.6538709557321,0.0025354674649687,0.0402168962838493,0.0402168962838493,"Cemip/Kcnh2/Cx3cl1/Ednra/F2r/Nkx2-5/Atpsckmt/Stac2/Slc6a4",9
"GO:0001823","mesonephros development","6/292","121/25615",0.0495867768595041,4.34988112758972,3.96620941721525,0.00268213713091942,0.0422878154976291,0.0422878154976291,"Fgf10/Bmp2/Sox9/Agt/Fgf2/Vcan",6
"GO:0043279","response to alkaloid","6/292","121/25615",0.0495867768595041,4.34988112758972,3.96620941721525,0.00268213713091942,0.0422878154976291,0.0422878154976291,"Adgrl3/Adcy8/Gria1/Cpe/Crhr1/Slc6a4",6
"GO:1990138","neuron projection extension","8/292","207/25615",0.0386473429951691,3.39024551651115,3.70778886117464,0.00268577657581455,0.0422878154976291,0.0422878154976291,"Map2/Ednra/Sema3a/Nrn1/Cdh2/Jade2/Tiam1/Alcam",8
"GO:0008089","anterograde axonal transport","4/292","51/25615",0.0784313725490196,6.8802041364491,4.51373062955369,0.00271349292353524,0.0424123565469353,0.0424123565469353,"Nefl/Map2/Rab27b/Sybu",4
"GO:0035850","epithelial cell differentiation involved in kidney development","4/292","51/25615",0.0784313725490196,6.8802041364491,4.51373062955369,0.00271349292353524,0.0424123565469353,0.0424123565469353,"Ednra/Cd24a/Ext1/Magi2",4
"GO:0048806","genitalia development","4/292","51/25615",0.0784313725490196,6.8802041364491,4.51373062955369,0.00271349292353524,0.0424123565469353,0.0424123565469353,"Fgf10/Sox2/Stra6/Ar",4
"GO:0009895","negative regulation of catabolic process","12/292","410/25615",0.0292682926829268,2.56749081189442,3.43578620893003,0.00279455686958511,0.0434550047646862,0.0434550047646862,"Lrrk2/Lepr/Rragb/Pde3b/Igf2bp1/Pkp1/Gata4/Ang2/Igf2bp3/Dap/Serpine2/Eif3h",12
"GO:0043567","regulation of insulin-like growth factor receptor signaling pathway","3/292","25/25615",0.12,10.5267123287671,5.11741294699838,0.00280049376908158,0.0434550047646862,0.0434550047646862,"Bmp2/Igfbp2/Ar",3
"GO:0043586","tongue development","3/292","25/25615",0.12,10.5267123287671,5.11741294699838,0.00280049376908158,0.0434550047646862,0.0434550047646862,"Krt13/Sox2/Nkx2-5",3
"GO:0034764","positive regulation of transmembrane transport","9/292","256/25615",0.03515625,3.08399775256849,3.59851831909354,0.00281593336176032,0.0435892913637308,0.0435892913637308,"Cemip/Kcnh2/Cx3cl1/Ednra/Rasa1/Agt/F2r/Atpsckmt/Stac2",9
"GO:0051147","regulation of muscle cell differentiation","7/292","164/25615",0.0426829268292683,3.7442574340127,3.78588047590001,0.00283252627604186,0.0437407423011848,0.0437407423011848,"Bmp2/Lama2/Msx1/Cth/Megf10/Nln/Nkx2-5",7
"GO:0021536","diencephalon development","5/292","85/25615",0.0588235294117647,5.16015310233682,4.12539863114533,0.00290276602540302,0.0442485283973375,0.0442485283973375,"Fgf10/Bmp2/Sema3a/Sox2/Fgf2",5
"GO:0060411","cardiac septum morphogenesis","5/292","85/25615",0.0588235294117647,5.16015310233682,4.12539863114533,0.00290276602540302,0.0442485283973375,0.0442485283973375,"Msx2/Tbx20/Nkx2-5/Tbx2/Gata4",5
"GO:0099084","postsynaptic specialization organization","5/292","85/25615",0.0588235294117647,5.16015310233682,4.12539863114533,0.00290276602540302,0.0442485283973375,0.0442485283973375,"Cbln1/Adgrl3/Cdh2/Magi2/Nptx1",5
"GO:0050807","regulation of synapse organization","12/292","412/25615",0.029126213592233,2.55502726426386,3.41690612294771,0.00290649098055362,0.0442485283973375,0.0442485283973375,"Arhgap22/Nefl/Lrrk2/Cbln1/Nrn1/Adgrl3/Efna5/Ngef/Cdh2/Cntnap4/Tiam1/Magi2",12
"GO:0050900","leukocyte migration","12/292","412/25615",0.029126213592233,2.55502726426386,3.41690612294771,0.00290649098055362,0.0442485283973375,0.0442485283973375,"Mmp2/Add2/Spp1/Plcb1/Cx3cl1/Artn/Ednra/Thbs4/Itga3/Ptger3/Ext1/Sele",12
"GO:0007157","heterophilic cell-cell adhesion","4/292","52/25615",0.0769230769230769,6.74789251844046,4.45529998313168,0.0029136250797126,0.0442485283973375,0.0442485283973375,"Cbln1/Cdh2/Alcam/Sele",4
"GO:0060421","positive regulation of heart growth","4/292","52/25615",0.0769230769230769,6.74789251844046,4.45529998313168,0.0029136250797126,0.0442485283973375,0.0442485283973375,"Tbx20/Fgf2/Tbx2/Gata4",4
"GO:0001894","tissue homeostasis","10/292","308/25615",0.0324675324675325,2.84813645258851,3.5039799275474,0.00297607818701931,0.0449842971139107,0.0449842971139107,"Ptgs1/Spp1/Comp/Pdk4/Brinp1/Cracd/Sox9/Nanos1/F2r/Ext1",10
"GO:0060249","anatomical structure homeostasis","10/292","308/25615",0.0324675324675325,2.84813645258851,3.5039799275474,0.00297607818701931,0.0449842971139107,0.0449842971139107,"Ptgs1/Spp1/Comp/Pdk4/Brinp1/Cracd/Sox9/Nanos1/F2r/Ext1",10
"GO:0060415","muscle tissue morphogenesis","5/292","86/25615",0.0581395348837209,5.10015132207709,4.08982532716807,0.0030537630923258,0.0460501739556361,0.0460501739556361,"Bmp2/Ednra/Dsp/Tbx20/Nkx2-5",5
"GO:0007612","learning","8/292","212/25615",0.0377358490566038,3.31028689583872,3.62713643527908,0.00310739348098051,0.0466826780950804,0.0466826780950804,"Ptgs1/Plcb1/Glp1r/Agt/Stra6/Gria1/Crhr1/Slc6a4",8
"GO:0002920","regulation of humoral immune response","4/292","53/25615",0.0754716981132075,6.62057379167744,4.3983898909921,0.00312361743382765,0.0466826780950804,0.0466826780950804,"Vsig4/Clu/Ppl/Evpl",4
"GO:1903115","regulation of actin filament-based movement","4/292","53/25615",0.0754716981132075,6.62057379167744,4.3983898909921,0.00312361743382765,0.0466826780950804,0.0466826780950804,"Dsp/Ptger3/Gata4/Dsc2",4
"GO:0018149","peptide cross-linking","3/292","26/25615",0.115384615384615,10.1218387776607,4.9970645529535,0.00313930836504899,0.0466826780950804,0.0466826780950804,"Dsp/Sprr1a/Evpl",3
"GO:0070254","mucus secretion","3/292","26/25615",0.115384615384615,10.1218387776607,4.9970645529535,0.00313930836504899,0.0466826780950804,0.0466826780950804,"Ano1/Ptger3/Sytl2",3
"GO:0071371","cellular response to gonadotropin stimulus","3/292","26/25615",0.115384615384615,10.1218387776607,4.9970645529535,0.00313930836504899,0.0466826780950804,0.0466826780950804,"Ednra/Efna5/Gata4",3
"GO:0045446","endothelial cell differentiation","6/292","125/25615",0.048,4.21068493150685,3.86402857476857,0.00315261123884048,0.0467722277097257,0.0467722277097257,"Plcb1/Ednra/Tnmd/Dsp/Agt/Ezr",6
"GO:0055021","regulation of cardiac muscle tissue growth","5/292","87/25615",0.0574712643678161,5.0415288930877,4.05480029555276,0.00321034553698739,0.0475190316350392,0.0475190316350392,"Tbx20/Fgf2/Nkx2-5/Tbx2/Gata4",5
"GO:0055007","cardiac muscle cell differentiation","7/292","168/25615",0.0416666666666667,3.65510844748858,3.70758538257764,0.00323734445317383,0.0478085075107785,0.0478085075107785,"Bmp2/Agt/Nkx2-5/Nebl/Gata4/Ang2/Pax3",7
"GO:0003300","cardiac muscle hypertrophy","6/292","126/25615",0.0476190476190476,4.17726679712981,3.83915024968235,0.00327927936747963,0.0482470523770283,0.0482470523770283,"Bmp2/Agt/Tiam1/Gata4/Ang2/Gsn",6
"GO:0048469","cell maturation","9/292","262/25615",0.0343511450381679,3.01337184983792,3.51748707630278,0.00328206131518701,0.0482470523770283,0.0482470523770283,"Plek2/Lrrk2/Plcb1/Ednra/Ropn1l/Bnc1/Srrm4/Pde3a/Nppc",9
"GO:0032970","regulation of actin filament-based process","12/292","419/25615",0.0286396181384248,2.51234184457449,3.3516891320245,0.00332728292381444,0.0483782389644572,0.0483782389644572,"Add2/Cx3cl1/Eln/Cracd/Rasa1/Efna5/Ngef/Dsp/Ptger3/Gata4/Dsc2/Gsn",12
"GO:0008038","neuron recognition","4/292","54/25615",0.0740740740740741,6.49797057331304,4.3429309222159,0.00334370144773023,0.0483782389644572,0.0483782389644572,"Foxg1/Sema3a/Efna5/Ext1",4
"GO:0031018","endocrine pancreas development","4/292","54/25615",0.0740740740740741,6.49797057331304,4.3429309222159,0.00334370144773023,0.0483782389644572,0.0483782389644572,"Cdh2/Sox9/Pde3b/Clu",4
"GO:0045907","positive regulation of vasoconstriction","4/292","54/25615",0.0740740740740741,6.49797057331304,4.3429309222159,0.00334370144773023,0.0483782389644572,0.0483782389644572,"Ptgs1/F2r/Ptger3/Adra1d",4
"GO:0060074","synapse maturation","4/292","54/25615",0.0740740740740741,6.49797057331304,4.3429309222159,0.00334370144773023,0.0483782389644572,0.0483782389644572,"Nefl/Nrn1/Chrdl1/Sybu",4
"GO:0060428","lung epithelium development","4/292","54/25615",0.0740740740740741,6.49797057331304,4.3429309222159,0.00334370144773023,0.0483782389644572,0.0483782389644572,"Fgf10/Wnt7b/Sox9/Stra6",4
"GO:0061028","establishment of endothelial barrier","4/292","54/25615",0.0740740740740741,6.49797057331304,4.3429309222159,0.00334370144773023,0.0483782389644572,0.0483782389644572,"Plcb1/Ednra/Dsp/Ezr",4
"GO:0014032","neural crest cell development","5/292","88/25615",0.0568181818181818,4.98423879202989,4.0203082888782,0.00337262889853896,0.0485779552560859,0.0485779552560859,"Ednra/Sema3a/Cdh2/Sox9/Pax3",5
"GO:0043113","receptor clustering","5/292","88/25615",0.0568181818181818,4.98423879202989,4.0203082888782,0.00337262889853896,0.0485779552560859,0.0485779552560859,"Fzd9/Cdh2/Chrdl1/Magi2/Gsn",5
"GO:0006935","chemotaxis","13/292","476/25615",0.0273109243697479,2.3957853689421,3.30081109028734,0.00342568083940664,0.0492317085287433,0.0492317085287433,"Mmp2/Fgf10/Spp1/Cx3cl1/Artn/Ednra/Sema3a/Efna5/Thbs4/Pip5k1a/Wnt7b/Fgf2/Tiam1",13
"GO:0060828","regulation of canonical Wnt signaling pathway","9/292","264/25615",0.0340909090909091,2.99054327521793,3.49098988437092,0.00345025168198832,0.0494741446542254,0.0494741446542254,"Fgf10/Bmp2/Lrrk2/Fzd9/Cdh2/Sox9/Sox2/Fgf2/Nkx2-5",9
"GO:0009226","nucleotide-sugar biosynthetic process","3/292","27/25615",0.111111111111111,9.74695585996956,4.88307277461981,0.00350221208869875,0.0495555296427329,0.0495555296427329,"Ugdh/Gnpda2/Gfpt2",3
"GO:0042474","middle ear morphogenesis","3/292","27/25615",0.111111111111111,9.74695585996956,4.88307277461981,0.00350221208869875,0.0495555296427329,0.0495555296427329,"Ednra/Msx1/Eya4",3
"GO:0051016","barbed-end actin filament capping","3/292","27/25615",0.111111111111111,9.74695585996956,4.88307277461981,0.00350221208869875,0.0495555296427329,0.0495555296427329,"Add2/Cracd/Gsn",3
"GO:0097150","neuronal stem cell population maintenance","3/292","27/25615",0.111111111111111,9.74695585996956,4.88307277461981,0.00350221208869875,0.0495555296427329,0.0495555296427329,"Cdh2/Sox2/Igf2bp1",3
"GO:0098743","cell aggregation","3/292","27/25615",0.111111111111111,9.74695585996956,4.88307277461981,0.00350221208869875,0.0495555296427329,0.0495555296427329,"Sox9/Sox5/Acan",3
"GO:2000738","positive regulation of stem cell differentiation","3/292","27/25615",0.111111111111111,9.74695585996956,4.88307277461981,0.00350221208869875,0.0495555296427329,0.0495555296427329,"Sox9/Nkx2-5/Sox5",3
"GO:0050795","regulation of behavior","6/292","128/25615",0.046875,4.11199700342466,3.7901582754376,0.00354394577246222,0.0499899393220472,0.0499899393220472,"Lepr/Cntnap4/Ptger3/Stra6/Gria1/Crhr1",6
"GO:0042330","taxis","13/292","478/25615",0.0271966527196653,2.38576116237749,3.28411353055753,0.00354847639023249,0.0499899393220472,0.0499899393220472,"Mmp2/Fgf10/Spp1/Cx3cl1/Artn/Ednra/Sema3a/Efna5/Thbs4/Pip5k1a/Wnt7b/Fgf2/Tiam1",13
