"ID","Description","setSize","enrichmentScore","NES","pvalue","p.adjust","qvalue","rank","leading_edge","core_enrichment","log2err"
"GO:0055001","muscle cell development",235,-0.798603124735115,-2.2102103142929,1e-10,4.28133333333333e-08,4.28133333333333e-08,964,"tags=24%, list=5%, signal=23%","12845/18091/242702/17877/225638/23828/65256/234072/72330/59006/21916/19013/237611/64082/93677/17927/22437/68760/11472/278507/109272/433766/381339/228003/78321/12335/66797/12391/74376/14463/116904/17929/53311/18741/18175/22138/17878/20190/50874/17906/17996/12292/320502/59011/68802/24131/21393/11459/17930/12372/21957/11464/11474/233199/238564/17306",NA
"GO:0055002","striated muscle cell development",201,-0.801345016206812,-2.19679645184208,1e-10,4.28133333333333e-08,4.28133333333333e-08,928,"tags=26%, list=5%, signal=25%","18091/242702/17877/225638/23828/65256/234072/72330/59006/21916/19013/237611/64082/93677/17927/22437/68760/11472/109272/433766/381339/228003/78321/12335/66797/12391/74376/14463/116904/17929/53311/18741/18175/22138/17878/20190/50874/17906/17996/12292/320502/59011/68802/24131/21393/11459/17930/12372/21957/11464/11474/233199/238564",NA
"GO:0030239","myofibril assembly",78,-0.860642992197131,-2.16586428031888,1e-10,4.28133333333333e-08,4.28133333333333e-08,450,"tags=40%, list=2%, signal=39%","234072/59006/21916/93677/22437/68760/11472/109272/228003/78321/12335/12391/17929/53311/18175/22138/50874/17906/17996/320502/59011/68802/24131/21393/11459/17930/12372/21957/11464/233199/238564",NA
"GO:0031032","actomyosin structure organization",219,-0.777062315605131,-2.14789597066557,1e-10,4.28133333333333e-08,4.28133333333333e-08,1323,"tags=19%, list=7%, signal=18%","17888/385354/213435/77569/22417/18091/242702/71960/21333/234072/59006/21916/93677/22437/68760/11472/109272/228003/78321/12335/12391/74376/17929/53311/18175/22138/50874/17906/17996/320502/59011/68802/24131/21393/11459/17930/12372/21957/11464/233199/238564/17926",NA
"GO:0045214","sarcomere organization",55,-0.873843770801394,-2.10024883339221,1.73447506053469e-09,5.86252570460725e-07,5.86252570460725e-07,334,"tags=40%, list=2%, signal=39%","59006/93677/22437/68760/11472/109272/78321/12335/12391/17929/53311/22138/17996/59011/68802/24131/21393/17930/12372/21957/233199/238564",0.788186810800237
"GO:0051146","striated muscle cell differentiation",388,-0.741361455240224,-2.09154944294455,1e-10,4.28133333333333e-08,4.28133333333333e-08,1168,"tags=19%, list=6%, signal=18%","213435/244810/17329/15945/11606/18091/242702/20661/17877/225638/23828/65256/234072/72330/78977/59006/21916/330721/19013/66139/56642/16002/237611/64082/93677/22408/17927/22437/227721/68760/23956/11472/434246/109272/433766/381339/228003/78321/12335/66797/12391/74376/14463/116904/17929/53311/18741/18175/22138/17878/666794/20190/228785/12180/50874/66211/17906/17996/20679/12292/320502/59011/68802/24131/21393/11459/17930/12372/21957/11464/11474/233199/238564/226438",NA
"GO:0010927","cellular component assembly involved in morphogenesis",146,-0.780074633058302,-2.06945130913766,1e-10,4.28133333333333e-08,4.28133333333333e-08,1323,"tags=31%, list=7%, signal=29%","17888/11470/53604/213435/432552/12805/72948/18091/242702/269116/16147/76426/67652/234072/214105/59006/21916/93677/22437/68760/11472/109272/228003/78321/12335/12391/17929/53311/18175/22138/50874/17906/17996/320502/59011/68802/24131/21393/11459/17930/12372/21957/11464/233199/238564",NA
"GO:0032989","cellular anatomical entity morphogenesis",146,-0.780074633058302,-2.06945130913766,1e-10,4.28133333333333e-08,4.28133333333333e-08,1323,"tags=31%, list=7%, signal=29%","17888/11470/53604/213435/432552/12805/72948/18091/242702/269116/16147/76426/67652/234072/214105/59006/21916/93677/22437/68760/11472/109272/228003/78321/12335/12391/17929/53311/18175/22138/50874/17906/17996/320502/59011/68802/24131/21393/11459/17930/12372/21957/11464/233199/238564",NA
"GO:0014888","striated muscle adaptation",54,-0.868743232312459,-2.05819604233115,1.47223179699101e-09,5.25259588904238e-07,5.25259588904238e-07,527,"tags=28%, list=3%, signal=27%","65256/100705/59006/66139/69642/17927/17700/14463/76469/12292/59011/21393/11474/17926/140781",0.788186810800237
"GO:0043500","muscle adaptation",138,-0.768105789724433,-2.05324373233912,1.29098598882594e-10,5.18169501265012e-08,5.18169501265012e-08,527,"tags=15%, list=3%, signal=15%","65256/100705/59006/19013/66139/69642/17927/106393/433766/17700/12391/14463/76469/12292/59011/21393/12372/241113/11474/17926/140781",0.826657301178302
"GO:0006941","striated muscle contraction",227,-0.735453827256275,-2.03327165305209,1e-10,4.28133333333333e-08,4.28133333333333e-08,1097,"tags=19%, list=5%, signal=19%","50769/668940/17883/18091/20192/71960/56188/74166/20191/22226/74492/12350/237611/98660/216033/233335/11448/109272/110893/17189/12391/18125/14463/56012/22138/20190/228785/66211/71912/17906/12292/320502/21393/21953/12372/21957/110880/11464/11937/11474/17901/399548/17897/140781",NA
"GO:0050879","multicellular organismal movement",71,-0.824269767099073,-2.01969216743704,1.73965884893208e-08,5.26032576758294e-06,5.26032576758294e-06,2012,"tags=41%, list=10%, signal=37%","18159/381077/17885/21955/68312/243277/21925/50769/17883/12845/71960/74492/12350/237611/233335/11448/110893/17189/12391/228785/71912/21393/21953/12372/21957/110880/11937/11474/140781",0.73376198835648
"GO:0003009","skeletal muscle contraction",53,-0.839224784259301,-2.0073371563971,1.47751248277739e-07,3.38878041585586e-05,3.38878041585586e-05,1938,"tags=51%, list=10%, signal=46%","381077/17885/21955/68312/243277/21925/50769/17883/71960/74492/12350/237611/233335/11448/110893/17189/12391/228785/71912/21393/21953/12372/21957/110880/11937/11474/140781",0.690132458796796
"GO:0043501","skeletal muscle adaptation",25,-0.93845496611728,-2.00564921832134,3.14194735621266e-08,8.68990005818048e-06,8.68990005818048e-06,527,"tags=44%, list=3%, signal=43%","65256/59006/66139/17927/17700/76469/12292/59011/11474/17926/140781",0.719512826338911
"GO:0050881","musculoskeletal movement",66,-0.831906996804888,-2.00151524688882,4.66894302807149e-08,1.199358085051e-05,1.199358085051e-05,1938,"tags=42%, list=10%, signal=38%","381077/17885/21955/68312/243277/21925/50769/17883/12845/71960/74492/12350/237611/233335/11448/110893/17189/12391/228785/71912/21393/21953/12372/21957/110880/11937/11474/140781",0.719512826338911
"GO:0060538","skeletal muscle organ development",210,-0.727930038014828,-1.9897060087238,1e-10,4.28133333333333e-08,4.28133333333333e-08,795,"tags=19%, list=4%, signal=18%","17877/71960/23828/65256/12804/22634/18509/72330/12922/78977/59006/56642/16002/237611/64082/17927/56504/13346/228003/12335/17700/66797/14463/17929/18741/17878/666794/20190/228785/12180/12292/320502/59011/215031/433294/17907/11459/12372/11474",NA
"GO:0010830","regulation of myotube differentiation",45,-0.856038133821423,-1.98912441576382,4.54061850550035e-07,7.67364527429559e-05,7.67364527429559e-05,928,"tags=31%, list=5%, signal=30%","18091/17877/56642/17927/227721/23956/434246/12391/17878/666794/12180/66211/320502/11474",0.674962860011025
"GO:0007517","muscle organ development",356,-0.709700574119675,-1.98721589657472,1e-10,4.28133333333333e-08,4.28133333333333e-08,995,"tags=18%, list=5%, signal=17%","20681/18091/387163/17877/71960/57339/66175/22413/12955/23828/65256/12804/22634/20191/18509/72330/18121/12922/78977/59006/66139/56642/16002/237611/64082/17927/70127/56504/217012/13346/68678/434246/16716/381339/228003/12335/17700/66797/14463/17929/18741/241431/22138/17878/666794/20190/228785/12180/66211/17906/12292/320502/59011/215031/433294/21393/17907/11459/16814/12372/11464/11474/17897/140781",NA
"GO:0007519","skeletal muscle tissue development",198,-0.728016484556097,-1.98616303442551,1e-10,4.28133333333333e-08,4.28133333333333e-08,795,"tags=19%, list=4%, signal=18%","17877/71960/23828/65256/22634/18509/72330/12922/78977/59006/56642/16002/237611/64082/17927/56504/228003/12335/17700/66797/14463/17929/18741/17878/666794/20190/228785/12180/12292/320502/59011/215031/433294/17907/11459/12372/11474",NA
"GO:0048741","skeletal muscle fiber development",41,-0.864219649038354,-1.9805537495751,5.15777172374582e-07,8.07883170973065e-05,8.07883170973065e-05,795,"tags=27%, list=4%, signal=26%","17877/72330/237611/17927/66797/17878/20190/12292/320502/11459/11474",0.659444398037935
"GO:0060415","muscle tissue morphogenesis",81,-0.775714562850933,-1.97294364902651,2.84492951929139e-07,5.89359270093203e-05,5.89359270093203e-05,1323,"tags=23%, list=7%, signal=22%","17888/18996/18091/387163/17877/22413/20191/18509/18121/18741/241431/22138/17878/228785/17906/21393/11464/17897/140781",0.674962860011025
"GO:0045661","regulation of myoblast differentiation",84,-0.769609002839552,-1.9659184416859,3.67404641371356e-07,6.55409057468569e-05,6.55409057468569e-05,1127,"tags=21%, list=6%, signal=20%","17451/17329/15945/20681/17877/66175/56642/17927/70127/23956/381339/228003/12335/17700/17878/666794/12180/69564",0.674962860011025
"GO:0006942","regulation of striated muscle contraction",93,-0.766163362125025,-1.96232208069994,3.6152245263897e-07,6.55409057468569e-05,6.55409057468569e-05,1259,"tags=23%, list=6%, signal=21%","11931/668940/18091/56188/74166/20191/22226/74492/98660/216033/110893/12391/14463/228785/12372/21957/110880/11937/11474/17897/140781",0.674962860011025
"GO:0048644","muscle organ morphogenesis",89,-0.772897597734053,-1.9531956057611,2.95065671495303e-07,5.92159919482136e-05,5.92159919482136e-05,1323,"tags=24%, list=7%, signal=22%","17888/18996/18091/387163/17877/22413/20191/18509/18121/68678/14463/18741/241431/22138/17878/228785/17906/21393/11464/17897/140781",0.674962860011025
"GO:0043101","purine-containing compound salvage",29,-0.859137359422876,-1.93761995355866,1.69889680258984e-05,0.00167851004095876,0.00167851004095876,27,"tags=7%, list=0%, signal=7%","229665/69564",0.575610261071129
"GO:0014904","myotube cell development",49,-0.830957558523271,-1.93620655982395,1.69714991877357e-06,0.000227064516215914,0.000227064516215914,795,"tags=27%, list=4%, signal=26%","17877/72330/237611/17927/433766/381339/66797/17878/20190/12292/320502/11459/11474",0.643551836150722
"GO:0050905","neuromuscular process",214,-0.704414619025814,-1.93528559028395,4.03809422979874e-10,1.52544947904515e-07,1.52544947904515e-07,2369,"tags=25%, list=12%, signal=22%","11555/268859/13491/18124/224129/21960/237523/381077/17885/21407/21955/68312/243277/16485/21925/229320/18996/83762/50769/17883/50873/12845/12323/224796/71960/14811/16531/20512/22226/14402/74492/381338/12350/209448/72088/64378/20927/237611/233335/11448/110893/17189/66797/12391/228785/71912/21393/21953/12372/21957/110880/11937/11474/140781",0.814035837847908
"GO:0006936","muscle contraction",363,-0.690173019558049,-1.93388440480332,1e-10,4.28133333333333e-08,4.28133333333333e-08,2426,"tags=25%, list=12%, signal=22%","15566/17540/22004/16493/11555/243547/193034/93689/60596/140492/19218/13009/20266/21385/381077/17885/24046/12310/21955/17880/68312/243277/12295/13616/16485/21925/17888/11931/50769/11606/668940/17883/12845/18091/20192/71960/544791/56188/16531/17882/74166/12723/20191/22226/74492/192650/12350/21916/237611/93677/17879/98660/216033/11472/233335/11448/109272/433766/110893/12299/17189/12391/18125/14463/56012/17929/22138/20190/228785/50874/66211/71912/17906/12292/320502/21393/21953/17907/17930/12372/21957/110880/11464/11937/11474/233199/17901/399548/17884/17897/140781",NA
"GO:0014819","regulation of skeletal muscle contraction",20,-0.921691606924235,-1.93254821192732,6.5208467764876e-06,0.000734682070150936,0.000734682070150936,425,"tags=45%, list=2%, signal=44%","74492/110893/12391/228785/12372/110880/11937/11474/140781",0.610526878385931
"GO:0045445","myoblast differentiation",119,-0.727006991635412,-1.92844326611136,4.81416764777519e-07,7.92732939333648e-05,7.92732939333648e-05,1127,"tags=18%, list=6%, signal=18%","17451/17329/15945/20681/17877/66175/65256/56642/17927/70127/22437/23956/381339/228003/12335/17700/14177/17878/666794/12180/226438/69564",0.659444398037935
"GO:0055008","cardiac muscle tissue morphogenesis",68,-0.772910088021049,-1.92826816740002,4.94924755928576e-06,0.000567572639745235,0.000567572639745235,1323,"tags=22%, list=7%, signal=21%","17888/18996/18091/22413/20191/18121/18741/241431/22138/228785/17906/21393/11464/17897/140781",0.610526878385931
"GO:0014706","striated muscle tissue development",456,-0.673896705227574,-1.9171620993234,1e-10,4.28133333333333e-08,4.28133333333333e-08,1173,"tags=15%, list=6%, signal=15%","18011/18996/213435/244810/11606/20681/18091/13869/17877/71960/225638/22413/23828/65256/22634/20191/234072/18509/72330/18121/12922/78977/59006/19013/56642/16002/237611/64082/17927/56504/22437/11472/228003/12335/17700/66797/12391/74376/14463/116904/17929/18741/241431/24053/18175/22138/17878/666794/20190/16514/228785/12180/66211/17906/17996/20679/12292/320502/59011/215031/433294/21393/17907/11459/12372/11464/11474/17897/140781",NA
"GO:0070252","actin-mediated cell contraction",106,-0.725081758336676,-1.90430967541656,2.39006416842324e-06,0.00029517292480027,0.00029517292480027,630,"tags=13%, list=3%, signal=13%","56188/20191/98660/216033/12391/18125/14463/228785/11464/11937/17901/399548/17897/140781",0.627256739718528
"GO:0051153","regulation of striated muscle cell differentiation",101,-0.740443651479544,-1.90296672645476,5.96237068709109e-07,9.11674870297595e-05,9.11674870297595e-05,1168,"tags=18%, list=6%, signal=17%","213435/18091/17877/330721/19013/56642/17927/227721/23956/434246/12391/17878/666794/12180/66211/20679/320502/11474",0.659444398037935
"GO:0014902","myotube differentiation",183,-0.69916318044639,-1.90199286386554,1.80204246164473e-08,5.26032576758294e-06,5.26032576758294e-06,1126,"tags=16%, list=6%, signal=15%","17329/15945/18091/20661/17877/72330/66139/56642/237611/22408/17927/227721/23956/434246/433766/381339/66797/12391/18741/17878/666794/20190/12180/66211/12292/320502/11459/11474/226438",0.73376198835648
"GO:0090257","regulation of muscle system process",260,-0.683626551019325,-1.89493189546575,1e-10,4.28133333333333e-08,4.28133333333333e-08,1720,"tags=18%, list=9%, signal=17%","12310/21955/68312/22065/243277/12295/13616/16485/21925/11931/11606/668940/18091/56188/16531/100705/74166/20191/22226/74492/19013/66139/20927/69642/98660/216033/106393/433766/110893/12299/17700/12391/14463/22138/20190/228785/15464/76469/12292/12372/21957/110880/241113/11937/11474/17897/140781",NA
"GO:0055013","cardiac muscle cell development",108,-0.730916461148545,-1.89035441001417,6.23411968191482e-07,9.31058525517603e-05,9.31058525517603e-05,2548,"tags=29%, list=13%, signal=25%","74103/11554/11731/15214/13009/16000/17880/68016/17888/213435/11606/18091/225638/23828/65256/234072/19013/64082/22437/11472/12391/74376/14463/116904/18741/18175/22138/17906/17996/21393/11464",0.659444398037935
"GO:0030216","keratinocyte differentiation",131,0.570556950856566,1.88986215097038,1.11108908148527e-06,0.000155117697419531,0.000155117697419531,2427,"tags=26%, list=12%, signal=23%","110308/16664/69073/16667/100034684/76770/74591/109620/16673/408196/20761/381867/406220/93746/20863/64929/20758/195733/66195/252973/21818/17123/332131/110310/545975/433016/20759/386463/12575/20753/19225/80859/21816/18103",0.643551836150722
"GO:0060048","cardiac muscle contraction",131,-0.711548197242472,-1.88956084535256,5.04524287846929e-07,8.07883170973065e-05,8.07883170973065e-05,1323,"tags=18%, list=7%, signal=17%","17888/11931/668940/18091/56188/74166/20191/22226/98660/216033/109272/12391/14463/22138/17906/21393/21953/11464/11937/17901/399548/17897/140781",0.659444398037935
"GO:0070296","sarcoplasmic reticulum calcium ion transport",37,-0.835968187331225,-1.87376196889234,3.455699620344e-05,0.00312570464251396,0.00312570464251396,911,"tags=32%, list=5%, signal=31%","20192/74166/20191/12299/69563/20190/15464/68460/433294/76757/12372/11937",0.557332238758646
"GO:0014896","muscle hypertrophy",123,-0.713201294448816,-1.87206966216282,2.0694475619209e-06,0.00026579984485312,0.00026579984485312,2529,"tags=21%, list=13%, signal=19%","30937/11554/17260/11731/15214/18124/18585/13009/16000/22065/17888/11606/66277/100705/20191/19013/66139/69642/433766/17700/12391/14463/22138/21393/17926/140781",0.627256739718528
"GO:0055006","cardiac cell development",117,-0.721542840164245,-1.86939958958882,6.56993651195202e-07,9.5891209726718e-05,9.5891209726718e-05,2548,"tags=26%, list=13%, signal=23%","74103/11554/11731/15214/13009/16000/17880/68016/17888/213435/11606/18091/225638/23828/65256/234072/19013/64082/22437/11472/12391/74376/14463/116904/18741/18175/22138/17906/17996/21393/11464",0.659444398037935
"GO:0006937","regulation of muscle contraction",162,-0.688627391582699,-1.86054280936797,2.0600352001779e-07,4.40984868518082e-05,4.40984868518082e-05,1720,"tags=20%, list=9%, signal=19%","12310/21955/68312/243277/12295/13616/16485/21925/11931/668940/18091/56188/16531/74166/20191/22226/74492/98660/216033/110893/12299/12391/14463/20190/228785/12292/12372/21957/110880/11937/11474/17897/140781",0.690132458796796
"GO:0043173","nucleotide salvage",35,-0.833041562143298,-1.85936291992947,1.85007285029726e-05,0.00175882750051642,0.00175882750051642,27,"tags=6%, list=0%, signal=6%","229665/69564",0.575610261071129
"GO:0055007","cardiac muscle cell differentiation",157,-0.695809605985603,-1.8567146131992,1.87935092260131e-07,4.16179021549848e-05,4.16179021549848e-05,2548,"tags=24%, list=13%, signal=21%","74103/11554/17260/11731/15214/193034/13009/16000/17880/68016/17888/213435/244810/11606/18091/225638/23828/65256/234072/19013/64082/17927/22437/11472/12391/74376/14463/116904/18741/18175/22138/228785/17906/17996/20679/21393/11464",0.690132458796796
"GO:0043403","skeletal muscle tissue regeneration",48,-0.790778418094112,-1.85666500461061,2.47100089779102e-05,0.00229982141530636,0.00229982141530636,1874,"tags=27%, list=9%, signal=25%","16000/94045/20670/225152/18509/66139/17927/22437/381339/12335/17700/17878/59011",0.575610261071129
"GO:0140694","membraneless organelle assembly",474,-0.653989411934278,-1.85172440077569,1e-10,4.28133333333333e-08,4.28133333333333e-08,1329,"tags=10%, list=7%, signal=9%","67578/17888/78906/66991/213435/16191/18091/242702/545486/212541/14080/65256/234072/59006/21916/66968/93677/22437/68760/11472/108079/384619/109272/228003/78321/12335/12391/17929/53311/18175/22138/50874/17906/17996/320502/59011/68802/24131/21393/11459/68680/17930/12372/21957/11464/233199/238564",NA
"GO:0014897","striated muscle hypertrophy",121,-0.706924934561692,-1.851700884733,1.96362577668342e-06,0.000257355198731856,0.000257355198731856,2529,"tags=21%, list=13%, signal=18%","30937/11554/17260/11731/15214/18124/18585/13009/16000/22065/17888/11606/66277/100705/20191/19013/66139/69642/433766/12391/14463/22138/21393/17926/140781",0.627256739718528
"GO:0003299","muscle hypertrophy in response to stress",29,-0.820791127217634,-1.85113736279508,0.000285493691632265,0.0168205549326826,0.0168205549326827,1648,"tags=28%, list=8%, signal=25%","22065/17888/66277/100705/69642/14463/21393/140781",0.49849310876659
"GO:0014898","cardiac muscle hypertrophy in response to stress",29,-0.820791127217634,-1.85113736279508,0.000285493691632265,0.0168205549326826,0.0168205549326827,1648,"tags=28%, list=8%, signal=25%","22065/17888/66277/100705/69642/14463/21393/140781",0.49849310876659
"GO:0032261","purine nucleotide salvage",27,-0.862036487513668,-1.84637524065548,4.91546557593691e-05,0.00420894932382224,0.00420894932382224,27,"tags=7%, list=0%, signal=7%","229665/69564",0.557332238758646
"GO:0006479","protein methylation",55,-0.762630144045445,-1.83295129388204,0.000105075641969768,0.00793877379682179,0.00793877379682179,57,"tags=4%, list=0%, signal=4%","433294/240879",0.538434096309916
"GO:0008213","protein alkylation",55,-0.762630144045445,-1.83295129388204,0.000105075641969768,0.00793877379682179,0.00793877379682179,57,"tags=4%, list=0%, signal=4%","433294/240879",0.538434096309916
"GO:0060047","heart contraction",231,-0.658643922613662,-1.82739130790043,3.24754907188308e-08,8.68990005818048e-06,8.68990005818048e-06,2705,"tags=25%, list=14%, signal=22%","20271/17201/12652/20648/22003/11554/15214/16493/12287/11555/193034/14681/140492/13009/20266/21385/21834/12310/68312/100038489/110312/13616/15978/17888/11931/11606/668940/18091/12290/56188/21333/23828/74166/20191/22226/12922/64082/98660/216033/14652/109272/12391/18125/14463/24053/22138/17906/15464/21393/21953/76757/11464/11937/17901/399548/17897/140781",0.719512826338911
"GO:0035051","cardiocyte differentiation",195,-0.664577991855957,-1.8247198855673,3.43126489335701e-07,6.48105386621727e-05,6.48105386621727e-05,2548,"tags=22%, list=13%, signal=19%","74103/11554/17260/11731/15214/193034/13813/13009/21385/16000/723919/17880/68016/17888/213435/244810/11606/18091/387163/225638/23828/65256/14275/234072/19013/64082/17927/22437/11472/12391/74376/14463/116904/18741/18175/22138/228785/17906/17996/20679/21393/11464",0.674962860011025
"GO:0043502","regulation of muscle adaptation",112,-0.695911588411101,-1.82464903847968,8.43559907242843e-06,0.000888088807264515,0.000888088807264515,509,"tags=11%, list=3%, signal=11%","100705/19013/66139/69642/106393/433766/12391/76469/12372/241113/11474/140781",0.593325476396405
"GO:0051154","negative regulation of striated muscle cell differentiation",42,-0.787412591566353,-1.82311602374001,0.000167417065761596,0.0116864390904454,0.0116864390904454,928,"tags=19%, list=5%, signal=18%","18091/19013/56642/227721/434246/12391/66211/20679",0.518848077743792
"GO:0038128","ERBB2 signaling pathway",23,-0.86771527162649,-1.82251789833414,0.000188795848598822,0.0127625993652804,0.0127625993652804,849,"tags=13%, list=4%, signal=13%","13645/13869/17926",0.518848077743792
"GO:0030048","actin filament-based movement",130,-0.686498047186467,-1.82046777346517,1.01327852100079e-05,0.0010495604293334,0.0010495604293334,1323,"tags=14%, list=7%, signal=13%","17888/77569/668940/71960/56188/20191/98660/216033/12391/18125/14463/228785/11464/11937/17901/399548/17897/140781",0.593325476396405
"GO:0043094","metabolic compound salvage",51,-0.774956462466939,-1.8186500775068,9.38861068757246e-05,0.00735288510190126,0.00735288510190126,27,"tags=4%, list=0%, signal=4%","229665/69564",0.538434096309916
"GO:0051148","negative regulation of muscle cell differentiation",65,-0.738478052443963,-1.8149242224208,7.80528618273462e-05,0.0064263522904515,0.0064263522904515,928,"tags=15%, list=5%, signal=15%","18091/19013/56642/16002/225518/227721/434246/12391/66211/20679",0.538434096309916
"GO:0051147","regulation of muscle cell differentiation",155,-0.68058408773544,-1.81448906814393,2.17764929564722e-06,0.000274213015228361,0.000274213015228361,1168,"tags=13%, list=6%, signal=12%","213435/18091/17877/330721/19013/56642/16002/225518/17927/227721/23956/434246/12391/17878/666794/12180/66211/20679/320502/11474",0.627256739718528
"GO:0048738","cardiac muscle tissue development",268,-0.649256510309114,-1.81382989714936,1.69347348544423e-08,5.26032576758294e-06,5.26032576758294e-06,1172,"tags=13%, list=6%, signal=13%","18996/213435/244810/11606/18091/13869/225638/22413/23828/65256/20191/234072/18121/19013/64082/17927/22437/11472/12391/74376/14463/116904/18741/241431/24053/18175/22138/16514/228785/17906/17996/20679/21393/11464/17897/140781",0.73376198835648
"GO:0050849","negative regulation of calcium-mediated signaling",24,-0.854481617423321,-1.81038974376289,0.000306614709135319,0.0175810684113127,0.0175810684113127,334,"tags=21%, list=2%, signal=21%","59006/26557/76469/59011/11474",0.49849310876659
"GO:0038133","ERBB2-ERBB3 signaling pathway",13,-0.936550456330412,-1.80993129265977,0.000136741513360237,0.0097572666533271,0.0097572666533271,12,"tags=8%, list=0%, signal=8%","17926",0.518848077743792
"GO:0014741","negative regulation of muscle hypertrophy",38,-0.783218234788741,-1.80201220293415,0.000148013337084058,0.0104455126456464,0.0104455126456464,323,"tags=13%, list=2%, signal=13%","19013/69642/433766/17700/12391",0.518848077743792
"GO:1903514","release of sequestered calcium ion into cytosol by endoplasmic reticulum",32,-0.812638646167782,-1.80108375996468,0.000662787941963524,0.0310687895130639,0.0310687895130639,911,"tags=28%, list=5%, signal=27%","20192/74166/20191/20190/15464/68460/433294/76757/12372",0.477270815362862
"GO:0014808","release of sequestered calcium ion into cytosol by sarcoplasmic reticulum",31,-0.812958245139105,-1.79517640420008,0.000300701899693613,0.0175555236348398,0.0175555236348398,911,"tags=29%, list=5%, signal=28%","20192/74166/20191/20190/15464/68460/433294/76757/12372",0.49849310876659
"GO:0003015","heart process",238,-0.652985534914827,-1.79497173864059,8.92919040204455e-08,2.205510029305e-05,2.205510029305e-05,2705,"tags=24%, list=14%, signal=21%","20271/17201/12652/20648/22003/11554/15214/16493/12287/11555/193034/14681/140492/13009/20266/21385/21834/12310/68312/100038489/110312/13616/15978/17888/11931/11606/668940/18091/12290/56188/21333/23828/74166/20191/22226/12922/64082/98660/216033/14652/109272/12391/18125/14463/24053/22138/17906/15464/21393/21953/76757/11464/11937/17901/399548/17897/140781",0.704975715167238
"GO:0033275","actin-myosin filament sliding",16,-0.919962639149426,-1.79362304448697,0.000105019839468402,0.00793877379682179,0.00793877379682179,106,"tags=31%, list=1%, signal=31%","228785/11464/17901/17897/140781",0.538434096309916
"GO:0038129","ERBB3 signaling pathway",14,-0.929654998665534,-1.79260214820979,0.000487274788871006,0.024235466940525,0.024235466940525,12,"tags=7%, list=0%, signal=7%","17926",0.49849310876659
"GO:0070885","negative regulation of calcineurin-NFAT signaling cascade",16,-0.918711884794763,-1.79118448694338,0.000120446328935539,0.00869108229689926,0.00869108229689926,334,"tags=31%, list=2%, signal=31%","59006/26557/76469/59011/11474",0.538434096309916
"GO:0106057","negative regulation of calcineurin-mediated signaling",16,-0.918711884794763,-1.79118448694338,0.000120446328935539,0.00869108229689926,0.00869108229689926,334,"tags=31%, list=2%, signal=31%","59006/26557/76469/59011/11474",0.538434096309916
"GO:0014887","cardiac muscle adaptation",30,-0.82056486041393,-1.78988759825285,0.000773175152433418,0.0342720414712337,0.0342720414712337,1648,"tags=27%, list=8%, signal=25%","22065/17888/66277/100705/69642/14463/21393/140781",0.477270815362862
"GO:0035914","skeletal muscle cell differentiation",85,-0.702505616320777,-1.78918986860633,8.35280010462652e-05,0.00670521028398894,0.00670521028398894,995,"tags=19%, list=5%, signal=18%","20681/17877/65256/22634/18509/72330/56642/17927/228003/12335/17700/14463/17878/666794/228785/12180",0.538434096309916
"GO:0106056","regulation of calcineurin-mediated signaling",41,-0.778097229823514,-1.78318485095282,0.000274899050946179,0.0166547330677015,0.0166547330677015,3262,"tags=37%, list=16%, signal=31%","211482/70261/21926/30937/20495/56644/108995/16000/110891/59006/26557/100504518/76469/59011/11474",0.49849310876659
"GO:0097720","calcineurin-mediated signaling",57,-0.739612824598253,-1.78045682221927,0.0002123645726227,0.0140598483029173,0.0140598483029173,3262,"tags=32%, list=16%, signal=27%","211482/26423/70261/21926/230775/30937/20495/56644/108995/16000/53901/110891/59006/26557/100504518/76469/59011/11474",0.518848077743792
"GO:0033173","calcineurin-NFAT signaling cascade",50,-0.749065701627972,-1.77830987736657,0.000171355593354486,0.0118327486077689,0.0118327486077689,3262,"tags=32%, list=16%, signal=27%","211482/70261/21926/230775/30937/20495/56644/108995/16000/53901/59006/26557/100504518/76469/59011/11474",0.518848077743792
"GO:0010880","regulation of release of sequestered calcium ion into cytosol by sarcoplasmic reticulum",27,-0.830193336867513,-1.77817116137445,0.000376292793489265,0.0202565099749713,0.0202565099749713,484,"tags=26%, list=2%, signal=25%","74166/20191/15464/68460/433294/76757/12372",0.49849310876659
"GO:1900026","positive regulation of substrate adhesion-dependent cell spreading",44,-0.764982761424859,-1.77799902317144,0.000382744457172083,0.0202565099749713,0.0202565099749713,12,"tags=2%, list=0%, signal=2%","17926",0.49849310876659
"GO:0051155","positive regulation of striated muscle cell differentiation",55,-0.739037290974951,-1.77624680757294,0.000431461983830185,0.0216472567199801,0.0216472567199801,2487,"tags=29%, list=12%, signal=26%","11554/17260/193034/13009/16000/213435/17877/330721/17927/23956/12391/17878/666794/12180/320502/11474",0.49849310876659
"GO:0051496","positive regulation of stress fiber assembly",57,-0.73784272619298,-1.77619569575303,0.000234916002233439,0.014545911848632,0.014545911848632,1869,"tags=12%, list=9%, signal=11%","18816/18761/77569/22417/21333/68760/17926",0.518848077743792
"GO:0003229","ventricular cardiac muscle tissue development",65,-0.721940295106589,-1.77428012165601,0.0002192803177184,0.0140821820038756,0.0140821820038756,1323,"tags=15%, list=7%, signal=14%","17888/18996/18091/20191/18121/14463/16514/17906/17897/140781",0.518848077743792
"GO:0014733","regulation of skeletal muscle adaptation",16,-0.909878065335549,-1.77396145909572,0.000225688158497467,0.0142212292695792,0.0142212292695792,311,"tags=25%, list=2%, signal=25%","66139/76469/11474/140781",0.518848077743792
"GO:0035994","response to muscle stretch",24,-0.833488120081477,-1.76591083222352,0.000812665461908385,0.0357461479203812,0.0357461479203812,454,"tags=25%, list=2%, signal=24%","20191/56642/78321/12391/22138/21393",0.477270815362862
"GO:0002026","regulation of the force of heart contraction",31,-0.79939951370597,-1.76523597997142,0.000490596496771761,0.024235466940525,0.024235466940525,454,"tags=19%, list=2%, signal=19%","20191/98660/18125/17906/17897/140781",0.477270815362862
"GO:0051894","positive regulation of focal adhesion assembly",33,-0.790370421490619,-1.7647571110433,0.00147773964139519,0.0542288227259425,0.0542288227259425,1142,"tags=6%, list=6%, signal=6%","22417/17926",0.45505986738723
"GO:0070884","regulation of calcineurin-NFAT signaling cascade",40,-0.77561621983417,-1.76141581966698,0.000388861845730567,0.0203030144169244,0.0203030144169244,3262,"tags=35%, list=16%, signal=29%","211482/70261/21926/30937/20495/56644/108995/16000/59006/26557/100504518/76469/59011/11474",0.49849310876659
"GO:0051450","myoblast proliferation",28,-0.804221001312362,-1.76125110304935,0.00090595969979752,0.0383000169889603,0.0383000169889603,1874,"tags=36%, list=9%, signal=32%","16000/20670/723910/71093/18509/56642/17927/228003/17700/18741",0.477270815362862
"GO:0030049","muscle filament sliding",14,-0.911837377527888,-1.75824541805379,0.00182324365470403,0.0622812273963259,0.0622812273963259,106,"tags=29%, list=1%, signal=28%","228785/17901/17897/140781",0.45505986738723
"GO:0055003","cardiac myofibril assembly",19,-0.852286818381799,-1.75128518587158,0.00129466579564768,0.0500864080701772,0.0500864080701772,2021,"tags=58%, list=10%, signal=52%","13009/68016/213435/18091/234072/18175/22138/17906/17996/21393/11464",0.45505986738723
"GO:0043266","regulation of potassium ion transport",86,-0.693091567367872,-1.74750976041684,0.000174588083380251,0.0119277092709359,0.0119277092709359,2383,"tags=20%, list=12%, signal=17%","16493/11555/140492/19218/225030/14199/13616/11931/11932/20927/16538/11472/12391/18125/75607/16502/66733",0.518848077743792
"GO:0035024","negative regulation of Rho protein signal transduction",28,-0.797510041442418,-1.74655404160209,0.00115530016603173,0.0463708604140984,0.0463708604140984,12,"tags=4%, list=0%, signal=4%","17926",0.45505986738723
"GO:0019674","NAD+ metabolic process",48,-0.743158905705742,-1.74485937086406,0.000410712305399929,0.021012231438334,0.021012231438334,2437,"tags=23%, list=12%, signal=20%","547253/237868/209176/15930/70789/11871/11872/76668/20512/14555/69564",0.49849310876659
"GO:0070071","proton-transporting two-sector ATPase complex assembly",16,0.771016040386185,1.7446787052345,0.00275171388919341,0.0829648197014088,0.0829648197014088,18,"tags=6%, list=0%, signal=6%","110935",0.431707695803346
"GO:0032233","positive regulation of actin filament bundle assembly",67,-0.708958242920438,-1.74451126320805,0.00042665269179723,0.0215745164308804,0.0215745164308804,1869,"tags=12%, list=9%, signal=11%","18816/18761/77569/22417/21333/118449/68760/17926",0.49849310876659
"GO:0045663","positive regulation of myoblast differentiation",49,-0.748587889919986,-1.74427775305837,0.000398717926704886,0.0206497300427321,0.0206497300427321,1127,"tags=20%, list=6%, signal=19%","17451/17329/17877/66175/17927/70127/23956/17878/666794/12180",0.49849310876659
"GO:2001259","positive regulation of cation channel activity",43,-0.750860326076298,-1.74291022950022,0.000352477684432443,0.0198562428896943,0.0198562428896943,2015,"tags=26%, list=10%, signal=23%","20266/381812/12298/11418/16485/20927/237611/16514/16502/12372/242735",0.49849310876659
"GO:0060445","branching involved in salivary gland morphogenesis",27,0.693946996933319,1.74172035066832,0.00190563936853961,0.0638172460865462,0.0638172460865462,2611,"tags=33%, list=13%, signal=29%","207920/12162/14179/16193/14183/14178/77411/16776/12550",0.45505986738723
"GO:1901379","regulation of potassium ion transmembrane transport",64,-0.713569350959829,-1.73948764004465,0.000693672558945988,0.0320486703133175,0.0320486703133175,2124,"tags=19%, list=11%, signal=17%","140492/19218/225030/14199/13616/11931/11932/16538/12391/75607/16502/66733",0.477270815362862
"GO:0014044","Schwann cell development",45,-0.748470561114578,-1.73917610532994,0.000643124484886275,0.0305936699402938,0.0305936699402938,12,"tags=2%, list=0%, signal=2%","17926",0.477270815362862
"GO:0032414","positive regulation of ion transmembrane transporter activity",66,-0.722642858826501,-1.73863269037488,0.000370822914625946,0.0202565099749713,0.0202565099749713,287,"tags=12%, list=1%, signal=12%","20927/237611/16514/75607/16502/12372/11937/242735",0.49849310876659
"GO:0022011","myelination in peripheral nervous system",32,-0.784059263378806,-1.73774212287447,0.00254360476466289,0.0770520273521938,0.0770520273521938,12,"tags=3%, list=0%, signal=3%","17926",0.431707695803346
"GO:0032292","peripheral nervous system axon ensheathment",32,-0.784059263378806,-1.73774212287447,0.00254360476466289,0.0770520273521938,0.0770520273521938,12,"tags=3%, list=0%, signal=3%","17926",0.431707695803346
"GO:0007435","salivary gland morphogenesis",38,0.643009158587998,1.73555929335523,0.000843764758975119,0.0366125492036366,0.0366125492036366,3142,"tags=32%, list=16%, signal=27%","207920/12162/14179/13608/16193/14183/14178/77411/16776/12550/18508/15234",0.477270815362862
"GO:0048641","regulation of skeletal muscle tissue development",28,-0.791889685520123,-1.7342454124423,0.00143788717752643,0.0533763667865593,0.0533763667865593,795,"tags=21%, list=4%, signal=21%","17877/16002/17927/17878/320502/11474",0.45505986738723
"GO:0032411","positive regulation of transporter activity",71,-0.706728205740595,-1.73168236736936,0.000303763316906522,0.0175744866772404,0.0175744866772404,287,"tags=11%, list=1%, signal=11%","20927/237611/16514/75607/16502/12372/11937/242735",0.49849310876659
"GO:0008016","regulation of heart contraction",191,-0.638457527277185,-1.73047263217222,6.73642088405655e-06,0.000745884395127778,0.000745884395127778,2918,"tags=28%, list=15%, signal=24%","72821/13405/21926/21954/20271/17201/12652/20648/22003/11554/15214/16493/12287/11555/193034/14681/140492/13009/20266/21385/21834/12310/68312/100038489/110312/13616/15978/17888/11931/11606/668940/18091/12290/56188/21333/23828/74166/20191/22226/12922/64082/98660/216033/14652/12391/18125/14463/17906/15464/11937/399548/17897/140781",0.610526878385931
"GO:0048384","retinoic acid receptor signaling pathway",34,-0.773899497764338,-1.72957269369097,0.00215119084198341,0.0704728841787088,0.0704728841787088,490,"tags=6%, list=2%, signal=6%","26381/20183",0.431707695803346
"GO:0071805","potassium ion transmembrane transport",181,-0.639255302729118,-1.72901175668501,7.92030229651086e-06,0.000847736355803212,0.000847736355803212,2142,"tags=22%, list=11%, signal=19%","60613/140492/16517/19218/211480/16528/170738/16490/171166/56843/225030/14199/13616/16485/16532/11931/84036/16504/76376/27222/16500/16531/20512/105243/74166/11932/16515/20497/20927/16538/98660/12391/99738/16514/16495/75607/16502/242735/66733",0.593325476396405
"GO:2000291","regulation of myoblast proliferation",19,-0.839929285728583,-1.72589283742415,0.00219473323508903,0.0704728841787088,0.0704728841787088,2383,"tags=47%, list=12%, signal=42%","16493/16000/20670/18509/56642/17927/228003/17700/18741",0.431707695803346
"GO:1904948","midbrain dopaminergic neuron differentiation",11,-0.937219216410608,-1.72452321504011,0.000544543567162254,0.0264928696084545,0.0264928696084545,581,"tags=45%, list=3%, signal=44%","22413/110648/20319/22408/20377",0.477270815362862
"GO:0006813","potassium ion transport",215,-0.628068508140796,-1.72378579354528,4.69905809835581e-06,0.000548679111048018,0.000548679111048018,2142,"tags=20%, list=11%, signal=18%","60613/140492/16517/19218/211480/16528/170738/16490/171166/56843/225030/14199/13616/16485/16532/11931/84036/16504/76376/27222/16500/56188/16531/20512/105243/74166/11932/16515/20497/20927/67821/16538/98660/11472/12391/18125/99738/16514/16495/75607/16502/110880/242735/66733",0.610526878385931
"GO:0071305","cellular response to vitamin D",24,-0.813222689987733,-1.72297447637155,0.00205584794934263,0.0677059257983506,0.0677059257983506,389,"tags=17%, list=2%, signal=16%","13081/20377/14545/12374",0.431707695803346
"GO:0003300","cardiac muscle hypertrophy",117,-0.664852136666366,-1.72252324080777,4.74819906431508e-05,0.00412066680959884,0.00412066680959884,2529,"tags=20%, list=13%, signal=17%","30937/11554/17260/11731/15214/18124/18585/13009/16000/22065/17888/11606/66277/100705/20191/19013/69642/433766/12391/14463/22138/21393/140781",0.557332238758646
"GO:0046329","negative regulation of JNK cascade",41,-0.750870312918879,-1.72078824561661,0.00109850431145864,0.0449337241285821,0.0449337241285821,1180,"tags=17%, list=6%, signal=16%","54612/14869/50873/20319/20377/269016/244923",0.45505986738723
"GO:0014037","Schwann cell differentiation",51,-0.733133500741664,-1.72050090878949,0.000711198860302336,0.03262370772044,0.03262370772044,12,"tags=2%, list=0%, signal=2%","17926",0.477270815362862
"GO:0032781","positive regulation of ATP-dependent activity",24,-0.811281432270978,-1.71886153469,0.00218534758550151,0.0704728841787088,0.0704728841787088,144,"tags=12%, list=1%, signal=12%","12374/21957/11937",0.431707695803346
"GO:0048742","regulation of skeletal muscle fiber development",12,-0.922042476720388,-1.71646693688382,0.000996235667878487,0.0415443211630886,0.0415443211630886,795,"tags=42%, list=4%, signal=40%","17877/17927/17878/320502/11474",0.45505986738723
"GO:0042246","tissue regeneration",83,-0.68205868855172,-1.71610247498917,0.000510976540512252,0.0250495522379365,0.0250495522379365,2352,"tags=24%, list=12%, signal=21%","11815/18133/16000/94045/20670/29862/13869/66175/14371/225152/18509/66139/17927/22437/381339/12335/17700/14463/17878/59011",0.477270815362862
"GO:0051149","positive regulation of muscle cell differentiation",80,-0.679403388938653,-1.71563963670008,0.000673748616801755,0.0313537218630498,0.0313537218630498,2487,"tags=20%, list=12%, signal=18%","11554/17260/193034/13009/16000/213435/17877/330721/17927/23956/12391/17878/666794/12180/320502/11474",0.477270815362862
"GO:0014850","response to muscle activity",33,-0.768045971134584,-1.71491056890975,0.00294531252587029,0.0863689362609088,0.0863689362609088,1888,"tags=42%, list=9%, signal=38%","74183/19017/384061/11606/50873/17882/20191/108079/106393/12335/17700/17189/241113/17884",0.431707695803346
"GO:0048643","positive regulation of skeletal muscle tissue development",19,-0.833247404668703,-1.712162859368,0.0029084538255058,0.0856793140706342,0.0856793140706342,795,"tags=32%, list=4%, signal=30%","17877/16002/17927/17878/320502/11474",0.431707695803346
"GO:0003007","heart morphogenesis",280,-0.617855031075768,-1.71190223806078,7.06080733796848e-07,0.000100765566054297,0.000100765566054297,928,"tags=10%, list=5%, signal=9%","18091/18168/16147/225638/22413/65256/14275/20191/234072/73713/18121/20319/22437/68760/12391/14463/18741/241431/22138/20190/228785/17906/21393/16814/11464/17897/140781",0.659444398037935
"GO:0045844","positive regulation of striated muscle tissue development",23,-0.81420110801468,-1.71011867685439,0.00307374053557224,0.0877313854197553,0.0877313854197553,795,"tags=26%, list=4%, signal=25%","17877/16002/17927/17878/320502/11474",0.431707695803346
"GO:0048636","positive regulation of muscle organ development",23,-0.81420110801468,-1.71011867685439,0.00307374053557224,0.0877313854197553,0.0877313854197553,795,"tags=26%, list=4%, signal=25%","17877/16002/17927/17878/320502/11474",0.431707695803346
"GO:1901863","positive regulation of muscle tissue development",23,-0.81420110801468,-1.71011867685439,0.00307374053557224,0.0877313854197553,0.0877313854197553,795,"tags=26%, list=4%, signal=25%","17877/16002/17927/17878/320502/11474",0.431707695803346
"GO:0006110","regulation of glycolytic process",57,-0.71016778350617,-1.70957429753968,0.000912473154673143,0.0383000169889603,0.0383000169889603,2315,"tags=25%, list=12%, signal=22%","227659/319801/16000/19017/20533/16333/15978/58805/19013/108079/433766/14555/241113/11474",0.477270815362862
"GO:0030811","regulation of nucleotide catabolic process",57,-0.71016778350617,-1.70957429753968,0.000912473154673143,0.0383000169889603,0.0383000169889603,2315,"tags=25%, list=12%, signal=22%","227659/319801/16000/19017/20533/16333/15978/58805/19013/108079/433766/14555/241113/11474",0.477270815362862
"GO:0033121","regulation of purine nucleotide catabolic process",57,-0.71016778350617,-1.70957429753968,0.000912473154673143,0.0383000169889603,0.0383000169889603,2315,"tags=25%, list=12%, signal=22%","227659/319801/16000/19017/20533/16333/15978/58805/19013/108079/433766/14555/241113/11474",0.477270815362862
"GO:1904385","cellular response to angiotensin",39,-0.735702626329665,-1.70776354138203,0.00187584364181644,0.0636764830810633,0.0636764830810633,1149,"tags=18%, list=6%, signal=17%","17171/11606/11608/110784/12322/11472/80978",0.45505986738723
"GO:0055010","ventricular cardiac muscle tissue morphogenesis",53,-0.713861981035198,-1.70748255526787,0.00136505178534595,0.0515668386205392,0.0515668386205392,1323,"tags=15%, list=7%, signal=14%","17888/18996/18091/20191/18121/17906/17897/140781",0.45505986738723
"GO:0031365","N-terminal protein amino acid modification",18,-0.845865126698742,-1.70680651410652,0.00229132983962265,0.0728461397527559,0.0728461397527559,90,"tags=11%, list=0%, signal=11%","74770/240879",0.431707695803346
"GO:0051924","regulation of calcium ion transport",258,-0.610017874843441,-1.70474576552286,2.62065508448768e-06,0.000317544282124149,0.000317544282124149,2570,"tags=24%, list=13%, signal=21%","15894/16963/11554/11941/23796/12287/11555/29867/78688/14681/20617/53376/19218/16000/381812/94045/12310/24115/12482/666279/68312/22065/22066/20304/12295/11438/319239/72699/11931/17329/15945/11606/435916/233081/546913/13645/74166/20191/22226/381925/12922/26557/12770/98660/12322/14652/12335/12299/12391/69563/18125/12374/207911/71912/15464/68460/433294/76757/12372/11937/54378",0.627256739718528
"GO:0031424","keratinization",42,0.620154703336106,1.70226944538233,0.00162411602209435,0.0576247132259112,0.0576247132259112,2396,"tags=38%, list=12%, signal=34%","110308/16667/74591/20761/406220/93746/20758/66195/21818/332131/110310/545975/20759/386463/20753/21816",0.45505986738723
"GO:0016202","regulation of striated muscle tissue development",48,-0.724523354583067,-1.70110504623986,0.000839156541272145,0.0366125492036366,0.0366125492036366,2439,"tags=25%, list=12%, signal=22%","17260/11555/53376/59091/20670/17877/16002/17927/17878/66211/320502/11474",0.477270815362862
"GO:0010614","negative regulation of cardiac muscle hypertrophy",36,-0.749265522317938,-1.70006020955282,0.00303376414132347,0.0877313854197553,0.0877313854197553,323,"tags=11%, list=2%, signal=11%","19013/69642/433766/12391",0.431707695803346
"GO:0007512","adult heart development",17,-0.842939860863473,-1.69897622310519,0.00476368110771214,0.117212107562174,0.117212107562174,1323,"tags=29%, list=7%, signal=27%","17888/18091/22138/21393/140781",0.407017918923954
"GO:0031000","response to caffeine",19,-0.826057642115058,-1.69738928270512,0.0035864905733739,0.0971248526340092,0.0971248526340092,1652,"tags=37%, list=8%, signal=34%","68312/20192/74166/20191/108079/20190/12292",0.431707695803346
"GO:1904062","regulation of monoatomic cation transmembrane transport",295,-0.606608654915771,-1.69737103813971,1.52620661546396e-06,0.000208538274138501,0.000208538274138501,1856,"tags=17%, list=9%, signal=15%","381812/12298/94045/246049/12310/11418/12482/225030/68312/22065/14199/12295/11438/13616/16485/319239/72699/15978/11931/17329/15945/110784/233081/14811/56188/74166/20191/11932/20927/237611/16538/98660/12335/12299/12391/69563/18125/16514/71912/15464/68460/433294/75607/16502/76757/12372/54378/242735/66733",0.643551836150722
"GO:0150117","positive regulation of cell-substrate junction organization",40,-0.747359946314797,-1.69724613637631,0.00138650552035081,0.0520709850976195,0.0520709850976195,12,"tags=2%, list=0%, signal=3%","17926",0.45505986738723
"GO:0010831","positive regulation of myotube differentiation",16,-0.866991112375479,-1.69034607748834,0.00234649829483026,0.0742325716719209,0.0742325716719209,235,"tags=25%, list=1%, signal=25%","23956/12391/666794/12180",0.431707695803346
"GO:0070943","neutrophil-mediated killing of symbiont cell",14,0.793127343089807,1.68959560230689,0.00461701091839934,0.115289721922208,0.115289721922208,2301,"tags=57%, list=11%, signal=51%","20277/13142/20311/18976/14825/58217/58218/11846",0.407017918923954
"GO:0014823","response to activity",84,-0.661098737282976,-1.68873570164149,0.000773815947263918,0.0342720414712337,0.0342720414712337,1888,"tags=21%, list=9%, signal=19%","74183/19017/20533/384061/11606/50873/17882/16591/20191/68678/108079/106393/12335/17700/17189/22229/241113/17884",0.477270815362862
"GO:0046496","nicotinamide nucleotide metabolic process",190,-0.620439201626937,-1.68873008932479,4.73050197619724e-05,0.00412066680959884,0.00412066680959884,2437,"tags=17%, list=12%, signal=15%","547253/227659/319801/55990/237868/209176/79459/15930/100039229/70789/16000/19017/20533/16333/15978/11871/13808/58805/11872/18642/76668/20512/14080/100705/19013/108079/433766/56012/14555/241113/11474/69564",0.557332238758646
"GO:0019365","pyridine nucleotide salvage",11,-0.917119160272874,-1.68753825695754,0.00169695010668646,0.0587704440655531,0.0587704440655531,8,"tags=9%, list=0%, signal=9%","69564",0.45505986738723
"GO:0034355","NAD+ biosynthetic process via the salvage pathway",11,-0.917119160272874,-1.68753825695754,0.00169695010668646,0.0587704440655531,0.0587704440655531,8,"tags=9%, list=0%, signal=9%","69564",0.45505986738723
"GO:0021548","pons development",12,0.797595963469665,1.68746746968399,0.00693418330187643,0.147227521017126,0.147227521017126,1482,"tags=25%, list=7%, signal=23%","14810/11859/15407",0.407017918923954
"GO:0010959","regulation of metal ion transport",384,-0.59664482487844,-1.68513770814237,1.11162006477554e-07,2.64400890962538e-05,2.64400890962538e-05,2570,"tags=21%, list=13%, signal=19%","15894/20648/16963/11554/11941/23796/16493/12287/11555/29867/78688/14681/20617/140492/53376/19218/20266/16000/381812/94045/12310/24115/12482/666279/225030/68312/22065/14199/22066/20304/12295/11438/13616/319239/72699/15978/11931/17329/15945/11606/12805/435916/233081/546913/18091/13645/56188/105243/74166/20191/22226/381925/11932/12922/26557/20927/12770/16538/98660/12322/11472/14652/12335/12299/12391/69563/18125/12374/207911/71912/15464/68460/433294/75607/16502/76757/12372/11937/399548/54378/66733",0.704975715167238
"GO:0032232","negative regulation of actin filament bundle assembly",40,-0.741855463815885,-1.6847455177653,0.00160293504642729,0.0571891603786448,0.0571891603786448,1248,"tags=10%, list=6%, signal=9%","385354/50873/217371/17926",0.45505986738723
"GO:1901861","regulation of muscle tissue development",50,-0.709113421414035,-1.68346167596935,0.00134319493814685,0.0510414076495803,0.0510414076495803,2439,"tags=24%, list=12%, signal=21%","17260/11555/53376/59091/20670/17877/16002/17927/17878/66211/320502/11474",0.45505986738723
"GO:0003208","cardiac ventricle morphogenesis",78,-0.668350927626928,-1.681948745286,0.00142436707486171,0.0531818915974528,0.0531818915974528,1323,"tags=14%, list=7%, signal=13%","17888/18996/18091/18168/20191/18121/20319/14463/17906/17897/140781",0.45505986738723
"GO:0030007","intracellular potassium ion homeostasis",14,-0.871570377028029,-1.68060079536943,0.00829595212523595,0.160552906390458,0.160552906390458,1259,"tags=36%, list=6%, signal=33%","11931/27222/16531/11932/98660",0.380730400722792
"GO:0034765","regulation of monoatomic ion transmembrane transport",321,-0.598089705919546,-1.67874770762666,4.21556724478523e-07,7.31685752594886e-05,7.31685752594885e-05,2563,"tags=20%, list=13%, signal=17%","20648/16963/11554/23796/11555/29867/193034/78688/20617/140492/19218/20266/546729/381812/12298/94045/246049/12310/11418/12482/225030/68312/22065/14199/12295/11438/13616/16485/319239/72699/15978/11931/17329/15945/110784/233081/14811/56188/74166/20191/11932/20927/237611/16538/98660/12335/12299/12391/69563/18125/16514/71912/15464/68460/433294/75607/16502/76757/12372/11937/54378/242735/66733",0.674962860011025
"GO:0042416","dopamine biosynthetic process",16,0.741049593548963,1.67686971173775,0.00771622413479498,0.155095109783435,0.155095109783435,126,"tags=19%, list=1%, signal=19%","13195/13142/14763",0.407017918923954
"GO:0001508","action potential",170,-0.620192037193318,-1.67374628297972,7.03109092209209e-05,0.00586411245476304,0.00586411245476304,2124,"tags=21%, list=11%, signal=19%","140492/20266/16528/24046/12298/16490/225030/22066/12491/11438/16485/15978/110891/16504/242653/71960/16500/14811/16531/21333/12723/20191/64378/20927/16538/98660/216033/66797/12391/99738/16514/16495/16502/110880/399548/66733",0.538434096309916
"GO:1900024","regulation of substrate adhesion-dependent cell spreading",61,-0.68969579302932,-1.67282414213488,0.00104114116203521,0.0428603111704496,0.0428603111704496,12,"tags=2%, list=0%, signal=2%","17926",0.45505986738723
"GO:0003231","cardiac ventricle development",141,-0.626572471084084,-1.67245036883313,0.000412261158709137,0.021012231438334,0.021012231438334,1323,"tags=9%, list=7%, signal=9%","17888/18996/18091/18168/20191/18121/20319/14463/18741/241431/17906/17897/140781",0.49849310876659
"GO:0043409","negative regulation of MAPK cascade",178,-0.620888146024619,-1.67186306834366,5.29915262036934e-05,0.00447778396421209,0.00447778396421209,1241,"tags=10%, list=6%, signal=10%","11450/13512/54612/14869/11606/50873/29811/435391/504186/20319/20377/240892/27389/12391/269016/75607/244923/66959",0.557332238758646
"GO:0090075","relaxation of muscle",35,-0.749029062911861,-1.67184559428773,0.00125580276827962,0.0488773659266164,0.0488773659266164,2618,"tags=34%, list=13%, signal=30%","12652/18441/17540/60596/11931/16531/74492/20927/22138/15464/11937/11474",0.45505986738723
"GO:0071295","cellular response to vitamin",31,-0.755503639787586,-1.66830500280108,0.00245440349403957,0.0758189457839567,0.0758189457839567,467,"tags=16%, list=2%, signal=16%","14275/13081/20377/14545/12374",0.431707695803346
"GO:0001886","endothelial cell morphogenesis",17,-0.826581279815409,-1.66600490268866,0.0076067800374837,0.155095109783435,0.155095109783435,4,"tags=6%, list=0%, signal=6%","64103",0.407017918923954
"GO:1903522","regulation of blood circulation",256,-0.601419512749517,-1.66382505213918,7.11318416327611e-06,0.000774252011806088,0.000774252011806088,2982,"tags=25%, list=15%, signal=22%","16401/20312/72821/13405/21926/21954/20271/17201/12652/15894/20648/22003/11554/15566/15214/16493/12287/11555/193034/14681/15465/140492/19218/13009/20266/21385/21834/12310/11418/68312/100038489/110312/13616/217369/15978/17888/11931/11606/668940/11608/18091/12290/64817/56188/21333/23828/74166/20191/22226/12922/64082/98660/216033/14652/68678/12391/18125/14463/12374/17906/15464/11937/399548/17897/140781",0.610526878385931
"GO:0072524","pyridine-containing compound metabolic process",196,-0.613056342532263,-1.6632632366299,3.28431052089163e-05,0.00301312030930944,0.00301312030930944,2437,"tags=16%, list=12%, signal=14%","547253/227659/319801/55990/237868/209176/79459/15930/100039229/70789/16000/19017/20533/16333/15978/11871/13808/58805/11872/18642/76668/20512/14080/100705/19013/108079/433766/56012/14555/241113/11474/69564",0.557332238758646
"GO:0003206","cardiac chamber morphogenesis",140,-0.620404596418058,-1.66161169134873,0.000602143304992044,0.0290749195839015,0.0290749195839015,1323,"tags=11%, list=7%, signal=10%","17888/18996/18091/18168/22413/20191/234072/18121/20319/12391/14463/18741/17906/17897/140781",0.477270815362862
"GO:0038166","angiotensin-activated signaling pathway",24,-0.783877155373195,-1.66080010794967,0.00685366491193838,0.147204802891198,0.147204802891198,2547,"tags=38%, list=13%, signal=33%","12349/11731/17171/11606/11608/110784/12322/11472/80978",0.407017918923954
"GO:0035023","regulation of Rho protein signal transduction",94,-0.649366194916266,-1.65989371114392,0.000862708070589502,0.0371832968411126,0.0371832968411126,238,"tags=4%, list=1%, signal=4%","68760/244867/223513/17926",0.477270815362862
"GO:0045662","negative regulation of myoblast differentiation",33,-0.742954159225373,-1.65888499875718,0.00696652466348227,0.147227521017126,0.147227521017126,1112,"tags=18%, list=6%, signal=17%","15945/20681/56642/381339/17700/69564",0.407017918923954
"GO:0006123","mitochondrial electron transport, cytochrome c to oxygen",14,-0.859937489118642,-1.65816974311221,0.0128822491051848,0.214060297314885,0.214060297314885,609,"tags=21%, list=3%, signal=21%","12865/12862/12869",0.380730400722792
"GO:0110020","regulation of actomyosin structure organization",110,-0.63632171884672,-1.65639280770091,0.000382492475909374,0.0202565099749713,0.0202565099749713,1869,"tags=10%, list=9%, signal=9%","18816/18761/385354/213435/77569/22417/21333/68760/78321/12391/17926",0.49849310876659
"GO:0035567","non-canonical Wnt signaling pathway",58,-0.682583108654467,-1.65586506794183,0.00407211688557005,0.106739325057677,0.106739325057677,1180,"tags=10%, list=6%, signal=10%","54612/22417/14371/20319/20377/17926",0.407017918923954
"GO:0070509","calcium ion import",82,-0.658719652737568,-1.65559164067067,0.00124164673464252,0.0486210690845992,0.0486210690845992,2487,"tags=27%, list=12%, signal=24%","11554/12287/11555/193034/15465/94045/12482/666279/22066/110891/17364/12290/13645/76376/22226/381925/12922/110893/12391/12374/12292/11937",0.45505986738723
"GO:1901077","regulation of relaxation of muscle",17,-0.821179053944438,-1.65511651819914,0.0095255607552295,0.177828927820011,0.177828927820011,287,"tags=24%, list=1%, signal=23%","20927/22138/15464/11474",0.380730400722792
"GO:1903578","regulation of ATP metabolic process",81,-0.650705066666965,-1.65499590977341,0.00153206924182406,0.0552749925336749,0.0552749925336749,2315,"tags=19%, list=12%, signal=16%","227659/319801/16000/19017/20533/16333/15978/58805/50873/19013/108079/433766/14555/241113/11474",0.45505986738723
"GO:0032387","negative regulation of intracellular transport",63,-0.680444992234125,-1.65478544726621,0.00131266303010366,0.0504785747265011,0.0504785747265011,2352,"tags=19%, list=12%, signal=17%","11815/29867/75744/12491/17472/11450/99889/12955/18767/69563/17762/15464",0.45505986738723
"GO:0019359","nicotinamide nucleotide biosynthetic process",22,-0.782991434900044,-1.65386975014496,0.00441093355518446,0.111523682249585,0.111523682249585,2107,"tags=18%, list=11%, signal=16%","209176/15930/70789/69564",0.407017918923954
"GO:0019363","pyridine nucleotide biosynthetic process",22,-0.782991434900044,-1.65386975014496,0.00441093355518446,0.111523682249585,0.111523682249585,2107,"tags=18%, list=11%, signal=16%","209176/15930/70789/69564",0.407017918923954
"GO:0051497","negative regulation of stress fiber assembly",33,-0.739832386989829,-1.65191463447995,0.00824475299020035,0.160552906390458,0.160552906390458,12,"tags=3%, list=0%, signal=3%","17926",0.380730400722792
"GO:1904181","positive regulation of membrane depolarization",17,-0.819323498233854,-1.65137657757075,0.0103478977011803,0.190413177756389,0.190413177756389,12,"tags=6%, list=0%, signal=6%","17926",0.380730400722792
"GO:0045056","transcytosis",22,0.689221731447939,1.65007963141167,0.00619281647727387,0.138603028357444,0.138603028357444,2923,"tags=32%, list=15%, signal=27%","19329/18703/14725/67801/68453/21819/16971",0.407017918923954
"GO:0014883","transition between fast and slow fiber",10,-0.917365718597917,-1.64884657220202,0.00181681829483981,0.0622812273963259,0.0622812273963259,29,"tags=20%, list=0%, signal=20%","11474/140781",0.45505986738723
"GO:1902904","negative regulation of supramolecular fiber organization",173,-0.608144349110952,-1.64789622397258,0.000113908033125283,0.00849102091134305,0.00849102091134305,2895,"tags=14%, list=14%, signal=12%","50876/243725/12759/20739/20743/170835/22003/208158/93689/20617/69697/22153/385354/50873/20741/217371/12955/21916/93677/12391/50874/58522/320502/17926",0.538434096309916
"GO:0051657","maintenance of organelle location",11,-0.894388540076817,-1.64571294913842,0.00438240611110757,0.111523682249585,0.111523682249585,32,"tags=9%, list=0%, signal=9%","11937",0.407017918923954
"GO:0045010","actin nucleation",60,-0.674398223437861,-1.64537656317039,0.00304495982083816,0.0877313854197553,0.0877313854197553,770,"tags=10%, list=4%, signal=10%","99889/102635744/245880/330319/93677/320502",0.431707695803346
"GO:0014854","response to inactivity",12,-0.883826075094109,-1.64532358774929,0.00531618598416657,0.123697631848977,0.123697631848977,198,"tags=25%, list=1%, signal=25%","433766/12372/11474",0.407017918923954
"GO:0032231","regulation of actin filament bundle assembly",113,-0.620292658961192,-1.64311019937271,0.00151100134561807,0.0550853102071005,0.0550853102071005,1869,"tags=10%, list=9%, signal=9%","18816/18761/385354/77569/22417/50873/217371/21333/118449/68760/17926",0.45505986738723
"GO:0072525","pyridine-containing compound biosynthetic process",25,-0.768747356006211,-1.64295314035108,0.00734999260830013,0.154253766439554,0.154253766439554,2107,"tags=16%, list=11%, signal=14%","209176/15930/70789/69564",0.407017918923954
"GO:0006739","NADP+ metabolic process",46,-0.701262937875767,-1.63592708337816,0.00327150673199732,0.0905948342833348,0.0905948342833348,509,"tags=4%, list=3%, signal=4%","100705/69564",0.431707695803346
"GO:0061053","somite development",79,-0.644480051220414,-1.6350991202545,0.00296492903578055,0.0865489739444668,0.0865489739444668,1394,"tags=16%, list=7%, signal=15%","18530/22417/16147/17877/226049/12808/18121/20319/22408/20377/22138/17878/21393",0.431707695803346
"GO:0045161","neuronal ion channel clustering",14,-0.847864581402199,-1.63489022507735,0.0166159330715813,0.245375330578336,0.245375330578336,834,"tags=29%, list=4%, signal=27%","269116/16500/66797/17926",0.352487857583619
"GO:0003334","keratinocyte development",16,0.722406483908502,1.6346835123783,0.0116028556325887,0.202203138590289,0.202203138590289,2619,"tags=25%, list=13%, signal=22%","69073/74591/386463/14284",0.380730400722792
"GO:0048041","focal adhesion assembly",92,-0.637631070796903,-1.63410977857065,0.00132884107173159,0.0507965319205967,0.0507965319205967,1591,"tags=7%, list=8%, signal=6%","268709/77569/22417/11472/11474/17926",0.45505986738723
"GO:0014889","muscle atrophy",13,-0.844235968052504,-1.63152885852427,0.0116498226842739,0.202203138590289,0.202203138590289,527,"tags=23%, list=3%, signal=22%","65256/17700/11474",0.380730400722792
"GO:0043270","positive regulation of monoatomic ion transport",232,-0.596441107369053,-1.63056702016773,1.84898558379502e-05,0.00175882750051642,0.00175882750051642,3021,"tags=25%, list=15%, signal=22%","83408/20312/69810/229715/72821/20302/20614/19733/20271/18441/16963/11554/11941/23796/11555/20617/140492/20266/381812/12298/94045/11418/12482/666279/22065/14199/22066/20304/13616/16485/319239/15978/11931/17329/15945/12805/233081/18091/56188/22226/11932/12922/20927/237611/12770/12322/11472/12335/18125/12374/207911/16514/75607/16502/76757/12372/11937/399548/242735",0.575610261071129
"GO:0002418","immune response to tumor cell",39,-0.702312270305812,-1.63025555023106,0.00485802847873142,0.118254123366007,0.118254123366007,3297,"tags=44%, list=16%, signal=36%","18566/21947/60533/243655/230979/72310/16963/14940/16768/225825/27007/14939/16160/16159/54698/54215/102570",0.407017918923954
"GO:0043470","regulation of carbohydrate catabolic process",74,-0.649371858474968,-1.62941725939483,0.00277223765257498,0.0831930383403576,0.0831930383403576,2315,"tags=22%, list=12%, signal=19%","227659/319801/16000/19017/20533/16333/15978/58805/18679/53412/19013/108079/433766/14555/241113/11474",0.431707695803346
"GO:0042832","defense response to protozoan",41,-0.710955209259765,-1.6293138058666,0.00450557066219584,0.113469705069105,0.113469705069105,2556,"tags=51%, list=13%, signal=45%","72310/236573/76074/21939/384059/229900/54396/55932/100702/16160/100039796/16145/14469/60440/74481/15978/17472/21822/14468/16159/626578",0.407017918923954
"GO:0003209","cardiac atrium morphogenesis",29,-0.722139073439975,-1.62864652851506,0.0117112879732915,0.202722079149537,0.202722079149537,1323,"tags=21%, list=7%, signal=19%","17888/18091/22413/18121/14463/18741",0.380730400722792
"GO:0045989","positive regulation of striated muscle contraction",14,-0.844444379329973,-1.6282952392054,0.0171476317635644,0.250277479967297,0.250277479967297,438,"tags=29%, list=2%, signal=28%","22226/228785/11937/11474",0.352487857583619
"GO:0048634","regulation of muscle organ development",51,-0.693619708365779,-1.62777084581507,0.00360083406830023,0.0971248526340092,0.0971248526340092,2439,"tags=24%, list=12%, signal=21%","17260/11555/53376/59091/20670/17877/16002/17927/17878/66211/320502/11474",0.431707695803346
"GO:0045109","intermediate filament organization",45,0.580559967590625,1.6267444527557,0.00489839011889436,0.118707401296376,0.118707401296376,1757,"tags=29%, list=9%, signal=26%","110308/16664/16667/53617/109620/16673/406220/107993/268482/16669/94179/332131/110310",0.407017918923954
"GO:0009070","serine family amino acid biosynthetic process",11,0.799419688332099,1.62637878989018,0.00775234042984779,0.155095109783435,0.155095109783435,3549,"tags=73%, list=18%, signal=60%","12411/14598/107869/107272/100678/236539/108037/71776",0.407017918923954
"GO:1903115","regulation of actin filament-based movement",50,-0.685020562133941,-1.62626433061142,0.00326466072811773,0.0905948342833348,0.0905948342833348,1085,"tags=20%, list=5%, signal=19%","668940/56188/20191/98660/216033/12391/18125/14463/228785/11937",0.431707695803346
"GO:0006607","NLS-bearing protein import into nucleus",17,0.707951005070837,1.62533241026521,0.0136304801772194,0.221047837621472,0.221047837621472,1018,"tags=12%, list=5%, signal=11%","381686/18534",0.380730400722792
"GO:1990776","response to angiotensin",50,-0.684627998211571,-1.62533236923723,0.0033256806638577,0.0912714582192058,0.0912714582192058,2547,"tags=22%, list=13%, signal=19%","12349/13058/11731/17171/11606/11608/110784/16591/12322/11472/80978",0.431707695803346
"GO:0007029","endoplasmic reticulum organization",97,-0.632652384918426,-1.62424823106075,0.00123403162609989,0.0486210690845992,0.0486210690845992,1123,"tags=6%, list=6%, signal=6%","20167/240667/74166/12292/76757/12372",0.45505986738723
"GO:0009435","NAD+ biosynthetic process",18,-0.803277416579969,-1.62087203264221,0.00823093682644884,0.160552906390458,0.160552906390458,2107,"tags=22%, list=11%, signal=20%","209176/15930/70789/69564",0.380730400722792
"GO:0051209","release of sequestered calcium ion into cytosol",119,-0.61085334890165,-1.62033658661389,0.00124157119719058,0.0486210690845992,0.0486210690845992,2973,"tags=25%, list=15%, signal=22%","20312/69810/13405/20302/269615/16963/23796/12775/78688/74055/20617/23832/68312/319239/72699/17329/15945/20192/74166/20191/14652/12335/20190/71912/15464/12292/68460/433294/76757/12372",0.45505986738723
"GO:0001953","negative regulation of cell-matrix adhesion",39,-0.698036760494093,-1.62033094276608,0.00522466747312392,0.12335593570736,0.12335593570736,2542,"tags=13%, list=13%, signal=11%","71584/11815/12578/268709/17926",0.407017918923954
"GO:0051494","negative regulation of cytoskeleton organization",173,-0.597868799855007,-1.6200524417474,0.000218035541987462,0.0140821820038756,0.0140821820038756,2895,"tags=13%, list=14%, signal=11%","50876/243725/20739/20743/170835/22003/208158/93689/20617/69697/22153/385354/50873/20741/217371/21916/93677/12391/50874/58522/320502/17926",0.518848077743792
"GO:0016052","carbohydrate catabolic process",182,-0.597185012156372,-1.61870812910306,0.000115029401944386,0.00849102091134305,0.00849102091134305,1984,"tags=16%, list=10%, signal=15%","79459/100039229/16000/69983/19017/20533/12655/232714/16333/81600/15978/13808/58805/18642/18679/66065/382064/53412/14080/19013/23956/108079/433766/11668/56012/14555/18682/19309/241113/11474",0.538434096309916
"GO:2000738","positive regulation of stem cell differentiation",22,-0.765617593129433,-1.61717193958476,0.00740542241680918,0.154547429171074,0.154547429171074,1889,"tags=23%, list=9%, signal=21%","21407/18091/170574/666794/20679",0.407017918923954
"GO:0014870","response to muscle inactivity",10,-0.897839104813544,-1.61375000215111,0.00396739326712599,0.10485020395672,0.10485020395672,198,"tags=30%, list=1%, signal=30%","433766/12372/11474",0.407017918923954
"GO:0051900","regulation of mitochondrial depolarization",23,-0.76756695721189,-1.61216998643618,0.0129356709353571,0.214105357595008,0.214105357595008,544,"tags=9%, list=3%, signal=8%","14371/17926",0.380730400722792
"GO:0097553","calcium ion transmembrane import into cytosol",177,-0.588879149528514,-1.60926199384351,0.000235561325483919,0.014545911848632,0.014545911848632,2538,"tags=23%, list=13%, signal=20%","269615/16963/11554/23796/12287/11555/12775/193034/78688/74055/20617/23832/94045/12310/12482/68312/22065/319239/72699/17329/15945/110891/233081/20192/17364/12290/76376/14811/74166/20191/14652/12335/110893/20190/71912/15464/12292/68460/433294/76757/12372",0.518848077743792
"GO:0007015","actin filament organization",460,-0.567417308738782,-1.60925860457297,3.36720024003397e-07,6.48105386621727e-05,6.48105386621727e-05,1248,"tags=8%, list=6%, signal=8%","385354/66991/13512/77569/22417/50873/20741/207495/99889/102635744/245880/217371/21333/118449/74492/12808/12922/21916/330319/72088/93677/22437/68760/11472/384619/216961/53318/12391/241431/18175/22138/50874/67252/17996/320502/21393/11459/11464/17926",0.674962860011025
"GO:0007520","myoblast fusion",94,-0.629452946551295,-1.60899196111715,0.00194124720993502,0.0642612865061996,0.0642612865061996,1615,"tags=14%, list=8%, signal=13%","210933/68662/17329/15945/66139/22408/17927/381339/12391/18741/66211/12292/226438",0.45505986738723
"GO:0048486","parasympathetic nervous system development",20,0.686559508387907,1.60871105173536,0.00966198212290331,0.17985289621242,0.17985289621242,3523,"tags=45%, list=18%, signal=37%","15207/11859/15407/20350/103889/14573/12778/243743/21380",0.380730400722792
"GO:0002931","response to ischemia",58,-0.662740801879499,-1.60773000242458,0.00835310270599447,0.160669106772319,0.160669106772319,2643,"tags=24%, list=13%, signal=21%","231602/17260/78688/319801/18159/17863/406218/110891/23828/12322/17189/12391/12374/16514",0.380730400722792
"GO:0051901","positive regulation of mitochondrial depolarization",11,-0.873537570404706,-1.60734627821872,0.00835619459077461,0.160669106772319,0.160669106772319,12,"tags=9%, list=0%, signal=9%","17926",0.380730400722792
"GO:1990573","potassium ion import across plasma membrane",37,-0.716623417598457,-1.60625933649508,0.00810640300809183,0.160182523439895,0.160182523439895,2113,"tags=27%, list=11%, signal=24%","16517/211480/11931/27222/11932/16515/20927/98660/16514/75607",0.380730400722792
"GO:0006177","GMP biosynthetic process",13,-0.830132344553295,-1.60427289026483,0.0181823060878065,0.258906362962069,0.258906362962069,27,"tags=8%, list=0%, signal=8%","229665",0.352487857583619
"GO:0045792","negative regulation of cell size",13,-0.830066564713303,-1.60414576738531,0.0181823060878065,0.258906362962069,0.258906362962069,438,"tags=15%, list=2%, signal=15%","22226/12391",0.352487857583619
"GO:0055022","negative regulation of cardiac muscle tissue growth",29,-0.711071629836368,-1.60368602676754,0.0155096781464995,0.239589409599694,0.239589409599694,350,"tags=10%, list=2%, signal=10%","18121/19013/12391",0.380730400722792
"GO:0061117","negative regulation of heart growth",29,-0.711071629836368,-1.60368602676754,0.0155096781464995,0.239589409599694,0.239589409599694,350,"tags=10%, list=2%, signal=10%","18121/19013/12391",0.380730400722792
"GO:0001562","response to protozoan",45,-0.689813311657658,-1.60287777649796,0.00599746238059678,0.136816675177868,0.136816675177868,2556,"tags=49%, list=13%, signal=43%","72310/236573/76074/21939/384059/229900/54396/55932/100702/16160/100039796/16145/14469/60440/74481/15978/17472/21822/14468/16159/626578/100124677",0.407017918923954
"GO:0010996","response to auditory stimulus",31,-0.724332685430288,-1.59947322442476,0.006099143252082,0.13791795058053,0.13791795058053,1823,"tags=32%, list=9%, signal=29%","24046/53404/83762/50769/20512/22226/504186/98660/66797/16502",0.407017918923954
"GO:1902905","positive regulation of supramolecular fiber organization",175,-0.602864754296392,-1.59770408920797,8.49001857424987e-05,0.0067312221338065,0.0067312221338065,2824,"tags=13%, list=14%, signal=11%","14744/83679/15894/22003/93689/75305/11687/105439/18816/18761/213435/77569/22417/207495/245880/21333/118449/93677/68760/11472/12391/17762/17926",0.538434096309916
"GO:0002834","regulation of response to tumor cell",38,-0.694158707408624,-1.59710589713318,0.00508788354615264,0.120569697909196,0.120569697909196,3297,"tags=42%, list=16%, signal=35%","18566/21947/60533/243655/230979/16963/14940/16768/225825/27007/14939/16160/16159/54698/54215/102570",0.407017918923954
"GO:0051893","regulation of focal adhesion assembly",67,-0.64875022043206,-1.59635927482889,0.00438275477739944,0.111523682249585,0.111523682249585,2352,"tags=9%, list=12%, signal=8%","11815/69697/268709/77569/22417/17926",0.407017918923954
"GO:0090109","regulation of cell-substrate junction assembly",67,-0.64875022043206,-1.59635927482889,0.00438275477739944,0.111523682249585,0.111523682249585,2352,"tags=9%, list=12%, signal=8%","11815/69697/268709/77569/22417/17926",0.407017918923954
"GO:1901381","positive regulation of potassium ion transmembrane transport",29,-0.706402964984756,-1.59315674635184,0.0162424040458098,0.244282713775622,0.244282713775622,1610,"tags=21%, list=8%, signal=19%","14199/13616/11931/11932/75607/16502",0.352487857583619
"GO:0030834","regulation of actin filament depolymerization",55,-0.662691858145536,-1.59275358877051,0.00744795220030001,0.15479206805931,0.15479206805931,3369,"tags=24%, list=17%, signal=20%","20356/20401/50876/20739/20743/22003/93689/20741/21916/93677/11472/50874/320502",0.407017918923954
"GO:0005979","regulation of glycogen biosynthetic process",34,-0.712479211806917,-1.59230571039724,0.0115272534479969,0.202203138590289,0.202203138590289,1874,"tags=21%, list=9%, signal=19%","16000/12491/16333/53412/16002/140491/241113",0.380730400722792
"GO:0010962","regulation of glucan biosynthetic process",34,-0.712479211806917,-1.59230571039724,0.0115272534479969,0.202203138590289,0.202203138590289,1874,"tags=21%, list=9%, signal=19%","16000/12491/16333/53412/16002/140491/241113",0.380730400722792
"GO:0030042","actin filament depolymerization",60,-0.652616190857763,-1.59223341323323,0.00622977038180208,0.138899092594587,0.138899092594587,3369,"tags=22%, list=17%, signal=18%","20356/20401/50876/20739/20743/22003/93689/20741/21916/93677/11472/50874/320502",0.407017918923954
"GO:0032469","endoplasmic reticulum calcium ion homeostasis",27,-0.743311799556526,-1.59208168409052,0.0111890866702862,0.19849810662038,0.19849810662038,32,"tags=4%, list=0%, signal=4%","11937",0.380730400722792
"GO:1902514","regulation of calcium ion transmembrane transport via high voltage-gated calcium channel",17,-0.789892180534336,-1.59205667670034,0.0217447500869229,0.295857595462328,0.295857595462328,1485,"tags=18%, list=7%, signal=16%","12295/12299/54378",0.352487857583619
"GO:0006874","intracellular calcium ion homeostasis",207,-0.58180415701182,-1.59148955314845,0.000205115033567323,0.0137213410996807,0.0137213410996807,2840,"tags=22%, list=14%, signal=19%","22439/20302/21954/19733/66972/231602/12652/18441/19228/11941/12287/78688/13491/21939/20307/13009/18159/12298/12310/22065/22066/20304/13616/26946/11931/320707/668940/110891/20192/12290/76376/56188/268878/14371/20191/12770/110893/12391/12374/20190/15464/68460/76757/19309/11937/17306",0.518848077743792
"GO:0003205","cardiac chamber development",188,-0.589261667500448,-1.59117977080291,0.000271242735877238,0.0165897223790821,0.0165897223790821,1323,"tags=9%, list=7%, signal=8%","17888/18996/18091/18168/22413/20191/234072/18121/20319/12391/14463/18741/241431/17906/17897/140781",0.49849310876659
"GO:0002228","natural killer cell mediated immunity",93,-0.620916543496632,-1.59031128843838,0.00361042984197647,0.0971248526340092,0.0971248526340092,4411,"tags=53%, list=22%, signal=41%","13482/16174/22177/104709/21355/18708/93694/71183/26904/23900/16846/15170/16173/100043314/84544/71740/70450/30925/21354/83408/11891/16643/20723/243655/72310/246256/14940/19419/232408/16768/12481/17057/27278/17059/225825/27007/320407/20400/14939/16160/16641/215900/80782/16159/54698/54215/100043861/16002/60505",0.431707695803346
"GO:0043414","macromolecule methylation",124,-0.607166609458378,-1.59027014373208,0.00227808677518052,0.0727854391552702,0.0727854391552702,57,"tags=2%, list=0%, signal=2%","433294/240879",0.431707695803346
"GO:0042045","epithelial fluid transport",11,0.780644136173175,1.58818088177578,0.0118112651654979,0.20390307766889,0.20390307766889,2631,"tags=55%, list=13%, signal=47%","20277/12638/13618/12981/13614/56492",0.380730400722792
"GO:0032885","regulation of polysaccharide biosynthetic process",43,-0.683925889605235,-1.587540835247,0.00369556576359696,0.0988871805575819,0.0988871805575819,1874,"tags=19%, list=9%, signal=17%","16000/12491/16333/13645/53412/16002/140491/241113",0.431707695803346
"GO:0051693","actin filament capping",40,-0.698860716880367,-1.58710492506213,0.00741211588051867,0.154547429171074,0.154547429171074,2895,"tags=25%, list=14%, signal=21%","50876/20739/20743/22003/93689/20741/21916/93677/50874/320502",0.407017918923954
"GO:0045472","response to ether",24,-0.748629006378693,-1.58611987361216,0.0130118751823989,0.214813013936674,0.214813013936674,1001,"tags=21%, list=5%, signal=20%","50873/13076/18670/12391/22229",0.380730400722792
"GO:0007271","synaptic transmission, cholinergic",33,-0.70995134010107,-1.58519555118872,0.0197760670251804,0.278512943937957,0.278512943937957,1517,"tags=33%, list=8%, signal=31%","23936/11438/15978/12323/110902/72585/382864/63993/21333/504186/11448",0.352487857583619
"GO:0071313","cellular response to caffeine",11,-0.861347974744485,-1.58491690382058,0.0110245040455044,0.19776358933025,0.19776358933025,1652,"tags=55%, list=8%, signal=50%","68312/20192/74166/20191/20190/12292",0.380730400722792
"GO:0019364","pyridine nucleotide catabolic process",120,-0.606302017110672,-1.58467156713312,0.00191666259121356,0.0638172460865462,0.0638172460865462,2437,"tags=20%, list=12%, signal=18%","547253/227659/319801/237868/79459/100039229/16000/19017/20533/16333/15978/11871/13808/58805/11872/18642/14080/19013/108079/433766/56012/14555/241113/11474",0.45505986738723
"GO:0070944","neutrophil-mediated killing of bacterium",11,0.77879600693473,1.58442095662226,0.0126781235253715,0.211477686441391,0.211477686441391,2177,"tags=45%, list=11%, signal=41%","20277/13142/20311/58217/58218",0.380730400722792
"GO:0030835","negative regulation of actin filament depolymerization",46,-0.67890013319601,-1.5837584660736,0.00691233511726662,0.147227521017126,0.147227521017126,2895,"tags=22%, list=14%, signal=19%","50876/20739/20743/22003/93689/20741/21916/93677/50874/320502",0.407017918923954
"GO:0061577","calcium ion transmembrane transport via high voltage-gated calcium channel",18,-0.784580398985285,-1.58314475152173,0.0135842969695894,0.220856595287857,0.220856595287857,1485,"tags=17%, list=7%, signal=15%","12295/12299/54378",0.380730400722792
"GO:0051492","regulation of stress fiber assembly",97,-0.616579141122226,-1.58298238203253,0.00251271324831659,0.0768996402887512,0.0768996402887512,1869,"tags=8%, list=9%, signal=8%","18816/18761/385354/77569/22417/21333/68760/17926",0.431707695803346
"GO:0060746","parental behavior",17,0.689455483786955,1.58286990936879,0.019938680688028,0.28018863758975,0.28018863758975,4678,"tags=47%, list=23%, signal=36%","18430/18429/18142/12919/15165/56710/77128/13488",0.352487857583619
"GO:0097499","protein localization to non-motile cilium",19,0.684917101693663,1.58247620837389,0.0111679613871301,0.19849810662038,0.19849810662038,922,"tags=16%, list=5%, signal=15%","22157/74448/93690",0.380730400722792
"GO:0043268","positive regulation of potassium ion transport",39,-0.68165145066983,-1.58229623454202,0.00824970159881734,0.160552906390458,0.160552906390458,2369,"tags=26%, list=12%, signal=23%","11555/140492/14199/13616/11931/11932/20927/11472/75607/16502",0.380730400722792
"GO:0098976","excitatory chemical synaptic transmission",10,-0.879752819567577,-1.58124223689772,0.00712719981321089,0.150068449837509,0.150068449837509,1324,"tags=30%, list=7%, signal=28%","83453/66797/19293",0.407017918923954
"GO:0060926","cardiac pacemaker cell development",9,-0.876874008883036,-1.58119525522501,0.00790355195677715,0.157141209493569,0.157141209493569,928,"tags=33%, list=5%, signal=32%","18091/23828/64082",0.380730400722792
"GO:0140241","translation at synapse",48,0.562435740534249,1.58051987620079,0.00237747077712834,0.074360312498629,0.074360312498629,5968,"tags=67%, list=30%, signal=47%","22186/110954/67281/20055/54127/57294/67671/27176/66489/20044/19942/100503670/13629/20005/269261/19951/270106/67186/19981/19896/65019/66480/26961/20103/67115/27207/19988/68436/57808/19934/20042/67891",0.431707695803346
"GO:0140242","translation at postsynapse",48,0.562435740534249,1.58051987620079,0.00237747077712834,0.074360312498629,0.074360312498629,5968,"tags=67%, list=30%, signal=47%","22186/110954/67281/20055/54127/57294/67671/27176/66489/20044/19942/100503670/13629/20005/269261/19951/270106/67186/19981/19896/65019/66480/26961/20103/67115/27207/19988/68436/57808/19934/20042/67891",0.431707695803346
"GO:0014816","skeletal muscle satellite cell differentiation",14,-0.81883189614067,-1.57890810908505,0.0264523946300169,0.343186420836301,0.343186420836301,440,"tags=21%, list=2%, signal=21%","18509/17700/228785",0.352487857583619
"GO:0007044","cell-substrate junction assembly",103,-0.610789471647172,-1.57865008570916,0.00326017242197351,0.0905948342833348,0.0905948342833348,1591,"tags=6%, list=8%, signal=5%","268709/77569/22417/11472/11474/17926",0.431707695803346
"GO:0051926","negative regulation of calcium ion transport",65,-0.642135527926455,-1.57814754257592,0.00463169546183895,0.115289721922208,0.115289721922208,340,"tags=11%, list=2%, signal=11%","12922/98660/12391/69563/18125/15464/76757",0.407017918923954
"GO:0043627","response to estrogen",79,-0.621919109803335,-1.57786014847667,0.00647513895841474,0.141439940105236,0.141439940105236,1538,"tags=16%, list=8%, signal=15%","387203/11608/100124466/12484/387163/56222/16531/387164/16008/20377/17700/18125/14463",0.407017918923954
"GO:0051280","negative regulation of release of sequestered calcium ion into cytosol",10,-0.87733778396845,-1.57690152186048,0.00754236381718988,0.155095109783435,0.155095109783435,43,"tags=10%, list=0%, signal=10%","76757",0.407017918923954
"GO:0071415","cellular response to purine-containing compound",13,-0.815859629663282,-1.57669014431021,0.0208366132063415,0.287769311851882,0.287769311851881,1652,"tags=46%, list=8%, signal=42%","68312/20192/74166/20191/20190/12292",0.352487857583619
"GO:0007398","ectoderm development",14,0.739761596877978,1.57591079380934,0.0172394423743003,0.251046936344119,0.251046936344119,3,"tags=7%, list=0%, signal=7%","13711",0.352487857583619
"GO:0006096","glycolytic process",110,-0.605376598974781,-1.5758403568397,0.00169605659199102,0.0587704440655531,0.0587704440655531,2315,"tags=18%, list=12%, signal=16%","227659/319801/79459/100039229/16000/19017/20533/16333/15978/13808/58805/18642/14080/19013/108079/433766/56012/14555/241113/11474",0.45505986738723
"GO:0010832","negative regulation of myotube differentiation",16,-0.808123153895071,-1.57557301778019,0.0124037438535692,0.208525767088014,0.208525767088013,928,"tags=31%, list=5%, signal=30%","18091/56642/227721/434246/66211",0.380730400722792
"GO:0006816","calcium ion transport",435,-0.554814699273998,-1.57554987559894,3.38888438618286e-06,0.00040302621348271,0.00040302621348271,2666,"tags=23%, list=13%, signal=20%","66972/13853/231602/15894/269615/16963/11554/11941/23796/234267/12287/11555/29867/12775/14612/193034/78688/14681/74055/226025/20617/20307/15465/53376/19218/23832/16000/546729/381812/24046/12298/94045/12310/24115/12482/666279/68312/22065/22066/20304/12295/17863/11438/319239/26946/72699/11931/17329/15945/320707/11606/435916/110891/233081/546913/20192/17364/12323/110902/12290/114875/13645/76376/18766/319734/14811/74166/20191/22226/381925/12790/12922/504186/26557/12770/98660/12322/14652/11448/106393/12335/110893/12299/12391/69563/18125/12374/207911/20190/71912/15464/12292/68460/433294/76757/12372/11937/54378",0.627256739718528
"GO:0003230","cardiac atrium development",36,-0.694380790177759,-1.57552845619677,0.0137401608317411,0.221415358389937,0.221415358389937,1323,"tags=17%, list=7%, signal=16%","17888/18091/22413/18121/14463/18741",0.380730400722792
"GO:0021515","cell differentiation in spinal cord",40,-0.693593889567732,-1.57514401873927,0.00859803086808002,0.16336258649352,0.16336258649352,440,"tags=15%, list=2%, signal=15%","18509/381338/209448/22408/20679/16814",0.380730400722792
"GO:0021783","preganglionic parasympathetic fiber development",19,0.681071854344986,1.57359190335428,0.0116136467183854,0.202203138590289,0.202203138590289,3523,"tags=42%, list=18%, signal=35%","15207/11859/15407/20350/103889/12778/243743/21380",0.380730400722792
"GO:0042711","maternal behavior",15,0.729642644844386,1.5726123256978,0.0141940031461215,0.226188308199484,0.226188308199484,4678,"tags=53%, list=23%, signal=41%","18430/18429/18142/12919/15165/56710/77128/13488",0.380730400722792
"GO:0045604","regulation of epidermal cell differentiation",51,0.549427211170289,1.57217958379489,0.00751815255360284,0.155095109783435,0.155095109783435,3655,"tags=33%, list=18%, signal=27%","207920/69073/74591/16673/381867/195733/17133/18103/13388/74155/18109/15404/235505/93691/54200/13115/19207",0.407017918923954
"GO:0000768","syncytium formation by plasma membrane fusion",113,-0.593414069878654,-1.57191076918724,0.00498079098337075,0.118909441246122,0.118909441246122,1615,"tags=12%, list=8%, signal=11%","210933/68662/17329/15945/66139/22408/17927/381339/12391/18741/66211/12292/226438",0.407017918923954
"GO:0140253","cell-cell fusion",113,-0.593414069878654,-1.57191076918724,0.00498079098337075,0.118909441246122,0.118909441246122,1615,"tags=12%, list=8%, signal=11%","210933/68662/17329/15945/66139/22408/17927/381339/12391/18741/66211/12292/226438",0.407017918923954
"GO:0051279","regulation of release of sequestered calcium ion into cytosol",76,-0.631741717143238,-1.5718999238318,0.00486127196646307,0.118254123366007,0.118254123366007,1652,"tags=18%, list=8%, signal=17%","68312/319239/72699/17329/15945/74166/20191/12335/71912/15464/68460/433294/76757/12372",0.407017918923954
"GO:0009408","response to heat",92,-0.613313336269718,-1.57178871298347,0.00414530028465062,0.107777807400916,0.107777807400916,3222,"tags=21%, list=16%, signal=17%","28240/170638/12954/14164/72821/208111/193034/74100/16000/24046/12310/243912/69253/12955/66797/18125/17762/12372/12715",0.407017918923954
"GO:0010812","negative regulation of cell-substrate adhesion",62,-0.643755142711221,-1.57081731539769,0.00530802788681405,0.123697631848977,0.123697631848977,398,"tags=5%, list=2%, signal=5%","20745/22408/17926",0.407017918923954
"GO:0140236","translation at presynapse",47,0.558086595362345,1.57069649119754,0.00412183297652732,0.107603298273408,0.107603298273408,5968,"tags=66%, list=30%, signal=46%","22186/110954/67281/20055/54127/57294/67671/27176/66489/20044/19942/100503670/20005/269261/19951/270106/67186/19981/19896/65019/66480/26961/20103/67115/27207/19988/68436/57808/19934/20042/67891",0.407017918923954
"GO:0034767","positive regulation of monoatomic ion transmembrane transport",165,-0.578445797025603,-1.57022689435207,0.00074573049949771,0.0337259244209457,0.0337259244209457,1856,"tags=17%, list=9%, signal=16%","381812/12298/94045/11418/12482/22065/14199/13616/16485/319239/15978/11931/17329/15945/233081/56188/11932/20927/237611/12335/18125/16514/75607/16502/76757/12372/11937/242735",0.477270815362862
"GO:0046337","phosphatidylethanolamine metabolic process",28,-0.716882118907013,-1.56997817841234,0.0134178019791593,0.218703361193303,0.218703361193303,2863,"tags=32%, list=14%, signal=28%","67111/242864/237625/11687/214253/18782/27281/108079/329502",0.380730400722792
"GO:0051495","positive regulation of cytoskeleton organization",193,-0.57472175426062,-1.56942092730281,0.000633383250453976,0.0303551286150406,0.0303551286150405,2824,"tags=12%, list=14%, signal=10%","14744/83679/15894/22003/93689/75305/11687/105439/18816/18761/213435/77569/22417/207495/245880/21333/118449/93677/68760/11472/12391/17762/17926",0.477270815362862
"GO:0042267","natural killer cell mediated cytotoxicity",87,-0.61731174690244,-1.56837502794829,0.0059195208504567,0.136608888285146,0.136608888285146,4316,"tags=51%, list=22%, signal=40%","16174/104709/21355/18708/93694/71183/26904/23900/16846/15170/16173/100043314/71740/70450/30925/21354/83408/11891/16643/20723/243655/72310/246256/14940/19419/232408/16768/12481/17057/17059/225825/27007/320407/20400/14939/16160/16641/80782/16159/54698/54215/100043861/16002/60505",0.407017918923954
"GO:0002836","positive regulation of response to tumor cell",23,-0.74622506247695,-1.56734423954586,0.0181098052310239,0.258906362962069,0.258906362962069,3060,"tags=48%, list=15%, signal=41%","21947/16963/14940/225825/27007/14939/16160/16159/54698/54215/102570",0.352487857583619
"GO:0002839","positive regulation of immune response to tumor cell",23,-0.74622506247695,-1.56734423954586,0.0181098052310239,0.258906362962069,0.258906362962069,3060,"tags=48%, list=15%, signal=41%","21947/16963/14940/225825/27007/14939/16160/16159/54698/54215/102570",0.352487857583619
"GO:1904064","positive regulation of cation transmembrane transport",146,-0.590775602060242,-1.56726201734954,0.00112310263244232,0.0456491462376237,0.0456491462376237,3471,"tags=31%, list=17%, signal=26%","12766/59095/12504/19091/13040/80982/20866/83408/20312/69810/229715/20614/16963/11554/23796/11555/20617/20266/381812/12298/94045/11418/12482/22065/14199/13616/16485/319239/15978/11931/17329/15945/233081/56188/11932/20927/237611/12335/18125/16514/75607/16502/76757/12372/242735",0.45505986738723
"GO:0014908","myotube differentiation involved in skeletal muscle regeneration",8,-0.914479489867864,-1.56623565289439,0.00493805878553188,0.118772335283467,0.118772335283467,311,"tags=38%, list=2%, signal=37%","66139/17927/381339",0.407017918923954
"GO:0045913","positive regulation of carbohydrate metabolic process",97,-0.609914682027941,-1.56587229732738,0.00320437484995929,0.0903130751561423,0.0903130751561423,2828,"tags=21%, list=14%, signal=18%","18639/19733/18441/19228/20617/16000/19017/12491/16333/15978/58805/17171/18679/13645/19013/16002/108079/14555/241113/11474",0.431707695803346
"GO:0002837","regulation of immune response to tumor cell",37,-0.698560444702,-1.56577249480489,0.0128996161726659,0.214060297314885,0.214060297314885,3297,"tags=43%, list=16%, signal=36%","18566/21947/60533/243655/230979/16963/14940/16768/225825/27007/14939/16160/16159/54698/54215/102570",0.380730400722792
"GO:0007431","salivary gland development",43,0.569994692580584,1.56479644848895,0.00418539389425402,0.108381449955239,0.108381449955239,2611,"tags=26%, list=13%, signal=22%","207920/12162/14179/13608/16193/56787/14183/14178/77411/16776/12550",0.407017918923954
"GO:0000272","polysaccharide catabolic process",38,-0.680046191914558,-1.56463611539826,0.00682856478869214,0.14715786266101,0.14715786266101,1671,"tags=24%, list=8%, signal=22%","12655/232714/16333/81600/18642/18679/53412/18682/19309",0.407017918923954
"GO:0048312","intracellular distribution of mitochondria",11,-0.850264000466152,-1.56452191978355,0.014531354027712,0.229326740613706,0.229326740613706,161,"tags=9%, list=1%, signal=9%","17762",0.380730400722792
"GO:1905274","regulation of modification of postsynaptic actin cytoskeleton",15,-0.807998352020252,-1.56384218674969,0.0158786383930261,0.24105601763745,0.24105601763745,88,"tags=7%, list=0%, signal=7%","67252",0.352487857583619
"GO:0110053","regulation of actin filament organization",269,-0.562613233200693,-1.56375035616288,8.155124451385e-05,0.00662939357301196,0.00662939357301196,1248,"tags=7%, list=6%, signal=7%","385354/77569/22417/50873/20741/207495/99889/102635744/245880/217371/21333/118449/21916/93677/68760/11472/241431/50874/320502/17926",0.538434096309916
"GO:0010248","establishment or maintenance of transmembrane electrochemical gradient",12,-0.839636540176516,-1.56306070121492,0.0181209530990589,0.258906362962069,0.258906362962069,1472,"tags=42%, list=7%, signal=39%","20517/11931/27222/11932/98660",0.352487857583619
"GO:0051481","negative regulation of cytosolic calcium ion concentration",19,-0.760554463835413,-1.56279287305226,0.0173476757190555,0.252051523682747,0.252051523682747,2383,"tags=37%, list=12%, signal=32%","16493/78688/12310/20191/98660/18125/15464",0.352487857583619
"GO:0009642","response to light intensity",18,-0.774079928823149,-1.56195665627083,0.0175407780369325,0.254281888381898,0.254281888381898,830,"tags=33%, list=4%, signal=32%","666060/76376/212541/12790/66797/16502",0.352487857583619
"GO:0046031","ADP metabolic process",119,-0.588818789194111,-1.5618881827077,0.00320638136649026,0.0903130751561423,0.0903130751561423,2315,"tags=17%, list=12%, signal=15%","227659/319801/79459/100039229/16000/19017/20533/16333/15978/13808/58805/18642/14080/19013/108079/433766/56012/14555/241113/11474",0.431707695803346
"GO:0034764","positive regulation of transmembrane transport",234,-0.564625152391693,-1.56174558685804,0.000225874398239969,0.0142212292695792,0.0142212292695792,3471,"tags=28%, list=17%, signal=23%","12766/59095/12504/19091/13040/80982/20866/21752/11636/83408/20312/69810/229715/12266/20614/19733/18260/12349/16963/11554/23796/11555/216227/20617/18124/14734/20266/14170/16000/381812/12298/94045/246049/11418/12482/22065/16429/14199/13616/16333/16485/319239/15978/11931/11450/17329/15945/11606/66277/233081/13869/56188/57394/11932/20927/237611/12335/18125/16514/75607/16502/76757/12372/11937/242735",0.518848077743792
"GO:0019884","antigen processing and presentation of exogenous antigen",38,-0.678620510011579,-1.5613559361678,0.00695159869325966,0.147227521017126,0.147227521017126,5010,"tags=74%, list=25%, signal=55%","15064/14991/14131/54445/15000/12010/98682/13034/14129/65972/14999/19186/21355/12480/26888/17476/16149/14127/14969/13040/19188/14961/14998/14960/21356/269799/73149/474145",0.407017918923954
"GO:1902903","regulation of supramolecular fiber organization",381,-0.553469520133188,-1.56045778415865,1.67880423113936e-05,0.00167851004095876,0.00167851004095876,2895,"tags=13%, list=14%, signal=11%","50876/243725/14744/83679/12759/20739/15894/20743/170835/22003/17260/208158/93689/20617/75305/69697/11687/105439/22153/18816/18761/385354/213435/77569/22417/50873/20741/207495/99889/102635744/245880/277468/217371/21333/12955/118449/21916/93677/68760/11472/78321/12391/17762/241431/50874/58522/320502/17926",0.575610261071129
"GO:0032970","regulation of actin filament-based process",397,-0.549857845768242,-1.56040075266687,1.20798750978782e-05,0.00123138028378689,0.00123138028378689,1248,"tags=8%, list=6%, signal=8%","385354/213435/77569/22417/668940/50873/20741/207495/99889/102635744/245880/56188/217371/21333/118449/20191/21916/93677/98660/68760/216033/11472/78321/12391/18125/14463/241431/228785/50874/17996/320502/11937/17926",0.593325476396405
"GO:0002715","regulation of natural killer cell mediated immunity",68,-0.624642753312236,-1.55836850349958,0.00851729555057616,0.162308819067656,0.162308819067656,4866,"tags=60%, list=24%, signal=46%","20851/14991/16859/20706/13482/16174/104709/21355/93694/71183/26904/16846/100043314/84544/71740/30925/21354/83408/16643/20723/243655/19419/232408/16768/17057/27278/17059/225825/27007/320407/20400/16160/16641/215900/80782/16159/54698/54215/100043861/16002/60505",0.380730400722792
"GO:0051928","positive regulation of calcium ion transport",112,-0.594299641192513,-1.55822706063367,0.00218504843036704,0.0704728841787088,0.0704728841787088,3111,"tags=28%, list=16%, signal=24%","232801/83408/20312/69810/20302/16963/11554/11941/23796/11555/20617/381812/94045/12482/666279/22065/22066/20304/319239/17329/15945/233081/22226/12770/12322/12335/12374/207911/76757/12372/11937",0.431707695803346
"GO:1901880","negative regulation of protein depolymerization",82,-0.619036670244666,-1.55585450087365,0.00631911232735195,0.139454774454482,0.139454774454482,2895,"tags=16%, list=14%, signal=14%","50876/20739/20743/22003/208158/93689/69697/20741/21916/93677/50874/58522/320502",0.407017918923954
"GO:0046034","ATP metabolic process",235,-0.562064723911762,-1.55556773021896,0.00028436267737917,0.0168205549326826,0.0168205549326827,1984,"tags=11%, list=10%, signal=10%","79459/17885/100039229/16000/19017/20533/16333/15978/17888/11931/13808/58805/52815/18642/17883/50873/14080/19013/98660/108079/433766/56012/14555/241113/11474/140781",0.49849310876659
"GO:0061052","negative regulation of cell growth involved in cardiac muscle cell development",15,-0.803716002565244,-1.55555390408253,0.0177786026161242,0.256571204496066,0.256571204496066,323,"tags=13%, list=2%, signal=13%","19013/12391",0.352487857583619
"GO:0055119","relaxation of cardiac muscle",16,-0.797327688325431,-1.55452542845681,0.0166125250130431,0.245375330578336,0.245375330578336,1259,"tags=19%, list=6%, signal=18%","11931/22138/15464",0.352487857583619
"GO:0070373","negative regulation of ERK1 and ERK2 cascade",75,-0.615570345790664,-1.55401888490835,0.00827224217960573,0.160552906390458,0.160552906390458,1241,"tags=9%, list=6%, signal=9%","11450/14869/29811/435391/504186/75607/66959",0.380730400722792
"GO:0072526","pyridine-containing compound catabolic process",124,-0.593090355505675,-1.5534020978813,0.00403318757777585,0.106152174690478,0.106152174690478,2437,"tags=19%, list=12%, signal=17%","547253/227659/319801/237868/79459/100039229/16000/19017/20533/16333/15978/11871/13808/58805/11872/18642/14080/19013/108079/433766/56012/14555/241113/11474",0.407017918923954
"GO:0150116","regulation of cell-substrate junction organization",74,-0.618801046995997,-1.55270834876461,0.00838721467710255,0.160784157183142,0.160784157183142,2352,"tags=8%, list=12%, signal=7%","11815/69697/268709/77569/22417/17926",0.380730400722792
"GO:0062028","regulation of stress granule assembly",11,-0.84373116836439,-1.55250123089649,0.0159152524880534,0.24105601763745,0.24105601763745,212,"tags=9%, list=1%, signal=9%","108079",0.352487857583619
"GO:0046032","ADP catabolic process",114,-0.602713314305211,-1.55150864259864,0.00284406026621299,0.0847254340179961,0.0847254340179961,2315,"tags=18%, list=12%, signal=16%","227659/319801/79459/100039229/16000/19017/20533/16333/15978/13808/58805/18642/14080/19013/108079/433766/56012/14555/241113/11474",0.431707695803346
"GO:0043416","regulation of skeletal muscle tissue regeneration",9,-0.860276758806782,-1.55126679024087,0.0118921637752826,0.20474926478516,0.20474926478516,1816,"tags=67%, list=9%, signal=61%","94045/20670/225152/17927/12335/59011",0.380730400722792
"GO:1903169","regulation of calcium ion transmembrane transport",163,-0.575092076372166,-1.55078765023703,0.00158807822252975,0.0569756332127711,0.0569756332127711,2526,"tags=21%, list=13%, signal=18%","16963/11554/23796/11555/29867/78688/20617/19218/94045/12310/12482/68312/22065/12295/11438/319239/72699/11931/17329/15945/233081/74166/20191/98660/12335/12299/69563/71912/15464/68460/433294/76757/12372/54378",0.45505986738723
"GO:0090158","endoplasmic reticulum membrane organization",17,-0.769369146588624,-1.55069174864483,0.0322084491264868,0.388072533377671,0.388072533377671,1123,"tags=12%, list=6%, signal=11%","20167/76757",0.321775918075361
"GO:0031099","regeneration",217,-0.561257520562439,-1.55054853458951,0.00034592987249821,0.0196598375325974,0.0196598375325974,2352,"tags=16%, list=12%, signal=14%","11815/193034/380684/12012/18133/18377/21960/14068/14580/16000/94045/20670/29862/22370/16147/13869/66175/14371/225152/14275/18509/12350/66139/19716/22408/17927/22437/28254/381339/11522/12335/17700/14463/17878/59011",0.49849310876659
"GO:0019646","aerobic electron transport chain",55,-0.645013140662571,-1.55026349270286,0.0123672323187032,0.208516787821465,0.208516787821465,609,"tags=5%, list=3%, signal=5%","12865/12862/12869",0.380730400722792
"GO:0002423","natural killer cell mediated immune response to tumor cell",13,-0.801876584129435,-1.54966719908891,0.0269415349568599,0.346917020180847,0.346917020180847,2639,"tags=62%, list=13%, signal=53%","243655/72310/225825/27007/16160/16159/54698/54215",0.352487857583619
"GO:0009266","response to temperature stimulus",169,-0.573985499745576,-1.54889826309075,0.00117708754402291,0.0469519019112743,0.0469519019112743,3222,"tags=22%, list=16%, signal=19%","28240/170638/12954/171382/18053/14164/72821/208111/11554/11555/193034/74100/103968/231507/16528/16000/24046/12310/243912/12564/69253/11606/15360/104158/21333/212541/12955/22227/17391/12683/17189/66797/18125/17762/22229/12372/12715",0.45505986738723
"GO:0009137","purine nucleoside diphosphate catabolic process",117,-0.597762386559793,-1.54870466160006,0.001702164839021,0.0587704440655531,0.0587704440655531,2315,"tags=17%, list=12%, signal=15%","227659/319801/79459/100039229/16000/19017/20533/16333/15978/13808/58805/18642/14080/19013/108079/433766/56012/14555/241113/11474",0.45505986738723
"GO:0009181","purine ribonucleoside diphosphate catabolic process",117,-0.597762386559793,-1.54870466160006,0.001702164839021,0.0587704440655531,0.0587704440655531,2315,"tags=17%, list=12%, signal=15%","227659/319801/79459/100039229/16000/19017/20533/16333/15978/13808/58805/18642/14080/19013/108079/433766/56012/14555/241113/11474",0.45505986738723
"GO:0098703","calcium ion import across plasma membrane",35,-0.693580682625096,-1.5480838674297,0.00602913719640868,0.136816675177868,0.136816675177868,2487,"tags=34%, list=12%, signal=30%","11554/12287/11555/193034/94045/12482/110891/17364/12290/76376/110893/12292",0.407017918923954
"GO:1902656","calcium ion import into cytosol",35,-0.693580682625096,-1.5480838674297,0.00602913719640868,0.136816675177868,0.136816675177868,2487,"tags=34%, list=12%, signal=30%","11554/12287/11555/193034/94045/12482/110891/17364/12290/76376/110893/12292",0.407017918923954
"GO:0002027","regulation of heart rate",106,-0.589350782103663,-1.54783427340507,0.00696935010731958,0.147227521017126,0.147227521017126,2918,"tags=26%, list=15%, signal=23%","72821/13405/21926/20271/17201/20648/22003/11554/15214/16493/193034/20266/12310/110312/13616/17888/11606/12290/21333/23828/20191/12922/64082/216033/12391/15464/399548/140781",0.407017918923954
"GO:0033198","response to ATP",35,-0.693118570955757,-1.54705242633254,0.00626974494167377,0.138899092594587,0.138899092594587,3189,"tags=37%, list=16%, signal=31%","20928/12362/20343/231602/193034/21673/94045/22065/20192/56506/20190/16514/229665",0.407017918923954
"GO:0043242","negative regulation of protein-containing complex disassembly",92,-0.603546661591989,-1.5467588495939,0.00627230408789008,0.138899092594587,0.138899092594587,2895,"tags=15%, list=14%, signal=13%","50876/21926/20739/20743/22003/208158/93689/69697/20741/21916/93677/50874/58522/320502",0.407017918923954
"GO:0009134","nucleoside diphosphate catabolic process",122,-0.588726999625876,-1.54631987682814,0.00469441572454364,0.115952068396228,0.115952068396228,2315,"tags=16%, list=12%, signal=15%","227659/319801/79459/100039229/16000/19017/20533/16333/15978/13808/58805/18642/14080/19013/108079/433766/56012/14555/241113/11474",0.407017918923954
"GO:0009191","ribonucleoside diphosphate catabolic process",122,-0.588726999625876,-1.54631987682814,0.00469441572454364,0.115952068396228,0.115952068396228,2315,"tags=16%, list=12%, signal=15%","227659/319801/79459/100039229/16000/19017/20533/16333/15978/13808/58805/18642/14080/19013/108079/433766/56012/14555/241113/11474",0.407017918923954
"GO:0022898","regulation of transmembrane transporter activity",152,-0.581182912968483,-1.54610401308502,0.00151823418041993,0.0550853102071005,0.0550853102071005,2015,"tags=12%, list=10%, signal=11%","20266/381812/12298/11418/19017/16485/19418/110784/14811/20927/237611/69563/16514/71912/75607/16502/12372/11937/242735",0.45505986738723
"GO:0006470","protein dephosphorylation",91,-0.602398064093149,-1.54574305127012,0.00770931783937437,0.155095109783435,0.155095109783435,320,"tags=2%, list=2%, signal=2%","435391/66959",0.407017918923954
"GO:0035435","phosphate ion transmembrane transport",12,0.730484373773491,1.5454800103212,0.0340329097038649,0.402783810968457,0.402783810968457,84,"tags=8%, list=0%, signal=8%","12739",0.321775918075361
"GO:0150115","cell-substrate junction organization",112,-0.588714945392793,-1.54358423819637,0.00289705716628678,0.0856793140706342,0.0856793140706342,1591,"tags=5%, list=8%, signal=5%","268709/77569/22417/11472/11474/17926",0.431707695803346
"GO:1902176","negative regulation of oxidative stress-induced intrinsic apoptotic signaling pathway",31,-0.699015250102457,-1.54356720122229,0.0108362255968677,0.197139492303356,0.197139492303356,1001,"tags=13%, list=5%, signal=12%","50873/12350/22408/14463",0.380730400722792
"GO:1903818","positive regulation of voltage-gated potassium channel activity",8,-0.901081227791271,-1.5432883522893,0.00774315886057597,0.155095109783435,0.155095109783435,287,"tags=38%, list=1%, signal=37%","20927/16502/242735",0.407017918923954
"GO:0030812","negative regulation of nucleotide catabolic process",21,-0.737748508533482,-1.54308076826192,0.0156453721322895,0.239589409599694,0.239589409599694,2859,"tags=38%, list=14%, signal=33%","12398/18639/319801/19017/20533/19013/433766/11474",0.352487857583619
"GO:0033122","negative regulation of purine nucleotide catabolic process",21,-0.737748508533482,-1.54308076826192,0.0156453721322895,0.239589409599694,0.239589409599694,2859,"tags=38%, list=14%, signal=33%","12398/18639/319801/19017/20533/19013/433766/11474",0.352487857583619
"GO:0045820","negative regulation of glycolytic process",21,-0.737748508533482,-1.54308076826192,0.0156453721322895,0.239589409599694,0.239589409599694,2859,"tags=38%, list=14%, signal=33%","12398/18639/319801/19017/20533/19013/433766/11474",0.352487857583619
"GO:2000288","positive regulation of myoblast proliferation",13,-0.798429125328341,-1.54300480997567,0.0279877759038878,0.355212444377011,0.355212444377011,2383,"tags=38%, list=12%, signal=34%","16493/16000/20670/18509/18741",0.352487857583619
"GO:0006656","phosphatidylcholine biosynthetic process",22,-0.729920672619584,-1.5417712974154,0.0163717208240366,0.245079699608306,0.245079699608306,212,"tags=9%, list=1%, signal=9%","108079/14077",0.352487857583619
"GO:0006949","syncytium formation",115,-0.586267835041849,-1.54077610878938,0.00422747476698755,0.109031497805599,0.109031497805599,1615,"tags=11%, list=8%, signal=10%","210933/68662/17329/15945/66139/22408/17927/381339/12391/18741/66211/12292/226438",0.407017918923954
"GO:0051882","mitochondrial depolarization",30,-0.706129193055363,-1.54027054580003,0.0229904051886554,0.306316145480383,0.306316145480383,544,"tags=7%, list=3%, signal=6%","14371/17926",0.352487857583619
"GO:0043271","negative regulation of monoatomic ion transport",126,-0.587514527579613,-1.5401085300303,0.00245567435737512,0.0758189457839567,0.0758189457839567,2570,"tags=15%, list=13%, signal=13%","15894/15566/16493/29867/193034/14681/53376/19218/12310/382427/12922/98660/11472/12391/69563/18125/15464/75607/76757",0.431707695803346
"GO:0015846","polyamine transport",14,-0.798659997719315,-1.54001175667959,0.0332714742506556,0.396626390539269,0.396626390539269,1472,"tags=29%, list=7%, signal=26%","20517/20519/268878/67473",0.321775918075361
"GO:0031048","regulatory ncRNA-mediated heterochromatin formation",24,0.630026581886587,1.53974143490848,0.0278741335232691,0.35517397913975,0.35517397913975,698,"tags=17%, list=3%, signal=16%","71981/622480/214575/83561",0.352487857583619
"GO:0002478","antigen processing and presentation of exogenous peptide antigen",31,-0.697173332604465,-1.53949987445532,0.0109546531195538,0.19743065672131,0.19743065672131,4849,"tags=77%, list=24%, signal=59%","14991/14131/54445/15000/12010/98682/13034/14129/65972/14999/21355/26888/17476/16149/14127/14969/13040/14961/14998/14960/21356/269799/73149/474145",0.380730400722792
"GO:0120163","negative regulation of cold-induced thermogenesis",48,-0.655132393639556,-1.53818232873496,0.0131088625881174,0.215307200871841,0.215307200871841,1241,"tags=10%, list=6%, signal=10%","11450/209448/12683/11668/11474",0.380730400722792
"GO:0009404","toxin metabolic process",13,-0.795231674723818,-1.53682557439179,0.0295571394240455,0.370734276135195,0.370734276135195,2465,"tags=38%, list=12%, signal=34%","14261/55990/14859/13076/13078",0.352487857583619
"GO:0098743","cell aggregation",22,-0.727569473280373,-1.53680498834693,0.0171331812983657,0.250277479967297,0.250277479967297,886,"tags=23%, list=4%, signal=22%","57329/17877/66601/14177/20679",0.352487857583619
"GO:0008038","neuron recognition",51,-0.654494695345412,-1.53595316132808,0.0126438714036767,0.211455578527114,0.211455578527114,241,"tags=8%, list=1%, signal=8%","72832/66797/68802/58916",0.380730400722792
"GO:0070886","positive regulation of calcineurin-NFAT signaling cascade",21,-0.73389273630158,-1.53501600376694,0.0166971378795909,0.245375330578336,0.245375330578336,3109,"tags=33%, list=16%, signal=28%","70261/21926/30937/20495/56644/16000/100504518",0.352487857583619
"GO:0106058","positive regulation of calcineurin-mediated signaling",21,-0.73389273630158,-1.53501600376694,0.0166971378795909,0.245375330578336,0.245375330578336,3109,"tags=33%, list=16%, signal=28%","70261/21926/30937/20495/56644/16000/100504518",0.352487857583619
"GO:0018208","peptidyl-proline modification",16,0.677835288954515,1.53382644763535,0.0286397121539216,0.362769687283006,0.362769687283006,3882,"tags=44%, list=19%, signal=35%","241593/50527/210530/18452/18451/23988/66617",0.352487857583619
"GO:0006090","pyruvate metabolic process",139,-0.579966753763038,-1.53331708998957,0.0028496875969927,0.0847254340179961,0.0847254340179961,2315,"tags=17%, list=12%, signal=15%","227659/319801/231691/79459/100039229/16000/19017/20533/16333/15978/13808/58805/109264/18642/18604/27273/14080/19013/108079/433766/56012/14555/241113/11474",0.431707695803346
"GO:0006163","purine nucleotide metabolic process",435,-0.539920516497193,-1.53325372185274,1.86235238298219e-05,0.00175882750051642,0.00175882750051642,2239,"tags=12%, list=11%, signal=11%","319801/55990/237868/18585/60596/224129/19883/209176/54195/19218/18159/79459/17885/15930/100039229/70789/16000/12298/73707/19017/20533/16333/14919/15978/17888/11871/11931/13808/58805/52815/11872/18642/17883/50873/76668/110385/210044/20512/14080/100705/19013/98660/108079/433766/230718/56012/14555/239790/241113/11474/229665/140781/69564",0.575610261071129
"GO:0038003","G protein-coupled opioid receptor signaling pathway",13,0.7264531904186,1.53159810507749,0.0345259869463015,0.404135757844449,0.404135757844449,1981,"tags=38%, list=10%, signal=35%","243979/18389/235854/233231/11514",0.321775918075361
"GO:0030038","contractile actin filament bundle assembly",116,-0.57574136987856,-1.53004920395864,0.00619418703497141,0.138603028357444,0.138603028357444,1869,"tags=7%, list=9%, signal=6%","18816/18761/385354/77569/22417/21333/68760/17926",0.407017918923954
"GO:0043149","stress fiber assembly",116,-0.57574136987856,-1.53004920395864,0.00619418703497141,0.138603028357444,0.138603028357444,1869,"tags=7%, list=9%, signal=6%","18816/18761/385354/77569/22417/21333/68760/17926",0.407017918923954
"GO:1903579","negative regulation of ATP metabolic process",27,-0.714125255863296,-1.52956772741228,0.0210664657198295,0.289623054311147,0.289623054311147,2859,"tags=30%, list=14%, signal=25%","12398/18639/319801/19017/20533/19013/433766/11474",0.352487857583619
"GO:2001014","regulation of skeletal muscle cell differentiation",23,-0.728116040918484,-1.52930870301582,0.02402313103355,0.316789625251453,0.316789625251453,193,"tags=17%, list=1%, signal=17%","228003/12335/17700/666794",0.352487857583619
"GO:1903286","regulation of potassium ion import",11,-0.830876994465235,-1.52884900427639,0.0214508709705595,0.292478754507289,0.292478754507289,1259,"tags=27%, list=6%, signal=26%","11931/11932/75607",0.352487857583619
"GO:0044042","glucan metabolic process",91,-0.595725199630288,-1.52862059605264,0.0107930030717286,0.196910982177958,0.196910982177958,1874,"tags=14%, list=9%, signal=13%","16000/12491/232714/16333/18642/58200/18679/53412/16002/18682/140491/19309/241113",0.380730400722792
"GO:0006188","IMP biosynthetic process",15,-0.789017424751255,-1.52710550933857,0.0232070904623283,0.307472788123746,0.307472788123746,27,"tags=7%, list=0%, signal=7%","229665",0.352487857583619
"GO:0035458","cellular response to interferon-beta",62,-0.625288829575564,-1.52575794033332,0.0100089536169041,0.185773121756527,0.185773121756527,3341,"tags=56%, list=17%, signal=47%","383619/226691/246730/15959/16362/100040462/226695/236312/432555/15950/20846/102639543/23960/15953/623121/15944/229900/100033459/54396/55932/23961/240327/100702/100039796/16145/16365/14469/231699/60440/240328/21822/545384/620913/225594/12322",0.380730400722792
"GO:0000470","maturation of LSU-rRNA",29,0.600283759592662,1.52491162597588,0.0140494641685339,0.225001643118017,0.225001643118017,6680,"tags=76%, list=33%, signal=51%","16418/67281/67223/27176/66489/76130/56095/52202/59050/64934/66229/66942/448850/67674/69237/229937/12181/67848/70285/57750/110109/74035",0.380730400722792
"GO:0021510","spinal cord development",94,-0.596270069286519,-1.5241707158465,0.00639627003078484,0.140674130608563,0.140674130608563,440,"tags=9%, list=2%, signal=8%","18509/381338/18121/209448/22408/22771/20679/16814",0.407017918923954
"GO:0003228","atrial cardiac muscle tissue development",17,-0.756111094350663,-1.52396965782579,0.038596768447163,0.437157754793088,0.437157754793088,1323,"tags=41%, list=7%, signal=38%","17888/18091/22413/23828/18121/64082/18741",0.321775918075361
"GO:0009150","purine ribonucleotide metabolic process",344,-0.537087064777004,-1.52379620914421,0.00021544577964337,0.0140821820038756,0.0140821820038756,2315,"tags=12%, list=12%, signal=11%","227659/319801/18585/60596/224129/19883/54195/19218/18159/79459/17885/100039229/16000/12298/73707/19017/20533/16333/14919/15978/17888/11931/13808/58805/52815/18642/17883/50873/110385/210044/14080/19013/98660/108079/433766/230718/56012/14555/239790/241113/11474/229665/140781",0.518848077743792
"GO:0051580","regulation of neurotransmitter uptake",18,-0.754968316593985,-1.52339279636195,0.0423197492163009,0.460795873249816,0.460795873249816,2351,"tags=39%, list=12%, signal=34%","216227/20617/14580/20974/269642/50873/18125",0.276500599254472
"GO:0006140","regulation of nucleotide metabolic process",92,-0.594265048142514,-1.52297209265348,0.00774810891556409,0.155095109783435,0.155095109783435,2927,"tags=20%, list=15%, signal=17%","210808/12398/18639/227659/319801/16000/19017/20533/16333/15978/58805/50873/19013/108079/433766/14555/241113/11474",0.407017918923954
"GO:1900542","regulation of purine nucleotide metabolic process",92,-0.594265048142514,-1.52297209265348,0.00774810891556409,0.155095109783435,0.155095109783435,2927,"tags=20%, list=15%, signal=17%","210808/12398/18639/227659/319801/16000/19017/20533/16333/15978/58805/50873/19013/108079/433766/14555/241113/11474",0.407017918923954
"GO:0005976","polysaccharide metabolic process",109,-0.581643639151531,-1.52246502046887,0.00643331505251078,0.141005970195304,0.141005970195304,1874,"tags=15%, list=9%, signal=13%","16000/12655/12491/232714/16333/81600/18642/58200/18679/13645/53412/16002/18682/140491/19309/241113",0.407017918923954
"GO:0002115","store-operated calcium entry",25,-0.711891031781871,-1.52144081812536,0.0227991219040594,0.305033251808061,0.305033251808061,1856,"tags=24%, list=9%, signal=22%","381812/12482/22066/26557/106393/12372",0.352487857583619
"GO:1905868","regulation of 3'-UTR-mediated mRNA stabilization",11,-0.82648192598234,-1.52076189136008,0.0239419070950619,0.316368163301415,0.316368163301415,997,"tags=18%, list=5%, signal=17%","15572/666794",0.352487857583619
"GO:0098870","action potential propagation",13,-0.786319265028472,-1.51960189029492,0.0326958726928963,0.391740474689888,0.391740474689888,2015,"tags=38%, list=10%, signal=35%","20266/12298/242653/12723/98660",0.321775918075361
"GO:0034389","lipid droplet organization",44,-0.653615424563395,-1.51915526075244,0.0119830872253197,0.204977811117419,0.204977811117419,2773,"tags=27%, list=14%, signal=24%","232889/11770/74596/14311/116939/232370/14079/14080/12683/66968/108079/68680",0.380730400722792
"GO:0033280","response to vitamin D",35,-0.680420853293261,-1.51871090477792,0.00877757793231736,0.165306760942352,0.165306760942352,579,"tags=14%, list=3%, signal=14%","16591/13081/20377/14545/12374",0.380730400722792
"GO:0009251","glucan catabolic process",36,-0.669300599882954,-1.51862228302027,0.0207924798939936,0.287769311851882,0.287769311851881,1443,"tags=19%, list=7%, signal=18%","232714/16333/18642/18679/53412/18682/19309",0.352487857583619
"GO:0043462","regulation of ATP-dependent activity",46,-0.650803806441471,-1.51821451757916,0.0133942255832329,0.218703361193303,0.218703361193303,3455,"tags=30%, list=17%, signal=25%","21924/81897/14165/21954/19733/22003/22004/11555/17888/110784/69563/12374/21957/11937",0.380730400722792
"GO:0141196","transposable element silencing by piRNA-mediated DNA methylation",12,0.717386781287689,1.51776953752138,0.0407141401883737,0.450268127135914,0.450268127135914,698,"tags=33%, list=3%, signal=32%","71981/622480/214575/83561",0.321775918075361
"GO:0009135","purine nucleoside diphosphate metabolic process",126,-0.578964681018239,-1.51769599212444,0.00328691940018951,0.0905948342833348,0.0905948342833348,2315,"tags=16%, list=12%, signal=14%","227659/319801/79459/100039229/16000/19017/20533/16333/15978/13808/58805/18642/14080/19013/108079/433766/56012/14555/241113/11474",0.431707695803346
"GO:0009179","purine ribonucleoside diphosphate metabolic process",126,-0.578964681018239,-1.51769599212444,0.00328691940018951,0.0905948342833348,0.0905948342833348,2315,"tags=16%, list=12%, signal=14%","227659/319801/79459/100039229/16000/19017/20533/16333/15978/13808/58805/18642/14080/19013/108079/433766/56012/14555/241113/11474",0.431707695803346
"GO:0055074","calcium ion homeostasis",235,-0.54804087732226,-1.51675539726138,0.000742397898478216,0.0337259244209457,0.0337259244209457,3004,"tags=23%, list=15%, signal=19%","171382/14184/207777/22439/20302/21954/19733/66972/231602/12652/18441/19228/11941/12287/78688/13491/21939/20307/59091/13009/18159/12298/12310/22065/64654/22066/20304/13616/26946/11931/320707/668940/110891/20192/12290/56506/76376/56188/16591/268878/14371/20191/12770/110893/12391/12374/20190/15464/68460/76757/19309/11937/17306",0.477270815362862
"GO:0009301","snRNA transcription",19,-0.737814209875787,-1.51606603295157,0.0277287876017032,0.354024401546994,0.354024401546994,774,"tags=11%, list=4%, signal=10%","269344/17927",0.352487857583619
"GO:0006839","mitochondrial transport",37,-0.676010098973505,-1.51522753286522,0.0223670149835455,0.301766744168759,0.301766744168759,1001,"tags=14%, list=5%, signal=13%","50873/12895/22227/12971/22229",0.352487857583619
"GO:0001502","cartilage condensation",19,-0.73715119322573,-1.51470366149141,0.0277287876017032,0.354024401546994,0.354024401546994,886,"tags=21%, list=4%, signal=20%","57329/17877/14177/20679",0.352487857583619
"GO:0086016","AV node cell action potential",9,-0.839301815364793,-1.51344438848976,0.0219819432460882,0.29782286819911,0.29782286819911,454,"tags=22%, list=2%, signal=22%","20191/399548",0.352487857583619
"GO:0086027","AV node cell to bundle of His cell signaling",9,-0.839301815364793,-1.51344438848976,0.0219819432460882,0.29782286819911,0.29782286819911,454,"tags=22%, list=2%, signal=22%","20191/399548",0.352487857583619
"GO:0070542","response to fatty acid",63,-0.622253069477926,-1.51326754644483,0.0092715592547566,0.173591701265443,0.173591701265443,1906,"tags=17%, list=10%, signal=16%","16528/12491/170639/15360/233081/27273/14080/22227/19013/12391/14077",0.380730400722792
"GO:0072017","distal tubule development",8,0.790471450664125,1.51272970917677,0.0421761832289706,0.46063851819124,0.46063851819124,704,"tags=25%, list=4%, signal=24%","21419/12307",0.321775918075361
"GO:0001709","cell fate determination",28,-0.690468884498426,-1.51213296153624,0.0491803278688525,0.490428673251196,0.490428673251196,2439,"tags=21%, list=12%, signal=19%","17260/21385/83453/22408/17927/16814",0.248911114434702
"GO:0003254","regulation of membrane depolarization",53,-0.632006813158901,-1.51169362838789,0.014647927208852,0.230561246409921,0.230561246409921,2976,"tags=21%, list=15%, signal=18%","18053/72821/20271/193034/209488/20266/14199/22066/14371/12391/17926",0.380730400722792
"GO:0050687","negative regulation of defense response to virus",20,-0.72048383802944,-1.5106677140663,0.0415384615384615,0.456780821917808,0.456780821917808,2266,"tags=30%, list=11%, signal=27%","668155/15944/14190/54396/16145/214158",0.276500599254472
"GO:0098659","inorganic cation import across plasma membrane",112,-0.576136791488556,-1.5106048816094,0.00529817142741099,0.123697631848977,0.123697631848977,2487,"tags=24%, list=12%, signal=21%","11554/12287/11555/193034/16517/214922/211480/94045/12482/15978/11931/110891/17364/12290/76376/27222/277468/105243/12790/11932/16515/20927/98660/110893/16514/12292/75607",0.407017918923954
"GO:0099587","inorganic ion import across plasma membrane",112,-0.576136791488556,-1.5106048816094,0.00529817142741099,0.123697631848977,0.123697631848977,2487,"tags=24%, list=12%, signal=21%","11554/12287/11555/193034/16517/214922/211480/94045/12482/15978/11931/110891/17364/12290/76376/27222/277468/105243/12790/11932/16515/20927/98660/110893/16514/12292/75607",0.407017918923954
"GO:0009205","purine ribonucleoside triphosphate metabolic process",256,-0.545277668664575,-1.50850882996545,0.000761594974144065,0.0342025379297426,0.0342025379297426,1984,"tags=10%, list=10%, signal=9%","79459/17885/100039229/16000/19017/20533/16333/15978/17888/11931/13808/58805/52815/18642/17883/50873/14080/19013/98660/108079/433766/56012/14555/241113/11474/140781",0.477270815362862
"GO:0048630","skeletal muscle tissue growth",13,-0.780564711056282,-1.50848092266401,0.0342652418711274,0.402783810968457,0.402783810968457,340,"tags=31%, list=2%, signal=30%","12922/16002/17700/11474",0.321775918075361
"GO:0035313","wound healing, spreading of epidermal cells",24,0.616739603608534,1.50726897805089,0.0341261102848204,0.402783810968457,0.402783810968457,839,"tags=8%, list=4%, signal=8%","20277/20278",0.321775918075361
"GO:0001756","somitogenesis",62,-0.617511035452677,-1.5067794609811,0.0123707406041697,0.208516787821465,0.208516787821465,1394,"tags=15%, list=7%, signal=14%","18530/17877/226049/12808/20319/20377/22138/17878/21393",0.380730400722792
"GO:0008631","intrinsic apoptotic signaling pathway in response to oxidative stress",65,-0.612546087131105,-1.50542690768414,0.0130740448920002,0.215285939221603,0.215285939221603,1001,"tags=9%, list=5%, signal=9%","50873/13078/12350/22408/17762/14463",0.380730400722792
"GO:0007351","tripartite regional subdivision",17,0.655624966733939,1.50520092461073,0.0388521450201048,0.437734167226514,0.437734167226514,1126,"tags=24%, list=6%, signal=22%","214575/21667/83561/194908",0.321775918075361
"GO:0008595","anterior/posterior axis specification, embryo",17,0.655624966733939,1.50520092461073,0.0388521450201048,0.437734167226514,0.437734167226514,1126,"tags=24%, list=6%, signal=22%","214575/21667/83561/194908",0.321775918075361
"GO:0001778","plasma membrane repair",34,-0.673491558395492,-1.50517297426511,0.0244013330894989,0.320460861146752,0.320460861146752,215,"tags=9%, list=1%, signal=9%","434246/12391/233246",0.352487857583619
"GO:0043467","regulation of generation of precursor metabolites and energy",146,-0.567165658022212,-1.5046274596706,0.00361458109304394,0.0971248526340092,0.0971248526340092,2859,"tags=19%, list=14%, signal=17%","12398/18639/21926/207728/66972/23960/227659/319801/242700/23961/16000/19017/20533/231699/12491/16333/15978/58805/18679/53412/19013/16002/108079/433766/14555/140491/241113/11474",0.431707695803346
"GO:0086004","regulation of cardiac muscle cell contraction",40,-0.662285675553968,-1.50404341248692,0.0206850644894102,0.286910332939508,0.286910332939508,1085,"tags=20%, list=5%, signal=19%","668940/56188/20191/98660/216033/12391/14463/11937",0.352487857583619
"GO:0015701","bicarbonate transport",27,-0.701874585019166,-1.50332830987526,0.0453879941434846,0.476158946106958,0.476158946106958,2056,"tags=37%, list=10%, signal=33%","19218/24115/20533/231583/13487/240215/208890/277468/232156/94229",0.257206466468838
"GO:0042269","regulation of natural killer cell mediated cytotoxicity",63,-0.618081668476791,-1.50312304725654,0.0100488067890424,0.185975323340721,0.185975323340721,4866,"tags=59%, list=24%, signal=45%","20851/14991/16859/20706/16174/104709/21355/93694/71183/26904/16846/100043314/71740/30925/21354/83408/16643/20723/243655/19419/232408/16768/17057/17059/225825/27007/320407/20400/16160/16641/80782/16159/54698/54215/100043861/16002/60505",0.380730400722792
"GO:0072497","mesenchymal stem cell differentiation",13,-0.776865341440714,-1.50133170311575,0.0353114887785852,0.410815907492888,0.410815907492888,71,"tags=8%, list=0%, signal=8%","20679",0.321775918075361
"GO:0030837","negative regulation of actin filament polymerization",61,-0.618881900282771,-1.50106843391941,0.0141703014443032,0.226188308199484,0.226188308199484,2895,"tags=16%, list=14%, signal=14%","50876/20739/20743/22003/93689/20741/21916/93677/50874/320502",0.380730400722792
"GO:0150172","regulation of phosphatidylcholine metabolic process",10,-0.835005250408806,-1.50081425215182,0.0214107176220753,0.292478754507289,0.292478754507289,53,"tags=10%, list=0%, signal=10%","14077",0.352487857583619
"GO:0051899","membrane depolarization",102,-0.579053279717916,-1.5004954826737,0.00865554326375352,0.163487937764191,0.163487937764192,2057,"tags=17%, list=10%, signal=15%","209488/20266/12578/24046/14199/22066/11438/110902/14371/12790/504186/98660/11448/12391/110880/399548/17926",0.380730400722792
"GO:0099515","actin filament-based transport",10,0.753718047568455,1.50042446937855,0.0478118633927791,0.48506759353622,0.48506759353622,1334,"tags=20%, list=7%, signal=19%","245049/208943",0.321775918075361
"GO:2000047","regulation of cell-cell adhesion mediated by cadherin",17,0.653396892917869,1.50008565454291,0.0401842043058356,0.447553433628085,0.447553433628085,2443,"tags=29%, list=12%, signal=26%","17075/12161/18132/17131/22339",0.321775918075361
"GO:0048799","animal organ maturation",35,-0.671797084963459,-1.49946250734954,0.0104494738125669,0.191732916640871,0.191732916640871,3073,"tags=29%, list=15%, signal=24%","20354/19378/14184/237928/233332/16000/207209/235320/20190/11474",0.380730400722792
"GO:0006195","purine nucleotide catabolic process",161,-0.555985605046617,-1.49814232089497,0.00359390271150479,0.0971248526340092,0.0971248526340092,2859,"tags=19%, list=14%, signal=17%","12398/18639/56045/207728/547253/227659/319801/237868/18585/79459/100039229/16000/19017/20533/16333/15978/11871/13808/58805/11872/18642/110385/14080/19013/108079/433766/230718/56012/14555/241113/11474",0.431707695803346
"GO:0070593","dendrite self-avoidance",12,-0.804552557783259,-1.49774863879624,0.0417362270450751,0.458171025783714,0.458171025783714,60,"tags=17%, list=0%, signal=17%","68802/58916",0.287857117255149
"GO:0043931","ossification involved in bone maturation",30,-0.686569186234694,-1.49760455397045,0.0402219140083218,0.447553433628085,0.447553433628085,2363,"tags=23%, list=12%, signal=21%","237928/233332/16000/207209/235320/20190/11474",0.266350657088526
"GO:1903288","positive regulation of potassium ion import across plasma membrane",10,-0.832281294811138,-1.4959182932567,0.023047184249476,0.306436888716635,0.306436888716635,1259,"tags=30%, list=6%, signal=28%","11931/11932/75607",0.352487857583619
"GO:0045682","regulation of epidermis development",58,0.519450803670329,1.49487556481283,0.0111267347537124,0.19849810662038,0.19849810662038,3655,"tags=29%, list=18%, signal=24%","207920/69073/74591/16673/381867/195733/17133/18103/13388/74155/18109/15404/235505/93691/54200/13115/19207",0.380730400722792
"GO:0070977","bone maturation",32,-0.674460308130337,-1.49483354433468,0.0364656381486676,0.421191237753135,0.421191237753135,3073,"tags=28%, list=15%, signal=24%","20354/14184/237928/233332/16000/207209/235320/20190/11474",0.282013350011725
"GO:0051560","mitochondrial calcium ion homeostasis",26,-0.689890268328932,-1.4946060833509,0.0436046511627907,0.465003620395674,0.465003620395674,179,"tags=8%, list=1%, signal=8%","110893/11937",0.261663521711573
"GO:0048070","regulation of developmental pigmentation",13,-0.773347171719101,-1.49453266155958,0.0394321766561514,0.441943173622695,0.441943173622695,1400,"tags=23%, list=7%, signal=21%","13616/223838/16147",0.287857117255149
"GO:0043588","skin development",293,0.423955127693564,1.49432674816617,4.02867038054244e-05,0.00359335016442272,0.00359335016442272,2488,"tags=19%, list=12%, signal=17%","12740/110308/16664/69073/72388/214531/16667/100034684/21419/76770/74591/109620/15422/16673/408196/13608/20761/381867/406220/93746/16870/20863/64929/67859/20758/195733/66195/252973/21818/14183/17123/332131/14178/110310/66042/545975/433016/20759/386463/75409/243538/12575/67855/73712/16600/20753/19225/14977/80859/21816/13393/18103/23801/16776/13388",0.557332238758646
"GO:0033233","regulation of protein sumoylation",23,-0.710956896764241,-1.49326825476765,0.0380673499267936,0.433454824875653,0.433454824875653,1940,"tags=13%, list=10%, signal=12%","12578/75141/12335",0.282013350011725
"GO:0001833","inner cell mass cell proliferation",18,0.650098268474912,1.49159966843904,0.0279706609676673,0.355212444377011,0.355212444377011,19,"tags=6%, list=0%, signal=6%","12945",0.352487857583619
"GO:0032881","regulation of polysaccharide metabolic process",50,-0.627866080046958,-1.49057746120843,0.0162360310699568,0.244282713775622,0.244282713775622,1874,"tags=18%, list=9%, signal=16%","16000/12491/16333/18679/13645/53412/16002/140491/241113",0.352487857583619
"GO:0002507","tolerance induction",33,-0.667370148057574,-1.49011929401587,0.0494011976047904,0.490912287586029,0.490912287586029,3354,"tags=33%, list=17%, signal=28%","12501/16184/18566/230979/12775/15930/16365/15223/12773/11634/19885",0.248911114434702
"GO:0032259","methylation",207,-0.544391728287234,-1.48915015121138,0.00238527318198654,0.074360312498629,0.074360312498629,1371,"tags=4%, list=7%, signal=4%","383491/791260/21743/18948/225518/403183/12180/433294/240879",0.431707695803346
"GO:0005977","glycogen metabolic process",89,-0.589201903274117,-1.48897676969759,0.00851702472638715,0.162308819067656,0.162308819067656,1874,"tags=13%, list=9%, signal=12%","16000/12491/16333/18642/58200/18679/53412/16002/18682/140491/19309/241113",0.380730400722792
"GO:0061743","motor learning",9,-0.825446539411296,-1.48846030140818,0.0269314541646292,0.346917020180847,0.346917020180847,1701,"tags=44%, list=8%, signal=41%","232370/210933/13798/64378",0.352487857583619
"GO:1900181","negative regulation of protein localization to nucleus",55,-0.618801392700493,-1.48726459642643,0.0211512320884347,0.289623054311147,0.289623054311147,2352,"tags=18%, list=12%, signal=16%","11815/29867/15944/54396/12578/16145/12491/17472/245038/18767",0.352487857583619
"GO:0007266","Rho protein signal transduction",143,-0.556626673431055,-1.48707424896536,0.0075628712916959,0.155095109783435,0.155095109783435,296,"tags=3%, list=1%, signal=3%","194231/68760/244867/223513/17926",0.407017918923954
"GO:0031670","cellular response to nutrient",55,-0.618315786167555,-1.48609746039094,0.0211512320884347,0.289623054311147,0.289623054311147,1187,"tags=13%, list=6%, signal=12%","58805/18604/14275/13081/20377/14545/12374",0.352487857583619
"GO:0021527","spinal cord association neuron differentiation",7,-0.878493692153206,-1.4857372868558,0.0149863187888325,0.23416578895835,0.23416578895835,440,"tags=29%, list=2%, signal=28%","18509/22408",0.380730400722792
"GO:1902455","negative regulation of stem cell population maintenance",21,0.617320501858847,1.48564757122962,0.0425361794485649,0.46143132503156,0.46143132503156,2715,"tags=19%, list=14%, signal=16%","12162/107392/60406/52463",0.321775918075361
"GO:0019227","neuronal action potential propagation",12,-0.798005612835178,-1.48556089818265,0.0467445742904841,0.47994320198793,0.47994320198793,2015,"tags=42%, list=10%, signal=37%","20266/12298/242653/12723/98660",0.271288554688953
"GO:0051224","negative regulation of protein transport",131,-0.559372359466889,-1.48544836810391,0.00816881414417473,0.160552906390458,0.160552906390458,2618,"tags=20%, list=13%, signal=17%","12652/269275/11815/29867/14681/13491/75744/18133/19218/58212/16160/12491/16333/56013/17472/11450/16159/50873/17773/110385/16500/12922/18767/20927/18125/16514",0.380730400722792
"GO:0042102","positive regulation of T cell proliferation",108,-0.574190476517414,-1.48501717661034,0.0086340654889055,0.163487937764191,0.163487937764192,4597,"tags=52%, list=23%, signal=40%","105855/16189/12509/15000/78317/19260/66824/14999/12480/12524/19264/22042/16168/16846/16175/16173/320484/18950/27218/50723/12487/11629/12504/12501/16184/12772/108723/24099/21947/20737/60533/16408/16161/20739/16963/12511/22637/12775/333883/15944/13136/17221/58205/16000/16160/18761/20533/20304/209590/15978/16159/12484/170776/16008/16002/60505",0.380730400722792
"GO:0009154","purine ribonucleotide catabolic process",147,-0.554483305293453,-1.48489060254588,0.00593787584731742,0.136608888285146,0.136608888285146,2315,"tags=16%, list=12%, signal=14%","227659/319801/18585/79459/100039229/16000/19017/20533/16333/15978/13808/58805/18642/110385/14080/19013/108079/433766/230718/56012/14555/241113/11474",0.407017918923954
"GO:0071731","response to nitric oxide",23,-0.706391879787436,-1.48368005755771,0.0424597364568082,0.461381434053506,0.461381434053506,2332,"tags=22%, list=12%, signal=19%","12775/54195/24046/13479/17189",0.266350657088526
"GO:0032272","negative regulation of protein polymerization",77,-0.595606541174059,-1.48359865432491,0.0145337875163155,0.229326740613706,0.229326740613706,2895,"tags=17%, list=14%, signal=14%","50876/20739/20743/170835/22003/93689/20617/22153/20741/21916/93677/50874/320502",0.380730400722792
"GO:0002855","regulation of natural killer cell mediated immune response to tumor cell",12,-0.796909980494641,-1.48352127773674,0.0467445742904841,0.47994320198793,0.47994320198793,2639,"tags=58%, list=13%, signal=51%","243655/225825/27007/16160/16159/54698/54215",0.271288554688953
"GO:0070942","neutrophil mediated cytotoxicity",17,0.645724838831779,1.48247195236563,0.0459435130537028,0.477425956037021,0.477425956037021,2301,"tags=47%, list=11%, signal=42%","20277/13142/20311/18976/14825/58217/58218/11846",0.321775918075361
"GO:0042795","snRNA transcription by RNA polymerase II",15,-0.765861705904209,-1.4822887223897,0.0435483870967742,0.465003620395674,0.465003620395674,774,"tags=13%, list=4%, signal=13%","269344/17927",0.276500599254472
"GO:0098739","import across plasma membrane",271,-0.534299498557875,-1.48214974364445,0.00188391961778294,0.0636764830810633,0.0636764830810633,2385,"tags=20%, list=12%, signal=17%","22599/12287/11555/216227/193034/16517/14734/214922/237858/72401/211480/14170/14580/16000/94045/246049/12482/16429/12491/16333/15978/11931/11450/20167/11606/110891/76257/66277/17364/20661/12290/76376/13869/27222/74338/277468/20512/105243/100705/12790/57394/11932/16515/20927/98660/110893/20528/16514/67473/239790/12292/68460/75607",0.45505986738723
"GO:0070873","regulation of glycogen metabolic process",41,-0.646546476103713,-1.48170670378376,0.0482093663911846,0.486011139962598,0.486011139962598,1874,"tags=20%, list=9%, signal=18%","16000/12491/16333/18679/53412/16002/140491/241113",0.241339976815091
"GO:0042308","negative regulation of protein import into nucleus",21,-0.70822513905907,-1.48132944904771,0.0453125,0.476158946106958,0.476158946106958,2352,"tags=24%, list=12%, signal=21%","11815/29867/12491/17472/18767",0.266350657088526
"GO:0097401","synaptic vesicle lumen acidification",20,0.631825892219655,1.4804620475987,0.0303584325083471,0.377264770596144,0.377264770596144,18,"tags=5%, list=0%, signal=5%","110935",0.352487857583619
"GO:1904950","negative regulation of establishment of protein localization",139,-0.559348432247038,-1.47880633649852,0.00680912506817403,0.14715786266101,0.14715786266101,2618,"tags=19%, list=13%, signal=17%","12652/269275/11815/29867/14681/13491/75744/18133/19218/58212/16160/12491/16333/56013/17472/11450/16159/50873/17773/110385/16500/625530/12922/18767/20927/18125/16514",0.407017918923954
"GO:0046320","regulation of fatty acid oxidation",41,-0.645280506204246,-1.47880544895343,0.0482093663911846,0.486011139962598,0.486011139962598,624,"tags=17%, list=3%, signal=17%","27273/226564/14080/100705/19013/66968/14077",0.241339976815091
"GO:0043508","negative regulation of JUN kinase activity",10,-0.822284492638281,-1.47795033057668,0.0276838462927864,0.354024401546994,0.354024401546994,1180,"tags=30%, list=6%, signal=28%","54612/20319/20377",0.352487857583619
"GO:0140115","export across plasma membrane",72,-0.591843486519341,-1.47783010836801,0.0251071300881399,0.327719490703322,0.327719490703322,1766,"tags=21%, list=9%, signal=19%","16490/246049/18400/11438/11931/320707/110891/27222/16500/56188/230810/11932/98660/110893/67473",0.352487857583619
"GO:0005978","glycogen biosynthetic process",48,-0.629007186236277,-1.47684307463547,0.0191589828051179,0.271010985846844,0.271010985846844,2213,"tags=17%, list=11%, signal=15%","232493/16000/12491/16333/53412/16002/140491/241113",0.352487857583619
"GO:0009250","glucan biosynthetic process",48,-0.629007186236277,-1.47684307463547,0.0191589828051179,0.271010985846844,0.271010985846844,2213,"tags=17%, list=11%, signal=15%","232493/16000/12491/16333/53412/16002/140491/241113",0.352487857583619
"GO:1901879","regulation of protein depolymerization",100,-0.573989485515432,-1.47681484229465,0.0132532978099344,0.217124179937242,0.217124179937242,2621,"tags=13%, list=13%, signal=11%","20739/20743/22003/208158/93689/69697/20741/21916/93677/11472/50874/58522/320502",0.380730400722792
"GO:0009144","purine nucleoside triphosphate metabolic process",264,-0.538519131673944,-1.47521747272335,0.00101345647046821,0.0419897900215927,0.0419897900215927,1984,"tags=10%, list=10%, signal=9%","79459/17885/100039229/16000/19017/20533/16333/15978/17888/11931/13808/58805/52815/18642/17883/50873/14080/19013/98660/108079/433766/56012/14555/241113/11474/140781",0.45505986738723
"GO:0045719","negative regulation of glycogen biosynthetic process",8,-0.861190371757434,-1.47496699392434,0.0247807760938026,0.324118419703462,0.324118419703462,36,"tags=12%, list=0%, signal=12%","241113",0.352487857583619
"GO:0048227","plasma membrane to endosome transport",10,-0.820477842460519,-1.47470310987464,0.028758913975794,0.363562491245175,0.363562491245175,902,"tags=20%, list=5%, signal=19%","20661/14811",0.352487857583619
"GO:0061436","establishment of skin barrier",35,0.56908144232311,1.47467634245238,0.0120011923046013,0.204977811117419,0.204977811117419,2611,"tags=31%, list=13%, signal=27%","12740/69073/214531/74591/67859/195733/73712/16600/80859/23801/12550",0.380730400722792
"GO:0001937","negative regulation of endothelial cell proliferation",43,-0.634818123417429,-1.47355102240938,0.0122539018708029,0.207637355710544,0.207637355710544,2976,"tags=19%, list=15%, signal=16%","18053/21926/17260/20846/16160/16159/71093/64103",0.380730400722792
"GO:0046676","negative regulation of insulin secretion",51,-0.627498861794515,-1.47259995742884,0.0222664438840435,0.301042321312268,0.301042321312268,2618,"tags=27%, list=13%, signal=24%","12652/269275/14681/18133/19218/58212/50873/17773/110385/16500/12922/20927/18125/16514",0.352487857583619
"GO:0002093","auditory receptor cell morphogenesis",26,-0.678880552865957,-1.47075419202508,0.0450581395348837,0.474366183759054,0.474366183759055,3030,"tags=27%, list=15%, signal=23%","193385/11941/229320/328789/224796/140476/72088",0.257206466468838
"GO:2000739","regulation of mesenchymal stem cell differentiation",10,-0.817863462430906,-1.47000409893182,0.0303715176577712,0.377264770596144,0.377264770596144,71,"tags=10%, list=0%, signal=10%","20679",0.352487857583619
"GO:0005980","glycogen catabolic process",35,-0.65833298694516,-1.4694104118201,0.0433566433566434,0.464835331613295,0.464835331613295,1398,"tags=17%, list=7%, signal=16%","16333/18642/18679/53412/18682/19309",0.257206466468838
"GO:0034446","substrate adhesion-dependent cell spreading",105,-0.56624393211346,-1.4657087765031,0.0143585094161021,0.227753862651429,0.227753862651429,533,"tags=3%, list=3%, signal=3%","23828/20377/17926",0.380730400722792
"GO:0019835","cytolysis",11,-0.7963970912196,-1.46540451598776,0.0411184210526316,0.452937392795883,0.452937392795883,2084,"tags=55%, list=10%, signal=49%","229900/55932/229898/16145/14469/14468",0.287857117255149
"GO:0090278","negative regulation of peptide hormone secretion",61,-0.604029805600647,-1.46504538898187,0.0391644908616188,0.44048049091649,0.44048049091649,2618,"tags=25%, list=13%, signal=21%","12652/269275/14681/18133/19218/58212/107221/50873/17773/110385/16500/12922/20927/18125/16514",0.261663521711573
"GO:0051260","protein homooligomerization",198,-0.53679962390162,-1.46448822589093,0.00372662955667813,0.0993046266099045,0.0993046266099045,2383,"tags=14%, list=12%, signal=12%","16493/103149/193034/53623/226025/229898/546729/16490/225030/20517/16485/12845/20192/16504/16500/100705/16515/16538/279499/434246/11829/17762/99738/20190/16495/16502/66733",0.431707695803346
"GO:0050848","regulation of calcium-mediated signaling",100,-0.569113170461535,-1.46426859427264,0.0157189821214986,0.239779817539819,0.239779817539819,3513,"tags=31%, list=18%, signal=26%","15874/12504/11542/12501/211482/77647/70261/16408/67888/21926/20302/19733/12182/30937/22637/20495/56644/13491/108995/12525/16000/668940/110891/18604/59006/26557/17762/100504518/76469/59011/11474",0.352487857583619
"GO:0043244","regulation of protein-containing complex disassembly",138,-0.547573512092064,-1.46373311689436,0.00830015025251202,0.160552906390458,0.160552906390458,2895,"tags=14%, list=14%, signal=12%","50876/21926/20739/20743/22003/11555/208158/93689/69697/15944/54396/16145/20741/21916/93677/11472/50874/58522/320502",0.380730400722792
"GO:0141085","regulation of inflammasome-mediated signaling pathway",56,-0.602022026485864,-1.46345572433469,0.0401034928848642,0.447553433628085,0.447553433628085,4765,"tags=38%, list=24%, signal=29%","64296/17874/21899/234779/12229/18439/19260/19106/12363/20128/52150/75083/81897/226691/15944/54396/229898/16145/14469/12491/12374",0.257206466468838
"GO:0007254","JNK cascade",187,-0.539460742344589,-1.46218906917841,0.00455925410727256,0.114373163581658,0.114373163581658,1945,"tags=9%, list=10%, signal=8%","14170/18816/381812/21940/93735/54612/29820/14869/50873/26414/81877/20319/20377/12374/269016/244923/17926",0.407017918923954
"GO:0042693","muscle cell fate commitment",11,-0.794243686334544,-1.46144215942205,0.0444078947368421,0.470947980940102,0.470947980940102,3173,"tags=55%, list=16%, signal=46%","14165/17260/21385/244810/18091/17906",0.276500599254472
"GO:0042551","neuron maturation",62,-0.598392912326689,-1.46012961408787,0.0384105960264901,0.43581775208855,0.43581775208855,2782,"tags=21%, list=14%, signal=18%","12266/21367/51938/235379/71751/387150/243547/12577/210933/269116/16500/66797/17926",0.266350657088526
"GO:0009261","ribonucleotide catabolic process",154,-0.54547945086201,-1.46005897241549,0.00766922020556829,0.155095109783435,0.155095109783435,2315,"tags=15%, list=12%, signal=13%","227659/319801/18585/79459/100039229/16000/19017/20533/16333/15978/13808/58805/18642/110385/14080/19013/108079/433766/230718/56012/14555/241113/11474",0.407017918923954
"GO:0046328","regulation of JNK cascade",159,-0.54136635511948,-1.45783820895083,0.0109215276667454,0.19743065672131,0.19743065672131,1945,"tags=9%, list=10%, signal=9%","14170/18816/381812/21940/93735/54612/29820/14869/50873/81877/20319/20377/269016/244923/17926",0.380730400722792
"GO:0043267","negative regulation of potassium ion transport",34,-0.652135057036582,-1.45744375142694,0.05,0.490978593272171,0.490978593272171,231,"tags=9%, list=1%, signal=9%","11472/12391/18125",0.241339976815091
"GO:0009259","ribonucleotide metabolic process",364,-0.516490103462113,-1.45637800328745,0.000659157628297275,0.0310687895130639,0.0310687895130639,2134,"tags=11%, list=11%, signal=10%","18585/60596/224129/19883/54195/19218/18159/79459/17885/100039229/16000/12298/73707/19017/20533/16333/14919/15978/17888/11931/13808/58805/52815/18642/17883/50873/110385/210044/14080/19013/98660/108079/433766/230718/56012/14555/239790/241113/11474/229665/140781",0.477270815362862
"GO:0032956","regulation of actin cytoskeleton organization",347,-0.52060126178504,-1.45569439631621,0.000384541788224778,0.0202565099749713,0.0202565099749713,1248,"tags=7%, list=6%, signal=7%","385354/213435/77569/22417/50873/20741/207495/99889/102635744/245880/217371/21333/118449/21916/93677/68760/11472/78321/12391/241431/50874/17996/320502/17926",0.49849310876659
"GO:0060920","cardiac pacemaker cell differentiation",10,-0.809668033392028,-1.45527387214818,0.0357468777454885,0.413633241227976,0.413633241227976,928,"tags=30%, list=5%, signal=29%","18091/23828/64082",0.321775918075361
"GO:0009913","epidermal cell differentiation",210,0.425373376497699,1.45524455783696,0.00036260899067765,0.0202493472881032,0.0202493472881032,2489,"tags=22%, list=12%, signal=19%","110308/207920/16664/69073/16667/100034684/70129/76770/74591/209195/109620/13409/16673/408196/20761/381867/406220/93746/20863/64929/20758/195733/66195/252973/21818/14401/17123/332131/110310/545975/433016/20759/386463/16535/12575/16600/20753/239250/17133/19225/80859/21816/13393/18103/13388/14581",0.49849310876659
"GO:0055117","regulation of cardiac muscle contraction",74,-0.579813934678871,-1.45488108250043,0.0224895436287261,0.30278375090918,0.30278375090918,2874,"tags=26%, list=14%, signal=22%","13405/21954/20271/12652/11554/11555/68312/11931/668940/18091/56188/74166/20191/22226/98660/216033/12391/14463/11937",0.352487857583619
"GO:0090504","epiboly",41,0.532579625090693,1.45361400614594,0.0143631757044268,0.227753862651429,0.227753862651429,5243,"tags=41%, list=26%, signal=31%","20277/20278/192176/16475/76509/218952/269878/12305/11853/12476/208177/26365/16402/14726/15200/17702/56717",0.380730400722792
"GO:0050688","regulation of defense response to virus",70,-0.588227705989479,-1.4523766866814,0.0323196058368045,0.388682600531758,0.388682600531758,4877,"tags=44%, list=24%, signal=34%","246779/72512/16189/18854/94088/19260/27027/214763/66824/80285/209200/16168/383619/20737/16161/20846/224840/668155/242700/15944/14190/54396/80287/16160/16145/20304/209590/15978/17472/214158/625530",0.321775918075361
"GO:0071073","positive regulation of phospholipid biosynthetic process",10,-0.807866467410325,-1.45203578963289,0.0373594891161522,0.427669588420552,0.427669588420552,813,"tags=20%, list=4%, signal=19%","13869/14077",0.321775918075361
"GO:0071312","cellular response to alkaloid",39,-0.62547322331334,-1.45189146899495,0.0479548660084626,0.485751024457961,0.485751024457961,2299,"tags=23%, list=11%, signal=20%","193034/19049/68312/20192/20512/74166/20191/20190/12292",0.245041785430996
"GO:0090279","regulation of calcium ion import",48,-0.617961787462048,-1.45090963374124,0.033288948069241,0.396626390539269,0.396626390539269,2487,"tags=23%, list=12%, signal=20%","11554/11555/94045/12482/666279/13645/22226/381925/12922/12391/12374",0.287857117255149
"GO:0070588","calcium ion transmembrane transport",322,-0.519602626867471,-1.45076757757432,0.000382725746095858,0.0202565099749713,0.0202565099749713,3427,"tags=26%, list=17%, signal=22%","22228/12504/76645/54652/81897/14723/80982/28240/20866/14456/83408/171382/20312/69810/13405/20302/71345/66972/231602/269615/16963/11554/11941/23796/234267/12287/11555/29867/12775/193034/78688/74055/226025/20617/15465/19218/23832/546729/24046/12298/94045/12310/12482/68312/22065/22066/12295/11438/319239/26946/72699/11931/17329/15945/320707/110891/233081/20192/17364/12290/76376/18766/319734/14811/74166/20191/12790/504186/98660/14652/12335/110893/12299/69563/20190/71912/15464/12292/68460/433294/76757/12372/11937/54378",0.49849310876659
"GO:0090324","negative regulation of oxidative phosphorylation",9,-0.803821376845635,-1.44946541263751,0.0467128027681661,0.47994320198793,0.47994320198793,2811,"tags=44%, list=14%, signal=38%","21926/207728/58805/11474",0.276500599254472
"GO:0009141","nucleoside triphosphate metabolic process",280,-0.522969213123468,-1.44900036635481,0.00146475289067958,0.0540611670341624,0.0540611670341624,1984,"tags=9%, list=10%, signal=8%","79459/17885/100039229/16000/19017/20533/16333/15978/17888/11931/13808/58805/52815/18642/17883/50873/14080/19013/98660/108079/433766/56012/14555/241113/11474/140781",0.45505986738723
"GO:0032229","negative regulation of synaptic transmission, GABAergic",9,-0.803112572660278,-1.4481872839629,0.0467128027681661,0.47994320198793,0.47994320198793,2275,"tags=44%, list=11%, signal=39%","13491/18168/14402/66797",0.276500599254472
"GO:0006109","regulation of carbohydrate metabolic process",191,-0.534219127404752,-1.44794530577365,0.00595616454684536,0.136608888285146,0.136608888285146,2859,"tags=18%, list=14%, signal=15%","12398/18639/19733/18441/19228/227659/319801/20617/81799/19883/16000/19017/20533/12491/16333/15978/11450/58805/17171/18679/18604/13645/53412/27273/100705/19013/16002/19885/108079/433766/14555/140491/241113/11474",0.407017918923954
"GO:0014743","regulation of muscle hypertrophy",86,-0.574278497865487,-1.44794328407231,0.0313676286072773,0.382244612743709,0.382244612743709,2529,"tags=17%, list=13%, signal=15%","30937/11554/17260/18124/18585/16000/22065/11606/100705/19013/66139/69642/433766/17700/12391",0.287857117255149
"GO:0072523","purine-containing compound catabolic process",180,-0.529687068968356,-1.44784925002282,0.0101617890835394,0.187525889351983,0.187525889351983,2859,"tags=18%, list=14%, signal=15%","12398/18639/56045/207728/224794/547253/227659/319801/237868/18585/79459/100039229/16000/19017/20533/16333/15978/11871/13808/58805/11872/18642/110385/14080/19013/108079/433766/230718/56012/14555/241113/11474",0.380730400722792
"GO:0086003","cardiac muscle cell contraction",70,-0.585818820316966,-1.4464289739912,0.0345485099745566,0.404135757844449,0.404135757844449,2705,"tags=23%, list=14%, signal=20%","20271/20648/11554/16493/11555/140492/20266/668940/56188/20191/98660/216033/12391/14463/11937/399548",0.321775918075361
"GO:0051017","actin filament bundle assembly",181,-0.534447910499184,-1.44553626171545,0.0049255177469607,0.118772335283467,0.118772335283467,1869,"tags=8%, list=9%, signal=7%","18816/18761/268709/385354/77569/22417/50873/207495/217371/21333/118449/72088/68760/17926",0.407017918923954
"GO:0048483","autonomic nervous system development",45,0.515773685919998,1.44521157035641,0.024595233890613,0.322348147031667,0.322348147031667,3650,"tags=44%, list=18%, signal=36%","15207/21419/20665/14587/11859/15407/20350/13618/14472/15567/103889/668303/14573/20677/12778/243743/14268/21380/15284/12387",0.352487857583619
"GO:0002011","morphogenesis of an epithelial sheet",67,0.486069874926019,1.44468006990026,0.0158155561325865,0.240681283136186,0.240681283136186,5266,"tags=37%, list=26%, signal=28%","20277/12162/20278/54485/103889/192176/16475/76509/218952/269878/13542/13543/12305/11853/71436/12476/208177/26365/16402/14726/15200/17702/56717/56217/100169",0.352487857583619
"GO:0050709","negative regulation of protein secretion",81,-0.567241758368669,-1.44271627507289,0.0290526141843339,0.365835075081946,0.365835075081946,2618,"tags=23%, list=13%, signal=20%","12652/269275/14681/13491/18133/19218/58212/16160/16333/56013/16159/50873/17773/110385/16500/12922/20927/18125/16514",0.352487857583619
"GO:0098935","dendritic transport",22,0.602075108126456,1.44144014497675,0.0404580018013497,0.448741429306162,0.448741429306162,2979,"tags=18%, list=15%, signal=15%","19329/16559/16574/16560",0.321775918075361
"GO:0141005","transposable element silencing by heterochromatin formation",22,0.601914378587343,1.44105533914932,0.0409544128114094,0.451905909063353,0.451905909063353,698,"tags=18%, list=3%, signal=18%","71981/622480/214575/83561",0.321775918075361
"GO:0051646","mitochondrion localization",60,-0.590429696896422,-1.44051266997841,0.0401606425702811,0.447553433628085,0.447553433628085,1001,"tags=8%, list=5%, signal=8%","50873/232156/66968/17762/11937",0.261663521711573
"GO:0003143","embryonic heart tube morphogenesis",63,-0.591890812080441,-1.43942906977011,0.0208988702881268,0.288009753198176,0.288009753198176,2968,"tags=24%, list=15%, signal=20%","19378/57246/207607/51938/17260/23796/18119/21385/18091/16147/65256/14275/20191/14463/16814",0.352487857583619
"GO:0009166","nucleotide catabolic process",176,-0.533925734300665,-1.43931033457077,0.00650525117240778,0.141616010268484,0.141616010268484,2859,"tags=18%, list=14%, signal=15%","12398/18639/56045/207728/547253/227659/319801/237868/18585/79459/100039229/16000/19017/20533/16333/15978/11871/13808/58805/11872/18642/110385/14080/19013/108079/433766/230718/56012/14555/241113/11474",0.407017918923954
"GO:0031113","regulation of microtubule polymerization",61,-0.593325326527642,-1.43908218722933,0.0496083550913838,0.490912287586029,0.490912287586029,2702,"tags=16%, list=13%, signal=14%","83679/170835/20617/75305/69697/105439/22153/277468/12391/17762",0.231126709673834
"GO:0050885","neuromuscular process controlling balance",68,-0.576058326564321,-1.43715931632329,0.0313676286072773,0.382244612743709,0.382244612743709,2462,"tags=21%, list=12%, signal=18%","11941/268859/18124/224129/21960/237523/229320/18996/12323/224796/16531/20512/72088/64378",0.287857117255149
"GO:0061572","actin filament bundle organization",184,-0.526515681399676,-1.43641439168219,0.00772322546304869,0.155095109783435,0.155095109783435,1869,"tags=8%, list=9%, signal=7%","18816/18761/268709/385354/77569/22417/50873/207495/217371/21333/118449/72088/68760/17926",0.407017918923954
"GO:0019228","neuronal action potential",54,-0.605930432016128,-1.4355491596567,0.0429362880886427,0.464236253785631,0.464236253785631,1906,"tags=22%, list=10%, signal=20%","16528/24046/16490/16485/15978/71960/16531/64378/66797/99738/110880/399548",0.257206466468838
"GO:0000266","mitochondrial fission",50,-0.604268116124369,-1.43455501586341,0.0436619718309859,0.465003620395674,0.465003620395674,4180,"tags=30%, list=21%, signal=24%","71712/13179/14245/68943/20847/22228/70772/15944/54396/67900/16145/19017/50873/14545/17762",0.257206466468838
"GO:0030858","positive regulation of epithelial cell differentiation",52,0.502421403814464,1.43297067486351,0.0196062361846231,0.276728019291538,0.276728019291538,524,"tags=10%, list=3%, signal=9%","12945/67701/69073/22062/15377",0.352487857583619
"GO:1901856","negative regulation of cellular respiration",10,-0.796659542790317,-1.43189278791611,0.0470016207455429,0.480643962464772,0.480643962464772,2811,"tags=40%, list=14%, signal=34%","21926/207728/58805/11474",0.266350657088526
"GO:0019693","ribose phosphate metabolic process",373,-0.509035988703891,-1.43133264775741,0.00115246415526278,0.0463708604140984,0.0463708604140984,2134,"tags=11%, list=11%, signal=10%","18585/60596/224129/19883/54195/19218/18159/79459/17885/100039229/16000/12298/73707/19017/20533/16333/14919/15978/17888/11931/13808/58805/52815/18642/17883/50873/110385/210044/14080/19013/98660/108079/433766/230718/56012/14555/239790/241113/11474/229665/140781",0.45505986738723
"GO:0030518","nuclear receptor-mediated steroid hormone signaling pathway",131,-0.538876915061162,-1.43102143060728,0.0165045278106589,0.245375330578336,0.245375330578336,2156,"tags=8%, list=11%, signal=7%","22061/18119/16000/170639/110784/277744/26381/19013/20377/20183",0.352487857583619
"GO:0043401","steroid hormone receptor signaling pathway",131,-0.538876915061162,-1.43102143060728,0.0165045278106589,0.245375330578336,0.245375330578336,2156,"tags=8%, list=11%, signal=7%","22061/18119/16000/170639/110784/277744/26381/19013/20377/20183",0.352487857583619
"GO:0035050","embryonic heart tube development",87,-0.563008907311157,-1.43041034804546,0.0242137475451263,0.318648948227052,0.318648948227052,2968,"tags=20%, list=15%, signal=17%","19378/57246/207607/51938/17260/23796/18119/21385/100038489/18091/16147/65256/14275/20191/14463/18741/16814",0.352487857583619
"GO:0010907","positive regulation of glucose metabolic process",62,-0.586205699399416,-1.43039177772361,0.047682119205298,0.484516723950038,0.484516723950038,1874,"tags=15%, list=9%, signal=13%","16000/19017/12491/16333/18679/19013/16002/241113/11474",0.237793834423688
"GO:0140448","signaling receptor ligand precursor processing",37,0.542985424554924,1.4302177703208,0.0289024829606766,0.364659618022524,0.364659618022524,1143,"tags=19%, list=6%, signal=18%","68947/12873/17228/53419/17287/239436/107522",0.352487857583619
"GO:0045922","negative regulation of fatty acid metabolic process",37,-0.637704764257531,-1.42936890752013,0.0464135021097046,0.47994320198793,0.47994320198793,2465,"tags=22%, list=12%, signal=19%","14261/55990/16333/26367/102570/226564/100705/66968",0.248911114434702
"GO:0044319","wound healing, spreading of cells",40,0.527467101415394,1.42846919833734,0.0204384841799762,0.284103777930319,0.284103777930319,5243,"tags=40%, list=26%, signal=30%","20277/20278/192176/16475/76509/218952/12305/11853/12476/208177/26365/16402/14726/15200/17702/56717",0.352487857583619
"GO:0090505","epiboly involved in wound healing",40,0.527467101415394,1.42846919833734,0.0204384841799762,0.284103777930319,0.284103777930319,5243,"tags=40%, list=26%, signal=30%","20277/20278/192176/16475/76509/218952/12305/11853/12476/208177/26365/16402/14726/15200/17702/56717",0.352487857583619
"GO:0009060","aerobic respiration",282,-0.510375009520519,-1.42587383853464,0.00251462542208623,0.0768996402887512,0.0768996402887512,2315,"tags=10%, list=12%, signal=9%","227659/319801/20617/79459/100039229/16000/19017/20533/16333/15978/13808/58805/18642/76668/18604/27273/12865/14080/22226/19013/108079/12862/433766/56012/14555/12869/241113/11474",0.431707695803346
"GO:0097009","energy homeostasis",107,-0.550594764277839,-1.42537681480527,0.0232208505512328,0.307472788123746,0.307472788123746,3071,"tags=27%, list=15%, signal=23%","170826/20660/69638/21367/269275/11554/14261/11555/193034/18124/55990/723941/116939/19017/14079/12491/319229/26367/58805/224796/78245/226564/14080/22227/100705/108079/67445/66797/207911",0.352487857583619
"GO:0009185","ribonucleoside diphosphate metabolic process",139,-0.538841047788936,-1.42458887858982,0.0163583577420874,0.245079699608306,0.245079699608306,2315,"tags=14%, list=12%, signal=13%","227659/319801/79459/100039229/16000/19017/20533/16333/15978/13808/58805/18642/14080/19013/108079/433766/56012/14555/241113/11474",0.352487857583619
"GO:0042773","ATP synthesis coupled electron transport",63,-0.585663897320793,-1.42428573262569,0.0269560250810094,0.346917020180847,0.346917020180847,609,"tags=5%, list=3%, signal=5%","12865/12862/12869",0.352487857583619
"GO:0042775","mitochondrial ATP synthesis coupled electron transport",63,-0.585663897320793,-1.42428573262569,0.0269560250810094,0.346917020180847,0.346917020180847,609,"tags=5%, list=3%, signal=5%","12865/12862/12869",0.352487857583619
"GO:0009132","nucleoside diphosphate metabolic process",143,-0.532864162702776,-1.42359073392472,0.016059233486232,0.242664464584899,0.242664464584899,2315,"tags=14%, list=12%, signal=12%","227659/319801/79459/100039229/16000/19017/20533/16333/15978/13808/58805/18642/14080/19013/108079/433766/56012/14555/241113/11474",0.352487857583619
"GO:0098926","postsynaptic signal transduction",62,-0.583160247264492,-1.42296061542391,0.047682119205298,0.484516723950038,0.484516723950038,3182,"tags=35%, list=16%, signal=30%","17069/20866/234214/12326/12672/17067/29867/70274/67792/110454/100041546/23936/11438/57248/67038/110902/72585/225192/14402/11423/504186/11448",0.237793834423688
"GO:1904063","negative regulation of cation transmembrane transport",79,-0.560616440678465,-1.42233021366253,0.0419235511713933,0.458745067309711,0.458745067309711,253,"tags=6%, list=1%, signal=6%","98660/12391/69563/18125/76757",0.245041785430996
"GO:0007009","plasma membrane organization",162,-0.526231453421901,-1.42177926509302,0.0116357949625496,0.202203138590289,0.202203138590289,3044,"tags=14%, list=15%, signal=12%","20979/20404/12362/26874/71345/12759/20739/64931/23969/14940/13009/14939/20533/404545/83762/20741/207495/66139/434246/12391/233246/17306",0.380730400722792
"GO:0006112","energy reserve metabolic process",99,-0.554578116427981,-1.42066550090096,0.0313630880579011,0.382244612743709,0.382244612743709,1518,"tags=12%, list=8%, signal=11%","12491/16333/18642/58200/18679/53412/16591/16002/18682/140491/19309/241113",0.282013350011725
"GO:0060420","regulation of heart growth",84,-0.556086665870929,-1.42048888146803,0.03875,0.437734167226514,0.437734167226514,2487,"tags=17%, list=12%, signal=15%","11554/17260/15214/21385/16000/17888/18091/13869/22413/100705/18121/19013/12391/14463",0.257206466468838
"GO:0051480","regulation of cytosolic calcium ion concentration",73,-0.568563840426085,-1.41986961803189,0.0368956743002544,0.423871234984319,0.423871234984319,2643,"tags=29%, list=13%, signal=25%","231602/12652/18441/11941/12287/12298/12310/22065/22066/26946/320707/668940/110891/12290/56188/14371/20191/110893/12391/20190/15464",0.266350657088526
"GO:0090317","negative regulation of intracellular protein transport",40,-0.623774565463383,-1.41658510925417,0.0458333333333333,0.477052944354403,0.477052944354403,2896,"tags=20%, list=14%, signal=17%","20684/11815/29867/75744/12491/17472/11450/18767",0.248911114434702
"GO:1900225","regulation of NLRP3 inflammasome complex assembly",52,-0.596224922231812,-1.41582510156385,0.0481144343302991,0.486011139962598,0.486011139962598,4765,"tags=37%, list=24%, signal=28%","64296/17874/21899/234779/12229/18439/19260/19106/12363/20128/52150/75083/81897/15944/54396/229898/16145/12491/12374",0.234392647294686
"GO:0046785","microtubule polymerization",106,-0.538653298615615,-1.41468555298073,0.0326481257557437,0.391740474689888,0.391740474689888,2946,"tags=14%, list=15%, signal=12%","67971/83679/170835/320923/20617/75305/69697/105439/22153/72948/277468/545486/546144/12391/17762",0.276500599254472
"GO:0042733","embryonic digit morphogenesis",71,-0.577098056911459,-1.41405213670432,0.0407358738501971,0.450268127135914,0.450268127135914,887,"tags=8%, list=4%, signal=8%","242022/16147/18121/20319/109663/235320",0.257206466468838
"GO:0000271","polysaccharide biosynthetic process",63,-0.581381937543667,-1.41387236371881,0.0338101430429129,0.401347021481676,0.401347021481676,2213,"tags=14%, list=11%, signal=13%","232493/16000/12491/16333/13645/53412/16002/140491/241113",0.282013350011725
"GO:0045933","positive regulation of muscle contraction",52,-0.595086413209984,-1.4131215418981,0.0494148244473342,0.490912287586029,0.490912287586029,438,"tags=12%, list=2%, signal=11%","22226/12299/228785/12292/11937/11474",0.231126709673834
"GO:0001649","osteoblast differentiation",218,-0.517875420607164,-1.4130583352705,0.00482722581852912,0.118254123366007,0.118254123366007,2811,"tags=15%, list=14%, signal=13%","21926/20302/110075/71584/14560/19228/17260/14119/22061/12355/12163/18159/435965/16000/64654/107221/22417/64075/20681/12096/56788/16147/387206/170574/11423/13081/18121/16008/20319/16002/20377/239790/17926",0.407017918923954
"GO:0060539","diaphragm development",8,-0.824908953807425,-1.41282754633642,0.0499168053244592,0.490912287586029,0.490912287586029,1979,"tags=25%, list=10%, signal=23%","17681/14463",0.261663521711573
"GO:0060419","heart growth",120,-0.54036930540892,-1.4123454151014,0.0308422301304864,0.379442149229853,0.379442149229853,3663,"tags=22%, list=18%, signal=18%","19736/74116/11609/12818/19091/14632/234214/14164/57246/11554/17260/11731/15214/21385/16000/17888/11606/18091/13869/22413/100705/234072/18121/19013/12391/14463/22138",0.282013350011725
"GO:0051261","protein depolymerization",131,-0.531040582904891,-1.41021155929982,0.0225502122681647,0.302965404155133,0.302965404155133,2621,"tags=10%, list=13%, signal=9%","20739/20743/22003/208158/93689/69697/20741/21916/93677/11472/50874/58522/320502",0.352487857583619
"GO:0035272","exocrine system development",56,0.487870766154025,1.40897564694696,0.0296431639904332,0.371088497361719,0.371088497361719,2030,"tags=21%, list=10%, signal=19%","207920/12162/20665/14179/13608/16193/56787/24067/14183/14178/77411/328778",0.352487857583619
"GO:0032271","regulation of protein polymerization",197,-0.514932003022332,-1.40875391378384,0.0109752015648564,0.19743065672131,0.19743065672131,2946,"tags=13%, list=15%, signal=11%","67971/50876/243725/83679/20739/15894/20743/170835/22003/93689/20617/75305/69697/11687/105439/22153/72948/20741/207495/277468/21916/93677/12391/17762/50874/320502",0.380730400722792
"GO:0001935","endothelial cell proliferation",155,-0.528048883338388,-1.40781858337476,0.0147396324782355,0.230872975061532,0.230872975061532,2982,"tags=16%, list=15%, signal=14%","16401/18053/19378/14184/11727/21926/73230/17260/20846/23796/11731/21828/16000/16160/12310/100038489/16159/11608/13645/71093/22413/75568/16002/14181/64103",0.380730400722792
"GO:0006164","purine nucleotide biosynthetic process",190,-0.516365664835617,-1.40545960509187,0.0111492138206978,0.19849810662038,0.19849810662038,2133,"tags=9%, list=11%, signal=8%","60596/224129/209176/54195/19218/18159/15930/70789/73707/14919/52815/50873/210044/19013/239790/229665/69564",0.380730400722792
"GO:0001936","regulation of endothelial cell proliferation",134,-0.539486460797264,-1.40511304041705,0.013808577287076,0.221696708344005,0.221696708344005,2982,"tags=16%, list=15%, signal=14%","16401/18053/19378/14184/11727/21926/17260/20846/23796/11731/21828/16000/16160/100038489/16159/11608/13645/71093/22413/16002/14181/64103",0.380730400722792
"GO:0050671","positive regulation of lymphocyte proliferation",148,-0.525801327346202,-1.40391357807997,0.0152897181126614,0.238302924184011,0.238302924184011,4902,"tags=50%, list=24%, signal=38%","16196/22329/242122/20851/12978/105855/17874/16189/12509/15000/12229/78317/19260/66824/14999/12480/12524/11444/19264/18019/22042/16168/16846/16175/16173/320484/18950/27218/50723/12487/11629/12504/16149/12494/12501/81897/16184/12772/108723/14165/24099/21947/20737/60533/16408/16161/20739/16963/12511/17260/22637/12775/333883/21939/16019/15944/13136/17221/58205/16000/16160/18761/20533/20304/209590/15978/16159/16191/12484/170776/21333/16008/16002/60505",0.380730400722792
"GO:0050830","defense response to Gram-positive bacterium",91,-0.546897989156096,-1.40333081542061,0.0348692403486924,0.407145930035096,0.407145930035096,4400,"tags=56%, list=22%, signal=44%","12010/18439/21946/21949/109648/66824/24088/12363/14191/269855/17916/16173/107607/50931/17105/17476/15162/17110/16770/11727/497106/21926/192188/12652/230979/236573/11731/76074/78416/229900/55932/13587/27007/16992/100702/71660/14469/16803/12491/57757/54159/15978/19752/17472/19695/14468/626578/18778/384997/21333/619548",0.271288554688953
"GO:0032946","positive regulation of mononuclear cell proliferation",150,-0.524145508238333,-1.40329380440146,0.0307328605200946,0.379442149229853,0.379442149229853,4902,"tags=49%, list=24%, signal=38%","16196/22329/242122/20851/12978/105855/17874/16189/12509/15000/12229/78317/19260/66824/14999/12480/12524/11444/19264/18019/22042/16168/16846/16175/16173/320484/18950/27218/50723/12487/11629/12504/16149/12494/12501/81897/16184/12772/108723/14165/24099/21947/20737/60533/16408/16161/20739/16963/12511/17260/22637/12775/333883/21939/16019/15944/13136/17221/58205/16000/16160/18761/20533/20304/209590/15978/16159/16191/12484/170776/21333/16008/16002/60505",0.282013350011725
"GO:0014074","response to purine-containing compound",155,-0.526146659605061,-1.40274710986916,0.015325304840859,0.238302924184011,0.238302924184011,2963,"tags=19%, list=15%, signal=17%","12362/20343/20845/207728/231602/18441/54611/193034/21673/94045/68312/22065/16333/11450/15360/20192/77596/13487/56506/74166/20191/12790/108079/110893/14555/20190/16514/12292/19309/229665",0.380730400722792
"GO:0051588","regulation of neurotransmitter transport",127,-0.531962099577791,-1.4005553397758,0.0307328605200946,0.379442149229853,0.379442149229853,3044,"tags=21%, list=15%, signal=18%","20979/207777/243725/20614/231602/18441/17260/12287/216227/13491/20617/14580/20974/12298/231290/269642/13616/241770/50873/12096/12290/16504/327814/12322/240239/18125/99738",0.282013350011725
"GO:0051058","negative regulation of small GTPase mediated signal transduction",72,-0.560752105132257,-1.40019509071358,0.0458015267175573,0.477052944354403,0.477052944354403,1142,"tags=4%, list=6%, signal=4%","22417/330863/17926",0.237793834423688
"GO:0007368","determination of left/right symmetry",120,-0.53537254651359,-1.3992855513276,0.0320284697508897,0.386629384850025,0.386629384850025,3723,"tags=24%, list=19%, signal=20%","171395/83675/432611/18552/14165/13411/12622/19378/57246/207607/51938/17260/23796/74453/18119/21385/54562/12020/15223/68922/71860/18091/16147/65256/14275/14463/18741/230909/16814",0.276500599254472
"GO:0098771","inorganic ion homeostasis",427,-0.49011574133862,-1.39874640554985,0.00191789605959256,0.0638172460865462,0.0638172460865462,3004,"tags=19%, list=15%, signal=16%","171382/71753/14184/207777/22439/20302/21954/19733/17201/66972/231602/20272/12652/18441/140919/19228/11941/19746/16493/12287/216227/20495/193034/78688/13491/21939/20307/59091/13009/18159/11656/12298/11733/12310/22065/64654/22066/20304/13616/16485/26946/15978/11931/13828/320707/11606/668940/110891/110784/20192/12290/56506/140765/76376/27222/56188/16531/20512/16591/268878/14186/14371/105243/20191/230810/11932/12770/98660/110893/12391/12374/20190/15464/68460/69585/76757/19309/11937/17306",0.45505986738723
"GO:1901136","carbohydrate derivative catabolic process",255,-0.506293786960924,-1.39812310606599,0.00886354748215432,0.166437724942676,0.166437724942676,2859,"tags=16%, list=14%, signal=14%","12398/18639/56045/207728/192188/12659/27052/224794/103149/227659/319801/18585/79459/77042/100039229/74409/16000/19017/20533/12655/57757/16333/18947/81600/15978/233040/13808/58805/18642/110385/384997/14080/19013/23956/108079/433766/11668/230718/56012/14555/241113/11474",0.380730400722792
"GO:0046631","alpha-beta T cell activation",207,-0.511105206861008,-1.3980969153896,0.0105523157172698,0.193068294975233,0.193068294975233,4962,"tags=42%, list=25%, signal=32%","19099/16364/382051/246779/14991/545030/232409/20849/16859/93685/105855/94176/16189/19219/19260/93675/21949/12522/18708/93694/12480/19264/16168/26888/16818/16173/320484/18950/12487/30925/240873/12501/16186/12772/22778/17085/19208/83408/20737/12515/60533/16362/269799/14744/12703/73149/57765/14347/16161/252838/230979/72310/16963/20351/474145/22637/12775/20230/13813/15944/19883/16428/13136/16182/381812/245126/17173/16160/18761/16145/381409/18782/17863/94071/16333/15978/16159/54698/435921/16147/54215/70809/19885/723834/60505/235320",0.380730400722792
"GO:0007528","neuromuscular junction development",78,-0.554339858709804,-1.39503244669606,0.0343074968233799,0.402783810968457,0.402783810968457,867,"tags=10%, list=4%, signal=10%","231134/22342/382864/14371/192650/16716/66797/12292",0.276500599254472
"GO:1901292","nucleoside phosphate catabolic process",195,-0.507886008031441,-1.39449351289567,0.0147368695481358,0.230872975061532,0.230872975061532,2859,"tags=16%, list=14%, signal=14%","12398/18639/56045/207728/547253/227659/319801/237868/18585/79459/100039229/16000/19017/20533/16333/15978/11871/13808/58805/11872/18642/110385/14080/19013/108079/433766/230718/56012/14555/241113/11474",0.380730400722792
"GO:0098773","skin epidermis development",135,0.425264479292122,1.39323189223723,0.00502958195710665,0.119629538253848,0.119629538253848,2611,"tags=17%, list=13%, signal=15%","12740/69073/214531/16667/74591/15422/13608/16870/67859/195733/14183/14178/66042/243538/73712/16600/14977/80859/13393/23801/16776/13388/12550",0.407017918923954
"GO:0035456","response to interferon-beta",72,-0.557808596959485,-1.39284516611184,0.049618320610687,0.490912287586029,0.490912287586029,3344,"tags=50%, list=17%, signal=42%","327959/383619/226691/246730/15959/16362/100040462/226695/236312/432555/15950/20846/102639543/23960/15953/623121/15944/229900/100033459/54396/55932/23961/240327/100702/100039796/16145/16365/14469/231699/60440/240328/21822/545384/620913/225594/12322",0.227987202850442
"GO:0046330","positive regulation of JNK cascade",108,-0.538290003660169,-1.39216851223541,0.0334987593052109,0.398387096774193,0.398387096774193,2821,"tags=11%, list=14%, signal=10%","17951/21926/142980/12775/14170/18816/381812/21940/93735/29820/269016/17926",0.276500599254472
"GO:1903828","negative regulation of protein localization",241,-0.509433238155613,-1.39193008682451,0.00580078634127548,0.134486100663073,0.134486100663073,2633,"tags=15%, list=13%, signal=13%","56079/12652/269275/11815/29867/14681/13491/75744/18133/15944/19218/54396/12578/58212/16160/16145/12491/16333/56013/17472/11450/16159/245038/50873/17773/110385/72585/16500/14371/12922/18767/20927/11472/18125/17762/16514",0.407017918923954
"GO:0060972","left/right pattern formation",126,-0.528503002140407,-1.38541592340926,0.038231780167264,0.434556623423309,0.434556623423309,3723,"tags=23%, list=19%, signal=19%","171395/83675/432611/18552/14165/13411/12622/19378/57246/207607/51938/17260/23796/74453/18119/21385/54562/12020/15223/68922/71860/18091/16147/65256/14275/14463/18741/230909/16814",0.252961123069611
"GO:0019722","calcium-mediated signaling",234,-0.499882085749695,-1.38266713422536,0.00662245356287219,0.143680394529612,0.143680394529612,3536,"tags=30%, list=18%, signal=25%","71132/15874/12766/12504/11542/12501/12772/211482/26423/28240/77647/14800/70261/171382/16408/13405/243725/67888/21926/20302/21954/12777/19733/80901/12182/230775/30937/22637/16797/12775/20495/193034/56644/13491/53623/74100/108995/15944/12525/54396/12776/23832/16000/53901/16145/171166/68312/252837/11931/14289/668940/11608/110891/12773/20192/18604/14811/20297/74166/20191/59006/26557/12770/17762/100504518/20190/16514/76469/59011/12372/11474",0.407017918923954
"GO:0019395","fatty acid oxidation",113,-0.521362967926844,-1.38105263346252,0.0316301703163017,0.383262176926961,0.383262176926961,3199,"tags=18%, list=16%, signal=15%","16922/20928/12908/26874/14261/55990/11687/19017/12491/11450/93732/74121/12895/27273/226564/14080/100705/19013/66968/14077",0.282013350011725
"GO:0071346","cellular response to type II interferon",114,-0.536400165575429,-1.38080489185972,0.0331288343558282,0.396188778832642,0.396188778832642,2963,"tags=25%, list=15%, signal=22%","12362/16362/20845/21926/16161/12265/547253/236573/20846/76074/434341/15944/229900/54396/55932/229898/100039229/100702/16160/16145/16365/14469/20304/15978/17472/14468/626578/12322/11829",0.276500599254472
"GO:0055021","regulation of cardiac muscle tissue growth",78,-0.548397380810919,-1.38007781308553,0.0419313850063532,0.458745067309711,0.458745067309711,3663,"tags=22%, list=18%, signal=18%","19736/74116/12818/14632/57246/11554/17260/15214/21385/16000/18091/13869/22413/18121/19013/12391/14463",0.248911114434702
"GO:0043255","regulation of carbohydrate biosynthetic process",113,-0.520664636207952,-1.37920280346167,0.0316301703163017,0.383262176926961,0.383262176926961,2579,"tags=15%, list=13%, signal=13%","18441/19228/20617/81799/16000/19017/12491/16333/11450/17171/18604/13645/53412/19013/16002/140491/241113",0.282013350011725
"GO:0045104","intermediate filament cytoskeleton organization",64,0.472583837711489,1.37727735972642,0.0312346979519102,0.382244612743709,0.382244612743709,1757,"tags=20%, list=9%, signal=19%","110308/16664/16667/53617/109620/16673/406220/107993/268482/16669/94179/332131/110310",0.352487857583619
"GO:0071383","cellular response to steroid hormone stimulus",206,-0.502977063280953,-1.37648761376324,0.0136673999699329,0.221088268531258,0.221088268531258,2156,"tags=10%, list=11%, signal=9%","22061/18119/21385/16000/16365/268709/170639/11608/15360/110784/277744/26381/19013/17927/20377/98660/433766/17700/433294/20183",0.380730400722792
"GO:0062013","positive regulation of small molecule metabolic process",185,-0.507917074173207,-1.37565615335706,0.0175834039951526,0.254325721749707,0.254325721749707,3029,"tags=18%, list=15%, signal=16%","22259/14164/20845/26874/18639/21926/19733/237625/18441/19228/319801/20617/16000/19017/234564/12491/16333/15978/11450/58805/17171/22417/11606/11608/50873/18679/14080/19013/16002/66968/108079/14555/241113/11474",0.352487857583619
"GO:0030003","intracellular monoatomic cation homeostasis",421,-0.485551757905531,-1.37277230248805,0.00218921306844264,0.0704728841787088,0.0704728841787088,3004,"tags=17%, list=15%, signal=15%","171382/71753/210808/207777/66333/22439/20302/21954/19733/66972/231602/12652/18441/12349/19228/11941/12287/78688/13491/21939/20307/13009/18159/11656/74748/12298/12310/20533/22065/22066/20304/13616/26946/15978/11931/56365/320707/11606/668940/110891/110784/20192/13487/240215/12290/140765/76376/27222/277468/56188/16531/20512/268878/14371/105243/20191/230810/232156/11932/94229/12770/98660/110893/12391/12374/20190/15464/68460/69585/76757/19309/11937/17306",0.431707695803346
"GO:0141193","nuclear receptor-mediated signaling pathway",184,-0.502987195023638,-1.37222512317798,0.0203100096396314,0.284103777930319,0.284103777930319,2156,"tags=8%, list=11%, signal=7%","22061/18119/11687/56018/21834/16000/170639/110784/277744/26381/19013/66968/20377/20183",0.352487857583619
"GO:0007584","response to nutrient",160,-0.509429166328062,-1.36919381075138,0.0308219178082192,0.379442149229853,0.379442149229853,1187,"tags=12%, list=6%, signal=11%","58805/15360/12096/18604/13076/74338/16591/14080/14275/66601/13081/19013/16008/20319/20377/14545/17762/12374/22229",0.276500599254472
"GO:0050680","negative regulation of epithelial cell proliferation",146,-0.51609610064109,-1.36914559947333,0.0356731875719217,0.413525650878847,0.413525650878847,2976,"tags=15%, list=15%, signal=13%","18053/14184/66333/21926/19733/12579/17260/20846/14734/12578/12577/16160/26367/16159/71093/13505/333424/66601/20319/20377/67866/64103",0.257206466468838
"GO:0042552","myelination",172,-0.504622346852763,-1.36906687956461,0.031496062992126,0.383082796468623,0.383082796468623,2976,"tags=14%, list=15%, signal=12%","18053/14184/229715/26874/94185/22439/21926/13011/21367/51938/12759/17136/16411/18377/16000/15978/12805/72948/269116/245880/110893/66797/17926/20183",0.271288554688953
"GO:0032729","positive regulation of type II interferon production",78,-0.544020749884908,-1.3690637356147,0.0444726810673443,0.470947980940102,0.470947980940102,4419,"tags=42%, list=22%, signal=33%","225471/19260/170743/66824/170744/18173/15900/100038882/16173/50931/27218/30925/12501/81897/12772/21947/21926/16161/142980/243655/56644/12481/16182/225825/27007/16992/21940/16160/209590/16159/54698/54215/60505",0.241339976815091
"GO:0062014","negative regulation of small molecule metabolic process",116,-0.514844274339436,-1.36821342590315,0.0455635491606715,0.476158946106958,0.476158946106958,2911,"tags=20%, list=15%, signal=17%","12642/12398/18639/14261/16467/319801/55990/70979/81799/14170/19017/20533/16333/26367/11450/22417/102570/226564/100705/19013/66968/433766/11474",0.231126709673834
"GO:0034766","negative regulation of monoatomic ion transmembrane transport",88,-0.531891290871936,-1.36689915755434,0.0489949748743719,0.489340168963011,0.489340168963011,253,"tags=6%, list=1%, signal=6%","98660/12391/69563/18125/76757",0.227987202850442
"GO:0015980","energy derivation by oxidation of organic compounds",420,-0.482133144580909,-1.36616278011223,0.00318370662350349,0.0903130751561423,0.0903130751561423,2859,"tags=12%, list=14%, signal=11%","12398/18639/21926/207728/66972/13853/76187/11554/23960/227659/319801/242700/20617/232493/18124/23961/79459/100039229/16000/19017/20533/231699/12491/16333/15978/13808/58805/18642/58200/76668/18679/18604/53412/27273/12865/16591/14080/22226/19013/16002/108079/12862/433766/56012/14555/18682/12869/140491/19309/241113/11474",0.431707695803346
"GO:0046434","organophosphate catabolic process",252,-0.498307451383529,-1.365191037482,0.0109712506381798,0.19743065672131,0.19743065672131,3925,"tags=22%, list=20%, signal=18%","110959/270198/18640/18606/11674/211429/19428/11807/83965/18950/22228/84111/18979/74182/22361/100340/66387/12398/18639/56045/232889/207728/242864/547253/227659/319801/237868/18585/79459/100039229/16000/19017/20533/320769/16333/18947/15978/11871/13808/58805/11872/18642/18778/110385/271844/14080/19013/108079/433766/230718/56012/14555/329502/241113/11474",0.380730400722792
"GO:0032612","interleukin-1 production",109,-0.521557236172256,-1.36518753889065,0.0485678704856787,0.486587931761355,0.486587931761355,4748,"tags=43%, list=24%, signal=33%","16859/55991/17874/21899/282663/18854/12774/18439/19219/22177/13051/66824/170744/24088/12363/637515/107607/16170/13610/75083/383619/226691/233274/232801/14456/16956/268973/20312/12362/17951/21926/20302/66222/12775/56644/229898/16000/12310/12491/107221/15978/406218/14869/233081/20297/380839/11829",0.227987202850442
"GO:0032652","regulation of interleukin-1 production",109,-0.521557236172256,-1.36518753889065,0.0485678704856787,0.486587931761355,0.486587931761355,4748,"tags=43%, list=24%, signal=33%","16859/55991/17874/21899/282663/18854/12774/18439/19219/22177/13051/66824/170744/24088/12363/637515/107607/16170/13610/75083/383619/226691/233274/232801/14456/16956/268973/20312/12362/17951/21926/20302/66222/12775/56644/229898/16000/12310/12491/107221/15978/406218/14869/233081/20297/380839/11829",0.227987202850442
"GO:1904659","D-glucose transmembrane transport",118,-0.518254699806816,-1.36448679698481,0.0447941888619855,0.473138619854722,0.473138619854722,3122,"tags=21%, list=16%, signal=18%","21752/11636/21926/12266/18260/18124/14734/237858/14170/16000/353169/16429/107221/16333/242773/11450/20167/66277/20661/13869/14080/100705/20528/239790/68460",0.234392647294686
"GO:0007272","ensheathment of neurons",173,-0.503477694987156,-1.36427970371946,0.0303712035995501,0.377264770596144,0.377264770596144,2976,"tags=14%, list=15%, signal=12%","18053/14184/229715/26874/94185/22439/21926/13011/21367/51938/12759/17136/16411/18377/16000/15978/12805/72948/269116/245880/110893/66797/17926/20183",0.276500599254472
"GO:0008366","axon ensheathment",173,-0.503477694987156,-1.36427970371946,0.0303712035995501,0.377264770596144,0.377264770596144,2976,"tags=14%, list=15%, signal=12%","18053/14184/229715/26874/94185/22439/21926/13011/21367/51938/12759/17136/16411/18377/16000/15978/12805/72948/269116/245880/110893/66797/17926/20183",0.276500599254472
"GO:0019217","regulation of fatty acid metabolic process",108,-0.525967516529066,-1.36029911384477,0.0496277915632754,0.490912287586029,0.490912287586029,3029,"tags=20%, list=15%, signal=17%","22259/26874/19733/237625/14261/20617/55990/19017/16333/26367/11450/58805/11606/18604/27273/102570/226564/14080/100705/19013/66968/14077",0.224966093540314
"GO:0006873","intracellular monoatomic ion homeostasis",429,-0.480065966595833,-1.35709118241394,0.00390818381719182,0.103712216834735,0.103712216834735,3004,"tags=17%, list=15%, signal=15%","171382/71753/210808/207777/66333/22439/20302/21954/19733/66972/231602/12652/18441/12349/19228/11941/12287/78688/13491/21939/20307/13009/18159/11656/74748/12298/12310/20533/22065/22066/20304/13616/26946/15978/11931/56365/320707/11606/668940/110891/110784/20192/13487/240215/12290/140765/76376/27222/277468/56188/16531/20512/268878/14371/105243/20191/230810/232156/11932/94229/12770/98660/110893/12391/12374/20190/15464/68460/69585/76757/19309/11937/17306",0.407017918923954
"GO:0010565","regulation of ketone metabolic process",143,-0.507803109283241,-1.3566380545599,0.0468571428571429,0.47994320198793,0.47994320198793,3029,"tags=21%, list=15%, signal=18%","22259/20845/26874/19733/237625/14261/20617/55990/70979/14170/19017/234564/16333/26367/11450/58805/22417/11606/12096/18604/27273/16531/102570/226564/14186/14080/100705/19013/66968/14077",0.222056046145248
"GO:0070665","positive regulation of leukocyte proliferation",163,-0.503037698174654,-1.35648652100029,0.043230944254835,0.464330473344259,0.464330473344259,4615,"tags=44%, list=23%, signal=34%","12978/105855/17874/16189/17096/12509/15000/12229/78317/19260/66824/14999/12982/12480/12524/11444/19264/18019/22042/16168/16846/16175/16173/320484/18950/27218/50723/12487/11629/12504/16149/12494/12501/81897/16184/12772/108723/14165/24099/21947/20737/60533/16408/16161/20739/16963/12511/17260/22637/12775/333883/21939/16019/15944/13136/17221/58205/16000/16160/18761/20533/20304/209590/15978/16159/16191/12484/170776/21333/16008/16002/60505",0.231126709673834
"GO:0042129","regulation of T cell proliferation",181,-0.501422151401814,-1.35621056428436,0.0305429864253394,0.378662275721099,0.378662275721099,4962,"tags=46%, list=25%, signal=35%","19099/19354/22329/246779/242122/20851/16859/105855/16189/12509/15000/78317/19260/93675/66824/14999/12480/12524/278180/19264/22042/16168/16846/12477/15170/16175/16173/320484/18950/27218/50723/12487/11629/12504/240873/12501/16184/12772/108723/24099/21947/193385/20737/14960/60533/16362/16408/94185/50498/16161/20739/230979/16963/12511/22637/14714/12775/333883/20555/15944/13136/12578/17221/58205/15930/16000/245126/16160/18761/20533/20304/18782/209590/15978/15223/16159/54698/12484/16147/170776/16008/16002/60505",0.276500599254472
"GO:0008544","epidermis development",336,0.377942744173561,1.35305328954094,0.000384816913258564,0.0202565099749713,0.0202565099749713,2489,"tags=18%, list=12%, signal=16%","12740/110308/207920/16664/69073/214531/16667/100034684/70129/76770/74591/209195/109620/13409/64661/15422/16673/408196/13608/20761/381867/406220/93746/16870/20863/64929/67859/20758/195733/66195/252973/21818/14401/14183/17123/332131/14178/110310/319530/66042/545975/433016/20759/386463/16535/243538/12575/73712/16600/20753/239250/17133/19225/14977/80859/21816/13393/18103/23801/16776/13388/14581",0.49849310876659
"GO:1903039","positive regulation of leukocyte cell-cell adhesion",269,-0.486453894372995,-1.35206995799767,0.00796521724518693,0.157878472680835,0.157878472680835,4455,"tags=35%, list=22%, signal=28%","12509/13482/15000/12010/78317/668101/19260/104709/12522/20296/66824/14999/19204/12480/12524/19264/22042/16168/16846/16414/74734/16818/16175/16173/320484/320832/18950/27218/50723/12487/11629/12504/16149/14969/12501/16186/16184/14723/12772/22778/22361/108723/14961/14998/24099/21947/12507/83408/20737/16401/14960/20343/60533/16362/16408/74015/14744/21926/12703/14347/16161/20739/230979/15894/16963/12511/22637/67596/12775/19419/333883/18124/20344/15944/13136/17221/58205/16000/21940/16160/18761/20533/26887/20304/209590/15978/16159/12484/16147/170776/54215/16008/16002/60505/235320",0.380730400722792
"GO:0045103","intermediate filament-based process",65,0.469710774321392,1.35170362816779,0.0155726401143496,0.239589409599694,0.239589409599694,1757,"tags=20%, list=9%, signal=18%","110308/16664/16667/53617/109620/16673/406220/107993/268482/16669/94179/332131/110310",0.380730400722792
"GO:0006094","gluconeogenesis",93,-0.527709016796492,-1.35158519323093,0.0474452554744526,0.484409269724856,0.484409269724856,2249,"tags=13%, list=11%, signal=12%","18563/81799/231691/100039229/19017/11450/18604/19013/56012/14555/14120/241113",0.227987202850442
"GO:0042098","T cell proliferation",223,-0.492443970635812,-1.35149030264947,0.0121509407031085,0.206437410569743,0.206437410569743,5008,"tags=43%, list=25%, signal=33%","16889/19099/19354/22329/246779/242122/20851/16859/105855/94176/20315/16189/12509/15000/78317/18439/19260/93675/66824/14999/18173/12480/12524/278180/19264/20556/22042/16168/16846/12477/16414/15170/16175/16173/320484/18950/27218/50723/12487/11629/12504/240873/12501/16184/12772/108723/24099/21947/193385/20737/14960/60533/16362/16408/19171/94185/50498/16161/20739/230979/16963/12511/22637/14714/12775/19419/333883/20230/20555/15944/13136/12578/17221/58205/15930/16000/58206/245126/16160/18761/20533/20304/18782/209590/114570/15978/15223/16159/22417/54698/12484/16147/170776/21948/16008/16002/60505",0.380730400722792
"GO:0031333","negative regulation of protein-containing complex assembly",154,-0.504598862476519,-1.3506358405715,0.0423340961098398,0.460795873249816,0.460795873249816,3655,"tags=19%, list=18%, signal=16%","217356/20128/59036/327959/226691/20660/50876/12759/20739/69017/20743/170835/22003/78688/93689/75744/20617/15944/54396/22153/94090/16145/320722/20741/12955/21916/93677/50874/320502",0.234392647294686
"GO:0098704","carbohydrate import across plasma membrane",93,-0.526544729768567,-1.34860318409801,0.0498783454987835,0.490912287586029,0.490912287586029,2068,"tags=16%, list=10%, signal=15%","14734/237858/14170/16000/16429/16333/11450/20167/66277/20661/13869/100705/20528/239790/68460",0.222056046145248
"GO:0098708","D-glucose import across plasma membrane",93,-0.526544729768567,-1.34860318409801,0.0498783454987835,0.490912287586029,0.490912287586029,2068,"tags=16%, list=10%, signal=15%","14734/237858/14170/16000/16429/16333/11450/20167/66277/20661/13869/100705/20528/239790/68460",0.222056046145248
"GO:0140271","hexose import across plasma membrane",93,-0.526544729768567,-1.34860318409801,0.0498783454987835,0.490912287586029,0.490912287586029,2068,"tags=16%, list=10%, signal=15%","14734/237858/14170/16000/16429/16333/11450/20167/66277/20661/13869/100705/20528/239790/68460",0.222056046145248
"GO:0032944","regulation of mononuclear cell proliferation",239,-0.484121986373647,-1.34850122276932,0.0185460729236148,0.263501947600562,0.263501947600562,4962,"tags=44%, list=25%, signal=33%","19099/19354/16196/22329/246779/242122/20851/16859/12978/105855/17874/16189/17096/12509/15000/12229/78317/22177/19260/93675/66824/14999/12480/12483/12524/278180/11444/19264/18019/22042/16168/16846/12477/15170/16175/16173/320484/18950/27218/50723/12487/11629/12504/16149/240873/12494/12501/81897/16184/12772/108723/14165/20666/24099/21947/193385/20737/14960/60533/16362/16408/94185/50498/16161/22780/20739/230979/16963/12511/17260/16988/22637/14714/12775/333883/21939/16019/20555/15944/13136/12578/17221/58205/15930/16000/245126/16160/18761/20533/20304/18782/209590/15978/69816/15223/16159/54698/16191/12484/16147/170776/21333/16008/16002/60505",0.352487857583619
"GO:0042157","lipoprotein metabolic process",100,-0.523668900131841,-1.34734524530245,0.0476190476190476,0.484516723950038,0.484516723950038,2464,"tags=19%, list=12%, signal=17%","332175/11815/208158/75744/15944/666348/54396/328563/16145/626615/328561/624219/71939/11686/278679/14080/108956/19013/74770",0.227987202850442
"GO:0051259","protein complex oligomerization",275,-0.485604971758313,-1.34620845777929,0.0156691921569404,0.239589409599694,0.239589409599694,3890,"tags=23%, list=19%, signal=19%","71145/22781/64177/100038882/71586/11674/211550/16506/239217/12279/15898/15874/16149/28240/108723/110304/14800/246730/268973/20979/193385/12503/19378/66333/56045/16492/16493/103149/23960/193034/78688/53623/226025/20617/22061/23961/229898/546729/16490/24115/12482/225030/231699/20517/16485/14979/12845/20192/17364/16504/16500/100705/16515/16538/279499/434246/11829/17762/99738/20190/16495/16502/66733",0.352487857583619
"GO:0045333","cellular respiration",331,-0.479316587205586,-1.34248127848549,0.0112604512570476,0.199068115077596,0.199068115077596,2327,"tags=10%, list=12%, signal=9%","23960/227659/319801/242700/20617/18124/23961/79459/100039229/16000/19017/20533/231699/16333/15978/13808/58805/18642/76668/18604/27273/12865/14080/22226/19013/108079/12862/433766/56012/14555/12869/241113/11474",0.380730400722792
"GO:0050670","regulation of lymphocyte proliferation",237,-0.485214114408814,-1.3398093582048,0.0203966690232223,0.284103777930319,0.284103777930319,4962,"tags=44%, list=25%, signal=34%","19099/19354/16196/22329/246779/242122/20851/16859/12978/105855/17874/16189/17096/12509/15000/12229/78317/22177/19260/93675/66824/14999/12480/12483/12524/278180/11444/19264/18019/22042/16168/16846/12477/15170/16175/16173/320484/18950/27218/50723/12487/11629/12504/16149/240873/12494/12501/81897/16184/12772/108723/14165/20666/24099/21947/193385/20737/14960/60533/16362/16408/94185/50498/16161/22780/20739/230979/16963/12511/17260/16988/22637/14714/12775/333883/21939/16019/20555/15944/13136/12578/17221/58205/15930/16000/245126/16160/18761/20533/20304/18782/209590/15978/69816/15223/16159/54698/16191/12484/16147/170776/21333/16008/16002/60505",0.352487857583619
"GO:0030856","regulation of epithelial cell differentiation",150,0.400721974702553,1.33951036675662,0.00782090141823226,0.155980835117663,0.155980835117663,3682,"tags=27%, list=18%, signal=22%","207920/12945/67701/69073/74591/22062/15377/16673/381867/12705/19123/195733/19116/12741/66398/12161/17133/18132/16878/18103/22339/13388/74155/18109/15404/14573/381823/22330/18508/235505/93691/101809/54200/15218/20674/13115/16176/12387/19207/12562",0.380730400722792
"GO:0009612","response to mechanical stimulus",228,-0.48450344174133,-1.3385041140248,0.0341034103410341,0.402783810968457,0.402783810968457,2937,"tags=19%, list=15%, signal=17%","16362/13405/21926/387218/207728/142980/17136/18441/11941/15566/16493/21939/237523/13009/16528/16000/24046/100316672/11418/53404/12491/16485/328789/83762/50769/16147/18766/20512/20191/22226/140476/504186/16008/56642/723834/98660/78321/66797/12391/18125/14463/22138/16502/21393",0.257206466468838
"GO:0072522","purine-containing compound biosynthetic process",251,-0.482903431147554,-1.33818568430047,0.0199865009839522,0.280247400259696,0.280247400259696,2227,"tags=8%, list=11%, signal=8%","20617/60596/224129/209176/54195/19218/18159/15930/70789/73707/14919/52815/50873/18604/210044/27273/100705/19013/239790/229665/69564",0.352487857583619
"GO:0019731","antibacterial humoral response",52,0.468657309904045,1.33667112219789,0.0465856262074518,0.47994320198793,0.47994320198793,1587,"tags=21%, list=8%, signal=20%","12945/67701/13214/380795/13142/23993/14038/319188/11535/17002/20568",0.321775918075361
"GO:0030832","regulation of actin filament length",155,-0.499469293820301,-1.33162321870622,0.0487238979118329,0.487390766962292,0.487390766962292,2895,"tags=10%, list=14%, signal=9%","50876/243725/20739/15894/20743/22003/93689/11687/20741/207495/21916/93677/11472/50874/17996/320502",0.219250346703755
"GO:0051258","protein polymerization",284,-0.478765501137582,-1.33000638515942,0.0275715800636267,0.354024401546994,0.354024401546994,2946,"tags=12%, list=15%, signal=11%","67971/11727/50876/243725/83679/20739/15894/20743/170835/22003/320923/93689/20617/75305/69697/11687/105439/22153/268709/50873/72948/20741/22370/207495/277468/545486/12808/546144/21916/93677/12391/17762/50874/320502/12372",0.282013350011725
"GO:0001906","cell killing",236,-0.479729566892116,-1.32922425744872,0.0317982456140351,0.384573132454488,0.384573132454488,4777,"tags=50%, list=24%, signal=39%","20375/16859/14131/20706/14962/17969/14130/56838/105855/17874/20315/16189/12509/15015/12010/12774/15331/18439/16174/21946/22177/14129/104709/20296/13051/15039/21355/50908/18708/93694/12480/71183/26904/19264/23900/98870/13032/12263/16846/15170/16173/20299/12279/50909/57266/100043314/17105/11801/71740/18950/317677/70450/30925/17110/21354/667277/83408/20343/11891/16643/12266/20723/12759/243655/72310/16963/15042/246256/56792/14940/19419/333883/232408/16768/12481/69379/17057/20307/17059/14190/229900/13136/54396/55932/225825/27007/320407/229898/20400/14939/16160/16145/266620/14469/12274/16904/100529082/16641/667977/80782/14468/16159/13421/20290/14990/17329/15945/54698/384997/54215/100043861/102570/21333/20297/385643/17175/16002/60505",0.266350657088526
"GO:0062012","regulation of small molecule metabolic process",360,-0.471712423725566,-1.32768581865998,0.0112832130003496,0.199068115077596,0.199068115077596,2928,"tags=17%, list=15%, signal=14%","14164/210808/20845/12642/26874/12398/18639/21926/19733/237625/14263/18441/19228/14261/227659/16467/319801/20617/55990/70979/81799/19883/21834/14170/16000/19017/20533/234564/12491/16333/26367/15978/11450/58805/17171/22417/11606/11608/50873/12096/18679/18604/27273/16531/102570/67737/226564/14186/14080/100705/19013/16002/66968/19885/108079/433766/14555/14077/241113/11474",0.380730400722792
"GO:0032467","positive regulation of cytokinesis",40,0.489490537325241,1.32562230624512,0.0402812028397747,0.447553433628085,0.447553433628085,997,"tags=5%, list=5%, signal=5%","243979/233231",0.321775918075361
"GO:0009410","response to xenobiotic stimulus",373,-0.471227445317738,-1.3250207096751,0.0121452387976671,0.206437410569743,0.206437410569743,2515,"tags=17%, list=13%, signal=15%","622402/13058/14261/54611/17260/18143/76279/319801/20617/55990/11864/19883/20538/18159/20303/20731/14860/12578/74748/16992/24046/231290/11418/68312/14859/72303/11450/620246/14869/15360/50873/72082/380714/13076/226565/14811/13078/226143/20512/13086/226564/14080/242546/15484/14402/16008/20319/20927/16002/19885/20377/28254/68678/108079/11668/66797/18125/14463/16514/16502/14077/11464",0.380730400722792
"GO:0019318","hexose metabolic process",258,-0.473750795236766,-1.32393606056255,0.0227684791358541,0.305033251808061,0.305033251808061,2352,"tags=14%, list=12%, signal=12%","11815/23960/14119/18563/319801/81799/19883/231691/23961/79459/100039229/16000/19017/231699/12491/16333/11450/13808/18642/18679/18604/66065/382064/27273/14080/100705/19013/16002/19885/11668/56012/14555/16514/14120/241113/11474",0.352487857583619
"GO:0002444","myeloid leukocyte mediated immunity",120,0.413173816167459,1.32325497894866,0.0137565755212683,0.221415358389937,0.221415358389937,2326,"tags=19%, list=12%, signal=17%","12921/243979/20277/380795/13142/16163/225642/14126/19214/233231/14125/20311/442827/14460/18976/14825/68891/19215/58217/58218/100689/11846/16590",0.380730400722792
"GO:0050870","positive regulation of T cell activation",242,-0.476648868935115,-1.31920946410256,0.0165927768969617,0.245375330578336,0.245375330578336,4902,"tags=38%, list=24%, signal=29%","16196/66993/22329/242122/20851/16859/105855/16189/12509/13482/15000/12010/78317/668101/19260/104709/12522/20296/66824/14999/12480/12524/19264/22042/16168/16846/74734/16818/16175/16173/320484/320832/18950/27218/50723/12487/11629/12504/16149/14969/12501/16186/16184/12772/22778/22361/108723/14961/14998/24099/21947/12507/83408/20737/14960/60533/16362/16408/74015/14744/12703/16161/20739/230979/16963/12511/22637/67596/12775/19419/333883/15944/13136/17221/58205/16000/21940/16160/18761/20533/20304/209590/15978/16159/12484/16147/170776/54215/16008/16002/60505/235320",0.352487857583619
"GO:0032386","regulation of intracellular transport",297,-0.466358097954257,-1.31816641697287,0.0309168443496802,0.37963283826701,0.37963283826701,3819,"tags=14%, list=19%, signal=12%","241062/16846/216831/16480/15242/19428/11609/21924/70546/19653/68566/238257/12954/70261/14456/20660/12326/20684/13853/237625/52250/11815/29867/380684/75744/12578/18761/12491/15978/17472/11450/99889/12955/23828/18767/22771/11472/69563/17762/228785/329502/15464/11937",0.266350657088526
"GO:0050867","positive regulation of cell activation",379,-0.466006713771424,-1.31754910606468,0.0126126109965341,0.211455578527114,0.211455578527114,4615,"tags=33%, list=23%, signal=26%","12978/105855/17874/21899/16189/18596/12509/13482/15000/12010/12229/106763/78317/22177/668101/19260/104709/12522/20296/66824/14999/12480/12524/11444/19264/13032/18019/22042/16168/16846/74734/16818/16175/16173/320484/320832/18950/27218/50723/12487/11629/12504/16149/12494/14969/12501/81897/16186/16184/14723/12772/22778/22361/108723/14165/232801/14961/14456/14998/24099/21947/12507/83408/20737/14960/60533/16362/16408/74015/14744/21926/12703/57765/16161/252838/18861/20739/230979/16963/56792/12511/17260/22637/329731/67596/12775/19419/333883/17394/56644/21939/16019/18124/20344/15944/13136/16169/225825/53603/27007/17221/58205/16000/21940/20670/16160/18761/20533/20304/16803/209590/17863/15978/16159/16191/12484/16147/170776/54215/64817/21333/16008/16002/60505/12335/235320",0.380730400722792
"GO:0009755","hormone-mediated signaling pathway",203,-0.479050499010133,-1.31651039857268,0.0365853658536585,0.421815474887244,0.421815474887244,2156,"tags=9%, list=11%, signal=8%","22061/18119/21834/16000/209590/170639/11450/20607/110784/277744/26381/12922/19013/20377/16433/239790/433294/20183",0.248911114434702
"GO:0005996","monosaccharide metabolic process",278,-0.471848875261962,-1.31567734940086,0.0393198724760893,0.441454931890639,0.441454931890639,2352,"tags=14%, list=12%, signal=12%","11815/23960/14119/18563/319801/81799/19883/231691/23961/79459/100039229/16000/19017/232370/231699/12491/16333/11450/13808/18642/18679/18604/66065/382064/27273/14080/100705/19013/16002/19885/98660/11668/56012/14555/16514/14120/241113/11474",0.234392647294686
"GO:0042274","ribosomal small subunit biogenesis",109,0.414918465970783,1.31362274580282,0.0181790964689897,0.258906362962069,0.258906362962069,8189,"tags=62%, list=41%, signal=37%","14113/66481/20055/54127/57294/20044/14109/30946/223722/27993/67619/21771/20115/67222/104662/213895/108707/59028/213773/20085/230082/20103/76846/27966/66878/27207/20104/67674/94254/57315/66538/75416/20042/215193/269470/98956/56321/14791/67045/72181/110816/67205/215194/53414/208366/68731/433864/72515/59014/68327/225348/223499/217995/217109/267019/224823/76894/73674/20116/68979/70683/66523/18148/68052/20054/74778/20068/20091",0.352487857583619
"GO:0072330","monocarboxylic acid biosynthetic process",214,-0.477754845258392,-1.31256797168064,0.0379464285714286,0.432845407257041,0.432845407257041,4080,"tags=27%, list=20%, signal=21%","68588/83603/13123/54447/18640/329065/14431/74559/14863/67092/14081/54486/73635/26358/244595/16149/16956/22259/19378/20845/26874/104086/18639/66469/19733/237625/108097/328035/12012/11687/231691/237320/14170/15930/243078/68312/234564/18947/26367/54326/93732/58805/14979/14869/11606/109264/11686/18778/13076/27273/14186/271844/14080/100705/108079/11668/241113",0.245041785430996
"GO:0002279","mast cell activation involved in immune response",63,0.446750591602342,1.31079277915922,0.0371964869811076,0.426563998915487,0.426563998915487,1575,"tags=17%, list=8%, signal=16%","12921/243979/16163/225642/14126/19214/233231/14125/442827/14728/14460",0.321775918075361
"GO:0031669","cellular response to nutrient levels",278,-0.468693663411808,-1.30687953090123,0.0435706695005314,0.465003620395674,0.465003620395674,1187,"tags=7%, list=6%, signal=7%","58805/22417/76257/18604/381393/544791/16500/27273/14275/13081/52187/19013/20927/17927/20377/108079/14545/12374/16514/241113",0.222056046145248
"GO:1903037","regulation of leukocyte cell-cell adhesion",371,-0.463533427634192,-1.30585691869408,0.0170559235924268,0.250075665092615,0.250075665092615,4411,"tags=33%, list=22%, signal=26%","13482/15000/12010/78317/668101/19260/104709/12522/20296/94212/66824/14999/19204/12480/12524/278180/19264/22042/16168/16846/12477/16414/74734/16818/15170/16175/16173/320484/320832/100043314/18950/27218/50723/240754/12487/11629/12504/16149/240873/14969/12501/14357/16186/16184/18566/14723/12772/22778/22361/108723/14961/14998/24099/21947/12507/193385/83408/20737/12515/16401/14960/20343/60533/16362/16408/74015/94185/14744/21926/12703/57765/14347/16161/20739/230979/15894/16963/12511/22637/14714/67596/12775/19419/333883/16768/18124/20344/20555/15944/14190/13136/12578/17221/58205/15930/16000/21940/245126/17173/16160/18761/20533/328505/26887/20304/18782/209590/15978/329919/15223/16159/639774/54698/12484/16147/170776/54215/19013/16008/16002/60505/235320",0.352487857583619
"GO:0060348","bone development",249,-0.469762020229873,-1.30521831041665,0.0376749192680301,0.430513045443576,0.430513045443576,3152,"tags=13%, list=16%, signal=11%","329278/20379/20354/12622/14184/12824/13405/19733/107587/16880/17260/237928/12813/18159/233332/16000/94045/666279/18295/23850/12845/12096/56788/16147/207209/22408/16420/235320/18741/20190/239790/11474/17926",0.241339976815091
"GO:0071706","tumor necrosis factor superfamily cytokine production",194,-0.473921528238552,-1.30161122421005,0.0430839002267574,0.464236253785631,0.464236253785631,5314,"tags=44%, list=27%, signal=33%","19261/17087/100038947/268857/56490/19271/192656/114643/12523/22695/21941/16859/14131/14130/12978/224440/17874/21899/16189/234779/12774/12229/19219/22177/668101/14129/19260/20296/13051/66824/19204/18708/24088/19264/71586/26888/16846/15170/16175/16173/107607/20128/320832/50931/27218/14127/81897/12772/233274/246730/232801/14456/16956/20737/20312/60533/269799/20302/21897/73149/142980/12759/13058/246728/474145/12775/23960/17394/56644/12481/246727/69165/20303/23961/16000/16160/231699/16803/12491/15978/11450/14869/12484/20927/12683/67445",0.231126709673834
"GO:1903555","regulation of tumor necrosis factor superfamily cytokine production",194,-0.473921528238552,-1.30161122421005,0.0430839002267574,0.464236253785631,0.464236253785631,5314,"tags=44%, list=27%, signal=33%","19261/17087/100038947/268857/56490/19271/192656/114643/12523/22695/21941/16859/14131/14130/12978/224440/17874/21899/16189/234779/12774/12229/19219/22177/668101/14129/19260/20296/13051/66824/19204/18708/24088/19264/71586/26888/16846/15170/16175/16173/107607/20128/320832/50931/27218/14127/81897/12772/233274/246730/232801/14456/16956/20737/20312/60533/269799/20302/21897/73149/142980/12759/13058/246728/474145/12775/23960/17394/56644/12481/246727/69165/20303/23961/16000/16160/231699/16803/12491/15978/11450/14869/12484/20927/12683/67445",0.231126709673834
"GO:0050863","regulation of T cell activation",370,-0.459495506064652,-1.30012530918192,0.0166714017132463,0.245375330578336,0.245375330578336,4411,"tags=32%, list=22%, signal=25%","13482/15000/12010/78317/668101/19260/93675/214763/104709/12522/20296/94212/66824/14999/12480/12524/278180/19264/22042/16168/16846/12477/74734/16818/15170/16175/16173/320484/320832/100043314/18950/27218/50723/240754/12487/11629/12504/16149/240873/14969/12501/14357/16186/16184/18566/12772/22778/22361/108723/14961/14998/24099/21947/12507/193385/83408/20737/12515/14960/60533/16362/16408/74015/94185/14744/12703/50498/57765/16161/252838/20739/230979/16963/12511/22637/14714/16797/67596/12775/19419/333883/16768/20555/15944/14190/13136/12578/17221/58205/15930/16000/21940/245126/17173/16160/18761/20533/328505/20304/18782/209590/15978/329919/15223/16159/639774/54698/12484/16147/170776/54215/16008/16002/19885/723834/60505/235320",0.352487857583619
"GO:0070663","regulation of leukocyte proliferation",259,-0.467518855763078,-1.29671218911483,0.0342245989304813,0.402783810968457,0.402783810968457,4962,"tags=42%, list=25%, signal=32%","19099/19354/16196/22329/246779/242122/20851/16859/12978/105855/17874/16189/17096/12509/20293/15000/12229/78317/22177/19260/93675/66824/14999/12982/12480/12483/12524/278180/11444/19264/18019/22042/16168/16846/12477/15170/16175/16173/320484/15242/18950/27218/50723/12487/11629/12504/16149/240873/12494/12501/81897/16184/12772/108723/14165/20666/24099/21947/193385/20737/14960/60533/16362/16408/94185/50498/16161/22780/20739/230979/16963/12511/17260/16988/22637/14714/12775/333883/21939/16019/20555/15944/13136/12578/17221/58205/15930/16000/245126/16160/18761/20533/20304/18782/209590/15978/69816/15223/16159/54698/16191/12484/16147/170776/21333/16008/16002/60505",0.252961123069611
"GO:0016055","Wnt signaling pathway",448,-0.457723343285439,-1.29411527270929,0.0119467466416276,0.204977811117419,0.204977811117419,3720,"tags=16%, list=19%, signal=13%","70433/15209/16480/15242/83675/240725/53883/12006/226778/217951/14365/77583/207742/665113/21888/59036/20356/72780/14632/13607/14165/72125/21752/20379/21410/14184/24113/20378/13853/232941/20473/16841/16815/18133/12560/12022/195208/14734/22423/12763/72135/242939/93735/387191/54612/228770/22417/50873/66277/18091/13645/225638/22413/14371/110648/14275/29811/214105/100503386/18121/20319/22408/20377/330096/108079/18741/219134/75607/78910/17926",0.380730400722792
"GO:0006006","glucose metabolic process",218,-0.473505517800213,-1.29199203534262,0.0432372505543237,0.464330473344259,0.464330473344259,2352,"tags=15%, list=12%, signal=13%","11815/23960/14119/18563/319801/81799/19883/231691/23961/100039229/16000/19017/231699/12491/16333/11450/13808/18642/18679/18604/27273/14080/100705/19013/16002/19885/56012/14555/16514/14120/241113/11474",0.227987202850442
"GO:0006836","neurotransmitter transport",227,-0.467292680739781,-1.29190022026472,0.0429515418502203,0.464236253785631,0.464236253785631,3077,"tags=21%, list=15%, signal=18%","243328/20979/207777/243725/20614/231602/108030/69017/18441/20743/140919/18155/17260/12287/216227/13491/20617/20965/20538/381417/14580/20974/12298/94090/231290/24115/20517/269642/20519/18191/13616/60510/27204/83762/241770/50873/12096/380714/12290/16504/22342/327814/20927/98660/12322/240239/18125/99738",0.227987202850442
"GO:0010639","negative regulation of organelle organization",375,-0.457942625583195,-1.29124319299631,0.0253647539478719,0.33041064878952,0.33041064878952,2981,"tags=10%, list=15%, signal=8%","75712/83560/14184/50876/243725/20739/69017/20743/170835/22003/208158/78688/93689/20617/69697/22153/16000/94090/19017/232370/67578/22264/385354/66991/50873/20741/217371/14371/21916/93677/12391/17762/50874/58522/320502/17926",0.352487857583619
"GO:0002696","positive regulation of leukocyte activation",355,-0.455941643327161,-1.28742771018619,0.0262926739448625,0.341804761283212,0.341804761283212,4615,"tags=33%, list=23%, signal=26%","12978/105855/17874/21899/16189/12509/13482/15000/12010/12229/106763/78317/22177/668101/19260/104709/12522/20296/66824/14999/12480/12524/11444/19264/13032/18019/22042/16168/16846/74734/16818/16175/16173/320484/320832/18950/27218/50723/12487/11629/12504/16149/12494/14969/12501/81897/16186/16184/12772/22778/22361/108723/14165/14961/14456/14998/24099/21947/12507/83408/20737/14960/60533/16362/16408/74015/14744/21926/12703/57765/16161/252838/18861/20739/230979/16963/56792/12511/17260/22637/329731/67596/12775/19419/333883/17394/56644/21939/16019/18124/15944/13136/16169/225825/53603/27007/17221/58205/16000/21940/16160/18761/20533/20304/16803/209590/15978/16159/16191/12484/16147/170776/54215/21333/16008/16002/60505/235320",0.352487857583619
"GO:0070482","response to oxygen levels",357,-0.458829363427184,-1.2860092309615,0.0356394129979036,0.413525650878847,0.413525650878847,2411,"tags=13%, list=12%, signal=12%","11731/16493/11555/78688/319801/11864/60596/19883/54195/18159/14068/11656/16992/17173/107585/53417/12877/723930/387203/387194/17863/11438/11931/12484/13076/16531/64242/12955/14080/723893/15484/20191/12350/387164/19013/17927/20377/110893/17700/17189/12391/18125/12374/20528/20190/16514/22229/19309",0.245041785430996
"GO:0001666","response to hypoxia",306,-0.464189123953548,-1.28461235972701,0.0349946977730647,0.407869236113651,0.407869236113651,2411,"tags=13%, list=12%, signal=12%","11731/16493/11555/78688/319801/11864/19883/18159/14068/11656/16992/17173/107585/53417/12877/17863/11438/11931/12484/13076/16531/64242/12955/14080/15484/20191/12350/19013/20377/110893/17700/17189/12391/18125/12374/20528/20190/16514/22229/19309",0.248911114434702
"GO:0019216","regulation of lipid metabolic process",349,-0.453236235563615,-1.28226837104372,0.0291363163371488,0.366171083203854,0.366171083203854,3029,"tags=18%, list=15%, signal=16%","22259/83408/20660/14164/20845/12642/26874/211961/21926/12266/19733/21835/237625/14263/15446/14261/11815/20617/55990/15465/70979/14311/19883/103968/21834/14170/16000/73472/71660/19017/232370/234564/12491/107770/319229/16333/26367/15978/11450/624219/58805/22417/11606/11608/12096/18604/13869/27273/16531/102570/67737/226564/14186/14080/100705/19013/16002/12683/66968/19885/108079/13628/14077",0.271288554688953
"GO:0071560","cellular response to transforming growth factor beta stimulus",272,-0.462797045227017,-1.26750231198113,0.045016077170418,0.474366183759054,0.474366183759055,2985,"tags=14%, list=15%, signal=12%","215001/20845/241226/77794/72789/214425/15446/16963/269275/12579/66695/54611/17260/14119/18133/18119/12560/12163/12577/19017/231162/66650/22417/387163/110542/22413/14275/19013/12683/22408/20377/16420/278507/17700/12391/20190/20679",0.219250346703755
"GO:0071559","response to transforming growth factor beta",281,-0.457818954961448,-1.26654208239713,0.0483701366982124,0.486123658647762,0.486123658647762,3170,"tags=14%, list=16%, signal=12%","64339/20666/215001/20845/241226/77794/72789/214425/15446/16963/14560/269275/12579/66695/54611/17260/14119/18133/18119/12560/12163/12577/19017/231162/66650/22417/387163/110542/22413/14275/19013/12683/22408/20377/16420/278507/17700/12391/20190/20679",0.208955027549354
"GO:0016042","lipid catabolic process",312,-0.450412804070006,-1.26613186482587,0.0464135021097046,0.47994320198793,0.47994320198793,4001,"tags=24%, list=20%, signal=20%","14245/54447/72054/110959/18606/16846/211429/18796/11807/101055671/12097/546726/244595/225845/14667/74182/16922/13116/100340/12908/16956/83408/66387/20660/26874/67111/104086/21926/232889/242864/76187/27052/269615/15446/11770/74055/14311/320981/103968/69376/116939/71660/232370/320769/64654/12623/234564/18782/319229/16333/18947/240633/11450/93732/13479/74121/631304/71939/104158/12895/18778/114875/13076/13078/271844/14080/100705/13081/19013/12683/27281/66968/23956/18802/329502",0.213927855492356
"GO:0051251","positive regulation of lymphocyte activation",322,-0.451677841668743,-1.26111673482531,0.0468583599574015,0.47994320198793,0.47994320198793,4902,"tags=35%, list=24%, signal=27%","16196/66993/22329/242122/20851/20375/16859/12978/105855/17874/16189/12509/13482/15000/12010/12229/78317/22177/668101/19260/104709/12522/20296/66824/14999/12480/12524/11444/19264/18019/22042/16168/16846/74734/16818/16175/16173/320484/320832/18950/27218/50723/12487/11629/12504/16149/12494/14969/12501/81897/16186/16184/12772/22778/22361/108723/14165/14961/14456/14998/24099/21947/12507/83408/20737/14960/60533/16362/16408/74015/14744/12703/57765/16161/252838/18861/20739/230979/16963/12511/17260/22637/67596/12775/19419/333883/56644/21939/16019/15944/13136/16169/17221/58205/16000/21940/16160/18761/20533/20304/209590/15978/16159/16191/12484/16147/170776/54215/21333/16008/16002/60505/235320",0.213927855492356
"GO:0046651","lymphocyte proliferation",306,-0.455470080656717,-1.26048299045462,0.0455991516436903,0.476158946106958,0.476158946106958,4615,"tags=38%, list=23%, signal=29%","12978/105855/17874/94176/20315/16189/17096/12509/15000/12229/78317/18439/22177/19260/93675/66824/14999/18173/12480/12483/12524/278180/11444/19264/22362/18019/20556/22042/16168/16846/12477/16414/15170/16175/16173/320484/16199/18950/27218/50723/12487/11629/12504/30925/16149/240873/12494/12501/81897/16184/12772/108723/14165/20666/24099/21947/193385/20737/14960/60533/16362/16408/19171/94185/50498/16161/22780/17079/20739/230979/16963/12511/17260/16988/22637/14714/12775/19419/333883/20230/21939/16019/20555/15944/13136/12578/17221/58205/15930/16000/58206/21940/245126/16160/18761/20533/20304/18782/209590/114570/15978/69816/15223/16159/22417/54698/16191/12484/16147/170776/21333/21948/16008/16002/60505",0.216542836735348
"GO:0032943","mononuclear cell proliferation",310,-0.45383660500307,-1.2589354925783,0.0482832618025751,0.486011139962598,0.486011139962598,4615,"tags=37%, list=23%, signal=29%","12978/105855/17874/94176/20315/16189/17096/12509/15000/12229/78317/18439/22177/19260/93675/66824/14999/18173/12480/12483/12524/278180/11444/19264/22362/18019/20556/22042/16168/16846/12477/16414/15170/16175/16173/320484/16199/18950/27218/50723/12487/11629/12504/30925/16149/240873/12494/12501/81897/16184/12772/108723/14165/20666/24099/21947/193385/20737/14960/60533/16362/16408/19171/94185/50498/16161/22780/17079/20739/230979/16963/12511/17260/16988/22637/14714/12775/19419/333883/20230/21939/16019/20555/15944/13136/12578/17221/58205/15930/16000/58206/21940/245126/16160/18761/20533/20304/18782/209590/114570/15978/69816/15223/16159/22417/54698/16191/12484/16147/170776/21333/21948/16008/16002/60505",0.211400189384923
"GO:0003002","regionalization",395,-0.440955112422577,-1.24127992483437,0.0445134575569358,0.470947980940102,0.470947980940102,3086,"tags=17%, list=15%, signal=15%","15426/13411/21410/12622/19378/15434/14164/24113/57246/207607/12266/51938/11695/15436/20473/320145/17260/23796/15214/15425/74453/13813/18119/210510/12022/12592/21375/14734/21385/21407/54562/12020/13798/18530/15427/22772/15223/20472/15424/68922/15423/71860/18091/16147/17877/226049/22413/14186/234219/65256/14275/18509/12808/18121/209448/20319/22408/20377/109663/235320/14463/18741/22138/17878/230909/21393/16814",0.216542836735348
"GO:0045089","positive regulation of innate immune response",439,-0.435770699229085,-1.23259178000381,0.0441025641025641,0.468918322295806,0.468918322295806,4937,"tags=32%, list=25%, signal=24%","19063/16364/56620/240518/20851/14991/72512/15951/71481/71956/20375/64296/16859/212937/17874/21899/667823/54445/234779/17096/225471/13482/12229/18439/16174/22177/94088/54123/19260/170743/26940/214763/27056/234311/66824/170744/98999/279572/80285/18708/24088/12524/26904/19106/57319/12363/56489/637515/83490/56619/71586/80861/209387/15170/211550/231655/104759/64685/107607/20128/52150/30925/16149/75083/71398/383619/81897/226691/57738/246730/100340/268973/22259/83408/12362/60533/16362/210808/319236/100040462/226695/21926/21897/236312/16643/142980/243655/15950/16963/327957/224840/102639543/23960/19419/434341/56644/16768/246727/27278/58203/384059/623121/237868/17059/15944/229900/231798/100033459/54396/55932/225825/23961/27007/239081/320407/229898/20400/16160/16145/16365/14469/231699/16803/69097/12491/386454/16641/14289/19695/14468/545384/16159/54698/54215/625530/17175/60505/67445/12374",0.216542836735348
"GO:0015711","organic anion transport",415,-0.438394002208683,-1.23244824180749,0.0454545454545455,0.476158946106958,0.476158946106958,3051,"tags=20%, list=15%, signal=17%","71781/268860/63954/73095/319924/228993/108116/26874/20493/21926/215332/20614/66972/13853/237625/11770/140919/18155/106407/22599/75750/216227/193034/229699/13491/66859/20617/56018/240638/19218/72401/14580/240726/546729/12298/246049/231290/24115/20533/14079/234564/22066/18782/12491/20500/20517/20519/26367/215900/11606/76257/231583/73333/12895/18778/13487/240215/18168/208890/277468/18670/102570/18857/20512/271844/14080/100705/14275/74686/232156/57394/57274/26557/20927/94229/28254/53896/12374/20528/67473/14077",0.213927855492356
"GO:0031047","regulatory ncRNA-mediated gene silencing",171,0.366416224863529,1.22854727364359,0.0367413114487378,0.422854304881351,0.422854304881351,1126,"tags=11%, list=6%, signal=11%","723898/70800/71981/732489/622480/100503393/100124432/735261/751546/214575/723827/387189/723946/83561/751529/387190/723825/16193/194908",0.321775918075361
"GO:0006364","rRNA processing",220,0.34122824534521,1.20827508981873,0.0229756059208698,0.306316145480383,0.306316145480383,7190,"tags=53%, list=36%, signal=34%","14113/66481/102614/100609/16418/67281/67223/20055/54127/57294/27176/67025/66489/20044/19942/76130/100503670/68077/234374/227695/30946/56200/27993/67619/21771/20227/20115/227715/67222/104662/208768/66932/69072/52530/56095/52202/213895/59050/108707/64934/227656/59028/213773/18114/20085/276919/230082/66229/212547/217038/67115/27966/103136/66878/69663/228889/66942/71990/245474/20104/448850/72462/67674/69237/57808/57315/67040/68533/75416/229937/12181/215193/52513/269470/72344/67832/18150/98956/107071/18572/14791/67045/67848/66711/70285/27998/77591/72181/214627/110816/67205/57750/215194/68147/53414/72662/72198/75273/208366/110109/68731/74035/66362/101122/66580/320790/72515/67936/59014/17975/68083/101867/67755/68327/72554/225348",0.352487857583619
NA,NA,NA,NA,NA,NA,NA,NA,NA,NA,NA,NA
NA,NA,NA,NA,NA,NA,NA,NA,NA,NA,NA,NA
