"ID","Description","setSize","enrichmentScore","NES","pvalue","p.adjust","qvalue","rank","leading_edge","core_enrichment","log2err"
"GO:0055001","muscle cell development",235,-0.798603124735115,-2.19838205916729,1e-10,4.28133333333333e-08,4.28133333333333e-08,964,"tags=24%, list=5%, signal=23%","12845/18091/242702/17877/225638/23828/65256/234072/72330/59006/21916/19013/237611/64082/93677/17927/22437/68760/11472/278507/109272/433766/381339/228003/78321/12335/66797/12391/74376/14463/116904/17929/53311/18741/18175/22138/17878/20190/50874/17906/17996/12292/320502/59011/68802/24131/21393/11459/17930/12372/21957/11464/11474/233199/238564/17306",NA
"GO:0055002","striated muscle cell development",201,-0.801345016206812,-2.19822880345255,1e-10,4.28133333333333e-08,4.28133333333333e-08,928,"tags=26%, list=5%, signal=25%","18091/242702/17877/225638/23828/65256/234072/72330/59006/21916/19013/237611/64082/93677/17927/22437/68760/11472/109272/433766/381339/228003/78321/12335/66797/12391/74376/14463/116904/17929/53311/18741/18175/22138/17878/20190/50874/17906/17996/12292/320502/59011/68802/24131/21393/11459/17930/12372/21957/11464/11474/233199/238564",NA
"GO:0030239","myofibril assembly",78,-0.860642992197131,-2.15128362071793,1e-10,4.28133333333333e-08,4.28133333333333e-08,450,"tags=40%, list=2%, signal=39%","234072/59006/21916/93677/22437/68760/11472/109272/228003/78321/12335/12391/17929/53311/18175/22138/50874/17906/17996/320502/59011/68802/24131/21393/11459/17930/12372/21957/11464/233199/238564",NA
"GO:0031032","actomyosin structure organization",219,-0.777062315605131,-2.131063380997,1e-10,4.28133333333333e-08,4.28133333333333e-08,1323,"tags=19%, list=7%, signal=18%","17888/385354/213435/77569/22417/18091/242702/71960/21333/234072/59006/21916/93677/22437/68760/11472/109272/228003/78321/12335/12391/74376/17929/53311/18175/22138/50874/17906/17996/320502/59011/68802/24131/21393/11459/17930/12372/21957/11464/233199/238564/17926",NA
"GO:0010927","cellular component assembly involved in morphogenesis",146,-0.780074633058302,-2.10037577510672,1e-10,4.28133333333333e-08,4.28133333333333e-08,1323,"tags=31%, list=7%, signal=29%","17888/11470/53604/213435/432552/12805/72948/18091/242702/269116/16147/76426/67652/234072/214105/59006/21916/93677/22437/68760/11472/109272/228003/78321/12335/12391/17929/53311/18175/22138/50874/17906/17996/320502/59011/68802/24131/21393/11459/17930/12372/21957/11464/233199/238564",NA
"GO:0032989","cellular anatomical entity morphogenesis",146,-0.780074633058302,-2.10037577510672,1e-10,4.28133333333333e-08,4.28133333333333e-08,1323,"tags=31%, list=7%, signal=29%","17888/11470/53604/213435/432552/12805/72948/18091/242702/269116/16147/76426/67652/234072/214105/59006/21916/93677/22437/68760/11472/109272/228003/78321/12335/12391/17929/53311/18175/22138/50874/17906/17996/320502/59011/68802/24131/21393/11459/17930/12372/21957/11464/233199/238564",NA
"GO:0051146","striated muscle cell differentiation",388,-0.741361455240224,-2.09041755597947,1e-10,4.28133333333333e-08,4.28133333333333e-08,1168,"tags=19%, list=6%, signal=18%","213435/244810/17329/15945/11606/18091/242702/20661/17877/225638/23828/65256/234072/72330/78977/59006/21916/330721/19013/66139/56642/16002/237611/64082/93677/22408/17927/22437/227721/68760/23956/11472/434246/109272/433766/381339/228003/78321/12335/66797/12391/74376/14463/116904/17929/53311/18741/18175/22138/17878/666794/20190/228785/12180/50874/66211/17906/17996/20679/12292/320502/59011/68802/24131/21393/11459/17930/12372/21957/11464/11474/233199/238564/226438",NA
"GO:0045214","sarcomere organization",55,-0.873843770801394,-2.07718618388023,5.07521193508158e-09,1.81072283594966e-06,1.81072283594966e-06,334,"tags=40%, list=2%, signal=39%","59006/93677/22437/68760/11472/109272/78321/12335/12391/17929/53311/22138/17996/59011/68802/24131/21393/17930/12372/21957/233199/238564",0.761460801445585
"GO:0014888","striated muscle adaptation",54,-0.868743232312459,-2.05865834830109,7.63860000203235e-09,2.58184680068694e-06,2.58184680068694e-06,527,"tags=28%, list=3%, signal=27%","65256/100705/59006/66139/69642/17927/17700/14463/76469/12292/59011/21393/11474/17926/140781",0.747739663149885
"GO:0050881","musculoskeletal movement",66,-0.831906996804888,-2.04130171739562,5.44125989893119e-08,1.455990461289e-05,1.455990461289e-05,1938,"tags=42%, list=10%, signal=38%","381077/17885/21955/68312/243277/21925/50769/17883/12845/71960/74492/12350/237611/233335/11448/110893/17189/12391/228785/71912/21393/21953/12372/21957/110880/11937/11474/140781",0.719512826338911
"GO:0006941","striated muscle contraction",227,-0.735453827256275,-2.03453430079467,1e-10,4.28133333333333e-08,4.28133333333333e-08,1097,"tags=19%, list=5%, signal=19%","50769/668940/17883/18091/20192/71960/56188/74166/20191/22226/74492/12350/237611/98660/216033/233335/11448/109272/110893/17189/12391/18125/14463/56012/22138/20190/228785/66211/71912/17906/12292/320502/21393/21953/12372/21957/110880/11464/11937/11474/17901/399548/17897/140781",NA
"GO:0043500","muscle adaptation",138,-0.768105789724433,-2.03273511702755,1.86805125715505e-10,7.4978907334061e-08,7.4978907334061e-08,527,"tags=15%, list=3%, signal=15%","65256/100705/59006/19013/66139/69642/17927/106393/433766/17700/12391/14463/76469/12292/59011/21393/12372/241113/11474/17926/140781",0.826657301178302
"GO:0050879","multicellular organismal movement",71,-0.824269767099073,-2.02408664544645,2.07241955807324e-08,6.33765638187923e-06,6.33765638187923e-06,2012,"tags=41%, list=10%, signal=37%","18159/381077/17885/21955/68312/243277/21925/50769/17883/12845/71960/74492/12350/237611/233335/11448/110893/17189/12391/228785/71912/21393/21953/12372/21957/110880/11937/11474/140781",0.73376198835648
"GO:0007517","muscle organ development",356,-0.709700574119675,-2.01325567078173,1e-10,4.28133333333333e-08,4.28133333333333e-08,995,"tags=18%, list=5%, signal=17%","20681/18091/387163/17877/71960/57339/66175/22413/12955/23828/65256/12804/22634/20191/18509/72330/18121/12922/78977/59006/66139/56642/16002/237611/64082/17927/70127/56504/217012/13346/68678/434246/16716/381339/228003/12335/17700/66797/14463/17929/18741/241431/22138/17878/666794/20190/228785/12180/66211/17906/12292/320502/59011/215031/433294/21393/17907/11459/16814/12372/11464/11474/17897/140781",NA
"GO:0010830","regulation of myotube differentiation",45,-0.856038133821423,-2.00745556310482,7.18467044590069e-07,0.000129786618605202,0.000129786618605202,928,"tags=31%, list=5%, signal=30%","18091/17877/56642/17927/227721/23956/434246/12391/17878/666794/12180/66211/320502/11474",0.659444398037935
"GO:0043501","skeletal muscle adaptation",25,-0.93845496611728,-2.00486478533634,4.2296335552286e-08,1.18098724746426e-05,1.18098724746426e-05,527,"tags=44%, list=3%, signal=43%","65256/59006/66139/17927/17700/76469/12292/59011/11474/17926/140781",0.719512826338911
"GO:0003009","skeletal muscle contraction",53,-0.839224784259301,-1.99923667512645,7.94622474999918e-07,0.000134291198274986,0.000134291198274986,1938,"tags=51%, list=10%, signal=46%","381077/17885/21955/68312/243277/21925/50769/17883/71960/74492/12350/237611/233335/11448/110893/17189/12391/228785/71912/21393/21953/12372/21957/110880/11937/11474/140781",0.659444398037935
"GO:0060538","skeletal muscle organ development",210,-0.727930038014828,-1.99633863681476,1e-10,4.28133333333333e-08,4.28133333333333e-08,795,"tags=19%, list=4%, signal=18%","17877/71960/23828/65256/12804/22634/18509/72330/12922/78977/59006/56642/16002/237611/64082/17927/56504/13346/228003/12335/17700/66797/14463/17929/18741/17878/666794/20190/228785/12180/12292/320502/59011/215031/433294/17907/11459/12372/11474",NA
"GO:0007519","skeletal muscle tissue development",198,-0.728016484556097,-1.99112507129435,1e-10,4.28133333333333e-08,4.28133333333333e-08,795,"tags=19%, list=4%, signal=18%","17877/71960/23828/65256/22634/18509/72330/12922/78977/59006/56642/16002/237611/64082/17927/56504/228003/12335/17700/66797/14463/17929/18741/17878/666794/20190/228785/12180/12292/320502/59011/215031/433294/17907/11459/12372/11474",NA
"GO:0048741","skeletal muscle fiber development",41,-0.864219649038354,-1.98927148866705,1.19261663859346e-06,0.00018235676316779,0.00018235676316779,795,"tags=27%, list=4%, signal=26%","17877/72330/237611/17927/66797/17878/20190/12292/320502/11459/11474",0.643551836150722
"GO:0006942","regulation of striated muscle contraction",93,-0.766163362125025,-1.98769411112101,3.29277463102575e-07,7.04873289348245e-05,7.04873289348245e-05,1259,"tags=23%, list=6%, signal=21%","11931/668940/18091/56188/74166/20191/22226/74492/98660/216033/110893/12391/14463/228785/12372/21957/110880/11937/11474/17897/140781",0.674962860011025
"GO:0014904","myotube cell development",49,-0.830957558523271,-1.96902694323617,4.48261377750673e-06,0.000553602801522081,0.000553602801522081,795,"tags=27%, list=4%, signal=26%","17877/72330/237611/17927/433766/381339/66797/17878/20190/12292/320502/11459/11474",0.610526878385931
"GO:0048644","muscle organ morphogenesis",89,-0.772897597734053,-1.95845683430183,3.54339758630372e-07,7.11115603101327e-05,7.11115603101327e-05,1323,"tags=24%, list=7%, signal=22%","17888/18996/18091/387163/17877/22413/20191/18509/18121/68678/14463/18741/241431/22138/17878/228785/17906/21393/11464/17897/140781",0.674962860011025
"GO:0045661","regulation of myoblast differentiation",84,-0.769609002839552,-1.95198850807509,1.4780942275033e-06,0.000209780696447199,0.000209780696447199,1127,"tags=21%, list=6%, signal=20%","17451/17329/15945/20681/17877/66175/56642/17927/70127/23956/381339/228003/12335/17700/17878/666794/12180/69564",0.643551836150722
"GO:0006936","muscle contraction",363,-0.690173019558049,-1.94278367282129,1e-10,4.28133333333333e-08,4.28133333333333e-08,2426,"tags=25%, list=12%, signal=22%","15566/17540/22004/16493/11555/243547/193034/93689/60596/140492/19218/13009/20266/21385/381077/17885/24046/12310/21955/17880/68312/243277/12295/13616/16485/21925/17888/11931/50769/11606/668940/17883/12845/18091/20192/71960/544791/56188/16531/17882/74166/12723/20191/22226/74492/192650/12350/21916/237611/93677/17879/98660/216033/11472/233335/11448/109272/433766/110893/12299/17189/12391/18125/14463/56012/17929/22138/20190/228785/50874/66211/71912/17906/12292/320502/21393/21953/17907/17930/12372/21957/110880/11464/11937/11474/233199/17901/399548/17884/17897/140781",NA
"GO:0060415","muscle tissue morphogenesis",81,-0.775714562850933,-1.93351275167659,1.23464494651297e-06,0.000184392787128054,0.000184392787128054,1323,"tags=23%, list=7%, signal=22%","17888/18996/18091/387163/17877/22413/20191/18509/18121/18741/241431/22138/17878/228785/17906/21393/11464/17897/140781",0.643551836150722
"GO:0055008","cardiac muscle tissue morphogenesis",68,-0.772910088021049,-1.92377315088347,1.93578029569475e-05,0.00197326683475423,0.00197326683475423,1323,"tags=22%, list=7%, signal=21%","17888/18996/18091/22413/20191/18121/18741/241431/22138/228785/17906/21393/11464/17897/140781",0.575610261071129
"GO:0050905","neuromuscular process",214,-0.704414619025814,-1.92259268759999,1e-10,4.28133333333333e-08,4.28133333333333e-08,2369,"tags=25%, list=12%, signal=22%","11555/268859/13491/18124/224129/21960/237523/381077/17885/21407/21955/68312/243277/16485/21925/229320/18996/83762/50769/17883/50873/12845/12323/224796/71960/14811/16531/20512/22226/14402/74492/381338/12350/209448/72088/64378/20927/237611/233335/11448/110893/17189/66797/12391/228785/71912/21393/21953/12372/21957/110880/11937/11474/140781",NA
"GO:0014706","striated muscle tissue development",456,-0.673896705227574,-1.91319259971554,1e-10,4.28133333333333e-08,4.28133333333333e-08,1173,"tags=15%, list=6%, signal=15%","18011/18996/213435/244810/11606/20681/18091/13869/17877/71960/225638/22413/23828/65256/22634/20191/234072/18509/72330/18121/12922/78977/59006/19013/56642/16002/237611/64082/17927/56504/22437/11472/228003/12335/17700/66797/12391/74376/14463/116904/17929/18741/241431/24053/18175/22138/17878/666794/20190/16514/228785/12180/66211/17906/17996/20679/12292/320502/59011/215031/433294/21393/17907/11459/12372/11464/11474/17897/140781",NA
"GO:0045445","myoblast differentiation",119,-0.727006991635412,-1.90443329298238,3.47976063269476e-07,7.11115603101327e-05,7.11115603101327e-05,1127,"tags=18%, list=6%, signal=18%","17451/17329/15945/20681/17877/66175/65256/56642/17927/70127/22437/23956/381339/228003/12335/17700/14177/17878/666794/12180/226438/69564",0.674962860011025
"GO:0055013","cardiac muscle cell development",108,-0.730916461148545,-1.89788115474401,7.59102692503447e-07,0.000131755607871814,0.000131755607871814,2548,"tags=29%, list=13%, signal=25%","74103/11554/11731/15214/13009/16000/17880/68016/17888/213435/11606/18091/225638/23828/65256/234072/19013/64082/22437/11472/12391/74376/14463/116904/18741/18175/22138/17906/17996/21393/11464",0.659444398037935
"GO:0014819","regulation of skeletal muscle contraction",20,-0.921691606924235,-1.89703073120221,8.10980610706387e-06,0.000897951289992486,0.000897951289992486,425,"tags=45%, list=2%, signal=44%","74492/110893/12391/228785/12372/110880/11937/11474/140781",0.593325476396405
"GO:0090257","regulation of muscle system process",260,-0.683626551019325,-1.89596657684111,4.3653054312189e-10,1.64905832231104e-07,1.64905832231104e-07,1720,"tags=18%, list=9%, signal=17%","12310/21955/68312/22065/243277/12295/13616/16485/21925/11931/11606/668940/18091/56188/16531/100705/74166/20191/22226/74492/19013/66139/20927/69642/98660/216033/106393/433766/110893/12299/17700/12391/14463/22138/20190/228785/15464/76469/12292/12372/21957/110880/241113/11937/11474/17897/140781",0.814035837847908
"GO:0014896","muscle hypertrophy",123,-0.713201294448816,-1.88888456931024,1.53529939785399e-06,0.000209780696447199,0.000209780696447199,2529,"tags=21%, list=13%, signal=19%","30937/11554/17260/11731/15214/18124/18585/13009/16000/22065/17888/11606/66277/100705/20191/19013/66139/69642/433766/17700/12391/14463/22138/21393/17926/140781",0.643551836150722
"GO:0051153","regulation of striated muscle cell differentiation",101,-0.740443651479544,-1.88871335119238,1.28459595439271e-06,0.000187492618616136,0.000187492618616136,1168,"tags=18%, list=6%, signal=17%","213435/18091/17877/330721/19013/56642/17927/227721/23956/434246/12391/17878/666794/12180/66211/20679/320502/11474",0.643551836150722
"GO:0070296","sarcoplasmic reticulum calcium ion transport",37,-0.835968187331225,-1.88366580071583,4.1126300002888e-05,0.00377304426597924,0.00377304426597924,911,"tags=32%, list=5%, signal=31%","20192/74166/20191/12299/69563/20190/15464/68460/433294/76757/12372/11937",0.557332238758646
"GO:0060048","cardiac muscle contraction",131,-0.711548197242472,-1.87875041136658,4.06113114756361e-07,7.67076006754515e-05,7.67076006754515e-05,1323,"tags=18%, list=7%, signal=17%","17888/11931/668940/18091/56188/74166/20191/22226/98660/216033/109272/12391/14463/22138/17906/21393/21953/11464/11937/17901/399548/17897/140781",0.674962860011025
"GO:0043101","purine-containing compound salvage",29,-0.859137359422876,-1.87793474404822,3.96960178462876e-05,0.00369460618273709,0.00369460618273709,27,"tags=7%, list=0%, signal=7%","229665/69564",0.557332238758646
"GO:0014902","myotube differentiation",183,-0.69916318044639,-1.87515149010481,1.97522478215773e-08,6.33765638187923e-06,6.33765638187923e-06,1126,"tags=16%, list=6%, signal=15%","17329/15945/18091/20661/17877/72330/66139/56642/237611/22408/17927/227721/23956/434246/433766/381339/66797/12391/18741/17878/666794/20190/12180/66211/12292/320502/11459/11474/226438",0.73376198835648
"GO:0055006","cardiac cell development",117,-0.721542840164245,-1.87244987302288,1.07672312817294e-06,0.000172867898228166,0.000172867898228166,2548,"tags=26%, list=13%, signal=23%","74103/11554/11731/15214/13009/16000/17880/68016/17888/213435/11606/18091/225638/23828/65256/234072/19013/64082/22437/11472/12391/74376/14463/116904/18741/18175/22138/17906/17996/21393/11464",0.643551836150722
"GO:0140694","membraneless organelle assembly",474,-0.653989411934278,-1.87096959534814,1e-10,4.28133333333333e-08,4.28133333333333e-08,1329,"tags=10%, list=7%, signal=9%","67578/17888/78906/66991/213435/16191/18091/242702/545486/212541/14080/65256/234072/59006/21916/66968/93677/22437/68760/11472/108079/384619/109272/228003/78321/12335/12391/17929/53311/18175/22138/50874/17906/17996/320502/59011/68802/24131/21393/11459/68680/17930/12372/21957/11464/233199/238564",NA
"GO:0070252","actin-mediated cell contraction",106,-0.725081758336676,-1.86883561321561,2.94503663329647e-06,0.000378260505180599,0.000378260505180599,630,"tags=13%, list=3%, signal=13%","56188/20191/98660/216033/12391/18125/14463/228785/11464/11937/17901/399548/17897/140781",0.627256739718528
"GO:0043173","nucleotide salvage",35,-0.833041562143298,-1.8680363704654,8.79596671373534e-05,0.00743259187310637,0.00743259187310637,27,"tags=6%, list=0%, signal=6%","229665/69564",0.538434096309916
"GO:0055007","cardiac muscle cell differentiation",157,-0.695809605985603,-1.86760426934,2.01600644002563e-07,4.47999256882993e-05,4.47999256882993e-05,2548,"tags=24%, list=13%, signal=21%","74103/11554/17260/11731/15214/193034/13009/16000/17880/68016/17888/213435/244810/11606/18091/225638/23828/65256/234072/19013/64082/17927/22437/11472/12391/74376/14463/116904/18741/18175/22138/228785/17906/17996/20679/21393/11464",0.690132458796796
"GO:0043403","skeletal muscle tissue regeneration",48,-0.790778418094112,-1.86256795400938,7.25908913400186e-05,0.00629971221872432,0.00629971221872432,1874,"tags=27%, list=9%, signal=25%","16000/94045/20670/225152/18509/66139/17927/22437/381339/12335/17700/17878/59011",0.538434096309916
"GO:0032261","purine nucleotide salvage",27,-0.862036487513668,-1.86125921989324,0.000127867432847183,0.00983233150320874,0.00983233150320874,27,"tags=7%, list=0%, signal=7%","229665/69564",0.518848077743792
"GO:0030216","keratinocyte differentiation",131,0.570556950856566,1.85513632511642,2.21439105553125e-06,0.000296267069971285,0.000296267069971285,2427,"tags=26%, list=12%, signal=23%","110308/16664/69073/16667/100034684/76770/74591/109620/16673/408196/20761/381867/406220/93746/20863/64929/20758/195733/66195/252973/21818/17123/332131/110310/545975/433016/20759/386463/12575/20753/19225/80859/21816/18103",0.627256739718528
"GO:0043094","metabolic compound salvage",51,-0.774956462466939,-1.84785243123896,0.000226810548409279,0.0153323930724672,0.0153323930724672,27,"tags=4%, list=0%, signal=4%","229665/69564",0.518848077743792
"GO:0014897","striated muscle hypertrophy",121,-0.706924934561692,-1.84153598814835,5.84169804836538e-06,0.000707837450313254,0.000707837450313254,2529,"tags=21%, list=13%, signal=18%","30937/11554/17260/11731/15214/18124/18585/13009/16000/22065/17888/11606/66277/100705/20191/19013/66139/69642/433766/12391/14463/22138/21393/17926/140781",0.610526878385931
"GO:0006937","regulation of muscle contraction",162,-0.688627391582699,-1.84111354498473,3.73328316533777e-07,7.26519529933308e-05,7.26519529933308e-05,1720,"tags=20%, list=9%, signal=19%","12310/21955/68312/243277/12295/13616/16485/21925/11931/668940/18091/56188/16531/74166/20191/22226/74492/98660/216033/110893/12299/12391/14463/20190/228785/12292/12372/21957/110880/11937/11474/17897/140781",0.674962860011025
"GO:0051147","regulation of muscle cell differentiation",155,-0.68058408773544,-1.83575685400619,1.52937487504734e-06,0.000209780696447199,0.000209780696447199,1168,"tags=13%, list=6%, signal=12%","213435/18091/17877/330721/19013/56642/16002/225518/17927/227721/23956/434246/12391/17878/666794/12180/66211/20679/320502/11474",0.643551836150722
"GO:0051154","negative regulation of striated muscle cell differentiation",42,-0.787412591566353,-1.82879050556303,0.000201353867233209,0.0140553753844747,0.0140553753844747,928,"tags=19%, list=5%, signal=18%","18091/19013/56642/227721/434246/12391/66211/20679",0.518848077743792
"GO:0035051","cardiocyte differentiation",195,-0.664577991855957,-1.82616786190348,2.02304242441713e-07,4.47999256882993e-05,4.47999256882993e-05,2548,"tags=22%, list=13%, signal=19%","74103/11554/17260/11731/15214/193034/13813/13009/21385/16000/723919/17880/68016/17888/213435/244810/11606/18091/387163/225638/23828/65256/14275/234072/19013/64082/17927/22437/11472/12391/74376/14463/116904/18741/18175/22138/228785/17906/17996/20679/21393/11464",0.690132458796796
"GO:0060047","heart contraction",231,-0.658643922613662,-1.81792811864984,9.23427498380606e-08,2.2808659210001e-05,2.2808659210001e-05,2705,"tags=25%, list=14%, signal=22%","20271/17201/12652/20648/22003/11554/15214/16493/12287/11555/193034/14681/140492/13009/20266/21385/21834/12310/68312/100038489/110312/13616/15978/17888/11931/11606/668940/18091/12290/56188/21333/23828/74166/20191/22226/12922/64082/98660/216033/14652/109272/12391/18125/14463/24053/22138/17906/15464/21393/21953/76757/11464/11937/17901/399548/17897/140781",0.704975715167238
"GO:0033275","actin-myosin filament sliding",16,-0.919962639149426,-1.81693171996931,8.67294894348924e-05,0.00742635708201172,0.00742635708201172,106,"tags=31%, list=1%, signal=31%","228785/11464/17901/17897/140781",0.538434096309916
"GO:0003015","heart process",238,-0.652985534914827,-1.81688071620036,1.1312707794902e-07,2.69074849847633e-05,2.69074849847633e-05,2705,"tags=24%, list=14%, signal=21%","20271/17201/12652/20648/22003/11554/15214/16493/12287/11555/193034/14681/140492/13009/20266/21385/21834/12310/68312/100038489/110312/13616/15978/17888/11931/11606/668940/18091/12290/56188/21333/23828/74166/20191/22226/12922/64082/98660/216033/14652/109272/12391/18125/14463/24053/22138/17906/15464/21393/21953/76757/11464/11937/17901/399548/17897/140781",0.704975715167238
"GO:0070885","negative regulation of calcineurin-NFAT signaling cascade",16,-0.918711884794763,-1.81446147263081,9.74957475551571e-05,0.00792554038986353,0.00792554038986353,334,"tags=31%, list=2%, signal=31%","59006/26557/76469/59011/11474",0.538434096309916
"GO:0106057","negative regulation of calcineurin-mediated signaling",16,-0.918711884794763,-1.81446147263081,9.74957475551571e-05,0.00792554038986353,0.00792554038986353,334,"tags=31%, list=2%, signal=31%","59006/26557/76469/59011/11474",0.538434096309916
"GO:0051148","negative regulation of muscle cell differentiation",65,-0.738478052443963,-1.81283333541043,0.000144382577286801,0.010781685015533,0.010781685015533,928,"tags=15%, list=5%, signal=15%","18091/19013/56642/16002/225518/227721/434246/12391/66211/20679",0.518848077743792
"GO:0006479","protein methylation",55,-0.762630144045445,-1.81282381537034,0.000182129227669821,0.0128531197812702,0.0128531197812702,57,"tags=4%, list=0%, signal=4%","433294/240879",0.518848077743792
"GO:0008213","protein alkylation",55,-0.762630144045445,-1.81282381537034,0.000182129227669821,0.0128531197812702,0.0128531197812702,57,"tags=4%, list=0%, signal=4%","433294/240879",0.518848077743792
"GO:0097720","calcineurin-mediated signaling",57,-0.739612824598253,-1.81257137101935,0.000347308078315092,0.021446273835957,0.021446273835957,3262,"tags=32%, list=16%, signal=27%","211482/26423/70261/21926/230775/30937/20495/56644/108995/16000/53901/110891/59006/26557/100504518/76469/59011/11474",0.49849310876659
"GO:0030048","actin filament-based movement",130,-0.686498047186467,-1.81115331893006,7.47700598447438e-06,0.000842409340917447,0.000842409340917447,1323,"tags=14%, list=7%, signal=13%","17888/77569/668940/71960/56188/20191/98660/216033/12391/18125/14463/228785/11464/11937/17901/399548/17897/140781",0.610526878385931
"GO:0051496","positive regulation of stress fiber assembly",57,-0.73784272619298,-1.80823338554022,0.000386113066790543,0.0236154106183702,0.0236154106183702,1869,"tags=12%, list=9%, signal=11%","18816/18761/77569/22417/21333/68760/17926",0.49849310876659
"GO:0038128","ERBB2 signaling pathway",23,-0.86771527162649,-1.8048063225949,9.35182984768785e-05,0.00779966899764304,0.00779966899764304,849,"tags=13%, list=4%, signal=13%","13645/13869/17926",0.538434096309916
"GO:0043502","regulation of muscle adaptation",112,-0.695911588411101,-1.80198968370434,1.25887237530407e-05,0.00134741306570046,0.00134741306570046,509,"tags=11%, list=3%, signal=11%","100705/19013/66139/69642/106393/433766/12391/76469/12372/241113/11474/140781",0.593325476396405
"GO:0050849","negative regulation of calcium-mediated signaling",24,-0.854481617423321,-1.80143978862591,0.000767891769035985,0.0385554692851709,0.0385554692851709,334,"tags=21%, list=2%, signal=21%","59006/26557/76469/59011/11474",0.477270815362862
"GO:0070884","regulation of calcineurin-NFAT signaling cascade",40,-0.77561621983417,-1.79846799491435,0.000709440435106395,0.0373444792971579,0.0373444792971579,3262,"tags=35%, list=16%, signal=29%","211482/70261/21926/30937/20495/56644/108995/16000/59006/26557/100504518/76469/59011/11474",0.477270815362862
"GO:0048738","cardiac muscle tissue development",268,-0.649256510309114,-1.79702996240569,2.88959302165154e-08,8.43498472047554e-06,8.43498472047554e-06,1172,"tags=13%, list=6%, signal=13%","18996/213435/244810/11606/18091/13869/225638/22413/23828/65256/20191/234072/18121/19013/64082/17927/22437/11472/12391/74376/14463/116904/18741/241431/24053/18175/22138/16514/228785/17906/17996/20679/21393/11464/17897/140781",0.73376198835648
"GO:0014733","regulation of skeletal muscle adaptation",16,-0.909878065335549,-1.79701462631239,0.000203937745467137,0.01408266883215,0.01408266883215,311,"tags=25%, list=2%, signal=25%","66139/76469/11474/140781",0.518848077743792
"GO:0014808","release of sequestered calcium ion into cytosol by sarcoplasmic reticulum",31,-0.812958245139105,-1.79630988078775,0.000807912007107962,0.039010608343213,0.039010608343213,911,"tags=29%, list=5%, signal=28%","20192/74166/20191/20190/15464/68460/433294/76757/12372",0.477270815362862
"GO:0060445","branching involved in salivary gland morphogenesis",27,0.693946996933319,1.79481499945047,0.00173802074588487,0.0672383688558592,0.0672383688558592,2611,"tags=33%, list=13%, signal=29%","207920/12162/14179/16193/14183/14178/77411/16776/12550",0.45505986738723
"GO:0003299","muscle hypertrophy in response to stress",29,-0.820791127217634,-1.7941161078642,0.000275331813674508,0.0176818090741769,0.0176818090741769,1648,"tags=28%, list=8%, signal=25%","22065/17888/66277/100705/69642/14463/21393/140781",0.49849310876659
"GO:0014898","cardiac muscle hypertrophy in response to stress",29,-0.820791127217634,-1.7941161078642,0.000275331813674508,0.0176818090741769,0.0176818090741769,1648,"tags=28%, list=8%, signal=25%","22065/17888/66277/100705/69642/14463/21393/140781",0.49849310876659
"GO:0010880","regulation of release of sequestered calcium ion into cytosol by sarcoplasmic reticulum",27,-0.830193336867513,-1.79250533465858,0.000780475086744349,0.0385554692851709,0.0385554692851709,484,"tags=26%, list=2%, signal=25%","74166/20191/15464/68460/433294/76757/12372",0.477270815362862
"GO:1903514","release of sequestered calcium ion into cytosol by endoplasmic reticulum",32,-0.812638646167782,-1.79136971654669,0.000420692769741435,0.025249429600743,0.025249429600743,911,"tags=28%, list=5%, signal=27%","20192/74166/20191/20190/15464/68460/433294/76757/12372",0.49849310876659
"GO:0106056","regulation of calcineurin-mediated signaling",41,-0.778097229823514,-1.79103383777616,0.000463700964754412,0.0266924383812976,0.0266924383812976,3262,"tags=37%, list=16%, signal=31%","211482/70261/21926/30937/20495/56644/108995/16000/110891/59006/26557/100504518/76469/59011/11474",0.49849310876659
"GO:0014887","cardiac muscle adaptation",30,-0.82056486041393,-1.79000427097764,0.00074941134919415,0.0381961879724193,0.0381961879724193,1648,"tags=27%, list=8%, signal=25%","22065/17888/66277/100705/69642/14463/21393/140781",0.477270815362862
"GO:0014741","negative regulation of muscle hypertrophy",38,-0.783218234788741,-1.78852534127634,0.000745730306631003,0.0381961879724193,0.0381961879724193,323,"tags=13%, list=2%, signal=13%","19013/69642/433766/17700/12391",0.477270815362862
"GO:0038129","ERBB3 signaling pathway",14,-0.929654998665534,-1.78802571591249,6.0723993654152e-05,0.00534204777050635,0.00534204777050635,12,"tags=7%, list=0%, signal=7%","17926",0.557332238758646
"GO:1900026","positive regulation of substrate adhesion-dependent cell spreading",44,-0.764982761424859,-1.7844297161088,0.000743048180783585,0.0381961879724193,0.0381961879724193,12,"tags=2%, list=0%, signal=2%","17926",0.477270815362862
"GO:0033173","calcineurin-NFAT signaling cascade",50,-0.749065701627972,-1.78142028935243,0.000535879999934879,0.0299254031267982,0.0299254031267982,3262,"tags=32%, list=16%, signal=27%","211482/70261/21926/230775/30937/20495/56644/108995/16000/53901/59006/26557/100504518/76469/59011/11474",0.477270815362862
"GO:0035914","skeletal muscle cell differentiation",85,-0.702505616320777,-1.77867076532977,0.000162802226973709,0.0118808625184677,0.0118808625184677,995,"tags=19%, list=5%, signal=18%","20681/17877/65256/22634/18509/72330/56642/17927/228003/12335/17700/14463/17878/666794/228785/12180",0.518848077743792
"GO:0045663","positive regulation of myoblast differentiation",49,-0.748587889919986,-1.77384477644352,0.000864598823758568,0.0405288587312228,0.0405288587312228,1127,"tags=20%, list=6%, signal=19%","17451/17329/17877/66175/17927/70127/23956/17878/666794/12180",0.477270815362862
"GO:0032414","positive regulation of ion transmembrane transporter activity",66,-0.722642858826501,-1.77319353539731,0.000319689726775415,0.0201279159348207,0.0201279159348207,287,"tags=12%, list=1%, signal=12%","20927/237611/16514/75607/16502/12372/11937/242735",0.49849310876659
"GO:0003229","ventricular cardiac muscle tissue development",65,-0.721940295106589,-1.77223605876165,0.000465517455419703,0.0266924383812976,0.0266924383812976,1323,"tags=15%, list=7%, signal=14%","17888/18996/18091/20191/18121/14463/16514/17906/17897/140781",0.49849310876659
"GO:0038133","ERBB2-ERBB3 signaling pathway",13,-0.936550456330412,-1.77184392742409,0.000125932265945483,0.00983233150320874,0.00983233150320874,12,"tags=8%, list=0%, signal=8%","17926",0.518848077743792
"GO:0002026","regulation of the force of heart contraction",31,-0.79939951370597,-1.76635055213844,0.00164076926844923,0.0646442959630732,0.0646442959630732,454,"tags=19%, list=2%, signal=19%","20191/98660/18125/17906/17897/140781",0.45505986738723
"GO:0043266","regulation of potassium ion transport",86,-0.693091567367872,-1.76323659201842,0.000168405623484356,0.0121516956631071,0.0121516956631071,2383,"tags=20%, list=12%, signal=17%","16493/11555/140492/19218/225030/14199/13616/11931/11932/20927/16538/11472/12391/18125/75607/16502/66733",0.518848077743792
"GO:0055003","cardiac myofibril assembly",19,-0.852286818381799,-1.75947966910974,0.0023517431925798,0.0820809499062362,0.0820809499062362,2021,"tags=58%, list=10%, signal=52%","13009/68016/213435/18091/234072/18175/22138/17906/17996/21393/11464",0.431707695803346
"GO:0035994","response to muscle stretch",24,-0.833488120081477,-1.75718076579514,0.00225762157329593,0.0796617898005849,0.0796617898005849,454,"tags=25%, list=2%, signal=24%","20191/56642/78321/12391/22138/21393",0.431707695803346
"GO:0051155","positive regulation of striated muscle cell differentiation",55,-0.739037290974951,-1.75674199608655,0.000578812613988072,0.032044263853719,0.032044263853719,2487,"tags=29%, list=12%, signal=26%","11554/17260/193034/13009/16000/213435/17877/330721/17927/23956/12391/17878/666794/12180/320502/11474",0.477270815362862
"GO:0014044","Schwann cell development",45,-0.748470561114578,-1.75520380736109,0.00140373559845628,0.0597005961144785,0.0597005961144785,12,"tags=2%, list=0%, signal=2%","17926",0.45505986738723
"GO:0048742","regulation of skeletal muscle fiber development",12,-0.922042476720388,-1.75388064607739,0.000769726552116186,0.0385554692851709,0.0385554692851709,795,"tags=42%, list=4%, signal=40%","17877/17927/17878/320502/11474",0.477270815362862
"GO:0030049","muscle filament sliding",14,-0.911837377527888,-1.75375669693639,0.000231219751846747,0.0154676379829147,0.0154676379829147,106,"tags=29%, list=1%, signal=28%","228785/17901/17897/140781",0.518848077743792
"GO:0019674","NAD+ metabolic process",48,-0.743158905705742,-1.7504068533386,0.00121948637974225,0.0533214396076345,0.0533214396076345,2437,"tags=23%, list=12%, signal=20%","547253/237868/209176/15930/70789/11871/11872/76668/20512/14555/69564",0.45505986738723
"GO:0014037","Schwann cell differentiation",51,-0.733133500741664,-1.74812726569915,0.00167590744676406,0.0652283492310228,0.0652283492310228,12,"tags=2%, list=0%, signal=2%","17926",0.45505986738723
"GO:0071805","potassium ion transmembrane transport",181,-0.639255302729118,-1.74615462408925,7.04952627759874e-06,0.000823128322813438,0.000823128322813438,2142,"tags=22%, list=11%, signal=19%","60613/140492/16517/19218/211480/16528/170738/16490/171166/56843/225030/14199/13616/16485/16532/11931/84036/16504/76376/27222/16500/16531/20512/105243/74166/11932/16515/20497/20927/16538/98660/12391/99738/16514/16495/75607/16502/242735/66733",0.610526878385931
"GO:0051450","myoblast proliferation",28,-0.804221001312362,-1.7458732457693,0.00163125170851132,0.0646442959630732,0.0646442959630732,1874,"tags=36%, list=9%, signal=32%","16000/20670/723910/71093/18509/56642/17927/228003/17700/18741",0.45505986738723
"GO:0070071","proton-transporting two-sector ATPase complex assembly",16,0.771016040386185,1.74470740983955,0.00455115178490936,0.12601124095395,0.12601124095395,18,"tags=6%, list=0%, signal=6%","110935",0.407017918923954
"GO:1904948","midbrain dopaminergic neuron differentiation",11,-0.937219216410608,-1.74399631722104,0.000154928875453072,0.0114362441167773,0.0114362441167773,581,"tags=45%, list=3%, signal=44%","22413/110648/20319/22408/20377",0.518848077743792
"GO:0051894","positive regulation of focal adhesion assembly",33,-0.790370421490619,-1.74261315270765,0.000883099511856112,0.0410961236604344,0.0410961236604344,1142,"tags=6%, list=6%, signal=6%","22417/17926",0.477270815362862
"GO:1901379","regulation of potassium ion transmembrane transport",64,-0.713569350959829,-1.74083026482124,0.000825403677081513,0.0392647586238331,0.0392647586238331,2124,"tags=19%, list=11%, signal=17%","140492/19218/225030/14199/13616/11931/11932/16538/12391/75607/16502/66733",0.477270815362862
"GO:0006110","regulation of glycolytic process",57,-0.71016778350617,-1.74041032036289,0.00158931849227754,0.0638832805758473,0.0638832805758473,2315,"tags=25%, list=12%, signal=22%","227659/319801/16000/19017/20533/16333/15978/58805/19013/108079/433766/14555/241113/11474",0.45505986738723
"GO:0030811","regulation of nucleotide catabolic process",57,-0.71016778350617,-1.74041032036289,0.00158931849227754,0.0638832805758473,0.0638832805758473,2315,"tags=25%, list=12%, signal=22%","227659/319801/16000/19017/20533/16333/15978/58805/19013/108079/433766/14555/241113/11474",0.45505986738723
"GO:0033121","regulation of purine nucleotide catabolic process",57,-0.71016778350617,-1.74041032036289,0.00158931849227754,0.0638832805758473,0.0638832805758473,2315,"tags=25%, list=12%, signal=22%","227659/319801/16000/19017/20533/16333/15978/58805/19013/108079/433766/14555/241113/11474",0.45505986738723
"GO:2001259","positive regulation of cation channel activity",43,-0.750860326076298,-1.73633726771113,0.00116286788511827,0.0522233395680389,0.0522233395680389,2015,"tags=26%, list=10%, signal=23%","20266/381812/12298/11418/16485/20927/237611/16514/16502/12372/242735",0.45505986738723
"GO:0007435","salivary gland morphogenesis",38,0.643009158587998,1.73569885957073,0.00166954982395038,0.0652283492310228,0.0652283492310228,3142,"tags=32%, list=16%, signal=27%","207920/12162/14179/13608/16193/14183/14178/77411/16776/12550/18508/15234",0.45505986738723
"GO:0032411","positive regulation of transporter activity",71,-0.706728205740595,-1.73545018912229,0.000699526362318878,0.037126928089354,0.037126928089354,287,"tags=11%, list=1%, signal=11%","20927/237611/16514/75607/16502/12372/11937/242735",0.477270815362862
"GO:2000291","regulation of myoblast proliferation",19,-0.839929285728583,-1.73396850667621,0.00364879734145376,0.110012096370028,0.110012096370028,2383,"tags=47%, list=12%, signal=42%","16493/16000/20670/18509/56642/17927/228003/17700/18741",0.431707695803346
"GO:0150117","positive regulation of cell-substrate junction organization",40,-0.747359946314797,-1.73294847342858,0.00225745603308308,0.0796617898005849,0.0796617898005849,12,"tags=2%, list=0%, signal=3%","17926",0.431707695803346
"GO:0035024","negative regulation of Rho protein signal transduction",28,-0.797510041442418,-1.73130450748561,0.0021713680105735,0.0787826291745932,0.0787826291745932,12,"tags=4%, list=0%, signal=4%","17926",0.431707695803346
"GO:0008016","regulation of heart contraction",191,-0.638457527277185,-1.73111738381132,1.40549148496144e-05,0.00147968300269219,0.00147968300269219,2918,"tags=28%, list=15%, signal=24%","72821/13405/21926/21954/20271/17201/12652/20648/22003/11554/15214/16493/12287/11555/193034/14681/140492/13009/20266/21385/21834/12310/68312/100038489/110312/13616/15978/17888/11931/11606/668940/18091/12290/56188/21333/23828/74166/20191/22226/12922/64082/98660/216033/14652/12391/18125/14463/17906/15464/11937/399548/17897/140781",0.593325476396405
"GO:0022011","myelination in peripheral nervous system",32,-0.784059263378806,-1.72836970899451,0.00160155841991769,0.0638832805758473,0.0638832805758473,12,"tags=3%, list=0%, signal=3%","17926",0.45505986738723
"GO:0032292","peripheral nervous system axon ensheathment",32,-0.784059263378806,-1.72836970899451,0.00160155841991769,0.0638832805758473,0.0638832805758473,12,"tags=3%, list=0%, signal=3%","17926",0.45505986738723
"GO:0046329","negative regulation of JNK cascade",41,-0.750870312918879,-1.72836258332949,0.0015387522073719,0.0638832805758473,0.0638832805758473,1180,"tags=17%, list=6%, signal=16%","54612/14869/50873/20319/20377/269016/244923",0.45505986738723
"GO:0003300","cardiac muscle hypertrophy",117,-0.664852136666366,-1.7253338673509,9.96647615112139e-05,0.00800058873031269,0.00800058873031269,2529,"tags=20%, list=13%, signal=17%","30937/11554/17260/11731/15214/18124/18585/13009/16000/22065/17888/11606/66277/100705/20191/19013/69642/433766/12391/14463/22138/21393/140781",0.538434096309916
"GO:0006813","potassium ion transport",215,-0.628068508140796,-1.72435874059725,6.2219695096844e-06,0.000739953485022096,0.000739953485022096,2142,"tags=20%, list=11%, signal=18%","60613/140492/16517/19218/211480/16528/170738/16490/171166/56843/225030/14199/13616/16485/16532/11931/84036/16504/76376/27222/16500/56188/16531/20512/105243/74166/11932/16515/20497/20927/67821/16538/98660/11472/12391/18125/99738/16514/16495/75607/16502/110880/242735/66733",0.610526878385931
"GO:0051149","positive regulation of muscle cell differentiation",80,-0.679403388938653,-1.72308807467638,0.00119866233015082,0.0530883412705416,0.0530883412705416,2487,"tags=20%, list=12%, signal=18%","11554/17260/193034/13009/16000/213435/17877/330721/17927/23956/12391/17878/666794/12180/320502/11474",0.45505986738723
"GO:0003007","heart morphogenesis",280,-0.617855031075768,-1.72235647735181,7.27548780720534e-07,0.000129786618605202,0.000129786618605202,928,"tags=10%, list=5%, signal=9%","18091/18168/16147/225638/22413/65256/14275/20191/234072/73713/18121/20319/22437/68760/12391/14463/18741/241431/22138/20190/228785/17906/21393/16814/11464/17897/140781",0.659444398037935
"GO:0032232","negative regulation of actin filament bundle assembly",40,-0.741855463815885,-1.72018489867382,0.00272450913225191,0.0916062704048259,0.0916062704048259,1248,"tags=10%, list=6%, signal=9%","385354/50873/217371/17926",0.431707695803346
"GO:0048643","positive regulation of skeletal muscle tissue development",19,-0.833247404668703,-1.7201742843291,0.00450344966631967,0.12601124095395,0.12601124095395,795,"tags=32%, list=4%, signal=30%","17877/16002/17927/17878/320502/11474",0.407017918923954
"GO:0070943","neutrophil-mediated killing of symbiont cell",14,0.793127343089807,1.72010766745693,0.00419141695767332,0.12203492356169,0.12203492356169,2301,"tags=57%, list=11%, signal=51%","20277/13142/20311/18976/14825/58217/58218/11846",0.407017918923954
"GO:0048641","regulation of skeletal muscle tissue development",28,-0.791889685520123,-1.71910334758003,0.00281098444281801,0.0936985653277731,0.0936985653277731,795,"tags=21%, list=4%, signal=21%","17877/16002/17927/17878/320502/11474",0.431707695803346
"GO:0071305","cellular response to vitamin D",24,-0.813222689987733,-1.7144566727777,0.00418961899648606,0.12203492356169,0.12203492356169,389,"tags=17%, list=2%, signal=16%","13081/20377/14545/12374",0.407017918923954
"GO:0048384","retinoic acid receptor signaling pathway",34,-0.773899497764338,-1.71418025126453,0.00249075589018912,0.0859980340150243,0.0859980340150243,490,"tags=6%, list=2%, signal=6%","26381/20183",0.431707695803346
"GO:0032233","positive regulation of actin filament bundle assembly",67,-0.708958242920438,-1.71401347450498,0.000806412385215154,0.039010608343213,0.039010608343213,1869,"tags=12%, list=9%, signal=11%","18816/18761/77569/22417/21333/118449/68760/17926",0.477270815362862
"GO:0010831","positive regulation of myotube differentiation",16,-0.866991112375479,-1.71231263745985,0.00215206010040107,0.0785257384362252,0.0785257384362252,235,"tags=25%, list=1%, signal=25%","23956/12391/666794/12180",0.431707695803346
"GO:0032781","positive regulation of ATP-dependent activity",24,-0.811281432270978,-1.71036406409,0.0045793435222789,0.126216927468134,0.126216927468134,144,"tags=12%, list=1%, signal=12%","12374/21957/11937",0.407017918923954
"GO:0031365","N-terminal protein amino acid modification",18,-0.845865126698742,-1.70900936209935,0.00122053123985087,0.0533214396076345,0.0533214396076345,90,"tags=11%, list=0%, signal=11%","74770/240879",0.45505986738723
"GO:0019365","pyridine nucleotide salvage",11,-0.917119160272874,-1.70659372958056,0.000638532337584742,0.0344592829577245,0.0344592829577245,8,"tags=9%, list=0%, signal=9%","69564",0.477270815362862
"GO:0034355","NAD+ biosynthetic process via the salvage pathway",11,-0.917119160272874,-1.70659372958056,0.000638532337584742,0.0344592829577245,0.0344592829577245,8,"tags=9%, list=0%, signal=9%","69564",0.477270815362862
"GO:0016202","regulation of striated muscle tissue development",48,-0.724523354583067,-1.70651341930932,0.00258712463546283,0.0883750766433102,0.0883750766433102,2439,"tags=25%, list=12%, signal=22%","17260/11555/53376/59091/20670/17877/16002/17927/17878/66211/320502/11474",0.431707695803346
"GO:0031000","response to caffeine",19,-0.826057642115058,-1.70533158024636,0.00562107623436246,0.143248220543951,0.143248220543951,1652,"tags=37%, list=8%, signal=34%","68312/20192/74166/20191/108079/20190/12292",0.407017918923954
"GO:0042246","tissue regeneration",83,-0.68205868855172,-1.70387755458373,0.000723845955036362,0.0377929977499473,0.0377929977499473,2352,"tags=24%, list=12%, signal=21%","11815/18133/16000/94045/20670/29862/13869/66175/14371/225152/18509/66139/17927/22437/381339/12335/17700/14463/17878/59011",0.477270815362862
"GO:0046496","nicotinamide nucleotide metabolic process",190,-0.620439201626937,-1.7032503746437,1.63714160412808e-05,0.00169576183575976,0.00169576183575976,2437,"tags=17%, list=12%, signal=15%","547253/227659/319801/55990/237868/209176/79459/15930/100039229/70789/16000/19017/20533/16333/15978/11871/13808/58805/11872/18642/76668/20512/14080/100705/19013/108079/433766/56012/14555/241113/11474/69564",0.575610261071129
"GO:1904062","regulation of monoatomic cation transmembrane transport",295,-0.606608654915771,-1.70283386074662,1.0535037143032e-06,0.000172867898228166,0.000172867898228166,1856,"tags=17%, list=9%, signal=15%","381812/12298/94045/246049/12310/11418/12482/225030/68312/22065/14199/12295/11438/13616/16485/319239/72699/15978/11931/17329/15945/110784/233081/14811/56188/74166/20191/11932/20927/237611/16538/98660/12335/12299/12391/69563/18125/16514/71912/15464/68460/433294/75607/16502/76757/12372/54378/242735/66733",0.643551836150722
"GO:0055010","ventricular cardiac muscle tissue morphogenesis",53,-0.713861981035198,-1.70059211814582,0.00242746902496918,0.084265978801903,0.084265978801903,1323,"tags=15%, list=7%, signal=14%","17888/18996/18091/20191/18121/17906/17897/140781",0.431707695803346
"GO:0051924","regulation of calcium ion transport",258,-0.610017874843441,-1.69716212581807,4.26437870783865e-06,0.000536977256112545,0.000536977256112545,2570,"tags=24%, list=13%, signal=21%","15894/16963/11554/11941/23796/12287/11555/29867/78688/14681/20617/53376/19218/16000/381812/94045/12310/24115/12482/666279/68312/22065/22066/20304/12295/11438/319239/72699/11931/17329/15945/11606/435916/233081/546913/13645/74166/20191/22226/381925/12922/26557/12770/98660/12322/14652/12335/12299/12391/69563/18125/12374/207911/71912/15464/68460/433294/76757/12372/11937/54378",0.610526878385931
"GO:0045844","positive regulation of striated muscle tissue development",23,-0.81420110801468,-1.69349941813771,0.00154452943842121,0.0638832805758473,0.0638832805758473,795,"tags=26%, list=4%, signal=25%","17877/16002/17927/17878/320502/11474",0.45505986738723
"GO:0048636","positive regulation of muscle organ development",23,-0.81420110801468,-1.69349941813771,0.00154452943842121,0.0638832805758473,0.0638832805758473,795,"tags=26%, list=4%, signal=25%","17877/16002/17927/17878/320502/11474",0.45505986738723
"GO:1901863","positive regulation of muscle tissue development",23,-0.81420110801468,-1.69349941813771,0.00154452943842121,0.0638832805758473,0.0638832805758473,795,"tags=26%, list=4%, signal=25%","17877/16002/17927/17878/320502/11474",0.45505986738723
"GO:0014850","response to muscle activity",33,-0.768045971134584,-1.69339207894324,0.00255578824038741,0.0877715084479569,0.0877715084479569,1888,"tags=42%, list=9%, signal=38%","74183/19017/384061/11606/50873/17882/20191/108079/106393/12335/17700/17189/241113/17884",0.431707695803346
"GO:0010614","negative regulation of cardiac muscle hypertrophy",36,-0.749265522317938,-1.69169684750406,0.00301200112739719,0.0972013630158028,0.0972013630158028,323,"tags=11%, list=2%, signal=11%","19013/69642/433766/12391",0.431707695803346
"GO:0007512","adult heart development",17,-0.842939860863473,-1.68736542374522,0.00205242768834546,0.0755666012288462,0.0755666012288462,1323,"tags=29%, list=7%, signal=27%","17888/18091/22138/21393/140781",0.431707695803346
"GO:1901861","regulation of muscle tissue development",50,-0.709113421414035,-1.68640619055666,0.00357108804804728,0.10938868569327,0.10938868569327,2439,"tags=24%, list=12%, signal=21%","17260/11555/53376/59091/20670/17877/16002/17927/17878/66211/320502/11474",0.431707695803346
"GO:0043409","negative regulation of MAPK cascade",178,-0.620888146024619,-1.68444669465682,4.49684999031822e-05,0.00406743248420051,0.00406743248420051,1241,"tags=10%, list=6%, signal=10%","11450/13512/54612/14869/11606/50873/29811/435391/504186/20319/20377/240892/27389/12391/269016/75607/244923/66959",0.557332238758646
"GO:1904385","cellular response to angiotensin",39,-0.735702626329665,-1.68384877447401,0.00347195904170091,0.107714594037697,0.107714594037697,1149,"tags=18%, list=6%, signal=17%","17171/11606/11608/110784/12322/11472/80978",0.431707695803346
"GO:0014854","response to inactivity",12,-0.883826075094109,-1.68118659036158,0.00364451119019432,0.110012096370028,0.110012096370028,198,"tags=25%, list=1%, signal=25%","433766/12372/11474",0.431707695803346
"GO:0090075","relaxation of muscle",35,-0.749029062911861,-1.6796443246541,0.00490174194243358,0.133385537094527,0.133385537094527,2618,"tags=34%, list=13%, signal=30%","12652/18441/17540/60596/11931/16531/74492/20927/22138/15464/11937/11474",0.407017918923954
"GO:0042416","dopamine biosynthetic process",16,0.741049593548963,1.6768973007045,0.0113389523133158,0.22317221640173,0.22317221640173,126,"tags=19%, list=1%, signal=19%","13195/13142/14763",0.380730400722792
"GO:0014823","response to activity",84,-0.661098737282976,-1.67676980534017,0.00285035712552144,0.0943303741859527,0.0943303741859527,1888,"tags=21%, list=9%, signal=19%","74183/19017/20533/384061/11606/50873/17882/16591/20191/68678/108079/106393/12335/17700/17189/22229/241113/17884",0.431707695803346
"GO:0030007","intracellular potassium ion homeostasis",14,-0.871570377028029,-1.67631029746588,0.0019809299937768,0.0735348694799688,0.0735348694799688,1259,"tags=36%, list=6%, signal=33%","11931/27222/16531/11932/98660",0.431707695803346
"GO:1900024","regulation of substrate adhesion-dependent cell spreading",61,-0.68969579302932,-1.67583425748216,0.00183428630129947,0.06970287944938,0.06970287944938,12,"tags=2%, list=0%, signal=2%","17926",0.45505986738723
"GO:0031424","keratinization",42,0.620154703336106,1.67476604063849,0.00350046127819854,0.10807674196438,0.10807674196438,2396,"tags=38%, list=12%, signal=34%","110308/16667/74591/20761/406220/93746/20758/66195/21818/332131/110310/545975/20759/386463/20753/21816",0.431707695803346
"GO:0010959","regulation of metal ion transport",384,-0.59664482487844,-1.6732249474187,5.96001540473531e-08,1.53100875716841e-05,1.53100875716841e-05,2570,"tags=21%, list=13%, signal=19%","15894/20648/16963/11554/11941/23796/16493/12287/11555/29867/78688/14681/20617/140492/53376/19218/20266/16000/381812/94045/12310/24115/12482/666279/225030/68312/22065/14199/22066/20304/12295/11438/13616/319239/72699/15978/11931/17329/15945/11606/12805/435916/233081/546913/18091/13645/56188/105243/74166/20191/22226/381925/11932/12922/26557/20927/12770/16538/98660/12322/11472/14652/12335/12299/12391/69563/18125/12374/207911/71912/15464/68460/433294/75607/16502/76757/12372/11937/399548/54378/66733",0.719512826338911
"GO:0009070","serine family amino acid biosynthetic process",11,0.799419688332099,1.6718122784187,0.0133832953035393,0.246975639193474,0.246975639193474,3549,"tags=73%, list=18%, signal=60%","12411/14598/107869/107272/100678/236539/108037/71776",0.380730400722792
"GO:0003208","cardiac ventricle morphogenesis",78,-0.668350927626928,-1.67062581875542,0.00329648894537613,0.103268546376612,0.103268546376612,1323,"tags=14%, list=7%, signal=13%","17888/18996/18091/18168/20191/18121/20319/14463/17906/17897/140781",0.431707695803346
"GO:0034765","regulation of monoatomic ion transmembrane transport",321,-0.598089705919546,-1.67058175448098,2.2803794606844e-06,0.000298869324418678,0.000298869324418678,2563,"tags=20%, list=13%, signal=17%","20648/16963/11554/23796/11555/29867/193034/78688/20617/140492/19218/20266/546729/381812/12298/94045/246049/12310/11418/12482/225030/68312/22065/14199/12295/11438/13616/16485/319239/72699/15978/11931/17329/15945/110784/233081/14811/56188/74166/20191/11932/20927/237611/16538/98660/12335/12299/12391/69563/18125/16514/71912/15464/68460/433294/75607/16502/76757/12372/11937/54378/242735/66733",0.627256739718528
"GO:0072524","pyridine-containing compound metabolic process",196,-0.613056342532263,-1.66995688317396,5.79920744897438e-05,0.00517257086629354,0.00517257086629354,2437,"tags=16%, list=12%, signal=14%","547253/227659/319801/55990/237868/209176/79459/15930/100039229/70789/16000/19017/20533/16333/15978/11871/13808/58805/11872/18642/76668/20512/14080/100705/19013/108079/433766/56012/14555/241113/11474/69564",0.557332238758646
"GO:0001508","action potential",170,-0.620192037193318,-1.66951030498035,0.000125886695990497,0.00983233150320874,0.00983233150320874,2124,"tags=21%, list=11%, signal=19%","140492/20266/16528/24046/12298/16490/225030/22066/12491/11438/16485/15978/110891/16504/242653/71960/16500/14811/16531/21333/12723/20191/64378/20927/16538/98660/216033/66797/12391/99738/16514/16495/16502/110880/399548/66733",0.518848077743792
"GO:0071295","cellular response to vitamin",31,-0.755503639787586,-1.66935837262999,0.0103330856042142,0.214914519936591,0.214914519936591,467,"tags=16%, list=2%, signal=16%","14275/13081/20377/14545/12374",0.380730400722792
"GO:0003231","cardiac ventricle development",141,-0.626572471084084,-1.66910034330073,0.000326096316432344,0.0203319470303739,0.0203319470303739,1323,"tags=9%, list=7%, signal=9%","17888/18996/18091/18168/20191/18121/20319/14463/18741/241431/17906/17897/140781",0.49849310876659
"GO:0051657","maintenance of organelle location",11,-0.894388540076817,-1.66429613557486,0.00194493205699094,0.0726183352906732,0.0726183352906732,32,"tags=9%, list=0%, signal=9%","11937",0.45505986738723
"GO:0032387","negative regulation of intracellular transport",63,-0.680444992234125,-1.66419594696711,0.00523677211944753,0.136963301380253,0.136963301380253,2352,"tags=19%, list=12%, signal=17%","11815/29867/75744/12491/17472/11450/99889/12955/18767/69563/17762/15464",0.407017918923954
"GO:0043270","positive regulation of monoatomic ion transport",232,-0.596441107369053,-1.66360384630158,3.69460156410506e-05,0.00348922518304157,0.00348922518304157,3021,"tags=25%, list=15%, signal=22%","83408/20312/69810/229715/72821/20302/20614/19733/20271/18441/16963/11554/11941/23796/11555/20617/140492/20266/381812/12298/94045/11418/12482/666279/22065/14199/22066/20304/13616/16485/319239/15978/11931/17329/15945/12805/233081/18091/56188/22226/11932/12922/20927/237611/12770/12322/11472/12335/18125/12374/207911/16514/75607/16502/76757/12372/11937/399548/242735",0.557332238758646
"GO:0110020","regulation of actomyosin structure organization",110,-0.63632171884672,-1.65974204870938,0.00110868282544038,0.0501405711618179,0.0501405711618179,1869,"tags=10%, list=9%, signal=9%","18816/18761/385354/213435/77569/22417/21333/68760/78321/12391/17926",0.45505986738723
"GO:1903522","regulation of blood circulation",256,-0.601419512749517,-1.65696669801092,2.25557475307499e-05,0.00226332829128869,0.00226332829128869,2982,"tags=25%, list=15%, signal=22%","16401/20312/72821/13405/21926/21954/20271/17201/12652/15894/20648/22003/11554/15566/15214/16493/12287/11555/193034/14681/15465/140492/19218/13009/20266/21385/21834/12310/11418/68312/100038489/110312/13616/217369/15978/17888/11931/11606/668940/11608/18091/12290/64817/56188/21333/23828/74166/20191/22226/12922/64082/98660/216033/14652/68678/12391/18125/14463/12374/17906/15464/11937/399548/17897/140781",0.575610261071129
"GO:0014883","transition between fast and slow fiber",10,-0.917365718597917,-1.65655464208576,0.00496062228065055,0.133853429774529,0.133853429774529,29,"tags=20%, list=0%, signal=20%","11474/140781",0.407017918923954
"GO:1902904","negative regulation of supramolecular fiber organization",173,-0.608144349110952,-1.65626540431162,0.000237661401258997,0.0157346548338689,0.0157346548338689,2895,"tags=14%, list=14%, signal=12%","50876/243725/12759/20739/20743/170835/22003/208158/93689/20617/69697/22153/385354/50873/20741/217371/12955/21916/93677/12391/50874/58522/320502/17926",0.518848077743792
"GO:0035023","regulation of Rho protein signal transduction",94,-0.649366194916266,-1.65553031304722,0.00178802435170806,0.0683493594444594,0.0683493594444594,238,"tags=4%, list=1%, signal=4%","68760/244867/223513/17926",0.45505986738723
"GO:0003206","cardiac chamber morphogenesis",140,-0.620404596418058,-1.65478204241958,0.000442360720583158,0.0260627573172939,0.0260627573172939,1323,"tags=11%, list=7%, signal=10%","17888/18996/18091/18168/22413/20191/234072/18121/20319/12391/14463/18741/17906/17897/140781",0.49849310876659
"GO:0048041","focal adhesion assembly",92,-0.637631070796903,-1.65477991789052,0.00267467093607545,0.0904038776393501,0.0904038776393501,1591,"tags=7%, list=8%, signal=6%","268709/77569/22417/11472/11474/17926",0.431707695803346
"GO:0001886","endothelial cell morphogenesis",17,-0.826581279815409,-1.65461942925189,0.00307014109739786,0.0980917717785525,0.0980917717785525,4,"tags=6%, list=0%, signal=6%","64103",0.431707695803346
"GO:0006123","mitochondrial electron transport, cytochrome c to oxygen",14,-0.859937489118642,-1.65393651067167,0.00303272853503995,0.0973809132601327,0.0973809132601327,609,"tags=21%, list=3%, signal=21%","12865/12862/12869",0.431707695803346
"GO:0048634","regulation of muscle organ development",51,-0.693619708365779,-1.65390822134559,0.00744795220030001,0.173929996473915,0.173929996473915,2439,"tags=24%, list=12%, signal=21%","17260/11555/53376/59091/20670/17877/16002/17927/17878/66211/320502/11474",0.407017918923954
"GO:0038166","angiotensin-activated signaling pathway",24,-0.783877155373195,-1.6525896734237,0.0104333684918408,0.21613900791807,0.21613900791807,2547,"tags=38%, list=13%, signal=33%","12349/11731/17171/11606/11608/110784/12322/11472/80978",0.380730400722792
"GO:0021548","pons development",12,0.797595963469665,1.64585796381863,0.00728006261080165,0.17062978863711,0.17062978863711,1482,"tags=25%, list=7%, signal=23%","14810/11859/15407",0.407017918923954
"GO:1901077","regulation of relaxation of muscle",17,-0.821179053944438,-1.64380545595539,0.00357702024222776,0.10938868569327,0.10938868569327,287,"tags=24%, list=1%, signal=23%","20927/22138/15464/11474",0.431707695803346
"GO:0072525","pyridine-containing compound biosynthetic process",25,-0.768747356006211,-1.64231056206554,0.00864271943239264,0.196831537263054,0.196831537263054,2107,"tags=16%, list=11%, signal=14%","209176/15930/70789/69564",0.380730400722792
"GO:1904181","positive regulation of membrane depolarization",17,-0.819323498233854,-1.64009107407212,0.00417874570889163,0.12203492356169,0.12203492356169,12,"tags=6%, list=0%, signal=6%","17926",0.407017918923954
"GO:0045109","intermediate filament organization",45,0.580559967590625,1.63901422095192,0.00448718407155961,0.12601124095395,0.12601124095395,1757,"tags=29%, list=9%, signal=26%","110308/16664/16667/53617/109620/16673/406220/107993/268482/16669/94179/332131/110310",0.407017918923954
"GO:0048486","parasympathetic nervous system development",20,0.686559508387907,1.63835689045401,0.015360082724698,0.266348559708981,0.266348559708981,3523,"tags=45%, list=18%, signal=37%","15207/11859/15407/20350/103889/14573/12778/243743/21380",0.380730400722792
"GO:0045662","negative regulation of myoblast differentiation",33,-0.742954159225373,-1.63806951085448,0.00571692019193239,0.145114867480592,0.145114867480592,1112,"tags=18%, list=6%, signal=17%","15945/20681/56642/381339/17700/69564",0.407017918923954
"GO:0042832","defense response to protozoan",41,-0.710955209259765,-1.63648550351,0.00585554529304698,0.147467889693913,0.147467889693913,2556,"tags=51%, list=13%, signal=45%","72310/236573/76074/21939/384059/229900/54396/55932/100702/16160/100039796/16145/14469/60440/74481/15978/17472/21822/14468/16159/626578",0.407017918923954
"GO:0003334","keratinocyte development",16,0.722406483908502,1.63471040726987,0.0179001840159201,0.293216924457262,0.293216924457262,2619,"tags=25%, list=13%, signal=22%","69073/74591/386463/14284",0.352487857583619
"GO:0035567","non-canonical Wnt signaling pathway",58,-0.682583108654467,-1.63304539942669,0.00499681835702834,0.134088482834621,0.134088482834621,1180,"tags=10%, list=6%, signal=10%","54612/22417/14371/20319/20377/17926",0.407017918923954
"GO:0042045","epithelial fluid transport",11,0.780644136173175,1.63254729771892,0.0217891775688002,0.327322879801307,0.327322879801307,2631,"tags=55%, list=13%, signal=47%","20277/12638/13618/12981/13614/56492",0.352487857583619
"GO:0070509","calcium ion import",82,-0.658719652737568,-1.63226922432828,0.00136420946527577,0.0587983435302082,0.0587983435302082,2487,"tags=27%, list=12%, signal=24%","11554/12287/11555/193034/15465/94045/12482/666279/22066/110891/17364/12290/13645/76376/22226/381925/12922/110893/12391/12374/12292/11937",0.45505986738723
"GO:0051497","negative regulation of stress fiber assembly",33,-0.739832386989829,-1.63118660986338,0.00614954792501028,0.152547575402928,0.152547575402928,12,"tags=3%, list=0%, signal=3%","17926",0.407017918923954
"GO:0045161","neuronal ion channel clustering",14,-0.847864581402199,-1.63071642419462,0.00438780149594676,0.125237605364311,0.125237605364311,834,"tags=29%, list=4%, signal=27%","269116/16500/66797/17926",0.407017918923954
"GO:1903115","regulation of actin filament-based movement",50,-0.685020562133941,-1.62910880228111,0.0070380817263844,0.166784357368416,0.166784357368416,1085,"tags=20%, list=5%, signal=19%","668940/56188/20191/98660/216033/12391/18125/14463/228785/11937",0.407017918923954
"GO:0070944","neutrophil-mediated killing of bacterium",11,0.77879600693473,1.62868233767599,0.022452801726938,0.332048023986961,0.332048023986961,2177,"tags=45%, list=11%, signal=41%","20277/13142/20311/58217/58218",0.352487857583619
"GO:0043470","regulation of carbohydrate catabolic process",74,-0.649371858474968,-1.62860924348869,0.00986913463700331,0.209866167678262,0.209866167678262,2315,"tags=22%, list=12%, signal=19%","227659/319801/16000/19017/20533/16333/15978/58805/18679/53412/19013/108079/433766/14555/241113/11474",0.380730400722792
"GO:0051494","negative regulation of cytoskeleton organization",173,-0.597868799855007,-1.6282802117043,0.000487776729755706,0.0277212580397446,0.0277212580397446,2895,"tags=13%, list=14%, signal=11%","50876/243725/20739/20743/170835/22003/208158/93689/20617/69697/22153/385354/50873/20741/217371/21916/93677/12391/50874/58522/320502/17926",0.49849310876659
"GO:1990776","response to angiotensin",50,-0.684627998211571,-1.62817521082891,0.00715441102898414,0.168917748632853,0.168917748632853,2547,"tags=22%, list=13%, signal=19%","12349/13058/11731/17171/11606/11608/110784/16591/12322/11472/80978",0.407017918923954
"GO:0051901","positive regulation of mitochondrial depolarization",11,-0.873537570404706,-1.62549623296732,0.00446615509408866,0.12601124095395,0.12601124095395,12,"tags=9%, list=0%, signal=9%","17926",0.407017918923954
"GO:0045989","positive regulation of striated muscle contraction",14,-0.844444379329973,-1.62413827502365,0.00487148664969702,0.133126328784486,0.133126328784486,438,"tags=29%, list=2%, signal=28%","22226/228785/11937/11474",0.407017918923954
"GO:0009435","NAD+ biosynthetic process",18,-0.803277416579969,-1.62296397140283,0.0062634376022555,0.152547575402928,0.152547575402928,2107,"tags=22%, list=11%, signal=20%","209176/15930/70789/69564",0.407017918923954
"GO:0006739","NADP+ metabolic process",46,-0.701262937875767,-1.62210007724135,0.00806945078907616,0.185741981962176,0.185741981962176,509,"tags=4%, list=3%, signal=4%","100705/69564",0.380730400722792
"GO:1903578","regulation of ATP metabolic process",81,-0.650705066666965,-1.62191945882408,0.00418251793589239,0.12203492356169,0.12203492356169,2315,"tags=19%, list=12%, signal=16%","227659/319801/16000/19017/20533/16333/15978/58805/50873/19013/108079/433766/14555/241113/11474",0.407017918923954
"GO:0014870","response to muscle inactivity",10,-0.897839104813544,-1.62129400169672,0.00991731513781024,0.210194712260783,0.210194712260783,198,"tags=30%, list=1%, signal=30%","433766/12372/11474",0.380730400722792
"GO:0051693","actin filament capping",40,-0.698860716880367,-1.62049039211811,0.0103407951822496,0.214914519936591,0.214914519936591,2895,"tags=25%, list=14%, signal=21%","50876/20739/20743/22003/93689/20741/21916/93677/50874/320502",0.380730400722792
"GO:0016052","carbohydrate catabolic process",182,-0.597185012156372,-1.61980008484401,0.000140923651617381,0.0106471963610214,0.0106471963610214,1984,"tags=16%, list=10%, signal=15%","79459/100039229/16000/69983/19017/20533/12655/232714/16333/81600/15978/13808/58805/18642/18679/66065/382064/53412/14080/19013/23956/108079/433766/11668/56012/14555/18682/19309/241113/11474",0.518848077743792
"GO:0045010","actin nucleation",60,-0.674398223437861,-1.61859955633514,0.00653869538119815,0.155524080511313,0.155524080511313,770,"tags=10%, list=4%, signal=10%","99889/102635744/245880/330319/93677/320502",0.407017918923954
"GO:0019359","nicotinamide nucleotide biosynthetic process",22,-0.782991434900044,-1.61851411530061,0.0087064237745518,0.196831537263054,0.196831537263054,2107,"tags=18%, list=11%, signal=16%","209176/15930/70789/69564",0.380730400722792
"GO:0019363","pyridine nucleotide biosynthetic process",22,-0.782991434900044,-1.61851411530061,0.0087064237745518,0.196831537263054,0.196831537263054,2107,"tags=18%, list=11%, signal=16%","209176/15930/70789/69564",0.380730400722792
"GO:0001562","response to protozoan",45,-0.689813311657658,-1.61764939583848,0.00970044771007867,0.209047903335991,0.209047903335991,2556,"tags=49%, list=13%, signal=43%","72310/236573/76074/21939/384059/229900/54396/55932/100702/16160/100039796/16145/14469/60440/74481/15978/17472/21822/14468/16159/626578/100124677",0.380730400722792
"GO:0061053","somite development",79,-0.644480051220414,-1.6175406992242,0.00393617916021953,0.117572756125255,0.117572756125255,1394,"tags=16%, list=7%, signal=15%","18530/22417/16147/17877/226049/12808/18121/20319/22408/20377/22138/17878/21393",0.407017918923954
"GO:0045056","transcytosis",22,0.689221731447939,1.61648368850982,0.00796419770400522,0.183978696601156,0.183978696601156,2923,"tags=32%, list=15%, signal=27%","19329/18703/14725/67801/68453/21819/16971",0.380730400722792
"GO:0043414","macromolecule methylation",124,-0.607166609458378,-1.61629253412033,0.00222461735121235,0.079369403497143,0.079369403497143,57,"tags=2%, list=0%, signal=2%","433294/240879",0.431707695803346
"GO:0007029","endoplasmic reticulum organization",97,-0.632652384918426,-1.61560444683527,0.00205919576690254,0.0755666012288462,0.0755666012288462,1123,"tags=6%, list=6%, signal=6%","20167/240667/74166/12292/76757/12372",0.431707695803346
"GO:1990573","potassium ion import across plasma membrane",37,-0.716623417598457,-1.61474927417001,0.00912308144704983,0.20064530497587,0.20064530497587,2113,"tags=27%, list=11%, signal=24%","16517/211480/11931/27222/11932/16515/20927/98660/16514/75607",0.380730400722792
"GO:0002228","natural killer cell mediated immunity",93,-0.620916543496632,-1.61087336985512,0.00548382580392099,0.140307288098727,0.140307288098727,4411,"tags=53%, list=22%, signal=41%","13482/16174/22177/104709/21355/18708/93694/71183/26904/23900/16846/15170/16173/100043314/84544/71740/70450/30925/21354/83408/11891/16643/20723/243655/72310/246256/14940/19419/232408/16768/12481/17057/27278/17059/225825/27007/320407/20400/14939/16160/16641/215900/80782/16159/54698/54215/100043861/16002/60505",0.407017918923954
"GO:1902905","positive regulation of supramolecular fiber organization",175,-0.602864754296392,-1.61080269134737,0.000452375660602245,0.0264105135671602,0.0264105135671602,2824,"tags=13%, list=14%, signal=11%","14744/83679/15894/22003/93689/75305/11687/105439/18816/18761/213435/77569/22417/207495/245880/21333/118449/93677/68760/11472/12391/17762/17926",0.49849310876659
"GO:0032231","regulation of actin filament bundle assembly",113,-0.620292658961192,-1.61035598644253,0.00189283130564923,0.0710863312566045,0.0710863312566045,1869,"tags=10%, list=9%, signal=9%","18816/18761/385354/77569/22417/50873/217371/21333/118449/68760/17926",0.45505986738723
"GO:0007044","cell-substrate junction assembly",103,-0.610789471647172,-1.60935662900068,0.00320046230435495,0.10075180842435,0.10075180842435,1591,"tags=6%, list=8%, signal=5%","268709/77569/22417/11472/11474/17926",0.431707695803346
"GO:0007015","actin filament organization",460,-0.567417308738782,-1.60905246983336,1.12865937476069e-06,0.00017678659767593,0.00017678659767593,1248,"tags=8%, list=6%, signal=8%","385354/66991/13512/77569/22417/50873/20741/207495/99889/102635744/245880/217371/21333/118449/74492/12808/12922/21916/330319/72088/93677/22437/68760/11472/384619/216961/53318/12391/241431/18175/22138/50874/67252/17996/320502/21393/11459/11464/17926",0.643551836150722
"GO:0014908","myotube differentiation involved in skeletal muscle regeneration",8,-0.914479489867864,-1.60881840797565,0.0112542727554999,0.22317221640173,0.22317221640173,311,"tags=38%, list=2%, signal=37%","66139/17927/381339",0.380730400722792
"GO:0021515","cell differentiation in spinal cord",40,-0.693593889567732,-1.60827788274261,0.0119130630900239,0.22948270737779,0.22948270737779,440,"tags=15%, list=2%, signal=15%","18509/381338/209448/22408/20679/16814",0.380730400722792
"GO:0002418","immune response to tumor cell",39,-0.702312270305812,-1.60742617102279,0.00871418388509152,0.196831537263054,0.196831537263054,3297,"tags=44%, list=16%, signal=36%","18566/21947/60533/243655/230979/72310/16963/14940/16768/225825/27007/14939/16160/16159/54698/54215/102570",0.380730400722792
"GO:0097553","calcium ion transmembrane import into cytosol",177,-0.588879149528514,-1.60518345308047,0.00119642844980747,0.0530883412705416,0.0530883412705416,2538,"tags=23%, list=13%, signal=20%","269615/16963/11554/23796/12287/11555/12775/193034/78688/74055/20617/23832/94045/12310/12482/68312/22065/319239/72699/17329/15945/110891/233081/20192/17364/12290/76376/14811/74166/20191/14652/12335/110893/20190/71912/15464/12292/68460/433294/76757/12372",0.45505986738723
"GO:0032469","endoplasmic reticulum calcium ion homeostasis",27,-0.743311799556526,-1.60491575498199,0.0140238809669098,0.252273397416863,0.252273397416863,32,"tags=4%, list=0%, signal=4%","11937",0.380730400722792
"GO:0007520","myoblast fusion",94,-0.629452946551295,-1.60476236953932,0.00428879912643375,0.123509721928061,0.123509721928061,1615,"tags=14%, list=8%, signal=13%","210933/68662/17329/15945/66139/22408/17927/381339/12391/18741/66211/12292/226438",0.407017918923954
"GO:0007398","ectoderm development",14,0.739761596877978,1.60436984800297,0.0181020921434912,0.294411155794229,0.294411155794229,3,"tags=7%, list=0%, signal=7%","13711",0.352487857583619
"GO:0071313","cellular response to caffeine",11,-0.861347974744485,-1.60281358885631,0.00629478472154716,0.152547575402928,0.152547575402928,1652,"tags=55%, list=8%, signal=50%","68312/20192/74166/20191/20190/12292",0.407017918923954
"GO:0140241","translation at synapse",48,0.562435740534249,1.60138909917032,0.0042185850250226,0.12203492356169,0.12203492356169,5968,"tags=67%, list=30%, signal=47%","22186/110954/67281/20055/54127/57294/67671/27176/66489/20044/19942/100503670/13629/20005/269261/19951/270106/67186/19981/19896/65019/66480/26961/20103/67115/27207/19988/68436/57808/19934/20042/67891",0.407017918923954
"GO:0140242","translation at postsynapse",48,0.562435740534249,1.60138909917032,0.0042185850250226,0.12203492356169,0.12203492356169,5968,"tags=67%, list=30%, signal=47%","22186/110954/67281/20055/54127/57294/67671/27176/66489/20044/19942/100503670/13629/20005/269261/19951/270106/67186/19981/19896/65019/66480/26961/20103/67115/27207/19988/68436/57808/19934/20042/67891",0.407017918923954
"GO:0010996","response to auditory stimulus",31,-0.724332685430288,-1.60048313378421,0.0201210810769099,0.310619189124796,0.310619189124796,1823,"tags=32%, list=9%, signal=29%","24046/53404/83762/50769/20512/22226/504186/98660/66797/16502",0.352487857583619
"GO:0051209","release of sequestered calcium ion into cytosol",119,-0.61085334890165,-1.60016267816236,0.00158352375248609,0.0638832805758473,0.0638832805758473,2973,"tags=25%, list=15%, signal=22%","20312/69810/13405/20302/269615/16963/23796/12775/78688/74055/20617/23832/68312/319239/72699/17329/15945/20192/74166/20191/14652/12335/20190/71912/15464/12292/68460/433294/76757/12372",0.45505986738723
"GO:0001953","negative regulation of cell-matrix adhesion",39,-0.698036760494093,-1.5976405433805,0.0101177912079858,0.212341356659101,0.212341356659101,2542,"tags=13%, list=13%, signal=11%","71584/11815/12578/268709/17926",0.380730400722792
"GO:0014889","muscle atrophy",13,-0.844235968052504,-1.59719571241028,0.0108285920188476,0.220021941994152,0.220021941994152,527,"tags=23%, list=3%, signal=22%","65256/17700/11474",0.380730400722792
"GO:0010248","establishment or maintenance of transmembrane electrochemical gradient",12,-0.839636540176516,-1.59713062547068,0.0141562030314716,0.252530932966973,0.252530932966973,1472,"tags=42%, list=7%, signal=39%","20517/11931/27222/11932/98660",0.380730400722792
"GO:0003205","cardiac chamber development",188,-0.589261667500448,-1.59658960163958,0.000284906289771066,0.0181155266624731,0.0181155266624731,1323,"tags=9%, list=7%, signal=8%","17888/18996/18091/18168/22413/20191/234072/18121/20319/12391/14463/18741/241431/17906/17897/140781",0.49849310876659
"GO:0051900","regulation of mitochondrial depolarization",23,-0.76756695721189,-1.59650261173144,0.00773346105863196,0.179943068545415,0.179943068545415,544,"tags=9%, list=3%, signal=8%","14371/17926",0.407017918923954
"GO:0097499","protein localization to non-motile cilium",19,0.684917101693663,1.59631865641246,0.0182972834449181,0.296730187584,0.296730187584,922,"tags=16%, list=5%, signal=15%","22157/74448/93690",0.352487857583619
"GO:0010832","negative regulation of myotube differentiation",16,-0.808123153895071,-1.59604806702927,0.0140239182307412,0.252273397416863,0.252273397416863,928,"tags=31%, list=5%, signal=30%","18091/56642/227721/434246/66211",0.380730400722792
"GO:0006874","intracellular calcium ion homeostasis",207,-0.58180415701182,-1.59533607281183,0.000269611271267988,0.0176677916743165,0.0176677916743165,2840,"tags=22%, list=14%, signal=19%","22439/20302/21954/19733/66972/231602/12652/18441/19228/11941/12287/78688/13491/21939/20307/13009/18159/12298/12310/22065/22066/20304/13616/26946/11931/320707/668940/110891/20192/12290/76376/56188/268878/14371/20191/12770/110893/12391/12374/20190/15464/68460/76757/19309/11937/17306",0.49849310876659
"GO:0009408","response to heat",92,-0.613313336269718,-1.59167054228577,0.00718453311199513,0.169007588444076,0.169007588444076,3222,"tags=21%, list=16%, signal=17%","28240/170638/12954/14164/72821/208111/193034/74100/16000/24046/12310/243912/69253/12955/66797/18125/17762/12372/12715",0.407017918923954
"GO:1904064","positive regulation of cation transmembrane transport",146,-0.590775602060242,-1.59068210977023,0.00221857375705865,0.079369403497143,0.079369403497143,3471,"tags=31%, list=17%, signal=26%","12766/59095/12504/19091/13040/80982/20866/83408/20312/69810/229715/20614/16963/11554/23796/11555/20617/20266/381812/12298/94045/11418/12482/22065/14199/13616/16485/319239/15978/11931/17329/15945/233081/56188/11932/20927/237611/12335/18125/16514/75607/16502/76757/12372/242735",0.431707695803346
"GO:1905274","regulation of modification of postsynaptic actin cytoskeleton",15,-0.807998352020252,-1.59053021934868,0.0137665827645503,0.249039421166034,0.249039421166034,88,"tags=7%, list=0%, signal=7%","67252",0.380730400722792
"GO:0098976","excitatory chemical synaptic transmission",10,-0.879752819567577,-1.5886342683157,0.0153870002572457,0.266348559708981,0.266348559708981,1324,"tags=30%, list=7%, signal=28%","83453/66797/19293",0.380730400722792
"GO:0021783","preganglionic parasympathetic fiber development",19,0.681071854344986,1.58735663740895,0.0200398561577648,0.310110737940158,0.310110737940158,3523,"tags=42%, list=18%, signal=35%","15207/11859/15407/20350/103889/12778/243743/21380",0.352487857583619
"GO:0002931","response to ischemia",58,-0.662740801879499,-1.58557368882906,0.00882334984031189,0.197564649837543,0.197564649837543,2643,"tags=24%, list=13%, signal=21%","231602/17260/78688/319801/18159/17863/406218/110891/23828/12322/17189/12391/12374/16514",0.380730400722792
"GO:0046032","ADP catabolic process",114,-0.602713314305211,-1.58548703059547,0.0060916837426785,0.152220984418215,0.152220984418215,2315,"tags=18%, list=12%, signal=16%","227659/319801/79459/100039229/16000/19017/20533/16333/15978/13808/58805/18642/14080/19013/108079/433766/56012/14555/241113/11474",0.407017918923954
"GO:1903818","positive regulation of voltage-gated potassium channel activity",8,-0.901081227791271,-1.58524721703859,0.0161703933598042,0.272562378363944,0.272562378363944,287,"tags=38%, list=1%, signal=37%","20927/16502/242735",0.352487857583619
"GO:0061577","calcium ion transmembrane transport via high voltage-gated calcium channel",18,-0.784580398985285,-1.58518799849169,0.00893431440831798,0.197848852173166,0.197848852173166,1485,"tags=17%, list=7%, signal=15%","12295/12299/54378",0.380730400722792
"GO:0002834","regulation of response to tumor cell",38,-0.694158707408624,-1.58515262275887,0.0119809437913916,0.229676480681542,0.229676480681542,3297,"tags=42%, list=16%, signal=35%","18566/21947/60533/243655/230979/16963/14940/16768/225825/27007/14939/16160/16159/54698/54215/102570",0.380730400722792
"GO:0051280","negative regulation of release of sequestered calcium ion into cytosol",10,-0.87733778396845,-1.58427326119343,0.0159414720143928,0.270804157262826,0.270804157262825,43,"tags=10%, list=0%, signal=10%","76757",0.352487857583619
"GO:0019364","pyridine nucleotide catabolic process",120,-0.606302017110672,-1.58316198061322,0.00295867679766437,0.0964498598710691,0.0964498598710691,2437,"tags=20%, list=12%, signal=18%","547253/227659/319801/237868/79459/100039229/16000/19017/20533/16333/15978/11871/13808/58805/11872/18642/14080/19013/108079/433766/56012/14555/241113/11474",0.431707695803346
"GO:2000738","positive regulation of stem cell differentiation",22,-0.765617593129433,-1.58260081294587,0.0123179209721782,0.234040498471386,0.234040498471386,1889,"tags=23%, list=9%, signal=21%","21407/18091/170574/666794/20679",0.380730400722792
"GO:0048312","intracellular distribution of mitochondria",11,-0.850264000466152,-1.58218830718996,0.00949519226227515,0.206705507485868,0.206705507485868,161,"tags=9%, list=1%, signal=9%","17762",0.380730400722792
"GO:0061052","negative regulation of cell growth involved in cardiac muscle cell development",15,-0.803716002565244,-1.58210049148974,0.0158250811668591,0.269572072290635,0.269572072290635,323,"tags=13%, list=2%, signal=13%","19013/12391",0.352487857583619
"GO:0032885","regulation of polysaccharide biosynthetic process",43,-0.683925889605235,-1.58155381131881,0.011082154121052,0.222404980516862,0.222404980516862,1874,"tags=19%, list=9%, signal=17%","16000/12491/16333/13645/53412/16002/140491/241113",0.380730400722792
"GO:1902514","regulation of calcium ion transmembrane transport via high voltage-gated calcium channel",17,-0.789892180534336,-1.58117656525941,0.00955336763120003,0.207269347728265,0.207269347728265,1485,"tags=18%, list=7%, signal=16%","12295/12299/54378",0.380730400722792
"GO:0042711","maternal behavior",15,0.729642644844386,1.57973656204746,0.0258716814023446,0.364600372656277,0.364600372656277,4678,"tags=53%, list=23%, signal=41%","18430/18429/18142/12919/15165/56710/77128/13488",0.352487857583619
"GO:0006096","glycolytic process",110,-0.605376598974781,-1.57902672007515,0.00451519731056777,0.12601124095395,0.12601124095395,2315,"tags=18%, list=12%, signal=16%","227659/319801/79459/100039229/16000/19017/20533/16333/15978/13808/58805/18642/14080/19013/108079/433766/56012/14555/241113/11474",0.407017918923954
"GO:0072526","pyridine-containing compound catabolic process",124,-0.593090355505675,-1.57882119788787,0.00386553275241819,0.116002109046867,0.116002109046867,2437,"tags=19%, list=12%, signal=17%","547253/227659/319801/237868/79459/100039229/16000/19017/20533/16333/15978/11871/13808/58805/11872/18642/14080/19013/108079/433766/56012/14555/241113/11474",0.431707695803346
"GO:0006607","NLS-bearing protein import into nucleus",17,0.707951005070837,1.57859076116712,0.0244824335214635,0.352525085369593,0.352525085369593,1018,"tags=12%, list=5%, signal=11%","381686/18534",0.352487857583619
"GO:0003209","cardiac atrium morphogenesis",29,-0.722139073439975,-1.57847873937027,0.013744990785137,0.249039421166034,0.249039421166034,1323,"tags=21%, list=7%, signal=19%","17888/18091/22413/18121/14463/18741",0.380730400722792
"GO:0045472","response to ether",24,-0.748629006378693,-1.57827863292925,0.0248516973628494,0.354285100350537,0.354285100350537,1001,"tags=21%, list=5%, signal=20%","50873/13076/18670/12391/22229",0.352487857583619
"GO:0005979","regulation of glycogen biosynthetic process",34,-0.712479211806917,-1.5781348842377,0.0198055252984693,0.310110737940158,0.310110737940158,1874,"tags=21%, list=9%, signal=19%","16000/12491/16333/53412/16002/140491/241113",0.352487857583619
"GO:0010962","regulation of glucan biosynthetic process",34,-0.712479211806917,-1.5781348842377,0.0198055252984693,0.310110737940158,0.310110737940158,1874,"tags=21%, list=9%, signal=19%","16000/12491/16333/53412/16002/140491/241113",0.352487857583619
"GO:0051926","negative regulation of calcium ion transport",65,-0.642135527926455,-1.576329434604,0.0129702566899809,0.240736960875889,0.240736960875889,340,"tags=11%, list=2%, signal=11%","12922/98660/12391/69563/18125/15464/76757",0.380730400722792
"GO:0051279","regulation of release of sequestered calcium ion into cytosol",76,-0.631741717143238,-1.57602640910119,0.00641229867650368,0.153735508896669,0.153735508896669,1652,"tags=18%, list=8%, signal=17%","68312/319239/72699/17329/15945/74166/20191/12335/71912/15464/68460/433294/76757/12372",0.407017918923954
"GO:0006816","calcium ion transport",435,-0.554814699273998,-1.57566234774915,7.33276732932962e-06,0.000840911281945622,0.000840911281945622,2666,"tags=23%, list=13%, signal=20%","66972/13853/231602/15894/269615/16963/11554/11941/23796/234267/12287/11555/29867/12775/14612/193034/78688/14681/74055/226025/20617/20307/15465/53376/19218/23832/16000/546729/381812/24046/12298/94045/12310/24115/12482/666279/68312/22065/22066/20304/12295/17863/11438/319239/26946/72699/11931/17329/15945/320707/11606/435916/110891/233081/546913/20192/17364/12323/110902/12290/114875/13645/76376/18766/319734/14811/74166/20191/22226/381925/12790/12922/504186/26557/12770/98660/12322/14652/11448/106393/12335/110893/12299/12391/69563/18125/12374/207911/20190/71912/15464/12292/68460/433294/76757/12372/11937/54378",0.610526878385931
"GO:0030834","regulation of actin filament depolymerization",55,-0.662691858145536,-1.5752637003379,0.0136113911660841,0.249039421166034,0.249039421166034,3369,"tags=24%, list=17%, signal=20%","20356/20401/50876/20739/20743/22003/93689/20741/21916/93677/11472/50874/320502",0.380730400722792
"GO:0014816","skeletal muscle satellite cell differentiation",14,-0.81883189614067,-1.57487722801526,0.010826610133667,0.220021941994152,0.220021941994152,440,"tags=21%, list=2%, signal=21%","18509/17700/228785",0.380730400722792
"GO:0055119","relaxation of cardiac muscle",16,-0.797327688325431,-1.57472695789874,0.0181084407565744,0.294411155794229,0.294411155794229,1259,"tags=19%, list=6%, signal=18%","11931/22138/15464",0.352487857583619
"GO:0051492","regulation of stress fiber assembly",97,-0.616579141122226,-1.57455820284528,0.00362834856958722,0.110012096370028,0.110012096370028,1869,"tags=8%, list=9%, signal=8%","18816/18761/385354/77569/22417/21333/68760/17926",0.431707695803346
"GO:0002837","regulation of immune response to tumor cell",37,-0.698560444702,-1.57404843791817,0.0137496589436818,0.249039421166034,0.249039421166034,3297,"tags=43%, list=16%, signal=36%","18566/21947/60533/243655/230979/16963/14940/16768/225825/27007/14939/16160/16159/54698/54215/102570",0.380730400722792
"GO:0034767","positive regulation of monoatomic ion transmembrane transport",165,-0.578445797025603,-1.57186424405472,0.00231850681961388,0.0813631191014225,0.0813631191014225,1856,"tags=17%, list=9%, signal=16%","381812/12298/94045/11418/12482/22065/14199/13616/16485/319239/15978/11931/17329/15945/233081/56188/11932/20927/237611/12335/18125/16514/75607/16502/76757/12372/11937/242735",0.431707695803346
"GO:0045604","regulation of epidermal cell differentiation",51,0.549427211170289,1.57082722279524,0.0128868291278465,0.240215226426088,0.240215226426088,3655,"tags=33%, list=18%, signal=27%","207920/69073/74591/16673/381867/195733/17133/18103/13388/74155/18109/15404/235505/93691/54200/13115/19207",0.380730400722792
"GO:0006177","GMP biosynthetic process",13,-0.830132344553295,-1.57051330626458,0.0156324289381849,0.267710556376062,0.267710556376062,27,"tags=8%, list=0%, signal=8%","229665",0.352487857583619
"GO:0045792","negative regulation of cell size",13,-0.830066564713303,-1.57038885850071,0.0156324289381849,0.267710556376062,0.267710556376062,438,"tags=15%, list=2%, signal=15%","22226/12391",0.352487857583619
"GO:0030835","negative regulation of actin filament depolymerization",46,-0.67890013319601,-1.5703723938873,0.0152269426284403,0.26500657333291,0.26500657333291,2895,"tags=22%, list=14%, signal=19%","50876/20739/20743/22003/93689/20741/21916/93677/50874/320502",0.380730400722792
"GO:0051481","negative regulation of cytosolic calcium ion concentration",19,-0.760554463835413,-1.57010537709572,0.0274292998168011,0.379635697033398,0.379635697033398,2383,"tags=37%, list=12%, signal=32%","16493/78688/12310/20191/98660/18125/15464",0.352487857583619
"GO:0062028","regulation of stress granule assembly",11,-0.84373116836439,-1.57003188217541,0.0110199424574825,0.222404980516862,0.222404980516862,212,"tags=9%, list=1%, signal=9%","108079",0.380730400722792
"GO:0051893","regulation of focal adhesion assembly",67,-0.64875022043206,-1.56845149980633,0.00628870064217048,0.152547575402928,0.152547575402928,2352,"tags=9%, list=12%, signal=8%","11815/69697/268709/77569/22417/17926",0.407017918923954
"GO:0090109","regulation of cell-substrate junction assembly",67,-0.64875022043206,-1.56845149980633,0.00628870064217048,0.152547575402928,0.152547575402928,2352,"tags=9%, list=12%, signal=8%","11815/69697/268709/77569/22417/17926",0.407017918923954
"GO:0110053","regulation of actin filament organization",269,-0.562613233200693,-1.56808432763007,0.000128607263511295,0.00983233150320874,0.00983233150320874,1248,"tags=7%, list=6%, signal=7%","385354/77569/22417/50873/20741/207495/99889/102635744/245880/217371/21333/118449/21916/93677/68760/11472/241431/50874/320502/17926",0.518848077743792
"GO:0051495","positive regulation of cytoskeleton organization",193,-0.57472175426062,-1.56799557346886,0.000793150421001098,0.0388825343791531,0.0388825343791531,2824,"tags=12%, list=14%, signal=10%","14744/83679/15894/22003/93689/75305/11687/105439/18816/18761/213435/77569/22417/207495/245880/21333/118449/93677/68760/11472/12391/17762/17926",0.477270815362862
"GO:0003230","cardiac atrium development",36,-0.694380790177759,-1.5677777219444,0.0165388551788656,0.276595124892382,0.276595124892382,1323,"tags=17%, list=7%, signal=16%","17888/18091/22413/18121/14463/18741",0.352487857583619
"GO:0043242","negative regulation of protein-containing complex disassembly",92,-0.603546661591989,-1.56632407179292,0.0113073960728186,0.22317221640173,0.22317221640173,2895,"tags=15%, list=14%, signal=13%","50876/21926/20739/20743/22003/208158/93689/69697/20741/21916/93677/50874/58522/320502",0.380730400722792
"GO:0030042","actin filament depolymerization",60,-0.652616190857763,-1.5663212628211,0.0137531122817737,0.249039421166034,0.249039421166034,3369,"tags=22%, list=17%, signal=18%","20356/20401/50876/20739/20743/22003/93689/20741/21916/93677/11472/50874/320502",0.380730400722792
"GO:0007271","synaptic transmission, cholinergic",33,-0.70995134010107,-1.56530470954274,0.0150041164540812,0.263268950459316,0.263268950459316,1517,"tags=33%, list=8%, signal=31%","23936/11438/15978/12323/110902/72585/382864/63993/21333/504186/11448",0.380730400722792
"GO:0009642","response to light intensity",18,-0.774079928823149,-1.56397255734497,0.0119351018785708,0.22948270737779,0.22948270737779,830,"tags=33%, list=4%, signal=32%","666060/76376/212541/12790/66797/16502",0.380730400722792
"GO:1902903","regulation of supramolecular fiber organization",381,-0.553469520133188,-1.56198109379623,3.00483911447215e-05,0.00295994519488605,0.00295994519488605,2895,"tags=13%, list=14%, signal=11%","50876/243725/14744/83679/12759/20739/15894/20743/170835/22003/17260/208158/93689/20617/75305/69697/11687/105439/22153/18816/18761/385354/213435/77569/22417/50873/20741/207495/99889/102635744/245880/277468/217371/21333/12955/118449/21916/93677/68760/11472/78321/12391/17762/241431/50874/58522/320502/17926",0.575610261071129
"GO:0043627","response to estrogen",79,-0.621919109803335,-1.56091638496369,0.0108606284042582,0.220021941994152,0.220021941994152,1538,"tags=16%, list=8%, signal=15%","387203/11608/100124466/12484/387163/56222/16531/387164/16008/20377/17700/18125/14463",0.380730400722792
"GO:0008038","neuron recognition",51,-0.654494695345412,-1.56061620568603,0.0199954388925792,0.310110737940158,0.310110737940158,241,"tags=8%, list=1%, signal=8%","72832/66797/68802/58916",0.352487857583619
"GO:0043268","positive regulation of potassium ion transport",39,-0.68165145066983,-1.5601384564237,0.0164827820420459,0.276377092099266,0.276377092099266,2369,"tags=26%, list=12%, signal=23%","11555/140492/14199/13616/11931/11932/20927/11472/75607/16502",0.352487857583619
"GO:0034764","positive regulation of transmembrane transport",234,-0.564625152391693,-1.56011568781394,0.000408640272028404,0.0247574323298718,0.0247574323298718,3471,"tags=28%, list=17%, signal=23%","12766/59095/12504/19091/13040/80982/20866/21752/11636/83408/20312/69810/229715/12266/20614/19733/18260/12349/16963/11554/23796/11555/216227/20617/18124/14734/20266/14170/16000/381812/12298/94045/246049/11418/12482/22065/16429/14199/13616/16333/16485/319239/15978/11931/11450/17329/15945/11606/66277/233081/13869/56188/57394/11932/20927/237611/12335/18125/16514/75607/16502/76757/12372/11937/242735",0.49849310876659
"GO:0010812","negative regulation of cell-substrate adhesion",62,-0.643755142711221,-1.5593402900313,0.00949370424590953,0.206705507485868,0.206705507485868,398,"tags=5%, list=2%, signal=5%","20745/22408/17926",0.380730400722792
"GO:0045913","positive regulation of carbohydrate metabolic process",97,-0.609914682027941,-1.55753917311402,0.00438088235859793,0.125237605364311,0.125237605364311,2828,"tags=21%, list=14%, signal=18%","18639/19733/18441/19228/20617/16000/19017/12491/16333/15978/58805/17171/18679/13645/19013/16002/108079/14555/241113/11474",0.407017918923954
"GO:0046337","phosphatidylethanolamine metabolic process",28,-0.716882118907013,-1.55627036564299,0.0199726333079635,0.310110737940158,0.310110737940158,2863,"tags=32%, list=14%, signal=28%","67111/242864/237625/11687/214253/18782/27281/108079/329502",0.352487857583619
"GO:0098703","calcium ion import across plasma membrane",35,-0.693580682625096,-1.55530528112237,0.0195309431015059,0.307420874014389,0.307420874014389,2487,"tags=34%, list=12%, signal=30%","11554/12287/11555/193034/94045/12482/110891/17364/12290/76376/110893/12292",0.352487857583619
"GO:1902656","calcium ion import into cytosol",35,-0.693580682625096,-1.55530528112237,0.0195309431015059,0.307420874014389,0.307420874014389,2487,"tags=34%, list=12%, signal=30%","11554/12287/11555/193034/94045/12482/110891/17364/12290/76376/110893/12292",0.352487857583619
"GO:0042267","natural killer cell mediated cytotoxicity",87,-0.61731174690244,-1.55484074210656,0.00790230339890287,0.18320791490164,0.18320791490164,4316,"tags=51%, list=22%, signal=40%","16174/104709/21355/18708/93694/71183/26904/23900/16846/15170/16173/100043314/71740/70450/30925/21354/83408/11891/16643/20723/243655/72310/246256/14940/19419/232408/16768/12481/17057/17059/225825/27007/320407/20400/14939/16160/16641/80782/16159/54698/54215/100043861/16002/60505",0.380730400722792
"GO:0002715","regulation of natural killer cell mediated immunity",68,-0.624642753312236,-1.55473576595791,0.0151280604457602,0.264001098322479,0.264001098322479,4866,"tags=60%, list=24%, signal=46%","20851/14991/16859/20706/13482/16174/104709/21355/93694/71183/26904/16846/100043314/84544/71740/30925/21354/83408/16643/20723/243655/19419/232408/16768/17057/27278/17059/225825/27007/320407/20400/16160/16641/215900/80782/16159/54698/54215/100043861/16002/60505",0.380730400722792
"GO:0055022","negative regulation of cardiac muscle tissue growth",29,-0.711071629836368,-1.55428710500231,0.0187647908704837,0.302782630578508,0.302782630578508,350,"tags=10%, list=2%, signal=10%","18121/19013/12391",0.352487857583619
"GO:0061117","negative regulation of heart growth",29,-0.711071629836368,-1.55428710500231,0.0187647908704837,0.302782630578508,0.302782630578508,350,"tags=10%, list=2%, signal=10%","18121/19013/12391",0.352487857583619
"GO:0033198","response to ATP",35,-0.693118570955757,-1.55426902861737,0.0195309431015059,0.307420874014389,0.307420874014389,3189,"tags=37%, list=16%, signal=31%","20928/12362/20343/231602/193034/21673/94045/22065/20192/56506/20190/16514/229665",0.352487857583619
"GO:0006188","IMP biosynthetic process",15,-0.789017424751255,-1.55316660550328,0.0382262996941896,0.458193195370651,0.458193195370651,27,"tags=7%, list=0%, signal=7%","229665",0.287857117255149
"GO:0000272","polysaccharide catabolic process",38,-0.680046191914558,-1.55292585572363,0.0171402149440079,0.284430130156121,0.284430130156121,1671,"tags=24%, list=8%, signal=22%","12655/232714/16333/81600/18642/18679/53412/18682/19309",0.352487857583619
"GO:0006090","pyruvate metabolic process",139,-0.579966753763038,-1.5527068018358,0.00266426335283171,0.0904038776393501,0.0904038776393501,2315,"tags=17%, list=12%, signal=15%","227659/319801/231691/79459/100039229/16000/19017/20533/16333/15978/13808/58805/109264/18642/18604/27273/14080/19013/108079/433766/56012/14555/241113/11474",0.431707695803346
"GO:0060926","cardiac pacemaker cell development",9,-0.876874008883036,-1.55243087055111,0.0195256510219589,0.307420874014389,0.307420874014389,928,"tags=33%, list=5%, signal=32%","18091/23828/64082",0.352487857583619
"GO:0002836","positive regulation of response to tumor cell",23,-0.74622506247695,-1.5521124899792,0.0118238097293387,0.228712367716305,0.228712367716305,3060,"tags=48%, list=15%, signal=41%","21947/16963/14940/225825/27007/14939/16160/16159/54698/54215/102570",0.380730400722792
"GO:0002839","positive regulation of immune response to tumor cell",23,-0.74622506247695,-1.5521124899792,0.0118238097293387,0.228712367716305,0.228712367716305,3060,"tags=48%, list=15%, signal=41%","21947/16963/14940/225825/27007/14939/16160/16159/54698/54215/102570",0.380730400722792
"GO:0150116","regulation of cell-substrate junction organization",74,-0.618801046995997,-1.55193837223701,0.0218147294542135,0.327322879801307,0.327322879801307,2352,"tags=8%, list=12%, signal=7%","11815/69697/268709/77569/22417/17926",0.352487857583619
"GO:0009137","purine nucleoside diphosphate catabolic process",117,-0.597762386559793,-1.55123166984369,0.00312088904998079,0.0987307856107223,0.0987307856107223,2315,"tags=17%, list=12%, signal=15%","227659/319801/79459/100039229/16000/19017/20533/16333/15978/13808/58805/18642/14080/19013/108079/433766/56012/14555/241113/11474",0.431707695803346
"GO:0009181","purine ribonucleoside diphosphate catabolic process",117,-0.597762386559793,-1.55123166984369,0.00312088904998079,0.0987307856107223,0.0987307856107223,2315,"tags=17%, list=12%, signal=15%","227659/319801/79459/100039229/16000/19017/20533/16333/15978/13808/58805/18642/14080/19013/108079/433766/56012/14555/241113/11474",0.431707695803346
"GO:0007431","salivary gland development",43,0.569994692580584,1.55111432920033,0.0113053644126835,0.22317221640173,0.22317221640173,2611,"tags=26%, list=13%, signal=22%","207920/12162/14179/13608/16193/56787/14183/14178/77411/16776/12550",0.380730400722792
"GO:0019884","antigen processing and presentation of exogenous antigen",38,-0.678620510011579,-1.54967022645095,0.0173799343494888,0.287664789671178,0.287664789671178,5010,"tags=74%, list=25%, signal=55%","15064/14991/14131/54445/15000/12010/98682/13034/14129/65972/14999/19186/21355/12480/26888/17476/16149/14127/14969/13040/19188/14961/14998/14960/21356/269799/73149/474145",0.352487857583619
"GO:0030812","negative regulation of nucleotide catabolic process",21,-0.737748508533482,-1.54867651564963,0.036377892197553,0.450348573479767,0.450348573479767,2859,"tags=38%, list=14%, signal=33%","12398/18639/319801/19017/20533/19013/433766/11474",0.321775918075361
"GO:0033122","negative regulation of purine nucleotide catabolic process",21,-0.737748508533482,-1.54867651564963,0.036377892197553,0.450348573479767,0.450348573479767,2859,"tags=38%, list=14%, signal=33%","12398/18639/319801/19017/20533/19013/433766/11474",0.321775918075361
"GO:0045820","negative regulation of glycolytic process",21,-0.737748508533482,-1.54867651564963,0.036377892197553,0.450348573479767,0.450348573479767,2859,"tags=38%, list=14%, signal=33%","12398/18639/319801/19017/20533/19013/433766/11474",0.321775918075361
"GO:1903169","regulation of calcium ion transmembrane transport",163,-0.575092076372166,-1.5479058274482,0.00218579937201119,0.078860694196943,0.078860694196943,2526,"tags=21%, list=13%, signal=18%","16963/11554/23796/11555/29867/78688/20617/19218/94045/12310/12482/68312/22065/12295/11438/319239/72699/11931/17329/15945/233081/74166/20191/98660/12335/12299/69563/71912/15464/68460/433294/76757/12372/54378",0.431707695803346
"GO:0022898","regulation of transmembrane transporter activity",152,-0.581182912968483,-1.54789292470268,0.00298708500032924,0.0968841407682543,0.0968841407682543,2015,"tags=12%, list=10%, signal=11%","20266/381812/12298/11418/19017/16485/19418/110784/14811/20927/237611/69563/16514/71912/75607/16502/12372/11937/242735",0.431707695803346
"GO:0140236","translation at presynapse",47,0.558086595362345,1.5472772727126,0.00590216347639923,0.148061304083734,0.148061304083734,5968,"tags=66%, list=30%, signal=46%","22186/110954/67281/20055/54127/57294/67671/27176/66489/20044/19942/100503670/20005/269261/19951/270106/67186/19981/19896/65019/66480/26961/20103/67115/27207/19988/68436/57808/19934/20042/67891",0.407017918923954
"GO:0046034","ATP metabolic process",235,-0.562064723911762,-1.54724288807194,0.000428371832771408,0.0254722584264628,0.0254722584264628,1984,"tags=11%, list=10%, signal=10%","79459/17885/100039229/16000/19017/20533/16333/15978/17888/11931/13808/58805/52815/18642/17883/50873/14080/19013/98660/108079/433766/56012/14555/241113/11474/140781",0.49849310876659
"GO:0032970","regulation of actin filament-based process",397,-0.549857845768242,-1.54685258363411,3.57710906349192e-05,0.00342868573220077,0.00342868573220077,1248,"tags=8%, list=6%, signal=8%","385354/213435/77569/22417/668940/50873/20741/207495/99889/102635744/245880/56188/217371/21333/118449/20191/21916/93677/98660/68760/216033/11472/78321/12391/18125/14463/241431/228785/50874/17996/320502/11937/17926",0.557332238758646
"GO:1903286","regulation of potassium ion import",11,-0.830876994465235,-1.54611257754687,0.0159817464345392,0.270804157262826,0.270804157262825,1259,"tags=27%, list=6%, signal=26%","11931/11932/75607",0.352487857583619
"GO:1902176","negative regulation of oxidative stress-induced intrinsic apoptotic signaling pathway",31,-0.699015250102457,-1.54454181144999,0.0382136430804576,0.458193195370651,0.458193195370651,1001,"tags=13%, list=5%, signal=12%","50873/12350/22408/14463",0.321775918075361
"GO:1901381","positive regulation of potassium ion transmembrane transport",29,-0.706402964984756,-1.54408216182646,0.020916140571903,0.318316001790501,0.318316001790501,1610,"tags=21%, list=8%, signal=19%","14199/13616/11931/11932/75607/16502",0.352487857583619
"GO:0071415","cellular response to purine-containing compound",13,-0.815859629663282,-1.54351099898387,0.0262350805588678,0.367863946176963,0.367863946176963,1652,"tags=46%, list=8%, signal=42%","68312/20192/74166/20191/20190/12292",0.352487857583619
"GO:0120163","negative regulation of cold-induced thermogenesis",48,-0.655132393639556,-1.54307271683947,0.01933641496249,0.307372418042353,0.307372418042353,1241,"tags=10%, list=6%, signal=10%","11450/209448/12683/11668/11474",0.352487857583619
"GO:0046031","ADP metabolic process",119,-0.588818789194111,-1.54244198278247,0.00495667093018251,0.133853429774529,0.133853429774529,2315,"tags=17%, list=12%, signal=15%","227659/319801/79459/100039229/16000/19017/20533/16333/15978/13808/58805/18642/14080/19013/108079/433766/56012/14555/241113/11474",0.407017918923954
"GO:0006140","regulation of nucleotide metabolic process",92,-0.594265048142514,-1.54223643201932,0.0155857704086045,0.267710556376062,0.267710556376062,2927,"tags=20%, list=15%, signal=17%","210808/12398/18639/227659/319801/16000/19017/20533/16333/15978/58805/50873/19013/108079/433766/14555/241113/11474",0.380730400722792
"GO:1900542","regulation of purine nucleotide metabolic process",92,-0.594265048142514,-1.54223643201932,0.0155857704086045,0.267710556376062,0.267710556376062,2927,"tags=20%, list=15%, signal=17%","210808/12398/18639/227659/319801/16000/19017/20533/16333/15978/58805/50873/19013/108079/433766/14555/241113/11474",0.380730400722792
"GO:1903579","negative regulation of ATP metabolic process",27,-0.714125255863296,-1.54189786150219,0.0271498044339527,0.377542485443352,0.377542485443352,2859,"tags=30%, list=14%, signal=25%","12398/18639/319801/19017/20533/19013/433766/11474",0.352487857583619
"GO:0070886","positive regulation of calcineurin-NFAT signaling cascade",21,-0.73389273630158,-1.54058250551451,0.0383849173325148,0.458193195370651,0.458193195370651,3109,"tags=33%, list=16%, signal=28%","70261/21926/30937/20495/56644/16000/100504518",0.321775918075361
"GO:0106058","positive regulation of calcineurin-mediated signaling",21,-0.73389273630158,-1.54058250551451,0.0383849173325148,0.458193195370651,0.458193195370651,3109,"tags=33%, list=16%, signal=28%","70261/21926/30937/20495/56644/16000/100504518",0.321775918075361
"GO:0000768","syncytium formation by plasma membrane fusion",113,-0.593414069878654,-1.54057586538051,0.00643955962211213,0.153735508896669,0.153735508896669,1615,"tags=12%, list=8%, signal=11%","210933/68662/17329/15945/66139/22408/17927/381339/12391/18741/66211/12292/226438",0.407017918923954
"GO:0140253","cell-cell fusion",113,-0.593414069878654,-1.54057586538051,0.00643955962211213,0.153735508896669,0.153735508896669,1615,"tags=12%, list=8%, signal=11%","210933/68662/17329/15945/66139/22408/17927/381339/12391/18741/66211/12292/226438",0.407017918923954
"GO:0002478","antigen processing and presentation of exogenous peptide antigen",31,-0.697173332604465,-1.54047191656791,0.0386943115381363,0.460175682773909,0.460175682773909,4849,"tags=77%, list=24%, signal=59%","14991/14131/54445/15000/12010/98682/13034/14129/65972/14999/21355/26888/17476/16149/14127/14969/13040/14961/14998/14960/21356/269799/73149/474145",0.321775918075361
"GO:0051882","mitochondrial depolarization",30,-0.706129193055363,-1.54037094739043,0.0220402509868476,0.329168585668686,0.329168585668686,544,"tags=7%, list=3%, signal=6%","14371/17926",0.352487857583619
"GO:0043271","negative regulation of monoatomic ion transport",126,-0.587514527579613,-1.54020854748299,0.00337030904609119,0.105068566475717,0.105068566475717,2570,"tags=15%, list=13%, signal=13%","15894/15566/16493/29867/193034/14681/53376/19218/12310/382427/12922/98660/11472/12391/69563/18125/15464/75607/76757",0.431707695803346
"GO:0090158","endoplasmic reticulum membrane organization",17,-0.769369146588624,-1.54009432502122,0.0157119144941835,0.268356156600123,0.268356156600123,1123,"tags=12%, list=6%, signal=11%","20167/76757",0.352487857583619
"GO:0051928","positive regulation of calcium ion transport",112,-0.594299641192513,-1.53887625999047,0.00460065327994668,0.126262373349648,0.126262373349648,3111,"tags=28%, list=16%, signal=24%","232801/83408/20312/69810/20302/16963/11554/11941/23796/11555/20617/381812/94045/12482/666279/22065/22066/20304/319239/17329/15945/233081/22226/12770/12322/12335/12374/207911/76757/12372/11937",0.407017918923954
"GO:0031048","regulatory ncRNA-mediated heterochromatin formation",24,0.630026581886587,1.53812317385095,0.0263733231308922,0.368996690951176,0.368996690951176,698,"tags=17%, list=3%, signal=16%","71981/622480/214575/83561",0.352487857583619
"GO:1905868","regulation of 3'-UTR-mediated mRNA stabilization",11,-0.82648192598234,-1.53793414595489,0.0178940480876574,0.293216924457262,0.293216924457262,997,"tags=18%, list=5%, signal=17%","15572/666794",0.352487857583619
"GO:0060746","parental behavior",17,0.689455483786955,1.53734940574481,0.0344652935405117,0.440032038006294,0.440032038006294,4678,"tags=47%, list=23%, signal=36%","18430/18429/18142/12919/15165/56710/77128/13488",0.321775918075361
"GO:0015846","polyamine transport",14,-0.798659997719315,-1.53608017624021,0.0189220859751393,0.302845704235631,0.302845704235631,1472,"tags=29%, list=7%, signal=26%","20517/20519/268878/67473",0.352487857583619
"GO:0086004","regulation of cardiac muscle cell contraction",40,-0.662285675553968,-1.53568164320842,0.0227637836424497,0.334528646571652,0.334528646571652,1085,"tags=20%, list=5%, signal=19%","668940/56188/20191/98660/216033/12391/14463/11937",0.352487857583619
"GO:0070373","negative regulation of ERK1 and ERK2 cascade",75,-0.615570345790664,-1.53520359547998,0.0112980348450753,0.22317221640173,0.22317221640173,1241,"tags=9%, list=6%, signal=9%","11450/14869/29811/435391/504186/75607/66959",0.380730400722792
"GO:0009266","response to temperature stimulus",169,-0.573985499745576,-1.53422458308298,0.00290954216172024,0.0953320396049356,0.0953320396049356,3222,"tags=22%, list=16%, signal=19%","28240/170638/12954/171382/18053/14164/72821/208111/11554/11555/193034/74100/103968/231507/16528/16000/24046/12310/243912/12564/69253/11606/15360/104158/21333/212541/12955/22227/17391/12683/17189/66797/18125/17762/22229/12372/12715",0.431707695803346
"GO:1901880","negative regulation of protein depolymerization",82,-0.619036670244666,-1.53393708745711,0.0052440237791008,0.136963301380253,0.136963301380253,2895,"tags=16%, list=14%, signal=14%","50876/20739/20743/22003/208158/93689/69697/20741/21916/93677/50874/58522/320502",0.407017918923954
"GO:0018208","peptidyl-proline modification",16,0.677835288954515,1.53385168315996,0.0370315434425174,0.45558730265871,0.45558730265871,3882,"tags=44%, list=19%, signal=35%","241593/50527/210530/18452/18451/23988/66617",0.321775918075361
"GO:0009134","nucleoside diphosphate catabolic process",122,-0.588726999625876,-1.53344937184664,0.00505285157987828,0.134088482834621,0.134088482834621,2315,"tags=16%, list=12%, signal=15%","227659/319801/79459/100039229/16000/19017/20533/16333/15978/13808/58805/18642/14080/19013/108079/433766/56012/14555/241113/11474",0.407017918923954
"GO:0009191","ribonucleoside diphosphate catabolic process",122,-0.588726999625876,-1.53344937184664,0.00505285157987828,0.134088482834621,0.134088482834621,2315,"tags=16%, list=12%, signal=15%","227659/319801/79459/100039229/16000/19017/20533/16333/15978/13808/58805/18642/14080/19013/108079/433766/56012/14555/241113/11474",0.407017918923954
"GO:0006163","purine nucleotide metabolic process",435,-0.539920516497193,-1.53336317465115,3.04198665310618e-05,0.00295994519488605,0.00295994519488605,2239,"tags=12%, list=11%, signal=11%","319801/55990/237868/18585/60596/224129/19883/209176/54195/19218/18159/79459/17885/15930/100039229/70789/16000/12298/73707/19017/20533/16333/14919/15978/17888/11871/11931/13808/58805/52815/11872/18642/17883/50873/76668/110385/210044/20512/14080/100705/19013/98660/108079/433766/230718/56012/14555/239790/241113/11474/229665/140781/69564",0.575610261071129
"GO:0019646","aerobic electron transport chain",55,-0.645013140662571,-1.53324018431436,0.0221605376216852,0.33019715221917,0.33019715221917,609,"tags=5%, list=3%, signal=5%","12865/12862/12869",0.352487857583619
"GO:0006470","protein dephosphorylation",91,-0.602398064093149,-1.53175551283003,0.00995472712225122,0.210293610457557,0.210293610457557,320,"tags=2%, list=2%, signal=2%","435391/66959",0.380730400722792
"GO:0045682","regulation of epidermis development",58,0.519450803670329,1.53047936273623,0.010229580774937,0.213988168523276,0.213988168523276,3655,"tags=29%, list=18%, signal=24%","207920/69073/74591/16673/381867/195733/17133/18103/13388/74155/18109/15404/235505/93691/54200/13115/19207",0.380730400722792
"GO:0070593","dendrite self-avoidance",12,-0.804552557783259,-1.53039496061745,0.031550100323587,0.414707363550058,0.414707363550058,60,"tags=17%, list=0%, signal=17%","68802/58916",0.321775918075361
"GO:0000470","maturation of LSU-rRNA",29,0.600283759592662,1.52814839661945,0.0239256008956638,0.347726611037989,0.347726611037989,6680,"tags=76%, list=33%, signal=51%","16418/67281/67223/27176/66489/76130/56095/52202/59050/64934/66229/66942/448850/67674/69237/229937/12181/67848/70285/57750/110109/74035",0.352487857583619
"GO:0006949","syncytium formation",115,-0.586267835041849,-1.5277158734337,0.00618676884690557,0.152547575402928,0.152547575402928,1615,"tags=11%, list=8%, signal=10%","210933/68662/17329/15945/66139/22408/17927/381339/12391/18741/66211/12292/226438",0.407017918923954
"GO:0043467","regulation of generation of precursor metabolites and energy",146,-0.567165658022212,-1.52711158406978,0.00625387451190128,0.152547575402928,0.152547575402928,2859,"tags=19%, list=14%, signal=17%","12398/18639/21926/207728/66972/23960/227659/319801/242700/23961/16000/19017/20533/231699/12491/16333/15978/58805/18679/53412/19013/16002/108079/433766/14555/140491/241113/11474",0.407017918923954
"GO:0033280","response to vitamin D",35,-0.680420853293261,-1.52579530114282,0.0249356688505828,0.354285100350537,0.354285100350537,579,"tags=14%, list=3%, signal=14%","16591/13081/20377/14545/12374",0.352487857583619
"GO:0051580","regulation of neurotransmitter uptake",18,-0.754968316593985,-1.52535892593552,0.0189523129495405,0.302845704235631,0.302845704235631,2351,"tags=39%, list=12%, signal=34%","216227/20617/14580/20974/269642/50873/18125",0.352487857583619
"GO:0031099","regeneration",217,-0.561257520562439,-1.52483646409921,0.00110047946538683,0.0501225469979733,0.0501225469979733,2352,"tags=16%, list=12%, signal=14%","11815/193034/380684/12012/18133/18377/21960/14068/14580/16000/94045/20670/29862/22370/16147/13869/66175/14371/225152/14275/18509/12350/66139/19716/22408/17927/22437/28254/381339/11522/12335/17700/14463/17878/59011",0.45505986738723
"GO:0034389","lipid droplet organization",44,-0.653615424563395,-1.52464976377452,0.0268492574820108,0.37483898162929,0.37483898162929,2773,"tags=27%, list=14%, signal=24%","232889/11770/74596/14311/116939/232370/14079/14080/12683/66968/108079/68680",0.352487857583619
"GO:0150115","cell-substrate junction organization",112,-0.588714945392793,-1.52441527904791,0.00533675034557175,0.137090442877047,0.137090442877047,1591,"tags=5%, list=8%, signal=5%","268709/77569/22417/11472/11474/17926",0.407017918923954
"GO:0006839","mitochondrial transport",37,-0.676010098973505,-1.52323631888444,0.0198604925725233,0.310110737940158,0.310110737940158,1001,"tags=14%, list=5%, signal=13%","50873/12895/22227/12971/22229",0.352487857583619
"GO:0009301","snRNA transcription",19,-0.737814209875787,-1.52315989624419,0.0460506095141288,0.488840317310149,0.48884031731015,774,"tags=11%, list=4%, signal=10%","269344/17927",0.321775918075361
"GO:0043416","regulation of skeletal muscle tissue regeneration",9,-0.860276758806782,-1.52304685058517,0.0276729251102179,0.381363787677724,0.381363787677724,1816,"tags=67%, list=9%, signal=61%","94045/20670/225152/17927/12335/59011",0.352487857583619
"GO:0070542","response to fatty acid",63,-0.622253069477926,-1.52187325651843,0.0308883294049071,0.410693274199407,0.410693274199407,1906,"tags=17%, list=10%, signal=16%","16528/12491/170639/15360/233081/27273/14080/22227/19013/12391/14077",0.352487857583619
"GO:0001502","cartilage condensation",19,-0.73715119322573,-1.52179115007694,0.0460506095141288,0.488840317310149,0.48884031731015,886,"tags=21%, list=4%, signal=20%","57329/17877/14177/20679",0.321775918075361
"GO:0002115","store-operated calcium entry",25,-0.711891031781871,-1.52084576473738,0.0305416496283125,0.406926294425358,0.406926294425358,1856,"tags=24%, list=9%, signal=22%","381812/12482/22066/26557/106393/12372",0.352487857583619
"GO:0021510","spinal cord development",94,-0.596270069286519,-1.52016409569009,0.0136878321643585,0.249039421166034,0.249039421166034,440,"tags=9%, list=2%, signal=8%","18509/381338/18121/209448/22408/22771/20679/16814",0.380730400722792
"GO:0002027","regulation of heart rate",106,-0.589350782103663,-1.51900074385872,0.00533674718249613,0.137090442877047,0.137090442877047,2918,"tags=26%, list=15%, signal=23%","72821/13405/21926/20271/17201/20648/22003/11554/15214/16493/193034/20266/12310/110312/13616/17888/11606/12290/21333/23828/20191/12922/64082/216033/12391/15464/399548/140781",0.407017918923954
"GO:0019227","neuronal action potential propagation",12,-0.798005612835178,-1.51794156467824,0.0378078407902241,0.458193195370651,0.458193195370651,2015,"tags=42%, list=10%, signal=37%","20266/12298/242653/12723/98660",0.321775918075361
"GO:0009135","purine nucleoside diphosphate metabolic process",126,-0.578964681018239,-1.5177945540661,0.00532407082339281,0.137090442877047,0.137090442877047,2315,"tags=16%, list=12%, signal=14%","227659/319801/79459/100039229/16000/19017/20533/16333/15978/13808/58805/18642/14080/19013/108079/433766/56012/14555/241113/11474",0.407017918923954
"GO:0009179","purine ribonucleoside diphosphate metabolic process",126,-0.578964681018239,-1.5177945540661,0.00532407082339281,0.137090442877047,0.137090442877047,2315,"tags=16%, list=12%, signal=14%","227659/319801/79459/100039229/16000/19017/20533/16333/15978/13808/58805/18642/14080/19013/108079/433766/56012/14555/241113/11474",0.407017918923954
"GO:0005976","polysaccharide metabolic process",109,-0.581643639151531,-1.51772118321675,0.00873512739333081,0.196831537263054,0.196831537263054,1874,"tags=15%, list=9%, signal=13%","16000/12655/12491/232714/16333/81600/18642/58200/18679/13645/53412/16002/18682/140491/19309/241113",0.380730400722792
"GO:0002423","natural killer cell mediated immune response to tumor cell",13,-0.801876584129435,-1.51705671224622,0.0345597790338917,0.440362898721533,0.440362898721533,2639,"tags=62%, list=13%, signal=53%","243655/72310/225825/27007/16160/16159/54698/54215",0.321775918075361
"GO:0002855","regulation of natural killer cell mediated immune response to tumor cell",12,-0.796909980494641,-1.51585748676881,0.0388507993961162,0.461182687101402,0.461182687101402,2639,"tags=58%, list=13%, signal=51%","243655/225825/27007/16160/16159/54698/54215",0.321775918075361
"GO:0015701","bicarbonate transport",27,-0.701874585019166,-1.51544692306885,0.0359549373811979,0.450348573479767,0.450348573479767,2056,"tags=37%, list=10%, signal=33%","19218/24115/20533/231583/13487/240215/208890/277468/232156/94229",0.321775918075361
"GO:0045719","negative regulation of glycogen biosynthetic process",8,-0.861190371757434,-1.51506834019312,0.0392020489535135,0.46125116713352,0.46125116713352,36,"tags=12%, list=0%, signal=12%","241113",0.321775918075361
"GO:0044042","glucan metabolic process",91,-0.595725199630288,-1.51478799992352,0.0129047419989101,0.240215226426088,0.240215226426088,1874,"tags=14%, list=9%, signal=13%","16000/12491/232714/16333/18642/58200/18679/53412/16002/18682/140491/19309/241113",0.380730400722792
"GO:0035458","cellular response to interferon-beta",62,-0.625288829575564,-1.51461013694935,0.0145035968710487,0.258011354863918,0.258011354863918,3341,"tags=56%, list=17%, signal=47%","383619/226691/246730/15959/16362/100040462/226695/236312/432555/15950/20846/102639543/23960/15953/623121/15944/229900/100033459/54396/55932/23961/240327/100702/100039796/16145/16365/14469/231699/60440/240328/21822/545384/620913/225594/12322",0.380730400722792
"GO:2001014","regulation of skeletal muscle cell differentiation",23,-0.728116040918484,-1.51444659003087,0.0190203041859865,0.303097750576688,0.303097750576688,193,"tags=17%, list=1%, signal=17%","228003/12335/17700/666794",0.352487857583619
"GO:0003161","cardiac conduction system development",18,-0.749426736142728,-1.51416256309576,0.0211028958032276,0.318877169054889,0.318877169054889,928,"tags=17%, list=5%, signal=16%","18091/23828/64082",0.352487857583619
"GO:0003228","atrial cardiac muscle tissue development",17,-0.756111094350663,-1.51355485290558,0.0203864394642292,0.313209842677702,0.313209842677702,1323,"tags=41%, list=7%, signal=38%","17888/18091/22413/23828/18121/64082/18741",0.352487857583619
"GO:0042269","regulation of natural killer cell mediated cytotoxicity",63,-0.618081668476791,-1.51167106718867,0.0335170810525658,0.43091341991342,0.43091341991342,4866,"tags=59%, list=24%, signal=45%","20851/14991/16859/20706/16174/104709/21355/93694/71183/26904/16846/100043314/71740/30925/21354/83408/16643/20723/243655/19419/232408/16768/17057/17059/225825/27007/320407/20400/16160/16641/80782/16159/54698/54215/100043861/16002/60505",0.321775918075361
"GO:0009251","glucan catabolic process",36,-0.669300599882954,-1.51115149587,0.0278372235637977,0.381988567792112,0.381988567792112,1443,"tags=19%, list=7%, signal=18%","232714/16333/18642/18679/53412/18682/19309",0.352487857583619
"GO:0021527","spinal cord association neuron differentiation",7,-0.878493692153206,-1.51091361588793,0.0189101932166137,0.302845704235631,0.302845704235631,440,"tags=29%, list=2%, signal=28%","18509/22408",0.352487857583619
"GO:2000288","positive regulation of myoblast proliferation",13,-0.798429125328341,-1.51053452339833,0.036702979470354,0.453281796458872,0.453281796458872,2383,"tags=38%, list=12%, signal=34%","16493/16000/20670/18509/18741",0.321775918075361
"GO:0061436","establishment of skin barrier",35,0.56908144232311,1.50941192843394,0.0224915743435578,0.332048023986961,0.332048023986961,2611,"tags=31%, list=13%, signal=27%","12740/69073/214531/74591/67859/195733/73712/16600/80859/23801/12550",0.352487857583619
"GO:0006656","phosphatidylcholine biosynthetic process",22,-0.729920672619584,-1.50881204956645,0.0283069885118502,0.387415021230191,0.387415021230191,212,"tags=9%, list=1%, signal=9%","108079/14077",0.352487857583619
"GO:0055074","calcium ion homeostasis",235,-0.54804087732226,-1.50863826483922,0.00123864849493499,0.0537473015842735,0.0537473015842735,3004,"tags=23%, list=15%, signal=19%","171382/14184/207777/22439/20302/21954/19733/66972/231602/12652/18441/19228/11941/12287/78688/13491/21939/20307/59091/13009/18159/12298/12310/22065/64654/22066/20304/13616/26946/11931/320707/668940/110891/20192/12290/56506/76376/56188/16591/268878/14371/20191/12770/110893/12391/12374/20190/15464/68460/76757/19309/11937/17306",0.45505986738723
"GO:0150172","regulation of phosphatidylcholine metabolic process",10,-0.835005250408806,-1.50783029678152,0.0401605396119476,0.468929064341686,0.468929064341686,53,"tags=10%, list=0%, signal=10%","14077",0.321775918075361
"GO:0097401","synaptic vesicle lumen acidification",20,0.631825892219655,1.50774447289493,0.0455275672848994,0.488110245582009,0.488110245582009,18,"tags=5%, list=0%, signal=5%","110935",0.321775918075361
"GO:0035435","phosphate ion transmembrane transport",12,0.730484373773491,1.5073716255911,0.0356342337434431,0.44871186098116,0.44871186098116,84,"tags=8%, list=0%, signal=8%","12739",0.321775918075361
"GO:0048799","animal organ maturation",35,-0.671797084963459,-1.50645711488343,0.0273565348829852,0.379446365050822,0.379446365050822,3073,"tags=29%, list=15%, signal=24%","20354/19378/14184/237928/233332/16000/207209/235320/20190/11474",0.352487857583619
"GO:0009150","purine ribonucleotide metabolic process",344,-0.537087064777004,-1.50574281443506,0.000207892407278048,0.0142030323355279,0.0142030323355279,2315,"tags=12%, list=12%, signal=11%","227659/319801/18585/60596/224129/19883/54195/19218/18159/79459/17885/100039229/16000/12298/73707/19017/20533/16333/14919/15978/17888/11931/13808/58805/52815/18642/17883/50873/110385/210044/14080/19013/98660/108079/433766/230718/56012/14555/239790/241113/11474/229665/140781",0.518848077743792
"GO:0035313","wound healing, spreading of epidermal cells",24,0.616739603608534,1.50568484539387,0.0354153668848129,0.446831996334516,0.446831996334516,839,"tags=8%, list=4%, signal=8%","20277/20278",0.321775918075361
"GO:0003254","regulation of membrane depolarization",53,-0.632006813158901,-1.50559328501274,0.0348044312164503,0.442602093608008,0.442602093608008,2976,"tags=21%, list=15%, signal=18%","18053/72821/20271/193034/209488/20266/14199/22066/14371/12391/17926",0.321775918075361
"GO:0043462","regulation of ATP-dependent activity",46,-0.650803806441471,-1.50538242887248,0.032677543625271,0.423949869013112,0.423949869013112,3455,"tags=30%, list=17%, signal=25%","21924/81897/14165/21954/19733/22003/22004/11555/17888/110784/69563/12374/21957/11937",0.321775918075361
"GO:0009404","toxin metabolic process",13,-0.795231674723818,-1.50448532081819,0.0409893866830247,0.475151338047625,0.475151338047625,2465,"tags=38%, list=12%, signal=34%","14261/55990/14859/13076/13078",0.321775918075361
"GO:0098743","cell aggregation",22,-0.727569473280373,-1.50395190787297,0.0288079841944304,0.389483946308698,0.389483946308698,886,"tags=23%, list=4%, signal=22%","57329/17877/66601/14177/20679",0.352487857583619
"GO:0030837","negative regulation of actin filament polymerization",61,-0.618881900282771,-1.50376948839158,0.0170897966013202,0.28432817039813,0.28432817039813,2895,"tags=16%, list=14%, signal=14%","50876/20739/20743/22003/93689/20741/21916/93677/50874/320502",0.352487857583619
"GO:0043588","skin development",293,0.423955127693564,1.50376422463346,1.22998902013926e-05,0.00133881177751429,0.00133881177751429,2488,"tags=19%, list=12%, signal=17%","12740/110308/16664/69073/72388/214531/16667/100034684/21419/76770/74591/109620/15422/16673/408196/13608/20761/381867/406220/93746/16870/20863/64929/67859/20758/195733/66195/252973/21818/14183/17123/332131/14178/110310/66042/545975/433016/20759/386463/75409/243538/12575/67855/73712/16600/20753/19225/14977/80859/21816/13393/18103/23801/16776/13388",0.593325476396405
"GO:0008631","intrinsic apoptotic signaling pathway in response to oxidative stress",65,-0.612546087131105,-1.50369257766229,0.0285697196489202,0.387955731129608,0.387955731129608,1001,"tags=9%, list=5%, signal=9%","50873/13078/12350/22408/17762/14463",0.352487857583619
"GO:1903288","positive regulation of potassium ion import across plasma membrane",10,-0.832281294811138,-1.50291145013326,0.0423461143674961,0.476563600038055,0.476563600038055,1259,"tags=30%, list=6%, signal=28%","11931/11932/75607",0.321775918075361
"GO:0009205","purine ribonucleoside triphosphate metabolic process",256,-0.545277668664575,-1.50229069558395,0.00139329155553193,0.0596514557975069,0.0596514557975069,1984,"tags=10%, list=10%, signal=9%","79459/17885/100039229/16000/19017/20533/16333/15978/17888/11931/13808/58805/52815/18642/17883/50873/14080/19013/98660/108079/433766/56012/14555/241113/11474/140781",0.45505986738723
"GO:0009144","purine nucleoside triphosphate metabolic process",264,-0.538519131673944,-1.50087901809363,0.000847370979996535,0.040013356128954,0.040013356128954,1984,"tags=10%, list=10%, signal=9%","79459/17885/100039229/16000/19017/20533/16333/15978/17888/11931/13808/58805/52815/18642/17883/50873/14080/19013/98660/108079/433766/56012/14555/241113/11474/140781",0.477270815362862
"GO:0001709","cell fate determination",28,-0.690468884498426,-1.49893020763551,0.0459418070444104,0.488840317310149,0.48884031731015,2439,"tags=21%, list=12%, signal=19%","17260/21385/83453/22408/17927/16814",0.261663521711573
"GO:0032272","negative regulation of protein polymerization",77,-0.595606541174059,-1.49771030753996,0.0147600282454152,0.261126450115858,0.261126450115858,2895,"tags=17%, list=14%, signal=14%","50876/20739/20743/170835/22003/93689/20617/22153/20741/21916/93677/50874/320502",0.380730400722792
"GO:0043931","ossification involved in bone maturation",30,-0.686569186234694,-1.49770217440435,0.0314387313260416,0.414707363550058,0.414707363550058,2363,"tags=23%, list=12%, signal=21%","237928/233332/16000/207209/235320/20190/11474",0.321775918075361
"GO:1904950","negative regulation of establishment of protein localization",139,-0.559348432247038,-1.49750672725806,0.00633045402006188,0.15283524705578,0.15283524705578,2618,"tags=19%, list=13%, signal=17%","12652/269275/11815/29867/14681/13491/75744/18133/19218/58212/16160/12491/16333/56013/17472/11450/16159/50873/17773/110385/16500/625530/12922/18767/20927/18125/16514",0.407017918923954
"GO:0046676","negative regulation of insulin secretion",51,-0.627498861794515,-1.49624572930914,0.0375857109751814,0.458193195370651,0.458193195370651,2618,"tags=27%, list=13%, signal=24%","12652/269275/14681/18133/19218/58212/50873/17773/110385/16500/12922/20927/18125/16514",0.321775918075361
"GO:0001756","somitogenesis",62,-0.617511035452677,-1.49577032202794,0.0176035474006994,0.29061691878481,0.29061691878481,1394,"tags=15%, list=7%, signal=14%","18530/17877/226049/12808/20319/20377/22138/17878/21393",0.352487857583619
"GO:0002420","natural killer cell mediated cytotoxicity directed against tumor cell target",12,-0.785689107174775,-1.4945134890196,0.0424528301886792,0.476563600038055,0.476563600038055,2639,"tags=58%, list=13%, signal=51%","243655/72310/225825/27007/16160/16159/54698",0.276500599254472
"GO:0098739","import across plasma membrane",271,-0.534299498557875,-1.49349922590496,0.000776091872025796,0.0385554692851709,0.0385554692851709,2385,"tags=20%, list=12%, signal=17%","22599/12287/11555/216227/193034/16517/14734/214922/237858/72401/211480/14170/14580/16000/94045/246049/12482/16429/12491/16333/15978/11931/11450/20167/11606/110891/76257/66277/17364/20661/12290/76376/13869/27222/74338/277468/20512/105243/100705/12790/57394/11932/16515/20927/98660/110893/20528/16514/67473/239790/12292/68460/75607",0.477270815362862
"GO:0032881","regulation of polysaccharide metabolic process",50,-0.627866080046958,-1.4931846052502,0.0363747615276758,0.450348573479767,0.450348573479767,1874,"tags=18%, list=9%, signal=16%","16000/12491/16333/18679/13645/53412/16002/140491/241113",0.321775918075361
"GO:0005977","glycogen metabolic process",89,-0.589201903274117,-1.49298755441067,0.0200389417101864,0.310110737940158,0.310110737940158,1874,"tags=13%, list=9%, signal=12%","16000/12491/16333/18642/58200/18679/53412/16002/18682/140491/19309/241113",0.352487857583619
"GO:0032259","methylation",207,-0.544391728287234,-1.49274932365145,0.00286428261698237,0.0943303741859527,0.0943303741859527,1371,"tags=4%, list=7%, signal=4%","383491/791260/21743/18948/225518/403183/12180/433294/240879",0.431707695803346
"GO:0098659","inorganic cation import across plasma membrane",112,-0.576136791488556,-1.49184547570948,0.00885995315372352,0.197564649837543,0.197564649837543,2487,"tags=24%, list=12%, signal=21%","11554/12287/11555/193034/16517/214922/211480/94045/12482/15978/11931/110891/17364/12290/76376/27222/277468/105243/12790/11932/16515/20927/98660/110893/16514/12292/75607",0.380730400722792
"GO:0099587","inorganic ion import across plasma membrane",112,-0.576136791488556,-1.49184547570948,0.00885995315372352,0.197564649837543,0.197564649837543,2487,"tags=24%, list=12%, signal=21%","11554/12287/11555/193034/16517/214922/211480/94045/12482/15978/11931/110891/17364/12290/76376/27222/277468/105243/12790/11932/16515/20927/98660/110893/16514/12292/75607",0.380730400722792
"GO:0001778","plasma membrane repair",34,-0.673491558395492,-1.49177759144442,0.0423976608187134,0.476563600038055,0.476563600038055,215,"tags=9%, list=1%, signal=9%","434246/12391/233246",0.266350657088526
"GO:0042102","positive regulation of T cell proliferation",108,-0.574190476517414,-1.49093000710845,0.00931217956536548,0.204105178050434,0.204105178050434,4597,"tags=52%, list=23%, signal=40%","105855/16189/12509/15000/78317/19260/66824/14999/12480/12524/19264/22042/16168/16846/16175/16173/320484/18950/27218/50723/12487/11629/12504/12501/16184/12772/108723/24099/21947/20737/60533/16408/16161/20739/16963/12511/22637/12775/333883/15944/13136/17221/58205/16000/16160/18761/20533/20304/209590/15978/16159/12484/170776/16008/16002/60505",0.380730400722792
"GO:0051899","membrane depolarization",102,-0.579053279717916,-1.49073160324536,0.0124314048745188,0.234807300306352,0.234807300306352,2057,"tags=17%, list=10%, signal=15%","209488/20266/12578/24046/14199/22066/11438/110902/14371/12790/504186/98660/11448/12391/110880/399548/17926",0.380730400722792
"GO:0006195","purine nucleotide catabolic process",161,-0.555985605046617,-1.49037959370686,0.00514927668003644,0.136084999338247,0.136084999338247,2859,"tags=19%, list=14%, signal=17%","12398/18639/56045/207728/547253/227659/319801/237868/18585/79459/100039229/16000/19017/20533/16333/15978/11871/13808/58805/11872/18642/110385/14080/19013/108079/433766/230718/56012/14555/241113/11474",0.407017918923954
"GO:0070873","regulation of glycogen metabolic process",41,-0.646546476103713,-1.48822868404163,0.0350140056022409,0.444208289054198,0.444208289054198,1874,"tags=20%, list=9%, signal=18%","16000/12491/16333/18679/53412/16002/140491/241113",0.287857117255149
"GO:0099515","actin filament-based transport",10,0.753718047568455,1.48811016988087,0.0377044213477857,0.458193195370651,0.458193195370651,1334,"tags=20%, list=7%, signal=19%","245049/208943",0.321775918075361
"GO:0098870","action potential propagation",13,-0.786319265028472,-1.4876240840416,0.0420032310177706,0.476563600038055,0.476563600038055,2015,"tags=38%, list=10%, signal=35%","20266/12298/242653/12723/98660",0.282013350011725
"GO:0070977","bone maturation",32,-0.674460308130337,-1.48677124413793,0.0379008746355685,0.458193195370651,0.458193195370651,3073,"tags=28%, list=15%, signal=24%","20354/14184/237928/233332/16000/207209/235320/20190/11474",0.282013350011725
"GO:0042308","negative regulation of protein import into nucleus",21,-0.70822513905907,-1.48670126468131,0.0499243570347958,0.496795146869242,0.496795146869242,2352,"tags=24%, list=12%, signal=21%","11815/29867/12491/17472/18767",0.248911114434702
"GO:0071071","regulation of phospholipid biosynthetic process",18,-0.73555165881555,-1.48612897203787,0.0431309904153355,0.47935338369917,0.47935338369917,813,"tags=11%, list=4%, signal=11%","13869/14077",0.276500599254472
"GO:0086016","AV node cell action potential",9,-0.839301815364793,-1.48591249675835,0.043465363179841,0.479455687548207,0.479455687548207,454,"tags=22%, list=2%, signal=22%","20191/399548",0.321775918075361
"GO:0086027","AV node cell to bundle of His cell signaling",9,-0.839301815364793,-1.48591249675835,0.043465363179841,0.479455687548207,0.479455687548207,454,"tags=22%, list=2%, signal=22%","20191/399548",0.321775918075361
"GO:0001833","inner cell mass cell proliferation",18,0.650098268474912,1.485509913148,0.0369243243166697,0.455140135818911,0.455140135818911,19,"tags=6%, list=0%, signal=6%","12945",0.321775918075361
"GO:0046320","regulation of fatty acid oxidation",41,-0.645280506204246,-1.48531465885217,0.0378151260504202,0.458193195370651,0.458193195370651,624,"tags=17%, list=3%, signal=17%","27273/226564/14080/100705/19013/66968/14077",0.276500599254472
"GO:0043508","negative regulation of JUN kinase activity",10,-0.822284492638281,-1.48485949036441,0.0461285008237232,0.488840317310149,0.48884031731015,1180,"tags=30%, list=6%, signal=28%","54612/20319/20377",0.271288554688953
"GO:0007266","Rho protein signal transduction",143,-0.556626673431055,-1.48410237263807,0.0135300258916306,0.248967983599003,0.248967983599003,296,"tags=3%, list=1%, signal=3%","194231/68760/244867/223513/17926",0.380730400722792
"GO:0050687","negative regulation of defense response to virus",20,-0.72048383802944,-1.48290379537839,0.0406277561256021,0.471810940033664,0.471810940033664,2266,"tags=30%, list=11%, signal=27%","668155/15944/14190/54396/16145/214158",0.321775918075361
"GO:0030038","contractile actin filament bundle assembly",116,-0.57574136987856,-1.48233553272506,0.0107613437866612,0.220021941994152,0.220021941994152,1869,"tags=7%, list=9%, signal=6%","18816/18761/385354/77569/22417/21333/68760/17926",0.380730400722792
"GO:0043149","stress fiber assembly",116,-0.57574136987856,-1.48233553272506,0.0107613437866612,0.220021941994152,0.220021941994152,1869,"tags=7%, list=9%, signal=6%","18816/18761/385354/77569/22417/21333/68760/17926",0.380730400722792
"GO:0019835","cytolysis",11,-0.7963970912196,-1.48195168196811,0.0422077922077922,0.476563600038055,0.476563600038055,2084,"tags=55%, list=10%, signal=49%","229900/55932/229898/16145/14469/14468",0.282013350011725
"GO:0048227","plasma membrane to endosome transport",10,-0.820477842460519,-1.48159708947246,0.0477759472817133,0.494796749637878,0.494796749637878,902,"tags=20%, list=5%, signal=19%","20661/14811",0.266350657088526
"GO:0005978","glycogen biosynthetic process",48,-0.629007186236277,-1.48153844505386,0.031642262245333,0.414707363550058,0.414707363550058,2213,"tags=17%, list=11%, signal=15%","232493/16000/12491/16333/53412/16002/140491/241113",0.321775918075361
"GO:0009250","glucan biosynthetic process",48,-0.629007186236277,-1.48153844505386,0.031642262245333,0.414707363550058,0.414707363550058,2213,"tags=17%, list=11%, signal=15%","232493/16000/12491/16333/53412/16002/140491/241113",0.321775918075361
"GO:0141196","transposable element silencing by piRNA-mediated DNA methylation",12,0.717386781287689,1.48034443652932,0.0475753864681785,0.494796749637878,0.494796749637878,698,"tags=33%, list=3%, signal=32%","71981/622480/214575/83561",0.321775918075361
"GO:0009913","epidermal cell differentiation",210,0.425373376497699,1.48032222230546,0.000533070486286457,0.0299254031267982,0.0299254031267982,2489,"tags=22%, list=12%, signal=19%","110308/207920/16664/69073/16667/100034684/70129/76770/74591/209195/109620/13409/16673/408196/20761/381867/406220/93746/20863/64929/20758/195733/66195/252973/21818/14401/17123/332131/110310/545975/433016/20759/386463/16535/12575/16600/20753/239250/17133/19225/80859/21816/13393/18103/13388/14581",0.477270815362862
"GO:0006620","post-translational protein targeting to endoplasmic reticulum membrane",18,-0.732319534799065,-1.47959869903182,0.0463258785942492,0.488848291086245,0.488848291086245,467,"tags=11%, list=2%, signal=11%","14275/14652",0.266350657088526
"GO:0033233","regulation of protein sumoylation",23,-0.710956896764241,-1.47875638971683,0.0419161676646707,0.476563600038055,0.476563600038055,1940,"tags=13%, list=10%, signal=12%","12578/75141/12335",0.271288554688953
"GO:0042693","muscle cell fate commitment",11,-0.794243686334544,-1.47794458296367,0.0454545454545455,0.488110245582009,0.488110245582009,3173,"tags=55%, list=16%, signal=46%","14165/17260/21385/244810/18091/17906",0.271288554688953
"GO:1901879","regulation of protein depolymerization",100,-0.573989485515432,-1.47727135556659,0.0117718655872706,0.228712367716305,0.228712367716305,2621,"tags=13%, list=13%, signal=11%","20739/20743/22003/208158/93689/69697/20741/21916/93677/11472/50874/58522/320502",0.380730400722792
"GO:0051224","negative regulation of protein transport",131,-0.559372359466889,-1.47694991643327,0.0126361477372948,0.236586999326261,0.236586999326261,2618,"tags=20%, list=13%, signal=17%","12652/269275/11815/29867/14681/13491/75744/18133/19218/58212/16160/12491/16333/56013/17472/11450/16159/50873/17773/110385/16500/12922/18767/20927/18125/16514",0.380730400722792
"GO:2000739","regulation of mesenchymal stem cell differentiation",10,-0.817863462430906,-1.47687611147379,0.0477759472817133,0.494796749637878,0.494796749637878,71,"tags=10%, list=0%, signal=10%","20679",0.266350657088526
"GO:0048630","skeletal muscle tissue growth",13,-0.780564711056282,-1.47673714096048,0.0436187399030695,0.479455687548207,0.479455687548207,340,"tags=31%, list=2%, signal=30%","12922/16002/17700/11474",0.276500599254472
"GO:0005980","glycogen catabolic process",35,-0.65833298694516,-1.47626483404575,0.0423357664233577,0.476563600038055,0.476563600038055,1398,"tags=17%, list=7%, signal=16%","16333/18642/18679/53412/18682/19309",0.266350657088526
"GO:0030813","positive regulation of nucleotide catabolic process",28,-0.678842876804021,-1.47369145391527,0.0490045941807044,0.494823119227176,0.494823119227176,1874,"tags=21%, list=9%, signal=19%","16000/16333/15978/58805/108079/14555",0.252961123069611
"GO:0033123","positive regulation of purine nucleotide catabolic process",28,-0.678842876804021,-1.47369145391527,0.0490045941807044,0.494823119227176,0.494823119227176,1874,"tags=21%, list=9%, signal=19%","16000/16333/15978/58805/108079/14555",0.252961123069611
"GO:0045821","positive regulation of glycolytic process",28,-0.678842876804021,-1.47369145391527,0.0490045941807044,0.494823119227176,0.494823119227176,1874,"tags=21%, list=9%, signal=19%","16000/16333/15978/58805/108079/14555",0.252961123069611
"GO:0002507","tolerance induction",33,-0.667370148057574,-1.47142145772137,0.0413990085502112,0.476459557185406,0.476459557185406,3354,"tags=33%, list=17%, signal=28%","12501/16184/18566/230979/12775/15930/16365/15223/12773/11634/19885",0.321775918075361
"GO:0098528","skeletal muscle fiber differentiation",12,-0.773505107064803,-1.47133746131566,0.0471698113207547,0.494796749637878,0.494796749637878,420,"tags=17%, list=2%, signal=16%","72330/666794",0.261663521711573
"GO:0098543","detection of other organism",18,-0.728175059712844,-1.47122508662037,0.0479233226837061,0.494796749637878,0.494796749637878,4920,"tags=83%, list=25%, signal=63%","56620/17948/17940/21899/21946/24088/269855/107607/268973/17951/21897/56644/69165/57757/384997",0.261663521711573
"GO:1900181","negative regulation of protein localization to nucleus",55,-0.618801392700493,-1.47093307343086,0.0432317149011468,0.479455687548207,0.479455687548207,2352,"tags=18%, list=12%, signal=16%","11815/29867/15944/54396/12578/16145/12491/17472/245038/18767",0.321775918075361
"GO:0042178","xenobiotic catabolic process",24,-0.697702868195876,-1.47091485852738,0.0499734763122906,0.496795146869242,0.496795146869242,1652,"tags=33%, list=8%, signal=31%","68312/72303/72082/13076/13078/226143/226564/18125",0.321775918075361
"GO:0031670","cellular response to nutrient",55,-0.618315786167555,-1.46977875361452,0.043675113238197,0.479455687548207,0.479455687548207,1187,"tags=13%, list=6%, signal=12%","58805/18604/14275/13081/20377/14545/12374",0.321775918075361
"GO:0072497","mesenchymal stem cell differentiation",13,-0.776865341440714,-1.4697383663143,0.0452342487883683,0.487006715780411,0.487006715780411,71,"tags=8%, list=0%, signal=8%","20679",0.271288554688953
"GO:0071731","response to nitric oxide",23,-0.706391879787436,-1.4692613724319,0.0479041916167665,0.494796749637878,0.494796749637878,2332,"tags=22%, list=12%, signal=19%","12775/54195/24046/13479/17189",0.252961123069611
"GO:0051260","protein homooligomerization",198,-0.53679962390162,-1.46814696107274,0.00450221410414639,0.12601124095395,0.12601124095395,2383,"tags=14%, list=12%, signal=12%","16493/103149/193034/53623/226025/229898/546729/16490/225030/20517/16485/12845/20192/16504/16500/100705/16515/16538/279499/434246/11829/17762/99738/20190/16495/16502/66733",0.407017918923954
"GO:0001937","negative regulation of endothelial cell proliferation",43,-0.634818123417429,-1.46799388332061,0.0382978723404255,0.458193195370651,0.458193195370651,2976,"tags=19%, list=15%, signal=16%","18053/21926/17260/20846/16160/16159/71093/64103",0.276500599254472
"GO:0009154","purine ribonucleotide catabolic process",147,-0.554483305293453,-1.46796969231907,0.0122158950456573,0.232790735855226,0.232790735855226,2315,"tags=16%, list=12%, signal=14%","227659/319801/18585/79459/100039229/16000/19017/20533/16333/15978/13808/58805/18642/110385/14080/19013/108079/433766/230718/56012/14555/241113/11474",0.380730400722792
"GO:0090278","negative regulation of peptide hormone secretion",61,-0.604029805600647,-1.46768162282066,0.036222509702458,0.450348573479767,0.450348573479767,2618,"tags=25%, list=13%, signal=21%","12652/269275/14681/18133/19218/58212/107221/50873/17773/110385/16500/12922/20927/18125/16514",0.271288554688953
"GO:0051560","mitochondrial calcium ion homeostasis",26,-0.689890268328932,-1.46723515330811,0.0488888888888889,0.494823119227176,0.494823119227176,179,"tags=8%, list=1%, signal=8%","110893/11937",0.248911114434702
"GO:0048069","eye pigmentation",12,-0.771252647346099,-1.46705290219127,0.0487421383647799,0.494823119227176,0.494823119227176,824,"tags=17%, list=4%, signal=16%","16147/14402",0.257206466468838
"GO:0050848","regulation of calcium-mediated signaling",100,-0.569113170461535,-1.46472122924612,0.0150474415727364,0.263309726921289,0.263309726921289,3513,"tags=31%, list=18%, signal=26%","15874/12504/11542/12501/211482/77647/70261/16408/67888/21926/20302/19733/12182/30937/22637/20495/56644/13491/108995/12525/16000/668940/110891/18604/59006/26557/17762/100504518/76469/59011/11474",0.380730400722792
"GO:0009261","ribonucleotide catabolic process",154,-0.54547945086201,-1.46420853307779,0.0100016260503146,0.210591614738099,0.210591614738099,2315,"tags=15%, list=12%, signal=13%","227659/319801/18585/79459/100039229/16000/19017/20533/16333/15978/13808/58805/18642/110385/14080/19013/108079/433766/230718/56012/14555/241113/11474",0.380730400722792
"GO:0048070","regulation of developmental pigmentation",13,-0.773347171719101,-1.46308240067491,0.0484652665589661,0.494823119227176,0.494823119227176,1400,"tags=23%, list=7%, signal=21%","13616/223838/16147",0.261663521711573
"GO:0032956","regulation of actin cytoskeleton organization",347,-0.52060126178504,-1.46245482203033,0.000913025256157388,0.0421830805398759,0.0421830805398759,1248,"tags=7%, list=6%, signal=7%","385354/213435/77569/22417/50873/20741/207495/99889/102635744/245880/217371/21333/118449/21916/93677/68760/11472/78321/12391/241431/50874/17996/320502/17926",0.477270815362862
"GO:0060920","cardiac pacemaker cell differentiation",10,-0.809668033392028,-1.46207702345142,0.0494233937397035,0.496751237623762,0.496751237623762,928,"tags=30%, list=5%, signal=29%","18091/23828/64082",0.261663521711573
"GO:0050688","regulation of defense response to virus",70,-0.588227705989479,-1.46197607793328,0.0271604840041776,0.377542485443352,0.377542485443352,4877,"tags=44%, list=24%, signal=34%","246779/72512/16189/18854/94088/19260/27027/214763/66824/80285/209200/16168/383619/20737/16161/20846/224840/668155/242700/15944/14190/54396/80287/16160/16145/20304/209590/15978/17472/214158/625530",0.352487857583619
"GO:0090504","epiboly",41,0.532579625090693,1.46142419720289,0.021791556325024,0.327322879801307,0.327322879801307,5243,"tags=41%, list=26%, signal=31%","20277/20278/192176/16475/76509/218952/269878/12305/11853/12476/208177/26365/16402/14726/15200/17702/56717",0.352487857583619
"GO:0014743","regulation of muscle hypertrophy",86,-0.574278497865487,-1.46097414702544,0.0239326007596997,0.347726611037989,0.347726611037989,2529,"tags=17%, list=13%, signal=15%","30937/11554/17260/18124/18585/16000/22065/11606/100705/19013/66139/69642/433766/17700/12391",0.352487857583619
"GO:0007254","JNK cascade",187,-0.539460742344589,-1.46081177230437,0.00581966358670214,0.147141258085831,0.147141258085831,1945,"tags=9%, list=10%, signal=8%","14170/18816/381812/21940/93735/54612/29820/14869/50873/26414/81877/20319/20377/12374/269016/244923/17926",0.407017918923954
"GO:0051017","actin filament bundle assembly",181,-0.534447910499184,-1.4598685161763,0.00501454778377299,0.134088482834621,0.134088482834621,1869,"tags=8%, list=9%, signal=7%","18816/18761/268709/385354/77569/22417/50873/207495/217371/21333/118449/72088/68760/17926",0.407017918923954
"GO:0071073","positive regulation of phospholipid biosynthetic process",10,-0.807866467410325,-1.45882380346564,0.0494233937397035,0.496751237623762,0.496751237623762,813,"tags=20%, list=4%, signal=19%","13869/14077",0.261663521711573
"GO:1902455","negative regulation of stem cell population maintenance",21,0.617320501858847,1.45803219525351,0.0486102115572449,0.494823119227176,0.494823119227176,2715,"tags=19%, list=14%, signal=16%","12162/107392/60406/52463",0.321775918075361
"GO:0009141","nucleoside triphosphate metabolic process",280,-0.522969213123468,-1.45784911730908,0.00187261896211908,0.0707409351454631,0.0707409351454631,1984,"tags=9%, list=10%, signal=8%","79459/17885/100039229/16000/19017/20533/16333/15978/17888/11931/13808/58805/52815/18642/17883/50873/14080/19013/98660/108079/433766/56012/14555/241113/11474/140781",0.45505986738723
"GO:0048483","autonomic nervous system development",45,0.515773685919998,1.45611212141269,0.0203075251004435,0.312745626367022,0.312745626367022,3650,"tags=44%, list=18%, signal=36%","15207/21419/20665/14587/11859/15407/20350/13618/14472/15567/103889/668303/14573/20677/12778/243743/14268/21380/15284/12387",0.352487857583619
"GO:0086003","cardiac muscle cell contraction",70,-0.585818820316966,-1.45598905421469,0.0284853571531012,0.387955731129608,0.387955731129608,2705,"tags=23%, list=14%, signal=20%","20271/20648/11554/16493/11555/140492/20266/668940/56188/20191/98660/216033/12391/14463/11937/399548",0.352487857583619
"GO:0140448","signaling receptor ligand precursor processing",37,0.542985424554924,1.45558862429868,0.0246309192977159,0.353079829754311,0.353079829754311,1143,"tags=19%, list=6%, signal=18%","68947/12873/17228/53419/17287/239436/107522",0.352487857583619
"GO:0070588","calcium ion transmembrane transport",322,-0.519602626867471,-1.45553929193738,0.000645519038384916,0.0345460272042328,0.0345460272042328,3427,"tags=26%, list=17%, signal=22%","22228/12504/76645/54652/81897/14723/80982/28240/20866/14456/83408/171382/20312/69810/13405/20302/71345/66972/231602/269615/16963/11554/11941/23796/234267/12287/11555/29867/12775/193034/78688/74055/226025/20617/15465/19218/23832/546729/24046/12298/94045/12310/12482/68312/22065/22066/12295/11438/319239/26946/72699/11931/17329/15945/320707/110891/233081/20192/17364/12290/76376/18766/319734/14811/74166/20191/12790/504186/98660/14652/12335/110893/12299/69563/20190/71912/15464/12292/68460/433294/76757/12372/11937/54378",0.477270815362862
"GO:0090279","regulation of calcium ion import",48,-0.617961787462048,-1.45552255321185,0.0389972144846797,0.46125116713352,0.46125116713352,2487,"tags=23%, list=12%, signal=20%","11554/11555/94045/12482/666279/13645/22226/381925/12922/12391/12374",0.271288554688953
"GO:0055117","regulation of cardiac muscle contraction",74,-0.579813934678871,-1.45415961778695,0.0319284802043423,0.415912170126341,0.415912170126341,2874,"tags=26%, list=14%, signal=22%","13405/21954/20271/12652/11554/11555/68312/11931/668940/18091/56188/74166/20191/22226/98660/216033/12391/14463/11937",0.287857117255149
"GO:0034446","substrate adhesion-dependent cell spreading",105,-0.56624393211346,-1.45251289102452,0.0179436704004522,0.293216924457262,0.293216924457262,533,"tags=3%, list=3%, signal=3%","23828/20377/17926",0.352487857583619
"GO:0046328","regulation of JNK cascade",159,-0.54136635511948,-1.45193451496416,0.0164251096879493,0.276131032502644,0.276131032502644,1945,"tags=9%, list=10%, signal=9%","14170/18816/381812/21940/93735/54612/29820/14869/50873/81877/20319/20377/269016/244923/17926",0.352487857583619
"GO:0018126","protein hydroxylation",23,0.583511647705694,1.45142919041683,0.0481174588370343,0.494823119227176,0.494823119227176,3491,"tags=30%, list=17%, signal=25%","433466/50527/210530/18452/112407/18451/107817",0.321775918075361
"GO:0018022","peptidyl-lysine methylation",20,-0.705183336387251,-1.45141221880334,0.0431432973805855,0.47935338369917,0.47935338369917,57,"tags=5%, list=0%, signal=5%","433294",0.271288554688953
"GO:0060539","diaphragm development",8,-0.824908953807425,-1.45123944767868,0.0459183673469388,0.488840317310149,0.48884031731015,1979,"tags=25%, list=10%, signal=23%","17681/14463",0.276500599254472
"GO:0009259","ribonucleotide metabolic process",364,-0.516490103462113,-1.45113997343922,0.000604325467104661,0.0331707534166336,0.0331707534166336,2134,"tags=11%, list=11%, signal=10%","18585/60596/224129/19883/54195/19218/18159/79459/17885/100039229/16000/12298/73707/19017/20533/16333/14919/15978/17888/11931/13808/58805/52815/18642/17883/50873/110385/210044/14080/19013/98660/108079/433766/230718/56012/14555/239790/241113/11474/229665/140781",0.477270815362862
"GO:0009166","nucleotide catabolic process",176,-0.533925734300665,-1.45093702786229,0.0114913324968746,0.224991881996734,0.224991881996734,2859,"tags=18%, list=14%, signal=15%","12398/18639/56045/207728/547253/227659/319801/237868/18585/79459/100039229/16000/19017/20533/16333/15978/11871/13808/58805/11872/18642/110385/14080/19013/108079/433766/230718/56012/14555/241113/11474",0.380730400722792
"GO:0042551","neuron maturation",62,-0.598392912326689,-1.44946131774632,0.0294572156389777,0.394935780445751,0.394935780445751,2782,"tags=21%, list=14%, signal=18%","12266/21367/51938/235379/71751/387150/243547/12577/210933/269116/16500/66797/17926",0.352487857583619
"GO:0043244","regulation of protein-containing complex disassembly",138,-0.547573512092064,-1.44911276815525,0.0178309055064785,0.293216924457262,0.293216924457262,2895,"tags=14%, list=14%, signal=12%","50876/21926/20739/20743/22003/11555/208158/93689/69697/15944/54396/16145/20741/21916/93677/11472/50874/58522/320502",0.352487857583619
"GO:0006109","regulation of carbohydrate metabolic process",191,-0.534219127404752,-1.44848479139848,0.00524649208027752,0.136963301380253,0.136963301380253,2859,"tags=18%, list=14%, signal=15%","12398/18639/19733/18441/19228/227659/319801/20617/81799/19883/16000/19017/20533/12491/16333/15978/11450/58805/17171/18679/18604/13645/53412/27273/100705/19013/16002/19885/108079/433766/14555/140491/241113/11474",0.407017918923954
"GO:0140115","export across plasma membrane",72,-0.591843486519341,-1.44844304180152,0.0476373510309788,0.494796749637878,0.494796749637878,1766,"tags=21%, list=9%, signal=19%","16490/246049/18400/11438/11931/320707/110891/27222/16500/56188/230810/11932/98660/110893/67473",0.321775918075361
"GO:0030858","positive regulation of epithelial cell differentiation",52,0.502421403814464,1.44777620433684,0.0209940756660784,0.318316001790501,0.318316001790501,524,"tags=10%, list=3%, signal=9%","12945/67701/69073/22062/15377",0.352487857583619
"GO:0090317","negative regulation of intracellular protein transport",40,-0.623774565463383,-1.44638361516906,0.0481586402266289,0.494823119227176,0.494823119227176,2896,"tags=20%, list=14%, signal=17%","20684/11815/29867/75744/12491/17472/11450/18767",0.245041785430996
"GO:0097009","energy homeostasis",107,-0.550594764277839,-1.44440554097654,0.028634540105175,0.387955731129608,0.387955731129608,3071,"tags=27%, list=15%, signal=23%","170826/20660/69638/21367/269275/11554/14261/11555/193034/18124/55990/723941/116939/19017/14079/12491/319229/26367/58805/224796/78245/226564/14080/22227/100705/108079/67445/66797/207911",0.352487857583619
"GO:2001135","regulation of endocytic recycling",24,-0.684992605103445,-1.44411875994347,0.04047976011994,0.470943875888143,0.470943875888143,533,"tags=12%, list=3%, signal=12%","23828/11472/329502",0.276500599254472
"GO:0009185","ribonucleoside diphosphate metabolic process",139,-0.538841047788936,-1.44260365716076,0.0120895237175988,0.231068218197677,0.231068218197677,2315,"tags=14%, list=12%, signal=13%","227659/319801/79459/100039229/16000/19017/20533/16333/15978/13808/58805/18642/14080/19013/108079/433766/56012/14555/241113/11474",0.380730400722792
"GO:0031113","regulation of microtubule polymerization",61,-0.593325326527642,-1.44167170233057,0.0413971539456662,0.476459557185406,0.476459557185406,2702,"tags=16%, list=13%, signal=14%","83679/170835/20617/75305/69697/105439/22153/277468/12391/17762",0.252961123069611
"GO:1900225","regulation of NLRP3 inflammasome complex assembly",52,-0.596224922231812,-1.43982850954016,0.0447368421052632,0.487006715780411,0.487006715780411,4765,"tags=37%, list=24%, signal=28%","64296/17874/21899/234779/12229/18439/19260/19106/12363/20128/52150/75083/81897/15944/54396/229898/16145/12491/12374",0.245041785430996
"GO:0045933","positive regulation of muscle contraction",52,-0.595086413209984,-1.43707911466103,0.0460526315789474,0.488840317310149,0.48884031731015,438,"tags=12%, list=2%, signal=11%","22226/12299/228785/12292/11937/11474",0.241339976815091
"GO:0072523","purine-containing compound catabolic process",180,-0.529687068968356,-1.43706476182003,0.00907851137838882,0.200351202996608,0.200351202996608,2859,"tags=18%, list=14%, signal=15%","12398/18639/56045/207728/224794/547253/227659/319801/237868/18585/79459/100039229/16000/19017/20533/16333/15978/11871/13808/58805/11872/18642/110385/14080/19013/108079/433766/230718/56012/14555/241113/11474",0.380730400722792
"GO:0000266","mitochondrial fission",50,-0.604268116124369,-1.43706417198548,0.0449591280653951,0.487006715780411,0.487006715780411,4180,"tags=30%, list=21%, signal=24%","71712/13179/14245/68943/20847/22228/70772/15944/54396/67900/16145/19017/50873/14545/17762",0.248911114434702
"GO:0045922","negative regulation of fatty acid metabolic process",37,-0.637704764257531,-1.43692388489123,0.0460893854748603,0.488840317310149,0.48884031731015,2465,"tags=22%, list=12%, signal=19%","14261/55990/16333/26367/102570/226564/100705/66968",0.248911114434702
"GO:0019228","neuronal action potential",54,-0.605930432016128,-1.43587160850657,0.0392156862745098,0.46125116713352,0.46125116713352,1906,"tags=22%, list=10%, signal=20%","16528/24046/16490/16485/15978/71960/16531/64378/66797/99738/110880/399548",0.261663521711573
"GO:0006112","energy reserve metabolic process",99,-0.554578116427981,-1.4358640545205,0.0338558178227275,0.43311167740549,0.43311167740549,1518,"tags=12%, list=8%, signal=11%","12491/16333/18642/58200/18679/53412/16591/16002/18682/140491/19309/241113",0.321775918075361
"GO:0043011","myeloid dendritic cell differentiation",24,-0.680789825086361,-1.43525835266116,0.0449775112443778,0.487006715780411,0.487006715780411,3021,"tags=29%, list=15%, signal=25%","83408/18733/12326/381319/74481/24108/16420",0.261663521711573
"GO:0009409","response to cold",52,-0.594030262240413,-1.43452860692533,0.0473684210526316,0.494796749637878,0.494796749637878,2487,"tags=23%, list=12%, signal=20%","11554/11555/103968/231507/24046/12564/11606/104158/22227/12683/17189/22229",0.237793834423688
"GO:1903580","positive regulation of ATP metabolic process",44,-0.614960803648699,-1.43448243229554,0.0462585034013605,0.488848291086245,0.488848291086245,1874,"tags=18%, list=9%, signal=17%","16000/16333/15978/58805/50873/19013/108079/14555",0.245041785430996
"GO:0002011","morphogenesis of an epithelial sheet",67,0.486069874926019,1.43434881658165,0.0149653127443204,0.263268950459316,0.263268950459316,5266,"tags=37%, list=26%, signal=28%","20277/12162/20278/54485/103889/192176/16475/76509/218952/269878/13542/13543/12305/11853/71436/12476/208177/26365/16402/14726/15200/17702/56717/56217/100169",0.380730400722792
"GO:0050885","neuromuscular process controlling balance",68,-0.576058326564321,-1.43380913144081,0.0393700787401575,0.461951418965987,0.461951418965987,2462,"tags=21%, list=12%, signal=18%","11941/268859/18124/224129/21960/237523/229320/18996/12323/224796/16531/20512/72088/64378",0.261663521711573
"GO:0141085","regulation of inflammasome-mediated signaling pathway",56,-0.602022026485864,-1.43242253316966,0.0465116279069767,0.489668318719024,0.489668318719024,4765,"tags=38%, list=24%, signal=29%","64296/17874/21899/234779/12229/18439/19260/19106/12363/20128/52150/75083/81897/226691/15944/54396/229898/16145/14469/12491/12374",0.245041785430996
"GO:0042773","ATP synthesis coupled electron transport",63,-0.585663897320793,-1.4323854173812,0.0383091149273448,0.458193195370651,0.458193195370651,609,"tags=5%, list=3%, signal=5%","12865/12862/12869",0.266350657088526
"GO:0042775","mitochondrial ATP synthesis coupled electron transport",63,-0.585663897320793,-1.4323854173812,0.0383091149273448,0.458193195370651,0.458193195370651,609,"tags=5%, list=3%, signal=5%","12865/12862/12869",0.266350657088526
"GO:0045912","negative regulation of carbohydrate metabolic process",59,-0.585201984967892,-1.43088666245712,0.0463576158940397,0.488848291086245,0.488848291086245,2239,"tags=17%, list=11%, signal=15%","319801/81799/19017/20533/16333/11450/19013/433766/241113/11474",0.241339976815091
"GO:0001936","regulation of endothelial cell proliferation",134,-0.539486460797264,-1.42975052235292,0.0226400756405682,0.333473774687452,0.333473774687452,2982,"tags=16%, list=15%, signal=14%","16401/18053/19378/14184/11727/21926/17260/20846/23796/11731/21828/16000/16160/100038489/16159/11608/13645/71093/22413/16002/14181/64103",0.352487857583619
"GO:0019693","ribose phosphate metabolic process",373,-0.509035988703891,-1.42951419927453,0.00106090620259965,0.0486652830935353,0.0486652830935353,2134,"tags=11%, list=11%, signal=10%","18585/60596/224129/19883/54195/19218/18159/79459/17885/100039229/16000/12298/73707/19017/20533/16333/14919/15978/17888/11931/13808/58805/52815/18642/17883/50873/110385/210044/14080/19013/98660/108079/433766/230718/56012/14555/239790/241113/11474/229665/140781",0.45505986738723
"GO:0001935","endothelial cell proliferation",155,-0.528048883338388,-1.4243197487385,0.01491017242982,0.263058042154681,0.263058042154681,2982,"tags=16%, list=15%, signal=14%","16401/18053/19378/14184/11727/21926/73230/17260/20846/23796/11731/21828/16000/16160/12310/100038489/16159/11608/13645/71093/22413/75568/16002/14181/64103",0.380730400722792
"GO:0030518","nuclear receptor-mediated steroid hormone signaling pathway",131,-0.538876915061162,-1.42283436283111,0.0237456618010913,0.346578727469564,0.346578727469564,2156,"tags=8%, list=11%, signal=7%","22061/18119/16000/170639/110784/277744/26381/19013/20377/20183",0.352487857583619
"GO:0043401","steroid hormone receptor signaling pathway",131,-0.538876915061162,-1.42283436283111,0.0237456618010913,0.346578727469564,0.346578727469564,2156,"tags=8%, list=11%, signal=7%","22061/18119/16000/170639/110784/277744/26381/19013/20377/20183",0.352487857583619
"GO:0048009","insulin-like growth factor receptor signaling pathway",51,-0.596338754538785,-1.42194571022565,0.0425824175824176,0.476563600038055,0.476563600038055,2603,"tags=16%, list=13%, signal=14%","214425/329828/12560/16000/16008/16002/22408/434246",0.257206466468838
"GO:0000271","polysaccharide biosynthetic process",63,-0.581381937543667,-1.42191282931384,0.0435931307793923,0.479455687548207,0.479455687548207,2213,"tags=14%, list=11%, signal=13%","232493/16000/12491/16333/13645/53412/16002/140491/241113",0.248911114434702
"GO:0009132","nucleoside diphosphate metabolic process",143,-0.532864162702776,-1.42074572762805,0.0286120276343335,0.387955731129608,0.387955731129608,2315,"tags=14%, list=12%, signal=12%","227659/319801/79459/100039229/16000/19017/20533/16333/15978/13808/58805/18642/14080/19013/108079/433766/56012/14555/241113/11474",0.352487857583619
"GO:0010907","positive regulation of glucose metabolic process",62,-0.586205699399416,-1.4199407580182,0.0360031547235948,0.450348573479767,0.450348573479767,1874,"tags=15%, list=9%, signal=13%","16000/19017/12491/16333/18679/19013/16002/241113/11474",0.321775918075361
"GO:0014074","response to purine-containing compound",155,-0.526146659605061,-1.41918883204615,0.0160497885800527,0.27124142700289,0.27124142700289,2963,"tags=19%, list=15%, signal=17%","12362/20343/20845/207728/231602/18441/54611/193034/21673/94045/68312/22065/16333/11450/15360/20192/77596/13487/56506/74166/20191/12790/108079/110893/14555/20190/16514/12292/19309/229665",0.352487857583619
"GO:0009060","aerobic respiration",282,-0.510375009520519,-1.41907598791077,0.0061643342660463,0.152547575402928,0.152547575402928,2315,"tags=10%, list=12%, signal=9%","227659/319801/20617/79459/100039229/16000/19017/20533/16333/15978/13808/58805/18642/76668/18604/27273/12865/14080/22226/19013/108079/12862/433766/56012/14555/12869/241113/11474",0.407017918923954
"GO:0035050","embryonic heart tube development",87,-0.563008907311157,-1.41806662784052,0.0360248447204969,0.450348573479767,0.450348573479767,2968,"tags=20%, list=15%, signal=17%","19378/57246/207607/51938/17260/23796/18119/21385/100038489/18091/16147/65256/14275/20191/14463/18741/16814",0.266350657088526
"GO:0006164","purine nucleotide biosynthetic process",190,-0.516365664835617,-1.41754423282435,0.00961906933029752,0.20799213211842,0.20799213211842,2133,"tags=9%, list=11%, signal=8%","60596/224129/209176/54195/19218/18159/15930/70789/73707/14919/52815/50873/210044/19013/239790/229665/69564",0.380730400722792
"GO:0042733","embryonic digit morphogenesis",71,-0.577098056911459,-1.41712885360162,0.0322981366459627,0.419875776397515,0.419875776397515,887,"tags=8%, list=4%, signal=8%","242022/16147/18121/20319/109663/235320",0.282013350011725
"GO:0061572","actin filament bundle organization",184,-0.526515681399676,-1.41577046304442,0.0098605616616617,0.209866167678262,0.209866167678262,1869,"tags=8%, list=9%, signal=7%","18816/18761/268709/385354/77569/22417/50873/207495/217371/21333/118449/72088/68760/17926",0.380730400722792
"GO:0050709","negative regulation of protein secretion",81,-0.567241758368669,-1.41388240676878,0.0452729693741678,0.487006715780411,0.487006715780411,2618,"tags=23%, list=13%, signal=20%","12652/269275/14681/13491/18133/19218/58212/16160/16333/56013/16159/50873/17773/110385/16500/12922/20927/18125/16514",0.245041785430996
"GO:0098926","postsynaptic signal transduction",62,-0.583160247264492,-1.41256389078985,0.0390579319139748,0.46125116713352,0.46125116713352,3182,"tags=35%, list=16%, signal=30%","17069/20866/234214/12326/12672/17067/29867/70274/67792/110454/100041546/23936/11438/57248/67038/110902/72585/225192/14402/11423/504186/11448",0.321775918075361
"GO:0060419","heart growth",120,-0.54036930540892,-1.41099998956068,0.0242250872768853,0.349603394364398,0.349603394364398,3663,"tags=22%, list=18%, signal=18%","19736/74116/11609/12818/19091/14632/234214/14164/57246/11554/17260/11731/15214/21385/16000/17888/11606/18091/13869/22413/100705/234072/18121/19013/12391/14463/22138",0.352487857583619
"GO:0060420","regulation of heart growth",84,-0.556086665870929,-1.41042370511373,0.0401002506265664,0.468929064341686,0.468929064341686,2487,"tags=17%, list=12%, signal=15%","11554/17260/15214/21385/16000/17888/18091/13869/22413/100705/18121/19013/12391/14463",0.252961123069611
"GO:0001649","osteoblast differentiation",218,-0.517875420607164,-1.40986505888995,0.00983972145138351,0.209866167678262,0.209866167678262,2811,"tags=15%, list=14%, signal=13%","21926/20302/110075/71584/14560/19228/17260/14119/22061/12355/12163/18159/435965/16000/64654/107221/22417/64075/20681/12096/56788/16147/387206/170574/11423/13081/18121/16008/20319/16002/20377/239790/17926",0.380730400722792
"GO:1903828","negative regulation of protein localization",241,-0.509433238155613,-1.40781791294357,0.00839796285253346,0.19261327656775,0.19261327656775,2633,"tags=15%, list=13%, signal=13%","56079/12652/269275/11815/29867/14681/13491/75744/18133/15944/19218/54396/12578/58212/16160/16145/12491/16333/56013/17472/11450/16159/245038/50873/17773/110385/72585/16500/14371/12922/18767/20927/11472/18125/17762/16514",0.380730400722792
"GO:1904063","negative regulation of cation transmembrane transport",79,-0.560616440678465,-1.40705659971078,0.0426065162907268,0.476563600038055,0.476563600038055,253,"tags=6%, list=1%, signal=6%","98660/12391/69563/18125/76757",0.245041785430996
"GO:0007009","plasma membrane organization",162,-0.526231453421901,-1.40693191780436,0.0166760622453225,0.278165381141457,0.278165381141457,3044,"tags=14%, list=15%, signal=12%","20979/20404/12362/26874/71345/12759/20739/64931/23969/14940/13009/14939/20533/404545/83762/20741/207495/66139/434246/12391/233246/17306",0.352487857583619
"GO:0050671","positive regulation of lymphocyte proliferation",148,-0.525801327346202,-1.40687196415947,0.02489461371237,0.354285100350537,0.354285100350537,4902,"tags=50%, list=24%, signal=38%","16196/22329/242122/20851/12978/105855/17874/16189/12509/15000/12229/78317/19260/66824/14999/12480/12524/11444/19264/18019/22042/16168/16846/16175/16173/320484/18950/27218/50723/12487/11629/12504/16149/12494/12501/81897/16184/12772/108723/14165/24099/21947/20737/60533/16408/16161/20739/16963/12511/17260/22637/12775/333883/21939/16019/15944/13136/17221/58205/16000/16160/18761/20533/20304/209590/15978/16159/16191/12484/170776/21333/16008/16002/60505",0.352487857583619
"GO:1901136","carbohydrate derivative catabolic process",255,-0.506293786960924,-1.40655378648485,0.0133718886192317,0.246975639193474,0.246975639193474,2859,"tags=16%, list=14%, signal=14%","12398/18639/56045/207728/192188/12659/27052/224794/103149/227659/319801/18585/79459/77042/100039229/74409/16000/19017/20533/12655/57757/16333/18947/81600/15978/233040/13808/58805/18642/110385/384997/14080/19013/23956/108079/433766/11668/230718/56012/14555/241113/11474",0.380730400722792
"GO:0032271","regulation of protein polymerization",197,-0.514932003022332,-1.40247032287599,0.0123794429065962,0.234515582142067,0.234515582142067,2946,"tags=13%, list=15%, signal=11%","67971/50876/243725/83679/20739/15894/20743/170835/22003/93689/20617/75305/69697/11687/105439/22153/72948/20741/207495/277468/21916/93677/12391/17762/50874/320502",0.380730400722792
"GO:0051261","protein depolymerization",131,-0.531040582904891,-1.40214354762104,0.0310815773705635,0.412407830005848,0.412407830005848,2621,"tags=10%, list=13%, signal=9%","20739/20743/22003/208158/93689/69697/20741/21916/93677/11472/50874/58522/320502",0.352487857583619
"GO:0046631","alpha-beta T cell activation",207,-0.511105206861008,-1.40147601848564,0.0141172924402655,0.252530932966973,0.252530932966973,4962,"tags=42%, list=25%, signal=32%","19099/16364/382051/246779/14991/545030/232409/20849/16859/93685/105855/94176/16189/19219/19260/93675/21949/12522/18708/93694/12480/19264/16168/26888/16818/16173/320484/18950/12487/30925/240873/12501/16186/12772/22778/17085/19208/83408/20737/12515/60533/16362/269799/14744/12703/73149/57765/14347/16161/252838/230979/72310/16963/20351/474145/22637/12775/20230/13813/15944/19883/16428/13136/16182/381812/245126/17173/16160/18761/16145/381409/18782/17863/94071/16333/15978/16159/54698/435921/16147/54215/70809/19885/723834/60505/235320",0.380730400722792
"GO:0051588","regulation of neurotransmitter transport",127,-0.531962099577791,-1.40016382592036,0.0260622629634727,0.366240378011863,0.366240378011863,3044,"tags=21%, list=15%, signal=18%","20979/207777/243725/20614/231602/18441/17260/12287/216227/13491/20617/14580/20974/12298/231290/269642/13616/241770/50873/12096/12290/16504/327814/12322/240239/18125/99738",0.352487857583619
"GO:0032946","positive regulation of mononuclear cell proliferation",150,-0.524145508238333,-1.39806458821278,0.0208008153961702,0.318316001790501,0.318316001790501,4902,"tags=49%, list=24%, signal=38%","16196/22329/242122/20851/12978/105855/17874/16189/12509/15000/12229/78317/19260/66824/14999/12480/12524/11444/19264/18019/22042/16168/16846/16175/16173/320484/18950/27218/50723/12487/11629/12504/16149/12494/12501/81897/16184/12772/108723/14165/24099/21947/20737/60533/16408/16161/20739/16963/12511/17260/22637/12775/333883/21939/16019/15944/13136/17221/58205/16000/16160/18761/20533/20304/209590/15978/16159/16191/12484/170776/21333/16008/16002/60505",0.352487857583619
"GO:0007368","determination of left/right symmetry",120,-0.53537254651359,-1.39795256684704,0.0277701488830341,0.381884145881895,0.381884145881895,3723,"tags=24%, list=19%, signal=20%","171395/83675/432611/18552/14165/13411/12622/19378/57246/207607/51938/17260/23796/74453/18119/21385/54562/12020/15223/68922/71860/18091/16147/65256/14275/14463/18741/230909/16814",0.352487857583619
"GO:0046330","positive regulation of JNK cascade",108,-0.538290003660169,-1.39771165110768,0.0381406436233611,0.458193195370651,0.458193195370651,2821,"tags=11%, list=14%, signal=10%","17951/21926/142980/12775/14170/18816/381812/21940/93735/29820/269016/17926",0.252961123069611
"GO:1901292","nucleoside phosphate catabolic process",195,-0.507886008031441,-1.39560009019753,0.0125600632857048,0.23585007725379,0.23585007725379,2859,"tags=16%, list=14%, signal=14%","12398/18639/56045/207728/547253/227659/319801/237868/18585/79459/100039229/16000/19017/20533/16333/15978/11871/13808/58805/11872/18642/110385/14080/19013/108079/433766/230718/56012/14555/241113/11474",0.380730400722792
"GO:0035272","exocrine system development",56,0.487870766154025,1.39499910081502,0.0481259392992626,0.494823119227176,0.494823119227176,2030,"tags=21%, list=10%, signal=19%","207920/12162/20665/14179/13608/16193/56787/24067/14183/14178/77411/328778",0.321775918075361
"GO:0050830","defense response to Gram-positive bacterium",91,-0.546897989156096,-1.39063197539753,0.0423940149625935,0.476563600038055,0.476563600038055,4400,"tags=56%, list=22%, signal=44%","12010/18439/21946/21949/109648/66824/24088/12363/14191/269855/17916/16173/107607/50931/17105/17476/15162/17110/16770/11727/497106/21926/192188/12652/230979/236573/11731/76074/78416/229900/55932/13587/27007/16992/100702/71660/14469/16803/12491/57757/54159/15978/19752/17472/19695/14468/626578/18778/384997/21333/619548",0.245041785430996
"GO:0050680","negative regulation of epithelial cell proliferation",146,-0.51609610064109,-1.38960517555064,0.0403359505267395,0.470122457863377,0.470122457863377,2976,"tags=15%, list=15%, signal=13%","18053/14184/66333/21926/19733/12579/17260/20846/14734/12578/12577/16160/26367/16159/71093/13505/333424/66601/20319/20377/67866/64103",0.321775918075361
"GO:0045104","intermediate filament cytoskeleton organization",64,0.472583837711489,1.38960094180768,0.0363953456300217,0.450348573479767,0.450348573479767,1757,"tags=20%, list=9%, signal=19%","110308/16664/16667/53617/109620/16673/406220/107993/268482/16669/94179/332131/110310",0.321775918075361
"GO:0098771","inorganic ion homeostasis",427,-0.49011574133862,-1.38942105229509,0.00177425612731492,0.0682291787402181,0.0682291787402181,3004,"tags=19%, list=15%, signal=16%","171382/71753/14184/207777/22439/20302/21954/19733/17201/66972/231602/20272/12652/18441/140919/19228/11941/19746/16493/12287/216227/20495/193034/78688/13491/21939/20307/59091/13009/18159/11656/12298/11733/12310/22065/64654/22066/20304/13616/16485/26946/15978/11931/13828/320707/11606/668940/110891/110784/20192/12290/56506/140765/76376/27222/56188/16531/20512/16591/268878/14186/14371/105243/20191/230810/11932/12770/98660/110893/12391/12374/20190/15464/68460/69585/76757/19309/11937/17306",0.45505986738723
"GO:0051480","regulation of cytosolic calcium ion concentration",73,-0.568563840426085,-1.38926169616095,0.0486555697823303,0.494823119227176,0.494823119227176,2643,"tags=29%, list=13%, signal=25%","231602/12652/18441/11941/12287/12298/12310/22065/22066/26946/320707/668940/110891/12290/56188/14371/20191/110893/12391/20190/15464",0.231126709673834
"GO:0045103","intermediate filament-based process",65,0.469710774321392,1.38917736519858,0.0428032861029398,0.477226915543541,0.477226915543541,1757,"tags=20%, list=9%, signal=18%","110308/16664/16667/53617/109620/16673/406220/107993/268482/16669/94179/332131/110310",0.321775918075361
"GO:0046785","microtubule polymerization",106,-0.538653298615615,-1.38833235846144,0.0380952380952381,0.458193195370651,0.458193195370651,2946,"tags=14%, list=15%, signal=12%","67971/83679/170835/320923/20617/75305/69697/105439/22153/72948/277468/545486/546144/12391/17762",0.252961123069611
"GO:0007528","neuromuscular junction development",78,-0.554339858709804,-1.38564104880359,0.0498721227621483,0.496795146869242,0.496795146869242,867,"tags=10%, list=4%, signal=10%","231134/22342/382864/14371/192650/16716/66797/12292",0.227987202850442
"GO:0060972","left/right pattern formation",126,-0.528503002140407,-1.38550589484236,0.0332541567695962,0.428831716414351,0.428831716414351,3723,"tags=23%, list=19%, signal=19%","171395/83675/432611/18552/14165/13411/12622/19378/57246/207607/51938/17260/23796/74453/18119/21385/54562/12020/15223/68922/71860/18091/16147/65256/14275/14463/18741/230909/16814",0.271288554688953
"GO:0062013","positive regulation of small molecule metabolic process",185,-0.507917074173207,-1.38409433598713,0.0240635581799539,0.348303950925496,0.348303950925496,3029,"tags=18%, list=15%, signal=16%","22259/14164/20845/26874/18639/21926/19733/237625/18441/19228/319801/20617/16000/19017/234564/12491/16333/15978/11450/58805/17171/22417/11606/11608/50873/18679/14080/19013/16002/66968/108079/14555/241113/11474",0.352487857583619
"GO:0098773","skin epidermis development",135,0.425264479292122,1.38239293390958,0.014680872627943,0.260443547007319,0.260443547007319,2611,"tags=17%, list=13%, signal=15%","12740/69073/214531/16667/74591/15422/13608/16870/67859/195733/14183/14178/66042/243538/73712/16600/14977/80859/13393/23801/16776/13388/12550",0.380730400722792
"GO:0019722","calcium-mediated signaling",234,-0.499882085749695,-1.38122412848912,0.0112373540533397,0.22317221640173,0.22317221640173,3536,"tags=30%, list=18%, signal=25%","71132/15874/12766/12504/11542/12501/12772/211482/26423/28240/77647/14800/70261/171382/16408/13405/243725/67888/21926/20302/21954/12777/19733/80901/12182/230775/30937/22637/16797/12775/20495/193034/56644/13491/53623/74100/108995/15944/12525/54396/12776/23832/16000/53901/16145/171166/68312/252837/11931/14289/668940/11608/110891/12773/20192/18604/14811/20297/74166/20191/59006/26557/12770/17762/100504518/20190/16514/76469/59011/12372/11474",0.380730400722792
"GO:0071383","cellular response to steroid hormone stimulus",206,-0.502977063280953,-1.38017606333108,0.0141016239691886,0.252530932966973,0.252530932966973,2156,"tags=10%, list=11%, signal=9%","22061/18119/21385/16000/16365/268709/170639/11608/15360/110784/277744/26381/19013/17927/20377/98660/433766/17700/433294/20183",0.380730400722792
"GO:0046434","organophosphate catabolic process",252,-0.498307451383529,-1.37803090505798,0.00974388000867523,0.209281596708068,0.209281596708068,3925,"tags=22%, list=20%, signal=18%","110959/270198/18640/18606/11674/211429/19428/11807/83965/18950/22228/84111/18979/74182/22361/100340/66387/12398/18639/56045/232889/207728/242864/547253/227659/319801/237868/18585/79459/100039229/16000/19017/20533/320769/16333/18947/15978/11871/13808/58805/11872/18642/18778/110385/271844/14080/19013/108079/433766/230718/56012/14555/329502/241113/11474",0.380730400722792
"GO:0030003","intracellular monoatomic cation homeostasis",421,-0.485551757905531,-1.37371638581505,0.00281591764376522,0.0936985653277731,0.0936985653277731,3004,"tags=17%, list=15%, signal=15%","171382/71753/210808/207777/66333/22439/20302/21954/19733/66972/231602/12652/18441/12349/19228/11941/12287/78688/13491/21939/20307/13009/18159/11656/74748/12298/12310/20533/22065/22066/20304/13616/26946/15978/11931/56365/320707/11606/668940/110891/110784/20192/13487/240215/12290/140765/76376/27222/277468/56188/16531/20512/268878/14371/105243/20191/230810/232156/11932/94229/12770/98660/110893/12391/12374/20190/15464/68460/69585/76757/19309/11937/17306",0.431707695803346
"GO:0007272","ensheathment of neurons",173,-0.503477694987156,-1.37120847915277,0.0297211787040237,0.396817899453722,0.396817899453722,2976,"tags=14%, list=15%, signal=12%","18053/14184/229715/26874/94185/22439/21926/13011/21367/51938/12759/17136/16411/18377/16000/15978/12805/72948/269116/245880/110893/66797/17926/20183",0.352487857583619
"GO:0008366","axon ensheathment",173,-0.503477694987156,-1.37120847915277,0.0297211787040237,0.396817899453722,0.396817899453722,2976,"tags=14%, list=15%, signal=12%","18053/14184/229715/26874/94185/22439/21926/13011/21367/51938/12759/17136/16411/18377/16000/15978/12805/72948/269116/245880/110893/66797/17926/20183",0.352487857583619
"GO:0042129","regulation of T cell proliferation",181,-0.501422151401814,-1.36965716913587,0.0417124039517014,0.476563600038055,0.476563600038055,4962,"tags=46%, list=25%, signal=35%","19099/19354/22329/246779/242122/20851/16859/105855/16189/12509/15000/78317/19260/93675/66824/14999/12480/12524/278180/19264/22042/16168/16846/12477/15170/16175/16173/320484/18950/27218/50723/12487/11629/12504/240873/12501/16184/12772/108723/24099/21947/193385/20737/14960/60533/16362/16408/94185/50498/16161/20739/230979/16963/12511/22637/14714/12775/333883/20555/15944/13136/12578/17221/58205/15930/16000/245126/16160/18761/20533/20304/18782/209590/15978/15223/16159/54698/12484/16147/170776/16008/16002/60505",0.231126709673834
"GO:0007584","response to nutrient",160,-0.509429166328062,-1.36808143668578,0.0255558428483117,0.362294973006309,0.362294973006309,1187,"tags=12%, list=6%, signal=11%","58805/15360/12096/18604/13076/74338/16591/14080/14275/66601/13081/19013/16008/20319/20377/14545/17762/12374/22229",0.352487857583619
"GO:0015980","energy derivation by oxidation of organic compounds",420,-0.482133144580909,-1.36738933371609,0.00400577209553001,0.119097538877286,0.119097538877286,2859,"tags=12%, list=14%, signal=11%","12398/18639/21926/207728/66972/13853/76187/11554/23960/227659/319801/242700/20617/232493/18124/23961/79459/100039229/16000/19017/20533/231699/12491/16333/15978/13808/58805/18642/58200/76668/18679/18604/53412/27273/12865/16591/14080/22226/19013/16002/108079/12862/433766/56012/14555/18682/12869/140491/19309/241113/11474",0.407017918923954
"GO:0019217","regulation of fatty acid metabolic process",108,-0.525967516529066,-1.36571535967248,0.0476758045292014,0.494796749637878,0.494796749637878,3029,"tags=20%, list=15%, signal=17%","22259/26874/19733/237625/14261/20617/55990/19017/16333/26367/11450/58805/11606/18604/27273/102570/226564/14080/100705/19013/66968/14077",0.224966093540314
"GO:0009799","specification of symmetry",129,-0.510257742514152,-1.36213822976542,0.044392523364486,0.485670843350475,0.485670843350475,3173,"tags=19%, list=16%, signal=16%","14165/13411/12622/19378/57246/207607/51938/17260/23796/74453/18119/21385/54562/12020/15223/68922/71860/18091/16147/65256/14275/14463/18741/230909/16814",0.231126709673834
"GO:0009855","determination of bilateral symmetry",129,-0.510257742514152,-1.36213822976542,0.044392523364486,0.485670843350475,0.485670843350475,3173,"tags=19%, list=16%, signal=16%","14165/13411/12622/19378/57246/207607/51938/17260/23796/74453/18119/21385/54562/12020/15223/68922/71860/18091/16147/65256/14275/14463/18741/230909/16814",0.231126709673834
"GO:0032612","interleukin-1 production",109,-0.521557236172256,-1.36093376135485,0.0411622276029056,0.475438535370251,0.475438535370251,4748,"tags=43%, list=24%, signal=33%","16859/55991/17874/21899/282663/18854/12774/18439/19219/22177/13051/66824/170744/24088/12363/637515/107607/16170/13610/75083/383619/226691/233274/232801/14456/16956/268973/20312/12362/17951/21926/20302/66222/12775/56644/229898/16000/12310/12491/107221/15978/406218/14869/233081/20297/380839/11829",0.245041785430996
"GO:0032652","regulation of interleukin-1 production",109,-0.521557236172256,-1.36093376135485,0.0411622276029056,0.475438535370251,0.475438535370251,4748,"tags=43%, list=24%, signal=33%","16859/55991/17874/21899/282663/18854/12774/18439/19219/22177/13051/66824/170744/24088/12363/637515/107607/16170/13610/75083/383619/226691/233274/232801/14456/16956/268973/20312/12362/17951/21926/20302/66222/12775/56644/229898/16000/12310/12491/107221/15978/406218/14869/233081/20297/380839/11829",0.245041785430996
"GO:1904659","D-glucose transmembrane transport",118,-0.518254699806816,-1.35999674563482,0.033214709371293,0.428831716414351,0.428831716414351,3122,"tags=21%, list=16%, signal=18%","21752/11636/21926/12266/18260/18124/14734/237858/14170/16000/353169/16429/107221/16333/242773/11450/20167/66277/20661/13869/14080/100705/20528/239790/68460",0.271288554688953
"GO:0042098","T cell proliferation",223,-0.492443970635812,-1.35735131395609,0.0220038009569983,0.329168585668686,0.329168585668686,5008,"tags=43%, list=25%, signal=33%","16889/19099/19354/22329/246779/242122/20851/16859/105855/94176/20315/16189/12509/15000/78317/18439/19260/93675/66824/14999/18173/12480/12524/278180/19264/20556/22042/16168/16846/12477/16414/15170/16175/16173/320484/18950/27218/50723/12487/11629/12504/240873/12501/16184/12772/108723/24099/21947/193385/20737/14960/60533/16362/16408/19171/94185/50498/16161/20739/230979/16963/12511/22637/14714/12775/19419/333883/20230/20555/15944/13136/12578/17221/58205/15930/16000/58206/245126/16160/18761/20533/20304/18782/209590/114570/15978/15223/16159/22417/54698/12484/16147/170776/21948/16008/16002/60505",0.352487857583619
"GO:1903039","positive regulation of leukocyte cell-cell adhesion",269,-0.486453894372995,-1.35581725218469,0.0125413825649179,0.23585007725379,0.23585007725379,4455,"tags=35%, list=22%, signal=28%","12509/13482/15000/12010/78317/668101/19260/104709/12522/20296/66824/14999/19204/12480/12524/19264/22042/16168/16846/16414/74734/16818/16175/16173/320484/320832/18950/27218/50723/12487/11629/12504/16149/14969/12501/16186/16184/14723/12772/22778/22361/108723/14961/14998/24099/21947/12507/83408/20737/16401/14960/20343/60533/16362/16408/74015/14744/21926/12703/14347/16161/20739/230979/15894/16963/12511/22637/67596/12775/19419/333883/18124/20344/15944/13136/17221/58205/16000/21940/16160/18761/20533/26887/20304/209590/15978/16159/12484/16147/170776/54215/16008/16002/60505/235320",0.380730400722792
"GO:0034766","negative regulation of monoatomic ion transmembrane transport",88,-0.531891290871936,-1.35512258789559,0.0495049504950495,0.496751237623762,0.496751237623762,253,"tags=6%, list=1%, signal=6%","98660/12391/69563/18125/76757",0.224966093540314
"GO:0031333","negative regulation of protein-containing complex assembly",154,-0.504598862476519,-1.35447441521747,0.0384615384615385,0.458256029684601,0.458256029684601,3655,"tags=19%, list=18%, signal=16%","217356/20128/59036/327959/226691/20660/50876/12759/20739/69017/20743/170835/22003/78688/93689/75744/20617/15944/54396/22153/94090/16145/320722/20741/12955/21916/93677/50874/320502",0.248911114434702
"GO:0042552","myelination",172,-0.504622346852763,-1.35410645784032,0.0336935621505344,0.43189631962222,0.431896319622219,2976,"tags=14%, list=15%, signal=12%","18053/14184/229715/26874/94185/22439/21926/13011/21367/51938/12759/17136/16411/18377/16000/15978/12805/72948/269116/245880/110893/66797/17926/20183",0.321775918075361
"GO:0070665","positive regulation of leukocyte proliferation",163,-0.503037698174654,-1.3539657672605,0.0488636363636364,0.494823119227176,0.494823119227176,4615,"tags=44%, list=23%, signal=34%","12978/105855/17874/16189/17096/12509/15000/12229/78317/19260/66824/14999/12982/12480/12524/11444/19264/18019/22042/16168/16846/16175/16173/320484/18950/27218/50723/12487/11629/12504/16149/12494/12501/81897/16184/12772/108723/14165/24099/21947/20737/60533/16408/16161/20739/16963/12511/17260/22637/12775/333883/21939/16019/15944/13136/17221/58205/16000/16160/18761/20533/20304/209590/15978/16159/16191/12484/170776/21333/16008/16002/60505",0.216542836735348
"GO:0010565","regulation of ketone metabolic process",143,-0.507803109283241,-1.35392685132182,0.0422535211267606,0.476563600038055,0.476563600038055,3029,"tags=21%, list=15%, signal=18%","22259/20845/26874/19733/237625/14261/20617/55990/70979/14170/19017/234564/16333/26367/11450/58805/22417/11606/12096/18604/27273/16531/102570/226564/14186/14080/100705/19013/66968/14077",0.237793834423688
"GO:0019395","fatty acid oxidation",113,-0.521362967926844,-1.35352234849352,0.0451306413301663,0.487006715780411,0.487006715780411,3199,"tags=18%, list=16%, signal=15%","16922/20928/12908/26874/14261/55990/11687/19017/12491/11450/93732/74121/12895/27273/226564/14080/100705/19013/66968/14077",0.231126709673834
"GO:0008544","epidermis development",336,0.377942744173561,1.35321887654997,0.000818844631308514,0.0392434344945021,0.0392434344945021,2489,"tags=18%, list=12%, signal=16%","12740/110308/207920/16664/69073/214531/16667/100034684/70129/76770/74591/209195/109620/13409/64661/15422/16673/408196/13608/20761/381867/406220/93746/16870/20863/64929/67859/20758/195733/66195/252973/21818/14401/14183/17123/332131/14178/110310/319530/66042/545975/433016/20759/386463/16535/243538/12575/73712/16600/20753/239250/17133/19225/14977/80859/21816/13393/18103/23801/16776/13388/14581",0.477270815362862
"GO:0141193","nuclear receptor-mediated signaling pathway",184,-0.502987195023638,-1.35250371292069,0.0235054053578851,0.344638614630909,0.344638614630909,2156,"tags=8%, list=11%, signal=7%","22061/18119/11687/56018/21834/16000/170639/110784/277744/26381/19013/66968/20377/20183",0.352487857583619
"GO:0006873","intracellular monoatomic ion homeostasis",429,-0.480065966595833,-1.35250339507158,0.00455225909394526,0.12601124095395,0.12601124095395,3004,"tags=17%, list=15%, signal=15%","171382/71753/210808/207777/66333/22439/20302/21954/19733/66972/231602/12652/18441/12349/19228/11941/12287/78688/13491/21939/20307/13009/18159/11656/74748/12298/12310/20533/22065/22066/20304/13616/26946/15978/11931/56365/320707/11606/668940/110891/110784/20192/13487/240215/12290/140765/76376/27222/277468/56188/16531/20512/268878/14371/105243/20191/230810/232156/11932/94229/12770/98660/110893/12391/12374/20190/15464/68460/69585/76757/19309/11937/17306",0.407017918923954
"GO:0043255","regulation of carbohydrate biosynthetic process",113,-0.520664636207952,-1.35170939351526,0.0451306413301663,0.487006715780411,0.487006715780411,2579,"tags=15%, list=13%, signal=13%","18441/19228/20617/81799/16000/19017/12491/16333/11450/17171/18604/13645/53412/19013/16002/140491/241113",0.231126709673834
"GO:0042274","ribosomal small subunit biogenesis",109,0.414918465970783,1.3512885575027,0.0351737626421455,0.444657290724131,0.444657290724131,8189,"tags=62%, list=41%, signal=37%","14113/66481/20055/54127/57294/20044/14109/30946/223722/27993/67619/21771/20115/67222/104662/213895/108707/59028/213773/20085/230082/20103/76846/27966/66878/27207/20104/67674/94254/57315/66538/75416/20042/215193/269470/98956/56321/14791/67045/72181/110816/67205/215194/53414/208366/68731/433864/72515/59014/68327/225348/223499/217995/217109/267019/224823/76894/73674/20116/68979/70683/66523/18148/68052/20054/74778/20068/20091",0.321775918075361
"GO:0032944","regulation of mononuclear cell proliferation",239,-0.484121986373647,-1.35106521140842,0.0248568318294848,0.354285100350537,0.354285100350537,4962,"tags=44%, list=25%, signal=33%","19099/19354/16196/22329/246779/242122/20851/16859/12978/105855/17874/16189/17096/12509/15000/12229/78317/22177/19260/93675/66824/14999/12480/12483/12524/278180/11444/19264/18019/22042/16168/16846/12477/15170/16175/16173/320484/18950/27218/50723/12487/11629/12504/16149/240873/12494/12501/81897/16184/12772/108723/14165/20666/24099/21947/193385/20737/14960/60533/16362/16408/94185/50498/16161/22780/20739/230979/16963/12511/17260/16988/22637/14714/12775/333883/21939/16019/20555/15944/13136/12578/17221/58205/15930/16000/245126/16160/18761/20533/20304/18782/209590/15978/69816/15223/16159/54698/16191/12484/16147/170776/21333/16008/16002/60505",0.352487857583619
"GO:0051259","protein complex oligomerization",275,-0.485604971758313,-1.34851674439556,0.0208827558193418,0.318316001790501,0.318316001790501,3890,"tags=23%, list=19%, signal=19%","71145/22781/64177/100038882/71586/11674/211550/16506/239217/12279/15898/15874/16149/28240/108723/110304/14800/246730/268973/20979/193385/12503/19378/66333/56045/16492/16493/103149/23960/193034/78688/53623/226025/20617/22061/23961/229898/546729/16490/24115/12482/225030/231699/20517/16485/14979/12845/20192/17364/16504/16500/100705/16515/16538/279499/434246/11829/17762/99738/20190/16495/16502/66733",0.352487857583619
"GO:0030832","regulation of actin filament length",155,-0.499469293820301,-1.34723129150306,0.0451467268623025,0.487006715780411,0.487006715780411,2895,"tags=10%, list=14%, signal=9%","50876/243725/20739/15894/20743/22003/93689/11687/20741/207495/21916/93677/11472/50874/17996/320502",0.224966093540314
"GO:0050670","regulation of lymphocyte proliferation",237,-0.485214114408814,-1.34692715450469,0.0258887838572505,0.364600372656277,0.364600372656277,4962,"tags=44%, list=25%, signal=34%","19099/19354/16196/22329/246779/242122/20851/16859/12978/105855/17874/16189/17096/12509/15000/12229/78317/22177/19260/93675/66824/14999/12480/12483/12524/278180/11444/19264/18019/22042/16168/16846/12477/15170/16175/16173/320484/18950/27218/50723/12487/11629/12504/16149/240873/12494/12501/81897/16184/12772/108723/14165/20666/24099/21947/193385/20737/14960/60533/16362/16408/94185/50498/16161/22780/20739/230979/16963/12511/17260/16988/22637/14714/12775/333883/21939/16019/20555/15944/13136/12578/17221/58205/15930/16000/245126/16160/18761/20533/20304/18782/209590/15978/69816/15223/16159/54698/16191/12484/16147/170776/21333/16008/16002/60505",0.352487857583619
"GO:0002444","myeloid leukocyte mediated immunity",120,0.413173816167459,1.34462662070726,0.0209855826910437,0.318316001790501,0.318316001790501,2326,"tags=19%, list=12%, signal=17%","12921/243979/20277/380795/13142/16163/225642/14126/19214/233231/14125/20311/442827/14460/18976/14825/68891/19215/58217/58218/100689/11846/16590",0.352487857583619
"GO:0045333","cellular respiration",331,-0.479316587205586,-1.34409591122023,0.0107361027833256,0.220021941994152,0.220021941994152,2327,"tags=10%, list=12%, signal=9%","23960/227659/319801/242700/20617/18124/23961/79459/100039229/16000/19017/20533/231699/16333/15978/13808/58805/18642/76668/18604/27273/12865/14080/22226/19013/108079/12862/433766/56012/14555/12869/241113/11474",0.380730400722792
"GO:0030856","regulation of epithelial cell differentiation",150,0.400721974702553,1.34366430591657,0.0116526222850382,0.227456353539561,0.227456353539561,3682,"tags=27%, list=18%, signal=22%","207920/12945/67701/69073/74591/22062/15377/16673/381867/12705/19123/195733/19116/12741/66398/12161/17133/18132/16878/18103/22339/13388/74155/18109/15404/14573/381823/22330/18508/235505/93691/101809/54200/15218/20674/13115/16176/12387/19207/12562",0.380730400722792
"GO:0009612","response to mechanical stimulus",228,-0.48450344174133,-1.33677763432494,0.0311457174638487,0.412407830005848,0.412407830005848,2937,"tags=19%, list=15%, signal=17%","16362/13405/21926/387218/207728/142980/17136/18441/11941/15566/16493/21939/237523/13009/16528/16000/24046/100316672/11418/53404/12491/16485/328789/83762/50769/16147/18766/20512/20191/22226/140476/504186/16008/56642/723834/98660/78321/66797/12391/18125/14463/22138/16502/21393",0.271288554688953
"GO:0072522","purine-containing compound biosynthetic process",251,-0.482903431147554,-1.33070636499097,0.0335497835497836,0.43091341991342,0.43091341991342,2227,"tags=8%, list=11%, signal=8%","20617/60596/224129/209176/54195/19218/18159/15930/70789/73707/14919/52815/50873/18604/210044/27273/100705/19013/239790/229665/69564",0.257206466468838
"GO:0051258","protein polymerization",284,-0.478765501137582,-1.33020047231263,0.0210161919587625,0.318316001790501,0.318316001790501,2946,"tags=12%, list=15%, signal=11%","67971/11727/50876/243725/83679/20739/15894/20743/170835/22003/320923/93689/20617/75305/69697/11687/105439/22153/268709/50873/72948/20741/22370/207495/277468/545486/12808/546144/21916/93677/12391/17762/50874/320502/12372",0.352487857583619
"GO:0031109","microtubule polymerization or depolymerization",152,-0.498161347387852,-1.32677752180203,0.0475086906141367,0.494796749637878,0.494796749637878,2702,"tags=11%, list=13%, signal=10%","83679/170835/208158/320923/20617/75305/69697/105439/22153/72948/277468/545486/12955/546144/12391/17762/58522",0.222056046145248
"GO:0001906","cell killing",236,-0.479729566892116,-1.32579510254249,0.0290340883459666,0.3908950007501,0.3908950007501,4777,"tags=50%, list=24%, signal=39%","20375/16859/14131/20706/14962/17969/14130/56838/105855/17874/20315/16189/12509/15015/12010/12774/15331/18439/16174/21946/22177/14129/104709/20296/13051/15039/21355/50908/18708/93694/12480/71183/26904/19264/23900/98870/13032/12263/16846/15170/16173/20299/12279/50909/57266/100043314/17105/11801/71740/18950/317677/70450/30925/17110/21354/667277/83408/20343/11891/16643/12266/20723/12759/243655/72310/16963/15042/246256/56792/14940/19419/333883/232408/16768/12481/69379/17057/20307/17059/14190/229900/13136/54396/55932/225825/27007/320407/229898/20400/14939/16160/16145/266620/14469/12274/16904/100529082/16641/667977/80782/14468/16159/13421/20290/14990/17329/15945/54698/384997/54215/100043861/102570/21333/20297/385643/17175/16002/60505",0.352487857583619
"GO:0009410","response to xenobiotic stimulus",373,-0.471227445317738,-1.32333732607936,0.00892036918001031,0.197848852173166,0.197848852173166,2515,"tags=17%, list=13%, signal=15%","622402/13058/14261/54611/17260/18143/76279/319801/20617/55990/11864/19883/20538/18159/20303/20731/14860/12578/74748/16992/24046/231290/11418/68312/14859/72303/11450/620246/14869/15360/50873/72082/380714/13076/226565/14811/13078/226143/20512/13086/226564/14080/242546/15484/14402/16008/20319/20927/16002/19885/20377/28254/68678/108079/11668/66797/18125/14463/16514/16502/14077/11464",0.380730400722792
"GO:0055088","lipid homeostasis",176,-0.486677035813421,-1.32253923440655,0.0316027088036117,0.414707363550058,0.414707363550058,3180,"tags=18%, list=16%, signal=15%","16816/280408/16956/22259/75985/73297/11770/68952/11554/11890/81799/19883/116939/234564/107770/16333/18947/624219/58805/99887/225583/12484/18670/67737/231103/14186/14080/28254/16420/108079/12391/14077",0.271288554688953
"GO:0062012","regulation of small molecule metabolic process",360,-0.471712423725566,-1.3223425178818,0.0106387884976289,0.219685851227566,0.219685851227566,2928,"tags=17%, list=15%, signal=14%","14164/210808/20845/12642/26874/12398/18639/21926/19733/237625/14263/18441/19228/14261/227659/16467/319801/20617/55990/70979/81799/19883/21834/14170/16000/19017/20533/234564/12491/16333/26367/15978/11450/58805/17171/22417/11606/11608/50873/12096/18679/18604/27273/16531/102570/67737/226564/14186/14080/100705/19013/16002/66968/19885/108079/433766/14555/14077/241113/11474",0.380730400722792
"GO:0019318","hexose metabolic process",258,-0.473750795236766,-1.31804647029136,0.0245612370725936,0.352868600626837,0.352868600626837,2352,"tags=14%, list=12%, signal=12%","11815/23960/14119/18563/319801/81799/19883/231691/23961/79459/100039229/16000/19017/231699/12491/16333/11450/13808/18642/18679/18604/66065/382064/27273/14080/100705/19013/16002/19885/11668/56012/14555/16514/14120/241113/11474",0.352487857583619
"GO:0050867","positive regulation of cell activation",379,-0.466006713771424,-1.31736907643775,0.0113636429092752,0.22317221640173,0.22317221640173,4615,"tags=33%, list=23%, signal=26%","12978/105855/17874/21899/16189/18596/12509/13482/15000/12010/12229/106763/78317/22177/668101/19260/104709/12522/20296/66824/14999/12480/12524/11444/19264/13032/18019/22042/16168/16846/74734/16818/16175/16173/320484/320832/18950/27218/50723/12487/11629/12504/16149/12494/14969/12501/81897/16186/16184/14723/12772/22778/22361/108723/14165/232801/14961/14456/14998/24099/21947/12507/83408/20737/14960/60533/16362/16408/74015/14744/21926/12703/57765/16161/252838/18861/20739/230979/16963/56792/12511/17260/22637/329731/67596/12775/19419/333883/17394/56644/21939/16019/18124/20344/15944/13136/16169/225825/53603/27007/17221/58205/16000/21940/20670/16160/18761/20533/20304/16803/209590/17863/15978/16159/16191/12484/16147/170776/54215/64817/21333/16008/16002/60505/12335/235320",0.380730400722792
"GO:0060348","bone development",249,-0.469762020229873,-1.31488052127273,0.0426695842450766,0.476563600038055,0.476563600038055,3152,"tags=13%, list=16%, signal=11%","329278/20379/20354/12622/14184/12824/13405/19733/107587/16880/17260/237928/12813/18159/233332/16000/94045/666279/18295/23850/12845/12096/56788/16147/207209/22408/16420/235320/18741/20190/239790/11474/17926",0.227987202850442
"GO:0005996","monosaccharide metabolic process",278,-0.471848875261962,-1.31467051058715,0.0222177741557302,0.330283670435415,0.330283670435415,2352,"tags=14%, list=12%, signal=12%","11815/23960/14119/18563/319801/81799/19883/231691/23961/79459/100039229/16000/19017/232370/231699/12491/16333/11450/13808/18642/18679/18604/66065/382064/27273/14080/100705/19013/16002/19885/98660/11668/56012/14555/16514/14120/241113/11474",0.352487857583619
"GO:0050870","positive regulation of T cell activation",242,-0.476648868935115,-1.31370139173646,0.0283533260632497,0.387415021230191,0.387415021230191,4902,"tags=38%, list=24%, signal=29%","16196/66993/22329/242122/20851/16859/105855/16189/12509/13482/15000/12010/78317/668101/19260/104709/12522/20296/66824/14999/12480/12524/19264/22042/16168/16846/74734/16818/16175/16173/320484/320832/18950/27218/50723/12487/11629/12504/16149/14969/12501/16186/16184/12772/22778/22361/108723/14961/14998/24099/21947/12507/83408/20737/14960/60533/16362/16408/74015/14744/12703/16161/20739/230979/16963/12511/22637/67596/12775/19419/333883/15944/13136/17221/58205/16000/21940/16160/18761/20533/20304/209590/15978/16159/12484/16147/170776/54215/16008/16002/60505/235320",0.282013350011725
"GO:0009755","hormone-mediated signaling pathway",203,-0.479050499010133,-1.30776147691364,0.0496688741721854,0.496795146869242,0.496795146869242,2156,"tags=9%, list=11%, signal=8%","22061/18119/21834/16000/209590/170639/11450/20607/110784/277744/26381/12922/19013/20377/16433/239790/433294/20183",0.211400189384923
"GO:0031669","cellular response to nutrient levels",278,-0.468693663411808,-1.30587942472995,0.0257725474197026,0.364562333765045,0.364562333765045,1187,"tags=7%, list=6%, signal=7%","58805/22417/76257/18604/381393/544791/16500/27273/14275/13081/52187/19013/20927/17927/20377/108079/14545/12374/16514/241113",0.352487857583619
"GO:0032386","regulation of intracellular transport",297,-0.466358097954257,-1.30457446905736,0.0350690754516472,0.444208289054198,0.444208289054198,3819,"tags=14%, list=19%, signal=12%","241062/16846/216831/16480/15242/19428/11609/21924/70546/19653/68566/238257/12954/70261/14456/20660/12326/20684/13853/237625/52250/11815/29867/380684/75744/12578/18761/12491/15978/17472/11450/99889/12955/23828/18767/22771/11472/69563/17762/228785/329502/15464/11937",0.248911114434702
"GO:0072330","monocarboxylic acid biosynthetic process",214,-0.477754845258392,-1.30395926937114,0.0426008968609865,0.476563600038055,0.476563600038055,4080,"tags=27%, list=20%, signal=21%","68588/83603/13123/54447/18640/329065/14431/74559/14863/67092/14081/54486/73635/26358/244595/16149/16956/22259/19378/20845/26874/104086/18639/66469/19733/237625/108097/328035/12012/11687/231691/237320/14170/15930/243078/68312/234564/18947/26367/54326/93732/58805/14979/14869/11606/109264/11686/18778/13076/27273/14186/271844/14080/100705/108079/11668/241113",0.231126709673834
"GO:0070663","regulation of leukocyte proliferation",259,-0.467518855763078,-1.30365436706552,0.0319148936170213,0.415912170126341,0.415912170126341,4962,"tags=42%, list=25%, signal=32%","19099/19354/16196/22329/246779/242122/20851/16859/12978/105855/17874/16189/17096/12509/20293/15000/12229/78317/22177/19260/93675/66824/14999/12982/12480/12483/12524/278180/11444/19264/18019/22042/16168/16846/12477/15170/16175/16173/320484/15242/18950/27218/50723/12487/11629/12504/16149/240873/12494/12501/81897/16184/12772/108723/14165/20666/24099/21947/193385/20737/14960/60533/16362/16408/94185/50498/16161/22780/20739/230979/16963/12511/17260/16988/22637/14714/12775/333883/21939/16019/20555/15944/13136/12578/17221/58205/15930/16000/245126/16160/18761/20533/20304/18782/209590/15978/69816/15223/16159/54698/16191/12484/16147/170776/21333/16008/16002/60505",0.261663521711573
"GO:0007612","learning",185,-0.477598097662059,-1.30147391270186,0.0483689538807649,0.494823119227176,0.494823119227176,2770,"tags=19%, list=14%, signal=17%","20614/21367/13853/64011/98388/11555/11980/100043254/13491/15465/21375/19049/21960/232370/210933/13798/18191/218038/56013/11606/110891/50873/15572/12290/76376/14811/21333/22226/14402/18121/64378/20927/98660/14652/110893/66797",0.216542836735348
"GO:1903037","regulation of leukocyte cell-cell adhesion",371,-0.463533427634192,-1.30063038801898,0.0189573299755097,0.302845704235631,0.302845704235631,4411,"tags=33%, list=22%, signal=26%","13482/15000/12010/78317/668101/19260/104709/12522/20296/94212/66824/14999/19204/12480/12524/278180/19264/22042/16168/16846/12477/16414/74734/16818/15170/16175/16173/320484/320832/100043314/18950/27218/50723/240754/12487/11629/12504/16149/240873/14969/12501/14357/16186/16184/18566/14723/12772/22778/22361/108723/14961/14998/24099/21947/12507/193385/83408/20737/12515/16401/14960/20343/60533/16362/16408/74015/94185/14744/21926/12703/57765/14347/16161/20739/230979/15894/16963/12511/22637/14714/67596/12775/19419/333883/16768/18124/20344/20555/15944/14190/13136/12578/17221/58205/15930/16000/21940/245126/17173/16160/18761/20533/328505/26887/20304/18782/209590/15978/329919/15223/16159/639774/54698/12484/16147/170776/54215/19013/16008/16002/60505/235320",0.352487857583619
"GO:0007269","neurotransmitter secretion",179,-0.483299366616997,-1.29752988575557,0.0497737556561086,0.496795146869242,0.496795146869242,3044,"tags=20%, list=15%, signal=17%","20979/207777/243725/20614/231602/108030/69017/18441/20743/18155/17260/12287/13491/20617/20965/20974/12298/94090/24115/18191/13616/60510/27204/83762/241770/50873/12096/380714/12290/16504/22342/327814/20927/12322/240239/99738",0.213927855492356
"GO:0099643","signal release from synapse",179,-0.483299366616997,-1.29752988575557,0.0497737556561086,0.496795146869242,0.496795146869242,3044,"tags=20%, list=15%, signal=17%","20979/207777/243725/20614/231602/108030/69017/18441/20743/18155/17260/12287/13491/20617/20965/20974/12298/94090/24115/18191/13616/60510/27204/83762/241770/50873/12096/380714/12290/16504/22342/327814/20927/12322/240239/99738",0.213927855492356
"GO:0010639","negative regulation of organelle organization",375,-0.457942625583195,-1.29710299446704,0.0293770654250784,0.394685176066639,0.394685176066639,2981,"tags=10%, list=15%, signal=8%","75712/83560/14184/50876/243725/20739/69017/20743/170835/22003/208158/78688/93689/20617/69697/22153/16000/94090/19017/232370/67578/22264/385354/66991/50873/20741/217371/14371/21916/93677/12391/17762/50874/58522/320502/17926",0.352487857583619
"GO:0050863","regulation of T cell activation",370,-0.459495506064652,-1.29379388714307,0.0240808088151542,0.348303950925496,0.348303950925496,4411,"tags=32%, list=22%, signal=25%","13482/15000/12010/78317/668101/19260/93675/214763/104709/12522/20296/94212/66824/14999/12480/12524/278180/19264/22042/16168/16846/12477/74734/16818/15170/16175/16173/320484/320832/100043314/18950/27218/50723/240754/12487/11629/12504/16149/240873/14969/12501/14357/16186/16184/18566/12772/22778/22361/108723/14961/14998/24099/21947/12507/193385/83408/20737/12515/14960/60533/16362/16408/74015/94185/14744/12703/50498/57765/16161/252838/20739/230979/16963/12511/22637/14714/16797/67596/12775/19419/333883/16768/20555/15944/14190/13136/12578/17221/58205/15930/16000/21940/245126/17173/16160/18761/20533/328505/20304/18782/209590/15978/329919/15223/16159/639774/54698/12484/16147/170776/54215/16008/16002/19885/723834/60505/235320",0.352487857583619
"GO:0006836","neurotransmitter transport",227,-0.467292680739781,-1.29270248143544,0.0472008781558727,0.494796749637878,0.494796749637878,3077,"tags=21%, list=15%, signal=18%","243328/20979/207777/243725/20614/231602/108030/69017/18441/20743/140919/18155/17260/12287/216227/13491/20617/20965/20538/381417/14580/20974/12298/94090/231290/24115/20517/269642/20519/18191/13616/60510/27204/83762/241770/50873/12096/380714/12290/16504/22342/327814/20927/98660/12322/240239/18125/99738",0.216542836735348
"GO:0016055","Wnt signaling pathway",448,-0.457723343285439,-1.29090047164779,0.011075970312588,0.222404980516862,0.222404980516862,3720,"tags=16%, list=19%, signal=13%","70433/15209/16480/15242/83675/240725/53883/12006/226778/217951/14365/77583/207742/665113/21888/59036/20356/72780/14632/13607/14165/72125/21752/20379/21410/14184/24113/20378/13853/232941/20473/16841/16815/18133/12560/12022/195208/14734/22423/12763/72135/242939/93735/387191/54612/228770/22417/50873/66277/18091/13645/225638/22413/14371/110648/14275/29811/214105/100503386/18121/20319/22408/20377/330096/108079/18741/219134/75607/78910/17926",0.380730400722792
"GO:0006006","glucose metabolic process",218,-0.473505517800213,-1.28907234862669,0.0426229508196721,0.476563600038055,0.476563600038055,2352,"tags=15%, list=12%, signal=13%","11815/23960/14119/18563/319801/81799/19883/231691/23961/100039229/16000/19017/231699/12491/16333/11450/13808/18642/18679/18604/27273/14080/100705/19013/16002/19885/56012/14555/16514/14120/241113/11474",0.227987202850442
"GO:0001666","response to hypoxia",306,-0.464189123953548,-1.2881899287566,0.0275423728813559,0.380380900309823,0.380380900309823,2411,"tags=13%, list=12%, signal=12%","11731/16493/11555/78688/319801/11864/19883/18159/14068/11656/16992/17173/107585/53417/12877/17863/11438/11931/12484/13076/16531/64242/12955/14080/15484/20191/12350/19013/20377/110893/17700/17189/12391/18125/12374/20528/20190/16514/22229/19309",0.282013350011725
"GO:0070482","response to oxygen levels",357,-0.458829363427184,-1.28601444990086,0.0223770954204801,0.331883849400285,0.331883849400285,2411,"tags=13%, list=12%, signal=12%","11731/16493/11555/78688/319801/11864/60596/19883/54195/18159/14068/11656/16992/17173/107585/53417/12877/723930/387203/387194/17863/11438/11931/12484/13076/16531/64242/12955/14080/723893/15484/20191/12350/387164/19013/17927/20377/110893/17700/17189/12391/18125/12374/20528/20190/16514/22229/19309",0.352487857583619
"GO:0002696","positive regulation of leukocyte activation",355,-0.455941643327161,-1.27950184179082,0.0317124735729387,0.414781069827724,0.414781069827724,4615,"tags=33%, list=23%, signal=26%","12978/105855/17874/21899/16189/12509/13482/15000/12010/12229/106763/78317/22177/668101/19260/104709/12522/20296/66824/14999/12480/12524/11444/19264/13032/18019/22042/16168/16846/74734/16818/16175/16173/320484/320832/18950/27218/50723/12487/11629/12504/16149/12494/14969/12501/81897/16186/16184/12772/22778/22361/108723/14165/14961/14456/14998/24099/21947/12507/83408/20737/14960/60533/16362/16408/74015/14744/21926/12703/57765/16161/252838/18861/20739/230979/16963/56792/12511/17260/22637/329731/67596/12775/19419/333883/17394/56644/21939/16019/18124/15944/13136/16169/225825/53603/27007/17221/58205/16000/21940/16160/18761/20533/20304/16803/209590/15978/16159/16191/12484/16147/170776/54215/21333/16008/16002/60505/235320",0.261663521711573
"GO:0019216","regulation of lipid metabolic process",349,-0.453236235563615,-1.27255606650071,0.0415800415800416,0.476563600038055,0.476563600038055,3029,"tags=18%, list=15%, signal=16%","22259/83408/20660/14164/20845/12642/26874/211961/21926/12266/19733/21835/237625/14263/15446/14261/11815/20617/55990/15465/70979/14311/19883/103968/21834/14170/16000/73472/71660/19017/232370/234564/12491/107770/319229/16333/26367/15978/11450/624219/58805/22417/11606/11608/12096/18604/13869/27273/16531/102570/67737/226564/14186/14080/100705/19013/16002/12683/66968/19885/108079/13628/14077",0.224966093540314
"GO:0036293","response to decreased oxygen levels",327,-0.454843165888122,-1.27236687438424,0.0377754459601259,0.458193195370651,0.458193195370651,2411,"tags=13%, list=12%, signal=12%","11731/16493/11555/78688/319801/11864/19883/18159/14068/11656/16992/17173/107585/53417/12877/387203/387194/17863/11438/11931/12484/13076/16531/64242/12955/14080/15484/20191/12350/387164/19013/20377/110893/17700/17189/12391/18125/12374/20528/20190/16514/22229/19309",0.237793834423688
"GO:0071559","response to transforming growth factor beta",281,-0.457818954961448,-1.26949779567045,0.0447761194029851,0.487006715780411,0.487006715780411,3170,"tags=14%, list=16%, signal=12%","64339/20666/215001/20845/241226/77794/72789/214425/15446/16963/14560/269275/12579/66695/54611/17260/14119/18133/18119/12560/12163/12577/19017/231162/66650/22417/387163/110542/22413/14275/19013/12683/22408/20377/16420/278507/17700/12391/20190/20679",0.219250346703755
"GO:0009165","nucleotide biosynthetic process",223,-0.459369791084817,-1.26618707244126,0.0485436893203883,0.494823119227176,0.494823119227176,2133,"tags=8%, list=11%, signal=7%","60596/224129/209176/54195/19218/18159/15930/70789/73707/14919/52815/50873/210044/19013/239790/229665/69564",0.211400189384923
"GO:0051251","positive regulation of lymphocyte activation",322,-0.451677841668743,-1.26526466929123,0.0417101147028154,0.476563600038055,0.476563600038055,4902,"tags=35%, list=24%, signal=27%","16196/66993/22329/242122/20851/20375/16859/12978/105855/17874/16189/12509/13482/15000/12010/12229/78317/22177/668101/19260/104709/12522/20296/66824/14999/12480/12524/11444/19264/18019/22042/16168/16846/74734/16818/16175/16173/320484/320832/18950/27218/50723/12487/11629/12504/16149/12494/14969/12501/81897/16186/16184/12772/22778/22361/108723/14165/14961/14456/14998/24099/21947/12507/83408/20737/14960/60533/16362/16408/74015/14744/12703/57765/16161/252838/18861/20739/230979/16963/12511/17260/22637/67596/12775/19419/333883/56644/21939/16019/15944/13136/16169/17221/58205/16000/21940/16160/18761/20533/20304/209590/15978/16159/16191/12484/16147/170776/54215/21333/16008/16002/60505/235320",0.224966093540314
"GO:0046651","lymphocyte proliferation",306,-0.455470080656717,-1.26399336062569,0.0444915254237288,0.485926150121065,0.485926150121065,4615,"tags=38%, list=23%, signal=29%","12978/105855/17874/94176/20315/16189/17096/12509/15000/12229/78317/18439/22177/19260/93675/66824/14999/18173/12480/12483/12524/278180/11444/19264/22362/18019/20556/22042/16168/16846/12477/16414/15170/16175/16173/320484/16199/18950/27218/50723/12487/11629/12504/30925/16149/240873/12494/12501/81897/16184/12772/108723/14165/20666/24099/21947/193385/20737/14960/60533/16362/16408/19171/94185/50498/16161/22780/17079/20739/230979/16963/12511/17260/16988/22637/14714/12775/19419/333883/20230/21939/16019/20555/15944/13136/12578/17221/58205/15930/16000/58206/21940/245126/16160/18761/20533/20304/18782/209590/114570/15978/69816/15223/16159/22417/54698/16191/12484/16147/170776/21333/21948/16008/16002/60505",0.219250346703755
"GO:0016042","lipid catabolic process",312,-0.450412804070006,-1.25953465246669,0.0476694915254237,0.494796749637878,0.494796749637878,4001,"tags=24%, list=20%, signal=20%","14245/54447/72054/110959/18606/16846/211429/18796/11807/101055671/12097/546726/244595/225845/14667/74182/16922/13116/100340/12908/16956/83408/66387/20660/26874/67111/104086/21926/232889/242864/76187/27052/269615/15446/11770/74055/14311/320981/103968/69376/116939/71660/232370/320769/64654/12623/234564/18782/319229/16333/18947/240633/11450/93732/13479/74121/631304/71939/104158/12895/18778/114875/13076/13078/271844/14080/100705/13081/19013/12683/27281/66968/23956/18802/329502",0.211400189384923
"GO:0003002","regionalization",395,-0.440955112422577,-1.2548645884128,0.0289256198347107,0.390252795333009,0.390252795333009,3086,"tags=17%, list=15%, signal=15%","15426/13411/21410/12622/19378/15434/14164/24113/57246/207607/12266/51938/11695/15436/20473/320145/17260/23796/15214/15425/74453/13813/18119/210510/12022/12592/21375/14734/21385/21407/54562/12020/13798/18530/15427/22772/15223/20472/15424/68922/15423/71860/18091/16147/17877/226049/22413/14186/234219/65256/14275/18509/12808/18121/209448/20319/22408/20377/109663/235320/14463/18741/22138/17878/230909/21393/16814",0.271288554688953
"GO:0032943","mononuclear cell proliferation",310,-0.45383660500307,-1.25094996797964,0.0494623655913978,0.496751237623762,0.496751237623762,4615,"tags=37%, list=23%, signal=29%","12978/105855/17874/94176/20315/16189/17096/12509/15000/12229/78317/18439/22177/19260/93675/66824/14999/18173/12480/12483/12524/278180/11444/19264/22362/18019/20556/22042/16168/16846/12477/16414/15170/16175/16173/320484/16199/18950/27218/50723/12487/11629/12504/30925/16149/240873/12494/12501/81897/16184/12772/108723/14165/20666/24099/21947/193385/20737/14960/60533/16362/16408/19171/94185/50498/16161/22780/17079/20739/230979/16963/12511/17260/16988/22637/14714/12775/19419/333883/20230/21939/16019/20555/15944/13136/12578/17221/58205/15930/16000/58206/21940/245126/16160/18761/20533/20304/18782/209590/114570/15978/69816/15223/16159/22417/54698/16191/12484/16147/170776/21333/21948/16008/16002/60505",0.208955027549354
"GO:0045089","positive regulation of innate immune response",439,-0.435770699229085,-1.24592004267121,0.0329218106995885,0.426257799017656,0.426257799017656,4937,"tags=32%, list=25%, signal=24%","19063/16364/56620/240518/20851/14991/72512/15951/71481/71956/20375/64296/16859/212937/17874/21899/667823/54445/234779/17096/225471/13482/12229/18439/16174/22177/94088/54123/19260/170743/26940/214763/27056/234311/66824/170744/98999/279572/80285/18708/24088/12524/26904/19106/57319/12363/56489/637515/83490/56619/71586/80861/209387/15170/211550/231655/104759/64685/107607/20128/52150/30925/16149/75083/71398/383619/81897/226691/57738/246730/100340/268973/22259/83408/12362/60533/16362/210808/319236/100040462/226695/21926/21897/236312/16643/142980/243655/15950/16963/327957/224840/102639543/23960/19419/434341/56644/16768/246727/27278/58203/384059/623121/237868/17059/15944/229900/231798/100033459/54396/55932/225825/23961/27007/239081/320407/229898/20400/16160/16145/16365/14469/231699/16803/69097/12491/386454/16641/14289/19695/14468/545384/16159/54698/54215/625530/17175/60505/67445/12374",0.252961123069611
"GO:0015711","organic anion transport",415,-0.438394002208683,-1.24361071922996,0.0394190871369295,0.461951418965987,0.461951418965987,3051,"tags=20%, list=15%, signal=17%","71781/268860/63954/73095/319924/228993/108116/26874/20493/21926/215332/20614/66972/13853/237625/11770/140919/18155/106407/22599/75750/216227/193034/229699/13491/66859/20617/56018/240638/19218/72401/14580/240726/546729/12298/246049/231290/24115/20533/14079/234564/22066/18782/12491/20500/20517/20519/26367/215900/11606/76257/231583/73333/12895/18778/13487/240215/18168/208890/277468/18670/102570/18857/20512/271844/14080/100705/14275/74686/232156/57394/57274/26557/20927/94229/28254/53896/12374/20528/67473/14077",0.231126709673834
"GO:0048638","regulation of developmental growth",364,-0.440701330420563,-1.23820246048149,0.0392156862745098,0.46125116713352,0.46125116713352,3825,"tags=18%, list=19%, signal=15%","14431/16846/74318/71653/70433/16480/19736/116838/74116/12818/14297/20356/18198/14632/22778/20354/20979/21410/14184/57246/12266/108030/71751/17136/11554/20360/17260/15214/11555/18377/17919/21960/231507/18159/21385/20981/16000/94045/107585/20670/666279/240058/17888/50769/11606/50873/18091/13869/22342/382864/22413/225152/100705/18121/19013/16002/17927/12561/12335/17700/12391/17762/14463/239790/59011/11474",0.231126709673834
"GO:0031047","regulatory ncRNA-mediated gene silencing",171,0.366416224863529,1.22563776112721,0.0382179351883254,0.458193195370651,0.458193195370651,1126,"tags=11%, list=6%, signal=11%","723898/70800/71981/732489/622480/100503393/100124432/735261/751546/214575/723827/387189/723946/83561/751529/387190/723825/16193/194908",0.321775918075361
"GO:0006364","rRNA processing",220,0.34122824534521,1.16647896783994,0.0436027911187431,0.479455687548207,0.479455687548207,7190,"tags=53%, list=36%, signal=34%","14113/66481/102614/100609/16418/67281/67223/20055/54127/57294/27176/67025/66489/20044/19942/76130/100503670/68077/234374/227695/30946/56200/27993/67619/21771/20227/20115/227715/67222/104662/208768/66932/69072/52530/56095/52202/213895/59050/108707/64934/227656/59028/213773/18114/20085/276919/230082/66229/212547/217038/67115/27966/103136/66878/69663/228889/66942/71990/245474/20104/448850/72462/67674/69237/57808/57315/67040/68533/75416/229937/12181/215193/52513/269470/72344/67832/18150/98956/107071/18572/14791/67045/67848/66711/70285/27998/77591/72181/214627/110816/67205/57750/215194/68147/53414/72662/72198/75273/208366/110109/68731/74035/66362/101122/66580/320790/72515/67936/59014/17975/68083/101867/67755/68327/72554/225348",0.321775918075361
NA,NA,NA,NA,NA,NA,NA,NA,NA,NA,NA,NA
NA,NA,NA,NA,NA,NA,NA,NA,NA,NA,NA,NA
