"ENSEMBL","baseMean","log2FoldChange","lfcSE","stat","pvalue","padj","SYMBOL","ENTREZID","GENENAME","regulated"
"ENSMUSG00000039168",99606.554779912,-4.12718516940844,0.116579065155699,-35.4024555257526,1.5652069187009e-274,2.92897170696499e-270,"Dap","223453","death-associated protein","Down_in_KO_control"
"ENSMUSG00000022236",934.877466711639,-4.917913240804,0.186244913895251,-26.4056243896677,1.18083528139779e-153,1.10484853103984e-149,"Ropn1l","252967","ropporin 1-like","Down_in_KO_control"
"ENSMUSG00000022237",5630.53191151636,-4.20878693133011,0.160657998275159,-26.1971826894153,2.86126418335503e-151,1.78476122210409e-147,"Ankrd33b","67434","ankyrin repeat domain 33B","Down_in_KO_control"
"ENSMUSG00000039100",17204.8382445568,-3.85970973578433,0.155818515698912,-24.7705461605246,1.86253632029783e-135,8.71341054043334e-132,"Marchf6","223455","membrane associated ring-CH-type finger 6","Down_in_KO_control"
"ENSMUSG00000022312",79737.8258362995,-3.69033179175158,0.152591926662383,-24.1843187412962,3.25321004340495e-129,1.21754639084474e-125,"Eif3h","68135","eukaryotic translation initiation factor 3, subunit H","Down_in_KO_control"
"ENSMUSG00000117458",1959.75578057697,-3.19464101301469,0.13610176632566,-23.4724434462566,7.80024656986485e-122,2.43276690103135e-118,"Gm6552","625074","eukaryotic translation initiation factor 3, subunit H pseudogene","Down_in_KO_control"
"ENSMUSG00000022403",37610.408684926,-3.11625068453966,0.150387083575956,-20.7215314669345,2.215261520126e-95,5.92202697515969e-92,"St13","70356","suppression of tumorigenicity 13","Down_in_KO_control"
"ENSMUSG00000004631",2176.88108400414,-2.43647312554032,0.122368364145617,-19.9109724359879,3.26907641960431e-88,7.64677838000694e-85,"Sgce","20392","sarcoglycan, epsilon","Down_in_KO_control"
"ENSMUSG00000033060",1912.34224259912,2.40555921606291,0.122831598241575,19.5842051271843,2.10872275992902e-85,4.3845032229502e-82,"Lmo7","380928","LIM domain only 7","Up_in_KO_control"
"ENSMUSG00000022404",7528.48938200304,-2.96746330500532,0.155042330993155,-19.1396974361559,1.17953019281379e-81,2.20725484981244e-78,"Slc25a17","20524","solute carrier family 25 (mitochondrial carrier, peroxisomal membrane protein), member 17","Down_in_KO_control"
"ENSMUSG00000092035",7305.014168762,-3.40249463753274,0.189706657900708,-17.9355573240535,6.22365312494905e-72,1.05875655388338e-68,"Peg10","170676","paternally expressed 10","Down_in_KO_control"
"ENSMUSG00000061731",11602.9033825339,-2.41436226671305,0.135506714672201,-17.8172887782981,5.18912798406238e-71,8.09201266381328e-68,"Ext1","14042","exostosin glycosyltransferase 1","Down_in_KO_control"
"ENSMUSG00000028126",1702.1511141606,-1.58260115344635,0.0909840748688563,-17.3942654879714,9.11881814051017e-68,1.31261879894898e-64,"Pip5k1a","18720","phosphatidylinositol-4-phosphate 5-kinase, type 1 alpha","Down_in_KO_control"
"ENSMUSG00000022313",2164.10165207377,-3.32001615314575,0.192083779345155,-17.2842088200483,6.18643827846914e-67,8.26905853607093e-64,"Utp23","78581","UTP23 small subunit processome component","Down_in_KO_control"
"ENSMUSG00000022314",37185.2885479934,-2.68552020310043,0.15620596595958,-17.1921743616076,3.03917382481849e-66,3.79147065225523e-63,"Rad21","19357","RAD21 cohesin complex component","Down_in_KO_control"
"ENSMUSG00000063632",248.309092736689,5.81660554710067,0.349114517680885,16.6610245421459,2.51675991716138e-62,2.94350802061506e-59,"Sox11","20666","SRY (sex determining region Y)-box 11","Up_in_KO_control"
"ENSMUSG00000039065",1572.46323238953,-3.19420381580493,0.207195532510172,-15.4163739782764,1.27039874609605e-53,1.39841010209973e-50,"Atpsckmt","68073","ATP synthase C subunit lysine N-methyltransferase","Down_in_KO_control"
"ENSMUSG00000052560",426.43330168645,-3.10351224834991,0.201757959480331,-15.3823534711772,2.14988843978009e-53,2.23504790964471e-50,"Cpne8","66871","copine VIII","Down_in_KO_control"
"ENSMUSG00000033585",346.645915519379,7.30822270188865,0.490539709486132,14.8983304726633,3.37917988778326e-50,3.32813648632042e-47,"Ndn","17984","necdin, MAGE family member","Up_in_KO_control"
"ENSMUSG00000035357",840.929545406016,2.4199439548732,0.168413852253206,14.3690315404393,8.0955373007629e-47,7.57458947545881e-44,"Pdzrn3","55983","PDZ domain containing RING finger 3","Up_in_KO_control"
"ENSMUSG00000051166",728.047471769616,1.64688155111346,0.116253682188225,14.166274307312,1.48154800776867e-45,1.32020037473215e-42,"Eml5","319670","echinoderm microtubule associated protein like 5","Up_in_KO_control"
"ENSMUSG00000022235",228.95161516111,-2.90714352869825,0.207650115759054,-14.0002018206026,1.55428725535937e-44,1.32206260952454e-41,"Cmbl","69574","carboxymethylenebutenolidase homolog","Down_in_KO_control"
"ENSMUSG00000039683",250.407354653601,6.09603406019674,0.439760079316262,13.8621815551672,1.07360974495972e-43,8.73498224236139e-41,"Sdk1","330222","sidekick cell adhesion molecule 1","Up_in_KO_control"
"ENSMUSG00000028989",484.908822865778,3.70393781001005,0.267988733669147,13.8212444952363,1.89760586189488e-43,1.47957910390162e-40,"Angptl7","654812","angiopoietin-like 7","Up_in_KO_control"
"ENSMUSG00000022464",534.276710885832,-5.72339124563116,0.432589964480622,-13.2305224706329,5.84794369324878e-40,4.37730281327057e-37,"Slc38a4","69354","solute carrier family 38, member 4","Down_in_KO_control"
"ENSMUSG00000015579",149.00160218436,-4.45249757296959,0.34491458871096,-12.9089859307192,4.00541112295417e-38,2.88281762860928e-35,"Nkx2-5","18091","NK2 homeobox 5","Down_in_KO_control"
"ENSMUSG00000022401",1144.93490179639,-1.97906941225796,0.153673439169003,-12.8784090663936,5.95504535214967e-38,4.12728754351025e-35,"Xpnpep3","321003","X-prolyl aminopeptidase 3, mitochondrial","Down_in_KO_control"
"ENSMUSG00000059878",666.939916446675,2.48713035172204,0.193268998278761,12.8687496384429,6.74857767059273e-38,4.51021906963577e-35,"Zfp422","67255","zinc finger protein 422","Up_in_KO_control"
"ENSMUSG00000020950",2499.13526278303,-1.81658558361432,0.142054389582614,-12.7879581120431,1.91437760467365e-37,1.23530165918131e-34,"Foxg1","15228","forkhead box G1","Down_in_KO_control"
"ENSMUSG00000022120",389.364401944592,1.90960211476034,0.149473232303017,12.7755457304163,2.24567041809175e-37,1.40077435112503e-34,"Obi1","72486","ORC ubiquitin ligase 1","Up_in_KO_control"
"ENSMUSG00000114995",258.587593980629,-3.79718904814127,0.301012021462636,-12.6147421943167,1.75129800003235e-36,1.05716256369695e-33,NA,NA,NA,"Down_in_KO_control"
"ENSMUSG00000004655",4297.17467199771,2.0707431795145,0.165615861503637,12.5032902085229,7.16243295325844e-36,4.18845649544766e-33,"Aqp1","11826","aquaporin 1","Up_in_KO_control"
"ENSMUSG00000048078",976.147409183378,3.11942773733496,0.252957568136461,12.3318221325252,6.10503755109622e-35,3.46192629374738e-32,"Tenm4","23966","teneurin transmembrane protein 4","Up_in_KO_control"
"ENSMUSG00000032572",177.822439120443,3.77910860788196,0.307699503074496,12.2818157654516,1.13423658924041e-34,6.24263802778113e-32,"Col6a4","68553","collagen, type VI, alpha 4","Up_in_KO_control"
"ENSMUSG00000055301",212.840643345835,-3.3667533502823,0.274626408065415,-12.2593940400676,1.49614487778705e-34,7.99924545657974e-32,"Adh7","11529","alcohol dehydrogenase 7 (class IV), mu or sigma polypeptide","Down_in_KO_control"
"ENSMUSG00000024376",155.985333470363,-3.61446940781838,0.297647957967954,-12.1434376116483,6.21586145026419e-34,3.23103931441094e-31,"Epb41l4a","13824","erythrocyte membrane protein band 4.1 like 4a","Down_in_KO_control"
"ENSMUSG00000032816",393.405730276042,2.09918739326951,0.173509814945164,12.0983783766523,1.07718008112538e-33,5.4479110427295e-31,"Igdcc4","56741","immunoglobulin superfamily, DCC subclass, member 4","Up_in_KO_control"
"ENSMUSG00000082082",271.73138455663,3.95443058728946,0.328393268130343,12.0417528952509,2.14351922164615e-33,1.05557039985959e-30,NA,NA,NA,"Up_in_KO_control"
"ENSMUSG00000025555",1832.87453579143,1.24300049334498,0.104255685406978,11.922615908118,9.02302214138322e-33,4.32943111106934e-30,"Farp1","223254","FERM, ARH/RhoGEF and pleckstrin domain protein 1","Up_in_KO_control"
"ENSMUSG00000000296",181.219999221239,-2.74740189467467,0.23085373592312,-11.9010501765916,1.1686712391434e-32,5.46733622452263e-30,"Tpd52l1","21987","tumor protein D52-like 1","Down_in_KO_control"
"ENSMUSG00000096225",318.067421137956,3.73462655034256,0.314292289318466,11.8826540684183,1.45667583856345e-32,6.64848169927752e-30,"Lhx8","16875","LIM homeobox protein 8","Up_in_KO_control"
"ENSMUSG00000046687",403.901671182071,2.45458175339552,0.207851417812464,11.8093096464234,3.49418435862257e-32,1.55682552149772e-29,"Gm5424","432466","argininosuccinate synthase pseudogene","Up_in_KO_control"
"ENSMUSG00000048402",355.955251153479,6.19695318656061,0.530910656479113,11.6723089109898,1.76565160774157e-31,7.68386942689952e-29,"Gli2","14633","GLI-Kruppel family member GLI2","Up_in_KO_control"
"ENSMUSG00000058665",132.331504004781,5.1110232759385,0.444675514625084,11.4938266395165,1.41693282956076e-30,6.02615091808422e-28,"En1","13798","engrailed 1","Up_in_KO_control"
"ENSMUSG00000029223",1514.17941186688,-2.17326409870415,0.189204624155164,-11.4863159841267,1.54563779923371e-30,6.42744891934674e-28,"Uchl1","22223","ubiquitin carboxy-terminal hydrolase L1","Down_in_KO_control"
"ENSMUSG00000022139",3261.56845783547,1.1804849113967,0.102901308005238,11.4720107477799,1.82371702992996e-30,7.41896016979985e-28,"Mbnl2","105559","muscleblind like splicing factor 2","Up_in_KO_control"
"ENSMUSG00000046387",205.044632639897,2.50068793544911,0.220586417979339,11.3365453700932,8.64917689872518e-30,3.44366058097541e-27,"Pcdhb17","93888","protocadherin beta 17","Up_in_KO_control"
"ENSMUSG00000029810",2827.44173688097,2.28753171439129,0.201838831267138,11.3334569965067,8.95972251182611e-30,3.49298515341254e-27,"Tmem176b","65963","transmembrane protein 176B","Up_in_KO_control"
"ENSMUSG00000028972",119.182710655484,-6.06613109939566,0.536173557676865,-11.3137453582736,1.1219581435504e-29,4.28473525311401e-27,"Car6","12353","carbonic anhydrase 6","Down_in_KO_control"
"ENSMUSG00000036111",127.44398916218,-3.46100163269182,0.306490028873319,-11.2923792183867,1.43109532462317e-29,5.35601736193468e-27,"Lmo1","109594","LIM domain only 1","Down_in_KO_control"
"ENSMUSG00000073599",727.375753695564,1.70037544109087,0.150883613683627,11.2694506684882,1.85724997650753e-29,6.81465074713438e-27,"Ecscr","68545","endothelial cell surface expressed chemotaxis and apoptosis regulator","Up_in_KO_control"
"ENSMUSG00000030662",3646.97333847957,1.31135086395705,0.116415366713323,11.2644138053209,1.96656260834548e-29,7.07697809422481e-27,"Ipo5","70572","importin 5","Up_in_KO_control"
"ENSMUSG00000051339",620.347816410771,-1.54097419396379,0.137365134258284,-11.2180882163762,3.32378096521746e-29,1.17354553211537e-26,"2900026A02Rik","243219","RIKEN cDNA 2900026A02 gene","Down_in_KO_control"
"ENSMUSG00000021996",7621.17427594005,-1.31880406124002,0.118944142718039,-11.0875914618703,1.44115832643106e-28,4.99414736342675e-26,"Esd","13885","esterase D/formylglutathione hydrolase","Down_in_KO_control"
"ENSMUSG00000031561",783.52987106115,4.48931062858496,0.405118198536548,11.081483490009,1.54294609396448e-28,5.24966368297405e-26,"Tenm3","23965","teneurin transmembrane protein 3","Up_in_KO_control"
"ENSMUSG00000019647",164.125774348593,2.92635156695041,0.264123299610532,11.0794904170344,1.57767920704502e-28,5.27198410739883e-26,"Sema6a","20358","sema domain, transmembrane domain (TM), and cytoplasmic domain, (semaphorin) 6A","Up_in_KO_control"
"ENSMUSG00000009418",2450.78581671296,1.22614898191274,0.110745051069215,11.0718173866425,1.71879018576466e-28,5.64275802565159e-26,"Nav1","215690","neuron navigator 1","Up_in_KO_control"
"ENSMUSG00000099759",92.614225744345,-4.60479376147058,0.416997937712305,-11.0427255029916,2.37711403034278e-28,7.66947152582835e-26,"1700030C10Rik","69513","RIKEN cDNA 1700030C10 gene","Down_in_KO_control"
"ENSMUSG00000022136",1436.16089408099,1.14463251077295,0.103933942130415,11.0130770305689,3.30518876200055e-28,1.04830503903926e-25,"Dnajc3","100037258","DnaJ heat shock protein family (Hsp40) member C3","Up_in_KO_control"
"ENSMUSG00000024846",457.445301050556,-2.16246901437853,0.196473588995752,-11.0064107111378,3.55901544513852e-28,1.10999760041462e-25,"Cst6","73720","cystatin E/M","Down_in_KO_control"
"ENSMUSG00000030657",227.612404045467,2.49429465627396,0.228951414529035,10.8944278042783,1.22534349932917e-27,3.75899227917159e-25,"Xylt1","233781","xylosyltransferase 1","Up_in_KO_control"
"ENSMUSG00000090210",891.393877966028,-2.32306408365529,0.213606799713734,-10.8754219751832,1.50955665469017e-27,4.55618285148662e-25,"Itga10","213119","integrin, alpha 10","Down_in_KO_control"
"ENSMUSG00000022421",1391.91445439092,2.23805900745191,0.206326047247956,10.8471956755042,2.05637979125783e-27,6.10810079901711e-25,"Nptxr","73340","neuronal pentraxin receptor","Up_in_KO_control"
"ENSMUSG00000022234",62815.4479981202,-3.55686845500123,0.328117523226929,-10.8402270626103,2.21919569097795e-27,6.48872015082349e-25,"Cct5","12465","chaperonin containing TCP1 subunit 5","Down_in_KO_control"
"ENSMUSG00000023927",335.394887733657,-2.07531947582519,0.191612544358736,-10.8308121619626,2.45963964711007e-27,7.08111334098011e-25,"Satb1","20230","special AT-rich sequence binding protein 1","Down_in_KO_control"
"ENSMUSG00000039410",147.545992954026,3.51590981427103,0.327454976654962,10.7370785754639,6.81673966185589e-27,1.93275226200469e-24,"Prdm16","70673","PR domain containing 16","Up_in_KO_control"
"ENSMUSG00000033147",309.405761036205,2.19142623659107,0.205183644936263,10.6803163442769,1.25842092417546e-26,3.51475085882021e-24,"Slc22a15","242126","solute carrier family 22 (organic anion/cation transporter), member 15","Up_in_KO_control"
"ENSMUSG00000004032",1141.01271301928,-1.22777235479308,0.115394824034316,-10.6397523898295,1.94645912172667e-26,5.35648375659869e-24,"Gstm5","14866","glutathione S-transferase, mu 5","Down_in_KO_control"
"ENSMUSG00000046402",2848.16186494195,2.25797853207165,0.21289383191928,10.606124713504,2.7908562042459e-26,7.5688829202976e-24,"Rbp1","19659","retinol binding protein 1, cellular","Up_in_KO_control"
"ENSMUSG00000070526",152.726210531399,3.5833527589002,0.340450010033471,10.5253419101028,6.60213142694867e-26,1.76493836274986e-23,"Peg12","27412","paternally expressed 12","Up_in_KO_control"
"ENSMUSG00000001348",7254.50139654672,-4.07857383034042,0.387686711334375,-10.5202827724025,6.9664192773602e-26,1.83609301320058e-23,"Acp5","11433","acid phosphatase 5, tartrate resistant","Down_in_KO_control"
"ENSMUSG00000021098",89.2361688310564,-5.93306725161341,0.564179229013535,-10.5162809024135,7.26863152143773e-26,1.88913752306478e-23,"4930447C04Rik","75801","RIKEN cDNA 4930447C04 gene","Down_in_KO_control"
"ENSMUSG00000044927",192.320238254308,-3.11491651603711,0.298847615121407,-10.4230931030575,1.94522054243029e-25,4.98642630280794e-23,"H1f10","243529","H1.10 linker histone","Down_in_KO_control"
"ENSMUSG00000039209",1085.018868112,-7.16696574875865,0.6931128699699,-10.3402577838006,4.63289602698416e-25,1.17155923449939e-22,"Rpl39l","68172","ribosomal protein L39-like","Down_in_KO_control"
"ENSMUSG00000110631",891.266932078096,-2.59404679400359,0.252086588232733,-10.2903006946514,7.79326181304234e-25,1.94447077743282e-22,NA,NA,NA,"Down_in_KO_control"
"ENSMUSG00000035413",347.903413525625,2.46402238674212,0.240125399340171,10.2613983923104,1.05172517506649e-24,2.58959647381832e-22,"Tmem98","103743","transmembrane protein 98","Up_in_KO_control"
"ENSMUSG00000037337",174.331401793508,2.02323350206162,0.198553809479231,10.1898498314798,2.20103937693283e-24,5.34909738448623e-22,"Map4k1","26411","mitogen-activated protein kinase kinase kinase kinase 1","Up_in_KO_control"
"ENSMUSG00000044068",376.149389076511,-1.46794311630639,0.144336216584757,-10.1703034140734,2.6906919797411e-24,6.45115627841487e-22,NA,NA,NA,"Down_in_KO_control"
"ENSMUSG00000037419",1390.35458879698,1.35003197379452,0.132757938318791,10.1691242790522,2.72346147595134e-24,6.45115627841487e-22,"Endod1","71946","endonuclease domain containing 1","Up_in_KO_control"
"ENSMUSG00000003279",260.043223619556,3.46169925818474,0.341033683725631,10.1506080583224,3.29305192230613e-24,7.70286007776433e-22,"Dlgap1","224997","DLG associated protein 1","Up_in_KO_control"
"ENSMUSG00000056004",128.530344087018,-2.16487257846809,0.214003746511505,-10.1160498998634,4.68961694953868e-24,1.08341730835453e-21,"Elapor2","231014","endosome-lysosome associated apoptosis and autophagy regulator family member 2","Down_in_KO_control"
"ENSMUSG00000021306",870.111865721844,-1.44554672753971,0.143271421145539,-10.0895678704219,6.14393876165068e-24,1.40209178105816e-21,"Gpr137b","83924","G protein-coupled receptor 137B","Down_in_KO_control"
"ENSMUSG00000055148",2053.08041028403,-1.48158009185113,0.147744815243194,-10.0279667304222,1.14857395751195e-23,2.58954993577362e-21,"Klf2","16598","Kruppel-like transcription factor 2 (lung)","Down_in_KO_control"
"ENSMUSG00000033166",1120.7817460151,1.16375417336967,0.116192720725222,10.015723584972,1.30007049870318e-23,2.89621657645627e-21,"Dis3","72662","DIS3 homolog, exosome endoribonuclease and 3'-5' exoribonuclease","Up_in_KO_control"
"ENSMUSG00000038213",310.639786921117,1.58488811120157,0.158435061516882,10.003392532105,1.47263801885288e-23,3.24205591138753e-21,"Tapbpl","213233","TAP binding protein-like","Up_in_KO_control"
"ENSMUSG00000051067",68.8612637204336,-5.03445814332619,0.504768695013719,-9.97379233906207,1.98501486121186e-23,4.3192538485881e-21,"Lingo3","237403","leucine rich repeat and Ig domain containing 3","Down_in_KO_control"
"ENSMUSG00000068923",827.085776444086,-1.19348286133786,0.119790094346557,-9.9631181346687,2.21019774033201e-23,4.75395750745206e-21,"Syt11","229521","synaptotagmin XI","Down_in_KO_control"
"ENSMUSG00000028551",1682.71641587169,-0.933281330217359,0.0938107178072757,-9.94855760654862,2.55864707550161e-23,5.44090485498429e-21,"Cdkn2c","12580","cyclin dependent kinase inhibitor 2C","Down_in_KO_control"
"ENSMUSG00000013076",1400.46877755396,1.33346464154145,0.13406781332094,9.94619520159778,2.62009684275522e-23,5.50897440657061e-21,"Amotl1","75723","angiomotin-like 1","Up_in_KO_control"
"ENSMUSG00000022054",178.592457454215,-3.04110745516901,0.307066299615033,-9.90374866594488,4.00957790115029e-23,8.33680347380281e-21,"Nefm","18040","neurofilament, medium polypeptide","Down_in_KO_control"
"ENSMUSG00000078920",745.775402657132,2.33219177389936,0.235594809183668,9.89916451037426,4.19767068744645e-23,8.63197929386652e-21,"Ifi47","15953","interferon gamma inducible protein 47","Up_in_KO_control"
"ENSMUSG00000022119",976.851535634295,1.03952651161792,0.105492303168309,9.85405077334779,6.5835822537119e-23,1.33911494254033e-20,"Rbm26","74213","RNA binding motif protein 26","Up_in_KO_control"
"ENSMUSG00000041482",1366.187687299,1.55453632271627,0.15823574857397,9.82417902860663,8.85929202370062e-23,1.78262292085494e-20,"Piezo2","667742","piezo-type mechanosensitive ion channel component 2","Up_in_KO_control"
"ENSMUSG00000028238",916.484501976702,-4.03706125269018,0.411272190052035,-9.81603266726935,9.60494595537191e-23,1.91209950705186e-20,"Atp6v0d2","242341","ATPase, H+ transporting, lysosomal V0 subunit D2","Down_in_KO_control"
"ENSMUSG00000044783",3505.99399959315,1.46660414269091,0.149536356398229,9.80767605962795,1.04343874033824e-22,2.05535464715257e-20,"A730008H23Rik","212427","RIKEN cDNA A730008H23 gene","Up_in_KO_control"
"ENSMUSG00000005034",5122.17172347859,0.804854628164778,0.0821252802285907,9.80032732825403,1.12221390705474e-22,2.18749883778285e-20,"Prkacb","18749","protein kinase, cAMP dependent, catalytic, beta","Up_in_KO_control"
"ENSMUSG00000026494",779.62397903237,1.73849138569234,0.177621412784387,9.78762277835654,1.2725247588912e-22,2.45492327970423e-20,"Kif26b","269152","kinesin family member 26B","Up_in_KO_control"
"ENSMUSG00000029377",1039.77622810383,-2.16581545936895,0.221383062395447,-9.78311274554618,1.33054281690399e-22,2.51499472047721e-20,"Ereg","13874","epiregulin","Down_in_KO_control"
"ENSMUSG00000018474",2430.66386122668,1.09541571878023,0.111960143609854,9.78397922208286,1.31919667916082e-22,2.51499472047721e-20,"Chd3","216848","chromodomain helicase DNA binding protein 3","Up_in_KO_control"
"ENSMUSG00000012428",172.229300632583,-2.61107867610814,0.266994900255179,-9.7795076745384,1.37879585134606e-22,2.58014067662389e-20,"Steap4","117167","STEAP family member 4","Down_in_KO_control"
"ENSMUSG00000054932",107.183098822825,-3.06392670343242,0.313448030761362,-9.77491131780339,1.44283631764467e-22,2.67324712990938e-20,"Afp","11576","alpha fetoprotein","Down_in_KO_control"
"ENSMUSG00000029426",1504.54922361342,1.67366628702057,0.172385815762472,9.70883990436132,2.76465714875416e-22,5.07206168868985e-20,"Scarb2","12492","scavenger receptor class B, member 2","Up_in_KO_control"
"ENSMUSG00000018819",3972.49911935608,1.60470373227987,0.165305954865077,9.70747686367152,2.80186933565662e-22,5.09042532797499e-20,"Lsp1","16985","lymphocyte specific 1","Up_in_KO_control"
"ENSMUSG00000021583",1173.99985301892,1.43917329385165,0.149629899892482,9.61821998735404,6.69801779294508e-22,1.20519237460944e-19,"Erap1","80898","endoplasmic reticulum aminopeptidase 1","Up_in_KO_control"
"ENSMUSG00000042333",63.7530297399652,4.00410526915776,0.416683820376854,9.60945703516014,7.29325535721352e-22,1.29979702380511e-19,"Tnfrsf14","230979","tumor necrosis factor receptor superfamily, member 14 (herpesvirus entry mediator)","Up_in_KO_control"
"ENSMUSG00000032271",108.170105956215,3.3937014741308,0.353301229959328,9.60568825226416,7.56508098519807e-22,1.33552226864162e-19,"Nnmt","18113","nicotinamide N-methyltransferase","Up_in_KO_control"
"ENSMUSG00000041594",385.904120648295,1.79998516154366,0.187548437009806,9.59744154759097,8.19533850972432e-22,1.43326513581749e-19,"Tmtc4","70551","transmembrane and tetratricopeptide repeat containing 4","Up_in_KO_control"
"ENSMUSG00000095597",20695.2017793806,-1.16171952323863,0.121098399887073,-9.59318640313958,8.54058304542938e-22,1.47981417156593e-19,NA,NA,NA,"Down_in_KO_control"
"ENSMUSG00000067377",529.949414001923,1.4960895208577,0.156240562113733,9.57555132046084,1.01315301663242e-21,1.73936994497637e-19,"Tspan6","56496","tetraspanin 6","Up_in_KO_control"
"ENSMUSG00000009073",1812.84358710286,1.12236309780322,0.117415901373278,9.55886796146205,1.1905175068229e-21,2.02528673683426e-19,"Nf2","18016","neurofibromin 2","Up_in_KO_control"
"ENSMUSG00000027670",164.990224092119,-3.97053452080119,0.416906124207501,-9.52380953469755,1.66944323355181e-21,2.81444065130226e-19,"Ocstamp","74614","osteoclast stimulatory transmembrane protein","Down_in_KO_control"
"ENSMUSG00000024803",2418.48687809375,-1.28311983656184,0.134994552351818,-9.50497493571311,2.00096193282442e-21,3.34321434365566e-19,"Ankrd1","107765","ankyrin repeat domain 1","Down_in_KO_control"
"ENSMUSG00000074813",1035.70375501992,-1.2942859453607,0.136647789369641,-9.47169325849516,2.75343557396119e-21,4.55973804385271e-19,"Morrbid","100043424","myeloid RNA regulator of BCL2L11 induced cell death","Down_in_KO_control"
"ENSMUSG00000033186",925.28509399249,1.11485987584774,0.118084699989096,9.44118819754538,3.68575787617725e-21,6.05013922253552e-19,"Mzt1","76789","mitotic spindle organizing protein 1","Up_in_KO_control"
"ENSMUSG00000073000",57.7936997339347,-5.52350686229781,0.586786423157209,-9.41314700598991,4.8150009165577e-21,7.83505323056906e-19,NA,NA,NA,"Down_in_KO_control"
"ENSMUSG00000040808",106.755693175954,-3.25868564117441,0.349273945046257,-9.32988471482704,1.05986125280116e-20,1.7097572089369e-18,"S100g","12309","S100 calcium binding protein G","Down_in_KO_control"
"ENSMUSG00000029201",4277.79463645342,-1.08703936130642,0.116660028681057,-9.31801040678917,1.18542245958743e-20,1.89596670822732e-18,"Ugdh","22235","UDP-glucose dehydrogenase","Down_in_KO_control"
"ENSMUSG00000042104",379.350242913537,1.66383286013788,0.178589031340007,9.3165456335904,1.20189646556298e-20,1.90602445424407e-18,"Uggt2","66435","UDP-glucose glycoprotein glucosyltransferase 2","Up_in_KO_control"
"ENSMUSG00000031965",92.0372655502116,-3.34754589550996,0.359393846682693,-9.31442184224563,1.22618515663439e-20,1.92820191899995e-18,"Tbx20","57246","T-box 20","Down_in_KO_control"
"ENSMUSG00000011148",611.543383688224,-1.4549423873394,0.157805421731635,-9.21985044223439,2.97514893722941e-20,4.63949683853116e-18,"Adss1","11565","adenylosuccinate synthase 1","Down_in_KO_control"
"ENSMUSG00000021238",433.813511115306,-1.38565873468725,0.15093681804045,-9.1803892030896,4.29536103180455e-20,6.64290008166599e-18,"Aldh6a1","104776","aldehyde dehydrogenase family 6, subfamily A1","Down_in_KO_control"
"ENSMUSG00000025876",185.501430369815,2.84891087925732,0.310393416051974,9.17838694999987,4.37597039220613e-20,6.71209294666831e-18,"Unc5a","107448","unc-5 netrin receptor A","Up_in_KO_control"
"ENSMUSG00000100510",326.741920094929,2.2215213640795,0.242123469758413,9.17515912974527,4.5090798770958e-20,6.86003347480436e-18,"Hand2os1","102636514","Hand2, opposite strand 1","Up_in_KO_control"
"ENSMUSG00000085795",1847.56867789783,-1.04851300010447,0.114527406329851,-9.15512743809671,5.42936883654694e-20,8.19353056760507e-18,"Zfp703","353310","zinc finger protein 703","Down_in_KO_control"
"ENSMUSG00000032014",5293.15282445006,1.43773198556648,0.157255752333327,9.14263525647693,6.09486722839539e-20,9.12426003559703e-18,"Oaf","102644","out at first homolog","Up_in_KO_control"
"ENSMUSG00000022865",334.412360819054,-2.25821121810534,0.247106345270158,-9.13862092710113,6.32537746760773e-20,9.39418956756694e-18,"Cxadr","13052","coxsackie virus and adenovirus receptor","Down_in_KO_control"
"ENSMUSG00000054136",83.2924639538865,-4.51475340558768,0.494628323938561,-9.12756748266698,7.00556410886591e-20,1.03224504857644e-17,"Adm2","223780","adrenomedullin 2","Down_in_KO_control"
"ENSMUSG00000043987",412.122858408179,1.16082678287347,0.127208271245684,9.1254033366392,7.14696293324192e-20,1.04485247945122e-17,"Cep164","214552","centrosomal protein 164","Up_in_KO_control"
"ENSMUSG00000031486",2970.49033598541,1.27832586405316,0.1404833028191,9.09948611970818,9.07602351186858e-20,1.31658626339222e-17,"Adgra2","78560","adhesion G protein-coupled receptor A2","Up_in_KO_control"
"ENSMUSG00000021214",168.364473501175,-3.12665448258941,0.344025170068143,-9.08844687721566,1.00463847434719e-19,1.44613844388146e-17,"Akr1c18","105349","aldo-keto reductase family 1, member C18","Down_in_KO_control"
"ENSMUSG00000036377",71.5425892398825,-5.1604997112877,0.569057483530388,-9.06850337732553,1.20662930381164e-19,1.72363772230742e-17,"Cracd","320827","capping protein inhibiting regulator of actin","Down_in_KO_control"
"ENSMUSG00000029275",65.9386579652575,-4.89891255970472,0.540406935123062,-9.06522888828052,1.24342911813653e-19,1.76274917330976e-17,"Gfi1","14581","growth factor independent 1 transcription repressor","Down_in_KO_control"
"ENSMUSG00000038112",75.0210268888069,4.70530326198565,0.519351216100902,9.05996388592547,1.30493753802688e-19,1.83603730444338e-17,"AW551984","244810","expressed sequence AW551984","Up_in_KO_control"
"ENSMUSG00000033170",363.45215763625,1.91125819828175,0.211104429724933,9.05361484253128,1.38312027445497e-19,1.93151714148327e-17,"Card10","105844","caspase recruitment domain family, member 10","Up_in_KO_control"
"ENSMUSG00000045128",16036.7670296229,-0.998845189139582,0.110374427147478,-9.04960700547928,1.43483802847271e-19,1.98889807605999e-17,"Rpl18a","76808","ribosomal protein L18A","Down_in_KO_control"
"ENSMUSG00000023243",75.4269756850411,2.92552256685444,0.323719799514932,9.03720616174268,1.60727058329339e-19,2.21153341361538e-17,"Kcnk5","16529","potassium channel, subfamily K, member 5","Up_in_KO_control"
"ENSMUSG00000068227",173.241017969868,1.80575243143639,0.201163818642101,8.97652691038386,2.79448462453538e-19,3.81702122473945e-17,"Il2rb","16185","interleukin 2 receptor, beta chain","Up_in_KO_control"
"ENSMUSG00000026421",2286.33276422479,1.50413841981443,0.167652331570293,8.97177155680524,2.91783071802479e-19,3.95662074104332e-17,"Csrp1","13007","cysteine and glycine-rich protein 1","Up_in_KO_control"
"ENSMUSG00000024810",558.115594153733,-2.50284063700133,0.278998912636693,-8.97078993372452,2.94395438352861e-19,3.96332506323532e-17,"Il33","77125","interleukin 33","Down_in_KO_control"
"ENSMUSG00000001517",1060.46698922568,1.08308324263322,0.120871500502668,8.96061716888595,3.22866168298539e-19,4.31556757669325e-17,"Foxm1","14235","forkhead box M1","Up_in_KO_control"
"ENSMUSG00000021540",2886.04383936379,1.15870046341467,0.129766268279723,8.92913450294331,4.29354592644487e-19,5.69823581003991e-17,"Smad5","17129","SMAD family member 5","Up_in_KO_control"
"ENSMUSG00000021359",507.100099890255,5.41078291741617,0.606269290002361,8.92471877867192,4.46833004213976e-19,5.8884408506029e-17,"Tfap2a","21418","transcription factor AP-2, alpha","Up_in_KO_control"
"ENSMUSG00000033287",907.354384104803,1.24120038270401,0.139355529745231,8.90671783870487,5.25656198916271e-19,6.83097531272235e-17,"Kctd17","72844","potassium channel tetramerisation domain containing 17","Up_in_KO_control"
"ENSMUSG00000026730",1079.71202307256,-1.05270042844066,0.118183428664311,-8.9073437819337,5.22697803384394e-19,6.83097531272235e-17,"Pter","19212","phosphotriesterase related","Down_in_KO_control"
"ENSMUSG00000113302",60.4907295791659,-4.68393710480045,0.53031836081299,-8.83231177894702,1.02534168125514e-18,1.3232564745743e-16,NA,NA,NA,"Down_in_KO_control"
"ENSMUSG00000017817",102.496773919992,3.33756043236172,0.379471918885465,8.79527645198192,1.42696215625372e-18,1.82895498835451e-16,"Jph2","59091","junctophilin 2","Up_in_KO_control"
"ENSMUSG00000052105",790.808260812705,-1.58987400452975,0.181586840511462,-8.75544725626411,2.0329568327452e-18,2.58794021844632e-16,"Mtcl1","68617","microtubule crosslinking factor 1","Down_in_KO_control"
"ENSMUSG00000054594",103.616035530557,-4.13707438157857,0.474903391627598,-8.71140205463664,3.00139063781858e-18,3.79493398685805e-16,"Oscar","232790","osteoclast associated receptor","Down_in_KO_control"
"ENSMUSG00000052516",111.816902166193,3.58473477328699,0.413211117944592,8.67531055582021,4.12423429301949e-18,5.17965076008549e-16,"Robo2","268902","roundabout guidance receptor 2","Up_in_KO_control"
"ENSMUSG00000026643",1794.49758336319,-1.14689138737757,0.132515626962255,-8.65476331862533,4.93935571662824e-18,6.16201090168428e-16,"Nmt2","18108","N-myristoyltransferase 2","Down_in_KO_control"
"ENSMUSG00000028214",896.595619537682,-1.96159292795748,0.226769470305039,-8.65016320459203,5.14258326805944e-18,6.33112899310502e-16,"Gem","14579","GTP binding protein overexpressed in skeletal muscle","Down_in_KO_control"
"ENSMUSG00000030499",594.486046424691,1.40801066702924,0.162760064259641,8.65083626892116,5.11234057816856e-18,6.33112899310502e-16,"Kctd15","233107","potassium channel tetramerisation domain containing 15","Up_in_KO_control"
"ENSMUSG00000028124",2378.35676971696,-0.768882875750701,0.0889326422340146,-8.6456767328186,5.34873426760193e-18,6.54188655879967e-16,"Gclm","14630","glutamate-cysteine ligase, modifier subunit","Down_in_KO_control"
"ENSMUSG00000009575",2859.4649567634,0.975454910497802,0.112915118892326,8.63883348896776,5.67898734676615e-18,6.90070715714513e-16,"Cbx5","12419","chromobox 5","Up_in_KO_control"
"ENSMUSG00000022124",1489.56237194996,0.75199858055978,0.0874011099403848,8.60399348558283,7.69893529021909e-18,9.29485007005612e-16,"Fbxl3","50789","F-box and leucine-rich repeat protein 3","Up_in_KO_control"
"ENSMUSG00000041133",3466.90855637271,0.948958616511162,0.110439036857157,8.59260134383961,8.50221199565219e-18,1.01988392996564e-15,"Smc1a","24061","structural maintenance of chromosomes 1A","Up_in_KO_control"
"ENSMUSG00000068396",7013.76726935372,-0.832870100019744,0.0970265833785484,-8.58393721615764,9.16800213656925e-18,1.09274410179376e-15,"Rpl34-ps1","619547","ribosomal protein L34, pseudogene 1","Down_in_KO_control"
"ENSMUSG00000097415",1673.76563764119,1.42425743511269,0.165953894956177,8.58224771096086,9.30370213404408e-18,1.10189986097701e-15,"AU020206","108167440","expressed sequence AU020206","Up_in_KO_control"
"ENSMUSG00000041481",93.2069425317066,3.90262997343751,0.454951669918231,8.57811990038182,9.64363969200886e-18,1.12857865381524e-15,"Serpina3g","20715","serine (or cysteine) peptidase inhibitor, clade A, member 3G","Up_in_KO_control"
"ENSMUSG00000024856",1525.31659176523,-1.27672625221917,0.14883643634141,-8.57804905574697,9.64957968313145e-18,1.12857865381524e-15,"Cdk2ap2","52004","cyclin dependent kinase 2 associated protein 2","Down_in_KO_control"
"ENSMUSG00000038253",519.552717138452,1.38321759993646,0.161495920830234,8.56503119599232,1.08046588503011e-17,1.25582348488003e-15,"Hoxa5","15402","homeobox A5","Up_in_KO_control"
"ENSMUSG00000039195",398.630032750042,-1.81811080692725,0.212402917461169,-8.55972614999335,1.13135933336528e-17,1.30685970402867e-15,"Bbln","73737","bublin coiled coil protein","Down_in_KO_control"
"ENSMUSG00000020646",297.583325826484,-1.70762698749795,0.19964775998114,-8.5531988320794,1.19723402766717e-17,1.37446873372612e-15,"Mboat2","67216","membrane bound O-acyltransferase domain containing 2","Down_in_KO_control"
"ENSMUSG00000108106",77.8960279749553,-6.78021926415533,0.793442137183456,-8.54532289931514,1.28177383304595e-17,1.46255083767005e-15,NA,NA,NA,"Down_in_KO_control"
"ENSMUSG00000040213",226.663561118447,-1.71194446044977,0.201216665799974,-8.50796554869659,1.77011768986143e-17,2.00752802002285e-15,"Kyat3","229905","kynurenine aminotransferase 3","Down_in_KO_control"
"ENSMUSG00000047996",372.825435926248,1.84224349860502,0.216796233074437,8.49758075811439,1.93582817859124e-17,2.18223811481794e-15,"Prrg1","546336","proline rich Gla (G-carboxyglutamic acid) 1","Up_in_KO_control"
"ENSMUSG00000084319",57548.6296555764,-0.960394937861683,0.113159460573051,-8.48709363758141,2.11869048728459e-17,2.37407515500339e-15,NA,NA,NA,"Down_in_KO_control"
"ENSMUSG00000081051",21588.1040749418,-0.812304462956762,0.0958723311211632,-8.47277262853006,2.39620015040229e-17,2.66905317943322e-15,"Gm15427","100041686","predicted pseudogene 15427","Down_in_KO_control"
"ENSMUSG00000029672",2811.59017114989,0.873596858858223,0.103201723916943,8.46494443795625,2.56274835171864e-17,2.83767514234975e-15,"Fam3c","27999","FAM3 metabolism regulating signaling molecule C","Up_in_KO_control"
"ENSMUSG00000022894",315.474662906137,-1.5783411950834,0.186589748138038,-8.45888485746682,2.69946411696515e-17,2.97147482475111e-15,"Adamts5","23794","ADAM metallopeptidase with thrombospondin type 1 motif 5","Down_in_KO_control"
"ENSMUSG00000047675",11242.1718429702,-1.11292760047795,0.131667369187543,-8.45256958763055,2.84960610490237e-17,3.11840228310164e-15,"Rps8","20116","ribosomal protein S8","Down_in_KO_control"
"ENSMUSG00000058656",247.413068024931,-2.67041065542823,0.316536251277545,-8.43635016416103,3.27400931802998e-17,3.56200792838925e-15,"Samd12","320679","sterile alpha motif domain containing 12","Down_in_KO_control"
"ENSMUSG00000031596",485.390600616106,1.79907768294177,0.21413099292025,8.40176220362371,4.39827803338588e-17,4.75751311206647e-15,"Slc7a2","11988","solute carrier family 7 (cationic amino acid transporter, y+ system), member 2","Up_in_KO_control"
"ENSMUSG00000114133",1109.62410965193,-0.964557689494905,0.114917128553271,-8.39350670903489,4.71852721841313e-17,5.07458619759568e-15,"Btf3l4b","100504125","basic transcription factor 3 like 4B","Down_in_KO_control"
"ENSMUSG00000071537",95.4242626798568,-2.6062170323095,0.310739436245302,-8.38714604042763,4.98086092276378e-17,5.32610573986735e-15,"Klrg2","74253","killer cell lectin-like receptor subfamily G, member 2","Down_in_KO_control"
"ENSMUSG00000015053",661.67767973929,1.16543016732654,0.139162548135893,8.37459634749201,5.54134720184051e-17,5.89177444250236e-15,"Gata2","14461","GATA binding protein 2","Up_in_KO_control"
"ENSMUSG00000098134",251.475209407339,-1.42117671680917,0.170433709973788,-8.33858933791761,7.51820184294763e-17,7.94848085237735e-15,"Rnf113a2","66381","ring finger protein 113A2","Down_in_KO_control"
"ENSMUSG00000022443",18246.6970306958,0.772521107164892,0.0927269469542047,8.33113924851228,8.00680870859548e-17,8.41749502044648e-15,"Myh9","17886","myosin, heavy polypeptide 9, non-muscle","Up_in_KO_control"
"ENSMUSG00000032402",1356.210616198,0.956869698666193,0.115154242939486,8.30946106926369,9.61376894590255e-17,1.00504166639483e-14,"Smad3","17127","SMAD family member 3","Up_in_KO_control"
"ENSMUSG00000022051",3024.81534305525,-0.876657258628862,0.105614812006427,-8.30051431209777,1.03661649501086e-16,1.07767802617435e-14,"Bnip3l","12177","BCL2/adenovirus E1B interacting protein 3-like","Down_in_KO_control"
"ENSMUSG00000036617",243.641528813645,2.41929183298604,0.292363813197027,8.27493596601728,1.28524670826261e-16,1.32877467689051e-14,"Etl4","208618","enhancer trap locus 4","Up_in_KO_control"
"ENSMUSG00000040856",1650.10152903609,1.79257471076947,0.216678105045579,8.27298499030347,1.30646151672664e-16,1.34328650343438e-14,"Dlk1","13386","delta like non-canonical Notch ligand 1","Up_in_KO_control"
"ENSMUSG00000033542",545.021428814144,1.07669789424145,0.130159711789391,8.27212875197228,1.31588087615314e-16,1.34557807844009e-14,"Arhgef5","54324","Rho guanine nucleotide exchange factor 5","Up_in_KO_control"
"ENSMUSG00000087412",11044.4525999148,-1.10478370464475,0.133599066183146,-8.26939690678856,1.3463834014815e-16,1.36928655390888e-14,"Gm15501","100040298","predicted pseudogene 15501","Down_in_KO_control"
"ENSMUSG00000000340",689.836135821594,-1.21240603707183,0.146893703961135,-8.25362833380938,1.53656707502036e-16,1.55425836080303e-14,"Dbt","13171","dihydrolipoamide branched chain transacylase E2","Down_in_KO_control"
"ENSMUSG00000042745",931.676095745927,-1.50363732441817,0.182385554455898,-8.24427860476066,1.66159598898481e-16,1.67169063128348e-14,"Id1","15901","inhibitor of DNA binding 1, HLH protein","Down_in_KO_control"
"ENSMUSG00000042759",888.32962669969,1.24090266596296,0.150626026471488,8.23830180634721,1.74672114972323e-16,1.74793544784871e-14,"Apobr","171504","apolipoprotein B receptor","Up_in_KO_control"
"ENSMUSG00000086503",6133.02709371604,1.45653569861727,0.176945658753099,8.23154243444674,1.84818028744467e-16,1.83962753824213e-14,"Xist","213742","inactive X specific transcripts","Up_in_KO_control"
"ENSMUSG00000018340",4007.91025414982,1.2224749826112,0.148544909874439,8.22966592153528,1.87736288567481e-16,1.85878791955728e-14,"Anxa6","11749","annexin A6","Up_in_KO_control"
"ENSMUSG00000026073",132.519537306087,2.27323857932758,0.276604963402098,8.21835787531762,2.06308542013011e-16,2.03192197194183e-14,"Il1r2","16178","interleukin 1 receptor, type II","Up_in_KO_control"
"ENSMUSG00000019139",610.386520655192,-1.80179577249393,0.219351691781903,-8.21418680593275,2.13606832317583e-16,2.092787776523e-14,"Isyna1","71780","myo-inositol 1-phosphate synthase A1","Down_in_KO_control"
"ENSMUSG00000002625",1139.33236342608,-1.10027846265954,0.134138617922949,-8.20254807822423,2.35344568763875e-16,2.29375151837416e-14,"Akap8l","54194","A kinase anchor protein 8-like","Down_in_KO_control"
"ENSMUSG00000070348",6873.85519903507,1.30178548221899,0.159042459788121,8.18514429387755,2.71977573821007e-16,2.63705509788213e-14,"Ccnd1","12443","cyclin D1","Up_in_KO_control"
"ENSMUSG00000060739",4463.71144784043,-1.02471187340363,0.125764600245773,-8.1478561646211,3.70432581131424e-16,3.57314685088265e-14,"Nsa2","59050","NSA2 ribosome biogenesis homolog","Down_in_KO_control"
"ENSMUSG00000051615",608.844120627997,0.976513526112879,0.119911807349302,8.1435977632153,3.83702428799685e-16,3.68216592314282e-14,"Rap2a","76108","RAS related protein 2a","Up_in_KO_control"
"ENSMUSG00000068240",12972.7610059004,-0.884962635532162,0.108687556811448,-8.14226266091712,3.87958479183049e-16,3.70401378620021e-14,"Uba52rt","666586","ubiquitin A-52 residue ribosomal protein fusion product 1, retrotransposed","Down_in_KO_control"
"ENSMUSG00000067276",1961.61865156523,1.35833786173495,0.166987805692195,8.13435362004066,4.14142043038254e-16,3.93392896008875e-14,"Capn6","12338","calpain 6","Up_in_KO_control"
"ENSMUSG00000097248",46.1617964104374,-5.07881975435934,0.625600406295666,-8.11831274923922,4.72709347249362e-16,4.44513066084287e-14,NA,NA,NA,"Down_in_KO_control"
"ENSMUSG00000024268",402.552057091387,-1.92206249935906,0.236756228110369,-8.11831863811856,4.72686415419282e-16,4.44513066084287e-14,"Celf4","108013","CUGBP, Elav-like family member 4","Down_in_KO_control"
"ENSMUSG00000115354",49.0545147379798,-3.89411746311765,0.480752433047932,-8.10004733294695,5.49378087254503e-16,5.13620825017118e-14,NA,NA,NA,"Down_in_KO_control"
"ENSMUSG00000022055",209.843131322931,-2.65092284358431,0.327293157699305,-8.09953639794634,5.51690193066001e-16,5.13620825017118e-14,"Nefl","18039","neurofilament, light polypeptide","Down_in_KO_control"
"ENSMUSG00000046532",637.21591535154,-1.42345560650518,0.176318350639966,-8.07321303391621,6.84719865458174e-16,6.34314992194001e-14,"Ar","11835","androgen receptor","Down_in_KO_control"
"ENSMUSG00000015133",1416.31037898901,0.873511822928637,0.108245176273747,8.06975287951464,7.04405943665513e-16,6.49337360778953e-14,"Lrrk1","233328","leucine-rich repeat kinase 1","Up_in_KO_control"
"ENSMUSG00000030084",1696.61057992173,0.909497043711612,0.112741930756378,8.06706996775604,7.20052885656603e-16,6.60507335749608e-14,"Plxna1","18844","plexin A1","Up_in_KO_control"
"ENSMUSG00000058135",1265.50744328284,-1.37642055872069,0.170676141159769,-8.06451651278093,7.35262678427731e-16,6.71169292752104e-14,"Gstm1","14862","glutathione S-transferase, mu 1","Down_in_KO_control"
"ENSMUSG00000023945",214.202274007313,-1.74630500566708,0.216618944069646,-8.06164489983672,7.52745970246179e-16,6.80489630010471e-14,"Slc5a7","63993","solute carrier family 5 (choline transporter), member 7","Down_in_KO_control"
"ENSMUSG00000066315",7149.55248550533,-1.10558969882077,0.13713659266611,-8.0619598119415,7.50808864486932e-16,6.80489630010471e-14,"Gm12918","100039656","ribosomal protein L13 pseudogene","Down_in_KO_control"
"ENSMUSG00000020086",235.683133968628,2.19935652326957,0.273349264634342,8.04595734402884,8.55737972223732e-16,7.69876186260706e-14,"Macroh2a2","404634","macroH2A.2 histone","Up_in_KO_control"
"ENSMUSG00000022575",918.223700310771,1.01268405077146,0.126201304503173,8.02435485717187,1.02060880426251e-15,9.13811126993506e-14,"Gsdmd","69146","gasdermin D","Up_in_KO_control"
"ENSMUSG00000023904",1880.57371996041,-1.04235456717735,0.130002100994664,-8.0179824726074,1.07496141102134e-15,9.57892994497253e-14,"Hcfc1r1","353502","host cell factor C1 regulator 1 (XPO1-dependent)","Down_in_KO_control"
"ENSMUSG00000074766",145.582385262119,-2.28399928487572,0.285200671023474,-8.00839379752979,1.16216259134975e-15,1.03068950577857e-13,"Ism1","319909","isthmin 1, angiogenesis inhibitor","Down_in_KO_control"
"ENSMUSG00000029775",1551.50533530525,0.884240410453474,0.110558109076762,7.9979697358928,1.26487449811001e-15,1.11649040014776e-13,"Klhdc10","76788","kelch domain containing 10","Up_in_KO_control"
"ENSMUSG00000033075",914.469326305466,0.952840071085817,0.119589022500873,7.96762153548717,1.61757350479409e-15,1.42111046925877e-13,"Senp1","223870","SUMO1/sentrin specific peptidase 1","Up_in_KO_control"
"ENSMUSG00000030029",3959.48810498056,0.988236601289451,0.124224865614125,7.95522375012403,1.78808064055586e-15,1.56356789844495e-13,"Lrig1","16206","leucine-rich repeats and immunoglobulin-like domains 1","Up_in_KO_control"
"ENSMUSG00000032312",1899.08199636064,0.731068497002446,0.0919997646541081,7.94641703433751,1.91983354364008e-15,1.67096953963427e-13,"Csk","12988","c-src tyrosine kinase","Up_in_KO_control"
"ENSMUSG00000050730",780.689171762095,0.925406387630332,0.116485903415502,7.94436374270485,1.95190049423236e-15,1.69101453465603e-13,"Arhgap42","71544","Rho GTPase activating protein 42","Up_in_KO_control"
"ENSMUSG00000002020",5197.61355673537,1.13880425488314,0.143489926858182,7.93647526218807,2.08007831420251e-15,1.79248831642342e-13,"Ltbp2","16997","latent transforming growth factor beta binding protein 2","Up_in_KO_control"
"ENSMUSG00000027316",645.557506065396,-1.11812856345465,0.140893350155187,-7.93599245261104,2.08818710511572e-15,1.79248831642342e-13,"Gfra4","14588","glial cell line derived neurotrophic factor family receptor alpha 4","Down_in_KO_control"
"ENSMUSG00000031432",862.011280652771,1.48651332934392,0.187331986577844,7.93518158056904,2.1018758106028e-15,1.79600009332467e-13,"Prps1","19139","phosphoribosyl pyrophosphate synthetase 1","Up_in_KO_control"
"ENSMUSG00000021957",7387.86059597631,-0.859908356384362,0.108583102913478,-7.9193570022544,2.3874195788011e-15,2.03071738991387e-13,"Tkt","21881","transketolase","Down_in_KO_control"
"ENSMUSG00000043773",69.8836069479135,9.54332523512872,1.20709795326017,7.90600730400857,2.65775590723475e-15,2.25043376887257e-13,"1700048O20Rik","69430","RIKEN cDNA 1700048O20 gene","Up_in_KO_control"
"ENSMUSG00000038236",84.9684682888908,2.77340452526686,0.350943963485355,7.90269904552039,2.72928007738389e-15,2.30058640036418e-13,"Hoxa7","15404","homeobox A7","Up_in_KO_control"
"ENSMUSG00000017493",25281.774511733,1.26401752224907,0.160049377217892,7.89767223229013,2.84160203479606e-15,2.3845246133246e-13,"Igfbp4","16010","insulin-like growth factor binding protein 4","Up_in_KO_control"
"ENSMUSG00000033066",739.576907675362,1.22586521598644,0.155302842778782,7.89338555593988,2.94097254945979e-15,2.4568937195554e-13,"Gas7","14457","growth arrest specific 7","Up_in_KO_control"
"ENSMUSG00000038244",1923.65151111448,0.826238228779048,0.10469038163281,7.8922076306588,2.96887248027183e-15,2.46917825437007e-13,"Mical2","320878","microtubule associated monooxygenase, calponin and LIM domain containing 2","Up_in_KO_control"
"ENSMUSG00000104861",252.022713616959,-1.4590654370262,0.185241053886383,-7.87657706763598,3.36471418548255e-15,2.78601312181128e-13,"3110039M20Rik","67293","RIKEN cDNA 3110039M20 gene","Down_in_KO_control"
"ENSMUSG00000022871",156.912335067166,-1.83642794853953,0.233418961833667,-7.86751827749175,3.61745431228075e-15,2.98208909892994e-13,"Fetub","59083","fetuin beta","Down_in_KO_control"
"ENSMUSG00000022377",2602.92602920226,1.09907179941969,0.139736760226469,7.8653018549911,3.68208492944879e-15,3.02205505634979e-13,"Asap1","13196","ArfGAP with SH3 domain, ankyrin repeat and PH domain1","Up_in_KO_control"
"ENSMUSG00000021944",436.778796226508,-1.78316262176897,0.226896921820386,-7.85891059016012,3.87488690026808e-15,3.16640867094832e-13,"Gata4","14463","GATA binding protein 4","Down_in_KO_control"
"ENSMUSG00000006369",2283.07224583285,0.937605413947159,0.119705944865206,7.83257184931747,4.77989871717827e-15,3.88896716063291e-13,"Fbln1","14114","fibulin 1","Up_in_KO_control"
"ENSMUSG00000036777",2699.82900911313,1.03170317484857,0.131969068352983,7.81776508483813,5.37694138060827e-15,4.35578805434297e-13,"Anln","68743","anillin, actin binding protein","Up_in_KO_control"
"ENSMUSG00000029468",607.997562651666,1.19293112118884,0.152769722661933,7.80868813795453,5.77862871837217e-15,4.6610120347801e-13,"P2rx7","18439","purinergic receptor P2X, ligand-gated ion channel, 7","Up_in_KO_control"
"ENSMUSG00000028048",1864.64888315105,-0.862934047960414,0.110619057175269,-7.80095283756712,6.14414736994769e-15,4.93456779973524e-13,"Gba1","14466","glucosylceramidase beta 1","Down_in_KO_control"
"ENSMUSG00000024725",2757.48147763906,-0.808896313237985,0.103720535928284,-7.79880576202654,6.24957710291601e-15,4.99779215072083e-13,"Ostf1","20409","osteoclast stimulating factor 1","Down_in_KO_control"
"ENSMUSG00000033565",2978.26446725617,0.916195984184083,0.117499177516297,7.79746721254292,6.31620409107175e-15,5.02957987898833e-13,"Rbfox2","93686","RNA binding protein, fox-1 homolog (C. elegans) 2","Up_in_KO_control"
"ENSMUSG00000024063",6356.74643874115,0.76681563857974,0.098634860263137,7.77428625674572,7.58739865390336e-15,6.01622843264803e-13,"Lbh","77889","limb-bud and heart","Up_in_KO_control"
"ENSMUSG00000030172",382.666513911863,1.07272165296874,0.137998669321403,7.77342026733851,7.63947480164895e-15,6.03196168621337e-13,"Erc1","111173","ELKS/RAB6-interacting/CAST family member 1","Up_in_KO_control"
"ENSMUSG00000000037",54.6871539371764,-3.20513126643664,0.412380608428693,-7.77226474990969,7.70950988098699e-15,6.06168312617267e-13,"Scml2","107815","Scm polycomb group protein like 2","Down_in_KO_control"
"ENSMUSG00000017390",126.62246956042,-2.44320251001201,0.314431002196619,-7.77023414658149,7.83411743214229e-15,6.13388449822923e-13,"Aldoc","11676","aldolase C, fructose-bisphosphate","Down_in_KO_control"
"ENSMUSG00000038900",1696.66838675573,-1.23414857495647,0.158926920502004,-7.7655099026531,8.13174110969321e-15,6.34038630773704e-13,"Rpl12","269261","ribosomal protein L12","Down_in_KO_control"
"ENSMUSG00000039745",456.963161828134,-1.29725951583689,0.167091095512357,-7.76378604652189,8.24309095640473e-15,6.40053780361833e-13,"Htatip2","53415","HIV-1 Tat interactive protein 2","Down_in_KO_control"
"ENSMUSG00000025666",1466.76608097944,1.24365702685566,0.160393720938757,7.75377626740464,8.91994264587186e-15,6.89747465835537e-13,"Tmem47","192216","transmembrane protein 47","Up_in_KO_control"
"ENSMUSG00000026915",374.226355767991,-1.78826189296678,0.230682570792682,-7.7520459687174,9.04236427446784e-15,6.96336471885254e-13,"Strbp","20744","spermatid perinuclear RNA binding protein","Down_in_KO_control"
"ENSMUSG00000043496",107.097298945916,2.02674653481483,0.261488634557299,7.75080162947089,9.13142407506384e-15,7.00312863592908e-13,"Tril","66873","TLR4 interactor with leucine-rich repeats","Up_in_KO_control"
"ENSMUSG00000032925",503.84425977585,1.91019537140461,0.247130090194087,7.72951351211185,1.07958350719755e-14,8.24581476334192e-13,"Itgbl1","223272","integrin, beta-like 1","Up_in_KO_control"
"ENSMUSG00000027894",72.51506314673,-3.35077867769968,0.433545656521397,-7.72877925841775,1.08582767994585e-14,8.25979405480761e-13,"Slc6a17","229706","solute carrier family 6 (neurotransmitter transporter), member 17","Down_in_KO_control"
"ENSMUSG00000021835",426.627285162847,-1.22824025248556,0.159013354195338,-7.72413272269409,1.1261745411525e-14,8.53202598728209e-13,"Bmp4","12159","bone morphogenetic protein 4","Down_in_KO_control"
"ENSMUSG00000022024",2262.32567084613,-0.741160075106758,0.0959614956240089,-7.72351525252098,1.13164601417348e-14,8.53890800936628e-13,"Sugt1","67955","SGT1, suppressor of G2 allele of SKP1 (S. cerevisiae)","Down_in_KO_control"
"ENSMUSG00000022272",2380.79825760382,0.875758191164031,0.113612291051432,7.70830499991919,1.27499746523356e-14,9.58193878189382e-13,"Myo10","17909","myosin X","Up_in_KO_control"
"ENSMUSG00000033016",1155.48901985377,-1.27510106165241,0.165630987753403,-7.69844507327833,1.37731913921428e-14,1.03095092208468e-12,"Nfatc1","18018","nuclear factor of activated T cells, cytoplasmic, calcineurin dependent 1","Down_in_KO_control"
"ENSMUSG00000051323",862.094387605524,1.28919139343946,0.167717023682927,7.68670564937224,1.50971930314454e-14,1.12555288126469e-12,"Pcdh19","279653","protocadherin 19","Up_in_KO_control"
"ENSMUSG00000030583",1384.28291291851,1.00866513560739,0.131452704533295,7.6732170645596,1.6773527945922e-14,1.24556757322237e-12,"Sipa1l3","74206","signal-induced proliferation-associated 1 like 3","Up_in_KO_control"
"ENSMUSG00000033737",126.696052566428,8.51974196883126,1.11087989387374,7.66936373213325,1.72851626914281e-14,1.27848715195531e-12,"Fndc3c1","333564","fibronectin type III domain containing 3C1","Up_in_KO_control"
"ENSMUSG00000062753",865.515509537615,-1.0109295427826,0.132132498269873,-7.65087738459189,1.99612610830714e-14,1.47061054585636e-12,"Smim29","106672","small integral membrane protein 29","Down_in_KO_control"
"ENSMUSG00000073293",40.9076391642978,-4.52840269189104,0.59372132602388,-7.62715181921712,2.3999689872353e-14,1.75719802217596e-12,"Nudt10","102954","nudix hydrolase 10","Down_in_KO_control"
"ENSMUSG00000052981",70.2077153738583,3.24760238930413,0.425806703176976,7.62694049923011,2.40390473829448e-14,1.75719802217596e-12,"Ube2ql1","76980","ubiquitin-conjugating enzyme E2Q family-like 1","Up_in_KO_control"
"ENSMUSG00000031245",1596.8651842279,0.896278027490008,0.117566094298976,7.62360979017244,2.4667830349392e-14,1.79614439427304e-12,"Hmgn5","50887","high-mobility group nucleosome binding domain 5","Up_in_KO_control"
"ENSMUSG00000006800",3926.26047556521,1.61273412072488,0.211591572262628,7.6219203982432,2.49929153379993e-14,1.81276133612396e-12,"Sulf2","72043","sulfatase 2","Up_in_KO_control"
"ENSMUSG00000002028",1456.26552015122,0.842908882307681,0.11074642211359,7.61116130183535,2.71643955115838e-14,1.96265379617091e-12,"Kmt2a","214162","lysine (K)-specific methyltransferase 2A","Up_in_KO_control"
"ENSMUSG00000031808",650.356887400915,-1.059772689983,0.139350679862361,-7.60507728437176,2.8473368889365e-14,2.04931596933342e-12,"Slc27a1","26457","solute carrier family 27 (fatty acid transporter), member 1","Down_in_KO_control"
"ENSMUSG00000037664",522.648453560519,-3.4426933967696,0.454312086581045,-7.57781599577904,3.51420314626212e-14,2.51958940521084e-12,"Cdkn1c","12577","cyclin dependent kinase inhibitor 1C","Down_in_KO_control"
"ENSMUSG00000031207",30105.6892862975,0.794128129320425,0.104998565329443,7.56322838153813,3.93186365476841e-14,2.80828109052219e-12,"Msn","17698","moesin","Up_in_KO_control"
"ENSMUSG00000031262",608.630556259586,0.992921930753714,0.131305184461297,7.56194003174633,3.97101465859311e-14,2.82545997362178e-12,"Cenpi","102920","centromere protein I","Up_in_KO_control"
"ENSMUSG00000022303",88.6985438013281,-4.21704878528843,0.557951142406436,-7.55809687403873,4.09009392207315e-14,2.8991639228695e-12,"Dcstamp","75766","dendrocyte expressed seven transmembrane protein","Down_in_KO_control"
"ENSMUSG00000042367",315.901550991781,3.31256686813805,0.439385443150863,7.53909106406305,4.73258416110321e-14,3.34191877006507e-12,"Gjb3","14620","gap junction protein, beta 3","Up_in_KO_control"
"ENSMUSG00000040532",686.824402731196,-1.03813432943338,0.137739293753967,-7.53695115707303,4.81086413693909e-14,3.38442483438125e-12,"Abhd11","68758","abhydrolase domain containing 11","Down_in_KO_control"
"ENSMUSG00000038331",288.424301041317,1.39298575376667,0.184859372138787,7.53538074726803,4.86911993708335e-14,3.41257832893786e-12,"Satb2","212712","special AT-rich sequence binding protein 2","Up_in_KO_control"
"ENSMUSG00000027552",611.003008648649,-0.93294815268173,0.123823154405265,-7.53452096389222,4.90130764568255e-14,3.42231977513648e-12,"E2f5","13559","E2F transcription factor 5","Down_in_KO_control"
"ENSMUSG00000004891",4348.17024946878,1.2839492252933,0.170488021455484,7.53102308497701,5.03442857273822e-14,3.50220304392752e-12,"Nes","18008","nestin","Up_in_KO_control"
"ENSMUSG00000028557",3005.02920026103,-0.823314523705801,0.109512278967611,-7.51801105289116,5.56158018712962e-14,3.85458703858358e-12,"Rnf11","29864","ring finger protein 11","Down_in_KO_control"
"ENSMUSG00000038648",2704.23656050694,0.731038964143537,0.0974548367272604,7.50131023449807,6.31830515245401e-14,4.36289462427572e-12,"Creb3l2","208647","cAMP responsive element binding protein 3-like 2","Up_in_KO_control"
"ENSMUSG00000004099",2582.98914766881,1.0001648963742,0.133712494023885,7.47996590502261,7.4341895894019e-14,5.11455844803227e-12,"Dnmt1","13433","DNA methyltransferase 1","Up_in_KO_control"
"ENSMUSG00000039252",290.047668460631,1.89731492344446,0.253846527330416,7.47425991364791,7.76395530405487e-14,5.32186430786735e-12,"Lgi2","246316","leucine-rich repeat LGI family, member 2","Up_in_KO_control"
"ENSMUSG00000031673",401.435005303917,3.52634586051178,0.47292631898167,7.45643817858329,8.8892775763338e-14,6.07098727320928e-12,"Cdh11","12552","cadherin 11","Up_in_KO_control"
"ENSMUSG00000039678",719.861578865998,0.973143016549775,0.130530806910434,7.45527465571797,8.96808111696497e-14,6.1025346160642e-12,"Tbc1d13","70296","TBC1 domain family, member 13","Up_in_KO_control"
"ENSMUSG00000069682",35105.9057871023,-1.06879175046501,0.143386878780315,-7.45390205544903,9.06192826790561e-14,6.14405303178687e-12,NA,NA,NA,"Down_in_KO_control"
"ENSMUSG00000060981",111.484966868014,-2.26050330659444,0.303878865168606,-7.43883028962941,1.01580722531964e-13,6.86238289076046e-12,"H4c8","69386","H4 clustered histone 8","Down_in_KO_control"
"ENSMUSG00000021930",667.173589072664,-0.919549001523963,0.123804408081398,-7.4274334474374,1.10725061372116e-13,7.45323048005905e-12,"Spryd7","66674","SPRY domain containing 7","Down_in_KO_control"
"ENSMUSG00000020589",382.540395192423,1.82870416201624,0.246232858710606,7.42672676421913,1.11317978086912e-13,7.46628431519852e-12,"Cyria","76820","CYFIP related Rac1 interactor A","Up_in_KO_control"
"ENSMUSG00000045827",243.748674186503,1.60637918981878,0.216414848949383,7.42268470771381,1.14769766838872e-13,7.67030945305647e-12,"Serpinb9","20723","serine (or cysteine) peptidase inhibitor, clade B, member 9","Up_in_KO_control"
"ENSMUSG00000073125",283.565125363425,4.87376592165775,0.657370018318868,7.41403743073304,1.22511318158189e-13,8.15855621599357e-12,"Xlr3b","574437","X-linked lymphocyte-regulated 3B","Up_in_KO_control"
"ENSMUSG00000025261",4773.4899336596,0.895179498351096,0.120889734802688,7.40492565239036,1.31223966121322e-13,8.70778041854007e-12,"Huwe1","59026","HECT, UBA and WWE domain containing 1","Up_in_KO_control"
"ENSMUSG00000049422",103.098009882079,-2.99434925877654,0.405789690490564,-7.3790668638147,1.59402768062877e-13,1.05402968154085e-11,"Chchd10","103172","coiled-coil-helix-coiled-coil-helix domain containing 10","Down_in_KO_control"
"ENSMUSG00000048376",3971.17883853134,-0.81142138634145,0.110249857904949,-7.35984065431643,1.84129891273262e-13,1.21324741387203e-11,"F2r","14062","coagulation factor II thrombin receptor","Down_in_KO_control"
"ENSMUSG00000074743",939.588742416861,-1.76323417567553,0.239765457492615,-7.35399583457445,1.92367730722608e-13,1.26307977017971e-11,"Thbd","21824","thrombomodulin","Down_in_KO_control"
"ENSMUSG00000043895",977.532098307991,0.998416410088309,0.135780995992827,7.3531380646306,1.93606772849888e-13,1.26677046865033e-11,"S1pr2","14739","sphingosine-1-phosphate receptor 2","Up_in_KO_control"
"ENSMUSG00000034675",2513.37266077199,0.740811129421796,0.100760664089966,7.35218585657938,1.94991414109239e-13,1.2713847847478e-11,"Dbn1","56320","drebrin 1","Up_in_KO_control"
"ENSMUSG00000031765",3444.80421680135,-1.54949275403247,0.210990562708647,-7.34389602141655,2.07464320015399e-13,1.3480138265445e-11,"Mt1","17748","metallothionein 1","Down_in_KO_control"
"ENSMUSG00000061983",553.384697896893,-1.09941430435477,0.149777968958046,-7.34029384964302,2.13125409034121e-13,1.38000545995e-11,"Rps12","20042","ribosomal protein S12","Down_in_KO_control"
"ENSMUSG00000001761",1595.98384385761,0.850747720252369,0.115964051102662,7.33630562370756,2.19570313293988e-13,1.41683423195531e-11,"Smo","319757","smoothened, frizzled class receptor","Up_in_KO_control"
"ENSMUSG00000039202",2407.58177429273,1.07677176197171,0.146834299488221,7.33324411070648,2.24647201141033e-13,1.44461274053339e-11,"Abhd2","54608","abhydrolase domain containing 2","Up_in_KO_control"
"ENSMUSG00000020176",4520.77816087599,1.50005005230428,0.204834609550334,7.32322557988261,2.42080352597713e-13,1.5513868623839e-11,"Grb10","14783","growth factor receptor bound protein 10","Up_in_KO_control"
"ENSMUSG00000038860",119.457276395819,-2.13641959049104,0.29178538938536,-7.32188679834643,2.44508379663599e-13,1.56159908144878e-11,"Garnl3","99326","GTPase activating RANGAP domain-like 3","Down_in_KO_control"
"ENSMUSG00000059325",423.372928490289,-1.13857022198,0.155729027352883,-7.31122669507204,2.64714494565588e-13,1.68489875401559e-11,"Hopx","74318","HOP homeobox","Down_in_KO_control"
"ENSMUSG00000042097",220.060050365088,1.289633482306,0.176547511541073,7.30473893995369,2.77805584137098e-13,1.76222911727373e-11,"Zfp239","22685","zinc finger protein 239","Up_in_KO_control"
"ENSMUSG00000055416",35.1078254708474,-4.19631871849813,0.575470374895183,-7.29198044167339,3.05431511287939e-13,1.93092563200379e-11,NA,NA,NA,"Down_in_KO_control"
"ENSMUSG00000025092",252.546379025024,1.29170965527755,0.177352328176875,7.28329686199167,3.25759298291314e-13,2.03987089630172e-11,"Hspa12a","73442","heat shock protein 12A","Up_in_KO_control"
"ENSMUSG00000027684",688.642122433368,-0.862264016954308,0.118390424220064,-7.2832243201657,3.25934589854226e-13,2.03987089630172e-11,"Mecom","14013","MDS1 and EVI1 complex locus","Down_in_KO_control"
"ENSMUSG00000041765",819.68884554465,0.882925640926165,0.12128912194044,7.27951218378624,3.35029413068885e-13,2.08980180225268e-11,"Ubac2","68889","ubiquitin associated domain containing 2","Up_in_KO_control"
"ENSMUSG00000032387",686.092492335114,0.996471489802194,0.136937359864514,7.27684169453907,3.4172586030081e-13,2.12449037335849e-11,"Rbpms2","71973","RNA binding protein with multiple splicing 2","Up_in_KO_control"
"ENSMUSG00000022863",869.342471040712,-1.22208301533338,0.167956042017919,-7.27620751626787,3.43335322826172e-13,2.12742844239939e-11,"Btg3","12228","BTG anti-proliferation factor 3","Down_in_KO_control"
"ENSMUSG00000038374",7081.46095642122,-0.666282970114164,0.0916288389750025,-7.27154220840814,3.55406286922753e-13,2.19495638520973e-11,"Rbm8a","60365","RNA binding motif protein 8a","Down_in_KO_control"
"ENSMUSG00000022791",1479.158947203,0.817414989044536,0.112419925733336,7.27108636402657,3.56607846897769e-13,2.1951324470388e-11,"Tnk2","51789","tyrosine kinase, non-receptor, 2","Up_in_KO_control"
"ENSMUSG00000003623",781.890139646914,-0.862946518766934,0.118761871903331,-7.26619162309392,3.69763958963097e-13,2.26865343084473e-11,"Crot","74114","carnitine O-octanoyltransferase","Down_in_KO_control"
"ENSMUSG00000045216",1090.66775103568,0.868316843095771,0.119663006543542,7.25635155071771,3.97670719627738e-13,2.43189940405028e-11,"Hs6st1","50785","heparan sulfate 6-O-sulfotransferase 1","Up_in_KO_control"
"ENSMUSG00000032431",3111.38957879061,-0.842756101566429,0.116155673995835,-7.25540193238128,4.00470841475721e-13,2.44104588160755e-11,"Crtap","56693","cartilage associated protein","Down_in_KO_control"
"ENSMUSG00000029121",290.379027079829,3.24317346274214,0.447076197188401,7.25418504303741,4.04087377104211e-13,2.44714792483855e-11,"Crmp1","12933","collapsin response mediator protein 1","Up_in_KO_control"
"ENSMUSG00000032194",2630.68500021232,0.859665813286271,0.11849929463034,7.25460700815145,4.0282969973551e-13,2.44714792483855e-11,"Kank2","235041","KN motif and ankyrin repeat domains 2","Up_in_KO_control"
"ENSMUSG00000038025",1339.93399081706,0.870500466310083,0.120013555614633,7.2533511889714,4.0658404860622e-13,2.45432493598974e-11,"Phf2","18676","PHD finger protein 2","Up_in_KO_control"
"ENSMUSG00000067038",6249.46712909253,-1.00128772305299,0.13828828677558,-7.24058231105227,4.46762346133028e-13,2.6881877116358e-11,"Rps12-ps3","100034727","ribosomal protein S12, pseudogene 3","Down_in_KO_control"
"ENSMUSG00000028964",7082.85183640556,-0.714076786105984,0.0987065130448615,-7.23434314594256,4.67787638332079e-13,2.80567630644494e-11,"Park7","57320","Parkinson disease (autosomal recessive, early onset) 7","Down_in_KO_control"
"ENSMUSG00000049691",89.4900116994835,8.70282234826804,1.20366484525896,7.23027043827609,4.82033158839073e-13,2.86358301630336e-11,"Nkx3-2","12020","NK3 homeobox 2","Up_in_KO_control"
"ENSMUSG00000045573",1143.88120235619,-2.85485302849662,0.394827920634617,-7.23062600007603,4.80772690810873e-13,2.86358301630336e-11,"Penk","18619","preproenkephalin","Down_in_KO_control"
"ENSMUSG00000050335",10214.758000632,-1.2457072747627,0.172286884814533,-7.23042427810861,4.81487398267279e-13,2.86358301630336e-11,"Lgals3","16854","lectin, galactose binding, soluble 3","Down_in_KO_control"
"ENSMUSG00000016833",690.342213252113,-0.944391935843855,0.130635805598113,-7.22919670851323,4.85859261878231e-13,2.87717859731878e-11,"Mrps18c","68735","mitochondrial ribosomal protein S18C","Down_in_KO_control"
"ENSMUSG00000023008",2164.55573811142,0.897099691571739,0.12415483537389,7.22565245944822,4.98701631480955e-13,2.94391281700414e-11,"Fmnl3","22379","formin-like 3","Up_in_KO_control"
"ENSMUSG00000093738",42.0592284215219,5.43100189252527,0.75181685427081,7.22383631289141,5.05410887421426e-13,2.97413645796137e-11,"AI606473","99686","expressed sequence AI606473","Up_in_KO_control"
"ENSMUSG00000000957",14151.0872171765,-0.641397152213782,0.0888084911575779,-7.22225030347284,5.11342397744186e-13,2.99960824106174e-11,"Mmp14","17387","matrix metallopeptidase 14 (membrane-inserted)","Down_in_KO_control"
"ENSMUSG00000028618",7082.22931041483,-0.694871039049097,0.0962515267752616,-7.21932484948064,5.22463129218771e-13,3.05488356926903e-11,"Tmem59","56374","transmembrane protein 59","Down_in_KO_control"
"ENSMUSG00000042354",4576.63316691427,-0.645388163600597,0.0894023459195589,-7.21891754586948,5.24030153227895e-13,3.05488356926903e-11,"Gnl3","30877","guanine nucleotide binding protein nucleolar 3","Down_in_KO_control"
"ENSMUSG00000023905",7094.59968923448,-0.92516238924701,0.128298276047269,-7.21102744128962,5.55312612735406e-13,3.22719407519182e-11,"Tnfrsf12a","27279","tumor necrosis factor receptor superfamily, member 12a","Down_in_KO_control"
"ENSMUSG00000001507",1456.04896504965,-1.27981674232447,0.17761923583116,-7.20539493560839,5.78758550643985e-13,3.35303676724486e-11,"Itga3","16400","integrin alpha 3","Down_in_KO_control"
"ENSMUSG00000035929",1016.93053003356,1.61276075940293,0.223844339552274,7.20483154780112,5.81156502449489e-13,3.35653754022756e-11,"H2-Q4","15015","histocompatibility 2, Q region locus 4","Up_in_KO_control"
"ENSMUSG00000043415",616.86934773421,-1.122308725023,0.155993396459122,-7.19459124872058,6.26481585435682e-13,3.60718458715628e-11,"Otud1","71198","OTU domain containing 1","Down_in_KO_control"
"ENSMUSG00000030275",1683.96807003159,0.883138156238121,0.122905342579956,7.18551478479138,6.69544288653459e-13,3.84330744588104e-11,"Etnk1","75320","ethanolamine kinase 1","Up_in_KO_control"
"ENSMUSG00000051853",4584.53340868631,0.663847663346105,0.0924491220974964,7.18068109555453,6.93649812131126e-13,3.96950120318341e-11,"Arf3","11842","ARF GTPase 3","Up_in_KO_control"
"ENSMUSG00000053930",45.3464475385692,9.14733882965095,1.27418041425234,7.17899814448049,7.02240992069204e-13,4.00641331847287e-11,"Shisa6","380702","shisa family member 6","Up_in_KO_control"
"ENSMUSG00000046727",123.027426768556,-2.07081583352656,0.288967687207845,-7.16625396263454,7.70777304385165e-13,4.38405948235854e-11,"Cystm1","66060","cysteine-rich transmembrane module containing 1","Down_in_KO_control"
"ENSMUSG00000039693",521.548688239945,1.15145065672176,0.160725755990409,7.16407055998212,7.83160608917558e-13,4.44099529535584e-11,"Msantd3","66665","Myb/SANT-like DNA-binding domain containing 3","Up_in_KO_control"
"ENSMUSG00000040204",2009.4436912214,1.24209429969393,0.17352180384585,7.15814538671667,8.1775804375011e-13,4.62317410051233e-11,"Pclaf","68026","PCNA clamp associated factor","Up_in_KO_control"
"ENSMUSG00000031024",650.581686886786,0.814387618620467,0.113893503782992,7.15043081098081,8.65059760801233e-13,4.87586244092575e-11,"Dennd2b","76954","DENN domain containing 2B","Up_in_KO_control"
"ENSMUSG00000062456",2526.80964112511,-0.907598304705637,0.126955676204006,-7.14893836843662,8.74515800109753e-13,4.91435860884499e-11,"Rpl9-ps6","100042823","ribosomal protein L9, pseudogene 6","Down_in_KO_control"
"ENSMUSG00000034551",55.1565439591292,3.36225346497646,0.470561468767374,7.14519502368907,8.98682057885191e-13,5.03504112251664e-11,"Hdx","245596","highly divergent homeobox","Up_in_KO_control"
"ENSMUSG00000028420",426.08669420877,-0.953751595979429,0.133777739522064,-7.12937443394403,1.00826109786073e-12,5.63211639530386e-11,"Tmem38b","52076","transmembrane protein 38B","Down_in_KO_control"
"ENSMUSG00000020875",680.766358752842,1.61205898207032,0.226216356845843,7.12618222902808,1.03191080691844e-12,5.74706753865023e-11,"Hoxb9","15417","homeobox B9","Up_in_KO_control"
"ENSMUSG00000030220",1583.26093126645,1.61926302254808,0.227552685361578,7.11599170967854,1.11110974136772e-12,6.16979127306057e-11,"Arhgdib","11857","Rho, GDP dissociation inhibitor beta","Up_in_KO_control"
"ENSMUSG00000115284",38.9875244468393,-3.65835471066007,0.514199744148705,-7.11465680854577,1.12191649227841e-12,6.21136784615561e-11,NA,NA,NA,"Down_in_KO_control"
"ENSMUSG00000051341",962.168597916127,-0.840160621637538,0.118251092860535,-7.10488673984958,1.20421253146791e-12,6.64732421868998e-11,"Zfp52","22710","zinc finger protein 52","Down_in_KO_control"
"ENSMUSG00000020900",3337.49788235087,0.748962899021524,0.105430807320741,7.1038334814513,1.21343049699592e-12,6.67850732067193e-11,"Myh10","77579","myosin, heavy polypeptide 10, non-muscle","Up_in_KO_control"
"ENSMUSG00000073411",14569.6670322101,0.97544159684134,0.137388445509314,7.09988087590097,1.24864469119265e-12,6.85216660008446e-11,"H2-D1","14964","histocompatibility 2, D region locus 1","Up_in_KO_control"
"ENSMUSG00000022131",372.909277918105,1.09513249562651,0.154284799816121,7.09812306158291,1.26462556818191e-12,6.91957258987955e-11,"Gpr180","58245","G protein-coupled receptor 180","Up_in_KO_control"
"ENSMUSG00000061815",68.3931159932308,-3.00405107993945,0.423853853606114,-7.08746907544011,1.36586810815608e-12,7.42953569749837e-11,"Rufy4","435626","RUN and FYVE domain containing 4","Down_in_KO_control"
"ENSMUSG00000097910",173.665653924284,1.84435569261122,0.260233808257697,7.08730239533228,1.36751358910833e-12,7.42953569749837e-11,"Hdnr","75996","Hand2 downstream lncRNA","Up_in_KO_control"
"ENSMUSG00000025025",2266.60725573517,-0.991226036947479,0.139863864371549,-7.08707743348406,1.36973751703999e-12,7.42953569749837e-11,"Mxi1","17859","MAX interactor 1, dimerization protein","Down_in_KO_control"
"ENSMUSG00000031760",63.3242679240231,-3.9790190248931,0.561887852558439,-7.08151814775043,1.42583691855885e-12,7.68924675994e-11,"Mt3","17751","metallothionein 3","Down_in_KO_control"
"ENSMUSG00000031202",55.599847876366,-3.68334967833556,0.520112588499048,-7.08183143377677,1.4226164323018e-12,7.68924675994e-11,"Rab39b","67790","RAB39B, member RAS oncogene family","Down_in_KO_control"
"ENSMUSG00000033149",936.027943211473,1.13113675677375,0.159785840595761,7.07908005212675,1.4511454490403e-12,7.8032427551411e-11,"Phldb2","208177","pleckstrin homology like domain, family B, member 2","Up_in_KO_control"
"ENSMUSG00000002885",712.07844619785,-1.29805360880128,0.183635483173566,-7.06864265210882,1.56456464412637e-12,8.38902526806211e-11,"Adgre5","26364","adhesion G protein-coupled receptor E5","Down_in_KO_control"
"ENSMUSG00000031659",2153.35554922483,0.882340940203057,0.124870398071198,7.06605371514849,1.59401734481614e-12,8.52252759244127e-11,"Adcy7","11513","adenylate cyclase 7","Up_in_KO_control"
"ENSMUSG00000024480",2670.43700350663,-0.909010302249619,0.128657292541105,-7.0653616619454,1.60198209617658e-12,8.54070967685251e-11,"Ap3s1","11777","adaptor-related protein complex 3, sigma 1 subunit","Down_in_KO_control"
"ENSMUSG00000025786",1347.84907113243,0.791838461570856,0.112082663139919,7.06477201190659,1.60879909755222e-12,8.55268679332234e-11,"Zdhhc3","69035","zinc finger, DHHC domain containing 3","Up_in_KO_control"
"ENSMUSG00000037994",604.436778253355,-2.6592463609201,0.376506743366699,-7.06294484168142,1.63010442323305e-12,8.64140058695755e-11,"Slc9b2","97086","solute carrier family 9, subfamily B (NHA2, cation proton antiporter 2), member 2","Down_in_KO_control"
"ENSMUSG00000032584",117.248623830321,-2.60656012748931,0.369793609547444,-7.04868894483935,1.80611383131764e-12,9.50769620723113e-11,"Mst1r","19882","macrophage stimulating 1 receptor (c-met-related tyrosine kinase)","Down_in_KO_control"
"ENSMUSG00000020629",1331.37757014178,-0.783830072767169,0.111198281571762,-7.04894052037415,1.80285188734918e-12,9.50769620723113e-11,"Adi1","104923","acireductone dioxygenase 1","Down_in_KO_control"
"ENSMUSG00000024661",36013.1837638175,-0.777222385156665,0.110268007574449,-7.04848488925413,1.80876388060401e-12,9.50769620723113e-11,"Fth1","14319","ferritin heavy polypeptide 1","Down_in_KO_control"
"ENSMUSG00000015568",706.056660115432,-3.33406491674963,0.473131742157353,-7.04680032996137,1.83078729820781e-12,9.59650496116604e-11,"Lpl","16956","lipoprotein lipase","Down_in_KO_control"
"ENSMUSG00000024953",3056.8030315431,-0.81687270878166,0.116199907943292,-7.02989118700776,2.06694667681852e-12,1.08041265819288e-10,"Prdx5","54683","peroxiredoxin 5","Down_in_KO_control"
"ENSMUSG00000022565",12365.7263876823,0.94457893158706,0.134493408024689,7.02323590025815,2.16787725716454e-12,1.13001356861616e-10,"Plec","18810","plectin","Up_in_KO_control"
"ENSMUSG00000054065",60.257359869715,2.35465624446172,0.335802998895475,7.01201672470664,2.34907114669671e-12,1.22106023244821e-10,"Pkp3","56460","plakophilin 3","Up_in_KO_control"
"ENSMUSG00000020697",513.053954296377,1.14329189600393,0.163085039329937,7.0104032883785,2.37632155156421e-12,1.2318034679895e-10,"Lig3","16882","ligase III, DNA, ATP-dependent","Up_in_KO_control"
"ENSMUSG00000008226",418.250476354372,-0.915284354651576,0.130624075919448,-7.00701113641567,2.43462894822882e-12,1.25854175437033e-10,"Scrn3","74616","secernin 3","Down_in_KO_control"
"ENSMUSG00000043279",612.745773898141,1.12011745784141,0.160082153609237,6.99714135890271,2.61237682439273e-12,1.34670544118075e-10,"Trim56","384309","tripartite motif-containing 56","Up_in_KO_control"
"ENSMUSG00000030281",393.882777743063,0.979211697558928,0.139993376303573,6.99470020235476,2.65826740154604e-12,1.36659774409701e-10,"Il17rc","171095","interleukin 17 receptor C","Up_in_KO_control"
"ENSMUSG00000021792",356.714255030187,-1.61112733130907,0.230780306729571,-6.98121669972906,2.92634522413083e-12,1.50029310079891e-10,"Prxl2a","70564","peroxiredoxin like 2A","Down_in_KO_control"
"ENSMUSG00000022265",21274.9117402022,1.10700032761116,0.158584664336012,6.98050049319793,2.94130329047687e-12,1.50384176160365e-10,"Ank","11732","progressive ankylosis","Up_in_KO_control"
"ENSMUSG00000063524",14347.0026102213,-0.886321224953104,0.127028030909985,-6.97736726771096,3.00762738209628e-12,1.53356215806996e-10,"Eno1","13806","enolase 1, alpha non-neuron","Down_in_KO_control"
"ENSMUSG00000026483",2248.79664689725,1.10699222565515,0.15885672257824,6.96849467676721,3.20350100038829e-12,1.62899766902897e-10,"Niban1","63913","niban apoptosis regulator 1","Up_in_KO_control"
"ENSMUSG00000039903",277.820601918865,-1.69305209562976,0.243076082392015,-6.96511182412155,3.28142998792594e-12,1.66410296379561e-10,"Eva1c","70967","eva-1 homolog C","Down_in_KO_control"
"ENSMUSG00000021569",1106.4213413609,0.79217973501276,0.113747740090822,6.96435581384071,3.29909828673661e-12,1.66854124972168e-10,"Trip13","69716","thyroid hormone receptor interactor 13","Up_in_KO_control"
"ENSMUSG00000021488",2124.51018521682,0.732918530411574,0.105289001927682,6.96101698176399,3.37825043660524e-12,1.7039676663125e-10,"Nsd1","18193","nuclear receptor-binding SET-domain protein 1","Up_in_KO_control"
"ENSMUSG00000048537",2679.85160607259,0.622837490984319,0.0894939002418519,6.95955243096052,3.41355460293791e-12,1.71714643238648e-10,"Phldb1","102693","pleckstrin homology like domain, family B, member 1","Up_in_KO_control"
"ENSMUSG00000058173",593.309482060529,1.20410057294903,0.173032411211903,6.95881519835283,3.43146281410277e-12,1.7215271753433e-10,"Smco4","170748","single-pass membrane protein with coiled-coil domains 4","Up_in_KO_control"
"ENSMUSG00000053110",3690.5808886285,0.581888849964695,0.083623525994697,6.95843475915613,3.44074011208725e-12,1.72156603522697e-10,"Yap1","22601","yes-associated protein 1","Up_in_KO_control"
"ENSMUSG00000032487",4670.78588237729,-1.24785642055455,0.179571587684676,-6.94907494355823,3.67689193985737e-12,1.83481810321469e-10,"Ptgs2","19225","prostaglandin-endoperoxide synthase 2","Down_in_KO_control"
"ENSMUSG00000081049",5871.76259939205,-1.07165319450521,0.154248161906992,-6.94759134407966,3.71575478186296e-12,1.84927976683515e-10,NA,NA,NA,"Down_in_KO_control"
"ENSMUSG00000084803",35.5716233002803,3.35454783997049,0.483173114745675,6.94274523477203,3.84552571952699e-12,1.90878840290474e-10,"5830444B04Rik","641454","RIKEN cDNA 5830444B04 gene","Up_in_KO_control"
"ENSMUSG00000005625",6016.47506395608,-0.694551950561837,0.100108908207211,-6.93796349396017,3.97792470965668e-12,1.96928320348692e-10,"Psmd4","19185","proteasome (prosome, macropain) 26S subunit, non-ATPase, 4","Down_in_KO_control"
"ENSMUSG00000025408",744.734550511644,-1.59683504566304,0.230223847781502,-6.93601058730693,4.03327387085814e-12,1.99141567138175e-10,"Ddit3","13198","DNA-damage inducible transcript 3","Down_in_KO_control"
"ENSMUSG00000061878",855.80035700432,-0.891274531057342,0.128508873651798,-6.93550963237214,4.0475931521728e-12,1.99322659622657e-10,"Sphk1","20698","sphingosine kinase 1","Down_in_KO_control"
"ENSMUSG00000045027",197.127893839181,-2.07433238376629,0.299340801432121,-6.92966803670656,4.21829299189897e-12,2.06641143343993e-10,"Prss22","70835","serine protease 22","Down_in_KO_control"
"ENSMUSG00000022125",688.130342687727,0.933922499779032,0.134766645252064,6.92992318709313,4.21069188316187e-12,2.06641143343993e-10,"Cln5","211286","ceroid-lipofuscinosis, neuronal 5","Up_in_KO_control"
"ENSMUSG00000037995",90.727461036305,1.85638787782017,0.268048597571609,6.92556459775634,4.34240124619502e-12,2.11612902395957e-10,"Igsf9","93842","immunoglobulin superfamily, member 9","Up_in_KO_control"
"ENSMUSG00000117123",288.37294969085,-1.39697885045787,0.20170932232243,-6.92570295895801,4.33815879771232e-12,2.11612902395957e-10,"Gm49890","106557447","predicted gene, 49890","Down_in_KO_control"
"ENSMUSG00000040128",2953.42820984004,-0.926661042268889,0.133975207341197,-6.91666063191038,4.62414037168999e-12,2.24757243572558e-10,"Pnrc1","108767","proline-rich nuclear receptor coactivator 1","Down_in_KO_control"
"ENSMUSG00000074604",360.422731875575,-1.44486545235484,0.208997197683131,-6.91332452478844,4.73425202591738e-12,2.2951310404402e-10,"Mgst2","211666","microsomal glutathione S-transferase 2","Down_in_KO_control"
"ENSMUSG00000033004",760.0019709387,1.14433726845427,0.165639239942471,6.90861216733253,4.89417936696556e-12,2.36653174403169e-10,"Mycbp2","105689","MYC binding protein 2, E3 ubiquitin protein ligase","Up_in_KO_control"
"ENSMUSG00000023367",1698.56259648392,2.2812136515042,0.331059088636367,6.89065405484117,5.55364466019401e-12,2.67848846717038e-10,"Tmem176a","66058","transmembrane protein 176A","Up_in_KO_control"
"ENSMUSG00000064302",1180.38455130688,0.747697350443525,0.108529097052466,6.88937225822552,5.60391197173414e-12,2.69578418321493e-10,"Clasp1","76707","CLIP associating protein 1","Up_in_KO_control"
"ENSMUSG00000051579",3171.19632371757,0.793650962348523,0.115292971310696,6.88377576990153,5.82865976141173e-12,2.79671051577686e-10,"Tceal8","66684","transcription elongation factor A (SII)-like 8","Up_in_KO_control"
"ENSMUSG00000041779",641.759843883069,0.923315632771007,0.134358052969755,6.8720527900092,6.32845250002589e-12,3.02875528473106e-10,"Tram2","170829","translocating chain-associating membrane protein 2","Up_in_KO_control"
"ENSMUSG00000047910",45.4956639296964,2.86096971056478,0.416565302442751,6.86799811167175,6.510908294364e-12,3.10812823756208e-10,"Pcdhb16","93887","protocadherin beta 16","Up_in_KO_control"
"ENSMUSG00000061232",8528.49641986331,1.14197002759918,0.166326794372042,6.86582117998866,6.61098442827729e-12,3.14787154214638e-10,"H2-K1","14972","histocompatibility 2, K1, K region","Up_in_KO_control"
"ENSMUSG00000045679",748.926673181626,-0.842680956232199,0.122768697466765,-6.86397244265233,6.69715554961894e-12,3.1808089289345e-10,"Slc66a3","217430","solute carrier family 66 member 3","Down_in_KO_control"
"ENSMUSG00000025544",2520.73974996875,0.901432969267771,0.131361680483295,6.86222166122793,6.77977517896214e-12,3.21189703604857e-10,"Tm9sf2","68059","transmembrane 9 superfamily member 2","Up_in_KO_control"
"ENSMUSG00000021469",52.1506711105685,-3.26455409564556,0.476064117912802,-6.85738322383606,7.01333114433693e-12,3.31415317434285e-10,"Msx2","17702","msh homeobox 2","Down_in_KO_control"
"ENSMUSG00000022040",33.1473118262588,-4.19411881710068,0.611706860662963,-6.85641944992268,7.06078629321601e-12,3.31981140464702e-10,"Ephx2","13850","epoxide hydrolase 2, cytoplasmic","Down_in_KO_control"
"ENSMUSG00000032561",863.962619695502,1.51713769722175,0.221270837219427,6.8564737960351,7.05810200009031e-12,3.31981140464702e-10,"Acp3","56318","acid phosphatase 3","Up_in_KO_control"
"ENSMUSG00000024420",326.772918235498,1.64802265205509,0.240482222984785,6.8529915916461,7.23213385978489e-12,3.39185265459034e-10,"Zfp521","225207","zinc finger protein 521","Up_in_KO_control"
"ENSMUSG00000060487",88.2481215742637,2.28584316556509,0.333822162396999,6.84748774362872,7.51581290149778e-12,3.5160851706432e-10,"Samd5","320825","sterile alpha motif domain containing 5","Up_in_KO_control"
"ENSMUSG00000031371",1146.8451774559,-0.947083968401054,0.138439093130682,-6.84115987026177,7.85545291798099e-12,3.66581272953063e-10,"Haus7","73738","HAUS augmin-like complex, subunit 7","Down_in_KO_control"
"ENSMUSG00000022175",2182.05993208754,-0.793372106503213,0.116004817784259,-6.83913066419961,7.96751898649266e-12,3.70886026851336e-10,"Lrp10","65107","low-density lipoprotein receptor-related protein 10","Down_in_KO_control"
"ENSMUSG00000108841",54.6617484339698,9.68584685999011,1.41658440994505,6.83746537939508,8.06065596495187e-12,3.7429045923609e-10,"Frmpd2","268729","FERM and PDZ domain containing 2","Up_in_KO_control"
"ENSMUSG00000025283",6059.28775902428,-0.810136439160044,0.118558459727112,-6.83322338215885,8.30275136093877e-12,3.84577688656553e-10,"Sat1","20229","spermidine/spermine N1-acetyl transferase 1","Down_in_KO_control"
"ENSMUSG00000032000",660.677176236449,0.835112841140618,0.122239031252715,6.83180186052129,8.38546190758792e-12,3.87449749818994e-10,"Birc3","11796","baculoviral IAP repeat-containing 3","Up_in_KO_control"
"ENSMUSG00000020601",1408.53891895946,-0.860525240274425,0.126051312325984,-6.8267852543177,8.68385330034713e-12,4.00248637461566e-10,"Trib2","217410","tribbles pseudokinase 2","Down_in_KO_control"
"ENSMUSG00000000693",2226.98001130358,1.18637270518386,0.173929098053664,6.82101338108367,9.04005200761019e-12,4.15642489480122e-10,"Loxl3","16950","lysyl oxidase-like 3","Up_in_KO_control"
"ENSMUSG00000033082",211.966434620722,1.62838002904121,0.238948875496397,6.81476330724881,9.44190901952339e-12,4.32461877943864e-10,"Clec1a","243653","C-type lectin domain family 1, member a","Up_in_KO_control"
"ENSMUSG00000029314",178.824333312898,-1.36427175599572,0.200198114607375,-6.81460841262818,9.45208721632237e-12,4.32461877943864e-10,"Gpat3","231510","glycerol-3-phosphate acyltransferase 3","Down_in_KO_control"
"ENSMUSG00000028821",1658.42039759641,-0.747652614795254,0.109725655822682,-6.81383591822378,9.50300888375863e-12,4.33731232297013e-10,"Syf2","68592","SYF2 homolog, RNA splicing factor (S. cerevisiae)","Down_in_KO_control"
"ENSMUSG00000024038",1653.9173033826,-0.848518475815299,0.124627114127963,-6.80845802899733,9.86503591278951e-12,4.49159165537786e-10,"Ndufv3","78330","NADH:ubiquinone oxidoreductase core subunit V3","Down_in_KO_control"
"ENSMUSG00000051220",459.560606899892,0.886090350756554,0.130600496042275,6.78473955006825,1.16296119857661e-11,5.28215847304955e-10,"Ercc6l","236930","excision repair cross-complementing rodent repair deficiency complementation group 6 like","Up_in_KO_control"
"ENSMUSG00000076441",353.237950775176,2.08861866703836,0.307958180194356,6.78215030924074,1.18400191428652e-11,5.36470407313405e-10,"Ass1","11898","argininosuccinate synthetase 1","Up_in_KO_control"
"ENSMUSG00000025332",3192.41225511181,0.742457165448423,0.109551270970088,6.77725743274254,1.22478541496841e-11,5.53608924403476e-10,"Kdm5c","20591","lysine demethylase 5C","Up_in_KO_control"
"ENSMUSG00000042699",4681.10921285735,0.737519931870754,0.108903545586426,6.77223067347665,1.26811730881668e-11,5.71813956623772e-10,"Dhx9","13211","DExH-box helicase 9","Up_in_KO_control"
"ENSMUSG00000040006",1220.98767841741,-0.89072121340206,0.131558647478429,-6.77052577291133,1.28315222694691e-11,5.7720258708792e-10,"Ginm1","215751","glycoprotein integral membrane 1","Down_in_KO_control"
"ENSMUSG00000046818",47.8378583737176,-4.13647482326068,0.6111853682084,-6.76795459843246,1.30615727014622e-11,5.86141990317654e-10,"Ddit4l","73284","DNA-damage-inducible transcript 4-like","Down_in_KO_control"
"ENSMUSG00000004085",1804.75271224051,0.816532214732486,0.120722238535622,6.76372658954257,1.34486772521075e-11,6.02069611049491e-10,"Map3k20","65964","mitogen-activated protein kinase kinase kinase 20","Up_in_KO_control"
"ENSMUSG00000029334",1411.15667705738,-1.40248197203591,0.207460096834165,-6.76024928859931,1.37754510735132e-11,6.15226768350004e-10,"Prkg2","19092","protein kinase, cGMP-dependent, type II","Down_in_KO_control"
"ENSMUSG00000006356",1740.93583650247,-1.56383405820593,0.23134879246635,-6.75963786771608,1.38337067859878e-11,6.16357512109977e-10,"Crip2","68337","cysteine rich protein 2","Down_in_KO_control"
"ENSMUSG00000022466",694.623932445039,0.875517279714607,0.129609631446947,6.75503255383442,1.42803189087628e-11,6.34744911495675e-10,"Rpap3","71919","RNA polymerase II associated protein 3","Up_in_KO_control"
"ENSMUSG00000022912",1514.82297782255,1.00748457762738,0.149184769195984,6.75326699271726,1.44552574172046e-11,6.40998180208884e-10,"Pros1","19128","protein S (alpha)","Up_in_KO_control"
"ENSMUSG00000038252",2175.43947385573,0.872701225310466,0.129272911384458,6.75084374571755,1.469878329106e-11,6.50256103370225e-10,"Ncapd2","68298","non-SMC condensin I complex, subunit D2","Up_in_KO_control"
"ENSMUSG00000050721",2151.59902271448,0.859643392428981,0.127359521221441,6.74973794016006,1.48112427602092e-11,6.53685815499515e-10,"Plekho2","102595","pleckstrin homology domain containing, family O member 2","Up_in_KO_control"
"ENSMUSG00000063727",92.1356978015607,2.01671766697104,0.299267518270164,6.73884582806759,1.59649687929757e-11,7.02946967112832e-10,"Tnfrsf11b","18383","tumor necrosis factor receptor superfamily, member 11b (osteoprotegerin)","Up_in_KO_control"
"ENSMUSG00000053907",4528.00710808994,0.782426479951408,0.116147073189078,6.73651482097771,1.62230752537474e-11,7.12634758740317e-10,"Mat2a","232087","methionine adenosyltransferase 2A","Up_in_KO_control"
"ENSMUSG00000020553",188.686317704596,1.18725416535558,0.176433557570031,6.72918565893752,1.70615244547645e-11,7.45963334397215e-10,"Pctp","18559","phosphatidylcholine transfer protein","Up_in_KO_control"
"ENSMUSG00000051331",1118.9618951144,1.01076371155401,0.15019893204609,6.72949998901352,1.70247099883671e-11,7.45963334397215e-10,"Cacna1c","12288","calcium channel, voltage-dependent, L type, alpha 1C subunit","Up_in_KO_control"
"ENSMUSG00000028597",177.797765702041,-2.16365633433966,0.321590522516143,-6.72798538156873,1.72028199686051e-11,7.48642721098855e-10,"Gpx7","67305","glutathione peroxidase 7","Down_in_KO_control"
"ENSMUSG00000021830",454.976707649907,-0.982211680021074,0.145986212357337,-6.72811263584861,1.71877855812031e-11,7.48642721098855e-10,"Txndc16","70561","thioredoxin domain containing 16","Down_in_KO_control"
"ENSMUSG00000014769",7493.54765358315,-0.611900379076326,0.090993599162494,-6.72465299436733,1.76011393900511e-11,7.64199817647394e-10,"Psmb1","19170","proteasome (prosome, macropain) subunit, beta type 1","Down_in_KO_control"
"ENSMUSG00000074151",259.676765294478,1.51917759058723,0.226035572706496,6.72096684781496,1.80522667909755e-11,7.81972380693343e-10,"Nlrc5","434341","NLR family, CARD domain containing 5","Up_in_KO_control"
"ENSMUSG00000046191",56.6878584972985,2.43736185376464,0.362713109226208,6.71980634767894,1.81966231984915e-11,7.86405103726031e-10,"Pcdhb20","93891","protocadherin beta 20","Up_in_KO_control"
"ENSMUSG00000014905",1146.34077019645,-0.877858312782918,0.130766432977009,-6.71317778421977,1.90430856050531e-11,8.21090462966264e-10,"Dnajb9","27362","DnaJ heat shock protein family (Hsp40) member B9","Down_in_KO_control"
"ENSMUSG00000039633",336.274521729542,-1.15145612424631,0.171599852696249,-6.71012303422262,1.94460382450517e-11,8.36537272826785e-10,"Lonrf1","244421","LON peptidase N-terminal domain and ring finger 1","Down_in_KO_control"
"ENSMUSG00000022623",1149.83442702479,0.724307195657432,0.107970185639578,6.70840002142152,1.96769913013746e-11,8.44531050969317e-10,"Shank3","58234","SH3 and multiple ankyrin repeat domains 3","Up_in_KO_control"
"ENSMUSG00000079037",5032.72871059876,-0.802319031321993,0.119664102979701,-6.70475950050028,2.01738346515301e-11,8.63874068270213e-10,"Prnp","19122","prion protein","Down_in_KO_control"
"ENSMUSG00000034311",861.938911804652,1.04823702725618,0.156421680595162,6.70135382299808,2.06497359998092e-11,8.8223404055806e-10,"Kif4","16571","kinesin family member 4","Up_in_KO_control"
"ENSMUSG00000052456",2899.13602136641,-0.727936951272418,0.108702963971206,-6.69656948328693,2.13369020857515e-11,9.09515828543662e-10,"Get3","56495","guided entry of tail-anchored proteins factor 3, ATPase","Down_in_KO_control"
"ENSMUSG00000017760",7023.31171443125,-0.690369935895558,0.103122685120761,-6.69464662491195,2.16193419688296e-11,9.194607869607e-10,"Ctsa","19025","cathepsin A","Down_in_KO_control"
"ENSMUSG00000079186",688.980783637738,1.58762894155976,0.237275834562295,6.69106883340426,2.21546415433775e-11,9.37963364708648e-10,"Gzmc","14940","granzyme C","Up_in_KO_control"
"ENSMUSG00000057421",1954.07085584522,0.851441044090613,0.127246037207884,6.69129713406792,2.21200996399563e-11,9.37963364708648e-10,"Las1l","76130","LAS1-like (S. cerevisiae)","Up_in_KO_control"
"ENSMUSG00000008136",1847.56896086837,0.688412343864397,0.102896515584452,6.69033679084482,2.22657561382521e-11,9.40539716964136e-10,"Fhl2","14200","four and a half LIM domains 2","Up_in_KO_control"
"ENSMUSG00000045382",1351.34401192459,-0.985030996828173,0.147287540723385,-6.68780938285964,2.26535935815037e-11,9.54767334888914e-10,"Cxcr4","12767","C-X-C motif chemokine receptor 4","Down_in_KO_control"
"ENSMUSG00000022607",1692.6698661511,0.735902165873172,0.110134935210136,6.68182320595257,2.35987623554895e-11,9.92367730243315e-10,"Ptk2","14083","PTK2 protein tyrosine kinase 2","Up_in_KO_control"
"ENSMUSG00000031558",558.571718141823,-1.26701898232767,0.18974178898498,-6.67759584804997,2.42893754512929e-11,1.01911901977588e-09,"Slit2","20563","slit guidance ligand 2","Down_in_KO_control"
"ENSMUSG00000024424",697.510049100249,1.20360794634316,0.180436349883141,6.67054031586576,2.54863347628869e-11,1.06694805910045e-09,"Ttc39c","72747","tetratricopeptide repeat domain 39C","Up_in_KO_control"
"ENSMUSG00000038523",113.011365156225,-2.28651746081061,0.342918211817507,-6.66782160297582,2.59628093478237e-11,1.08446886456657e-09,"1700003F12Rik","75480","RIKEN cDNA 1700003F12 gene","Down_in_KO_control"
"ENSMUSG00000026958",902.083237461416,-1.16922327611979,0.17556251279095,-6.659868656084,2.74072403274369e-11,1.14225320322344e-09,"Dpp7","83768","dipeptidylpeptidase 7","Down_in_KO_control"
"ENSMUSG00000036067",88.35193046891,2.03796675803868,0.306112810108042,6.65756770296342,2.78396177472925e-11,1.15769503756685e-09,"Slc2a6","227659","solute carrier family 2 (facilitated glucose transporter), member 6","Up_in_KO_control"
"ENSMUSG00000056758",6320.62298450235,0.828173450173756,0.124527340391425,6.65053511598797,2.92029313541815e-11,1.21169502091086e-09,"Hmga2","15364","high mobility group AT-hook 2","Up_in_KO_control"
"ENSMUSG00000024589",686.09406847007,-0.951915451712024,0.143153571547205,-6.64961021526543,2.93870221701034e-11,1.21663572094943e-09,"Nedd4l","83814","neural precursor cell expressed, developmentally down-regulated gene 4-like","Down_in_KO_control"
"ENSMUSG00000020941",502.877630456821,1.07009142768651,0.160996237137317,6.64668595188226,2.9976567314832e-11,1.23830354119746e-09,"Map3k14","53859","mitogen-activated protein kinase kinase kinase 14","Up_in_KO_control"
"ENSMUSG00000041695",648.029659159067,-1.08326259636123,0.163073439991612,-6.64278987686128,3.07800500694877e-11,1.26869400209322e-09,"Kcnj2","16518","potassium inwardly-rectifying channel, subfamily J, member 2","Down_in_KO_control"
"ENSMUSG00000032911",1550.36220820672,2.62407883939321,0.395143115509159,6.64083147700036,3.11918509205551e-11,1.28284199181615e-09,"Cspg4","121021","chondroitin sulfate proteoglycan 4","Up_in_KO_control"
"ENSMUSG00000025068",4442.1547416681,-0.683056065393139,0.102912930536321,-6.63722295957811,3.19647967237297e-11,1.31174833572622e-09,"Gsto1","14873","glutathione S-transferase omega 1","Down_in_KO_control"
"ENSMUSG00000106361",22.0918625298902,-4.67872254604038,0.70506028803064,-6.63591841076298,3.22488196131258e-11,1.32050801186088e-09,NA,NA,NA,"Down_in_KO_control"
"ENSMUSG00000026131",5215.2178078397,0.823731345304968,0.124213502248481,6.63157652263237,3.32120283309203e-11,1.35697966409719e-09,"Dst","13518","dystonin","Up_in_KO_control"
"ENSMUSG00000094989",708.089841843921,-1.22854844483096,0.185322041234493,-6.62926242689312,3.37368335306017e-11,1.37541909773017e-09,"Rpl9-ps4","100042832","ribosomal protein L9, pseudogene 4","Down_in_KO_control"
"ENSMUSG00000022883",594.614527270604,1.79130402425801,0.270263694347844,6.62798615470899,3.40297378954307e-11,1.38434453312434e-09,"Robo1","19876","roundabout guidance receptor 1","Up_in_KO_control"
"ENSMUSG00000036986",676.871188518812,0.913290025697202,0.137937424998174,6.62104592505837,3.56666130530286e-11,1.44778596542587e-09,"Pml","18854","promyelocytic leukemia","Up_in_KO_control"
"ENSMUSG00000118353",1408.44857859386,-0.934109024617557,0.141105326893421,-6.61994160803797,3.59340784353296e-11,1.45548573541196e-09,NA,NA,NA,"Down_in_KO_control"
"ENSMUSG00000025265",403.518176433436,1.47809238212312,0.223318903783819,6.61875173610007,3.62244620310105e-11,1.46407852696825e-09,"Fgd1","14163","FYVE, RhoGEF and PH domain containing 1","Up_in_KO_control"
"ENSMUSG00000062353",8022.42014329437,-0.679845445123208,0.102999624036471,-6.60046530735378,4.09869296629327e-11,1.65299227323806e-09,"Gm15772","100034726","ribosomal protein L26 pseudogene","Down_in_KO_control"
"ENSMUSG00000040269",523.886197728731,-0.950995928389308,0.144312328613073,-6.58984535506384,4.40284934270799e-11,1.76803690450847e-09,"Mrps28","66230","mitochondrial ribosomal protein S28","Down_in_KO_control"
"ENSMUSG00000023015",2671.7889502383,0.781571090358086,0.118602326519808,6.58984619688343,4.40282437904096e-11,1.76803690450847e-09,"Racgap1","26934","Rac GTPase-activating protein 1","Up_in_KO_control"
"ENSMUSG00000040537",102.977422008989,-2.28772491773874,0.347283409449343,-6.58748692131934,4.47333374844469e-11,1.79249452750847e-09,"Adam22","11496","a disintegrin and metallopeptidase domain 22","Down_in_KO_control"
"ENSMUSG00000036745",386.775599587269,-1.2040310621694,0.183013501370309,-6.57891933193038,4.73879764888533e-11,1.894810265034e-09,"Ttll7","70892","tubulin tyrosine ligase-like family, member 7","Down_in_KO_control"
"ENSMUSG00000026558",5085.20309805261,0.798802922028488,0.121533912543211,6.57267511028642,4.94192136786742e-11,1.97181608863332e-09,"Uck2","80914","uridine-cytidine kinase 2","Up_in_KO_control"
"ENSMUSG00000025105",149.963002379388,-1.73738026191988,0.264629631040038,-6.5653277567281,5.19185358572394e-11,2.06713098190749e-09,"Bnc1","12173","basonuclin zinc finger protein 1","Down_in_KO_control"
"ENSMUSG00000028601",486.447106272926,-0.970548023592008,0.147875982034255,-6.56325665764427,5.26451173293042e-11,2.09160951291565e-09,"Echdc2","52430","enoyl Coenzyme A hydratase domain containing 2","Down_in_KO_control"
"ENSMUSG00000042810",176.080414998568,1.45375063910664,0.221589390030442,6.56056067895183,5.36058355051485e-11,2.12389157430677e-09,"Krba1","77827","KRAB-A domain containing 1","Up_in_KO_control"
"ENSMUSG00000040473",263.255296699052,-1.405455068627,0.214235042546158,-6.56034163189803,5.36846424756641e-11,2.12389157430677e-09,"Cfap69","207686","cilia and flagella associated protein 69","Down_in_KO_control"
"ENSMUSG00000022130",310.731377957215,1.12647372743748,0.171991841553303,6.54957652214202,5.77004690464404e-11,2.27795121786084e-09,"Tgds","76355","TDP-glucose 4,6-dehydratase","Up_in_KO_control"
"ENSMUSG00000026725",80.8872535616952,2.84424779588936,0.434346666394939,6.54833573259928,5.81818058191495e-11,2.29211817324999e-09,"Tnn","329278","tenascin N","Up_in_KO_control"
"ENSMUSG00000058704",3954.62377504299,-0.680305518647165,0.103922093951971,-6.546303031207,5.89788475763759e-11,2.31863692163177e-09,"Memo1","76890","mediator of cell motility 1","Down_in_KO_control"
"ENSMUSG00000019188",9425.29888349654,-0.814827610356934,0.124541427227482,-6.54262303312621,6.04490676924078e-11,2.37145367657867e-09,"H13","14950","histocompatibility 13","Down_in_KO_control"
"ENSMUSG00000036644",1482.73578856563,0.684383045650122,0.104645280680292,6.54002780823933,6.15073956417891e-11,2.4079244657841e-09,"Tbc1d9b","76795","TBC1 domain family, member 9B","Up_in_KO_control"
"ENSMUSG00000034135",1151.96051133452,1.00293319108638,0.153470842350307,6.53500805577856,6.36061176092622e-11,2.48488784722781e-09,"Sik3","70661","SIK family kinase 3","Up_in_KO_control"
"ENSMUSG00000030498",724.822279650197,-0.97010988997669,0.148495246531732,-6.53293565036364,6.44928587516692e-11,2.5142809704583e-09,"Gas2","14453","growth arrest specific 2","Down_in_KO_control"
"ENSMUSG00000024027",1579.97271038025,-7.31219596432924,1.11942804608176,-6.53208215563609,6.48615571016776e-11,2.52339775061059e-09,"Glp1r","14652","glucagon-like peptide 1 receptor","Down_in_KO_control"
"ENSMUSG00000045594",1059.52426949035,-0.772826915700363,0.118328318285164,-6.53120847908863,6.52411087782084e-11,2.53289806756559e-09,"Glb1","12091","galactosidase, beta 1","Down_in_KO_control"
"ENSMUSG00000026888",172.48838531313,-1.45042269096894,0.222355591992793,-6.52298724745341,6.8920724843802e-11,2.67021433540801e-09,"Grb14","50915","growth factor receptor bound protein 14","Down_in_KO_control"
"ENSMUSG00000022885",844.293259290878,1.05800224317242,0.16224632203687,6.5209628784805,6.98574739920307e-11,2.70091510498527e-09,"St6gal1","20440","beta galactoside alpha 2,6 sialyltransferase 1","Up_in_KO_control"
"ENSMUSG00000059461",442.808269470393,-0.984005696346856,0.151045956681239,-6.51461130087354,7.28781273813122e-11,2.81189360347731e-09,NA,NA,NA,"Down_in_KO_control"
"ENSMUSG00000073557",776.346913522181,1.1140066440325,0.171167748308729,6.50827422244992,7.60190550162726e-11,2.92704645374385e-09,"Ppp1r12b","329251","protein phosphatase 1, regulatory subunit 12B","Up_in_KO_control"
"ENSMUSG00000082361",321.675357991884,-2.80259153294117,0.431153405622825,-6.50021893922574,8.02032006833235e-11,3.08181210346413e-09,"Btc","12223","betacellulin, epidermal growth factor family member","Down_in_KO_control"
"ENSMUSG00000027954",810.074619715346,-1.06807125985725,0.164368093991756,-6.49804493024555,8.13705055656858e-11,3.12025875133336e-09,"Efna1","13636","ephrin A1","Down_in_KO_control"
"ENSMUSG00000040435",950.949123030513,-1.29802753668167,0.199850332735342,-6.49499812642606,8.30344443459171e-11,3.17755328639089e-09,"Ppp1r15a","17872","protein phosphatase 1, regulatory subunit 15A","Down_in_KO_control"
"ENSMUSG00000032010",235.316584216998,1.5640372847355,0.240909539980366,6.49221813657926,8.45816673801786e-11,3.23015661568425e-09,"Usp2","53376","ubiquitin specific peptidase 2","Up_in_KO_control"
"ENSMUSG00000045962",4694.31723220487,0.860218459094542,0.13258954527221,6.48783022317854,8.70813264526579e-11,3.31884493260405e-09,"Wnk1","232341","WNK lysine deficient protein kinase 1","Up_in_KO_control"
"ENSMUSG00000091845",5543.8531587894,-1.1420594975792,0.17621628388143,-6.48100999762118,9.1110633849653e-11,3.46535221794422e-09,"Rpl36-ps12","100043718","ribosomal protein L36, pseudogene 12","Down_in_KO_control"
"ENSMUSG00000009585",1402.68721721523,1.48683202615928,0.229582143188389,6.47625292416244,9.40283844407083e-11,3.56907334287824e-09,"Apobec3","80287","apolipoprotein B mRNA editing enzyme, catalytic polypeptide 3","Up_in_KO_control"
"ENSMUSG00000042195",85.4316894869006,-2.32705665479649,0.359700596003154,-6.46942674172297,9.83754094827823e-11,3.7265162705492e-09,"Slc35f2","72022","solute carrier family 35, member F2","Down_in_KO_control"
"ENSMUSG00000031661",62.5040834572465,2.65092835997631,0.409792749437765,6.46894891042699,9.86869523802506e-11,3.73076553513461e-09,"Nkd1","93960","naked cuticle 1","Up_in_KO_control"
"ENSMUSG00000042066",447.521505995101,0.938104298394608,0.145106268624316,6.46494674067724,1.01334493394928e-10,3.82312978810339e-09,"Tmcc2","68875","transmembrane and coiled-coil domains 2","Up_in_KO_control"
"ENSMUSG00000037169",61.0765826283406,2.87120361555641,0.444160395652962,6.46433955763985,1.01742180458001e-10,3.83078757124863e-09,"Mycn","18109","Mycn proto-oncogene, bHLH transcription factor","Up_in_KO_control"
"ENSMUSG00000052949",496.332234953884,1.3601622715096,0.210447261064134,6.46319778471759,1.02513159746829e-10,3.85206577980403e-09,"Rnf157","217340","ring finger protein 157","Up_in_KO_control"
"ENSMUSG00000035373",1090.90133571008,1.25214234898416,0.193969728862105,6.45534927707362,1.07969591940444e-10,4.04896788373053e-09,"Ccl7","20306","C-C motif chemokine ligand 7","Up_in_KO_control"
"ENSMUSG00000038193",524.234454785911,1.23236447395844,0.190918837249418,6.45491294475289,1.08281129570567e-10,4.05252955530805e-09,"Hand2","15111","heart and neural crest derivatives expressed 2","Up_in_KO_control"
"ENSMUSG00000049511",78.0559644822379,2.93822097617316,0.455213048759347,6.45460622049628,1.08500653921822e-10,4.05264019329154e-09,"Htr1b","15551","5-hydroxytryptamine (serotonin) receptor 1B","Up_in_KO_control"
"ENSMUSG00000027208",430.902482633515,-1.46305912122312,0.226958324204814,-6.44637788170665,1.14554836309634e-10,4.25656249217311e-09,"Fgf7","14178","fibroblast growth factor 7","Down_in_KO_control"
"ENSMUSG00000053062",306.823392727924,-1.36254906456626,0.211354373190312,-6.44675122638398,1.14273125934124e-10,4.25656249217311e-09,"Jam2","67374","junction adhesion molecule 2","Down_in_KO_control"
"ENSMUSG00000045435",683.380004230824,-0.970938425746817,0.150620385644018,-6.44626171680085,1.14642627908686e-10,4.25656249217311e-09,"Tmem60","212090","transmembrane protein 60","Down_in_KO_control"
"ENSMUSG00000023030",790.982183414356,0.914127429969175,0.141924640181587,6.44093533582037,1.18739457545203e-10,4.39994350305621e-09,"Slc11a2","18174","solute carrier family 11 (proton-coupled divalent metal ion transporters), member 2","Up_in_KO_control"
"ENSMUSG00000020034",585.703348637726,-1.02595422466912,0.159595451180026,-6.4284678359149,1.28896518859493e-10,4.76687857197173e-09,"Tcp11l2","216198","t-complex 11 (mouse) like 2","Down_in_KO_control"
"ENSMUSG00000025780",233.086030554148,-1.29632467746501,0.201755907611816,-6.42521298538217,1.31685007654758e-10,4.86039753105226e-09,"Itih5","209378","inter-alpha-trypsin inhibitor, heavy chain 5","Down_in_KO_control"
"ENSMUSG00000027834",150.746023198788,-1.73345209732667,0.269992691692371,-6.42036673830327,1.35946432933692e-10,5.00780629820509e-09,"Serpini1","20713","serine (or cysteine) peptidase inhibitor, clade I, member 1","Down_in_KO_control"
"ENSMUSG00000021945",1249.42367470821,-0.599934078555366,0.0935692131409284,-6.41166104124206,1.43942596294541e-10,5.29194067673822e-09,"Zmym2","76007","zinc finger, MYM-type 2","Down_in_KO_control"
"ENSMUSG00000033751",556.858531871886,-0.908108905332837,0.141661588901502,-6.41041027687647,1.45128544756516e-10,5.325079329468e-09,"Gadd45gip1","102060","growth arrest and DNA-damage-inducible, gamma interacting protein 1","Down_in_KO_control"
"ENSMUSG00000090733",181.940218175356,-1.26448354894321,0.197471017331654,-6.40338803146747,1.51966313070503e-10,5.56505991484995e-09,"Rps27","57294","ribosomal protein S27","Down_in_KO_control"
"ENSMUSG00000037348",446.354186481201,-0.84577730534488,0.13211164314679,-6.40198914493198,1.53365573391659e-10,5.60533198218382e-09,"Paqr7","71904","progestin and adipoQ receptor family member VII","Down_in_KO_control"
"ENSMUSG00000078784",800.041949298646,-1.15546930685893,0.180497988500482,-6.40156334404715,1.53793981846646e-10,5.61003271402784e-09,"Rbis","69126","ribosomal biogenesis factor","Down_in_KO_control"
"ENSMUSG00000022587",10055.0354863961,0.893848171013332,0.139691284067866,6.39873974226677,1.56664610844822e-10,5.70362813762483e-09,"Ly6e","17069","lymphocyte antigen 6 family member E","Up_in_KO_control"
"ENSMUSG00000005501",1243.74992451364,2.91345948641568,0.455399291688505,6.39759336386606,1.57844967693767e-10,5.72432728770051e-09,"Usp40","227334","ubiquitin specific peptidase 40","Up_in_KO_control"
"ENSMUSG00000026605",1136.74823514894,1.08898511619994,0.170211170865823,6.39784751294837,1.57582538260344e-10,5.72432728770051e-09,"Cenpf","108000","centromere protein F","Up_in_KO_control"
"ENSMUSG00000021643",1009.3970476902,-1.26942958546916,0.198474173891248,-6.39594341460636,1.59559089075136e-10,5.77529832468668e-09,"Serf1","20365","small EDRK-rich factor 1","Down_in_KO_control"
"ENSMUSG00000033307",4625.84338467162,-0.839715509714878,0.131298462399041,-6.39547100835668,1.60053209272324e-10,5.78199943072008e-09,"Mif","17319","macrophage migration inhibitory factor (glycosylation-inhibiting factor)","Down_in_KO_control"
"ENSMUSG00000025036",465.038294670536,0.780475984213031,0.122054543585069,6.39448529557656,1.61089049646023e-10,5.80820690949138e-09,"Sfxn2","94279","sideroflexin 2","Up_in_KO_control"
"ENSMUSG00000070343",16354.8887276389,-0.874586443073274,0.136851250297868,-6.39078153228167,1.65040037738371e-10,5.93921966576566e-09,"Gm10288","100040540","ribosomal protein L11 pseudogene","Down_in_KO_control"
"ENSMUSG00000060803",1652.14077298934,-0.799882423373692,0.125191349484721,-6.38927870548525,1.66670043644357e-10,5.98636569427419e-09,"Gstp1","14870","glutathione S-transferase, pi 1","Down_in_KO_control"
"ENSMUSG00000037503",3137.88283948738,0.622021312399605,0.0973678798420169,6.38836250115395,1.67671490345992e-10,6.01079808207769e-09,"Fam168b","214469","family with sequence similarity 168, member B","Up_in_KO_control"
"ENSMUSG00000062908",1717.01178012143,-0.646696979928753,0.101236219404651,-6.3880001024519,1.68069226765131e-10,6.01353621502082e-09,"Acadm","11364","acyl-Coenzyme A dehydrogenase, medium chain","Down_in_KO_control"
"ENSMUSG00000029817",2850.45473643194,0.757774891669925,0.118739479846145,6.38182761665958,1.74986881191817e-10,6.24910211401235e-09,"Tra2a","101214","transformer 2 alpha","Up_in_KO_control"
"ENSMUSG00000022176",38.1981562498014,-3.03742872813532,0.476349386139299,-6.37647243077811,1.81213352796686e-10,6.45913423025596e-09,"Rem2","140743","rad and gem related GTP binding protein 2","Down_in_KO_control"
"ENSMUSG00000040749",350.495358334695,1.05978934656412,0.166311935132778,6.37229881137527,1.86215617987414e-10,6.62481532205034e-09,"Siah1b","20438","siah E3 ubiquitin protein ligase 1B","Up_in_KO_control"
"ENSMUSG00000020496",2420.12551571618,0.626964356960306,0.0985839070680798,6.35970287247125,2.02144387179558e-10,7.16425741911188e-09,"Rnf187","108660","ring finger protein 187","Up_in_KO_control"
"ENSMUSG00000033965",196.161251659461,-1.7822017673503,0.280420541083085,-6.35546083916249,2.07802685638059e-10,7.35087269630434e-09,"Slc16a2","20502","solute carrier family 16 (monocarboxylic acid transporters), member 2","Down_in_KO_control"
"ENSMUSG00000004530",2237.77951551068,1.11123232950578,0.174912097215411,6.35309019328293,2.11031895485276e-10,7.45101860418108e-09,"Coro1c","23790","coronin, actin binding protein 1C","Up_in_KO_control"
"ENSMUSG00000078193",10900.2247763661,-0.955953868832147,0.15050219291287,-6.35176039850513,2.12864702064529e-10,7.50157659083526e-09,"Rpl35rt","100038991","ribosomal protein L35, retrotransposed","Down_in_KO_control"
"ENSMUSG00000032744",123.201914379594,-2.51548357137425,0.396321530885884,-6.34707775212584,2.19443239999772e-10,7.71887471826265e-09,"Heyl","56198","hairy/enhancer-of-split related with YRPW motif-like","Down_in_KO_control"
"ENSMUSG00000022070",453.037742958421,1.10073805943513,0.173450416411324,6.34612520516996,2.20805554278705e-10,7.75222202104578e-09,"Bora","77744","bora, aurora kinase A activator","Up_in_KO_control"
"ENSMUSG00000027070",25.378701241321,-4.06925990553245,0.641557131491724,-6.34278648897685,2.25646059390809e-10,7.90733091644234e-09,"Lrp2","14725","low density lipoprotein receptor-related protein 2","Down_in_KO_control"
"ENSMUSG00000027533",3992.12418902052,-0.822498281041799,0.129730887676604,-6.34003432622877,2.29713975832765e-10,8.03483669113743e-09,"Fabp5","16592","fatty acid binding protein 5, epidermal","Down_in_KO_control"
"ENSMUSG00000037605",236.018263284992,-1.26169114022492,0.199120184150245,-6.33632971769914,2.35302967033695e-10,8.2149709367566e-09,"Adgrl3","319387","adhesion G protein-coupled receptor L3","Down_in_KO_control"
"ENSMUSG00000031958",52.4028580553147,-2.35967455144347,0.372473366869721,-6.33514973506498,2.37110887979637e-10,8.2354606308993e-09,"Ldhd","52815","lactate dehydrogenase D","Down_in_KO_control"
"ENSMUSG00000020023",394.869095390716,1.1958026351937,0.188758729359439,6.33508521302141,2.37210136271828e-10,8.2354606308993e-09,"Tmcc3","319880","transmembrane and coiled coil domains 3","Up_in_KO_control"
"ENSMUSG00000026355",3659.91459359419,0.873209026038744,0.137830089581732,6.33540200611231,2.36723231919335e-10,8.2354606308993e-09,"Mcm6","17219","minichromosome maintenance complex component 6","Up_in_KO_control"
"ENSMUSG00000022469",287.793761071193,1.72557694535695,0.272575349594263,6.33064195983065,2.44143276588862e-10,8.46046876816181e-09,"Rapgef3","223864","Rap guanine nucleotide exchange factor (GEF) 3","Up_in_KO_control"
"ENSMUSG00000030352",1354.21063175934,0.860202879493337,0.136123812948661,6.31926817843225,2.62804863440423e-10,9.09032792894756e-09,"Tspan9","109246","tetraspanin 9","Up_in_KO_control"
"ENSMUSG00000020681",4432.68874769906,1.90320019216535,0.301389967327892,6.31474301894992,2.70610769483221e-10,9.32585511848898e-09,"Ace","11421","angiotensin I converting enzyme","Up_in_KO_control"
"ENSMUSG00000045954",4035.87325980539,0.961681187492224,0.15228779751557,6.31489326906775,2.70347990901611e-10,9.32585511848898e-09,"Cavin2","20324","caveolae associated 2","Up_in_KO_control"
"ENSMUSG00000024598",98.7137545526155,2.60636935957082,0.413148489341434,6.30855352690607,2.81655324396668e-10,9.68863250999054e-09,"Fbn2","14119","fibrillin 2","Up_in_KO_control"
"ENSMUSG00000028435",43.777917908491,-3.15878293621849,0.500740539072138,-6.30822290136853,2.82257518701843e-10,9.69153201370201e-09,"Aqp3","11828","aquaporin 3","Down_in_KO_control"
"ENSMUSG00000073147",559.556531916877,-1.01181315428583,0.160413124121874,-6.30754596810363,2.83494395657205e-10,9.71617330757012e-09,"5031425E22Rik","269630","RIKEN cDNA 5031425E22 gene","Down_in_KO_control"
"ENSMUSG00000005312",3554.01775238281,0.760610036675019,0.120654027996161,6.30405838335727,2.89951190476155e-10,9.91929913597859e-09,"Ubqln1","56085","ubiquilin 1","Up_in_KO_control"
"ENSMUSG00000017756",754.650842099926,0.893374101815144,0.141861639963983,6.29750298982841,3.02478528488654e-10,1.03289793861463e-08,"Slc12a7","20499","solute carrier family 12, member 7","Up_in_KO_control"
"ENSMUSG00000026938",344.342335434677,-1.72891514639885,0.274591541195404,-6.29631611692117,3.04802468045811e-10,1.03893781139185e-08,"Fcna","14133","ficolin A","Down_in_KO_control"
"ENSMUSG00000029471",911.014877328688,0.858333193837233,0.136388853655676,6.29327962535825,3.10827675804104e-10,1.05754878133131e-08,"Camkk2","207565","calcium/calmodulin-dependent protein kinase kinase 2, beta","Up_in_KO_control"
"ENSMUSG00000057863",5230.06733264102,-1.06236451837523,0.168820998107442,-6.29284585617194,3.11697827901683e-10,1.05858465581201e-08,"Rpl36","54217","ribosomal protein L36","Down_in_KO_control"
"ENSMUSG00000027506",2754.7889911274,-0.59813769100552,0.095083471395925,-6.29065895706406,3.1612115702681e-10,1.07166217598599e-08,"Tpd52","21985","tumor protein D52","Down_in_KO_control"
"ENSMUSG00000033717",134.558613234751,-1.70240699820702,0.27067547067744,-6.28947644921898,3.18538425933356e-10,1.07595840514276e-08,"Adra2a","11551","adrenergic receptor, alpha 2a","Down_in_KO_control"
"ENSMUSG00000038855",401.034727761727,0.965473983277369,0.153504012136701,6.28956839523895,3.18349825623434e-10,1.07595840514276e-08,"Itpkb","320404","inositol 1,4,5-trisphosphate 3-kinase B","Up_in_KO_control"
"ENSMUSG00000044042",250.988745063051,-1.45775989672674,0.231934559879619,-6.28522069968079,3.27388257385663e-10,1.10187346411114e-08,"Fmn1","14260","formin 1","Down_in_KO_control"
"ENSMUSG00000057262",412.35132321379,-1.14441184247357,0.182072432469589,-6.2854756590607,3.26851375585635e-10,1.10187346411114e-08,NA,NA,NA,"Down_in_KO_control"
"ENSMUSG00000026167",172.112336262553,3.90046394137333,0.620837647349303,6.28258282664809,3.32993755271599e-10,1.11872749414676e-08,"Wnt10a","22409","wingless-type MMTV integration site family, member 10A","Up_in_KO_control"
"ENSMUSG00000028434",43.6042328541034,2.9646362818549,0.472329606842745,6.27662598089458,3.45999051523157e-10,1.16033696257219e-08,"Epb41l4b","54357","erythrocyte membrane protein band 4.1 like 4b","Up_in_KO_control"
"ENSMUSG00000039519",87.803753373999,2.07098511631996,0.33019161323372,6.27207061995863,3.56277909144751e-10,1.1926705749241e-08,"Cyp7b1","13123","cytochrome P450, family 7, subfamily b, polypeptide 1","Up_in_KO_control"
"ENSMUSG00000029822",1247.13357099161,0.727445621562643,0.116064013838196,6.26762419725351,3.66598207464809e-10,1.22502718862303e-08,"Osbpl3","71720","oxysterol binding protein-like 3","Up_in_KO_control"
"ENSMUSG00000060126",4035.46949935879,-0.921880818527475,0.147275965478291,-6.25954693648479,3.86097518597892e-10,1.28788642879186e-08,"Tpt1","22070","tumor protein, translationally-controlled 1","Down_in_KO_control"
"ENSMUSG00000063919",25.2413580297252,-4.55672594620817,0.728891992642773,-6.25157909841576,4.06323221496112e-10,1.35294064837309e-08,"Srrm4","68955","serine/arginine repetitive matrix 4","Down_in_KO_control"
"ENSMUSG00000042682",3657.1986627643,-0.868531169149106,0.138955550365591,-6.25042444770294,4.09338713195023e-10,1.36056045115781e-08,"Selenok","80795","selenoprotein K","Down_in_KO_control"
"ENSMUSG00000002015",5015.45570198818,-0.608033801597672,0.0973233124872293,-6.24756583041148,4.16898593513686e-10,1.38323109581943e-08,"Bcap31","27061","B cell receptor associated protein 31","Down_in_KO_control"
"ENSMUSG00000027285",814.067196148341,-0.727793743473327,0.116551084666969,-6.24441845009775,4.25379791622204e-10,1.40887292754448e-08,"Haus2","66296","HAUS augmin-like complex, subunit 2","Down_in_KO_control"
"ENSMUSG00000042156",148.16655231976,1.5740148229688,0.252827401978851,6.22564963547923,4.79564692277955e-10,1.58552899056491e-08,"Dzip1","66573","DAZ interacting protein 1","Up_in_KO_control"
"ENSMUSG00000008489",18.9584992406834,8.00178325051453,1.28539126764213,6.22517318418749,4.81024363833664e-10,1.58755007414803e-08,"Elavl2","15569","ELAV like RNA binding protein 1","Up_in_KO_control"
"ENSMUSG00000014813",1016.08970012003,-0.975030021777029,0.156686788248427,-6.22279665488529,4.88370175964965e-10,1.60895618007612e-08,"Stc1","20855","stanniocalcin 1","Down_in_KO_control"
"ENSMUSG00000031217",491.153043145179,1.23713125870549,0.198893775738748,6.22006020103161,4.96964167281732e-10,1.63152464251633e-08,"Efnb1","13641","ephrin B1","Up_in_KO_control"
"ENSMUSG00000062006",5716.25550731953,-0.733117444612741,0.11786188918618,-6.22013994239203,4.96711659909375e-10,1.63152464251633e-08,"Rpl34","68436","ribosomal protein L34","Down_in_KO_control"
"ENSMUSG00000058443",839.592139419229,-1.38273261115691,0.222384450429634,-6.21775761967868,5.04309753441859e-10,1.65274052822373e-08,"Rpl10-ps3","100043346","ribosomal protein L10, pseudogene 3","Down_in_KO_control"
"ENSMUSG00000024044",3433.70110291542,-0.760366539794202,0.122359800042878,-6.21418586437498,5.15914327074093e-10,1.68781552491914e-08,"Epb41l3","13823","erythrocyte membrane protein band 4.1 like 3","Down_in_KO_control"
"ENSMUSG00000044033",90.8141422519034,1.86078140470689,0.299644435509578,6.20996482561883,5.29964624894227e-10,1.73075532733781e-08,"Ccdc141","545428","coiled-coil domain containing 141","Up_in_KO_control"
"ENSMUSG00000029385",1631.66138975511,-0.903802648861817,0.145594684208369,-6.20766241416021,5.37785187753418e-10,1.7532359265557e-08,"Ccng2","12452","cyclin G2","Down_in_KO_control"
"ENSMUSG00000050914",306.614437554297,-1.82770709284993,0.294461523579821,-6.20694707624333,5.4023781292052e-10,1.75816872924899e-08,"Ankrd37","654824","ankyrin repeat domain 37","Down_in_KO_control"
"ENSMUSG00000038954",508.383786026415,-0.856146057398032,0.138079657729181,-6.20037789402125,5.63277473960572e-10,1.82996725177503e-08,"Supt3","109115","SPT3, SAGA and STAGA complex component","Down_in_KO_control"
"ENSMUSG00000044217",41.6675138037406,-2.52138841154873,0.40681543214772,-6.19786815420801,5.7233051077651e-10,1.85615612619772e-08,"Aqp5","11830","aquaporin 5","Down_in_KO_control"
"ENSMUSG00000032657",764.428160691615,0.900876618128483,0.145371058198883,6.1970837200345,5.75189101726653e-10,1.86219959526139e-08,"Entrep3","68521","endosomal transmembrane epsin interactor 3","Up_in_KO_control"
"ENSMUSG00000048578",4667.80072870988,0.722412227139151,0.116578222472167,6.19680255728403,5.76217087041184e-10,1.86230575989666e-08,"Mlec","109154","malectin","Up_in_KO_control"
"ENSMUSG00000032261",1210.98959533276,0.825039193186137,0.133176060265153,6.19510136839523,5.82475308188972e-10,1.87928628312763e-08,"Sh3bgrl2","212531","SH3 domain binding glutamic acid-rich protein like 2","Up_in_KO_control"
"ENSMUSG00000020032",356.525979601329,1.17192556755598,0.189238455062739,6.1928510627898,5.90855557964063e-10,1.90304303892969e-08,"Nuak1","77976","NUAK family, SNF1-like kinase, 1","Up_in_KO_control"
"ENSMUSG00000050332",665.930435823484,0.923873737696998,0.149277117212409,6.18898431956188,6.05531057702148e-10,1.94695922384541e-08,"Amer1","72345","APC membrane recruitment 1","Up_in_KO_control"
"ENSMUSG00000004626",458.057741201853,-0.939532389234732,0.15193065972194,-6.18395517372363,6.2515126375934e-10,2.00659615758637e-08,"Stxbp2","20911","syntaxin binding protein 2","Down_in_KO_control"
"ENSMUSG00000015652",947.189605751762,-0.936781816313597,0.151535467640502,-6.18193107461804,6.3322174179439e-10,2.02555187251255e-08,"Steap1","70358","six transmembrane epithelial antigen of the prostate 1","Down_in_KO_control"
"ENSMUSG00000020091",1915.1032531347,0.738346402058911,0.119486468789558,6.17933067684261,6.4373934530724e-10,2.05217961988661e-08,"Eif4ebp2","13688","eukaryotic translation initiation factor 4E binding protein 2","Up_in_KO_control"
"ENSMUSG00000071076",2091.44447347184,-0.911838255806642,0.14764384473766,-6.17593139373223,6.57745464682482e-10,2.09326375520464e-08,"Jund","16478","jun D proto-oncogene, AP-1 transcription factor subunit","Down_in_KO_control"
"ENSMUSG00000049044",241.248606345618,-1.12485576150177,0.182161947178842,-6.1750314976454,6.61502815776843e-10,2.09808511722577e-08,"Rapgef4","56508","Rap guanine nucleotide exchange factor (GEF) 4","Down_in_KO_control"
"ENSMUSG00000024091",7339.71637267429,-0.657121673013817,0.106412627923666,-6.17522267644019,6.60702836071645e-10,2.09808511722577e-08,"Vapa","30960","vesicle-associated membrane protein, associated protein A","Down_in_KO_control"
"ENSMUSG00000032096",4911.0321011548,0.648132292845909,0.105002324419387,6.17255185949239,6.71964764998384e-10,2.12766102325123e-08,"Arcn1","213827","archain 1","Up_in_KO_control"
"ENSMUSG00000023186",1862.52230074573,0.95240983952271,0.154617798017767,6.15976848547068,7.28513697920497e-10,2.30281703195714e-08,"Vwa5a","67776","von Willebrand factor A domain containing 5A","Up_in_KO_control"
"ENSMUSG00000029103",1092.50937242807,-0.661126205757955,0.107367450826266,-6.15760363750964,7.3853912753685e-10,2.33057043736881e-08,"Lrpap1","16976","low density lipoprotein receptor-related protein associated protein 1","Down_in_KO_control"
"ENSMUSG00000033257",1045.78022965894,0.745578685929733,0.121093667628648,6.15704107844981,7.41166295657431e-10,2.33492338226221e-08,"Ttll4","67534","tubulin tyrosine ligase-like family, member 4","Up_in_KO_control"
"ENSMUSG00000089782",7297.74148522974,-0.750613881746424,0.121918697819962,-6.15667567951601,7.42877601256226e-10,2.33638126929542e-08,NA,NA,NA,"Down_in_KO_control"
"ENSMUSG00000032244",1491.76056285538,0.698480971168112,0.11367209666064,6.14470034148645,8.01146146844927e-10,2.51541071240086e-08,"Fem1b","14155","fem 1 homolog b","Up_in_KO_control"
"ENSMUSG00000036890",355.755304591062,-1.05968017915277,0.172511521099961,-6.14266324009019,8.11492103455878e-10,2.54362675577384e-08,"Gtdc1","227835","glycosyltransferase-like domain containing 1","Down_in_KO_control"
"ENSMUSG00000054364",9222.1936464573,-0.803229154223251,0.130807507239252,-6.14054323926616,8.22397444367954e-10,2.5734988923842e-08,"Rhob","11852","ras homolog family member B","Down_in_KO_control"
"ENSMUSG00000069892",99.3325346349635,1.97437603919351,0.321905625031361,6.13340024425221,8.60203659223562e-10,2.68731069700343e-08,"9930111J21Rik2","245240","RIKEN cDNA 9930111J21 gene 2","Up_in_KO_control"
"ENSMUSG00000047496",173.77660331012,1.78711845768676,0.291473182283914,6.13133065513378,8.71470659311593e-10,2.71797174128297e-08,"Rnf152","320311","ring finger protein 152","Up_in_KO_control"
"ENSMUSG00000055320",2674.46682520407,0.799603331038174,0.130478181353745,6.12825318947642,8.88491198995676e-10,2.76644522575808e-08,"Tead1","21676","TEA domain family member 1","Up_in_KO_control"
"ENSMUSG00000021339",479.821064266275,0.878372525464358,0.143439967474716,6.12362468374921,9.14702148422803e-10,2.84332579791294e-08,"Mrs2","380836","MRS2 magnesium transporter","Up_in_KO_control"
"ENSMUSG00000025290",12539.4810790195,-0.652142222996256,0.106611017430006,-6.11702466327562,9.5338615903261e-10,2.9586592361488e-08,"Rps24","20088","ribosomal protein S24","Down_in_KO_control"
"ENSMUSG00000078695",1467.90893618438,-0.858482254374722,0.140400641150875,-6.11451804876159,9.68492089581968e-10,3.00056166760718e-08,"Cisd3","217149","CDGSH iron sulfur domain 3","Down_in_KO_control"
"ENSMUSG00000080848",7794.39626604164,-1.207647319519,0.197664425190188,-6.10958354472249,9.9891454706072e-10,3.08460196685598e-08,NA,NA,NA,"Down_in_KO_control"
"ENSMUSG00000003363",2071.59092762769,-0.645137464708955,0.105616460997362,-6.10830412813271,1.00695337865e-09,3.10430289533401e-08,"Pld3","18807","phospholipase D family member 3","Down_in_KO_control"
"ENSMUSG00000029135",2933.46436264712,-0.642741477265383,0.105240851390654,-6.10733825099463,1.01306393249419e-09,3.11800417249403e-08,"Fosl2","14284","fos-like antigen 2","Down_in_KO_control"
"ENSMUSG00000041633",325.935508331294,1.13230321720523,0.185578263851874,6.10148620696775,1.05086710038133e-09,3.22904368627846e-08,"Kctd12b","207474","potassium channel tetramerisation domain containing 12b","Up_in_KO_control"
"ENSMUSG00000060703",816.563427800798,-0.85045027797773,0.139571696974359,-6.09328607743424,1.10616123905586e-09,3.39337627318892e-08,"Cd302","66205","CD302 antigen","Down_in_KO_control"
"ENSMUSG00000007867",870.665189388645,-0.930609566997203,0.152780118164128,-6.09116931037763,1.12088926257897e-09,3.43292974969562e-08,"Ift43","76411","intraflagellar transport 43","Down_in_KO_control"
"ENSMUSG00000030753",1254.0347785677,0.856310529901798,0.140617596409135,6.08963992963094,1.1316491672695e-09,3.45607493637906e-08,"Thap12","72981","THAP domain containing 12","Up_in_KO_control"
"ENSMUSG00000052296",1542.46175353588,0.6006751523062,0.09863998695443,6.08957047595416,1.1321401891735e-09,3.45607493637906e-08,"Ppp6r1","243819","protein phosphatase 6, regulatory subunit 1","Up_in_KO_control"
"ENSMUSG00000062184",227.250693610138,-5.80069252269805,0.952724296966729,-6.08853216105249,1.13950565456414e-09,3.47289402505844e-08,"Hs6st2","50786","heparan sulfate 6-O-sulfotransferase 2","Down_in_KO_control"
"ENSMUSG00000032410",888.169975483996,0.734295075588096,0.120680255821908,6.08463307097824,1.1675839411651e-09,3.55268264894677e-08,"Xrn1","24127","5'-3' exoribonuclease 1","Up_in_KO_control"
"ENSMUSG00000012889",425.337289585481,0.920321589322692,0.151364306138477,6.08017578781572,1.20050859995126e-09,3.64693464787143e-08,"Podnl1","244550","podocan-like 1","Up_in_KO_control"
"ENSMUSG00000010760",33.2045541080044,-3.37670440381558,0.555566880928506,-6.07794402389892,1.21733231571346e-09,3.69204856141751e-08,"Phlda2","22113","pleckstrin homology like domain, family A, member 2","Down_in_KO_control"
"ENSMUSG00000003617",988.580440522031,-1.36119871164737,0.22397057442076,-6.07757833888555,1.22011078805772e-09,3.69448756908156e-08,"Cp","12870","ceruloplasmin","Down_in_KO_control"
"ENSMUSG00000115220",55.3486340017305,2.2778956924498,0.374834678496576,6.07706763308616,1.22400147582987e-09,3.70028103670507e-08,NA,NA,NA,"Up_in_KO_control"
"ENSMUSG00000000631",796.203751067333,0.827478811435166,0.136189179245454,6.07595123210043,1.23254866958512e-09,3.72011020224943e-08,"Myo18a","360013","myosin XVIIIA","Up_in_KO_control"
"ENSMUSG00000052316",1123.62953057263,2.32098264316821,0.382059961267419,6.07491723411358,1.24051686745301e-09,3.73813077949245e-08,"Lrrc15","74488","leucine rich repeat containing 15","Up_in_KO_control"
"ENSMUSG00000048450",91.9469322960704,-2.01615051137941,0.331926437117371,-6.07408836996763,1.24694050370441e-09,3.75144656685219e-08,"Msx1","17701","msh homeobox 1","Down_in_KO_control"
"ENSMUSG00000026854",519.249270485607,-1.00724991381113,0.165891113281832,-6.07175329578938,1.26521200561438e-09,3.79629683127985e-08,"Usp20","74270","ubiquitin specific peptidase 20","Down_in_KO_control"
"ENSMUSG00000002731",719.87489040659,-0.665704227744138,0.10964112725631,-6.07166529935352,1.26590563924471e-09,3.79629683127985e-08,"Prkra","23992","protein kinase, interferon inducible double stranded RNA dependent activator","Down_in_KO_control"
"ENSMUSG00000078452",151.141894774714,2.02193700186886,0.333631069738529,6.0603978024393,1.35785303689894e-09,4.06552062071837e-08,"Raet1a","19368","retinoic acid early transcript 1, alpha","Up_in_KO_control"
"ENSMUSG00000027566",5867.35027093355,-0.714378098921373,0.117927154867825,-6.05779135197539,1.38003235784268e-09,4.12532675915496e-08,"Psma7","26444","proteasome subunit alpha 7","Down_in_KO_control"
"ENSMUSG00000052854",272.018910125027,1.59468117955737,0.26334448930012,6.05549477718516,1.39986716856735e-09,4.17794486848499e-08,"Nrk","27206","Nik related kinase","Up_in_KO_control"
"ENSMUSG00000072944",16.2848841013358,-8.00378937290187,1.32230740744083,-6.05289611769798,1.42264616696537e-09,4.23916842713742e-08,"Nup62cl","279706","nucleoporin 62 C-terminal like","Down_in_KO_control"
"ENSMUSG00000007021",35.4704897466798,-2.72686795308015,0.45131989104226,-6.0419848697181,1.52229744322635e-09,4.52723304857408e-08,"Syngr3","20974","synaptogyrin 3","Down_in_KO_control"
"ENSMUSG00000087658",232.026223725584,-1.4112732855059,0.233585376078097,-6.04178784306281,1.52415797606032e-09,4.52723304857408e-08,"Hotairm1","105242658","Hoxa transcript antisense RNA, myeloid-specific 1","Down_in_KO_control"
"ENSMUSG00000014074",694.862575400521,0.793867381686022,0.13151507735841,6.03632220450697,1.5766628920679e-09,4.67576746422608e-08,"Rnf168","70238","ring finger protein 168","Up_in_KO_control"
"ENSMUSG00000038991",10472.8533537345,0.66885214383469,0.110942038641036,6.02884309705926,1.65137511545369e-09,4.8895858442223e-08,"Txndc5","105245","thioredoxin domain containing 5","Up_in_KO_control"
"ENSMUSG00000030351",746.490079882643,1.1406773768835,0.189301401212948,6.02572072670683,1.6835767641885e-09,4.97705718613893e-08,"Tspan11","68498","tetraspanin 11","Up_in_KO_control"
"ENSMUSG00000038344",398.622306212734,0.831843284328099,0.138095616098936,6.02367626016557,1.70499240552576e-09,5.03241685877026e-08,"Txlng","353170","taxilin gamma","Up_in_KO_control"
"ENSMUSG00000029761",10919.7491225067,1.03765517412416,0.172280693665239,6.02304966417445,1.71160893561051e-09,5.04114862610924e-08,"Cald1","109624","caldesmon 1","Up_in_KO_control"
"ENSMUSG00000028031",9752.73347966906,-0.798817459226909,0.132630341320944,-6.02288625114745,1.71333860215117e-09,5.04114862610924e-08,"Dkk2","56811","dickkopf WNT signaling pathway inhibitor 2","Down_in_KO_control"
"ENSMUSG00000003541",2259.30291753383,-2.36929780650602,0.393491301160809,-6.02122029004589,1.73106966315478e-09,5.08532285818138e-08,"Ier3","15937","immediate early response 3","Down_in_KO_control"
"ENSMUSG00000021508",949.889891655546,-2.05144994207482,0.340941511597884,-6.01701427456084,1.77663420314073e-09,5.21099621369474e-08,"Cxcl14","57266","C-X-C motif chemokine ligand 14","Down_in_KO_control"
"ENSMUSG00000054728",86.822111014252,1.95083645708627,0.324248466535955,6.01648630116172,1.78243574374052e-09,5.21983099727956e-08,"Phactr1","218194","phosphatase and actin regulator 1","Up_in_KO_control"
"ENSMUSG00000016757",1421.73168483583,0.81217401938736,0.135177126499727,6.00822077238786,1.87570315129816e-09,5.48438016722539e-08,"Ttll12","223723","tubulin tyrosine ligase-like family, member 12","Up_in_KO_control"
"ENSMUSG00000037892",1325.86924817424,0.872374407030594,0.145238819237317,6.00648236891234,1.89591582068335e-09,5.53483194265953e-08,"Pcdh18","73173","protocadherin 18","Up_in_KO_control"
"ENSMUSG00000026341",37856.7400361106,3.095185399829,0.515575026006064,6.00336564749084,1.93268699108321e-09,5.63339122494394e-08,"Actr3","74117","ARP3 actin-related protein 3","Up_in_KO_control"
"ENSMUSG00000017499",460.407197814545,1.09597348570223,0.182644402610435,6.00058622130268,1.96606417994872e-09,5.72176656288965e-08,"Cdc6","23834","cell division cycle 6","Up_in_KO_control"
"ENSMUSG00000057691",562.074286442778,0.816287049823641,0.136064586671647,5.99926159915157,1.98216806947989e-09,5.759675634189e-08,"Zfp746","69228","zinc finger protein 746","Up_in_KO_control"
"ENSMUSG00000019856",39.5643120169704,-2.68406223391211,0.447595293220371,-5.9966274770245,2.0145747704937e-09,5.8447655318215e-08,"Fam184a","75906","family with sequence similarity 184, member A","Down_in_KO_control"
"ENSMUSG00000063410",1051.65355467602,0.951383742898947,0.15876243995776,5.99249887537677,2.06640866267207e-09,5.98586769420781e-08,"Stk24","223255","serine/threonine kinase 24","Up_in_KO_control"
"ENSMUSG00000095115",3662.4991555726,0.788776343916976,0.1316712186765,5.99049930459672,2.09197770084238e-09,6.04123128331226e-08,"Itpripl2","319622","inositol 1,4,5-triphosphate receptor interacting protein-like 2","Up_in_KO_control"
"ENSMUSG00000002395",2662.67384769964,-0.753510330377228,0.125783388988605,-5.99053926306192,2.09146373624503e-09,6.04123128331226e-08,"Use1","67023","unconventional SNARE in the ER 1 homolog (S. cerevisiae)","Down_in_KO_control"
"ENSMUSG00000000881",1036.44393239283,0.904584633125575,0.151038516657235,5.98909902682923,2.11006664502993e-09,6.08407968080818e-08,"Dlg3","53310","discs large MAGUK scaffold protein 3","Up_in_KO_control"
"ENSMUSG00000107881",888.286161007659,0.761292380176828,0.12723631031774,5.98329500655665,2.18668194876329e-09,6.28561894119931e-08,NA,NA,NA,"Up_in_KO_control"
"ENSMUSG00000025871",1453.09539573026,0.823508277161659,0.137655646548119,5.982379203557,2.19901585141754e-09,6.31137785699024e-08,"4833439L19Rik","97820","RIKEN cDNA 4833439L19 gene","Up_in_KO_control"
"ENSMUSG00000051367",691.107346460049,-0.924712093334188,0.154775893383663,-5.97452273166327,2.30764757556743e-09,6.6130182360786e-08,"Six1","20471","sine oculis-related homeobox 1","Down_in_KO_control"
"ENSMUSG00000028108",8370.29021042721,-0.840888007701342,0.140807890752468,-5.97188128596835,2.34533173477787e-09,6.7107328368346e-08,"Ecm1","13601","extracellular matrix protein 1","Down_in_KO_control"
"ENSMUSG00000059027",138.789996312951,-1.722745409882,0.288516429932997,-5.97104785430098,2.35734579162663e-09,6.73481096163497e-08,"9630013D21Rik","319743","RIKEN cDNA 9630013D21 gene","Down_in_KO_control"
"ENSMUSG00000022261",5436.55989165706,0.697792597915442,0.116867756218814,5.97078801281127,2.36110369281999e-09,6.73526423837508e-08,"Sdc2","15529","syndecan 2","Up_in_KO_control"
"ENSMUSG00000028639",25241.8063048248,-0.68466270120666,0.114683525843619,-5.97001789202274,2.37227570485283e-09,6.75683337365464e-08,"Ybx1","22608","Y box protein 1","Down_in_KO_control"
"ENSMUSG00000033436",2045.58399387663,0.611968303773616,0.102529757664194,5.96868965376799,2.391665332017e-09,6.80170719726962e-08,"Armcx2","67416","armadillo repeat containing, X-linked 2","Up_in_KO_control"
"ENSMUSG00000043079",2188.61118534878,0.678665100643454,0.11373349632586,5.96715235676038,2.41429955415448e-09,6.8556582028669e-08,"Synpo","104027","synaptopodin","Up_in_KO_control"
"ENSMUSG00000026482",1612.05321734125,0.956111493227971,0.160278976690568,5.9652957173156,2.44191383129517e-09,6.91431668448182e-08,"Rgl1","19731","ral guanine nucleotide dissociation stimulator,-like 1","Up_in_KO_control"
"ENSMUSG00000031314",1936.49773493746,0.708295977909982,0.118736680893027,5.96526677841116,2.44234667260326e-09,6.91431668448182e-08,"Taf1","270627","TATA-box binding protein associated factor 1","Up_in_KO_control"
"ENSMUSG00000058571",133.832855646223,1.63092112463555,0.273447530554091,5.96429275236381,2.45695891639834e-09,6.94517706987344e-08,"Gpc6","23888","glypican 6","Up_in_KO_control"
"ENSMUSG00000040653",26.9488163078885,2.9798585962048,0.499647876879012,5.9639172587265,2.46261474529396e-09,6.95066511744884e-08,"Ppp1r14c","76142","protein phosphatase 1, regulatory inhibitor subunit 14C","Up_in_KO_control"
"ENSMUSG00000021374",2092.5818727858,0.676577754444645,0.113460639657987,5.96310541245057,2.4748864653965e-09,6.97478169080793e-08,"Nup153","218210","nucleoporin 153","Up_in_KO_control"
"ENSMUSG00000086224",144.008146640794,-1.41977342154221,0.238148127649915,-5.96172405616943,2.49590381626151e-09,7.01289010716241e-08,"2700069I18Rik","72608","RIKEN cDNA 2700069I18 gene","Down_in_KO_control"
"ENSMUSG00000003955",4462.95567664014,-1.09571770721199,0.18378946691235,-5.96180905043126,2.49460562398004e-09,7.01289010716241e-08,"Fam162a","70186","family with sequence similarity 162, member A","Down_in_KO_control"
"ENSMUSG00000027602",1629.06336079316,-0.694276018657683,0.116488812905726,-5.9600231244485,2.52202241979096e-09,7.07565300472987e-08,"Map1lc3a","66734","microtubule-associated protein 1 light chain 3 alpha","Down_in_KO_control"
"ENSMUSG00000046721",19497.3626769422,-0.750224070177859,0.125983512414932,-5.9549385137554,2.60169625577909e-09,7.28825479556798e-08,"Rpl14-ps1","100040970","ribosomal protein L14, pseudogene 1","Down_in_KO_control"
"ENSMUSG00000031311",8552.03665438301,0.611214283647872,0.10269880369323,5.95152291621252,2.65658815083661e-09,7.43090195315479e-08,"Nono","53610","non-POU-domain-containing, octamer binding protein","Up_in_KO_control"
"ENSMUSG00000045349",1118.12276431941,-0.997198132505439,0.16794512336171,-5.93764268080433,2.89149374526232e-09,8.07589887389459e-08,"Sh2d5","230863","SH2 domain containing 5","Down_in_KO_control"
"ENSMUSG00000026826",917.430985287044,-1.0457877072062,0.176187413023619,-5.93565504628871,2.9267458593925e-09,8.16217515153679e-08,"Nr4a2","18227","nuclear receptor subfamily 4, group A, member 2","Down_in_KO_control"
"ENSMUSG00000041046",328.425872427618,-1.51712587055128,0.255675269189814,-5.9337998366395,2.9600267107659e-09,8.2427053331194e-08,"Ramp3","56089","receptor (calcitonin) activity modifying protein 3","Down_in_KO_control"
"ENSMUSG00000045752",500.853204528833,0.86812335598508,0.146340301999484,5.93222334602085,2.98859696182639e-09,8.30989820901295e-08,"Tssc4","56844","tumor-suppressing subchromosomal transferable fragment 4","Up_in_KO_control"
"ENSMUSG00000030284",846.307237909084,-0.768781728578012,0.129736667537076,-5.92570892387312,3.109529598603e-09,8.63332750425192e-08,"Creld1","171508","cysteine-rich with EGF-like domains 1","Down_in_KO_control"
"ENSMUSG00000026458",196.482776642841,1.30927904220614,0.22099122098119,5.92457490570444,3.13106267486241e-09,8.68023345699264e-08,"Ppfia4","68507","protein tyrosine phosphatase, receptor type, f polypeptide (PTPRF), interacting protein (liprin), alpha 4","Up_in_KO_control"
"ENSMUSG00000047045",1640.34861041356,0.836147596386932,0.141173967295863,5.92281716242051,3.16472644813888e-09,8.76058077278445e-08,"Tmem164","209497","transmembrane protein 164","Up_in_KO_control"
"ENSMUSG00000047632",216.991346494202,-1.01320291775116,0.171176790693766,-5.91904377716584,3.23818772481252e-09,8.94274599484406e-08,"Fgfbp3","72514","fibroblast growth factor binding protein 3","Down_in_KO_control"
"ENSMUSG00000041852",1139.42719532728,0.836812102208938,0.141378539543271,5.91894713944769,3.24009073077768e-09,8.94274599484406e-08,"Tcf20","21411","transcription factor 20","Up_in_KO_control"
"ENSMUSG00000052688",677.068825880281,0.757684409220238,0.128019340117967,5.91851519092389,3.24861005133005e-09,8.95305447577898e-08,"Rab7b","226421","RAB7B, member RAS oncogene family","Up_in_KO_control"
"ENSMUSG00000047676",14368.8127859319,-0.969379336956368,0.163818194875304,-5.91740946537864,3.27051776682152e-09,9.00017631919576e-08,"Rpsa-ps10","100040633","ribosomal protein SA, pseudogene 10","Down_in_KO_control"
"ENSMUSG00000015575",2351.14684277887,-0.651615216691206,0.110131122289615,-5.91672184160289,3.28421410830687e-09,9.02459597778949e-08,"Atp6v0e","11974","ATPase, H+ transporting, lysosomal V0 subunit E","Down_in_KO_control"
"ENSMUSG00000073902",52.990672368743,2.36002320303419,0.399132376737112,5.91288339554727,3.36170171042961e-09,9.21565493586574e-08,NA,NA,NA,"Up_in_KO_control"
"ENSMUSG00000030960",482.365067590342,0.746520896797133,0.126255253381134,5.9127907695339,3.36359339560535e-09,9.21565493586574e-08,"Eef1akmt2","72096","EEF1A lysine methyltransferase 2","Up_in_KO_control"
"ENSMUSG00000025872",1002.52762124869,0.76433745897263,0.129279150424423,5.91230261386553,3.37358005058048e-09,9.22950343370066e-08,"Thoc3","73666","THO complex 3","Up_in_KO_control"
"ENSMUSG00000000751",1833.94376914111,0.803651109780756,0.135935239531232,5.91201451920869,3.37948741016365e-09,9.23216757757552e-08,"Rpa1","68275","replication protein A1","Up_in_KO_control"
"ENSMUSG00000031980",66.540992869377,-3.11382379621627,0.526827579810197,-5.91051781559747,3.41033963602613e-09,9.30286962229693e-08,"Agt","11606","angiotensinogen","Down_in_KO_control"
"ENSMUSG00000042428",398.149563525765,1.4304635942293,0.242045911879062,5.90988537308585,3.42345871595502e-09,9.325063020621e-08,"Mgat3","17309","mannoside acetylglucosaminyltransferase 3","Up_in_KO_control"
"ENSMUSG00000025422",135.265849185671,-1.85208490111966,0.313409984929503,-5.90946361053639,3.43223484681372e-09,9.33236989846649e-08,"Agap2","216439","ArfGAP with GTPase domain, ankyrin repeat and PH domain 2","Down_in_KO_control"
"ENSMUSG00000070493",4567.31153887707,-0.671869008237893,0.113697319817331,-5.90927745101938,3.43611545986395e-09,9.33236989846649e-08,"Chchd2","14004","coiled-coil-helix-coiled-coil-helix domain containing 2","Down_in_KO_control"
"ENSMUSG00000059336",1354.27399037496,1.04852960872205,0.177557679250072,5.90529011840315,3.52026694525381e-09,9.54327515916856e-08,"Slc14a1","108052","solute carrier family 14 (urea transporter), member 1","Up_in_KO_control"
"ENSMUSG00000056952",1225.16393067838,0.766989833861972,0.129885632086422,5.90511684426834,3.52396897076122e-09,9.54327515916856e-08,"Tatdn2","381801","TatD DNase domain containing 2","Up_in_KO_control"
"ENSMUSG00000062328",487.600004169561,-0.981074771037676,0.166163990201412,-5.90425621007589,3.54241277146774e-09,9.57935985440402e-08,"Rpl17","319195","ribosomal protein L17","Down_in_KO_control"
"ENSMUSG00000028399",22.5008290811871,-3.31386947277765,0.561689976818782,-5.89981949036416,3.6389947476044e-09,9.82633603346626e-08,"Ptprd","19266","protein tyrosine phosphatase receptor type D","Down_in_KO_control"
"ENSMUSG00000030616",117.639826810648,-1.69432446294842,0.28725586684307,-5.89831108262115,3.67241114371603e-09,9.90228094126197e-08,"Sytl2","83671","synaptotagmin-like 2","Down_in_KO_control"
"ENSMUSG00000037126",207.430120881079,1.10447718308542,0.187317733501144,5.8962766762212,3.71795368398782e-09,9.99627403569885e-08,"Psd","73728","pleckstrin and Sec7 domain containing","Up_in_KO_control"
"ENSMUSG00000022299",667.290587277267,0.781203504526217,0.13248664220222,5.89646995003342,3.71360350046397e-09,9.99627403569885e-08,"Slc25a32","69906","solute carrier family 25, member 32","Up_in_KO_control"
"ENSMUSG00000006014",798.718164870148,-3.64571778582245,0.618652083400047,-5.89300171072887,3.79242479563879e-09,1.01672844127204e-07,"Prg4","96875","proteoglycan 4 (megakaryocyte stimulating factor, articular superficial zone protein)","Down_in_KO_control"
"ENSMUSG00000028559",2794.3867988884,-0.632131309512469,0.107265521686686,-5.89314534225522,3.78912845612247e-09,1.01672844127204e-07,"Osbpl9","100273","oxysterol binding protein-like 9","Down_in_KO_control"
"ENSMUSG00000026596",1870.31121351753,0.637411089561183,0.10825213917761,5.88820779343105,3.90406067137244e-09,1.04516004783108e-07,"Abl2","11352","ABL proto-oncogene 2, non-receptor tyrosine kinase","Up_in_KO_control"
"ENSMUSG00000039770",1805.82102240468,-0.695745313512148,0.118220948566667,-5.88512714495609,3.97748100806683e-09,1.06329431577078e-07,"Ypel5","383295","yippee like 5","Down_in_KO_control"
"ENSMUSG00000055675",395.890227638089,-1.70224980723055,0.289333569817441,-5.8833470596053,4.02051615269416e-09,1.07326560292961e-07,"Kbtbd11","74901","kelch repeat and BTB (POZ) domain containing 11","Down_in_KO_control"
"ENSMUSG00000053475",404.805539025607,-2.69846893853097,0.459294579162934,-5.87524665204832,4.22214222799032e-09,1.12548358279748e-07,"Tnfaip6","21930","tumor necrosis factor alpha induced protein 6","Down_in_KO_control"
"ENSMUSG00000041444",432.298404117087,0.869828048486619,0.148142859869036,5.87154891741377,4.31742158440296e-09,1.14891126205078e-07,"Arhgap32","330914","Rho GTPase activating protein 32","Up_in_KO_control"
"ENSMUSG00000036026",946.513118898697,-0.68074110261715,0.115942633060482,-5.87136141941887,4.32230817337544e-09,1.14891126205078e-07,"Tmem63b","224807","transmembrane protein 63b","Down_in_KO_control"
"ENSMUSG00000027843",274.099227183099,1.23266150246011,0.210025466749307,5.86910493064848,4.38154081578764e-09,1.16300387639481e-07,"Ptpn22","19260","protein tyrosine phosphatase, non-receptor type 22 (lymphoid)","Up_in_KO_control"
"ENSMUSG00000051934",1130.75101882829,0.706482515175847,0.120485982111572,5.86360755661708,4.52917231522103e-09,1.20048727386305e-07,"Spats2","72572","spermatogenesis associated, serine-rich 2","Up_in_KO_control"
"ENSMUSG00000024521",393.508771989316,-1.19634963330005,0.204298976785604,-5.85587677492643,4.7449995729039e-09,1.25591480916196e-07,"Pmaip1","58801","phorbol-12-myristate-13-acetate-induced protein 1","Down_in_KO_control"
"ENSMUSG00000049866",7326.33700382363,2.305910733249,0.393911995143182,5.85387284896167,4.80255847223494e-09,1.26935419054989e-07,"Arl4c","320982","ADP-ribosylation factor-like 4C","Up_in_KO_control"
"ENSMUSG00000021314",16.8387597788726,-4.35413793402808,0.744295233285082,-5.85001453631552,4.91530053329938e-09,1.29732043553782e-07,"Amph","218038","amphiphysin","Down_in_KO_control"
"ENSMUSG00000033227",24.8234917208282,5.40239678932137,0.924551941021239,5.84325936664413,5.11892222990122e-09,1.34726289294151e-07,"Wnt6","22420","wingless-type MMTV integration site family, member 6","Up_in_KO_control"
"ENSMUSG00000033880",1320.40350523643,1.36399044566373,0.233474351360595,5.84214256390455,5.15336740139066e-09,1.35442365424471e-07,"Lgals3bp","19039","lectin, galactoside-binding, soluble, 3 binding protein","Up_in_KO_control"
"ENSMUSG00000004788",1376.30367019668,-0.649028855163581,0.111139511663204,-5.83976702300431,5.22738707967141e-09,1.37195083340661e-07,"Eif2b2","217715","eukaryotic translation initiation factor 2B, subunit 2 beta","Down_in_KO_control"
"ENSMUSG00000021662",362.50159523224,-1.40419480973482,0.240485536501424,-5.8389990107638,5.25153814956247e-09,1.37635901110312e-07,"Arhgef28","110596","Rho guanine nucleotide exchange factor 28","Down_in_KO_control"
"ENSMUSG00000031340",89.8753497233977,-2.37795923783984,0.407341455165455,-5.8377540701669,5.29091760017926e-09,1.38474043429587e-07,"Gabre","14404","gamma-aminobutyric acid (GABA) A receptor, subunit epsilon","Down_in_KO_control"
"ENSMUSG00000031818",9790.87447734974,-0.650717325057241,0.111483208245379,-5.83690885200383,5.3178167766514e-09,1.38983666678042e-07,"Cox4i1","12857","cytochrome c oxidase subunit 4I1","Down_in_KO_control"
"ENSMUSG00000028640",31.9690300144539,3.46857842634439,0.594381993494082,5.83560482031817,5.35957893638839e-09,1.39879777735894e-07,"Tfap2c","21420","transcription factor AP-2, gamma","Up_in_KO_control"
"ENSMUSG00000026944",475.991337631004,0.993161233376855,0.170213739300763,5.83478888047905,5.38587185388832e-09,1.40370222843749e-07,"Abca2","11305","ATP-binding cassette, sub-family A member 2","Up_in_KO_control"
"ENSMUSG00000052504",838.090868035289,2.32618694151306,0.398976713803281,5.83038272920361,5.53003911923197e-09,1.43927151652556e-07,"Epha3","13837","Eph receptor A3","Up_in_KO_control"
"ENSMUSG00000046079",547.356269877781,0.944245571388045,0.161995832433511,5.8288263173412,5.58185602428773e-09,1.450739885868e-07,"Lrrc8d","231549","leucine rich repeat containing 8D","Up_in_KO_control"
"ENSMUSG00000024805",842.292567216012,-0.932982047280553,0.160093545029335,-5.82773057533079,5.61861906744284e-09,1.45826932883575e-07,"Pcgf5","76073","polycomb group ring finger 5","Down_in_KO_control"
"ENSMUSG00000037349",392.067349857408,-1.2790056727907,0.219537623616147,-5.8259065199093,5.68034067880821e-09,1.47224674684956e-07,"Nudt22","68323","nudix hydrolase 22","Down_in_KO_control"
"ENSMUSG00000093661",233.620685224316,1.11273195958922,0.191029332143471,5.82492723553845,5.71374888929769e-09,1.47885730242639e-07,"Eif4e3","66892","eukaryotic translation initiation factor 4E member 3","Up_in_KO_control"
"ENSMUSG00000024854",450.154414316916,-1.11985800251497,0.192309741472513,-5.82319956306026,5.77315496188722e-09,1.49216918234524e-07,"Pold4","69745","polymerase (DNA-directed), delta 4","Down_in_KO_control"
"ENSMUSG00000005417",4805.71000442382,0.659816871052589,0.113386727570847,5.81917200706159,5.91398510133332e-09,1.52646073381035e-07,"Mprip","26936","myosin phosphatase Rho interacting protein","Up_in_KO_control"
"ENSMUSG00000001510",25.5581112896623,-4.3780015976934,0.752952272003621,-5.81444768875383,6.08344052304186e-09,1.56803612269535e-07,"Dlx3","13393","distal-less homeobox 3","Down_in_KO_control"
"ENSMUSG00000035914",1194.55198519768,0.875617580839082,0.150612875702868,5.81369671585393,6.11080844935169e-09,1.57292377596586e-07,"Cd276","102657","CD276 antigen","Up_in_KO_control"
"ENSMUSG00000028936",12833.2187254873,-0.647183553255402,0.111327955101899,-5.81330675357354,6.12506716324142e-09,1.5744283217821e-07,"Rpl22","19934","ribosomal protein L22","Down_in_KO_control"
"ENSMUSG00000028158",255.070578064614,-0.919731617792969,0.158344197799776,-5.8084327090782,6.30603647790043e-09,1.6187223677771e-07,"Mttp","17777","microsomal triglyceride transfer protein","Down_in_KO_control"
"ENSMUSG00000002870",1698.06064810579,0.822480369418029,0.141639800877067,5.8068449992519,6.36610200044752e-09,1.63190228403253e-07,"Mcm2","17216","minichromosome maintenance complex component 2","Up_in_KO_control"
"ENSMUSG00000022064",261.429030609974,0.90041323142485,0.155091462312679,5.80569180274754,6.4100777167895e-09,1.64069910456869e-07,"Pibf1","52023","progesterone immunomodulatory binding factor 1","Up_in_KO_control"
"ENSMUSG00000031383",909.154060860039,0.760377291350169,0.130975646509188,5.80548607024307,6.41795406692825e-09,1.64069910456869e-07,"Dusp9","75590","dual specificity phosphatase 9","Up_in_KO_control"
"ENSMUSG00000011589",62.6284209393516,-1.7029197492231,0.29347171941775,-5.80267070572151,6.52668910270944e-09,1.66622009794e-07,"Fsd1","240121","fibronectin type 3 and SPRY domain-containing protein","Down_in_KO_control"
"ENSMUSG00000022103",574.518281415388,1.24435496017187,0.214529909121072,5.80037984106733,6.61648714741113e-09,1.68684365108317e-07,"Gfra2","14586","glial cell line derived neurotrophic factor family receptor alpha 2","Up_in_KO_control"
"ENSMUSG00000054428",2810.77994424806,-0.895212961057683,0.154481596585077,-5.79494891849247,6.83419792121549e-09,1.739977492513e-07,"Atp5if1","11983","ATP synthase inhibitory factor subunit 1","Down_in_KO_control"
"ENSMUSG00000029718",13794.8333579147,-0.802769831549992,0.138563352102124,-5.79352201986521,6.89254435320322e-09,1.75244813154201e-07,"Pcolce","18542","procollagen C-endopeptidase enhancer protein","Down_in_KO_control"
"ENSMUSG00000012405",1957.63960616371,-0.645138024839245,0.111361978150315,-5.79316240205833,6.90732552528218e-09,1.75382337251839e-07,"Rpl15","66480","ribosomal protein L15","Down_in_KO_control"
"ENSMUSG00000045294",1556.87476289547,-0.814358914394141,0.140584332678665,-5.79267190644584,6.92753580329840e-09,1.75657151066562e-07,"Insig1","231070","insulin induced gene 1","Down_in_KO_control"
"ENSMUSG00000024501",6968.17052776246,0.678637396490076,0.117197209780237,5.79055932954912,7.01524118680361e-09,1.77640336033364e-07,"Dpysl3","22240","dihydropyrimidinase-like 3","Up_in_KO_control"
"ENSMUSG00000029659",1590.63858736121,-1.06376527222493,0.183816110855442,-5.78711663125932,7.16048640995513e-09,1.81073219174987e-07,"Medag","70717","mesenteric estrogen dependent adipogenesis","Down_in_KO_control"
"ENSMUSG00000032305",509.740250061453,0.739415781116062,0.127781617775075,5.7865583015047,7.18431593695712e-09,1.81430639849229e-07,"Fam219b","78323","family with sequence similarity 219, member B","Up_in_KO_control"
"ENSMUSG00000021226",132.411676432301,-1.46488196455402,0.253228380387032,-5.78482539087883,7.25876877775715e-09,1.83063800725296e-07,"Acot2","171210","acyl-CoA thioesterase 2","Down_in_KO_control"
"ENSMUSG00000033420",2317.93997956465,0.631268255988711,0.109233629437958,5.77906510327259,7.51168576109304e-09,1.89187315810678e-07,"Antxr1","69538","anthrax toxin receptor 1","Up_in_KO_control"
"ENSMUSG00000015850",366.396399669248,-1.23525026112367,0.213771429610119,-5.7783692768325,7.54281146403686e-09,1.89715901782959e-07,"Adamtsl4","229595","ADAMTS-like 4","Down_in_KO_control"
"ENSMUSG00000092072",1318.52727614872,-0.858458282132747,0.148585584270316,-5.77753411509279,7.58033553623793e-09,1.90403783744457e-07,"Gm4540","100043594","predicted gene 4540","Down_in_KO_control"
"ENSMUSG00000060206",807.180394609835,0.85378599002534,0.147901685748406,5.77265895047137,7.80302770594611e-09,1.95734661476367e-07,"Zfp462","242466","zinc finger protein 462","Up_in_KO_control"
"ENSMUSG00000027996",1393.99415140037,-3.4925208475455,0.605366776943373,-5.76926415615338,7.96184183946485e-09,1.99451066053421e-07,"Sfrp2","20319","secreted frizzled-related protein 2","Down_in_KO_control"
"ENSMUSG00000019846",2490.21949420224,0.792679002416258,0.137545058508613,5.76304965813527,8.26074767436503e-09,2.06662261003199e-07,"Lama4","16775","laminin, alpha 4","Up_in_KO_control"
"ENSMUSG00000063172",388.416627226774,-0.775611766772284,0.134607255891019,-5.76203534971576,8.31055862391459e-09,2.0763081913126e-07,"Ift25","72938","intraflagellar transport 25","Down_in_KO_control"
"ENSMUSG00000115377",16.8918634948641,-7.44893296411496,1.29314650800802,-5.76031634311057,8.39564368289488e-09,2.09476906984016e-07,NA,NA,NA,"Down_in_KO_control"
"ENSMUSG00000028128",656.364721166517,-1.15978932746271,0.201363358635598,-5.75968406229033,8.42715202076333e-09,2.09874617441276e-07,"F3","14066","coagulation factor III, tissue factor","Down_in_KO_control"
"ENSMUSG00000051378",395.12881204655,1.0350235194268,0.179705727004207,5.75954665820177,8.43401444535027e-09,2.09874617441276e-07,"Kif18b","70218","kinesin family member 18B","Up_in_KO_control"
"ENSMUSG00000008822",377.36533178074,-0.996739685102948,0.173145278684156,-5.7566668446164,8.57909867680074e-09,2.13201425682566e-07,"Acyp1","66204","acylphosphatase 1","Down_in_KO_control"
"ENSMUSG00000025475",19.4977934716265,4.43751726254726,0.770998591235443,5.75554522795769,8.63625950876449e-09,2.1358664712105e-07,"Adgra1","52389","adhesion G protein-coupled receptor A1","Up_in_KO_control"
"ENSMUSG00000030790",757.228798935398,-3.1886688373357,0.5540243360001,-5.75546709799247,8.64025500297307e-09,2.1358664712105e-07,"Adm","11535","adrenomedullin","Down_in_KO_control"
"ENSMUSG00000022390",2577.92941775188,0.754691117629554,0.131120663115759,5.75569936649329,8.62838227337958e-09,2.1358664712105e-07,"Zc3h7b","20286","zinc finger CCCH type containing 7B","Up_in_KO_control"
"ENSMUSG00000032340",1832.85828369776,0.817381692910491,0.142078477291917,5.75302965297893,8.76581021710627e-09,2.16404494185633e-07,"Neo1","18007","neogenin","Up_in_KO_control"
"ENSMUSG00000034773",276.01482587005,1.03661665541027,0.180249169675921,5.75102041953399,8.87063991946741e-09,2.18416164227623e-07,"Hrob","217216","homologous recombination factor with OB-fold","Up_in_KO_control"
"ENSMUSG00000099032",30.9632455606991,-2.91155321634219,0.506287074566094,-5.75079507774813,8.88247262797679e-09,2.18420118643009e-07,"Tcf24","100039596","transcription factor 24","Down_in_KO_control"
"ENSMUSG00000029161",83.642040633292,-1.75111589186485,0.304650493128061,-5.74795029505749,9.03317831336929e-09,2.21834469525039e-07,"Cgref1","68567","cell growth regulator with EF hand domain 1","Down_in_KO_control"
"ENSMUSG00000039153",876.185526340311,-0.849488080917468,0.147842359299671,-5.74590452250282,9.14308901622441e-09,2.24239350931333e-07,"Runx2","12393","runt related transcription factor 2","Down_in_KO_control"
"ENSMUSG00000049502",427.468887154778,1.68560613352601,0.293443404124458,5.74422907393444,9.23407112690468e-09,2.26174310206502e-07,"Dtx3l","209200","deltex 3-like, E3 ubiquitin ligase","Up_in_KO_control"
"ENSMUSG00000058626",22.2308518472269,-4.83641946004917,0.842258237596843,-5.74220499623559,9.34515917662441e-09,2.28596030944016e-07,"Capn11","268958","calpain 11","Down_in_KO_control"
"ENSMUSG00000031250",31.4221711103383,-7.74113724576536,1.34894393419905,-5.7386649285478,9.54258051889019e-09,2.33120508159259e-07,"Tnmd","64103","tenomodulin","Down_in_KO_control"
"ENSMUSG00000048307",775.235425843971,0.860823280143044,0.150021011501767,5.73801810510328,9.57908779017523e-09,2.33707261822098e-07,"Ankrd46","68839","ankyrin repeat domain 46","Up_in_KO_control"
"ENSMUSG00000062519",173.047444007299,1.08493124063833,0.189290616318711,5.73156378133195,9.95089166997799e-09,2.42146990663587e-07,"Zfp398","272347","zinc finger protein 398","Up_in_KO_control"
"ENSMUSG00000047213",3815.31989518936,-0.597627221111399,0.104291720356544,-5.73034195876991,1.00228372293352e-08,2.43580978016299e-07,"Ythdf3","229096","YTH N6-methyladenosine RNA binding protein 3","Down_in_KO_control"
"ENSMUSG00000075511",87.9601751675713,1.54832031043906,0.270208399830822,5.73009688599046,1.00373288007125e-08,2.4361677541859e-07,NA,NA,NA,"Up_in_KO_control"
"ENSMUSG00000031838",3240.86680499721,-1.01654718102697,0.177458182709344,-5.72837592218528,1.01396675119475e-08,2.45781862889991e-07,"Ifi30","65972","interferon gamma inducible protein 30","Down_in_KO_control"
"ENSMUSG00000044080",1682.88589225368,-0.939205648695438,0.164014436153451,-5.72635964688331,1.02608576742373e-08,2.48397709777494e-07,"S100a1","20193","S100 calcium binding protein A1","Down_in_KO_control"
"ENSMUSG00000007827",366.085123252976,1.0094149879481,0.176290681529223,5.72585561069929,1.02913725200374e-08,2.48814540009637e-07,"Ankrd26","232339","ankyrin repeat domain 26","Up_in_KO_control"
"ENSMUSG00000021556",425.926353238421,1.42653197685164,0.249150478634899,5.72558393091453,1.03078568456587e-08,2.48873535704664e-07,"Golm1","105348","golgi membrane protein 1","Up_in_KO_control"
"ENSMUSG00000047757",258.200418888476,1.13718059877994,0.19862107593256,5.72537729664728,1.03204116767391e-08,2.48873535704664e-07,"Fancb","237211","Fanconi anemia, complementation group B","Up_in_KO_control"
"ENSMUSG00000073987",507.41129273136,-0.91524297957799,0.159870692854502,-5.72489530905424,1.03497544134156e-08,2.49259915493237e-07,"Ggh","14590","gamma-glutamyl hydrolase","Down_in_KO_control"
"ENSMUSG00000052040",1091.45840027153,0.952888514487028,0.166462163139246,5.72435499165018,1.03827445883519e-08,2.49733032752993e-07,"Klf13","50794","Kruppel-like transcription factor 13","Up_in_KO_control"
"ENSMUSG00000052062",61.8649085675356,1.94485135176931,0.339836855411507,5.72289709253077,1.04722703301933e-08,2.51563022707198e-07,"Pard3b","72823","par-3 family cell polarity regulator beta","Up_in_KO_control"
"ENSMUSG00000073555",61.2922425085934,3.01437600727842,0.526917136242142,5.7207780881379,1.06037318350117e-08,2.54394402344325e-07,"Iigp1c","240327","interferon inducible GTPase 1C","Up_in_KO_control"
"ENSMUSG00000018425",1965.98805863337,-0.719365752058304,0.125783675857053,-5.71907083456383,1.07108139957118e-08,2.56634394752566e-07,"Dhx40","67487","DEAH-box helicase 40","Down_in_KO_control"
"ENSMUSG00000092203",2047.37493396102,-0.635437612909213,0.111137654081189,-5.7175726639417,1.08056472767476e-08,2.5857554666212e-07,"1110038B12Rik","68763","RIKEN cDNA 1110038B12 gene","Down_in_KO_control"
"ENSMUSG00000072694",564.81460279929,-0.739370945531922,0.129350650772648,-5.71602029920567,1.09047717200746e-08,2.6061429527172e-07,"1500011B03Rik","66236","RIKEN cDNA 1500011B03 gene","Down_in_KO_control"
"ENSMUSG00000040746",707.066435061291,-0.834123417795383,0.146033123083413,-5.71187823819217,1.11736025991744e-08,2.6669850183463e-07,"Rnf167","70510","ring finger protein 167","Down_in_KO_control"
"ENSMUSG00000036545",434.951878834715,-1.30972937511011,0.229462776019958,-5.70780759227021,1.1444068203664e-08,2.72277072042173e-07,"Adamts2","216725","ADAM metallopeptidase with thrombospondin type 1 motif 2","Down_in_KO_control"
"ENSMUSG00000057329",491.319891098929,0.797651990869244,0.139752617191995,5.70759966357848,1.14580530466987e-08,2.72277072042173e-07,"Bcl2","12043","B cell leukemia/lymphoma 2","Up_in_KO_control"
"ENSMUSG00000054720",1487.37644150846,0.650621043757133,0.113994276293172,5.70748869955413,1.14655230465042e-08,2.72277072042173e-07,"Lrrc8c","100604","leucine rich repeat containing 8 family, member C","Up_in_KO_control"
"ENSMUSG00000026174",1549.65750525285,0.64847457990754,0.113848470874065,5.69594457377348,1.22690734054098e-08,2.90990076850992e-07,"Cnot9","58184","CCR4-NOT transcription complex, subunit 9","Up_in_KO_control"
"ENSMUSG00000000159",31.8318421991902,-3.85386017814939,0.676633208012958,-5.69564149750626,1.2290890081902e-08,2.91138514053966e-07,"Igsf5","72058","immunoglobulin superfamily, member 5","Down_in_KO_control"
"ENSMUSG00000029486",1015.24320587617,-0.681097278228251,0.119650278905192,-5.69240025564786,1.25265778501741e-08,2.95972034482712e-07,"Mrpl1","94061","mitochondrial ribosomal protein L1","Down_in_KO_control"
"ENSMUSG00000019437",271.327679795251,-1.12754528080327,0.198196925860937,-5.68901498297909,1.27774258860972e-08,3.01518247927536e-07,"Tlcd1","68385","TLC domain containing 1","Down_in_KO_control"
"ENSMUSG00000033964",986.392145854352,0.68662441919618,0.120726407125348,5.68744184098241,1.28956499151048e-08,3.03924807130171e-07,"Zbtb41","226470","zinc finger and BTB domain containing 41","Up_in_KO_control"
"ENSMUSG00000113061",3823.70490481535,-1.07695399484373,0.18954380598921,-5.68182109261347,1.33268029369165e-08,3.1369114887864e-07,"Rps18-ps5","100042388","ribosomal protein S18, pseudogene 5","Down_in_KO_control"
"ENSMUSG00000039157",341.234983206013,-1.17796241309137,0.207391395581063,-5.67990012213856,1.34773417863072e-08,3.16836051315537e-07,"Eeig1","98952","estrogen-induced osteoclastogenesis regulator 1","Down_in_KO_control"
"ENSMUSG00000085399",84.8841722474086,2.08762687070909,0.367596151653011,5.67913146348627,1.35380401742652e-08,3.17863670992502e-07,"Foxd2os","100040736","forkhead box D2, opposite strand","Up_in_KO_control"
"ENSMUSG00000028645",5196.23756395938,-1.88935663801305,0.332994318294325,-5.67384046577967,1.39631175786925e-08,3.27433357456231e-07,"Slc2a1","20525","solute carrier family 2 (facilitated glucose transporter), member 1","Down_in_KO_control"
"ENSMUSG00000030043",36.2206627604464,2.76443326871101,0.487260758938625,5.67341658033911,1.39977279145398e-08,3.27834145763184e-07,"Tacr1","21336","tachykinin receptor 1","Up_in_KO_control"
"ENSMUSG00000039601",377.178146539428,1.27505550153556,0.224804305012509,5.67184645981142,1.41266561443331e-08,3.30027611022353e-07,"Rcan2","53901","regulator of calcineurin 2","Up_in_KO_control"
"ENSMUSG00000031434",879.466491647909,0.857835947869619,0.151244396032305,5.67185277850818,1.41261349888589e-08,3.30027611022353e-07,"Morc4","75746","microrchidia 4","Up_in_KO_control"
"ENSMUSG00000061104",2181.92518693922,-0.712339317579085,0.125613604605532,-5.6708771300375,1.42068264344556e-08,3.31486712054823e-07,"Sap18b","100041953","Sin3-associated polypeptide 18B","Down_in_KO_control"
"ENSMUSG00000046318",648.681092988355,1.24576716281,0.219801255249473,5.66769812754737,1.44728657108396e-08,3.37273643894075e-07,"Ccbe1","320924","collagen and calcium binding EGF domains 1","Up_in_KO_control"
"ENSMUSG00000026270",1261.79106093663,3.52551598256888,0.622096814948999,5.66715002850145,1.45192206461768e-08,3.37877506745204e-07,"Capn10","23830","calpain 10","Up_in_KO_control"
"ENSMUSG00000027488",304.375784333507,-1.16395931415462,0.205393766352051,-5.6669651412865,1.45348898054769e-08,3.37877506745204e-07,"Snta1","20648","syntrophin, acidic 1","Down_in_KO_control"
"ENSMUSG00000055681",3250.91750528008,-0.665979101826011,0.117596684130875,-5.66324728242194,1.48534865326203e-08,3.44855202834893e-07,"Cope","59042","coatomer protein complex, subunit epsilon","Down_in_KO_control"
"ENSMUSG00000038721",562.450702641708,0.745209690399279,0.131592575035097,5.66300712787574,1.48742978525852e-08,3.44910453178968e-07,"Hoxb7","15415","homeobox B7","Up_in_KO_control"
"ENSMUSG00000052566",529.015200301788,-0.960540794546093,0.16967160828672,-5.66117575147234,1.50339355579536e-08,3.48180737742556e-07,"Hook2","170833","hook microtubule tethering protein 2","Down_in_KO_control"
"ENSMUSG00000039542",1678.36086959625,1.0269682321411,0.181421307266879,5.66068146907564,1.50773056535971e-08,3.48753548449644e-07,"Ncam1","17967","neural cell adhesion molecule 1","Up_in_KO_control"
"ENSMUSG00000072501",1093.56366267161,0.759186950738594,0.134164794950429,5.65861522032734,1.52599252125488e-08,3.52541951237562e-07,"Phf20l1","239510","PHD finger protein 20-like 1","Up_in_KO_control"
"ENSMUSG00000002083",374.039933099188,-0.798814922826615,0.141227033489878,-5.65624656333142,1.54719159772485e-08,3.56998722172937e-07,"Bbc3","170770","BCL2 binding component 3","Down_in_KO_control"
"ENSMUSG00000018427",286.146455709651,-0.900887921120451,0.159356641698448,-5.6532812910629,1.57413375001004e-08,3.62768040196279e-07,"Ypel2","77864","yippee like 2","Down_in_KO_control"
"ENSMUSG00000033364",520.392834443391,0.855765191281262,0.151472356230644,5.64964599862834,1.60778584526985e-08,3.70067607903257e-07,"Usp37","319651","ubiquitin specific peptidase 37","Up_in_KO_control"
"ENSMUSG00000031928",1002.28573555716,0.707741507636802,0.125366418493178,5.64538347783553,1.64813466490177e-08,3.78888746735956e-07,"Mre11a","17535","MRE11A homolog A, double strand break repair nuclease","Up_in_KO_control"
"ENSMUSG00000026556",421.812693178341,0.97390249611311,0.172644705679247,5.64107941961745,1.68987387418861e-08,3.87531982937396e-07,"Vangl2","93840","VANGL planar cell polarity 2","Up_in_KO_control"
"ENSMUSG00000031333",795.928890208827,0.82397899959067,0.146065200628974,5.64117254515462,1.68896000570251e-08,3.87531982937396e-07,"Abcb7","11306","ATP-binding cassette, sub-family B member 7","Up_in_KO_control"
"ENSMUSG00000061524",17.1477378618944,-7.76040289236689,1.37695988468059,-5.63589613517832,1.74150323766666e-08,3.98395477829539e-07,"Zic2","22772","zinc finger protein of the cerebellum 2","Down_in_KO_control"
"ENSMUSG00000052914",142.384589220594,1.65030172904762,0.293060427945746,5.63126772391509,1.78889781490905e-08,4.08239570858451e-07,"Cyp2j6","13110","cytochrome P450, family 2, subfamily j, polypeptide 6","Up_in_KO_control"
"ENSMUSG00000050288",1242.22396133835,0.83221201440987,0.147783236483574,5.63130185947963,1.78854372708276e-08,4.08239570858451e-07,"Fzd2","57265","frizzled class receptor 2","Up_in_KO_control"
"ENSMUSG00000021114",1507.26493447464,-0.775928646175228,0.137871498531154,-5.62791189217325,1.82404212536706e-08,4.15752744116854e-07,"Atp6v1d","73834","ATPase, H+ transporting, lysosomal V1 subunit D","Down_in_KO_control"
"ENSMUSG00000031609",1297.32499744721,-0.900829671266094,0.16010498108529,-5.62649372405354,1.83909474776134e-08,4.18673722808491e-07,"Sap30","60406","sin3 associated polypeptide","Down_in_KO_control"
"ENSMUSG00000030530",2015.03941915298,0.678826636774859,0.120677334712033,5.62513779737274,1.85359948598886e-08,4.21463027719436e-07,"Furin","18550","furin, paired basic amino acid cleaving enzyme","Up_in_KO_control"
"ENSMUSG00000008668",16984.336954011,-0.930991351218208,0.165518406142847,-5.62469983196151,1.85830821705438e-08,4.22020894001682e-07,"Rps18","20084","ribosomal protein S18","Down_in_KO_control"
"ENSMUSG00000005836",572.463717549527,-1.16379744679388,0.206969703004588,-5.62303288790088,1.87633662199773e-08,4.25598632817498e-07,"Gata6","14465","GATA binding protein 6","Down_in_KO_control"
"ENSMUSG00000097715",590.997585393598,-0.861255080534487,0.153173674075883,-5.6227356674086,1.87956892435262e-08,4.25815657159934e-07,NA,NA,NA,"Down_in_KO_control"
"ENSMUSG00000074886",1800.87439913644,0.639955553562793,0.113859961615722,5.62054952839915,1.90351009778739e-08,4.30718070857261e-07,"Grk6","26385","G protein-coupled receptor kinase 6","Up_in_KO_control"
"ENSMUSG00000050549",138.284937788016,-1.45830310305206,0.259556264272804,-5.61844695653088,1.92681528749406e-08,4.34939619721066e-07,"Fam241a","70617","family with sequence similarity 241, member A","Down_in_KO_control"
"ENSMUSG00000029313",1168.25762086288,0.597247153457026,0.106299717264269,5.61852062101188,1.92599411753831e-08,4.34939619721066e-07,"Aff1","17355","AF4/FMR2 family, member 1","Up_in_KO_control"
"ENSMUSG00000035469",1058.02749596795,0.624073531995823,0.111142938915966,5.61505335456064,1.96501602341293e-08,4.43028251158147e-07,"Rcbtb1","71330","regulator of chromosome condensation (RCC1) and BTB (POZ) domain containing protein 1","Up_in_KO_control"
"ENSMUSG00000025207",149.959566267347,-1.26609108686224,0.225618830742479,-5.61163748032782,2.00420965580661e-08,4.51321002275682e-07,"Sema4g","26456","sema domain, immunoglobulin domain (Ig), transmembrane domain (TM) and short cytoplasmic domain, (semaphorin) 4G","Down_in_KO_control"
"ENSMUSG00000055839",5605.27942740555,-0.771271868759559,0.137482712495967,-5.60995527915691,2.0237890585731e-08,4.55182267464885e-07,"Elob","67673","elongin B","Down_in_KO_control"
"ENSMUSG00000017550",316.931355668573,0.834771779971485,0.148841329980784,5.60846762172348,2.04125876540879e-08,4.58560327456119e-07,"Atad5","237877","ATPase family, AAA domain containing 5","Up_in_KO_control"
"ENSMUSG00000042476",96.525746418525,-2.26961775589249,0.404961825593621,-5.60452272894,2.0882958735524e-08,4.68564516568178e-07,"Abcb4","18670","ATP-binding cassette, sub-family B member 4","Down_in_KO_control"
"ENSMUSG00000110331",1308.91787933081,-0.610754685419961,0.109054509426775,-5.60045328368612,2.13792019760395e-08,4.79124558775602e-07,NA,NA,NA,"Down_in_KO_control"
"ENSMUSG00000027947",718.481630143551,0.867742314500151,0.154989362223464,5.598721757749,2.1593805261473e-08,4.82777631849395e-07,"Il6ra","16194","interleukin 6 receptor, alpha","Up_in_KO_control"
"ENSMUSG00000035095",535.538376583914,2.41038798792889,0.430790541851853,5.59526673349716,2.20282838876936e-08,4.91903671110274e-07,"Fam167a","219148","family with sequence similarity 167, member A","Up_in_KO_control"
"ENSMUSG00000033938",2075.31946478159,-0.732281780281754,0.130913347387384,-5.59363727912989,2.22361255239273e-08,4.95953059510431e-07,"Ndufb7","66916","NADH:ubiquinone oxidoreductase subunit B7","Down_in_KO_control"
"ENSMUSG00000021318",1705.0753920484,0.778183069404014,0.139207656562617,5.59008813609313,2.26954386993395e-08,5.05594933786594e-07,"Gli3","14634","GLI-Kruppel family member GLI3","Up_in_KO_control"
"ENSMUSG00000040296",780.754123379671,1.25881457451774,0.22529712633413,5.58735299912722,2.30556773140495e-08,5.13009381186454e-07,"Rigi","230073","RNA sensor RIG-I","Up_in_KO_control"
"ENSMUSG00000022526",400.257530137004,0.86635451157948,0.155098349304929,5.58583966536096,2.32573736112445e-08,5.16882698797171e-07,"Zfp251","71591","zinc finger protein 251","Up_in_KO_control"
"ENSMUSG00000028068",658.644309198436,0.976095719087025,0.174947891534003,5.57935114580853,2.41417440835731e-08,5.35900898025982e-07,"Iqgap3","404710","IQ motif containing GTPase activating protein 3","Up_in_KO_control"
"ENSMUSG00000068874",232.413558365627,-1.92369341813155,0.344825667931101,-5.57874194712188,2.42264329336256e-08,5.36507975724185e-07,"Selenbp1","20341","selenium binding protein 1","Down_in_KO_control"
"ENSMUSG00000025558",793.916032115889,0.84986326789491,0.152368473303278,5.57768447415839,2.43741245816472e-08,5.38976239026648e-07,"Dock9","105445","dedicator of cytokinesis 9","Up_in_KO_control"
"ENSMUSG00000021245",341.096743599018,-0.763413267282507,0.136872951905805,-5.57753198607042,2.43954937452878e-08,5.38976239026648e-07,"Mlh3","217716","mutL homolog 3","Down_in_KO_control"
"ENSMUSG00000028906",948.070127917802,-0.858496085517215,0.153981549755844,-5.57531786683833,2.47078292164521e-08,5.45233028452204e-07,"Epb41","269587","erythrocyte membrane protein band 4.1","Down_in_KO_control"
"ENSMUSG00000026203",612.693821484047,0.686261052964747,0.123119552879186,5.57394042551597,2.49040929761397e-08,5.48916715974679e-07,"Dnajb2","56812","DnaJ heat shock protein family (Hsp40) member B2","Up_in_KO_control"
"ENSMUSG00000075590",156.959914442877,-1.75851680628158,0.315512822375411,-5.5735193043572,2.49643975350197e-08,5.49598554203322e-07,"Nrbp2","223649","nuclear receptor binding protein 2","Down_in_KO_control"
"ENSMUSG00000044674",341.637399298224,-1.5385580944855,0.276139987459808,-5.57165989843987,2.52323630825866e-08,5.54845135563387e-07,"Fzd1","14362","frizzled class receptor 1","Down_in_KO_control"
"ENSMUSG00000047215",437.699259003153,-0.964200847138778,0.17311138172645,-5.56982930598062,2.54989020971289e-08,5.60048069182597e-07,"Rpl9","20005","ribosomal protein L9","Down_in_KO_control"
"ENSMUSG00000035441",409.023993013721,0.929225572400329,0.166865507640676,5.56870970842756,2.56632628826403e-08,5.62997231328074e-07,"Myo1d","338367","myosin ID","Up_in_KO_control"
"ENSMUSG00000050334",31.4753910880469,4.17583694872378,0.750139284849081,5.56674877994679,2.59536145685436e-08,5.68035075346382e-07,"2810049E08Rik","72677","RIKEN cDNA 2810049E08 gene","Up_in_KO_control"
"ENSMUSG00000000184",3014.00487799881,0.767197190229376,0.137813015731014,5.56694290564548,2.59247290952556e-08,5.68035075346382e-07,"Ccnd2","12444","cyclin D2","Up_in_KO_control"
"ENSMUSG00000006931",1096.58342116347,0.632967629378343,0.113739615028735,5.56505865804481,2.62064241607955e-08,5.72898148739445e-07,"P3h4","66180","prolyl 3-hydroxylase family member 4 (non-enzymatic)","Up_in_KO_control"
"ENSMUSG00000053560",2037.43636281978,-0.911033655911546,0.16376668622671,-5.56299743801593,2.65179785049586e-08,5.79032592489253e-07,"Ier2","15936","immediate early response 2","Down_in_KO_control"
"ENSMUSG00000037805",1880.36222678665,-0.755718880718296,0.135899532554664,-5.56086446003276,2.68441624058759e-08,5.85471807810204e-07,"Rpl10a","19896","ribosomal protein L10A","Down_in_KO_control"
"ENSMUSG00000047250",2954.42404064117,-0.931105190456905,0.167445576249095,-5.56064371071694,2.68781417905365e-08,5.8553046254518e-07,"Ptgs1","19224","prostaglandin-endoperoxide synthase 1","Down_in_KO_control"
"ENSMUSG00000073433",208.64187994126,-1.46027526989791,0.262669777455549,-5.55935777630539,2.70769137100018e-08,5.89174751459609e-07,"Arhgdig","14570","Rho GDP dissociation inhibitor gamma","Down_in_KO_control"
"ENSMUSG00000072568",186.700967334175,-1.42156756524622,0.25604255361406,-5.55207540770347,2.82297761645352e-08,6.13546807627117e-07,"Lratd2","399603","LRAT domain containing 1","Down_in_KO_control"
"ENSMUSG00000079429",178.960266148011,1.35378059244737,0.243876249139245,5.55109649761099,2.83883320155099e-08,6.16277096294937e-07,"Mroh2a","100040766","maestro heat-like repeat family member 2A","Up_in_KO_control"
"ENSMUSG00000021403",52.7808996935788,2.82505060711776,0.509421719536307,5.54560298231732,2.92942854216408e-08,6.35207373227305e-07,"Serpinb9b","20706","serine (or cysteine) peptidase inhibitor, clade B, member 9b","Up_in_KO_control"
"ENSMUSG00000040374",1010.34029516411,-0.608863229738426,0.109822683586084,-5.54405710966963,2.95542371355422e-08,6.40102360552548e-07,"Pex2","19302","peroxisomal biogenesis factor 2","Down_in_KO_control"
"ENSMUSG00000029119",845.1874712011,-0.651455935334493,0.11754163195413,-5.5423421004459,2.98452494708183e-08,6.45657980748467e-07,"Man2b2","17160","mannosidase 2, alpha B2","Down_in_KO_control"
"ENSMUSG00000075010",286.45808634522,1.35126535677281,0.243845559567677,5.54148026795534,2.99925376784387e-08,6.4809510112774e-07,"AW112010","107350","expressed sequence AW112010","Up_in_KO_control"
"ENSMUSG00000106558",552.285402139144,-1.19474196555583,0.215609554574639,-5.54122922758622,3.00355732415235e-08,6.48276449906148e-07,NA,NA,NA,"Down_in_KO_control"
"ENSMUSG00000032185",1398.10455466463,0.866952535097072,0.156481250321644,5.54029657428649,3.01959822817005e-08,6.50987806955602e-07,"Carm1","59035","coactivator-associated arginine methyltransferase 1","Up_in_KO_control"
"ENSMUSG00000095134",22.8853814590415,-3.08938536550607,0.557721198174206,-5.53930059610374,3.0368200365486e-08,6.53947219147687e-07,"Mid1-ps1","107988026","midline 1, pseudogene 1","Down_in_KO_control"
"ENSMUSG00000031849",38.0969511747408,-3.47214631132435,0.627245556792947,-5.53554548728433,3.10261196169379e-08,6.66774910397908e-07,"Comp","12845","cartilage oligomeric matrix protein","Down_in_KO_control"
"ENSMUSG00000059970",366.717125487488,-0.93218186251602,0.168400831110697,-5.53549442937877,3.10351598865269e-08,6.66774910397908e-07,"Hspa2","15512","heat shock protein 2","Down_in_KO_control"
"ENSMUSG00000027227",382.710337867839,-0.811483626227709,0.146640599941095,-5.53382642019793,3.13319056386366e-08,6.71757742086152e-07,"Sord","20322","sorbitol dehydrogenase","Down_in_KO_control"
"ENSMUSG00000039242",930.223347834328,0.729847638094971,0.131894136506462,5.53358668873966,3.13747804511995e-08,6.71757742086152e-07,"B3galnt2","97884","UDP-GalNAc:betaGlcNAc beta 1,3-galactosaminyltransferase, polypeptide 2","Up_in_KO_control"
"ENSMUSG00000021311",651.02531993353,0.671624156807526,0.121371896446668,5.53360519585063,3.13714685175111e-08,6.71757742086152e-07,"Mtr","238505","5-methyltetrahydrofolate-homocysteine methyltransferase","Up_in_KO_control"
"ENSMUSG00000025083",126.188995503373,1.35008231702824,0.244104209385354,5.53076212994317,3.18842446852696e-08,6.81885566623373e-07,"Afap1l2","226250","actin filament associated protein 1-like 2","Up_in_KO_control"
"ENSMUSG00000051344",305.976965903314,0.873324438024999,0.158031551312101,5.52626631058153,3.27117475550334e-08,6.98784168946734e-07,"Plekhm3","241075","pleckstrin homology domain containing, family M, member 3","Up_in_KO_control"
"ENSMUSG00000041879",2630.46970281262,0.618953624129,0.11202015232608,5.52537745465019,3.28777996565682e-08,7.01530518783763e-07,"Ipo9","226432","importin 9","Up_in_KO_control"
"ENSMUSG00000008140",1319.65585045088,1.01903610394372,0.184516071501808,5.52274983772202,3.33734747785942e-08,7.11295937963364e-07,"Emc10","69683","ER membrane protein complex subunit 10","Up_in_KO_control"
"ENSMUSG00000106734",293.200918967349,1.39553408687905,0.252722580818845,5.52199998257927,3.35162522989612e-08,7.1352631316321e-07,NA,NA,NA,"Up_in_KO_control"
"ENSMUSG00000058230",1221.63407325899,0.618006531465955,0.111987799117055,5.51851662715492,3.41873129625107e-08,7.26985440303934e-07,"Arhgap35","232906","Rho GTPase activating protein 35","Up_in_KO_control"
"ENSMUSG00000003429",20765.1780553772,-0.74323575666317,0.134769043873984,-5.5148848377832,3.49008416489973e-08,7.41316061041642e-07,"Rps11","27207","ribosomal protein S11","Down_in_KO_control"
"ENSMUSG00000040867",20.0995700573781,-3.60999536886039,0.654737215893809,-5.51365537383152,3.51456479278664e-08,7.44825039268588e-07,"Begain","380785","brain-enriched guanylate kinase-associated","Down_in_KO_control"
"ENSMUSG00000034771",335.970825924443,-1.43259093838364,0.259821801815242,-5.51374414454394,3.51279165917171e-08,7.44825039268588e-07,"Tle2","21886","transducin-like enhancer of split 2","Down_in_KO_control"
"ENSMUSG00000038485",369.323954142967,0.875930287818789,0.15890862071747,5.51216342992582,3.5444955608942e-08,7.50318387228655e-07,"Socs7","192157","suppressor of cytokine signaling 7","Up_in_KO_control"
"ENSMUSG00000026718",1486.67917053112,-0.594963761327437,0.107978918545181,-5.50999926044351,3.58835206366301e-08,7.58743866297468e-07,"Stam","20844","signal transducing adaptor molecule (SH3 domain and ITAM motif) 1","Down_in_KO_control"
"ENSMUSG00000027254",483.23492171419,1.03174323374717,0.187267959127406,5.50944880562959,3.59959061435061e-08,7.60261164405676e-07,"Map1a","17754","microtubule-associated protein 1 A","Up_in_KO_control"
"ENSMUSG00000037455",158.857819313825,1.09961882819698,0.199613732600207,5.5087333615435,3.61424875569066e-08,7.62496470859518e-07,"Slc18b1","76306","solute carrier family 18, subfamily B, member 1","Up_in_KO_control"
"ENSMUSG00000032777",1128.77294017776,0.724078642439994,0.131574573233181,5.50318062713194,3.72999917716288e-08,7.86030119394696e-07,"Gtf3c1","233863","general transcription factor III C 1","Up_in_KO_control"
"ENSMUSG00000025794",9382.68964643611,-0.88003176282594,0.1599738237411,-5.50109850627921,3.77432253434755e-08,7.94475788360469e-07,"Rpl14","67115","ribosomal protein L14","Down_in_KO_control"
"ENSMUSG00000051978",243.82940844807,-0.919299642242217,0.167208762134383,-5.49791548306176,3.84307032411396e-08,8.07131032268738e-07,"Erich1","234086","glutamate rich 1","Down_in_KO_control"
"ENSMUSG00000032030",1195.67165832074,0.641053881178495,0.11659597105102,5.49807918232427,3.83950527514768e-08,8.07131032268738e-07,"Cul5","75717","cullin 5","Up_in_KO_control"
"ENSMUSG00000030443",32.8729921585529,3.09302031174837,0.563076050152742,5.49307737544395,3.94989629015443e-08,8.28636875310089e-07,"Zfp583","213011","zinc finger protein 583","Up_in_KO_control"
"ENSMUSG00000027082",2181.84844759504,0.603978604375401,0.110038843880962,5.48877635454596,4.04727672868218e-08,8.48115223111194e-07,"Tfpi","21788","tissue factor pathway inhibitor","Up_in_KO_control"
"ENSMUSG00000062510",326.874437697884,0.896689362784648,0.163401083411297,5.48765861317816,4.07296245253339e-08,8.52543024320551e-07,"Nsl1","381318","NSL1, MIS12 kinetochore complex component","Up_in_KO_control"
"ENSMUSG00000049553",1877.54072357238,0.661004142468384,0.120583953226813,5.48169242075738,4.21276187496589e-08,8.80820256605996e-07,"Polr1a","20019","polymerase (RNA) I polypeptide A","Up_in_KO_control"
"ENSMUSG00000028073",1026.38512794624,1.0419304280446,0.190141789658048,5.47975502869946,4.25915124913428e-08,8.89525639788502e-07,"Pear1","73182","platelet endothelial aggregation receptor 1","Up_in_KO_control"
"ENSMUSG00000057367",533.764497737643,0.743738251900462,0.135846554673234,5.47484073990284,4.37905262766318e-08,9.13547511944939e-07,"Birc2","11797","baculoviral IAP repeat-containing 2","Up_in_KO_control"
"ENSMUSG00000072584",1115.41576109605,-8.81367645611761,1.61162285478851,-5.46882071691284,4.53039708458248e-08,9.44068158616836e-07,NA,NA,NA,"Down_in_KO_control"
"ENSMUSG00000028797",2680.72444597624,-0.629745021419376,0.115171442431639,-5.46789211043498,4.55418931962709e-08,9.47970464273433e-07,"Tmem234","76799","transmembrane protein 234","Down_in_KO_control"
"ENSMUSG00000047261",585.673209980039,-1.34280939042212,0.245647244950617,-5.4664133957296,4.59232634782112e-08,9.54846699408629e-07,"Gap43","14432","growth associated protein 43","Down_in_KO_control"
"ENSMUSG00000075415",2204.72592999135,0.698207070831385,0.127772683553699,5.46444710569102,4.64351811222858e-08,9.64419028125787e-07,"Fnbp1","14269","formin binding protein 1","Up_in_KO_control"
"ENSMUSG00000031353",6606.87898331345,0.761261466532098,0.139357697770121,5.46264382027784,4.690952100222e-08,9.73190539373108e-07,"Rbbp7","245688","retinoblastoma binding protein 7, chromatin remodeling factor","Up_in_KO_control"
"ENSMUSG00000024664",467.724531842962,-0.871948740907154,0.159698499830299,-5.4599682641585,4.76219701177224e-08,9.86876995363166e-07,"Fads3","60527","fatty acid desaturase 3","Down_in_KO_control"
"ENSMUSG00000019929",4096.29712400783,-0.724305778174658,0.132703212995982,-5.45808772690825,4.81289862932972e-08,9.96280664277069e-07,"Dcn","13179","decorin","Down_in_KO_control"
"ENSMUSG00000097287",49.4556027536983,-2.4443287273834,0.447878865343892,-5.45756657998716,4.82704174272654e-08,9.97002562159402e-07,NA,NA,NA,"Down_in_KO_control"
"ENSMUSG00000022678",1647.21897580457,0.582996012277909,0.106821271430081,5.45767715056176,4.82403766707835e-08,9.97002562159402e-07,"Nde1","67203","nudE neurodevelopment protein 1","Up_in_KO_control"
"ENSMUSG00000029802",433.813075807225,1.01666186399887,0.186418684484731,5.45364788303795,4.93468707371796e-08,1.01811244995021e-06,"Abcg2","26357","ATP binding cassette subfamily G member 2 (Junior blood group)","Up_in_KO_control"
"ENSMUSG00000034575",969.9871246563,0.668843481417754,0.12268008134825,5.45193216426977,4.98254637552335e-08,1.02685451899965e-06,"Tent4a","210106","terminal nucleotidyltransferase 4A","Up_in_KO_control"
"ENSMUSG00000027993",680.803736400122,0.676621957013521,0.124230467616487,5.44650575656149,5.13689414625596e-08,1.05749945169293e-06,"Trim2","80890","tripartite motif-containing 2","Up_in_KO_control"
"ENSMUSG00000022340",97.8925947723695,-1.39493940182845,0.256231100691341,-5.44406747683925,5.20774776765582e-08,1.07090751622136e-06,"Sybu","319613","syntabulin (syntaxin-interacting)","Down_in_KO_control"
"ENSMUSG00000033386",888.798300584855,-0.736357264232817,0.1353078713508,-5.4420874179872,5.26598207102463e-08,1.08169399006678e-06,"Frrs1","20321","ferric-chelate reductase 1","Down_in_KO_control"
"ENSMUSG00000031157",2351.92844122573,-0.726743421288935,0.133644397954918,-5.43788914769241,5.39154998221828e-08,1.10627275018915e-06,"Pqbp1","54633","polyglutamine binding protein 1","Down_in_KO_control"
"ENSMUSG00000032812",1613.3288859239,0.679766164023752,0.125042177224109,5.43629500952652,5.43998584642544e-08,1.11498855579583e-06,"Arap1","69710","ArfGAP with RhoGAP domain, ankyrin repeat and PH domain 1","Up_in_KO_control"
"ENSMUSG00000032518",31777.0088783685,-0.651036509424234,0.119765212584454,-5.43593999772802,5.45082970109669e-08,1.11598879865013e-06,"Rpsa","16785","ribosomal protein SA","Down_in_KO_control"
"ENSMUSG00000026051",45.5644466978747,-2.83860775283139,0.522212364687254,-5.43573447275879,5.45711704349868e-08,1.11605498617476e-06,"Ecrg4","78896","ECRG4 augurin precursor","Down_in_KO_control"
"ENSMUSG00000043795",87.8964933931324,1.9119016427384,0.351976699397924,5.43189832170372,5.57576919285625e-08,1.13783390300893e-06,"Prr33","677289","proline rich 33","Up_in_KO_control"
"ENSMUSG00000024158",959.121302705648,-0.737318582946265,0.135946328178285,-5.42360056962565,5.84103268992509e-08,1.19066715388419e-06,"Hagh","14651","hydroxyacyl glutathione hydrolase","Down_in_KO_control"
"ENSMUSG00000062980",243.796174425919,1.34729872196136,0.248468540965829,5.4224116933445,5.88002645926161e-08,1.19731159012146e-06,"Cped1","214642","cadherin-like and PC-esterase domain containing 1","Up_in_KO_control"
"ENSMUSG00000082319",2107.68319105054,4.29377224584781,0.79191707693055,5.42199729104259,5.89367756853368e-08,1.19878682978229e-06,"Actr3-ps","667799","actin related protein 3, pseudogene","Up_in_KO_control"
"ENSMUSG00000031004",4706.12790156849,0.751592749806654,0.138731177648708,5.41761961907237,6.03977405545812e-08,1.22583830693913e-06,"Mki67","17345","antigen identified by monoclonal antibody Ki 67","Up_in_KO_control"
"ENSMUSG00000032018",1029.17585716861,0.672906979805826,0.124335658233772,5.41201928203612,6.23179766685767e-08,1.26344127562197e-06,"Sc5d","235293","sterol-C5-desaturase","Up_in_KO_control"
"ENSMUSG00000102278",36.921008717461,3.10253143832256,0.57350426701193,5.40977917128212,6.31025111187046e-08,1.27796243567567e-06,NA,NA,NA,"Up_in_KO_control"
"ENSMUSG00000041658",38.5762769859482,-3.41841945067176,0.631939646989503,-5.4094081087597,6.32333855422857e-08,1.27922847962464e-06,"Rragb","245670","Ras-related GTP binding B","Down_in_KO_control"
"ENSMUSG00000108414",1612.5485590487,-0.714430208435851,0.132136178212549,-5.4067721505207,6.41706917371908e-08,1.296788503756e-06,NA,NA,NA,"Down_in_KO_control"
"ENSMUSG00000059187",255.726179184291,1.26615231147184,0.234371371906519,5.40233348967577,6.57795093208251e-08,1.32785932311841e-06,"Tafa1","320265","TAFA chemokine like family member 1","Up_in_KO_control"
"ENSMUSG00000030214",351.574102387032,1.25099870385664,0.231574608474308,5.40214107279999,6.58501283521555e-08,1.32785932311841e-06,"Plbd1","66857","phospholipase B domain containing 1","Up_in_KO_control"
"ENSMUSG00000017868",26.2230146891648,-2.74649745741136,0.50856712282633,-5.40046207105931,6.64694643128872e-08,1.3389053667245e-06,"Sgk2","27219","serum/glucocorticoid regulated kinase 2","Down_in_KO_control"
"ENSMUSG00000028780",574.185605639272,-0.817731435555355,0.151477971411234,-5.39835216920992,6.72557518206231e-08,1.35328697184873e-06,"Sema3c","20348","sema domain, immunoglobulin domain (Ig), short basic domain, secreted, (semaphorin) 3C","Down_in_KO_control"
"ENSMUSG00000056537",3702.24737073695,0.625435093859582,0.115917959526337,5.39549778494402,6.83338357228462e-08,1.37350275819723e-06,"Rlim","19820","ring finger protein, LIM domain interacting","Up_in_KO_control"
"ENSMUSG00000042225",863.691068884594,0.826488654079562,0.153188634726534,5.39523480677908,6.84339989932625e-08,1.37404015360614e-06,"Ammecr1","56068","AMMECR nuclear protein 1","Up_in_KO_control"
"ENSMUSG00000021047",71.2673519807346,2.15304605086699,0.399127442900141,5.39438239381016,6.87596451079481e-08,1.37884153972704e-06,"Nova1","664883","NOVA alternative splicing regulator 1","Up_in_KO_control"
"ENSMUSG00000083567",401.944856058122,-0.73117394021995,0.135547578874001,-5.39422353607377,6.88204990169967e-08,1.37884153972704e-06,"Gm11451","497655","protein tyrosine phosphatase-like (proline instead of catalytic arginine), member a pseudogene","Down_in_KO_control"
"ENSMUSG00000014353",717.046323461943,-0.683210109850803,0.126678219194918,-5.39327213622695,6.91860467356419e-08,1.38468287974766e-06,"Tmem87b","72477","transmembrane protein 87B","Down_in_KO_control"
"ENSMUSG00000045103",79.6256910166907,1.80199298262012,0.334276943504827,5.39071873676535,7.01764382269502e-08,1.40300394074885e-06,"Dmd","13405","dystrophin, muscular dystrophy","Up_in_KO_control"
"ENSMUSG00000025231",408.333292775246,0.760700748859196,0.141303186828129,5.38346491636073,7.3065494056014e-08,1.45920447200661e-06,"Sufu","24069","SUFU negative regulator of hedgehog signaling","Up_in_KO_control"
"ENSMUSG00000022221",356.358638071245,-1.36095864580848,0.252936255850379,-5.38063885397882,7.42219633168304e-08,1.4807202553815e-06,"Ripk3","56532","receptor-interacting serine-threonine kinase 3","Down_in_KO_control"
"ENSMUSG00000048058",501.395866445974,-0.671004932241761,0.124760532407171,-5.37834296868703,7.51745088456234e-08,1.49812628756992e-06,"Ldlrad3","241576","low density lipoprotein receptor class A domain containing 3","Down_in_KO_control"
"ENSMUSG00000020541",389.771632436319,-0.911874176620886,0.16959612739827,-5.37673937848527,7.58468379305721e-08,1.508312304139e-06,"Tom1l1","71943","target of myb1-like 1 (chicken)","Down_in_KO_control"
"ENSMUSG00000042043",3115.93594370791,-0.70556134769801,0.13123652614362,-5.37625742185426,7.60500410535847e-08,1.51074779005916e-06,"Tbca","21371","tubulin cofactor A","Down_in_KO_control"
"ENSMUSG00000070732",54.7771281729406,2.98911720658301,0.556240599212056,5.3737846730664,7.71009243888567e-08,1.52999957379499e-06,"Rbm44","329207","RNA binding motif protein 44","Up_in_KO_control"
"ENSMUSG00000040987",35.1699228763618,2.66463179087513,0.495939988906229,5.37289158059597,7.74839220738819e-08,1.53597101034804e-06,"Mill2","243864","MHC I like leukocyte 2","Up_in_KO_control"
"ENSMUSG00000027605",95.0518176423891,-1.48296782133341,0.276077656001254,-5.37156046169371,7.80581866353011e-08,1.54571729789036e-06,"Acss2","60525","acyl-CoA synthetase short-chain family member 2","Down_in_KO_control"
"ENSMUSG00000029864",118.112937347924,-1.34459071651577,0.250385721823975,-5.37007744180011,7.87028378430451e-08,1.55665986834402e-06,"Gstk1","76263","glutathione S-transferase kappa 1","Down_in_KO_control"
"ENSMUSG00000078515",1277.48571154539,0.605536744875439,0.112769012435776,5.36970867968097,7.88639330267935e-08,1.55673077925146e-06,"Ddi2","68817","DNA-damage inducible protein 2","Up_in_KO_control"
"ENSMUSG00000031570",1522.86595811595,-0.74568741897186,0.138890318561257,-5.36889415112818,7.92208954834936e-08,1.56212920672562e-06,"Plpp5","71910","phospholipid phosphatase 5","Down_in_KO_control"
"ENSMUSG00000106978",70.4197863743896,-1.70322459718598,0.3174656330721,-5.36506764749293,8.09188862991522e-08,1.5939317045432e-06,NA,NA,NA,"Down_in_KO_control"
"ENSMUSG00000047181",449.384880775463,1.0074196281211,0.187800217044625,5.36431556882448,8.12567365543918e-08,1.59890358690046e-06,"Samd14","217125","sterile alpha motif domain containing 14","Up_in_KO_control"
"ENSMUSG00000038859",168.147928815191,-1.73412837406034,0.32329648564143,-5.36389491095078,8.14463005640931e-08,1.60095023367214e-06,"Baiap2l1","66898","BAI1-associated protein 2-like 1","Down_in_KO_control"
"ENSMUSG00000063838",608.571405640062,1.07425415415362,0.200328019769647,5.36247578041695,8.20889778254933e-08,1.61188986573815e-06,"Cdc42ep5","58804","CDC42 effector protein 5","Up_in_KO_control"
"ENSMUSG00000116694",385.272931345228,-1.28095194993507,0.238939540565126,-5.36098774989455,8.27681310283027e-08,1.62352205024384e-06,"Gm6440","623568","Rps20 pseudogene","Down_in_KO_control"
"ENSMUSG00000031708",2856.47893088435,-0.678665902820938,0.126617811640805,-5.35995602851048,8.32422104817008e-08,1.63111150234981e-06,"Tecr","106529","trans-2,3-enoyl-CoA reductase","Down_in_KO_control"
"ENSMUSG00000029581",6323.25216866235,0.64260174908795,0.119905771962952,5.35922281778476,8.35807204629106e-08,1.63603140378917e-06,"Fscn1","14086","fascin actin-bundling protein 1","Up_in_KO_control"
"ENSMUSG00000028111",7539.60977824031,-2.23785044772054,0.417805067920981,-5.3562070437685,8.49871181221185e-08,1.66008762152318e-06,"Ctsk","13038","cathepsin K","Down_in_KO_control"
"ENSMUSG00000058833",1132.21932594034,-0.794383137026153,0.148308560269341,-5.35628648530795,8.49497786534041e-08,1.66008762152318e-06,"Rex1bd","66462","required for excision 1-B domain containing","Down_in_KO_control"
"ENSMUSG00000026196",231.803779965386,0.959886757955127,0.179242221456171,5.35524917152315,8.54385944292804e-08,1.66716623311275e-06,"Bard1","12021","BRCA1 associated RING domain 1","Up_in_KO_control"
"ENSMUSG00000021969",3446.56941768255,-0.633502279767469,0.118301020785562,-5.35500264968789,8.55551633960074e-08,1.66770184648905e-06,"Zdhhc20","75965","zinc finger, DHHC domain containing 20","Down_in_KO_control"
"ENSMUSG00000044573",3581.95704948898,-0.644978854046471,0.120476237863381,-5.35357731520359,8.62321643826917e-08,1.67914931539366e-06,"Acp1","11431","acid phosphatase 1, soluble","Down_in_KO_control"
"ENSMUSG00000049630",58.5427414281132,-2.3391597275742,0.436959704869233,-5.35326187176512,8.6382692220831e-08,1.68033193298172e-06,"C1ql3","227580","C1q-like 3","Down_in_KO_control"
"ENSMUSG00000071723",76.299979568675,-1.58048689511937,0.295253980903485,-5.35297404046182,8.65202656673287e-08,1.68126036493533e-06,"Gspt2","14853","G1 to S phase transition 2","Down_in_KO_control"
"ENSMUSG00000021070",403.115389686932,-1.13995209090718,0.21303591567071,-5.35098547734651,8.74765427385356e-08,1.69786583731863e-06,"Bdkrb2","12062","bradykinin receptor, beta 2","Down_in_KO_control"
"ENSMUSG00000034765",670.914074941332,-0.932317564077631,0.174238238999504,-5.35082063174597,8.75562728056686e-08,1.69786583731863e-06,"Dusp5","240672","dual specificity phosphatase 5","Down_in_KO_control"
"ENSMUSG00000022860",58.6061466491878,-7.12245752227083,1.33173573235068,-5.34825142049676,8.88080419906005e-08,1.71680257207656e-06,"Chodl","246048","chondrolectin","Down_in_KO_control"
"ENSMUSG00000026667",1067.45626029983,0.674846731283133,0.126177870438296,5.34837629561319,8.87468018522176e-08,1.71680257207656e-06,"Uhmk1","16589","U2AF homology motif (UHM) kinase 1","Up_in_KO_control"
"ENSMUSG00000042901",2133.21554145854,0.618169725846564,0.115599054171905,5.34753273091055,8.91612914556636e-08,1.72185268009271e-06,"Aida","108909","axin interactor, dorsalization associated","Up_in_KO_control"
"ENSMUSG00000024168",197.914314931777,-1.12990299630019,0.211375523346634,-5.34547699000735,9.0179254149596e-08,1.73971585866123e-06,"Tmem204","407831","transmembrane protein 204","Down_in_KO_control"
"ENSMUSG00000004798",1028.02541785699,0.774698818611887,0.144954073690794,5.34444323561696,9.06953918661768e-08,1.74607290945655e-06,"Ulk2","29869","unc-51 like kinase 2","Up_in_KO_control"
"ENSMUSG00000002661",155.775136230832,-1.19020674282233,0.222745787747708,-5.34334119112685,9.12487752087843e-08,1.75492120296195e-06,"Alkbh7","66400","alkB homolog 7","Down_in_KO_control"
"ENSMUSG00000044757",83.6219359048874,1.97281129585462,0.369257971737023,5.34263698241729,9.16040986080082e-08,1.75994609574092e-06,NA,NA,NA,"Up_in_KO_control"
"ENSMUSG00000097467",198.246936742959,1.43541922122765,0.268686992884307,5.34234726370146,9.17506708997973e-08,1.76095415851067e-06,NA,NA,NA,"Up_in_KO_control"
"ENSMUSG00000031654",32.7929490474651,-3.09105959867328,0.578762291437443,-5.34081028498966,9.25320527124419e-08,1.77413145738517e-06,"Cbln1","12404","cerebellin 1 precursor protein","Down_in_KO_control"
"ENSMUSG00000036863",351.377498984314,1.16107137944293,0.217526155847568,5.33761733120753,9.41759589874117e-08,1.80361653770859e-06,"Syde2","214804","synapse defective 1, Rho GTPase, homolog 2 (C. elegans)","Up_in_KO_control"
"ENSMUSG00000038267",746.042663204705,-1.01577506690272,0.190314850726958,-5.33734000800618,9.43200670765524e-08,1.80361653770859e-06,"Slc22a23","73102","solute carrier family 22, member 23","Down_in_KO_control"
"ENSMUSG00000113204",393.040613382018,0.692411193785419,0.129817314305483,5.33373531481366,9.62127392322177e-08,1.83717243801274e-06,"Gm46430","108168101","predicted gene, 46430","Up_in_KO_control"
"ENSMUSG00000015653",2433.42276463175,-0.676421694866387,0.126905193050316,-5.3301340836241,9.81402819588465e-08,1.87206839581641e-06,"Steap2","74051","six transmembrane epithelial antigen of prostate 2","Down_in_KO_control"
"ENSMUSG00000038521",384.141668822618,1.29676401761977,0.243348258247476,5.32884034987013,9.88418317108178e-08,1.88353075031012e-06,"C1s1","50908","complement component 1, s subcomponent 1","Up_in_KO_control"
"ENSMUSG00000106019",182.285822006802,-1.28097885465392,0.240470561923283,-5.32696744420044,9.98660547340378e-08,1.90111239291765e-06,NA,NA,NA,"Down_in_KO_control"
"ENSMUSG00000059901",667.996990331361,0.772493398349059,0.145082572813893,5.32450854273165,1.01226345130997e-07,1.92504938662231e-06,"Adamts14","237360","ADAM metallopeptidase with thrombospondin type 1 motif 14","Up_in_KO_control"
"ENSMUSG00000026211",603.686392775649,-1.38467331839995,0.260189253088149,-5.32179289484659,1.02749511604521e-07,1.95203209203594e-06,"Obsl1","98733","obscurin-like 1","Down_in_KO_control"
"ENSMUSG00000029166",405.739194271506,-0.943589780381452,0.177314150561729,-5.3215706552025,1.02875139846058e-07,1.9524366044009e-06,"Mapre3","100732","microtubule-associated protein, RP/EB family, member 3","Down_in_KO_control"
"ENSMUSG00000079259",70.5052274773407,1.53586019964921,0.288640089850885,5.32102176257865,1.03186056758608e-07,1.95568813029069e-06,"Trim71","636931","tripartite motif-containing 71","Up_in_KO_control"
"ENSMUSG00000022504",48.8027454553552,2.49663128103406,0.469400299463874,5.31876797668341,1.04472261336454e-07,1.97673349483222e-06,"Ciita","12265","class II transactivator","Up_in_KO_control"
"ENSMUSG00000028755",278.632723768968,-1.38007831115944,0.25955164558753,-5.31716263264464,1.05397857481353e-07,1.99022210600258e-06,"Cda","72269","cytidine deaminase","Down_in_KO_control"
"ENSMUSG00000006403",299.897020926021,1.29720282670318,0.243997331838773,5.31646316345928,1.05803629635549e-07,1.99587028363915e-06,"Adamts4","240913","ADAM metallopeptidase with thrombospondin type 1 motif 4","Up_in_KO_control"
"ENSMUSG00000028603",2389.19682334717,-0.626595522271637,0.117896040502645,-5.31481396321854,1.06766348443207e-07,2.01200269729882e-06,"Scp2","20280","sterol carrier protein 2, liver","Down_in_KO_control"
"ENSMUSG00000041498",227.099471303308,1.03241951402724,0.194289172729525,5.3138293787709,1.07345134303934e-07,2.02087474670978e-06,"Kif14","381293","kinesin family member 14","Up_in_KO_control"
"ENSMUSG00000041650",232.249460036925,0.887044647485862,0.166966376617545,5.31271424496285,1.08004330776018e-07,2.03124124805189e-06,"Pcca","110821","propionyl-Coenzyme A carboxylase, alpha polypeptide","Up_in_KO_control"
"ENSMUSG00000020483",3527.20559144258,0.620931262934165,0.116881356557902,5.31249192531884,1.08136219646203e-07,2.03167979742911e-06,"Dynll2","68097","dynein light chain LC8-type 2","Up_in_KO_control"
"ENSMUSG00000002379",1166.54879583572,-0.853890253575158,0.160795966214377,-5.31039598615758,1.09387300021854e-07,2.05312391706013e-06,"Ndufa11","69875","NADH:ubiquinone oxidoreductase subunit A11","Down_in_KO_control"
"ENSMUSG00000019970",2093.82337576572,-0.950967969120866,0.179108715221406,-5.30944553951674,1.099592336772e-07,2.06179072124393e-06,"Sgk1","20393","serum/glucocorticoid regulated kinase 1","Down_in_KO_control"
"ENSMUSG00000075014",49.4080403926598,-2.4039809444309,0.452799404063728,-5.30915218274571,1.10136345556841e-07,2.06304447888404e-06,NA,NA,NA,"Down_in_KO_control"
"ENSMUSG00000049517",515.483196215636,-0.809070152754297,0.152425216331231,-5.30798100359017,1.10846191146653e-07,2.07426477492732e-06,"Rps23","66475","ribosomal protein S23","Down_in_KO_control"
"ENSMUSG00000025762",326.177597671389,-1.18949668615508,0.224232512965197,-5.30474671324628,1.12829550160323e-07,2.10927010204807e-06,"Larp1b","214048","La ribonucleoprotein 1B","Down_in_KO_control"
"ENSMUSG00000013367",166.048521794094,1.67816743890516,0.316413569588883,5.30371513802523,1.13469333639954e-07,2.11911341357731e-06,"Iglon5","210094","IgLON family member 5","Up_in_KO_control"
"ENSMUSG00000021277",1029.16013942014,0.675304968991122,0.127335563665849,5.30334927297485,1.1369708556301e-07,2.1212498127025e-06,"Traf3","22031","TNF receptor-associated factor 3","Up_in_KO_control"
"ENSMUSG00000040690",4867.12085776471,0.857738807891516,0.161742626265302,5.30310919079914,1.13846777644026e-07,2.12192704188512e-06,"Col16a1","107581","collagen, type XVI, alpha 1","Up_in_KO_control"
"ENSMUSG00000091695",73.9077711710223,-1.95727516095529,0.369756317778039,-5.29341911645231,1.20050352372766e-07,2.2353256158722e-06,NA,NA,NA,"Down_in_KO_control"
"ENSMUSG00000031351",18.1845421743854,-3.6450933402811,0.689277658195215,-5.28828012476904,1.234717904174e-07,2.29446634963337e-06,"Zfp185","22673","zinc finger protein 185","Down_in_KO_control"
"ENSMUSG00000090272",601.968012348131,1.16491693068405,0.220340074670011,5.2869044926515,1.24403548996385e-07,2.30948771068389e-06,"Mndal","100040462","myeloid nuclear differentiation antigen like","Up_in_KO_control"
"ENSMUSG00000055633",114.837957408195,1.27520929889381,0.2412107696616,5.28670133876204,1.2454172668905e-07,2.30976147822814e-06,"Zfp580","68992","zinc finger protein 580","Up_in_KO_control"
"ENSMUSG00000028080",225.221318321684,-1.16985105710872,0.221324889362935,-5.28567329447691,1.25243244116703e-07,2.32047210609491e-06,"Lrba","80877","LPS-responsive beige-like anchor","Down_in_KO_control"
"ENSMUSG00000022956",2736.32414080501,-0.756877070195397,0.143237330473822,-5.28407690712809,1.26340171319337e-07,2.33848034213527e-06,"Atp5po","28080","ATP synthase peripheral stalk subunit OSCP","Down_in_KO_control"
"ENSMUSG00000116614",493.882541693748,-0.840553132947091,0.159128301363932,-5.28223531416148,1.27617134448121e-07,2.35978205230009e-06,NA,NA,NA,"Down_in_KO_control"
"ENSMUSG00000030536",7260.51943346929,0.584610281339506,0.110725776063459,5.27980297021764,1.29322875450995e-07,2.38660647762769e-06,"Iqgap1","29875","IQ motif containing GTPase activating protein 1","Up_in_KO_control"
"ENSMUSG00000004665",5376.09511196654,0.588893764076081,0.111549943021453,5.27919376850624,1.29753534856442e-07,2.39219497317104e-06,"Cnn2","12798","calponin 2","Up_in_KO_control"
"ENSMUSG00000045039",1407.32712707201,0.581461745307775,0.110152174984707,5.27871324727364,1.30094205382356e-07,2.39611502492129e-06,"Megf8","269878","multiple EGF-like-domains 8","Up_in_KO_control"
"ENSMUSG00000030609",464.041185797466,0.779761565795683,0.147816641803938,5.27519470256908,1.32615213567121e-07,2.43774900931389e-06,"Aen","68048","apoptosis enhancing nuclease","Up_in_KO_control"
"ENSMUSG00000032875",790.456668245235,0.721286081411968,0.136808916688829,5.27221542914875,1.34786730590908e-07,2.47523463154824e-06,"Arhgef17","207212","Rho guanine nucleotide exchange factor 17","Up_in_KO_control"
"ENSMUSG00000050708",5892.67586033345,-1.15521659132673,0.219149771771361,-5.27135657951753,1.35419085022668e-07,2.48440915493058e-06,"Ftl1","14325","ferritin light polypeptide 1","Down_in_KO_control"
"ENSMUSG00000022009",1062.60206488784,-0.621395011071999,0.118007874268438,-5.26570802943608,1.39650080677407e-07,2.55451804468848e-06,"Nufip1","27275","nuclear FMR1 interacting protein 1","Down_in_KO_control"
"ENSMUSG00000041440",79.1961331138089,-1.47784498793692,0.280775903890119,-5.26343239381136,1.4139051487702e-07,2.58382881337272e-06,"Gk5","235533","glycerol kinase 5","Down_in_KO_control"
"ENSMUSG00000026269",2087.66291008337,2.7491834263548,0.522410675525551,5.2624947290541,1.42113739562657e-07,2.59451161798635e-06,"Rnpepl1","108657","arginyl aminopeptidase (aminopeptidase B)-like 1","Up_in_KO_control"
"ENSMUSG00000019889",642.981508815175,-0.936378217106086,0.178192514989191,-5.2548684054596,1.4813034835318e-07,2.70171852703028e-06,"Ptprk","19272","protein tyrosine phosphatase receptor type K","Down_in_KO_control"
"ENSMUSG00000040836",257.156917924689,0.795441198606426,0.151383970062104,5.25446121065595,1.48458429169951e-07,2.70506580823495e-06,"Gpr161","240888","G protein-coupled receptor 161","Up_in_KO_control"
"ENSMUSG00000024193",659.796267839383,-0.894713420027436,0.170301190850461,-5.25371205896658,1.49063864728186e-07,2.71345535083516e-06,"Phf1","21652","PHD finger protein 1","Down_in_KO_control"
"ENSMUSG00000024423",1402.46985273316,0.641726473810673,0.122177139417378,5.25242673769293,1.50108179228538e-07,2.72980987162647e-06,"Impact","16210","impact, RWD domain protein","Up_in_KO_control"
"ENSMUSG00000020137",714.394160643745,0.60998577647704,0.116162617671274,5.25113662816402,1.51163497865661e-07,2.74633255879622e-06,"Thap2","66816","THAP domain containing, apoptosis associated protein 2","Up_in_KO_control"
"ENSMUSG00000046380",145.418613958033,1.06061847455488,0.202009031659411,5.25035175824756,1.51809033613355e-07,2.75538549564182e-06,"Jrk","16469","jerky","Up_in_KO_control"
"ENSMUSG00000073609",149.462467545384,1.12770093278467,0.214864162635664,5.2484365887338,1.53395421729565e-07,2.77878850612327e-06,"D2hgdh","98314","D-2-hydroxyglutarate dehydrogenase","Up_in_KO_control"
"ENSMUSG00000037353",622.612126974143,0.651067720435138,0.124046496855557,5.2485780488687,1.53277700115423e-07,2.77878850612327e-06,"Letmd1","68614","LETM1 domain containing 1","Up_in_KO_control"
"ENSMUSG00000033557",790.325135545238,0.837052467242661,0.159496797220039,5.24808323321926,1.53689862531359e-07,2.78142978486394e-06,"Fam20b","215015","FAM20B, glycosaminoglycan xylosylkinase","Up_in_KO_control"
"ENSMUSG00000050148",3677.58881921247,0.826370162951109,0.157502833615941,5.24670029090494,1.54847492180796e-07,2.79967258084951e-06,"Ubqln2","54609","ubiquilin 2","Up_in_KO_control"
"ENSMUSG00000057036",21110.0779999795,-0.660067884972062,0.12586749566155,-5.24414886863995,1.5700539717451e-07,2.83594787386739e-06,"Gm7536","665189","ribosomal protein L27A pseudogene","Down_in_KO_control"
"ENSMUSG00000060988",26.4957877413273,-2.936713716498,0.560177544154836,-5.24246954763019,1.58441547492047e-07,2.85912890860046e-06,"Galnt13","271786","polypeptide N-acetylgalactosaminyltransferase 13","Down_in_KO_control"
"ENSMUSG00000079491",50.3187366663562,1.88748868674733,0.360596874844087,5.23434565971607,1.65570352711402e-07,2.97984455973343e-06,"H2-T10","15024","histocompatibility 2, T region locus 10","Up_in_KO_control"
"ENSMUSG00000026028",898.226637770703,0.780924917828595,0.14919368632956,5.23430271776767,1.65608846370051e-07,2.97984455973343e-06,"Trak2","70827","trafficking protein, kinesin binding 2","Up_in_KO_control"
"ENSMUSG00000045983",11260.7410713774,0.587871505593791,0.112337733110684,5.23307253329185,1.66715280033643e-07,2.99687131149814e-06,"Eif4g1","208643","eukaryotic translation initiation factor 4, gamma 1","Up_in_KO_control"
"ENSMUSG00000030789",160.349314595566,1.66690681869009,0.318549921728853,5.23279619609811,1.66964800288365e-07,2.99847630306734e-06,"Itgax","16411","integrin alpha X","Up_in_KO_control"
"ENSMUSG00000022490",26.9494180877694,-3.45703338107284,0.661015965546761,-5.22987879455127,1.69621211118825e-07,3.04326148002548e-06,"Ppp1r1a","58200","protein phosphatase 1, regulatory inhibitor subunit 1A","Down_in_KO_control"
"ENSMUSG00000079487",934.415219189265,0.744694585068185,0.142402000914828,5.22952332329653,1.69947661233365e-07,3.04619787802678e-06,"Med12","59024","mediator complex subunit 12","Up_in_KO_control"
"ENSMUSG00000026608",490.671445398872,0.867475641480424,0.165889973993934,5.22922284328131,1.70224083356505e-07,3.04823279602897e-06,"Kctd3","226823","potassium channel tetramerisation domain containing 3","Up_in_KO_control"
"ENSMUSG00000035722",586.373135901278,-0.891700291248121,0.170541694615636,-5.22863510449934,1.70766022155625e-07,3.05501393173825e-06,"Abca7","27403","ATP-binding cassette, sub-family A member 7","Down_in_KO_control"
"ENSMUSG00000038290",1615.83526481703,0.741444160971079,0.141826148605896,5.22783822489175,1.71503469141061e-07,3.06527642601402e-06,"Smg6","103677","SMG6 nonsense mediated mRNA decay factor","Up_in_KO_control"
"ENSMUSG00000022385",362.073674478991,0.761715578286245,0.145740244854155,5.22652873987215,1.72721982371436e-07,3.0841092138518e-06,"Gtse1","29870","G two S phase expressed protein 1","Up_in_KO_control"
"ENSMUSG00000097000",80.4974977189141,-1.63148912963774,0.312279213293035,-5.22445638450738,1.74667491044824e-07,3.11587489029723e-06,NA,NA,NA,"Down_in_KO_control"
"ENSMUSG00000059734",2067.16646149972,-0.854734245765294,0.163741826209478,-5.22001168273166,1.78911844302365e-07,3.18551602514763e-06,"Ndufs8","225887","NADH:ubiquinone oxidoreductase core subunit S8","Down_in_KO_control"
"ENSMUSG00000104960",1447.0513735424,-1.00345912432216,0.192268590275216,-5.21904863860392,1.79844533388558e-07,3.19907866283278e-06,NA,NA,NA,"Down_in_KO_control"
"ENSMUSG00000037816",321.251046411504,0.824311328905125,0.158055405191347,5.21533147131024,1.83488818302241e-07,3.26080366276338e-06,"Fbxw17","109082","F-box and WD-40 domain protein 17","Up_in_KO_control"
"ENSMUSG00000035042",1076.22425803368,2.53402810919848,0.486055988057978,5.21344900887471,1.85361499145513e-07,3.29095800143262e-06,"Ccl5","20304","C-C motif chemokine ligand 5","Up_in_KO_control"
"ENSMUSG00000102252",33.7690689882623,2.78009880605724,0.533410003872399,5.21193600771367,1.86880017831285e-07,3.31477324519132e-06,"Snrpn","20646","small nuclear ribonucleoprotein N","Up_in_KO_control"
"ENSMUSG00000062760",15.3035828435099,-5.10944862759928,0.980726805650143,-5.20985925760653,1.88983935281646e-07,3.34891702739152e-06,"Shisal1","72301","shisa like 1","Down_in_KO_control"
"ENSMUSG00000030835",1905.71723450395,1.21749559481121,0.233726162996781,5.20906850649825,1.89791034155366e-07,3.36003748547717e-06,"Nomo1","211548","nodal modulator 1","Up_in_KO_control"
"ENSMUSG00000037406",34.2058950480177,-2.62192351175697,0.503402527023298,-5.20840355582011,1.90472309831684e-07,3.36891146869593e-06,"Htra4","330723","HtrA serine peptidase 4","Down_in_KO_control"
"ENSMUSG00000026977",2512.85929440221,-0.601114396185104,0.115439574516386,-5.20717785649651,1.91734300510907e-07,3.38803018457092e-06,"Marchf7","57438","membrane associated ring-CH-type finger 7","Down_in_KO_control"
"ENSMUSG00000026029",1571.48503752,0.661411394488655,0.127023886755527,5.20698438209204,1.91934240562925e-07,3.38836362608869e-06,"Casp8","12370","caspase 8","Up_in_KO_control"
"ENSMUSG00000023959",203.393174789471,-1.71698690955957,0.329816909052166,-5.2058789662843,1.93080468740522e-07,3.40349048447563e-06,"Clic5","224796","chloride intracellular channel 5","Down_in_KO_control"
"ENSMUSG00000069899",889.216724708731,-0.600516978979683,0.115355203882181,-5.2058074431824,1.93154859964363e-07,3.40349048447563e-06,"Sft2d1rt","100039624","SFT2 domain containing 1, retrotransposed","Down_in_KO_control"
"ENSMUSG00000034403",2140.38995541559,0.674509885496436,0.129609653778134,5.20416393250353,1.94871928931423e-07,3.43051590413332e-06,"Pja1","18744","praja ring finger ubiquitin ligase 1","Up_in_KO_control"
"ENSMUSG00000023961",403.895301133532,0.984572120509479,0.189196301243363,5.20397129351395,1.95074153195998e-07,3.43084833529766e-06,"Enpp4","224794","ectonucleotide pyrophosphatase/phosphodiesterase 4","Up_in_KO_control"
"ENSMUSG00000001305",624.763465467236,0.845846865189633,0.162596136197753,5.20213385735623,1.9701323784044e-07,3.46169832836447e-06,"Rrp15","67223","ribosomal RNA processing 15 homolog","Up_in_KO_control"
"ENSMUSG00000023175",14340.6387077507,-0.712454809597315,0.13708880313685,-5.19703136430554,2.02496208466827e-07,3.55136977417031e-06,"Bsg","12215","basigin","Down_in_KO_control"
"ENSMUSG00000024777",728.041307278087,-0.800054628225962,0.154072321339241,-5.19272132250398,2.07242278008646e-07,3.62103151108851e-06,"Ppp2r5b","225849","protein phosphatase 2, regulatory subunit B', beta","Down_in_KO_control"
"ENSMUSG00000037461",951.857781800759,0.62660339285779,0.120663025559631,5.19300249559984,2.0692940969876e-07,3.62103151108851e-06,"Ints7","77065","integrator complex subunit 7","Up_in_KO_control"
"ENSMUSG00000028675",2801.48709310233,-0.582739923897904,0.11222182996586,-5.19275014562841,2.07210184781972e-07,3.62103151108851e-06,"Pnrc2","52830","proline-rich nuclear receptor coactivator 2","Down_in_KO_control"
"ENSMUSG00000020914",6254.8377273366,0.702355575732593,0.135305776468354,5.1908765025776,2.09306424012873e-07,3.6468818552634e-06,"Top2a","21973","topoisomerase (DNA) II alpha","Up_in_KO_control"
"ENSMUSG00000028525",480.163270720976,-0.866340284437129,0.167319143589476,-5.17777144833307,2.24552083020106e-07,3.90887732981883e-06,"Pde4b","18578","phosphodiesterase 4B, cAMP specific","Down_in_KO_control"
"ENSMUSG00000035493",11567.6552576988,0.704291396986678,0.136045042165975,5.17689866366055,2.25604673739898e-07,3.92355042722556e-06,"Tgfbi","21810","transforming growth factor, beta induced","Up_in_KO_control"
"ENSMUSG00000032477",692.238784405492,0.755521729840471,0.145957475192108,5.17631405206249,2.26312388104414e-07,3.9322040098402e-06,"Cdc25a","12530","cell division cycle 25A","Up_in_KO_control"
"ENSMUSG00000048826",16.8888287787091,-5.81145431114025,1.12323098734851,-5.17387285126342,2.29290887274506e-07,3.98026008679762e-06,"Dact2","240025","dishevelled-binding antagonist of beta-catenin 2","Down_in_KO_control"
"ENSMUSG00000058589",216.602287326793,1.21862764197516,0.235682224555478,5.1706387457672,2.33295183284621e-07,4.04227107852325e-06,"Anks1b","77531","ankyrin repeat and sterile alpha motif domain containing 1B","Up_in_KO_control"
"ENSMUSG00000018171",7915.91554316483,-0.808980781243927,0.156527007180636,-5.16831437472222,2.36214736297223e-07,4.08907156367247e-06,"Vmp1","75909","vacuole membrane protein 1","Down_in_KO_control"
"ENSMUSG00000069919",4027.13644252908,-3.39813268140086,0.657790258049422,-5.16598207379585,2.39179715288138e-07,4.13275162713474e-06,"Hba-a1","15122","hemoglobin alpha, adult chain 1","Down_in_KO_control"
"ENSMUSG00000029298",171.872381597771,1.52710355646324,0.29560017978578,5.16611173095337,2.39013946721042e-07,4.13275162713474e-06,"Gbp9","236573","guanylate-binding protein 9","Up_in_KO_control"
"ENSMUSG00000026764",74.3476692467052,-1.35617868040452,0.262694250202976,-5.1625746637265,2.43576170492024e-07,4.2048347586875e-06,"Kif5c","16574","kinesin family member 5C","Down_in_KO_control"
"ENSMUSG00000046169",363.09646726918,-0.824673901886387,0.159765943643332,-5.16176278298349,2.44635170556737e-07,4.21533880904992e-06,"Adamts6","108154","ADAM metallopeptidase with thrombospondin type 1 motif 6","Down_in_KO_control"
"ENSMUSG00000009863",2962.07348012765,-0.613151310704561,0.118794985271658,-5.16142419061224,2.45078136374158e-07,4.21908662922688e-06,"Sdhb","67680","succinate dehydrogenase complex, subunit B, iron sulfur (Ip)","Down_in_KO_control"
"ENSMUSG00000053897",127.484277720951,-1.07418276522567,0.208143164947379,-5.16078808303524,2.45912424698315e-07,4.22487570743644e-06,"Slc39a8","67547","solute carrier family 39 (metal ion transporter), member 8","Down_in_KO_control"
"ENSMUSG00000030978",3389.30938936774,0.592828573469222,0.114874751170794,5.16065164387442,2.46091728803811e-07,4.22487570743644e-06,"Rrm1","20133","ribonucleotide reductase M1","Up_in_KO_control"
"ENSMUSG00000040663",522.149887113914,-1.19807550891406,0.232350049903413,-5.15633850482105,2.51825476115318e-07,4.31539389610434e-06,"Clcf1","56708","cardiotrophin-like cytokine factor 1","Down_in_KO_control"
"ENSMUSG00000034218",219.7343951665,1.42121802967126,0.275641539413148,5.15603719489119,2.52230814458221e-07,4.31838538971334e-06,"Atm","11920","ataxia telangiectasia mutated","Up_in_KO_control"
"ENSMUSG00000020840",697.6734814418,0.810645501280592,0.15727743361387,5.15423912161994,2.54662813626257e-07,4.35205957204397e-06,"Blmh","104184","bleomycin hydrolase","Up_in_KO_control"
"ENSMUSG00000030630",259.225692600835,-1.10648486634544,0.214860626572542,-5.14977957570029,2.60792767077364e-07,4.45275095832e-06,"Fah","14085","fumarylacetoacetate hydrolase","Down_in_KO_control"
"ENSMUSG00000041351",55.3041729453595,-2.16231687574098,0.419941781342842,-5.14908725877804,2.61757094885285e-07,4.4610751517198e-06,"Rap1gap","110351","Rap1 GTPase-activating protein","Down_in_KO_control"
"ENSMUSG00000040429",122.7674360613,-1.27489150717295,0.247667902513305,-5.14758470611451,2.63861863097127e-07,4.48877004012413e-06,"Mterf1a","545725","mitochondrial transcription termination factor 1a","Down_in_KO_control"
"ENSMUSG00000027534",311.266260016533,-1.02099717212027,0.198356923245144,-5.14727268106719,2.64300991427827e-07,4.49020171828394e-06,"Snx16","74718","sorting nexin 16","Down_in_KO_control"
"ENSMUSG00000030256",475.678559481203,-1.4298110798481,0.277818736448341,-5.14656102078259,2.65305188810528e-07,4.50104804914906e-06,"Bhlhe41","79362","basic helix-loop-helix family, member e41","Down_in_KO_control"
"ENSMUSG00000037202",74.9299321501433,1.76834309971473,0.343704435470878,5.14495280601219,2.67588072844196e-07,4.53156798054227e-06,"Prf1","18646","perforin 1 (pore forming protein)","Up_in_KO_control"
"ENSMUSG00000032289",144.540929967761,1.42155863434988,0.276301602867409,5.14495254315284,2.6758844752307e-07,4.53156798054227e-06,"Thsd4","207596","thrombospondin, type I, domain containing 4","Up_in_KO_control"
"ENSMUSG00000024425",11276.4976736117,-0.607242638839978,0.118037364949499,-5.14449504273312,2.68241335639441e-07,4.53851728193568e-06,"Ndfip1","65113","Nedd4 family interacting protein 1","Down_in_KO_control"
"ENSMUSG00000057722",154.791437982328,-1.70521975705876,0.331568643996893,-5.14288605974074,2.70549720315689e-07,4.57343894875112e-06,"Lepr","16847","leptin receptor","Down_in_KO_control"
"ENSMUSG00000023169",2346.8464157725,0.822192742954096,0.159876934850474,5.14266015747085,2.70875351077745e-07,4.5736469867811e-06,"Slc38a1","105727","solute carrier family 38, member 1","Up_in_KO_control"
"ENSMUSG00000021156",1983.40196095655,0.649189099402806,0.126239034895955,5.14253851780363,2.71050847450448e-07,4.5736469867811e-06,"Zmynd11","66505","zinc finger, MYND domain containing 11","Up_in_KO_control"
"ENSMUSG00000021660",3871.30730250771,-0.586542259111326,0.114186601060597,-5.13669952221502,2.79605474126833e-07,4.71374525886075e-06,"Btf3","218490","basic transcription factor 3","Down_in_KO_control"
"ENSMUSG00000044629",176.810203667641,-1.19071724662931,0.23183111166516,-5.13614086598133,2.80437486779012e-07,4.72351637272336e-06,"Cnrip1","380686","cannabinoid receptor interacting protein 1","Down_in_KO_control"
"ENSMUSG00000004880",647.954354428724,0.983628058241731,0.191632982860469,5.13287453735417,2.85350131424323e-07,4.80193975660374e-06,"Lbr","98386","lamin B receptor","Up_in_KO_control"
"ENSMUSG00000082241",187.93738706549,-1.31817651819754,0.256896926489727,-5.13114943105501,2.87978169306729e-07,4.84181085555869e-06,NA,NA,NA,"Down_in_KO_control"
"ENSMUSG00000055670",942.761232615956,0.603346299102298,0.1175935798348,5.13077584635064,2.88550361717374e-07,4.84707622874078e-06,"Zzef1","195018","zinc finger, ZZ-type with EF hand domain 1","Up_in_KO_control"
"ENSMUSG00000086583",18900.248594008,-0.642077686917601,0.125181884169017,-5.1291581939339,2.91040696430948e-07,4.88452426216352e-06,"Gm15500","100043295","ribosomal protein L5 pseudogene","Down_in_KO_control"
"ENSMUSG00000001504",24.020202932256,-3.42741673150961,0.668285363818121,-5.12867244604568,2.91792536039787e-07,4.89275423558471e-06,"Irx2","16372","Iroquois homeobox 2","Down_in_KO_control"
"ENSMUSG00000075054",571.850097242337,0.776021097719734,0.151322539406849,5.12825849183848,2.92434733424971e-07,4.89913264689479e-06,"Yae1d1","67008","Yae1 domain containing 1","Up_in_KO_control"
"ENSMUSG00000020669",126.446230198843,-1.44729021236794,0.282323207728558,-5.12635933833483,2.95398565091038e-07,4.94435898796834e-06,"Sh3yl1","24057","Sh3 domain YSC-like 1","Down_in_KO_control"
"ENSMUSG00000026664",508.812042053048,-1.01329005335702,0.197689613240484,-5.1256615699095,2.96494776575375e-07,4.95698307035455e-06,"Phyh","16922","phytanoyl-CoA hydroxylase","Down_in_KO_control"
"ENSMUSG00000032009",1630.55834701664,0.854691140691097,0.166751358956677,5.12554228066682,2.96682575685198e-07,4.95698307035455e-06,"Sesn3","75747","sestrin 3","Up_in_KO_control"
"ENSMUSG00000021377",3676.8388084515,0.773080810398923,0.150849166627393,5.12485967064362,2.97759431612191e-07,4.97053723796514e-06,"Dek","110052","DEK proto-oncogene","Up_in_KO_control"
"ENSMUSG00000014873",697.992598986021,-0.614818114491559,0.119996459645481,-5.12363544981233,2.99700170632551e-07,4.99847530574592e-06,"Surf2","20931","surfeit gene 2","Down_in_KO_control"
"ENSMUSG00000035314",1293.31901251557,1.05526379980484,0.205978707587266,5.12316934194647,3.00442290263588e-07,5.00639054114206e-06,"Gdpd5","233552","glycerophosphodiester phosphodiesterase domain containing 5","Up_in_KO_control"
"ENSMUSG00000058290",850.012552254502,0.661451780599632,0.129170559348303,5.12076268723164,3.0430239789169e-07,5.06620175422349e-06,"Espl1","105988","extra spindle pole bodies 1, separase","Up_in_KO_control"
"ENSMUSG00000028351",82.8859615822193,-2.30709655220454,0.451718192213471,-5.10738020290815,3.26656061689094e-07,5.42830624190545e-06,"Brinp1","56710","bone morphogenic protein/retinoic acid inducible neural specific 1","Down_in_KO_control"
"ENSMUSG00000022199",201.542147315413,-1.54516857025804,0.302604866142759,-5.1062251243808,3.28658112794097e-07,5.4475438921979e-06,"Slc22a17","59049","solute carrier family 22 (organic cation transporter), member 17","Down_in_KO_control"
"ENSMUSG00000021701",1483.61029687833,-0.751835981517635,0.147239184684989,-5.10622211829107,3.28663338550282e-07,5.4475438921979e-06,"Plk2","20620","polo like kinase 2","Down_in_KO_control"
"ENSMUSG00000026434",4522.21504707165,0.622359760605622,0.121902744675658,5.10537939290464,3.30131491534825e-07,5.46502124541725e-06,"Nucks1","98415","nuclear casein kinase and cyclin-dependent kinase substrate 1","Up_in_KO_control"
"ENSMUSG00000002658",4452.26142434376,-0.592702908301908,0.116096021451214,-5.1052818252775,3.30301877227965e-07,5.46502124541725e-06,"Gtf2f1","98053","general transcription factor IIF, polypeptide 1","Down_in_KO_control"
"ENSMUSG00000115149",146.029936759548,1.55270146985343,0.304229215230983,5.10372243071579,3.33036650137353e-07,5.5054017968377e-06,"9330188P03Rik","380930","RIKEN cDNA 9330188P03 gene","Up_in_KO_control"
"ENSMUSG00000047989",1229.50269846067,-0.652282508162393,0.127813802790932,-5.10338080801295,3.33638679778173e-07,5.51048597942537e-06,"Ino80c","225280","INO80 complex subunit C","Down_in_KO_control"
"ENSMUSG00000040562",137.780124115357,1.32642166050639,0.259995749868626,5.10170516701377,3.36606849307527e-07,5.54971274986058e-06,"Gstm2","14863","glutathione S-transferase, mu 2","Up_in_KO_control"
"ENSMUSG00000009640",915.210889828526,-0.67944719922512,0.133359170690807,-5.09486670999492,3.489867008064e-07,5.7487571586181e-06,"Dmap1","66233","DNA methyltransferase 1-associated protein 1","Down_in_KO_control"
"ENSMUSG00000081094",21058.7310340635,-0.733586830232098,0.144077314743725,-5.09161925690352,3.55018462636284e-07,5.84297316738151e-06,"Rpl19-ps11","100041511","ribosomal protein L19, pseudogene 11","Down_in_KO_control"
"ENSMUSG00000033377",376.933153879095,-1.28029921524571,0.251555512555263,-5.08952955250564,3.58952918035501e-07,5.89218066245468e-06,"Palmd","114301","palmdelphin","Down_in_KO_control"
"ENSMUSG00000041187",302.402448574481,0.824462550382093,0.161990340533774,5.08957847526838,3.58860327959838e-07,5.89218066245468e-06,"Prkd2","101540","protein kinase D2","Up_in_KO_control"
"ENSMUSG00000020330",1035.41563490992,0.91086522035304,0.179076484613325,5.08645913124688,3.64810287113726e-07,5.98308054580119e-06,"Hmmr","15366","hyaluronan mediated motility receptor (RHAMM)","Up_in_KO_control"
"ENSMUSG00000024084",267.150935299349,-1.28778571500947,0.253230732419755,-5.08542427968355,3.66805152950975e-07,6.01052962099089e-06,"Qpct","70536","glutaminyl-peptide cyclotransferase (glutaminyl cyclase)","Down_in_KO_control"
"ENSMUSG00000036768",486.258242815482,0.912985412367611,0.17963201166621,5.08253180432064,3.72436925111659e-07,6.09747347297855e-06,"Kif15","209737","kinesin family member 15","Up_in_KO_control"
"ENSMUSG00000052613",54.5909802274118,1.8483752179863,0.36380699070242,5.08064788534589,3.76149773600422e-07,6.1513289721738e-06,"Pcdh15","11994","protocadherin 15","Up_in_KO_control"
"ENSMUSG00000024273",248.659921319494,-0.949644547478618,0.186918412852942,-5.08052969733779,3.76383886770641e-07,6.1513289721738e-06,"2700062C07Rik","68046","RIKEN cDNA 2700062C07 gene","Down_in_KO_control"
"ENSMUSG00000002228",268.285048838261,-1.08067851336006,0.212719281929655,-5.080303504021,3.7683233482666e-07,6.15328401536762e-06,"Ppm1j","71887","protein phosphatase 1J","Down_in_KO_control"
"ENSMUSG00000085101",17.8713637222292,6.48874371474316,1.27749233657896,5.07928190952566,3.788641670306e-07,6.1810681409273e-06,"Gm42346","105247207","predicted gene, 42346","Up_in_KO_control"
"ENSMUSG00000050075",90.2904799842966,1.77884158134883,0.35027902576956,5.07835596904704,3.80714885374437e-07,6.20585161150858e-06,"Gpr171","229323","G protein-coupled receptor 171","Up_in_KO_control"
"ENSMUSG00000041297",1664.49258650154,0.586994669366298,0.115634210085581,5.07630630184495,3.84842729441057e-07,6.26767797739818e-06,"Cdk13","69562","cyclin dependent kinase 13","Up_in_KO_control"
"ENSMUSG00000069806",337.801264302432,-1.26123094153958,0.248639664123756,-5.07252511776166,3.92571298741239e-07,6.38351402785834e-06,"Cacng7","81904","calcium channel, voltage-dependent, gamma subunit 7","Down_in_KO_control"
"ENSMUSG00000018774",2774.72430674571,-0.804815095511034,0.158662631068976,-5.072493063355,3.92637452362793e-07,6.38351402785834e-06,"Cd68","12514","CD68 antigen","Down_in_KO_control"
"ENSMUSG00000041570",1163.49137239698,0.648538240383298,0.127912255201902,5.07018064343888,3.97438290580234e-07,6.45595723231591e-06,"Camsap2","67886","calmodulin regulated spectrin-associated protein family, member 2","Up_in_KO_control"
"ENSMUSG00000044807",627.284077503102,0.654814134644316,0.129214550947906,5.06765012021215,4.02756838455347e-07,6.5366771188334e-06,"Zfp354c","30944","zinc finger protein 354C","Up_in_KO_control"
"ENSMUSG00000042215",1057.12000542718,0.73667762247972,0.145475446669603,5.06393098866248,4.10698373878543e-07,6.65402482284777e-06,"Bag2","213539","BCL2-associated athanogene 2","Up_in_KO_control"
"ENSMUSG00000021133",1483.9081006436,0.620096748951424,0.122494389831848,5.06224611431309,4.14345648720304e-07,6.70730979628292e-06,"Susd6","217684","sushi domain containing 6","Up_in_KO_control"
"ENSMUSG00000110744",674.393609463452,0.94220302319509,0.186157023011338,5.06133482343939,4.16331336891422e-07,6.72781373683003e-06,NA,NA,NA,"Up_in_KO_control"
"ENSMUSG00000015437",199.799535554224,1.70507895616775,0.33729002808355,5.05523085237902,4.29870470694182e-07,6.94060924771374e-06,"Gzmb","14939","granzyme B","Up_in_KO_control"
"ENSMUSG00000034040",156.485962983333,1.41218440255345,0.279480811539833,5.05288500764276,4.35185931029717e-07,7.02037442013714e-06,"Galnt17","212996","polypeptide N-acetylgalactosaminyltransferase 17","Up_in_KO_control"
"ENSMUSG00000031996",6040.1355539476,0.687645219805707,0.13613676095407,5.05113545369062,4.39191475498362e-07,7.07888895865706e-06,"Aplp2","11804","amyloid beta precursor-like protein 2","Up_in_KO_control"
"ENSMUSG00000039795",316.901446786325,-0.817777019978742,0.161974235035828,-5.04880927388146,4.44572300170935e-07,7.15945047598857e-06,"Zfand1","66361","zinc finger, AN1-type domain 1","Down_in_KO_control"
"ENSMUSG00000032400",713.531806452106,0.782367841475353,0.154980461372424,5.04817081164376,4.46060252676835e-07,7.17723603468754e-06,"Zwilch","68014","zwilch kinetochore protein","Up_in_KO_control"
"ENSMUSG00000070639",577.578939232079,0.881399308953376,0.174648592943879,5.04670145975126,4.49502887273328e-07,7.22641540338985e-06,"Lrrc8b","433926","leucine rich repeat containing 8 family, member B","Up_in_KO_control"
"ENSMUSG00000060450",1064.6467703526,0.6250113714985,0.123977244246738,5.04133944334664,4.62284625196172e-07,7.42552119424547e-06,"Rnf14","56736","ring finger protein 14","Up_in_KO_control"
"ENSMUSG00000050299",11772.5313515205,-0.630961051254164,0.125191697748941,-5.03995921933649,4.65631055223559e-07,7.4728592936522e-06,NA,NA,NA,"Down_in_KO_control"
"ENSMUSG00000024379",78.2065459989946,-1.43302554280357,0.28434427603416,-5.03975519672993,4.66127697356905e-07,7.47441953782327e-06,"Tslp","53603","thymic stromal lymphopoietin","Down_in_KO_control"
"ENSMUSG00000025255",1605.43069306625,-0.667752239011684,0.132569319841515,-5.03700433712698,4.72874070186249e-07,7.57610657140007e-06,"Zfhx4","80892","zinc finger homeodomain 4","Down_in_KO_control"
"ENSMUSG00000052331",347.085869939211,1.1256853226199,0.223558549045157,5.03530429691832,4.77090331916955e-07,7.63711837567321e-06,"Ankrd44","329154","ankyrin repeat domain 44","Up_in_KO_control"
"ENSMUSG00000060429",31.8713793064482,-2.50309863959531,0.497152732110363,-5.03486851811094,4.78176929516015e-07,7.64796998464375e-06,"Sntb1","20649","syntrophin, basic 1","Down_in_KO_control"
"ENSMUSG00000050541",36.8366878483098,2.25456982102599,0.448239501357452,5.02983296697018,4.90907304755958e-07,7.83818122346267e-06,"Adra1b","11548","adrenergic receptor, alpha 1b","Up_in_KO_control"
"ENSMUSG00000054793",145.182787262011,-1.55617559550556,0.309578766631211,-5.02675171310884,4.98857555713786e-07,7.95155148217383e-06,"Cadm4","260299","cell adhesion molecule 4","Down_in_KO_control"
"ENSMUSG00000103653",967.985268798002,-0.809894474392532,0.161244354920064,-5.02277723021083,5.0929605492531e-07,8.10030578499882e-06,NA,NA,NA,"Down_in_KO_control"
"ENSMUSG00000071141",508.221836749384,-0.648142771801356,0.129042580676875,-5.02270466385292,5.09488585953273e-07,8.10030578499882e-06,NA,NA,NA,"Down_in_KO_control"
"ENSMUSG00000032262",257.138308391449,-1.13454540003928,0.225890786217165,-5.02253951583736,5.09927013706755e-07,8.10039406408701e-06,"Elovl4","83603","ELOVL fatty acid elongase 4","Down_in_KO_control"
"ENSMUSG00000021464",695.051257125726,0.922352029944939,0.183706015350882,5.02080472532827,5.14554498414417e-07,8.16697059273027e-06,"Ror2","26564","receptor tyrosine kinase-like orphan receptor 2","Up_in_KO_control"
"ENSMUSG00000025997",99.7430974528564,1.75473085023271,0.349743000296041,5.01720076955767,5.24297702983623e-07,8.30752152068801e-06,"Ikzf2","22779","IKAROS family zinc finger 2","Up_in_KO_control"
"ENSMUSG00000038943",836.340768158944,1.11649090459186,0.22257274830566,5.01629652817416,5.26770073932726e-07,8.33963485067944e-06,"Prc1","233406","protein regulator of cytokinesis 1","Up_in_KO_control"
"ENSMUSG00000032348",183.747451269786,-2.87638473960849,0.573882083565178,-5.01215288293942,5.3824412056062e-07,8.51408472362712e-06,"Gsta4","14860","glutathione S-transferase, alpha 4","Down_in_KO_control"
"ENSMUSG00000031297",205.865240470214,-1.55333382913985,0.310081938630797,-5.00943020415436,5.45914199814714e-07,8.62811859892969e-06,"Slc7a3","11989","solute carrier family 7 (cationic amino acid transporter, y+ system), member 3","Down_in_KO_control"
"ENSMUSG00000038664",812.615925635373,0.748155573427062,0.149362885519773,5.00897911032938,5.47195113752516e-07,8.64106511700492e-06,"Herc1","235439","HECT and RLD domain containing E3 ubiquitin protein ligase family member 1","Up_in_KO_control"
"ENSMUSG00000081406",21571.1747945059,-0.66375922301523,0.132536940263353,-5.00810733744366,5.49678792964686e-07,8.67296732946726e-06,"Rps6-ps4","105244208","ribosomal protein S6, pseudogene 4","Down_in_KO_control"
"ENSMUSG00000113948",8465.51157195488,-1.07660742236104,0.214980450554385,-5.00793174255944,5.50180375879501e-07,8.67356813296807e-06,"Rpl17-ps3","100040745","ribosomal protein L17, pseudogene 3","Down_in_KO_control"
"ENSMUSG00000073421",1638.10704708261,1.80849152066382,0.361491740741973,5.00285709696115,5.64868144136612e-07,8.89762422662326e-06,"H2-Ab1","14961","histocompatibility 2, class II antigen A, beta 1","Up_in_KO_control"
"ENSMUSG00000070271",267.911174219082,-1.12377775452537,0.224709680263707,-5.00102066455955,5.70275991285313e-07,8.97525199741133e-06,NA,NA,NA,"Down_in_KO_control"
"ENSMUSG00000039155",31.5813941289269,2.35589917832434,0.471197295377886,4.99981473033495,5.73854287044196e-07,9.02397922139331e-06,"Cdh26","381409","cadherin-like 26","Up_in_KO_control"
"ENSMUSG00000018068",588.496729315149,0.682101105581354,0.136667534809407,4.9909519955313,6.00824297236282e-07,9.42432948380767e-06,"Ints2","70422","integrator complex subunit 2","Up_in_KO_control"
"ENSMUSG00000032827",367.546384505205,1.17089831093154,0.234661889946488,4.98972505164151,6.04652930348592e-07,9.46059388429197e-06,"Ppp1r9a","243725","protein phosphatase 1, regulatory subunit 9A","Up_in_KO_control"
"ENSMUSG00000058444",545.942684803447,0.671964069056898,0.134712525366253,4.98813356241358,6.09654161490179e-07,9.53087579278673e-06,"Map2k5","23938","mitogen-activated protein kinase kinase 5","Up_in_KO_control"
"ENSMUSG00000051506",198.453059238575,1.07934933245686,0.216619715080652,4.98269205115975,6.27057029742151e-07,9.77843183130406e-06,"Wdfy4","545030","WD repeat and FYVE domain containing 4","Up_in_KO_control"
"ENSMUSG00000110644",366.008095021336,0.885836534194224,0.177780337527137,4.98275876014133,6.26840812732889e-07,9.77843183130406e-06,NA,NA,NA,"Up_in_KO_control"
"ENSMUSG00000025790",337.944652472253,0.98380465981471,0.197525292700847,4.98065157308582,6.33705457807973e-07,9.87388029305628e-06,"Slco3a1","108116","solute carrier organic anion transporter family, member 3a1","Up_in_KO_control"
"ENSMUSG00000033152",107.907739730378,-1.40766295585214,0.282676268785647,-4.97977054069426,6.36597052084085e-07,9.91068272516595e-06,"Podxl2","319655","podocalyxin-like 2","Down_in_KO_control"
"ENSMUSG00000030671",1344.58668386274,-0.729967761258876,0.14660410158044,-4.9791769356354,6.38552460608122e-07,9.93286134277622e-06,"Pde3b","18576","phosphodiesterase 3B, cGMP-inhibited","Down_in_KO_control"
"ENSMUSG00000116912",116.484300359554,1.42201797634068,0.285770968280183,4.97607571860297,6.48862740370638e-07,1.00848575253785e-05,"Gm5487","433027","minichromosome maintenance deficient 7 pseudogene","Up_in_KO_control"
"ENSMUSG00000060550",338.80455093488,1.34569819941634,0.270458354020864,4.9756207542124,6.50388741157916e-07,1.01001863180814e-05,"H2-Q7","15018","histocompatibility 2, Q region locus 7","Up_in_KO_control"
"ENSMUSG00000058603",11898.1814950826,-0.856157788836864,0.172240411406865,-4.97071379384048,6.67068589896895e-07,1.03506256407468e-05,"Rpl28-ps1","100042670","ribosomal protein L28, pseudogene 1","Down_in_KO_control"
"ENSMUSG00000058317",487.321120445224,-0.738685431128835,0.148652629865405,-4.96920526597926,6.7227873047123e-07,1.04228267467342e-05,"Ube2e2","218793","ubiquitin-conjugating enzyme E2E 2","Down_in_KO_control"
"ENSMUSG00000028843",5697.07532186245,-0.873421839663188,0.175801867681206,-4.96821706835918,6.75712993163045e-07,1.0467398378361e-05,"Sh3bgrl3","73723","SH3 domain binding glutamic acid-rich protein-like 3","Down_in_KO_control"
"ENSMUSG00000028064",139.791472449861,1.19417221662109,0.240473950462417,4.96591092018397,6.83793388227503e-07,1.05838094904063e-05,"Sema4a","20351","sema domain, immunoglobulin domain (Ig), transmembrane domain (TM) and short cytoplasmic domain, (semaphorin) 4A","Up_in_KO_control"
"ENSMUSG00000020886",1173.35967134514,0.613239174896971,0.12349673855733,4.96563052644739,6.84782170998103e-07,1.05903543519731e-05,"Dlg4","13385","discs large MAGUK scaffold protein 4","Up_in_KO_control"
"ENSMUSG00000030880",662.657797759525,0.653618202579167,0.131660515339045,4.96442081284585,6.89063931837256e-07,1.06477732093068e-05,"Polr3e","26939","polymerase (RNA) III (DNA directed) polypeptide E","Up_in_KO_control"
"ENSMUSG00000032235",280.216958055558,0.802829955360002,0.161748169711556,4.96345619732009,6.9249664756346e-07,1.0691988255656e-05,"Ice2","93697","interactor of little elongation complex ELL subunit 2","Up_in_KO_control"
"ENSMUSG00000027610",851.860612636517,-0.652959928250401,0.131641266370335,-4.96014620835906,7.04401418677316e-07,1.08578778811438e-05,"Gss","14854","glutathione synthetase","Down_in_KO_control"
"ENSMUSG00000056486",356.880403201896,0.918173377620914,0.185159071340059,4.95883550817024,7.09169803316452e-07,1.09223823287743e-05,"Chn1","108699","chimerin 1","Up_in_KO_control"
"ENSMUSG00000026181",1231.11456851836,0.659547779846422,0.133014087458914,4.95848065754798,7.10466105811403e-07,1.09333488799743e-05,"Ppm1f","68606","protein phosphatase 1F (PP2C domain containing)","Up_in_KO_control"
"ENSMUSG00000029860",2975.79917019908,0.682464996313903,0.137657887026944,4.95768902932765,7.133662305448e-07,1.09689583173253e-05,"Zyx","22793","zyxin","Up_in_KO_control"
"ENSMUSG00000018509",534.98834344047,0.839580041750406,0.169391031446333,4.95646100375985,7.17887677099538e-07,1.10203708790514e-05,"Cenpv","73139","centromere protein V","Up_in_KO_control"
"ENSMUSG00000048755",377.482226687822,0.95616744395889,0.192927546071676,4.95609602375627,7.19236804848218e-07,1.10320314173153e-05,"Mcat","223722","malonyl CoA:ACP acyltransferase (mitochondrial)","Up_in_KO_control"
"ENSMUSG00000062524",42.5216620559906,2.07118256880764,0.417954561567233,4.95552090887866,7.21367642745989e-07,1.10556533158933e-05,"Ncr1","17086","natural cytotoxicity triggering receptor 1","Up_in_KO_control"
"ENSMUSG00000062382",8321.5165576625,-0.730663399259654,0.147492816156665,-4.95389143891289,7.27438015202181e-07,1.11395643031738e-05,"Ftl1-ps2","434624","ferritin light polypeptide, pseudogene 2","Down_in_KO_control"
"ENSMUSG00000030165",82.8694413885808,1.75965145422943,0.355269632503763,4.95300271466572,7.30769548786733e-07,1.11814313707654e-05,"Klrd1","16643","killer cell lectin-like receptor, subfamily D, member 1","Up_in_KO_control"
"ENSMUSG00000116632",274.805700718342,-0.809821045192178,0.163515090103988,-4.95257682136351,7.32371287462645e-07,1.11967842338958e-05,NA,NA,NA,"Down_in_KO_control"
"ENSMUSG00000035187",19.5762435843454,6.71226163748155,1.3555339069281,4.95174750198085,7.35499979088401e-07,1.12262733349765e-05,"Nkx6-1","18096","NK6 homeobox 1","Up_in_KO_control"
"ENSMUSG00000035614",763.393114921064,-0.608456480314416,0.122875512006983,-4.95181236990361,7.35254794784727e-07,1.12262733349765e-05,"Togaram1","328108","TOG array regulator of axonemal microtubules 1","Down_in_KO_control"
"ENSMUSG00000080242",1172.34996664039,-0.675091632454727,0.13648808779512,-4.94615789084904,7.56925721419632e-07,1.1534487805314e-05,NA,NA,NA,"Down_in_KO_control"
"ENSMUSG00000028583",3671.75635500154,-0.709584945110326,0.143478595407751,-4.94558051041524,7.5917285301693e-07,1.15593178181496e-05,"Pdpn","14726","podoplanin","Down_in_KO_control"
"ENSMUSG00000024851",790.364498677826,-0.874390980962178,0.176953180036729,-4.94136912815406,7.75758800555971e-07,1.1783096132146e-05,"Pitpnm1","18739","phosphatidylinositol transfer protein, membrane-associated 1","Down_in_KO_control"
"ENSMUSG00000054387",855.424240550918,0.6791849041255,0.13751985055443,4.93881357045746,7.85993100113698e-07,1.19288636516039e-05,"Mdm4","17248","MDM4 regulator of p53","Up_in_KO_control"
"ENSMUSG00000021028",603.649113053807,-0.726247878381941,0.147083402873711,-4.93766029472077,7.90654122685222e-07,1.19898789285321e-05,"Mbip","217588","MAP3K12 binding inhibitory protein 1","Down_in_KO_control"
"ENSMUSG00000016252",2871.39227484661,-0.920978495459012,0.186533778084598,-4.93732826792005,7.9200095423723e-07,1.20005780215719e-05,"Atp5f1e","67126","ATP synthase F1 subunit epsilon","Down_in_KO_control"
"ENSMUSG00000089659",55.2970980662489,1.85123398519541,0.375102127345249,4.9352798884329,8.00358988813177e-07,1.21076133853363e-05,NA,NA,NA,"Up_in_KO_control"
"ENSMUSG00000039748",407.380570081099,0.936023221830176,0.189702159728133,4.93417272197437,8.04911880450783e-07,1.21666526808364e-05,"Exo1","26909","exonuclease 1","Up_in_KO_control"
"ENSMUSG00000032097",4821.22325958036,0.633307342623597,0.128404291115641,4.93213534470774,8.13355256294556e-07,1.22843558604036e-05,"Ddx6","13209","DEAD-box helicase 6","Up_in_KO_control"
"ENSMUSG00000048644",1022.92936409449,-0.682259699306592,0.138371219453603,-4.93064744244276,8.19575307070922e-07,1.23683167106598e-05,"Ctxn1","330695","cortexin 1","Down_in_KO_control"
"ENSMUSG00000039103",2371.67720356288,0.617250974389233,0.125198791727122,4.93016718351858,8.21592751140694e-07,1.23787964187567e-05,"Nexn","68810","nexilin","Up_in_KO_control"
"ENSMUSG00000032849",229.683685638887,0.839861231082931,0.170395476576435,4.928893935199,8.26964515313579e-07,1.24397001407259e-05,"Abcc4","239273","ATP-binding cassette, sub-family C member 4","Up_in_KO_control"
"ENSMUSG00000032353",1513.31265226989,0.671945730460103,0.136324050508417,4.92903290324853,8.26376576386338e-07,1.24397001407259e-05,"Tmed3","66111","transmembrane p24 trafficking protein 3","Up_in_KO_control"
"ENSMUSG00000017167",100.353828527043,1.12828954904099,0.228940334125355,4.92831266867638,8.29428077591178e-07,1.24567316339998e-05,"Cntnap1","53321","contactin associated protein-like 1","Up_in_KO_control"
"ENSMUSG00000039960",664.182206912912,0.71822378543059,0.145740034519925,4.92811592776448,8.30263517859526e-07,1.24592792379353e-05,"Rhou","69581","ras homolog family member U","Up_in_KO_control"
"ENSMUSG00000014498",460.721762279622,1.19831327300033,0.243221781083099,4.92683372214478,8.35728159031529e-07,1.25312348076579e-05,"Ankrd52","237615","ankyrin repeat domain 52","Up_in_KO_control"
"ENSMUSG00000037022",306.387212196382,-0.808786163123471,0.164182049380234,-4.92615463247373,8.38636390391081e-07,1.2564774037941e-05,"Mmaa","109136","methylmalonic aciduria (cobalamin deficiency) type A","Down_in_KO_control"
"ENSMUSG00000028992",239.704462254716,-0.887653336848305,0.180222196148017,-4.92532748918049,8.42191834707914e-07,1.26079486423113e-05,"Nmnat1","66454","nicotinamide nucleotide adenylyltransferase 1","Down_in_KO_control"
"ENSMUSG00000029465",5717.08472373755,-0.638598826163671,0.129708604260329,-4.92333434474387,8.50819026697322e-07,1.27269196215723e-05,"Arpc3","56378","actin related protein 2/3 complex, subunit 3","Down_in_KO_control"
"ENSMUSG00000021209",39.6171498088439,-1.87722711175999,0.381348670375369,-4.92260038539585,8.5401731017293e-07,1.27645574482956e-05,"Ppp4r4","74521","protein phosphatase 4, regulatory subunit 4","Down_in_KO_control"
"ENSMUSG00000046057",108.232403862261,1.69318411655076,0.343976009675253,4.92239013455995,8.54935625413005e-07,1.27680848829637e-05,NA,NA,NA,"Up_in_KO_control"
"ENSMUSG00000083380",139.818787164735,-1.04068169244968,0.211428292527579,-4.92214963290183,8.55987233561137e-07,1.27735957748242e-05,"Ndufb4c","100041273","NADH:ubiquinone oxidoreductase subunit B4C","Down_in_KO_control"
"ENSMUSG00000041773",964.177024210969,0.745856908589892,0.151638938594253,4.91863709614595,8.71488693441224e-07,1.29842101276796e-05,"Enc1","13803","ectodermal-neural cortex 1","Up_in_KO_control"
"ENSMUSG00000038319",49.6784452757615,-2.07421626858099,0.421845977756204,-4.91699904219481,8.78809814298116e-07,1.30828703698971e-05,"Kcnh2","16511","potassium voltage-gated channel, subfamily H (eag-related), member 2","Down_in_KO_control"
"ENSMUSG00000021385",382.636958820965,0.722083133747915,0.146932954922326,4.91437155217926,8.9067696243634e-07,1.32489968188166e-05,"Ippk","75678","inositol 1,3,4,5,6-pentakisphosphate 2-kinase","Up_in_KO_control"
"ENSMUSG00000032177",666.172132026938,0.696180554485293,0.141686899742331,4.9135139222564,8.94583770562106e-07,1.32965417780212e-05,"Pde4a","18577","phosphodiesterase 4A, cAMP specific","Up_in_KO_control"
"ENSMUSG00000023022",4180.2687599438,0.669983052489198,0.13638474801048,4.91244851248114,8.99460074627013e-07,1.33445449205255e-05,"Lima1","65970","LIM domain and actin binding 1","Up_in_KO_control"
"ENSMUSG00000021113",1030.63451959033,-0.654995647960933,0.133336758164223,-4.9123411801734,8.99952743531404e-07,1.33445449205255e-05,"Snapc1","75627","small nuclear RNA activating complex, polypeptide 1","Down_in_KO_control"
"ENSMUSG00000032715",473.851633633475,-1.41991369431197,0.289144921987195,-4.91073363679839,9.07362732846074e-07,1.34331319776492e-05,"Trib3","228775","tribbles pseudokinase 3","Down_in_KO_control"
"ENSMUSG00000040174",582.58327716449,-0.590673670593798,0.12029848990764,-4.91006720905051,9.10451833276766e-07,1.34682096095716e-05,"Alkbh3","69113","alkB homolog 3, alpha-ketoglutarate-dependent dioxygenase","Down_in_KO_control"
"ENSMUSG00000106990",227.941424956504,0.863062981435515,0.175808067974769,4.90912044809784,9.14857782147536e-07,1.35226964275883e-05,NA,NA,NA,"Up_in_KO_control"
"ENSMUSG00000022479",104.369637164969,-1.13783132711716,0.231914353249172,-4.90625660368102,9.28310601275504e-07,1.36999024303379e-05,"Vdr","22337","vitamin D (1,25-dihydroxyvitamin D3) receptor","Down_in_KO_control"
"ENSMUSG00000038412",750.650196315753,-1.0104012589897,0.205996099499216,-4.90495335322379,9.34495448043767e-07,1.37803099442419e-05,"Higd1a","56295","HIG1 domain family, member 1A","Down_in_KO_control"
"ENSMUSG00000046447",446.693572370645,-0.990060206145511,0.201919998600401,-4.90323005649794,9.42734650006584e-07,1.38908610280104e-05,"Camk2n1","66259","calcium/calmodulin-dependent protein kinase II inhibitor 1","Down_in_KO_control"
"ENSMUSG00000042814",104.778459047054,-1.32037474630753,0.269298151530013,-4.90302194354417,9.43734372706205e-07,1.38946509177429e-05,"Mcts2","66405","malignant T cell amplified sequence 2","Down_in_KO_control"
"ENSMUSG00000023947",599.12505690458,1.06156741893355,0.216521806883108,4.90281987858459,9.44706018902124e-07,1.38980218016631e-05,"Nfkbie","18037","nuclear factor of kappa light polypeptide gene enhancer in B cells inhibitor, epsilon","Up_in_KO_control"
"ENSMUSG00000047446",1158.72154783675,-0.762937289602986,0.155734893051123,-4.89894894237053,9.63506753959392e-07,1.41634735953198e-05,"Arl4a","11861","ADP-ribosylation factor-like 4A","Down_in_KO_control"
"ENSMUSG00000099881",237.991396438894,-0.994007527890782,0.203013311613106,-4.89626773728572,9.76739687895211e-07,1.43467266715723e-05,"2810013P06Rik","100503178","RIKEN cDNA 2810013P06 gene","Down_in_KO_control"
"ENSMUSG00000021903",217.35688667365,-1.44539355940439,0.295241880269784,-4.89562509926987,9.79937287038973e-07,1.43824050606747e-05,"Galnt15","78754","polypeptide N-acetylgalactosaminyltransferase 15","Down_in_KO_control"
"ENSMUSG00000006050",2078.32512330601,-0.720638081181385,0.147271378659345,-4.89326634775588,9.91760413893155e-07,1.45385311742253e-05,"Sra1","24068","steroid receptor RNA activator 1","Down_in_KO_control"
"ENSMUSG00000063455",337.494067433764,1.03901782097116,0.212374963441167,4.89237433704841,9.96267258981424e-07,1.45877536911732e-05,"D630045J12Rik","330286","RIKEN cDNA D630045J12 gene","Up_in_KO_control"
"ENSMUSG00000022010",10820.6418255619,-0.64960739326933,0.132832849500913,-4.89041224147543,1.00625014071665e-06,1.47224072581945e-05,"Tsc22d1","21807","TSC22 domain family, member 1","Down_in_KO_control"
"ENSMUSG00000052459",2679.43352091509,-0.631406130269902,0.129225140347216,-4.88609359272794,1.02856318091655e-06,1.50253729933578e-05,"Atp6v1a","11964","ATPase, H+ transporting, lysosomal V1 subunit A","Down_in_KO_control"
"ENSMUSG00000115383",13.2753571281564,-5.20591479674526,1.06571260974609,-4.88491432787457,1.03473835637262e-06,1.5092017819798e-05,NA,NA,NA,"Down_in_KO_control"
"ENSMUSG00000028469",340.127382825814,1.0909809895506,0.223375473354027,4.88406794698318,1.03919237725518e-06,1.51219731517568e-05,"Npr2","230103","natriuretic peptide receptor 2","Up_in_KO_control"
"ENSMUSG00000002107",1702.31629409651,-0.747305084091525,0.15300949828708,-4.88404375190756,1.03931997306874e-06,1.51219731517568e-05,"Celf2","14007","CUGBP, Elav-like family member 2","Down_in_KO_control"
"ENSMUSG00000058006",1276.57782405213,0.60444558067683,0.123762631997136,4.88391019908834,1.04002455225303e-06,1.51219731517568e-05,"Mdn1","100019","midasin AAA ATPase 1","Up_in_KO_control"
"ENSMUSG00000026475",3378.27824061099,0.894042882001359,0.183098201790795,4.8828599803666,1.04558119296361e-06,1.51909634036708e-05,"Rgs16","19734","regulator of G-protein signaling 16","Up_in_KO_control"
"ENSMUSG00000030187",166.395239820769,1.38469092670311,0.283607208654675,4.88242500348126,1.04789098651064e-06,1.5212710652113e-05,"Klra2","16633","killer cell lectin-like receptor, subfamily A, member 2","Up_in_KO_control"
"ENSMUSG00000039741",613.840351907807,0.737496667626118,0.151099046844011,4.88088232871172,1.05612248425849e-06,1.53203256185497e-05,"Bahcc1","268515","BAH domain and coiled-coil containing 1","Up_in_KO_control"
"ENSMUSG00000038070",739.98312670556,1.08687457444584,0.22270113312378,4.88041780120511,1.05861330526448e-06,1.5344562960042e-05,"Cntln","338349","centlein, centrosomal protein","Up_in_KO_control"
"ENSMUSG00000084347",126.251543383393,1.37166701585193,0.281126422517771,4.87918212584667,1.06526661532435e-06,1.54290512171553e-05,NA,NA,NA,"Up_in_KO_control"
"ENSMUSG00000048222",972.728767833294,-0.812829880714795,0.166741068428894,-4.87480312063264,1.08917024854871e-06,1.57630648577664e-05,"Mfap1b","100034361","microfibrillar-associated protein 1B","Down_in_KO_control"
"ENSMUSG00000024190",1604.80409543403,-2.22531495723987,0.45654329429204,-4.87426928631305,1.09211934290396e-06,1.57934244836146e-05,"Dusp1","19252","dual specificity phosphatase 1","Down_in_KO_control"
"ENSMUSG00000021676",641.423525838361,-0.961865780648336,0.19734150077483,-4.87411809919213,1.09295595074445e-06,1.57934244836146e-05,"Iqgap2","544963","IQ motif containing GTPase activating protein 2","Down_in_KO_control"
"ENSMUSG00000031388",1322.55063659573,-0.760441739510355,0.156043779889175,-4.87325890240825,1.09772211959105e-06,1.58378365643079e-05,"Naa10","56292","N(alpha)-acetyltransferase 10, NatA catalytic subunit","Down_in_KO_control"
"ENSMUSG00000064193",3313.16711466779,-0.684056149760619,0.140403213723146,-4.87208327801866,1.10427600548624e-06,1.59201208710817e-05,NA,NA,NA,"Down_in_KO_control"
"ENSMUSG00000030020",186.035880228903,1.0702206611516,0.21968652430481,4.87158083336368,1.10708851140103e-06,1.59483813039626e-05,"Prickle2","243548","prickle planar cell polarity protein 2","Up_in_KO_control"
"ENSMUSG00000113233",10.9429310560487,7.18521376645065,1.47519109347276,4.87070034400483,1.1120338092008e-06,1.59951677596459e-05,NA,NA,NA,"Up_in_KO_control"
"ENSMUSG00000029614",5876.91290977105,-0.742722233608746,0.15253527802881,-4.86918333389385,1.12060405138407e-06,1.60935254133155e-05,"Rpl6","19988","ribosomal protein L6","Down_in_KO_control"
"ENSMUSG00000033991",985.170040742319,0.59603418482661,0.122434777130082,4.868177153566,1.12632341654369e-06,1.61632592743728e-05,"Skic3","218343","SKI3 subunit of superkiller complex","Up_in_KO_control"
"ENSMUSG00000040152",4525.53149450126,-1.08545574559995,0.223024086124269,-4.86698887309928,1.13311405944605e-06,1.62292681978109e-05,"Thbs1","21825","thrombospondin 1","Down_in_KO_control"
"ENSMUSG00000031987",2731.80672418052,-0.904013874468815,0.185788839458791,-4.86581366836802,1.13986871661855e-06,1.63076171973111e-05,"Egln1","112405","egl-9 family hypoxia-inducible factor 1","Down_in_KO_control"
"ENSMUSG00000055200",432.744273431462,-0.72199025172942,0.148429732598599,-4.86418885953202,1.14927138217757e-06,1.64295762984637e-05,"Sertad3","170742","SERTA domain containing 3","Down_in_KO_control"
"ENSMUSG00000000028",933.228205092749,0.639066624074183,0.131411104568912,4.86310975142178,1.15555730648786e-06,1.65068273864941e-05,"Cdc45","12544","cell division cycle 45","Up_in_KO_control"
"ENSMUSG00000020181",514.354193390763,0.615383647528879,0.12656524613504,4.8621850493799,1.1609701060144e-06,1.65714977832551e-05,"Nav3","260315","neuron navigator 3","Up_in_KO_control"
"ENSMUSG00000033781",270.42986298062,0.823320513532498,0.169393677821417,4.86039694114489,1.17150618392535e-06,1.67091426980145e-05,"Asb13","142688","ankyrin repeat and SOCS box-containing 13","Up_in_KO_control"
"ENSMUSG00000097772",153.665254290824,-1.21903854604457,0.250945677359658,-4.85777861914484,1.18710027852206e-06,1.69186652794999e-05,"5430416N02Rik","100503199","RIKEN cDNA 5430416N02 gene","Down_in_KO_control"
"ENSMUSG00000028919",320.756997438202,-0.902180913844447,0.18580910815339,-4.85541813752034,1.20132976353516e-06,1.71084352093101e-05,"Arhgef19","213649","Rho guanine nucleotide exchange factor 19","Down_in_KO_control"
"ENSMUSG00000032320",5123.53477465364,0.595081387490253,0.122617187262909,4.85316455852403,1.21506784096318e-06,1.72777845805046e-05,"Rcn2","26611","reticulocalbin 2","Up_in_KO_control"
"ENSMUSG00000045667",59.7723039075061,-2.19012085242373,0.451372866498752,-4.85213227239875,1.22141113226323e-06,1.73547961412619e-05,"Smtnl2","276829","smoothelin-like 2","Down_in_KO_control"
"ENSMUSG00000048154",1694.26235701544,0.800013056279929,0.164904193342112,4.85138091437259,1.22604816982827e-06,1.74074654036391e-05,"Kmt2d","381022","lysine (K)-specific methyltransferase 2D","Up_in_KO_control"
"ENSMUSG00000052676",294.602613593381,0.938957137190688,0.193560031308794,4.8509866982442,1.22848786040652e-06,1.74243194871494e-05,"Zmat1","215693","zinc finger, matrin type 1","Up_in_KO_control"
"ENSMUSG00000031290",1176.63285223221,0.903120387949657,0.186176289994352,4.8508883057937,1.22909751098366e-06,1.74243194871494e-05,"Lrch2","210297","leucine-rich repeats and calponin homology (CH) domain containing 2","Up_in_KO_control"
"ENSMUSG00000034220",8925.16061782326,3.48329774835156,0.718281093049863,4.84949107258451,1.23778639951478e-06,1.75342141514914e-05,"Gpc1","14733","glypican 1","Up_in_KO_control"
"ENSMUSG00000110148",44.0106861439168,-1.7116700314058,0.352972134004639,-4.84930640837302,1.23893917095262e-06,1.75372683101637e-05,NA,NA,NA,"Down_in_KO_control"
"ENSMUSG00000115009",139.55716604511,1.34360323361493,0.277104890480025,4.8487171456535,1.2426245698649e-06,1.75761402689961e-05,NA,NA,NA,"Up_in_KO_control"
"ENSMUSG00000039187",61.2249105930588,1.91173936441139,0.394468914634119,4.84636252310168,1.25745651958979e-06,1.77724953558034e-05,"Fanci","208836","Fanconi anemia, complementation group I","Up_in_KO_control"
"ENSMUSG00000084106",15440.5599142355,-0.66992134785117,0.138246001182925,-4.84586419946238,1.26061726076069e-06,1.78037213589545e-05,"Gm6136","620213","ribosomal protein L6 pseudogene","Down_in_KO_control"
"ENSMUSG00000022151",450.065228223635,0.827242477408051,0.170718947488849,4.8456395120529,1.26204489485543e-06,1.78104420191777e-05,"Ttc33","67515","tetratricopeptide repeat domain 33","Up_in_KO_control"
"ENSMUSG00000022472",1245.31872354928,0.588777401702788,0.121543347668754,4.84417627945711,1.27138019609034e-06,1.7915163862529e-05,"Desi1","28075","desumoylating isopeptidase 1","Up_in_KO_control"
"ENSMUSG00000028969",836.517499052217,-0.70638099452931,0.145835897937808,-4.84367021095553,1.27462430270878e-06,1.79473623601124e-05,"Cdk5","12568","cyclin dependent kinase 5","Down_in_KO_control"
"ENSMUSG00000003849",443.769350939219,-0.780471197619707,0.161252382694814,-4.84005993943561,1.29799973745351e-06,1.82490376310801e-05,"Nqo1","18104","NAD(P)H dehydrogenase, quinone 1","Down_in_KO_control"
"ENSMUSG00000063268",421.856403110331,0.923008915240414,0.190726978537897,4.83942503738146,1.30215294678164e-06,1.82799610601087e-05,"Parp10","671535","poly (ADP-ribose) polymerase family, member 10","Up_in_KO_control"
"ENSMUSG00000032309",534.993747743158,0.738923493692369,0.152693041126782,4.83927419507504,1.30314155867898e-06,1.8280125927706e-05,"Fbxo22","71999","F-box protein 22","Up_in_KO_control"
"ENSMUSG00000029379",17.5969745507435,-3.86742483011375,0.799329615374414,-4.83833546978265,1.30931015634349e-06,1.83528995922515e-05,"Cxcl3","330122","C-X-C motif chemokine ligand 3","Down_in_KO_control"
"ENSMUSG00000027500",486.800384609237,3.51515009378812,0.726571509535449,4.83799605084379,1.3115474685196e-06,1.8361485724529e-05,"Stmn2","20257","stathmin-like 2","Up_in_KO_control"
"ENSMUSG00000031229",3480.50265268689,0.668091797654109,0.138094131939148,4.83794487334559,1.31188512871775e-06,1.8361485724529e-05,"Atrx","22589","ATRX, chromatin remodeler","Up_in_KO_control"
"ENSMUSG00000061024",1878.36898583886,0.641019263931312,0.132593910800209,4.83445476540164,1.33511058399012e-06,1.86725892064328e-05,"Rrs1","59014","ribosome biogenesis regulator 1","Up_in_KO_control"
"ENSMUSG00000028245",720.346891291269,0.587457890067516,0.121550182015309,4.83304821372892,1.34458206613356e-06,1.87910113544117e-05,"Nsmaf","18201","neutral sphingomyelinase (N-SMase) activation associated factor","Up_in_KO_control"
"ENSMUSG00000021180",240.683040935599,-0.865535838666656,0.179369503941062,-4.8254347570201,1.3969819174953e-06,1.94796740850146e-05,"Rps6ka5","73086","ribosomal protein S6 kinase, polypeptide 5","Down_in_KO_control"
"ENSMUSG00000031540",1132.19976082632,0.701797904807885,0.145523849627973,4.82256280741616,1.41725382047047e-06,1.97476327196306e-05,"Kat6a","244349","K(lysine) acetyltransferase 6A","Up_in_KO_control"
"ENSMUSG00000047921",414.25610273258,0.716940251664439,0.148692661684931,4.82162497826277,1.42393462072736e-06,1.98259587482671e-05,"Trappc9","76510","trafficking protein particle complex 9","Up_in_KO_control"
"ENSMUSG00000070738",2248.51951990281,2.22171145480631,0.461208313749889,4.81715395965548,1.45620328297871e-06,2.02300905971645e-05,"Dgkd","227333","diacylglycerol kinase, delta","Up_in_KO_control"
"ENSMUSG00000021760",3043.87133832241,-0.760105980494257,0.157790253769241,-4.81719220507665,1.45592429608655e-06,2.02300905971645e-05,"Gpx8","69590","glutathione peroxidase 8 (putative)","Down_in_KO_control"
"ENSMUSG00000000359",271.900380707581,1.32395660651394,0.274907297320099,4.81601114055674,1.46456350334076e-06,2.03311400875488e-05,"Rem1","19700","rad and gem related GTP binding protein 1","Up_in_KO_control"
"ENSMUSG00000097451",614.860166332048,-2.91583033587548,0.605498213228763,-4.81558867090141,1.46766572136663e-06,2.03591020340502e-05,NA,NA,NA,"Down_in_KO_control"
"ENSMUSG00000063275",526.80956937771,-0.729752509120681,0.151550365745904,-4.81524742965131,1.47017608656513e-06,2.03788185984395e-05,"Hacd1","30963","3-hydroxyacyl-CoA dehydratase 1","Down_in_KO_control"
"ENSMUSG00000057963",646.93412393722,-1.93215045539994,0.401398405725219,-4.8135479061235,1.48274036014338e-06,2.05377648847988e-05,"Itpk1","217837","inositol 1,3,4-triphosphate 5/6 kinase","Down_in_KO_control"
"ENSMUSG00000025104",706.857574876599,0.611691253777851,0.12710146511963,4.8126215791621,1.48963193486935e-06,2.06179603529661e-05,"Hdgfl3","29877","HDGF like 3","Up_in_KO_control"
"ENSMUSG00000040570",91.138309300525,-1.12778942307456,0.234363494175053,-4.81213777360813,1.49324352496686e-06,2.0643369185289e-05,"Rundc3b","242819","RUN domain containing 3B","Down_in_KO_control"
"ENSMUSG00000055373",233.016386084938,2.39039969407525,0.496771166879277,4.81187285705766,1.49522468249938e-06,2.06495494343992e-05,"Fut9","14348","fucosyltransferase 9","Up_in_KO_control"
"ENSMUSG00000002831",55.5329187939348,-2.59566941310933,0.539534973856918,-4.81093819470856,1.50223468813814e-06,2.07310602648444e-05,"Plin4","57435","perilipin 4","Down_in_KO_control"
"ENSMUSG00000031595",417.403116100065,1.19776178654456,0.24904641590927,4.80939178414403,1.51390227074582e-06,2.08766788448537e-05,"Pdgfrl","68797","platelet-derived growth factor receptor-like","Up_in_KO_control"
"ENSMUSG00000046314",137.537906934417,-1.29081434719649,0.268531058392848,-4.80694618686564,1.53253220395574e-06,2.11178542831696e-05,"Stxbp6","217517","syntaxin binding protein 6 (amisyn)","Down_in_KO_control"
"ENSMUSG00000028161",8014.33774377432,-0.726618119123261,0.151164607324411,-4.80680055989485,1.5336484781076e-06,2.11178542831696e-05,"Ppp3ca","19055","protein phosphatase 3, catalytic subunit, alpha isoform","Down_in_KO_control"
"ENSMUSG00000022193",2867.24549912138,-0.607938271483812,0.126507355935767,-4.80555669658044,1.54321496688399e-06,2.12339571141913e-05,"Psmb5","19173","proteasome (prosome, macropain) subunit, beta type 5","Down_in_KO_control"
"ENSMUSG00000041836",460.037820642581,0.724194202789592,0.150731211656992,4.80454044539618,1.55107345957341e-06,2.13264053262287e-05,"Ptpre","19267","protein tyrosine phosphatase receptor type E","Up_in_KO_control"
"ENSMUSG00000027428",926.729263642634,-0.584467610231568,0.121697199397174,-4.80263813075998,1.56588725520433e-06,2.15142791531855e-05,"Rbbp9","26450","retinoblastoma binding protein 9, serine hydrolase","Down_in_KO_control"
"ENSMUSG00000074269",17.6028773824139,3.53270197262039,0.736011238504814,4.79979351918182,1.58829297942134e-06,2.1806108968387e-05,"Rec114","73673","REC114 meiotic recombination protein","Up_in_KO_control"
"ENSMUSG00000020682",81.5832532184595,1.32803970935428,0.276913414627441,4.79586628600506,1.61973303137544e-06,2.21998259581243e-05,"Mmp28","118453","matrix metallopeptidase 28 (epilysin)","Up_in_KO_control"
"ENSMUSG00000036169",8.0533888929432,6.80014879999167,1.41809483201944,4.79527084257679,1.62455186402325e-06,2.22223969528268e-05,"Sostdc1","66042","sclerostin domain containing 1","Up_in_KO_control"
"ENSMUSG00000019838",793.512588096591,0.601075841334477,0.125354823582847,4.79499571021472,1.62678312017803e-06,2.22366636434562e-05,"Slc16a10","72472","solute carrier family 16 (monocarboxylic acid transporters), member 10","Up_in_KO_control"
"ENSMUSG00000025821",445.426154526614,0.736834210916549,0.15375316441268,4.79231899864419,1.64864488836084e-06,2.250261983654e-05,"Zfp282","101095","zinc finger protein 282","Up_in_KO_control"
"ENSMUSG00000032041",423.936132527932,0.784756740570507,0.163763350641835,4.7920168798136,1.65113007471848e-06,2.25201144957776e-05,"Tirap","117149","toll-interleukin 1 receptor (TIR) domain-containing adaptor protein","Up_in_KO_control"
"ENSMUSG00000054008",1585.48445400957,0.666804703977359,0.139153520060267,4.79186371777421,1.65239133882368e-06,2.25209024933776e-05,"Ndst1","15531","N-deacetylase/N-sulfotransferase (heparan glucosaminyl) 1","Up_in_KO_control"
"ENSMUSG00000023951",5217.76691637384,-1.88704661159323,0.393897688875007,-4.79070242067868,1.66198460373562e-06,2.26351658585915e-05,"Vegfa","22339","vascular endothelial growth factor A","Down_in_KO_control"
"ENSMUSG00000027358",1619.30125058683,-0.811357953665551,0.169373744510974,-4.79034076980558,1.6649830515999e-06,2.26595111597011e-05,"Bmp2","12156","bone morphogenetic protein 2","Down_in_KO_control"
"ENSMUSG00000028312",1832.19742602363,0.591714691555399,0.123547081362859,4.78938624067961,1.67292204679098e-06,2.27344882074072e-05,"Smc2","14211","structural maintenance of chromosomes 2","Up_in_KO_control"
"ENSMUSG00000029071",2902.98451779767,-0.700342625711763,0.146269732919471,-4.78802149790852,1.68433609046231e-06,2.28729907553129e-05,"Dvl1","13542","dishevelled segment polarity protein 1","Down_in_KO_control"
"ENSMUSG00000052192",4486.98248614608,-0.815522355452809,0.170412337246807,-4.78558283178578,1.70491853224086e-06,2.3135707392185e-05,NA,NA,NA,"Down_in_KO_control"
"ENSMUSG00000073591",101.74477951216,1.59497883068089,0.333335273490629,4.78490864161645,1.71065124117404e-06,2.31966787507898e-05,"Pcdhb22","93893","protocadherin beta 22","Up_in_KO_control"
"ENSMUSG00000032113",487.901953534745,0.660072900542302,0.137961014074954,4.7844886105555,1.71423217022874e-06,2.32284044905796e-05,"Chek1","12649","checkpoint kinase 1","Up_in_KO_control"
"ENSMUSG00000074482",200.365905625289,1.5178240478643,0.317334042066721,4.78304829188533,1.72656623819896e-06,2.33786063787389e-05,NA,NA,NA,"Up_in_KO_control"
"ENSMUSG00000048720",563.527791737053,-0.645173010856107,0.134922325644841,-4.78181062898671,1.73723296947571e-06,2.35060307720889e-05,"Tbc1d12","209478","TBC1D12: TBC1 domain family, member 12","Down_in_KO_control"
"ENSMUSG00000024873",40.2028799060329,-2.08192016538413,0.43556103009401,-4.77985866856541,1.75418464902712e-06,2.3715499234106e-05,"Cnih2","12794","cornichon family AMPA receptor auxiliary protein 2","Down_in_KO_control"
"ENSMUSG00000033684",1884.50958388518,0.710994304243272,0.148751770056236,4.77973676531365,1.75524856726537e-06,2.3715499234106e-05,"Qsox1","104009","quiescin Q6 sulfhydryl oxidase 1","Up_in_KO_control"
"ENSMUSG00000090124",171.103151304784,2.62612688809582,0.549582598975064,4.77840254220817,1.76693369181033e-06,2.38561545273065e-05,"Ugt1a7c","394432","UDP glucuronosyltransferase 1 family, polypeptide A7C","Up_in_KO_control"
"ENSMUSG00000043183",411.375506779482,0.610748302875622,0.127863199284578,4.77657610862928,1.78305086422042e-06,2.40564028998967e-05,"Simc1","319719","SUMO-interacting motifs containing 1","Up_in_KO_control"
"ENSMUSG00000052415",29.4645168094642,-3.45578742353458,0.723549160753321,-4.77616119399074,1.78673187780562e-06,2.40886985802425e-05,"Tchh","99681","trichohyalin","Down_in_KO_control"
"ENSMUSG00000029455",6806.51233830549,-0.580044578369817,0.121457741974451,-4.77569044953782,1.79091704135957e-06,2.41277398091876e-05,"Aldh2","11669","aldehyde dehydrogenase 2, mitochondrial","Down_in_KO_control"
"ENSMUSG00000022018",350.552274280111,-1.29123350714182,0.270532631818313,-4.77293071251011,1.81564268118273e-06,2.44256804406704e-05,"Rgcc","66214","regulator of cell cycle","Down_in_KO_control"
"ENSMUSG00000037443",2203.28121015735,-0.865859907326929,0.181406826928444,-4.77302823707109,1.81476335410172e-06,2.44256804406704e-05,"Cep85","70012","centrosomal protein 85","Down_in_KO_control"
"ENSMUSG00000032356",16.8457970734712,-3.19751786029342,0.670567026122456,-4.76837920108153,1.85713975808813e-06,2.49480662549198e-05,"Rasgrf1","19417","RAS protein-specific guanine nucleotide-releasing factor 1","Down_in_KO_control"
"ENSMUSG00000021635",631.983947788282,-0.628059893629278,0.131745622448962,-4.76721641261809,1.86788640117064e-06,2.50744320122713e-05,"Rad17","19356","RAD17 checkpoint clamp loader component","Down_in_KO_control"
"ENSMUSG00000035234",538.145454607829,-0.652946982022804,0.136992470387201,-4.76629832411437,1.87641368239811e-06,2.51708453324128e-05,"Abraxas1","70681","BRCA1 A complex subunit","Down_in_KO_control"
"ENSMUSG00000046589",47.7056070414899,-1.85618251337622,0.389451244521718,-4.76614862447231,1.87780764675559e-06,2.51715003536801e-05,"Lrrc8e","72267","leucine rich repeat containing 8 family, member E","Down_in_KO_control"
"ENSMUSG00000022512",138.149227849527,1.0058608608688,0.211090905697537,4.7650601410089,1.88797328384791e-06,2.52715622751401e-05,"Cldn1","12737","claudin 1","Up_in_KO_control"
"ENSMUSG00000004933",155.553682860878,-1.49180095904819,0.31338784535908,-4.76023873018715,1.93364101608177e-06,2.58458745242415e-05,"Matk","17179","megakaryocyte-associated tyrosine kinase","Down_in_KO_control"
"ENSMUSG00000000093",170.879582981335,-1.31482063112927,0.276427828517721,-4.75646984668545,1.97007649702957e-06,2.62919788336567e-05,"Tbx2","21385","T-box 2","Down_in_KO_control"
"ENSMUSG00000031520",515.505673263328,0.937485287978471,0.197101766799764,4.75635151931877,1.97123103209642e-06,2.62919788336567e-05,"Vegfc","22341","vascular endothelial growth factor C","Up_in_KO_control"
"ENSMUSG00000019055",1898.38689610147,-0.805949474174678,0.169485493672335,-4.75527112504869,1.98180267934913e-06,2.64141549420658e-05,"Plod1","18822","procollagen-lysine, 2-oxoglutarate 5-dioxygenase 1","Down_in_KO_control"
"ENSMUSG00000087590",548.796883946995,-0.839006581465767,0.176496749389203,-4.75366591378761,1.99761028901611e-06,2.66058941910025e-05,"Epb41l4aos","69749","erythrocyte membrane protein band 4.1 like 4a, opposite strand","Down_in_KO_control"
"ENSMUSG00000031146",5238.08347029518,-0.594883628518823,0.125183947996554,-4.75207594934775,2.01338711391122e-06,2.67969509691469e-05,"Plp2","18824","proteolipid protein 2","Down_in_KO_control"
"ENSMUSG00000047656",101.863652773789,-1.12891891192061,0.237593223770607,-4.75147773158112,2.01935401387344e-06,2.68572648625542e-05,"Trpt1","107328","tRNA phosphotransferase 1","Down_in_KO_control"
"ENSMUSG00000100215",1980.46185244354,-0.951795125814195,0.20040677866924,-4.74931602680506,2.04105776932976e-06,2.71266434925198e-05,"Gm8292","666793","predicted gene 8292","Down_in_KO_control"
"ENSMUSG00000068523",3657.64653445067,-0.694363320380725,0.146207347913984,-4.74916842612608,2.04254784006975e-06,2.71271807886623e-05,"Gng5","14707","G protein subunit gamma 5","Down_in_KO_control"
"ENSMUSG00000028568",547.850751691597,-0.693005451802939,0.145950116576572,-4.74823500013688,2.05199526684254e-06,2.72027997936354e-05,"Btf3l4","70533","basic transcription factor 3-like 4","Down_in_KO_control"
"ENSMUSG00000026121",657.261735879395,0.632055957669251,0.133113209014096,4.7482587366842,2.05175450433892e-06,2.72027997936354e-05,"Sema4c","20353","sema domain, immunoglobulin domain (Ig), transmembrane domain (TM) and short cytoplasmic domain, (semaphorin) 4C","Up_in_KO_control"
"ENSMUSG00000026496",2378.9884058327,0.612491521948293,0.128999032314341,4.74803191124558,2.05405633027344e-06,2.72027997936354e-05,"Parp1","11545","poly (ADP-ribose) polymerase family, member 1","Up_in_KO_control"
"ENSMUSG00000084067",500.663387436487,0.922261796971194,0.194312625605013,4.74627829303234,2.07193596582917e-06,2.74201822691381e-05,NA,NA,NA,"Up_in_KO_control"
"ENSMUSG00000028266",2263.27121585794,-0.619762496719989,0.130612798007582,-4.74503652149014,2.08468719276992e-06,2.75694356454442e-05,"Lmo4","16911","LIM domain only 4","Down_in_KO_control"
"ENSMUSG00000092274",7922.00629984167,-1.53210576085539,0.322946641775151,-4.74414520130574,2.09388621440402e-06,2.76715344139424e-05,"Neat1","66961","nuclear paraspeckle assembly transcript 1 (non-protein coding)","Down_in_KO_control"
"ENSMUSG00000060044",47.4039832748093,-2.43992401926939,0.514633726338522,-4.74108845650049,2.125730913681e-06,2.80329827961329e-05,"Tmem26","327766","transmembrane protein 26","Down_in_KO_control"
"ENSMUSG00000030315",557.847912716989,0.769203662635648,0.162256377932889,4.7406682710112,2.13014453939618e-06,2.8071404764592e-05,"Vgll4","232334","vestigial like family member 4","Up_in_KO_control"
"ENSMUSG00000052430",222.932101645446,-1.36260300872043,0.287565978664657,-4.73840130549457,2.15410897681218e-06,2.83672352449587e-05,"Bmpr1b","12167","bone morphogenetic protein receptor, type 1B","Down_in_KO_control"
"ENSMUSG00000025170",50.3385039756661,-1.59079519201769,0.335736572513829,-4.73822431707873,2.15599080564756e-06,2.83720505949949e-05,"Rab40b","217371","Rab40B, member RAS oncogene family","Down_in_KO_control"
"ENSMUSG00000032290",1277.60466197735,0.62069801641287,0.13102284044821,4.73732682248035,2.16555774247171e-06,2.84779213175496e-05,"Ptpn9","56294","protein tyrosine phosphatase, non-receptor type 9","Up_in_KO_control"
"ENSMUSG00000036446",1372.56046794727,-2.39478323992363,0.505543785552262,-4.73704416583332,2.16857918294133e-06,2.84976279848182e-05,"Lum","17022","lumican","Down_in_KO_control"
"ENSMUSG00000002679",1105.31270474371,-0.609842176995811,0.128758689627813,-4.73631860310636,2.17635358583163e-06,2.85797225625735e-05,"Med6","69792","mediator complex subunit 6","Down_in_KO_control"
"ENSMUSG00000029428",758.822371148033,0.593541408073843,0.125373780914653,4.73417491076458,2.19947992330221e-06,2.88631611534041e-05,"Stx2","13852","syntaxin 2","Up_in_KO_control"
"ENSMUSG00000006678",1128.04488022665,0.846873015550079,0.178929074390113,4.73300953708434,2.2121509058013e-06,2.9009095935711e-05,"Pola1","18968","polymerase (DNA directed), alpha 1","Up_in_KO_control"
"ENSMUSG00000041921",1151.59190379986,-0.695240657320844,0.146932796370316,-4.73169145687953,2.22656672888537e-06,2.91776913148683e-05,"Metap1d","66559","methionyl aminopeptidase type 1D (mitochondrial)","Down_in_KO_control"
"ENSMUSG00000047604",70.5147158955298,-1.72836979056123,0.365386679025807,-4.73024850049104,2.24245175079906e-06,2.93652901418494e-05,"Frat2","212398","frequently rearranged in advanced T cell lymphomas 2","Down_in_KO_control"
"ENSMUSG00000026628",293.369165559068,-1.39312500088638,0.294596870834229,-4.72891988615283,2.25717420763986e-06,2.95374132500452e-05,"Atf3","11910","activating transcription factor 3","Down_in_KO_control"
"ENSMUSG00000043263",354.879724243025,1.46784875055458,0.310491095565736,4.7275067514579,2.2729350859445e-06,2.97228750966314e-05,"Ifi209","236312","interferon activated gene 209","Up_in_KO_control"
"ENSMUSG00000065990",1992.66914477931,-0.804189454314636,0.170118333750239,-4.72723566347243,2.27597062239302e-06,2.97417864922071e-05,"Aurkaip1","66077","aurora kinase A interacting protein 1","Down_in_KO_control"
"ENSMUSG00000079547",297.393762244215,0.945619453600413,0.200074184009661,4.7263441721934,2.28598066474541e-06,2.98101436790111e-05,"H2-DMb1","14999","histocompatibility 2, class II, locus Mb1","Up_in_KO_control"
"ENSMUSG00000021391",261.300220686278,0.860973390197564,0.182163296741225,4.72638234814466,2.28555114395676e-06,2.98101436790111e-05,"Cenpp","66336","centromere protein P","Up_in_KO_control"
"ENSMUSG00000045083",33.8433398366772,-3.37336888573756,0.713823029299239,-4.72577760491868,2.2923642780069e-06,2.985313224462e-05,"Lingo2","242384","leucine rich repeat and Ig domain containing 2","Down_in_KO_control"
"ENSMUSG00000109901",961.001204830657,-0.593588669691467,0.125614541494358,-4.72547734227194,2.29575432599691e-06,2.98751395705008e-05,"Chmp1b","67064","charged multivesicular body protein 1B","Down_in_KO_control"
"ENSMUSG00000057230",990.124749754109,0.627634076536407,0.132942204352767,4.72110478077344,2.34567054339368e-06,3.04823144989764e-05,"Aak1","269774","AP2 associated kinase 1","Up_in_KO_control"
"ENSMUSG00000021366",522.843173219681,0.777733513803371,0.164780776022208,4.71980732569527,2.36068138534073e-06,3.06560935210834e-05,"Hivep1","110521","human immunodeficiency virus type I enhancer binding protein 1","Up_in_KO_control"
"ENSMUSG00000028959",1387.28527411763,-0.599790205078604,0.127090563177253,-4.71939214119366,2.36550428945906e-06,3.06761481418208e-05,"Fastk","66587","Fas-activated serine/threonine kinase","Down_in_KO_control"
"ENSMUSG00000029003",358.525260462468,-0.62454461754248,0.13238167706553,-4.71775725603874,2.38458772177479e-06,3.09022091672933e-05,"Mad2l2","71890","MAD2 mitotic arrest deficient-like 2","Down_in_KO_control"
"ENSMUSG00000052305",4493.76540111483,-3.30379334822297,0.700326335827298,-4.71750551022787,2.3875393617519e-06,3.09190478037808e-05,"Hbb-b1","15129","hemoglobin, beta adult major chain","Down_in_KO_control"
"ENSMUSG00000022947",135.51974906682,-1.11315610632286,0.235998779713463,-4.71678755150511,2.39597647960873e-06,3.10068519107318e-05,"Cbr3","109857","carbonyl reductase 3","Down_in_KO_control"
"ENSMUSG00000022864",726.535202318875,0.60354284213076,0.127995222389315,4.71535445514521,2.41290323550059e-06,3.11827750317145e-05,"D16Ertd472e","67102","DNA segment, Chr 16, ERATO Doi 472, expressed","Up_in_KO_control"
"ENSMUSG00000033439",277.787834243533,-0.733730411010393,0.155682333717725,-4.71299725208869,2.44099490013609e-06,3.15240424887831e-05,"Trmt13","229780","tRNA methyltransferase 13","Down_in_KO_control"
"ENSMUSG00000089715",7998.93558805772,0.769514174464493,0.163299811635915,4.71227839613289,2.44962406518326e-06,3.16136656081202e-05,"Cbx6","494448","chromobox 6","Up_in_KO_control"
"ENSMUSG00000025650",2405.1741343039,1.50145965490615,0.318692038198154,4.71131837304508,2.46119388613612e-06,3.17410897252e-05,"Col7a1","12836","collagen, type VII, alpha 1","Up_in_KO_control"
"ENSMUSG00000048387",854.155847654562,-1.0902815089671,0.231454900111217,-4.71055703916056,2.47040646123078e-06,3.18379587527628e-05,"Osr1","23967","odd-skipped related transcription factor 1","Down_in_KO_control"
"ENSMUSG00000002279",338.771849276937,-0.822470784868968,0.174664741541275,-4.70885410307385,2.49113294626219e-06,3.20829806079864e-05,"Lmf1","76483","lipase maturation factor 1","Down_in_KO_control"
"ENSMUSG00000056938",283.38682396401,-0.861600942725729,0.183090172425758,-4.70588307013093,2.52769376596433e-06,3.24644704478316e-05,"Acbd4","67131","acyl-Coenzyme A binding domain containing 4","Down_in_KO_control"
"ENSMUSG00000073198",367.617089997636,-1.01032345818066,0.214745894300442,-4.70473934541053,2.54190501464378e-06,3.26246011927497e-05,NA,NA,NA,"Down_in_KO_control"
"ENSMUSG00000032264",324.098654248304,0.857549930529457,0.182292688354143,4.70424753879036,2.54803946484081e-06,3.26585359627165e-05,"Zw10","26951","zw10 kinetochore protein","Up_in_KO_control"
"ENSMUSG00000007038",651.179668093518,-0.74924685203357,0.159268043875574,-4.70431377068278,2.54721250752913e-06,3.26585359627165e-05,"Neu1","18010","neuraminidase 1","Down_in_KO_control"
"ENSMUSG00000041895",1697.88130218944,-0.605773125201705,0.128775397286664,-4.70410604793717,2.54980695290461e-06,3.26588210196468e-05,"Wipi1","52639","WD repeat domain, phosphoinositide interacting 1","Down_in_KO_control"
"ENSMUSG00000031097",202.634585506294,1.29486984622414,0.275328259385254,4.70300378579116,2.56361664140635e-06,3.28132409101485e-05,"Tnni2","21953","troponin I, skeletal, fast 2","Up_in_KO_control"
"ENSMUSG00000023032",87.2804432615807,-1.38141210691171,0.294049796615819,-4.69788492564933,2.62869456982239e-06,3.36232135919935e-05,"Slc4a8","59033","solute carrier family 4 (anion exchanger), member 8","Down_in_KO_control"
"ENSMUSG00000059355",1051.53902022504,-0.695512017197655,0.148104173454854,-4.69610005561162,2.65175684969896e-06,3.38718948316837e-05,"Wdr83os","414077","WD repeat domain 83 opposite strand","Down_in_KO_control"
"ENSMUSG00000031783",1168.04168532563,-0.632705510978435,0.134752544555152,-4.69531401479011,2.66197474796865e-06,3.39792179118263e-05,"Polr2c","20021","polymerase (RNA) II (DNA directed) polypeptide C","Down_in_KO_control"
"ENSMUSG00000030695",21744.4541520516,-0.777752597776804,0.165735368159741,-4.6927376239161,2.69573132792232e-06,3.43866532647651e-05,"Aldoa","11674","aldolase A, fructose-bisphosphate","Down_in_KO_control"
"ENSMUSG00000030761",499.974637263662,0.630788614060294,0.134463298246142,4.69115827358035,2.71662710730279e-06,3.46295933644122e-05,"Myo7a","17921","myosin VIIA","Up_in_KO_control"
"ENSMUSG00000055917",593.281705423979,-0.581106765062932,0.123878503605829,-4.69094110881386,2.71951245878362e-06,3.46427751131504e-05,"Zfp277","246196","zinc finger protein 277","Down_in_KO_control"
"ENSMUSG00000069910",638.947345379419,0.819112908773648,0.174699011965919,4.68870945265246,2.74933417806901e-06,3.49988370572826e-05,"Spdl1","70385","spindle apparatus coiled-coil protein 1","Up_in_KO_control"
"ENSMUSG00000028967",4915.07314139678,-0.977403558118716,0.208498100186288,-4.68782956413237,2.76117821264096e-06,3.51018531882815e-05,"Errfi1","74155","ERBB receptor feedback inhibitor 1","Down_in_KO_control"
"ENSMUSG00000003352",1041.42647664988,0.745053297281066,0.15893183382577,4.68787957293588,2.76050374207272e-06,3.51018531882815e-05,"Cacnb3","12297","calcium channel, voltage-dependent, beta 3 subunit","Up_in_KO_control"
"ENSMUSG00000054453",8.64545519799895,6.53794095628107,1.39471043210137,4.68766907151512,2.76334385075418e-06,3.51055352879585e-05,"Sytl5","236643","synaptotagmin-like 5","Up_in_KO_control"
"ENSMUSG00000027134",1061.14028536226,-0.691710437012708,0.147732711263036,-4.68217520073214,2.83846716153248e-06,3.59622450871749e-05,"Lpcat4","99010","lysophosphatidylcholine acyltransferase 4","Down_in_KO_control"
"ENSMUSG00000055980",152.282996114979,1.56064254073816,0.333343099204901,4.68179045692156,2.8438009412994e-06,3.59811000774413e-05,"Irs1","16367","insulin receptor substrate 1","Up_in_KO_control"
"ENSMUSG00000047407",3769.90322724571,-0.610057654040625,0.130338675926862,-4.68055739942417,2.86095993950124e-06,3.61737455053288e-05,"Tgif1","21815","TGFB-induced factor homeobox 1","Down_in_KO_control"
"ENSMUSG00000028195",4891.70434357275,-1.03266643269056,0.220649224876658,-4.68012717138624,2.86697025667918e-06,3.62252629393906e-05,"Ccn1","16007","cellular communication network factor 1","Down_in_KO_control"
"ENSMUSG00000049420",178.579704858963,0.996970749848863,0.213036247019962,4.67981746672173,2.87130435116769e-06,3.62555454273961e-05,"Tmem200a","77220","transmembrane protein 200A","Up_in_KO_control"
"ENSMUSG00000031840",230.075267355981,-0.786321374813866,0.168090613998595,-4.67796122643968,2.8974131540921e-06,3.65359112887638e-05,"Rab3a","19339","RAB3A, member RAS oncogene family","Down_in_KO_control"
"ENSMUSG00000103735",313.560216458286,1.07304008127934,0.229397707906027,4.67764081461057,2.90194287331644e-06,3.65683885443573e-05,NA,NA,NA,"Up_in_KO_control"
"ENSMUSG00000040997",1329.5222127109,-0.635505207871082,0.135879623939238,-4.6769720834322,2.91141874419115e-06,3.66631083176643e-05,"Abhd4","105501","abhydrolase domain containing 4","Down_in_KO_control"
"ENSMUSG00000068798",4805.88723906118,-0.630949058396306,0.134996764854654,-4.67380873219907,2.95664700598086e-06,3.7207623014741e-05,"Rap1a","109905","Rap1a member of RAS oncogene family","Down_in_KO_control"
"ENSMUSG00000036192",50.5897266615688,-2.04344210656214,0.437550684783827,-4.67018376984533,3.00930405041085e-06,3.78194134958619e-05,"Rorb","225998","RAR-related orphan receptor beta","Down_in_KO_control"
"ENSMUSG00000081164",124.728929464734,-1.39100554084808,0.297955025162145,-4.6685084102579,3.03394360360608e-06,3.81034809760272e-05,NA,NA,NA,"Down_in_KO_control"
"ENSMUSG00000040133",359.645021429442,0.92640596089454,0.198542587708258,4.66603146250828,3.0707270252491e-06,3.85137498816933e-05,"Gpr176","381413","G protein-coupled receptor 176","Up_in_KO_control"
"ENSMUSG00000037526",320.319663644918,-0.819338156325505,0.175593833539554,-4.66609868814638,3.06972308050816e-06,3.85137498816933e-05,"Atg14","100504663","autophagy related 14","Down_in_KO_control"
"ENSMUSG00000031375",41483.7365366059,1.47024706385693,0.315131214843349,4.66550755559962,3.07856182738304e-06,3.85861537011513e-05,"Bgn","12111","biglycan","Up_in_KO_control"
"ENSMUSG00000032344",188.124155165516,1.05998608446031,0.227334716492303,4.66266701723141,3.12137580698237e-06,3.90861011730449e-05,"Cgas","214763","cyclic GMP-AMP synthase","Up_in_KO_control"
"ENSMUSG00000024914",3955.17015621477,-0.636086910395662,0.136423672765589,-4.66258456102868,3.12262711770973e-06,3.90861011730449e-05,"Drap1","66556","DR1 associated protein 1","Down_in_KO_control"
"ENSMUSG00000075486",559.368769488392,0.615216479536421,0.131951824267681,4.66243254271633,3.1249353267988e-06,3.90888467716483e-05,"Commd6","66200","COMM domain containing 6","Up_in_KO_control"
"ENSMUSG00000027239",52.3108435441038,-2.5442186756967,0.545813755055206,-4.66133118143819,3.14170707716956e-06,3.92598415888761e-05,"Mdk","17242","midkine","Down_in_KO_control"
"ENSMUSG00000053835",82.7509797408856,1.99227153481316,0.427410558914156,4.66125951561554,3.14280140544736e-06,3.92598415888761e-05,"H2-T24","15042","histocompatibility 2, T region locus 24","Up_in_KO_control"
"ENSMUSG00000048758",7112.4853292038,-0.613679845924946,0.131677217134345,-4.66048614392294,3.15463398199935e-06,3.93551104701025e-05,"Rpl29","19944","ribosomal protein L29","Down_in_KO_control"
"ENSMUSG00000005871",1319.72640980424,0.586248018672917,0.125787660831795,4.66061627027834,3.15264006487726e-06,3.93551104701025e-05,"Apc","11789","APC, WNT signaling pathway regulator","Up_in_KO_control"
"ENSMUSG00000048347",55.1666659366655,2.03142744418814,0.435914877003029,4.66014708686811,3.15983501335865e-06,3.9367505063236e-05,"Pcdhb18","93889","protocadherin beta 18","Up_in_KO_control"
"ENSMUSG00000026031",1305.76903799804,0.592169973540104,0.127069931535589,4.6601896009856,3.15918240910194e-06,3.9367505063236e-05,"Cflar","12633","CASP8 and FADD-like apoptosis regulator","Up_in_KO_control"
"ENSMUSG00000005447",1281.52361837768,-0.638353462455468,0.137388558605268,-4.64633641211366,3.37881837819406e-06,4.20118460539172e-05,"Pafah1b3","18476","platelet-activating factor acetylhydrolase, isoform 1b, subunit 3","Down_in_KO_control"
"ENSMUSG00000024963",246.984774240998,-0.84065221882343,0.180937108122043,-4.64610177286799,3.38266170080471e-06,4.20317054496405e-05,"Dnajc4","57431","DnaJ heat shock protein family (Hsp40) member C4","Down_in_KO_control"
"ENSMUSG00000029068",3195.45715735847,-0.742650705532615,0.159936873673078,-4.64339891406557,3.42723712231084e-06,4.25573246647662e-05,"Ccnl2","56036","cyclin L2","Down_in_KO_control"
"ENSMUSG00000029484",2121.57469980847,-0.664655080505908,0.14316114603211,-4.64270578245321,3.43875864335359e-06,4.26437975434564e-05,"Anxa3","11745","annexin A3","Down_in_KO_control"
"ENSMUSG00000016918",747.432905975814,-2.44015979558632,0.525613124951861,-4.64250164188691,3.4421590266345e-06,4.26576965996102e-05,"Sulf1","240725","sulfatase 1","Down_in_KO_control"
"ENSMUSG00000025887",840.964115544196,0.850169791337512,0.183214437966495,4.64029909855132,3.47905260152201e-06,4.30863741444615e-05,"Casp12","12364","caspase 12","Up_in_KO_control"
"ENSMUSG00000106918",1728.57244779605,-0.824613083748363,0.177759051096051,-4.63893725053014,3.50205353969424e-06,4.33425448996682e-05,"Mrpl33","66845","mitochondrial ribosomal protein L33","Down_in_KO_control"
"ENSMUSG00000002660",2052.61354221209,-0.669863598433591,0.144427186465614,-4.63807136887676,3.51675360140788e-06,4.34957106035332e-05,"Clpp","53895","caseinolytic mitochondrial matrix peptidase proteolytic subunit","Down_in_KO_control"
"ENSMUSG00000041559",164.981437108627,-4.43462579849483,0.956502263441634,-4.63629409776659,3.54711187712852e-06,4.38422090863316e-05,"Fmod","14264","fibromodulin","Down_in_KO_control"
"ENSMUSG00000026062",41.1725327774551,-2.53186753218052,0.546275071102677,-4.63478504898613,3.57308564463855e-06,4.41049813114256e-05,"Slc9a2","226999","solute carrier family 9 (sodium/hydrogen exchanger), member 2","Down_in_KO_control"
"ENSMUSG00000060459",24.7748942551551,-3.39917932444957,0.733910514805561,-4.63159916076435,3.62852138103827e-06,4.47302507268572e-05,"Kng2","385643","kininogen 2","Down_in_KO_control"
"ENSMUSG00000022360",2207.37391902821,0.719821754786302,0.155439077197908,4.63089313036652,3.64091773276373e-06,4.48535177967135e-05,"Atad2","70472","ATPase family, AAA domain containing 2","Up_in_KO_control"
"ENSMUSG00000066170",35.6332691548865,-1.97917104634132,0.427416516572743,-4.63054414043563,3.64706021885105e-06,4.48996301811577e-05,NA,NA,NA,"Down_in_KO_control"
"ENSMUSG00000023341",69.0078478911675,2.39945813474698,0.518463184329056,4.62802028624679,3.6917786119389e-06,4.53011496165329e-05,"Mx2","17858","MX dynamin-like GTPase 2","Up_in_KO_control"
"ENSMUSG00000028581",1979.82637900792,0.774730944829689,0.167394338111036,4.62817890719694,3.6889527076832e-06,4.53011496165329e-05,"Laptm5","16792","lysosomal-associated protein transmembrane 5","Up_in_KO_control"
"ENSMUSG00000044288",195.871070272057,1.63937416684616,0.354256859860614,4.62764268697914,3.69851406722894e-06,4.53540588073756e-05,"Cnr1","12801","cannabinoid receptor 1","Up_in_KO_control"
"ENSMUSG00000063894",366.106462518518,0.75110018375423,0.162382070621395,4.62551179991707,3.73674530503952e-06,4.57629024170187e-05,"Zkscan8","93681","zinc finger with KRAB and SCAN domains 8","Up_in_KO_control"
"ENSMUSG00000118642",4055.32007700955,-0.866172014988163,0.187271039003688,-4.62523206789655,3.74179215008544e-06,4.57925556737774e-05,NA,NA,NA,"Down_in_KO_control"
"ENSMUSG00000027131",1501.18668863031,-0.632686490812798,0.136793930919472,-4.62510643973855,3.7440608230043e-06,4.57925556737774e-05,"Emc4","68032","ER membrane protein complex subunit 4","Down_in_KO_control"
"ENSMUSG00000047238",111.839769138022,-1.57134124086728,0.339924669385786,-4.62261607463371,3.78930650939062e-06,4.62359524433863e-05,"Mageh1","75625","MAGE family member H1","Down_in_KO_control"
"ENSMUSG00000028795",141.950884432357,-1.03429367407864,0.223748751012934,-4.62256736359994,3.79019671074412e-06,4.62359524433863e-05,"Ccdc28b","66264","coiled coil domain containing 28B","Down_in_KO_control"
"ENSMUSG00000118346",347.484795422884,-0.778713038018879,0.168589690092006,-4.6189837444621,3.85624062954549e-06,4.70109647561465e-05,"Tmem179b","67706","transmembrane protein 179B","Down_in_KO_control"
"ENSMUSG00000031256",1413.18804693962,0.666136261286516,0.144252884374908,4.6178366843276,3.87761229776829e-06,4.72407284688399e-05,"Cstf2","108062","cleavage stimulation factor, 3' pre-RNA subunit 2","Up_in_KO_control"
"ENSMUSG00000029657",1849.75412315081,0.834109456899686,0.180714082189897,4.61563065142422,3.91903397218988e-06,4.77143023562715e-05,"Hsph1","15505","heat shock 105kDa/110kDa protein 1","Up_in_KO_control"
"ENSMUSG00000030888",493.950053510608,0.884451959818194,0.191672075090143,4.61440175571867,3.94229197241917e-06,4.7966261170273e-05,"Rrp8","101867","ribosomal RNA processing 8","Up_in_KO_control"
"ENSMUSG00000074305",3120.70031538902,0.826838084353095,0.179273799991943,4.61215238584922,3.98520652263406e-06,4.84569003626064e-05,"Peak1","244895","pseudopodium-enriched atypical kinase 1","Up_in_KO_control"
"ENSMUSG00000031642",583.258585701813,-0.680714748297789,0.147596963860486,-4.6119834073364,3.98844839279313e-06,4.84648277755441e-05,"Sh3rf1","59009","SH3 domain containing ring finger 1","Down_in_KO_control"
"ENSMUSG00000010461",69.9883106840648,-1.52253251536781,0.330404492490335,-4.60808660285499,4.06391403621368e-06,4.92539011396804e-05,"Eya4","14051","EYA transcriptional coactivator and phosphatase 4","Down_in_KO_control"
"ENSMUSG00000030780",208.838641109585,0.887623798652279,0.192618094261396,4.60820569353009,4.06158758585356e-06,4.92539011396804e-05,"Rusf1","233913","RUS family member 1","Up_in_KO_control"
"ENSMUSG00000034858",542.699746414801,0.8427821149421,0.182876662843334,4.60847273697295,4.05637549975941e-06,4.92539011396804e-05,"Atosa","235493","atos homolog A","Up_in_KO_control"
"ENSMUSG00000045664",349.399784137701,-0.684804475426004,0.148614468208438,-4.6079260228253,4.0670530080453e-06,4.92600407375739e-05,"Cdc42ep2","104252","CDC42 effector protein 2","Down_in_KO_control"
"ENSMUSG00000021552",407.211764889835,0.814882011684772,0.176952059959538,4.60510045416314,4.12266803669275e-06,4.99013499163205e-05,"Gkap1","56278","G kinase anchoring protein 1","Up_in_KO_control"
"ENSMUSG00000053460",451.986414418496,0.635099678116273,0.137925520265192,4.6046567516668,4.13146727272197e-06,4.99432474641125e-05,"Ggcx","56316","gamma-glutamyl carboxylase","Up_in_KO_control"
"ENSMUSG00000067916",259.066488348216,0.955713755707462,0.207753440501199,4.60023070328862,4.22023283111658e-06,5.09833550475691e-05,"Zfp991","666532","zinc finger protein 991","Up_in_KO_control"
"ENSMUSG00000048406",103.595430498637,-1.45710119967743,0.316756809864517,-4.6000627430888,4.22363705186417e-06,5.09915613880866e-05,NA,NA,NA,"Down_in_KO_control"
"ENSMUSG00000062691",419.881516751781,-0.952555274230561,0.207091723233935,-4.59967814915778,4.23144192299773e-06,5.10528515184117e-05,"Cebpzos","68554","CCAAT/enhancer binding protein zeta, opposite strand","Down_in_KO_control"
"ENSMUSG00000024610",4147.6053009812,1.785055690327,0.388104692411629,4.5994179540446,4.23673010557452e-06,5.10837180835154e-05,"Cd74","16149","CD74 antigen (invariant polypeptide of major histocompatibility complex, class II antigen-associated)","Up_in_KO_control"
"ENSMUSG00000078922",51.6234621416026,2.61971406032445,0.569673328910253,4.59862508454765,4.25288339366685e-06,5.12124883820385e-05,"Tgtp1","21822","T cell specific GTPase 1","Up_in_KO_control"
"ENSMUSG00000039899",449.570133401943,1.05445987104888,0.229315003730129,4.59830300633023,4.25946199824123e-06,5.12587217833365e-05,"Fgl2","14190","fibrinogen-like protein 2","Up_in_KO_control"
"ENSMUSG00000026342",2439.45540077257,2.67518515244077,0.581865097959985,4.59760374323868,4.27377837017031e-06,5.13979528541112e-05,"Slc35f5","74150","solute carrier family 35, member F5","Up_in_KO_control"
"ENSMUSG00000015605",839.855539860127,0.620685688817928,0.135008447121239,4.59738410486676,4.2782846466844e-06,5.14191012160598e-05,"Srf","20807","serum response factor","Up_in_KO_control"
"ENSMUSG00000111864",15.8191115948611,3.29184512742375,0.716067216482774,4.59711749351248,4.28376077602484e-06,5.14518712463112e-05,"Rpl26-ps6","628726","ribosomal protein L26, pseudogene 6","Up_in_KO_control"
"ENSMUSG00000086290",672.959104070553,-0.696546273456477,0.151522826875738,-4.59697253422883,4.28674102073535e-06,5.1454640616434e-05,"Snhg12","100039864","small nucleolar RNA host gene 12","Down_in_KO_control"
"ENSMUSG00000056679",111.772531727403,1.20249110234573,0.261662608976391,4.59557866158181,4.31549948401411e-06,5.17666293874077e-05,"Gpr173","70771","G-protein coupled receptor 173","Up_in_KO_control"
"ENSMUSG00000008734",866.088500309999,0.987540498173353,0.215081870683172,4.59146321833912,4.40149220212193e-06,5.27643328496525e-05,"Gprc5b","64297","G protein-coupled receptor, family C, group 5, member B","Up_in_KO_control"
"ENSMUSG00000073002",198.848702807685,-0.932294751703818,0.203125886529013,-4.58973874593111,4.43801125632321e-06,5.31340400765043e-05,"Vamp5","53620","vesicle-associated membrane protein 5","Down_in_KO_control"
"ENSMUSG00000022758",30.0203876114339,-2.88859475943846,0.6295205088146,-4.58856338910665,4.46306788428048e-06,5.33657439735083e-05,"P2rx6","18440","purinergic receptor P2X, ligand-gated ion channel, 6","Down_in_KO_control"
"ENSMUSG00000074863",291.627334594612,0.699508059375579,0.152578037679253,4.58459205541804,4.54873651743877e-06,5.43206805684951e-05,"Platr25","435366","pluripotency associated transcript 25","Up_in_KO_control"
"ENSMUSG00000002797",356.291429407634,-0.910767116120811,0.198709621325322,-4.58340723537351,4.57459878106314e-06,5.45946855803791e-05,"Ggct","110175","gamma-glutamyl cyclotransferase","Down_in_KO_control"
"ENSMUSG00000028893",343.23224934633,-0.935020490885717,0.204120765617517,-4.58072204489848,4.6337335285224e-06,5.51597045287784e-05,"Sesn2","230784","sestrin 2","Down_in_KO_control"
"ENSMUSG00000023018",751.061047937942,0.663364324201943,0.144815631796394,4.58075082070291,4.63309594774244e-06,5.51597045287784e-05,"Smarcd1","83797","SWI/SNF related BAF chromatin remodeling complex subunit D1","Up_in_KO_control"
"ENSMUSG00000032193",1406.52255322302,0.93111841648955,0.20337188005113,4.57840295450608,4.68539448865789e-06,5.57392161896091e-05,"Ldlr","16835","low density lipoprotein receptor","Up_in_KO_control"
"ENSMUSG00000028132",12.5756165443485,-3.57779092640681,0.781800044580574,-4.57635037399653,4.73157842000906e-06,5.62528760950632e-05,"Tlcd4","99887","TLC domain containing 4","Down_in_KO_control"
"ENSMUSG00000041716",137.90541414595,-1.08140877901687,0.23632002793791,-4.5760352537746,4.73870725550725e-06,5.63018596014649e-05,"Gm20604","100859931","predicted gene 20604","Down_in_KO_control"
"ENSMUSG00000047067",660.413021493514,3.33475325669945,0.728912419455829,4.57497110446961,4.76285717822924e-06,5.64812080964536e-05,"Dusp28","67446","dual specificity phosphatase 28","Up_in_KO_control"
"ENSMUSG00000054555",422.483485302245,0.85241591133564,0.186356218651321,4.5741210972441,4.78223198034554e-06,5.66750519621318e-05,"Adam12","11489","ADAM metallopeptidase domain 12","Up_in_KO_control"
"ENSMUSG00000033629",1170.14029964864,0.587250688331449,0.128502133876639,4.56996837807538,4.87797811962124e-06,5.7736625270381e-05,"Hacd3","57874","3-hydroxyacyl-CoA dehydratase 3","Up_in_KO_control"
"ENSMUSG00000029687",1043.18459557852,0.611193372356652,0.133754377600582,4.56952051454946,4.88841317133749e-06,5.78235623737285e-05,"Ezh2","14056","enhancer of zeste 2 polycomb repressive complex 2 subunit","Up_in_KO_control"
"ENSMUSG00000040466",668.215900868273,-0.757595240899422,0.165850693164529,-4.56793533053167,4.92551938245249e-06,5.82256754288271e-05,"Blvrb","233016","biliverdin reductase B","Down_in_KO_control"
"ENSMUSG00000025324",477.47851468795,0.681520169244672,0.149220091014831,4.56721453934064,4.94248083798717e-06,5.83892954048321e-05,"Atp10a","11982","ATPase, class V, type 10A","Up_in_KO_control"
"ENSMUSG00000046179",1326.06085537311,0.808631631280411,0.177074408410036,4.56662054410445,4.95650059571882e-06,5.8517978326616e-05,"E2f8","108961","E2F transcription factor 8","Up_in_KO_control"
"ENSMUSG00000095427",494.432632497353,-1.80118469230807,0.394450487593019,-4.56631376804501,4.96375617619607e-06,5.85666893601243e-05,"Rps2-ps6","100043752","ribosomal protein S2, pseudogene 6","Down_in_KO_control"
"ENSMUSG00000040722",614.994802160872,-0.676923275687693,0.148375220526142,-4.56223939069682,5.06108941221729e-06,5.96023701515558e-05,"Scamp5","56807","secretory carrier membrane protein 5","Down_in_KO_control"
"ENSMUSG00000038764",126.758498280638,1.16436734987634,0.2552313687244,4.56200723169583,5.06669016998135e-06,5.9630800723812e-05,"Ptpn3","545622","protein tyrosine phosphatase, non-receptor type 3","Up_in_KO_control"
"ENSMUSG00000046032",1509.61874204028,0.603511732126454,0.132328203150851,4.56071886231588,5.09787967074171e-06,5.99601648514077e-05,"Snx12","55988","sorting nexin 12","Up_in_KO_control"
"ENSMUSG00000063810",181.623173659138,0.927021639798866,0.203554170462809,4.55417659923721,5.25911624564601e-06,6.17789342779496e-05,"Alms1","236266","ALMS1, centrosome and basal body associated","Up_in_KO_control"
"ENSMUSG00000056629",1311.38656364153,-0.61572003176959,0.135258986245169,-4.55215619207393,5.30988898101333e-06,6.23362311804909e-05,"Fkbp2","14227","FK506 binding protein 2","Down_in_KO_control"
"ENSMUSG00000082244",168.711963390882,-1.23922277285822,0.272252931300593,-4.55173344484581,5.32057181004456e-06,6.24224829350244e-05,NA,NA,NA,"Down_in_KO_control"
"ENSMUSG00000078915",45.4647078249781,-1.9638309509565,0.431547837033091,-4.55066804287078,5.34758588977293e-06,6.27001094958151e-05,NA,NA,NA,"Down_in_KO_control"
"ENSMUSG00000021619",269.279397220835,-0.761388492956594,0.167347776430044,-4.54973773299508,5.37128195965322e-06,6.29385092742584e-05,"Atg10","66795","autophagy related 10","Down_in_KO_control"
"ENSMUSG00000057135",28.6507800270954,2.39710430337083,0.527049656078667,4.54815647012403,5.41178938113746e-06,6.3373476025798e-05,"Scimp","327957","SLP adaptor and CSK interacting membrane protein","Up_in_KO_control"
"ENSMUSG00000027189",843.959135089533,0.692917148972748,0.152369365896357,4.54761457394314,5.42573837305001e-06,6.34574013593031e-05,"Trim44","80985","tripartite motif-containing 44","Up_in_KO_control"
"ENSMUSG00000029710",930.533239510977,0.655917334923214,0.144233041449768,4.54762187866397,5.42555011299698e-06,6.34574013593031e-05,"Ephb4","13846","Eph receptor B4","Up_in_KO_control"
"ENSMUSG00000028549",139.21164538295,-1.0241184106638,0.225255301273442,-4.5464786172584,5.45509091297971e-06,6.37457666327927e-05,"Itgb3bp","67733","integrin beta 3 binding protein (beta3-endonexin)","Down_in_KO_control"
"ENSMUSG00000058325",499.242472789792,0.718854201232465,0.158117815514547,4.54632008982145,5.45919924901167e-06,6.37457666327927e-05,"Dock1","330662","dedicator of cytokinesis 1","Up_in_KO_control"
"ENSMUSG00000015488",559.614966637864,0.659296776494545,0.145019416712646,4.54626553767579,5.46061368633392e-06,6.37457666327927e-05,"Cacfd1","381356","calcium channel flower domain containing 1","Up_in_KO_control"
"ENSMUSG00000083097",3008.84928944691,-0.596453131949815,0.131228266998797,-4.54515742370722,5.48942111291442e-06,6.404210553988e-05,NA,NA,NA,"Down_in_KO_control"
"ENSMUSG00000033952",849.483324937238,0.723562375737027,0.15924718275174,4.54364317932727,5.52902196312621e-06,6.44639177545051e-05,"Aspm","12316","abnormal spindle microtubule assembly","Up_in_KO_control"
"ENSMUSG00000036854",371.227865732423,-0.911382523322915,0.200928131876971,-4.53586322039244,5.73683527993334e-06,6.67205709095044e-05,"Hspb6","243912","heat shock protein, alpha-crystallin-related, B6","Down_in_KO_control"
"ENSMUSG00000035873",437.178311433158,0.826463231232025,0.182216503268802,4.53561129977806,5.74368783611197e-06,6.67587766938903e-05,"Pawr","114774","PRKC, apoptosis, WT1, regulator","Up_in_KO_control"
"ENSMUSG00000024608",24784.6845132843,-0.683070217081947,0.150609233241652,-4.53538074910695,5.74996596849714e-06,6.67902626744178e-05,"Rps14","20044","ribosomal protein S14","Down_in_KO_control"
"ENSMUSG00000037851",2528.14054947686,0.797638232932104,0.175879110051067,4.53515049456703,5.7562425923417e-06,6.68216920784679e-05,"Iars1","105148","isoleucyl-tRNA synthetase 1","Up_in_KO_control"
"ENSMUSG00000026399",57.6271362790363,1.41077976723113,0.311114061048686,4.53460625493991,5.77110437315954e-06,6.68697685046034e-05,"Cd55","13136","CD55 molecule, decay accelerating factor for complement","Up_in_KO_control"
"ENSMUSG00000051000",154.282532700517,-1.10313726942875,0.243268026515746,-4.53465786370962,5.76969349603442e-06,6.68697685046034e-05,"Fhip1a","229488","FHF complex subunit HOOK interacting protein 1A","Down_in_KO_control"
"ENSMUSG00000019806",958.957219096985,-0.81720741132549,0.180214626720933,-4.5346342091919,5.77034012068555e-06,6.68697685046034e-05,"Aig1","66253","androgen-induced 1","Down_in_KO_control"
"ENSMUSG00000033799",568.455783010859,0.923560558426699,0.203776687859804,4.53221891142964,5.83673157482192e-06,6.75465417190121e-05,"Tasor2","105203","transcription activation suppressor family member 2","Up_in_KO_control"
"ENSMUSG00000001493",468.367184662839,-2.65324268739855,0.585712253407025,-4.52994225742236,5.89998090999051e-06,6.80680288339411e-05,"Meox1","17285","mesenchyme homeobox 1","Down_in_KO_control"
"ENSMUSG00000041025",1283.31717008816,0.635080356696827,0.140192373185879,4.53006352816914,5.89659532585756e-06,6.80680288339411e-05,"Iffo2","212632","intermediate filament family orphan 2","Up_in_KO_control"
"ENSMUSG00000004994",329.841297719649,-0.757477034039372,0.167268735221779,-4.52850338728899,5.94029291748917e-06,6.84487077370534e-05,"Yju2b","67736","YJU2 splicing factor homolog B","Down_in_KO_control"
"ENSMUSG00000041605",221.330632570292,2.33728587753024,0.516220620538843,4.52768793910349,5.96325575576585e-06,6.86287853368059e-05,"Inava","67313","innate immunity activator","Up_in_KO_control"
"ENSMUSG00000032997",1155.43225346216,0.639975430367461,0.141366277645239,4.52707280001735,5.98063412224651e-06,6.87864820710504e-05,"Chpf","74241","chondroitin polymerizing factor","Up_in_KO_control"
"ENSMUSG00000096221",71.3982756472089,-1.29479740662113,0.286035820590562,-4.52669670514635,5.99128308706931e-06,6.88666341574496e-05,"1500002C15Rik","102636313","RIKEN cDNA 1500002C15 gene","Down_in_KO_control"
"ENSMUSG00000061762",89.9547828757686,-3.35976808810491,0.743037393124349,-4.5216675758102,6.13543599205485e-06,7.03120504800211e-05,"Tac1","21333","tachykinin 1","Down_in_KO_control"
"ENSMUSG00000042817",69.7222079289939,-1.2779775864669,0.282634956596288,-4.52165436949947,6.13581886570162e-06,7.03120504800211e-05,"Flt3","14255","FMS-like tyrosine kinase 3","Down_in_KO_control"
"ENSMUSG00000094737",76.8462643935382,-1.30852837594788,0.28944811227114,-4.52077011551596,6.16150699067587e-06,7.05632070480523e-05,"Gm17045","100417766","predicted gene 17045","Down_in_KO_control"
"ENSMUSG00000030852",1181.97667703251,0.639777340175205,0.141544284087981,4.5199800493359,6.18454592780139e-06,7.07837357473684e-05,"Tacc2","57752","transforming, acidic coiled-coil containing protein 2","Up_in_KO_control"
"ENSMUSG00000005125",3185.63882707828,-2.10910480341013,0.466788815459504,-4.51832763245181,6.23299846433586e-06,7.12946823124187e-05,"Ndrg1","17988","N-myc downstream regulated gene 1","Down_in_KO_control"
"ENSMUSG00000033906",224.054518736182,2.4913898499602,0.552176338380882,4.51194605199052,6.42355282982148e-06,7.32504229765079e-05,"Zdhhc15","108672","zinc finger, DHHC domain containing 15","Up_in_KO_control"
"ENSMUSG00000021506",324.266971142694,-0.892927528685319,0.197936955778866,-4.51117137359074,6.44706060854806e-06,7.34737181289646e-05,"Pitx1","18740","paired-like homeodomain transcription factor 1","Down_in_KO_control"
"ENSMUSG00000060032",1018.9978562811,-0.756646474910526,0.167740027087977,-4.51082838155069,6.45749504270456e-06,7.35478421997143e-05,"H2aj","232440","H2J.A histone","Down_in_KO_control"
"ENSMUSG00000115406",9.57082507070144,-6.0266384485212,1.3363700588219,-4.5097077779744,6.49169856361159e-06,7.38924301830071e-05,NA,NA,NA,"Down_in_KO_control"
"ENSMUSG00000074158",124.597501187558,1.16647609134479,0.258716567549764,4.50870271816056,6.52252279427144e-06,7.41981574767182e-05,"Zfp976","208111","zinc finger protein 976","Up_in_KO_control"
"ENSMUSG00000024309",3028.18569259564,-0.640923913943595,0.14223394235554,-4.50612493283415,6.60222246753161e-06,7.50591670929034e-05,"Pfdn6","14976","prefoldin subunit 6","Down_in_KO_control"
"ENSMUSG00000039997",575.084576144005,1.65936349646755,0.368575765254746,4.50209604888336,6.72865590643778e-06,7.63111139255577e-05,"Ifi203","15950","interferon activated gene 203","Up_in_KO_control"
"ENSMUSG00000044224",1907.0159537523,-0.736165812541634,0.163575276018942,-4.50047116201342,6.7803003427541e-06,7.68502485245048e-05,"Dnajc21","78244","DnaJ heat shock protein family (Hsp40) member C21","Down_in_KO_control"
"ENSMUSG00000031169",92.59685702796,-1.53649258484162,0.341549145295719,-4.49859882832174,6.84027967536605e-06,7.7483143804555e-05,"Porcn","53627","porcupine O-acyltransferase","Down_in_KO_control"
"ENSMUSG00000030322",234.324677900126,0.788253814090223,0.175236812477677,4.49822045348285,6.85246222699839e-06,7.75741836986212e-05,"Mbd4","17193","methyl-CpG binding domain protein 4","Up_in_KO_control"
"ENSMUSG00000056313",3003.72727510698,-0.775277766126999,0.172413857323148,-4.49660936866537,6.90456710621068e-06,7.8116786129698e-05,"Tcim","69068","transcriptional and immune response regulator","Down_in_KO_control"
"ENSMUSG00000021243",1131.49874021269,-0.610524945464026,0.13587462302129,-4.49329633369701,7.01290902049978e-06,7.91511257542897e-05,"Fcf1","73736","FCF1 rRNA processing protein","Down_in_KO_control"
"ENSMUSG00000035365",214.040282971537,0.788521517843061,0.175495090051221,4.49312580547365,7.01852935907956e-06,7.91668112697141e-05,"Parpbp","75317","PARP1 binding protein","Up_in_KO_control"
"ENSMUSG00000002319",2038.06300302026,-0.614696997244269,0.136859022943606,-4.49146124254854,7.073617444009e-06,7.96921151292838e-05,"Ipo4","75751","importin 4","Down_in_KO_control"
"ENSMUSG00000050315",351.942786194013,0.969744075118632,0.215929160159407,4.49102879112172,7.08799679455013e-06,7.98060673985659e-05,"Synpo2","118449","synaptopodin 2","Up_in_KO_control"
"ENSMUSG00000015335",471.873013908864,-0.880483058109145,0.19606204234132,-4.49083895890633,7.09431769089838e-06,7.9829204419592e-05,"Zdhhc12","66220","zinc finger, DHHC domain containing 12","Down_in_KO_control"
"ENSMUSG00000117924",407.820379005227,0.786629047243859,0.175179945825266,4.49040581407922,7.10876042579639e-06,7.99436501489951e-05,"Tmem223","66836","transmembrane protein 223","Up_in_KO_control"
"ENSMUSG00000026024",344.792152940632,0.728641287096256,0.162309087761387,4.48922051836952,7.14842670674989e-06,8.03414468248713e-05,"Als2","74018","alsin Rho guanine nucleotide exchange factor","Up_in_KO_control"
"ENSMUSG00000033728",454.822388236468,0.708933738638875,0.157961415696062,4.48801839053502,7.1888724432722e-06,8.07065090504461e-05,"Lrrc14","223664","leucine rich repeat containing 14","Up_in_KO_control"
"ENSMUSG00000038507",594.421362941234,1.03636984176932,0.230968322364089,4.48706485444195,7.22110983530765e-06,8.10123671151751e-05,"Parp12","243771","poly (ADP-ribose) polymerase family, member 12","Up_in_KO_control"
"ENSMUSG00000079215",1010.94617666855,0.63870401307884,0.142361526177582,4.48649315744282,7.24050415826178e-06,8.11812787978146e-05,"Zfp664","269704","zinc finger protein 664","Up_in_KO_control"
"ENSMUSG00000029162",147.231507942285,-1.01774241870136,0.226876141933114,-4.48589441811559,7.26086926912172e-06,8.13413309889788e-05,"Khk","16548","ketohexokinase","Down_in_KO_control"
"ENSMUSG00000031934",295.187258274499,0.770537606150391,0.171771928175879,4.48581799327205,7.26347267047419e-06,8.13413309889788e-05,"Panx1","55991","pannexin 1","Up_in_KO_control"
"ENSMUSG00000042063",947.064643004724,-0.633958210564024,0.141397300674011,-4.48352413760432,7.34202933553923e-06,8.21718869353742e-05,"Zfp386","56220","zinc finger protein 386 (Kruppel-like)","Down_in_KO_control"
"ENSMUSG00000040524",757.896876905874,0.615307445513474,0.137248632136399,4.48315903725712,7.35460747542189e-06,8.22634606620262e-05,"Zfp609","214812","zinc finger protein 609","Up_in_KO_control"
"ENSMUSG00000047749",288.824679710822,0.806308508361617,0.179967918180362,4.48029024569558,7.4541603346409e-06,8.33271818053376e-05,"Zc3hav1l","209032","zinc finger CCCH-type, antiviral 1-like","Up_in_KO_control"
"ENSMUSG00000028358",20.8052378632906,3.18684368235848,0.711464388723632,4.47927364021083,7.48974682279033e-06,8.36250789348899e-05,"Zfp618","72701","zinc finger protein 618","Up_in_KO_control"
"ENSMUSG00000069874",303.567740878368,1.44680611443987,0.322997916012442,4.47930479645615,7.48865378291231e-06,8.36250789348899e-05,"Irgm2","54396","immunity-related GTPase family M member 2","Up_in_KO_control"
"ENSMUSG00000038295",252.545719965428,-1.13127080865517,0.25268184603285,-4.47705613369669,7.56793559854431e-06,8.43470987823464e-05,"Atg9b","213948","autophagy related 9B","Down_in_KO_control"
"ENSMUSG00000022003",858.249576106094,-0.714104788125539,0.159501695070966,-4.47709842712215,7.56643706785452e-06,8.43470987823464e-05,"Slc25a30","67554","solute carrier family 25, member 30","Down_in_KO_control"
"ENSMUSG00000061353",6003.56127699454,0.77458894658239,0.173018633057403,4.47691056676769,7.57309546117917e-06,8.43543662887177e-05,"Cxcl12","20315","C-X-C motif chemokine ligand 12","Up_in_KO_control"
"ENSMUSG00000103793",22.0465483879685,-3.57332431110967,0.798367983278589,-4.47578608605446,7.61306806757907e-06,8.47491628486657e-05,"Pcdhga6","93714","protocadherin gamma subfamily A, 6","Down_in_KO_control"
"ENSMUSG00000104346",18.0434762025578,3.04875750275487,0.681250563434409,4.47523666972851,7.63267179275266e-06,8.49168770854819e-05,"Pcdhga3","93711","protocadherin gamma subfamily A, 3","Up_in_KO_control"
"ENSMUSG00000072966",127.740995722895,1.35778955148705,0.303429363473441,4.47481264154547,7.64783453357712e-06,8.49845175931286e-05,"Gprasp2","245607","G protein-coupled receptor associated sorting protein 2","Up_in_KO_control"
"ENSMUSG00000021326",1862.50556041554,0.655063342483764,0.146433997847875,4.47343753575783,7.69720506488015e-06,8.54823729252833e-05,"Trim27","19720","tripartite motif-containing 27","Up_in_KO_control"
"ENSMUSG00000050043",952.011612886875,-0.605950814885247,0.135482585928079,-4.47253653105586,7.72971899267181e-06,8.57925453795181e-05,"Tmx2","66958","thioredoxin-related transmembrane protein 2","Down_in_KO_control"
"ENSMUSG00000113521",59.5092484195753,1.50945716296038,0.337539976342698,4.47193597426771,7.75146375393871e-06,8.59828934365471e-05,"Gm29787","101056142","predicted gene, 29787","Up_in_KO_control"
"ENSMUSG00000054423",90.018662849798,1.66143642218569,0.371735656784099,4.46940289925064,7.84382575605898e-06,8.69558716665472e-05,"Cadps","27062","Ca2+-dependent secretion activator","Up_in_KO_control"
"ENSMUSG00000055172",358.836261329288,1.09057456049523,0.244023026660903,4.46914611058694,7.85324740485492e-06,8.7008773645382e-05,"C1ra","50909","complement component 1, r subcomponent A","Up_in_KO_control"
"ENSMUSG00000036975",161.175557751266,1.24874110156962,0.279463936194928,4.4683443544523,7.88273374021618e-06,8.7283784899802e-05,"Tmem177","66343","transmembrane protein 177","Up_in_KO_control"
"ENSMUSG00000046598",19.7225380067519,-3.75442515379957,0.840394236522093,-4.46745704651304,7.91548981076472e-06,8.75946545410054e-05,"Bdh1","71911","3-hydroxybutyrate dehydrogenase, type 1","Down_in_KO_control"
"ENSMUSG00000037621",94.8151166757632,-1.70073848884124,0.38094625379269,-4.46451033947371,8.02520734312654e-06,8.87563268392003e-05,"Atoh8","71093","atonal bHLH transcription factor 8","Down_in_KO_control"
"ENSMUSG00000051596",31.725626681563,-2.68855392482372,0.602262907146517,-4.46408685130871,8.04109446222654e-06,8.88795042360575e-05,"Otop1","21906","otopetrin 1","Down_in_KO_control"
"ENSMUSG00000019966",1247.70874616273,0.606151172387737,0.135839556956135,4.46225816669496,8.11004327166799e-06,8.95886893404504e-05,"Kitl","17311","kit ligand","Up_in_KO_control"
"ENSMUSG00000041777",371.956382394301,-0.706239986088814,0.158291024536661,-4.46165528434776,8.13289798497569e-06,8.97881533881121e-05,"Cir1","66935","corepressor interacting with RBPJ, 1","Down_in_KO_control"
"ENSMUSG00000001228",1616.82862399521,0.754419451960021,0.169289767940526,4.45637950324948,8.33554179131361e-06,9.18627759368973e-05,"Uhrf1","18140","ubiquitin-like, containing PHD and RING finger domains, 1","Up_in_KO_control"
"ENSMUSG00000020653",259.87482723038,-0.854402855971052,0.191937604444642,-4.45146149678801,8.52878267962887e-06,9.38818295787618e-05,"Klf11","194655","Kruppel-like transcription factor 11","Down_in_KO_control"
"ENSMUSG00000038984",50.8021039188211,1.53746009171904,0.345595311431953,4.44872960037758,8.6379679186839e-06,9.50278034464032e-05,"Tspyl5","239364","testis-specific protein, Y-encoded-like 5","Up_in_KO_control"
"ENSMUSG00000060038",705.924636059953,-0.626216903874898,0.140826245775623,-4.44673434575998,8.71855466021132e-06,9.58579984468475e-05,"Dhps","330817","deoxyhypusine synthase","Down_in_KO_control"
"ENSMUSG00000045005",317.278235985475,0.827754219307052,0.186270018917735,4.44384031373628,8.83672022399588e-06,9.71001441876893e-05,"Fzd5","14367","frizzled class receptor 5","Up_in_KO_control"
"ENSMUSG00000071632",235.256899716927,-0.964012079303706,0.217106527655539,-4.44027220053562,8.98451640765217e-06,9.84928269106005e-05,"2510002D24Rik","72307","RIKEN cDNA 2510002D24 gene","Down_in_KO_control"
"ENSMUSG00000030782",1289.08037402869,0.707880763291325,0.159474616329434,4.43883032663343,9.04490841114107e-06,9.90968214857628e-05,"Tgfb1i1","21804","transforming growth factor beta 1 induced transcript 1","Up_in_KO_control"
"ENSMUSG00000064210",1485.59174636481,0.79292751030576,0.178678915222414,4.43772288027801,9.09155628457342e-06,9.95496154202589e-05,"Ano6","105722","anoctamin 6","Up_in_KO_control"
"ENSMUSG00000026436",1326.43182126149,0.627110201678553,0.141362885927843,4.43617288627407,9.15723132025925e-06,0.000100151531090597,"Elk4","13714","ETS transcription factor ELK4","Up_in_KO_control"
"ENSMUSG00000033033",191.484586227192,1.05597588791236,0.238056079881648,4.43582826549674,9.17189477139506e-06,0.000100253310080091,"Calhm2","72691","calcium homeostasis modulator family member 2","Up_in_KO_control"
"ENSMUSG00000114759",565.060201883631,-0.823444017654636,0.185644104159139,-4.43560554419093,9.18138338939582e-06,0.000100298439793207,NA,NA,NA,"Down_in_KO_control"
"ENSMUSG00000096255",228.709079144465,-0.914861034994288,0.20630289796428,-4.43455251487882,9.226372844817e-06,0.000100731105627223,"Dynlt1b","21648","dynein light chain Tctex-type 1B","Down_in_KO_control"
"ENSMUSG00000029022",625.928355564292,-0.735959005979348,0.165975803962708,-4.4341343039658,9.24429879166543e-06,0.000100867966932032,"Miip","28010","migration and invasion inhibitory protein","Down_in_KO_control"
"ENSMUSG00000058546",230.588241675384,-0.841046480010411,0.189681299702238,-4.43399787607259,9.25015375137517e-06,0.000100873034469396,"Rpl23a","268449","ribosomal protein L23A","Down_in_KO_control"
"ENSMUSG00000002058",808.499982210065,-0.724643435015085,0.163494085089876,-4.43223028292878,9.32633308609947e-06,0.000101585373131653,"Unc119","22248","unc-119 lipid binding chaperone","Down_in_KO_control"
"ENSMUSG00000034616",252.483353755696,-0.90060580834101,0.203262148546648,-4.43076005434591,9.39015292243667e-06,0.000102161588161371,"Ssh3","245857","slingshot protein phosphatase 3","Down_in_KO_control"
"ENSMUSG00000040865",740.935496838738,0.592383416707084,0.133706908960775,4.43046227985772,9.40312945822341e-06,0.000102243324550688,"Ino80d","227195","INO80 complex subunit D","Up_in_KO_control"
"ENSMUSG00000085395",91.3030667085289,-1.17090611945883,0.264337959856925,-4.42957992144825,9.44168189804583e-06,0.000102602899743398,NA,NA,NA,"Down_in_KO_control"
"ENSMUSG00000030247",231.017711185197,-1.14666707161191,0.258897545352783,-4.42903801984456,9.46543372893025e-06,0.000102682122533027,"Kcnj8","16523","potassium inwardly-rectifying channel, subfamily J, member 8","Down_in_KO_control"
"ENSMUSG00000041028",5518.72193640551,-0.606107656032434,0.136845689654954,-4.42913224056007,9.46129989017843e-06,0.000102682122533027,"Ghitm","66092","growth hormone inducible transmembrane protein","Down_in_KO_control"
"ENSMUSG00000048249",488.434707545204,-0.701884652781759,0.158507850655244,-4.4280750125643,9.50778376228405e-06,0.000103081783049607,"Crebrf","77128","CREB3 regulatory factor","Down_in_KO_control"
"ENSMUSG00000039137",132.77068910122,-1.18398772728965,0.2674022535873,-4.42774027296337,9.52254690748059e-06,0.00010318206154006,"Whrn","73750","whirlin","Down_in_KO_control"
"ENSMUSG00000062713",7.02948257501035,-6.590038152365,1.48858392441183,-4.4270518069506,9.55297944652222e-06,0.000103451912258548,"Sim2","20465","single-minded family bHLH transcription factor 2","Down_in_KO_control"
"ENSMUSG00000027907",7660.36976077398,-0.797555307907642,0.18046752079073,-4.41938418842961,9.89825473266121e-06,0.000106943441577534,"S100a11","20195","S100 calcium binding protein A11","Down_in_KO_control"
"ENSMUSG00000068270",184.273751197908,0.793323260786537,0.179535047609719,4.41876542406973,9.9266316961655e-06,0.000107126331563059,"Shroom4","208431","shroom family member 4","Up_in_KO_control"
"ENSMUSG00000026604",773.984165228364,0.705389073219983,0.159748674177859,4.41561769980404,1.00721957084175e-05,0.000108572003624203,"Ptpn14","19250","protein tyrosine phosphatase, non-receptor type 14","Up_in_KO_control"
"ENSMUSG00000023990",226.482838919272,-0.847401145707851,0.192009854525056,-4.41332111731416,1.01796832912746e-05,0.000109667480385505,"Tfeb","21425","transcription factor EB","Down_in_KO_control"
"ENSMUSG00000107476",235.67071337033,1.10210280271067,0.249954633741537,4.40921132852568,1.03747748517084e-05,0.000111640691086842,NA,NA,NA,"Up_in_KO_control"
"ENSMUSG00000037855",96.8407632841999,-1.19515535583693,0.271067502677502,-4.40906912127659,1.03815889290848e-05,0.000111649812431014,"Zfp365","216049","zinc finger protein 365","Down_in_KO_control"
"ENSMUSG00000026463",419.941790734846,-0.93496009755801,0.212112669177819,-4.40784655241038,1.0440346756505e-05,0.000112217236562021,"Atp2b4","381290","ATPase, Ca++ transporting, plasma membrane 4","Down_in_KO_control"
"ENSMUSG00000031298",97.3842757176975,-1.31194241510814,0.297688695185196,-4.40709518475993,1.04766156233607e-05,0.000112542427187112,"Adgrg2","237175","adhesion G protein-coupled receptor G2","Down_in_KO_control"
"ENSMUSG00000068264",273.510467390634,-0.720573908074992,0.163521645124125,-4.40659649386491,1.05007540598823e-05,0.000112737011315306,"Ap5s1","69596","adaptor-related protein 5 complex, sigma 1 subunit","Down_in_KO_control"
"ENSMUSG00000031530",811.724137486245,-1.99793764257608,0.453978006506286,-4.40095690527338,1.07774530088326e-05,0.000115456658413164,"Dusp4","319520","dual specificity phosphatase 4","Down_in_KO_control"
"ENSMUSG00000056919",356.730444990615,0.642875168610332,0.146077092203334,4.4009307613782,1.07787517900816e-05,0.000115456658413164,"Cep162","382090","centrosomal protein 162","Up_in_KO_control"
"ENSMUSG00000047766",383.285194538954,0.704537526805803,0.1601082186285,4.40038327102087,1.08059844753986e-05,0.000115682143871931,"Lrrc49","102747","leucine rich repeat containing 49","Up_in_KO_control"
"ENSMUSG00000050621",6254.38338677706,-0.785895912334055,0.178666377102618,-4.39867828003627,1.08912138144272e-05,0.000116527892572542,"Rps27rt","100043813","ribosomal protein S27, retrogene","Down_in_KO_control"
"ENSMUSG00000038740",678.31540621841,0.727563002298284,0.165498858853007,4.39618138360996,1.10171881168479e-05,0.000117808366417471,"Mvb12b","72543","multivesicular body subunit 12B","Up_in_KO_control"
"ENSMUSG00000115164",14.2405670373746,-4.76709614324748,1.08470644753659,-4.3948260417127,1.10861495844981e-05,0.000118410455008398,NA,NA,NA,"Down_in_KO_control"
"ENSMUSG00000009563",706.715029917769,-0.749085573918277,0.170465254529623,-4.3943592844494,1.1109994025276e-05,0.00011852982793329,"Tor2a","30933","torsin family 2, member A","Down_in_KO_control"
"ENSMUSG00000024737",248.571973055465,1.06424265110735,0.242391802956477,4.39058845277221,1.13044318183006e-05,0.000120466875065979,"Slc15a3","65221","solute carrier family 15, member 3","Up_in_KO_control"
"ENSMUSG00000021550",802.131052114603,-0.849385539419332,0.193477869614432,-4.39009144101086,1.1330300560638e-05,0.000120673827200466,"Qng1","70153","Q-nucleotide N-glycosylase 1","Down_in_KO_control"
"ENSMUSG00000074480",1432.27463435466,0.709912712137242,0.161723679721675,4.38966460173919,1.13525620237764e-05,0.000120842146274703,"Mex3a","72640","mex3 RNA binding family member A","Up_in_KO_control"
"ENSMUSG00000055835",498.511356497194,-0.69835680256677,0.159152702187433,-4.38796698371053,1.14415138972376e-05,0.000121719755292216,"Zfp1","22640","zinc finger protein 1","Down_in_KO_control"
"ENSMUSG00000000531",749.095739257237,0.639938693585605,0.14589976053346,4.38615314545936,1.15372905437809e-05,0.000122599271973749,"Tamalin","56149","trafficking regulator and scaffold protein tamalin","Up_in_KO_control"
"ENSMUSG00000030674",15.7913345443114,-4.2264233078027,0.963863642850923,-4.38487678122369,1.16051450155936e-05,0.000123250328420433,"Qprt","67375","quinolinate phosphoribosyltransferase","Down_in_KO_control"
"ENSMUSG00000026014",1052.5620422726,0.596303685341554,0.136032643955457,4.38353374603826,1.16769550911474e-05,0.000123878661656684,"Raph1","77300","Ras association (RalGDS/AF-6) and pleckstrin homology domains 1","Up_in_KO_control"
"ENSMUSG00000042208",682.639480153535,0.696845889833368,0.159210337065721,4.37688847769798,1.20385530735185e-05,0.000127635945419122,"Sanbr","71675","SANT and BTB domain regulator of CSR","Up_in_KO_control"
"ENSMUSG00000039200",7.05390793772613,-6.47042579708657,1.47858281409644,-4.3760996918124,1.20821771438397e-05,0.000128025923495284,"Atf7ip2","75329","activating transcription factor 7 interacting protein 2","Down_in_KO_control"
"ENSMUSG00000041889",222.533939860956,0.89085291697342,0.203668747347919,4.37402855653457,1.21974412767642e-05,0.000129101085187833,"Shisa4","77552","shisa family member 4","Up_in_KO_control"
"ENSMUSG00000034342",1269.12288105163,0.698312623608407,0.159665515105779,4.37359703593962,1.22215882759935e-05,0.000129283539518749,"Cbl","12402","Cbl proto-oncogene","Up_in_KO_control"
"ENSMUSG00000031644",546.024365145088,-0.636835074588121,0.145684748743701,-4.37132287408126,1.23496012542261e-05,0.00013049016841916,"Nek1","18004","NIMA (never in mitosis gene a)-related expressed kinase 1","Down_in_KO_control"
"ENSMUSG00000002835",652.431180317213,0.894756322183798,0.204730422420041,4.37041213321998,1.24012249912399e-05,0.000130961694842591,"Chaf1a","27221","chromatin assembly factor 1, subunit A","Up_in_KO_control"
"ENSMUSG00000002104",61.1884693131523,1.38353546104184,0.316623666916593,4.36965270005004,1.24444295072035e-05,0.000131343829310942,"Rapsn","19400","receptor-associated protein of the synapse","Up_in_KO_control"
"ENSMUSG00000042249",215.652526032498,-1.46213781052458,0.334735096866896,-4.36804453494755,1.25363933856325e-05,0.000132239870025558,"Grk3","320129","G protein-coupled receptor kinase 3","Down_in_KO_control"
"ENSMUSG00000047517",8.35052355468797,-7.61142517552532,1.74271928711016,-4.36755662935646,1.25644225364486e-05,0.000132386283178244,"Dmbt1","12945","deleted in malignant brain tumors 1","Down_in_KO_control"
"ENSMUSG00000030942",1081.63778860382,0.601323906808971,0.13767618926343,4.36766814963477,1.25580106637179e-05,0.000132386283178244,"Thumpd1","233802","THUMP domain containing 1","Up_in_KO_control"
"ENSMUSG00000033458",40.5023353348547,1.6963154831355,0.388551323142109,4.36574367941371,1.26690975263562e-05,0.000133339045000395,"Fan1","330554","FANCD2/FANCI-associated nuclease 1","Up_in_KO_control"
"ENSMUSG00000018899",2115.69992225142,0.840617536387298,0.192546340207313,4.36579337463498,1.26662171951511e-05,0.000133339045000395,"Irf1","16362","interferon regulatory factor 1","Up_in_KO_control"
"ENSMUSG00000102224",189.011437370059,-1.20516734394719,0.276482374886071,-4.35893009253773,1.30699851777793e-05,0.000137422691620564,"4930447F24Rik","76873","RIKEN cDNA 4930447F24 gene","Down_in_KO_control"
"ENSMUSG00000084950",13.9930978874204,-3.45392770074223,0.792519623092986,-4.35816047968945,1.31160197856623e-05,0.000137810262913587,"Gm5577","434064","predicted gene 5577","Down_in_KO_control"
"ENSMUSG00000043020",19.3066148652838,2.92248017729763,0.671503220925379,4.35214617923983,1.34811324826871e-05,0.000141487623190423,"Dnai3","242253","dynein axonemal intermediate chain 3","Up_in_KO_control"
"ENSMUSG00000071637",1267.13439959926,-1.88698171150994,0.433810898875866,-4.34977940019414,1.36274552285433e-05,0.000142783073735571,"Cebpd","12609","CCAAT/enhancer binding protein delta","Down_in_KO_control"
"ENSMUSG00000030157",1117.82502962047,0.715176519377204,0.16455008715814,4.34625427265734,1.38482028108999e-05,0.000144933679642265,"Clec2d","93694","C-type lectin domain family 2, member d","Up_in_KO_control"
"ENSMUSG00000109222",449.37310921715,0.666622155630594,0.153393707201633,4.34582466120551,1.38753375756978e-05,0.000145136496396889,NA,NA,NA,"Up_in_KO_control"
"ENSMUSG00000079298",62.4526755149423,1.46533775266484,0.337205440601396,4.34553413507045,1.3893716283531e-05,0.000145247549057941,"Klrb1b","80782","killer cell lectin-like receptor subfamily B member 1B","Up_in_KO_control"
"ENSMUSG00000034875",488.727094939847,0.673960870221807,0.155162605120407,4.34357794971804,1.40180705874184e-05,0.000146302373063224,"Nudt19","110959","nudix hydrolase 19","Up_in_KO_control"
"ENSMUSG00000025150",1244.65610553639,-1.05203066864068,0.242266364808456,-4.34245451064761,1.40899665231225e-05,0.00014697076005975,"Cbr2","12409","carbonyl reductase 2","Down_in_KO_control"
"ENSMUSG00000032058",923.352716684248,0.599791539791815,0.138152578723992,4.34151534000759,1.41503397186953e-05,0.0001475182769671,"Ppp2r1b","73699","protein phosphatase 2, regulatory subunit A, beta","Up_in_KO_control"
"ENSMUSG00000038812",167.46535377415,-0.891301579433082,0.205322059353988,-4.34099279072797,1.41840377694239e-05,0.000147787248763491,"Trmt112","67674","tRNA methyltransferase 11-2","Down_in_KO_control"
"ENSMUSG00000033805",17.1002211081987,-2.89027557245562,0.666186203838369,-4.33854011956822,1.43432303921396e-05,0.000149256446851489,"Ephx4","384214","epoxide hydrolase 4","Down_in_KO_control"
"ENSMUSG00000052920",211.369404147903,0.919965327669533,0.21204920626251,4.33845211630099,1.43489738623325e-05,0.000149256446851489,"Prkg1","19091","protein kinase, cGMP-dependent, type I","Up_in_KO_control"
"ENSMUSG00000023021",965.127057282693,0.665839588641407,0.153541088664238,4.33655638652829,1.44732311325404e-05,0.000150381773560927,"Cers5","71949","ceramide synthase 5","Up_in_KO_control"
"ENSMUSG00000042473",675.793910189195,0.837051935379862,0.193054748143373,4.33582671977703,1.45213307225442e-05,0.000150797814545488,"Tbc1d8b","245638","TBC1 domain family, member 8B","Up_in_KO_control"
"ENSMUSG00000001962",1322.10981231145,-0.606087645578183,0.139839106107597,-4.33417848875436,1.46305437150397e-05,0.000151847678613165,"Fam50a","108160","family with sequence similarity 50, member A","Down_in_KO_control"
"ENSMUSG00000025407",13.4949336124173,4.24214221032007,0.978828785223604,4.33389605450865,1.46493364473235e-05,0.000151922602346694,"Gli1","14632","GLI-Kruppel family member GLI1","Up_in_KO_control"
"ENSMUSG00000053175",432.767847623331,0.975511311800415,0.225123216370352,4.33323282924136,1.46935569511237e-05,0.000152248356160785,"Bcl3","12051","B cell leukemia/lymphoma 3","Up_in_KO_control"
"ENSMUSG00000029414",464.002620625853,0.814645355386259,0.188184072442061,4.32898143192792,1.49800561670463e-05,0.000154898245174403,"Kntc1","208628","kinetochore associated 1","Up_in_KO_control"
"ENSMUSG00000002329",505.096685856837,-0.586429785586391,0.135475030450381,-4.32869277561209,1.49997004315763e-05,0.000154991382758745,"Mdp1","67881","magnesium-dependent phosphatase 1","Down_in_KO_control"
"ENSMUSG00000002768",1830.68713552436,-0.593720148523975,0.137246363607908,-4.32594447616947,1.51879679411596e-05,0.000156850134703598,"Mea1","17256","male enhanced antigen 1","Down_in_KO_control"
"ENSMUSG00000034932",819.085547274855,-0.675133452267248,0.156110745049705,-4.32470841166178,1.5273374974737e-05,0.000157645154937812,"Mrpl54","66047","mitochondrial ribosomal protein L54","Down_in_KO_control"
"ENSMUSG00000038718",676.881350042455,-0.615657987545132,0.142444462390872,-4.32209141170926,1.54557124921849e-05,0.000159369865164165,"Pbx3","18516","pre B cell leukemia homeobox 3","Down_in_KO_control"
"ENSMUSG00000073016",105.413069571461,1.31126729440836,0.303548257897104,4.31979845146353,1.56171768125931e-05,0.000160838871598269,"Uprt","331487","uracil phosphoribosyltransferase","Up_in_KO_control"
"ENSMUSG00000072949",13.9466098409539,-3.89855808498012,0.902779539548416,-4.31839437447844,1.57168407479633e-05,0.000161509742403425,"Acot1","26897","acyl-CoA thioesterase 1","Down_in_KO_control"
"ENSMUSG00000027833",524.337754280324,0.598217378766899,0.138525690547057,4.31845801601461,1.57123102680773e-05,0.000161509742403425,"Shox2","20429","SHOX homeobox 2","Up_in_KO_control"
"ENSMUSG00000102700",8.45008480447179,-4.55427362445481,1.05506369174487,-4.3165864393674,1.58460644817269e-05,0.000162748301123247,NA,NA,NA,"Down_in_KO_control"
"ENSMUSG00000026303",39.3493936921777,-2.09351190294998,0.485221211890355,-4.31455149043041,1.59927256908486e-05,0.00016398458950841,"Mlph","171531","melanophilin","Down_in_KO_control"
"ENSMUSG00000056290",108.529897151728,1.35616721728931,0.314390367516422,4.3136411207588,1.60587552043998e-05,0.000164427238679939,"Ms4a4b","60361","membrane-spanning 4-domains, subfamily A, member 4B","Up_in_KO_control"
"ENSMUSG00000070720",247.26703877594,-0.796624525401614,0.184677723037821,-4.31359295695058,1.60622557744311e-05,0.000164427238679939,"Tmem200b","623230","transmembrane protein 200B","Down_in_KO_control"
"ENSMUSG00000055214",13.7723436776433,4.4496707385698,1.03244207919221,4.30985023590986,1.63365141964148e-05,0.000166960781080016,"Pld5","319455","phospholipase D family member 5","Up_in_KO_control"
"ENSMUSG00000026683",993.891254806248,0.822036988938966,0.190790015041257,4.30859544070589,1.64294577165264e-05,0.000167727464402269,"Nuf2","66977","NUF2, NDC80 kinetochore complex component","Up_in_KO_control"
"ENSMUSG00000033379",2048.80216748511,-0.70476294348761,0.163696279560382,-4.30530825367748,1.66753373674403e-05,0.000170052091638643,"Atp6v0b","114143","ATPase, H+ transporting, lysosomal V0 subunit B","Down_in_KO_control"
"ENSMUSG00000055368",4.92926062549006,-6.30539269208829,1.46469952206652,-4.30490527039437,1.67057204818996e-05,0.000170269143451954,"Slc6a2","20538","solute carrier family 6 (neurotransmitter transporter, noradrenalin), member 2","Down_in_KO_control"
"ENSMUSG00000031358",1146.18622697893,0.644424353791319,0.149760819741217,4.30302368072548,1.68482834345398e-05,0.000171442048890996,"Msl3","17692","MSL complex subunit 3","Up_in_KO_control"
"ENSMUSG00000020564",211.620668947131,-0.724321842854042,0.168377698651065,-4.30176827844096,1.69440459030771e-05,0.000172178653071927,"Atxn7l1","380753","ataxin 7-like 1","Down_in_KO_control"
"ENSMUSG00000047547",1426.43675786313,0.627340032337277,0.145834934658053,4.3017129867287,1.69482754747229e-05,0.000172178653071927,"Cltb","74325","clathrin light chain B","Up_in_KO_control"
"ENSMUSG00000029516",373.64839168493,0.657852886251232,0.153010804353613,4.29938845841836,1.71270047132278e-05,0.000173711457560234,"Cit","12704","citron","Up_in_KO_control"
"ENSMUSG00000024201",722.030965827535,-0.774011356741507,0.180117573931772,-4.29725617465123,1.72925307896726e-05,0.000175200394513884,"Kdm4b","193796","lysine (K)-specific demethylase 4B","Down_in_KO_control"
"ENSMUSG00000028458",218.825136691143,0.959072611103042,0.223268768681144,4.2955968126143,1.74223982136067e-05,0.00017642063732209,"Tesk1","21754","testis specific protein kinase 1","Up_in_KO_control"
"ENSMUSG00000037926",938.042225098675,0.633990601804975,0.147701262191104,4.29238445494585,1.76764540485444e-05,0.000178799721411033,"Ssh2","237860","slingshot protein phosphatase 2","Up_in_KO_control"
"ENSMUSG00000022996",697.332239608796,0.977035727560708,0.227637613149294,4.292066298024,1.77018073608533e-05,0.000178959438759399,"Wnt10b","22410","wingless-type MMTV integration site family, member 10B","Up_in_KO_control"
"ENSMUSG00000044627",5618.3678911639,-0.67978942008215,0.158438842658069,-4.29054775128106,1.78232955046443e-05,0.000179739048242042,"Swi5","72931","SWI5 recombination repair homolog (yeast)","Down_in_KO_control"
"ENSMUSG00000042357",17.5147805951104,3.05864829002791,0.713068765515949,4.28941560469948,1.79143869773743e-05,0.00018042622363165,"Gjb5","14622","gap junction protein, beta 5","Up_in_KO_control"
"ENSMUSG00000035186",33.2679815256608,2.54272487158353,0.59304994098273,4.28753920347759,1.80663379974562e-05,0.000181858732085206,"Ubd","24108","ubiquitin D","Up_in_KO_control"
"ENSMUSG00000058258",138.496969305541,1.54164379973192,0.359794632860524,4.28478820674778,1.82913352795883e-05,0.000183925715790938,"Idi1","319554","isopentenyl-diphosphate delta isomerase","Up_in_KO_control"
"ENSMUSG00000102418",40.7065637116222,1.58696288412883,0.370649357443368,4.28157462642116,1.85575467055482e-05,0.000186402239130931,"Sh2d1b1","26904","SH2 domain containing 1B1","Up_in_KO_control"
"ENSMUSG00000021905",816.540887653188,-0.613246587872112,0.143269035963791,-4.2803846884759,1.86570537034888e-05,0.000187301204910615,"Dph3","105638","diphthamine biosynthesis 3","Down_in_KO_control"
"ENSMUSG00000028431",920.770816248197,0.630013544272907,0.14720218921209,4.27991966454506,1.8696078670605e-05,0.000187592343250955,"Elp1","230233","elongator complex protein 1","Up_in_KO_control"
"ENSMUSG00000032372",187.749640491848,-0.925937997753825,0.216358741468964,-4.2796421880955,1.87194016159885e-05,0.000187725703344048,"Plscr2","18828","phospholipid scramblase 2","Down_in_KO_control"
"ENSMUSG00000022248",373.773683735963,0.680873185609372,0.159148459996311,4.2782266672587,1.88388134463922e-05,0.000188720940054784,"Rad1","19355","RAD1 checkpoint DNA exonuclease","Up_in_KO_control"
"ENSMUSG00000054676",407.5440399049,0.618952967381502,0.144762302598077,4.27565019534115,1.90580264343398e-05,0.000190610822376163,"1600014C10Rik","72244","RIKEN cDNA 1600014C10 gene","Up_in_KO_control"
"ENSMUSG00000020098",44.2671128622959,2.06818855714887,0.483809872032497,4.27479610628936,1.91312292160164e-05,0.000191203866705966,"Pcbd1","13180","pterin 4 alpha carbinolamine dehydratase/dimerization cofactor of hepatocyte nuclear factor 1 alpha (TCF1) 1","Up_in_KO_control"
"ENSMUSG00000022439",138.252819245139,1.28563921591301,0.300887883461433,4.272818171084,1.93017848880152e-05,0.000192739754860954,"Parvg","64099","parvin, gamma","Up_in_KO_control"
"ENSMUSG00000031740",4597.05972434375,-0.774414714547296,0.181355712933292,-4.27014237391104,1.95348224930452e-05,0.000194858813066287,"Mmp2","17390","matrix metallopeptidase 2","Down_in_KO_control"
"ENSMUSG00000017146",432.042002173258,0.721034041763257,0.168873238454081,4.26967616872768,1.9575697848879e-05,0.000195162511372441,"Brca1","12189","breast cancer 1, early onset","Up_in_KO_control"
"ENSMUSG00000035473",283.131694537223,-0.645143866369992,0.151186638145244,-4.26720161440593,1.97940258711126e-05,0.000197234082069292,"Galm","319625","galactose mutarotase","Down_in_KO_control"
"ENSMUSG00000039004",355.501925846499,-2.48480135679174,0.582653004366983,-4.26463321765812,2.00230849834882e-05,0.00019930424962554,"Bmp6","12161","bone morphogenetic protein 6","Down_in_KO_control"
"ENSMUSG00000028370",24.6866589627144,-3.06583554484654,0.719412646233812,-4.26158138989696,2.02985400742477e-05,0.000201724153164842,"Pappa","18491","pregnancy-associated plasma protein A","Down_in_KO_control"
"ENSMUSG00000032733",387.651419441653,0.689234148410631,0.161773352296947,4.26049246445416,2.03976959964869e-05,0.000202601956041539,"Snx33","235406","sorting nexin 33","Up_in_KO_control"
"ENSMUSG00000039701",572.888371161498,-1.63819531534177,0.384784895176173,-4.25743145294651,2.0678903497048e-05,0.000205177264655493,"Usp53","99526","ubiquitin specific peptidase 53","Down_in_KO_control"
"ENSMUSG00000098749",63.9376245765203,-1.59747459255283,0.375308393650171,-4.25643182934472,2.07715332087053e-05,0.000205878019562766,NA,NA,NA,"Down_in_KO_control"
"ENSMUSG00000059149",87.5259319402187,1.74051589057563,0.408941016812506,4.2561538682084,2.07973604779359e-05,0.000206024884395773,"Mfsd4a","213006","major facilitator superfamily domain containing 4A","Up_in_KO_control"
"ENSMUSG00000034438",39.8268403851211,1.84750399768986,0.434157510359197,4.25537726195578,2.08696824187655e-05,0.000206631940265798,"Gbp8","76074","guanylate-binding protein 8","Up_in_KO_control"
"ENSMUSG00000027601",2256.37690906596,-0.698767054397285,0.16422979505806,-4.25481292325945,2.09223869601672e-05,0.00020700155053721,"Mtfr1","67472","mitochondrial fission regulator 1","Down_in_KO_control"
"ENSMUSG00000031543",82.439938145513,1.43429689205809,0.337119382239829,4.25456668355461,2.09454233879428e-05,0.000207053200136595,"Ank1","11733","ankyrin 1, erythroid","Up_in_KO_control"
"ENSMUSG00000060586",1627.70926809685,1.70181551402384,0.400155739124288,4.25288293439983,2.11035912355962e-05,0.000208506601262783,"H2-Eb1","14969","histocompatibility 2, class II antigen E beta","Up_in_KO_control"
"ENSMUSG00000019899",286.624912265692,-2.18022705958571,0.513059360480359,-4.24946356605686,2.14283057437242e-05,0.000211491500729067,"Lama2","16773","laminin, alpha 2","Down_in_KO_control"
"ENSMUSG00000011752",3167.96264643082,-0.719844539685314,0.169448398247285,-4.24816373085336,2.15529855855212e-05,0.000212281209678926,"Pgam1","18648","phosphoglycerate mutase 1","Down_in_KO_control"
"ENSMUSG00000054412",14.3313498778385,2.82978049931395,0.666190377199511,4.24770545502263,2.15971077025164e-05,0.000212465869516819,NA,NA,NA,"Up_in_KO_control"
"ENSMUSG00000019362",3809.91969935344,-0.595567816378901,0.140212520315773,-4.2476079528249,2.16065061556408e-05,0.000212465869516819,"D8Ertd738e","101966","DNA segment, Chr 8, ERATO Doi 738, expressed","Down_in_KO_control"
"ENSMUSG00000078851",81.3357787764272,-1.06733730643998,0.251440539004289,-4.24488951012699,2.18701158248449e-05,0.000214832271616967,"H2ac25","319162","H2A clustered histone 25","Down_in_KO_control"
"ENSMUSG00000026192",4207.32298548061,0.640867563066421,0.15099961442912,4.24416688406344,2.19407028519663e-05,0.000215412577370853,"Atic","108147","5-aminoimidazole-4-carboxamide ribonucleotide formyltransferase/IMP cyclohydrolase","Up_in_KO_control"
"ENSMUSG00000069793",257.565155210694,1.39987005677107,0.330022001068803,4.24174767814714,2.21785954872058e-05,0.000217519946201301,"Slfn9","237886","schlafen 9","Up_in_KO_control"
"ENSMUSG00000042686",16.2358425629898,-3.48832569163232,0.822716769290367,-4.24000800985394,2.23511810901367e-05,0.000219097774614839,"Jph1","57339","junctophilin 1","Down_in_KO_control"
"ENSMUSG00000026110",355.42902000917,0.64011164802954,0.150992951990603,4.23934786088146,2.24170057976637e-05,0.000219513045259906,"Mgat4a","269181","mannoside acetylglucosaminyltransferase 4, isoenzyme A","Up_in_KO_control"
"ENSMUSG00000117771",1139.96209053384,-0.80494178252312,0.189905495001955,-4.23864397665182,2.24873946549245e-05,0.000220087142352303,"Gm25432","102635008","predicted gene, 25432","Down_in_KO_control"
"ENSMUSG00000026082",308.774299286593,0.83562994747728,0.197158593843418,4.2383643096021,2.25154198823339e-05,0.000220246237458502,"Rev1","56210","REV1, DNA directed polymerase","Up_in_KO_control"
"ENSMUSG00000037997",187.785864546177,1.0144782751428,0.239409582656974,4.237417165529,2.26105796102714e-05,0.000221061534089346,"Parp11","101187","poly (ADP-ribose) polymerase family, member 11","Up_in_KO_control"
"ENSMUSG00000062563",20.7138028564607,-2.61111186535278,0.61644529448602,-4.23575601713348,2.27784005118617e-05,0.000222586009805989,"Cys1","12879","cystin 1","Down_in_KO_control"
"ENSMUSG00000034285",171.171512991592,-1.09804843262765,0.259315171229715,-4.23441647251305,2.29145934361815e-05,0.000223566625115362,"Nipsnap1","18082","nipsnap homolog 1","Down_in_KO_control"
"ENSMUSG00000017667",393.083006067256,0.640591241461855,0.15131720207278,4.23343303132016,2.30150738728288e-05,0.000224313061136586,"Zfp334","228876","zinc finger protein 334","Up_in_KO_control"
"ENSMUSG00000027637",249.920628660257,1.14115568116638,0.269739507242831,4.23058413960495,2.33085236879196e-05,0.000226936734532799,"Rab5if","67388","RAB5 interacting factor","Up_in_KO_control"
"ENSMUSG00000022111",654.376693346715,0.677134841065285,0.160094712113734,4.22958904841427,2.3411859366947e-05,0.000227824297625418,"Uchl3","50933","ubiquitin carboxyl-terminal esterase L3 (ubiquitin thiolesterase)","Up_in_KO_control"
"ENSMUSG00000098404",154.541631435443,1.27280688418176,0.301199574621309,4.22579243606845,2.38101388647105e-05,0.000231579588656615,"Mrip-ps","666407","Mom radiation induced polyposis, pseudogene","Up_in_KO_control"
"ENSMUSG00000031994",60.5139633655203,1.79269479946858,0.424438966637729,4.2236810009923,2.40344176851108e-05,0.000233518202565669,"Adamts8","30806","ADAM metallopeptidase with thrombospondin type 1 motif 8","Up_in_KO_control"
"ENSMUSG00000036594",1907.57900691176,1.78200427342864,0.422086868474846,4.22188986799725,2.42262480413407e-05,0.000235259875245256,"H2-Aa","14960","histocompatibility 2, class II antigen A, alpha","Up_in_KO_control"
"ENSMUSG00000053522",173.595083201482,2.22768227073968,0.528054108886776,4.21866288558193,2.45755398200034e-05,0.000238404394324377,"Lgals7","16858","lectin, galactose binding, soluble 7","Up_in_KO_control"
"ENSMUSG00000032068",33.9689021229105,1.93282429521352,0.458529190436292,4.21526990108183,2.4947964342099e-05,0.000241891842867202,"Plet1","76509","placenta expressed transcript 1","Up_in_KO_control"
"ENSMUSG00000067870",12258.3977095614,-0.619620470000584,0.147014740353393,-4.21468261285327,2.50129695548537e-05,0.000242396529922308,NA,NA,NA,"Down_in_KO_control"
"ENSMUSG00000043501",14.264229158531,-2.78575716303243,0.661007503079849,-4.21441080479825,2.50431097037883e-05,0.000242562997871113,"Lgals2","107753","lectin, galactose-binding, soluble 2","Down_in_KO_control"
"ENSMUSG00000033826",23.567944439101,-2.60441202042804,0.618045517153096,-4.21394856551139,2.50944456678337e-05,0.000242934486178051,"Dnah8","13417","dynein, axonemal, heavy chain 8","Down_in_KO_control"
"ENSMUSG00000056445",114.604714144145,-1.24823877219773,0.296286179777926,-4.21294969996009,2.5205721045851e-05,0.000243507825467739,"Hoxaas2","105242657","Hoxa cluster antisense RNA 2","Down_in_KO_control"
"ENSMUSG00000074785",105.172072481466,0.992378832027399,0.23554509375107,4.21311612236836,2.51871487690395e-05,0.000243507825467739,"Plxnc1","54712","plexin C1","Up_in_KO_control"
"ENSMUSG00000031327",642.641761035024,0.68134001011195,0.161796369754484,4.2110957813568,2.54134959665498e-05,0.000245388415904049,"Chic1","12212","cysteine-rich hydrophobic domain 1","Up_in_KO_control"
"ENSMUSG00000019822",422.097151740338,-0.651841309499701,0.15487014574621,-4.20895393595027,2.56555680491503e-05,0.000247342939157006,"Smpd2","20598","sphingomyelin phosphodiesterase 2, neutral","Down_in_KO_control"
"ENSMUSG00000028443",629.400195313529,-0.627755405853087,0.149146580518079,-4.20898289234993,2.56522808114412e-05,0.000247342939157006,"Nudt2","66401","nudix hydrolase 2","Down_in_KO_control"
"ENSMUSG00000038692",789.03731722973,-0.761028313129304,0.180852648270518,-4.20800204147946,2.57638539809374e-05,0.000248259011094377,"Hoxb4","15412","homeobox B4","Down_in_KO_control"
"ENSMUSG00000022718",516.593490091931,0.628496983120237,0.149403197210803,4.20671709075575,2.59107174635162e-05,0.000249545679822325,"Dgcr8","94223","DGCR8, microprocessor complex subunit","Up_in_KO_control"
"ENSMUSG00000046442",24.8197531114579,-1.95425190486758,0.464649364765076,-4.20586371802238,2.60086933477841e-05,0.000250360431387389,"Ppm1e","320472","protein phosphatase 1E (PP2C domain containing)","Down_in_KO_control"
"ENSMUSG00000053730",348.6364140419,-0.696082274668122,0.165572063691161,-4.20410460043859,2.62117708675706e-05,0.000251926486001464,"Tmem39b","230770","transmembrane protein 39b","Down_in_KO_control"
"ENSMUSG00000027935",927.284015492502,-0.651534989046291,0.154989176992786,-4.20374507231959,2.62534609968253e-05,0.000252197646629153,"Rab13","68328","RAB13, member RAS oncogene family","Down_in_KO_control"
"ENSMUSG00000034023",239.363141162075,0.847444381397034,0.201684704823814,4.20182770992642,2.64768613619654e-05,0.000254213189669809,"Fancd2","211651","Fanconi anemia, complementation group D2","Up_in_KO_control"
"ENSMUSG00000022214",486.88300152939,-0.639300759868894,0.152169486900802,-4.20124147678601,2.65455260631513e-05,0.000254741758574231,"Dcaf11","28199","DDB1 and CUL4 associated factor 11","Down_in_KO_control"
"ENSMUSG00000022044",16.1149254902823,-5.77750737164552,1.37614532811868,-4.19832648020099,2.6889477684318e-05,0.000257910197799407,"Stmn4","56471","stathmin-like 4","Down_in_KO_control"
"ENSMUSG00000059647",155.313860903161,1.10264904597138,0.262732241960341,4.19685470555162,2.70647439314204e-05,0.000259325424059738,NA,NA,NA,"Up_in_KO_control"
"ENSMUSG00000061082",102.742013396902,1.62535657084931,0.387437096879752,4.19514957121871,2.72691580930236e-05,0.000260616831151558,"Plac1","56096","placental specific protein 1","Up_in_KO_control"
"ENSMUSG00000037447",424.882075810942,0.679592448458262,0.161991329714331,4.19523964434831,2.7258323360754e-05,0.000260616831151558,"Arid5a","214855","AT-rich interaction domain 5A","Up_in_KO_control"
"ENSMUSG00000024349",1051.15738607435,0.658897297802164,0.157153364652539,4.19270245507605,2.75650889658423e-05,0.000263310622673715,"Sting1","72512","stimulator of interferon response cGAMP interactor 1","Up_in_KO_control"
"ENSMUSG00000015312",458.570573824739,-1.12239438372447,0.267741062595448,-4.19208907608014,2.76397423657497e-05,0.000263889030046059,"Gadd45b","17873","growth arrest and DNA-damage-inducible 45 beta","Down_in_KO_control"
"ENSMUSG00000009876",49.9872306575891,-1.47134078154681,0.351050608365131,-4.1912497699376,2.77422045366951e-05,0.000264732214938896,"Cox4i2","84682","cytochrome c oxidase subunit 4I2","Down_in_KO_control"
"ENSMUSG00000035944",169.228098443394,0.753790122738969,0.179886042998333,4.19037580778823,2.78492812586538e-05,0.000265618552595917,"Ttc38","239570","tetratricopeptide repeat domain 38","Up_in_KO_control"
"ENSMUSG00000017716",1462.975181698,0.585340603269798,0.139693773798943,4.19016959275693,2.78746036938635e-05,0.000265724635213076,"Birc5","11799","baculoviral IAP repeat-containing 5","Up_in_KO_control"
"ENSMUSG00000004642",2186.03343965536,-0.611402753951169,0.14598983790724,-4.18798159320958,2.81446336825606e-05,0.00026788938458889,"Slbp","20492","stem-loop binding protein","Down_in_KO_control"
"ENSMUSG00000085917",37.1856943242585,5.82563878739977,1.39109733916175,4.18780097078626,2.81670358126425e-05,0.000267966314774774,NA,NA,NA,"Up_in_KO_control"
"ENSMUSG00000046080",37.324677256547,1.61716341385433,0.386192885367664,4.18745004148575,2.82106091354777e-05,0.000268244475991968,"Clec9a","232414","C-type lectin domain family 9, member a","Up_in_KO_control"
"ENSMUSG00000035835",241.523089494715,-1.16103755411633,0.27742876994362,-4.18499333847849,2.85174464085815e-05,0.000271001769563547,"Plppr3","216152","phospholipid phosphatase related 3","Down_in_KO_control"
"ENSMUSG00000022015",153.864294539254,-1.57568420464292,0.376579983704092,-4.18419531793559,2.86177983938732e-05,0.000271564331310623,"Tnfsf11","21943","tumor necrosis factor (ligand) superfamily, member 11","Down_in_KO_control"
"ENSMUSG00000055541",450.98279457654,0.803780488054471,0.192097923000619,4.18422268965334,2.86143508167044e-05,0.000271564331310623,"Lair1","52855","leukocyte-associated Ig-like receptor 1","Up_in_KO_control"
"ENSMUSG00000022801",92.318568961629,1.53474859638631,0.366963118039014,4.18229658769997,2.88579171693267e-05,0.000273704107445317,"Lrch3","70144","leucine-rich repeats and calponin homology (CH) domain containing 3","Up_in_KO_control"
"ENSMUSG00000049946",55.6433721345183,-2.10524216766488,0.503389297324116,-4.18213533512887,2.88783976172382e-05,0.000273759602133424,"BC030500","234290","cDNA sequence BC030500","Down_in_KO_control"
"ENSMUSG00000049092",31.3997798279031,-1.98687548122623,0.475186411068759,-4.18125484008996,2.89904718954236e-05,0.000274543876811267,"Gpr137c","70713","G protein-coupled receptor 137C","Down_in_KO_control"
"ENSMUSG00000021936",701.908775925145,-0.607256559617127,0.145259626026951,-4.18049100239636,2.9088032176932e-05,0.000275328450241238,"Mapk8","26419","mitogen-activated protein kinase 8","Down_in_KO_control"
"ENSMUSG00000018604",888.454930836887,0.892116294993876,0.213408350381891,4.18032515315099,2.91092562765866e-05,0.000275390046867424,"Tbx3","21386","T-box 3","Up_in_KO_control"
"ENSMUSG00000036155",420.2609145605,0.590158992979784,0.141185327045803,4.18003064007018,2.91469820603945e-05,0.000275468421866749,"Mgat5","107895","mannoside acetylglucosaminyltransferase 5","Up_in_KO_control"
"ENSMUSG00000038963",48.1874887382687,1.83767172424634,0.439741977531337,4.17897725971678,2.92822960207175e-05,0.000276607574677278,"Slco4a1","108115","solute carrier organic anion transporter family, member 4a1","Up_in_KO_control"
"ENSMUSG00000021481",515.540652289875,0.679289174340901,0.162600885749442,4.17764744152529,2.94539731578454e-05,0.000277948663491054,"Zfp346","26919","zinc finger protein 346","Up_in_KO_control"
"ENSMUSG00000040481",1386.84819026493,0.592071251436155,0.141820467737554,4.17479409623591,2.98255690376033e-05,0.000281102919897452,"Bptf","207165","bromodomain PHD finger transcription factor","Up_in_KO_control"
"ENSMUSG00000057967",63.1140238532614,-1.62938865266792,0.390336304323028,-4.17432002768438,2.98877378013547e-05,0.000281474201045169,"Fgf18","14172","fibroblast growth factor 18","Down_in_KO_control"
"ENSMUSG00000049744",109.606715124478,1.09015500720992,0.261270093484117,4.17252121232999,3.01247543335466e-05,0.000283563645796609,"Arhgap15","76117","Rho GTPase activating protein 15","Up_in_KO_control"
"ENSMUSG00000046668",985.225037852521,0.725921888024193,0.174078766098724,4.17007716847274,3.04496515272217e-05,0.000286440499764793,"Cxxc5","67393","CXXC finger 5","Up_in_KO_control"
"ENSMUSG00000026281",2064.3261382563,0.654577258839467,0.156973254076743,4.16999228747241,3.04609947379863e-05,0.000286440499764793,"Dtymk","21915","deoxythymidylate kinase","Up_in_KO_control"
"ENSMUSG00000020491",118.342457535206,0.934003181055212,0.224049046396106,4.16874428201738,3.06282382594474e-05,0.000287724007303735,"2810021J22Rik","69944","RIKEN cDNA 2810021J22 gene","Up_in_KO_control"
"ENSMUSG00000068686",7.84134692476693,-5.88359164813974,1.41217862513032,-4.16632254832266,3.09552642038261e-05,0.000290650205241444,"Cd59b","333883","CD59b antigen","Down_in_KO_control"
"ENSMUSG00000068706",3038.90704064319,-0.705350070008465,0.169314077506808,-4.16592689984743,3.10090060820573e-05,0.000291008791782116,"Gm10250","100039281","ATP synthase, H+ transporting, mitochondrial F0 complex, subunit d pseudogene","Down_in_KO_control"
"ENSMUSG00000027075",33.7111468655159,-2.24383466340272,0.538699860688995,-4.16527797228843,3.10973434734557e-05,0.00029169152301693,"Slc43a1","72401","solute carrier family 43, member 1","Down_in_KO_control"
"ENSMUSG00000073409",264.499602248625,1.8948465601438,0.455162589315436,4.16301032779001,3.14079155739181e-05,0.000294457076219804,"H2-Q6","110557","histocompatibility 2, Q region locus 6","Up_in_KO_control"
"ENSMUSG00000026574",4268.23499816062,-1.24593762455907,0.299316194851105,-4.16261347027636,3.14625705294818e-05,0.000294821773819826,"Dpt","56429","dermatopontin","Down_in_KO_control"
"ENSMUSG00000024043",522.866280452432,0.91635565143846,0.220205487487685,4.16136610351141,3.16349460768708e-05,0.000296288661629871,"Arhgap28","268970","Rho GTPase activating protein 28","Up_in_KO_control"
"ENSMUSG00000060260",145.939188450909,1.12162117555025,0.269838680141144,4.15663601290802,3.22967927082987e-05,0.000302184940975196,"Pwwp2b","101631","PWWP domain containing 2B","Up_in_KO_control"
"ENSMUSG00000026107",1175.32825603188,0.719209066617013,0.173044610892476,4.15620609568654,3.2357595684797e-05,0.000302602542753426,"Nabp1","109019","nucleic acid binding protein 1","Up_in_KO_control"
"ENSMUSG00000012443",1289.77011276934,0.607248215329563,0.146206192834594,4.15336863341045,3.27616323892317e-05,0.000306075100798649,"Kif11","16551","kinesin family member 11","Up_in_KO_control"
"ENSMUSG00000048521",46.8223250673977,2.21947653896767,0.534727579554769,4.15066778641879,3.31506645274684e-05,0.000309246453291384,"Cxcr6","80901","C-X-C motif chemokine receptor 6","Up_in_KO_control"
"ENSMUSG00000031253",222.062779454261,1.34271375651312,0.323543565455044,4.15002460217273,3.32439541303607e-05,0.000309962189158665,"Srpx2","68792","sushi-repeat-containing protein, X-linked 2","Up_in_KO_control"
"ENSMUSG00000026933",645.232335640176,0.613364677572254,0.1478991913681,4.14718073776129,3.36594349482776e-05,0.000313523646683484,"Camsap1","227634","calmodulin regulated spectrin-associated protein 1","Up_in_KO_control"
"ENSMUSG00000074221",212.620316779236,0.800340704563177,0.193004017804495,4.14675670313708,3.37218061948006e-05,0.000313948337971793,"Zfp568","243905","zinc finger protein 568","Up_in_KO_control"
"ENSMUSG00000031478",114.697607701176,-0.934817056586936,0.225481108048185,-4.14587751798331,3.38514754702696e-05,0.000314918054875836,"Nek3","23954","NIMA (never in mitosis gene a)-related expressed kinase 3","Down_in_KO_control"
"ENSMUSG00000014846",219.070717276984,0.895945152440416,0.216111968390513,4.1457451852988,3.3871033914937e-05,0.000314918054875836,"Tppp3","67971","tubulin polymerization-promoting protein family member 3","Up_in_KO_control"
"ENSMUSG00000031438",151.836335521711,-1.02042589025871,0.246208487498968,-4.14456016778458,3.40466556326368e-05,0.000316343131506223,"Rnf128","66889","ring finger protein 128","Down_in_KO_control"
"ENSMUSG00000021631",333.478138527911,-0.739295734908841,0.178423869439262,-4.14348000204371,3.42074913174499e-05,0.000317547209769452,NA,NA,NA,"Down_in_KO_control"
"ENSMUSG00000029640",468.490862017285,0.729573921713228,0.176078344390991,4.14346195857664,3.42101840910178e-05,0.000317547209769452,"Usp12","22217","ubiquitin specific peptidase 12","Up_in_KO_control"
"ENSMUSG00000053318",45.4031026833665,1.70386030124054,0.411389317354248,4.14172227951496,3.44707581613321e-05,0.000319807286798715,"Slamf8","74748","SLAM family member 8","Up_in_KO_control"
"ENSMUSG00000021375",743.037198555261,0.611726529905277,0.147702894117134,4.14160151405127,3.4488916550201e-05,0.000319817192965269,"Kif13a","16553","kinesin family member 13A","Up_in_KO_control"
"ENSMUSG00000041324",2204.9336044483,0.779741134645804,0.188296130430925,4.14103642417574,3.45740046790608e-05,0.000320447424249264,"Inhba","16323","inhibin beta-A","Up_in_KO_control"
"ENSMUSG00000027313",160.041448850414,-1.6624245386263,0.401534038065459,-4.14018334942574,3.47028337474016e-05,0.000321482241542142,"Chac1","69065","ChaC, cation transport regulator 1","Down_in_KO_control"
"ENSMUSG00000074677",138.946700526824,1.04744679727563,0.253134605068831,4.13790440461832,3.50492333814769e-05,0.000324370081240147,"Sirpb1c","100038947","signal-regulatory protein beta 1C","Up_in_KO_control"
"ENSMUSG00000035125",167.006837459896,0.858550023372762,0.207507596323966,4.13743900744903,3.51203763623329e-05,0.000324867821487067,"Gcfc2","330361","GC-rich sequence DNA binding factor 2","Up_in_KO_control"
"ENSMUSG00000035769",191.002613722438,-0.948145643064867,0.229175835421419,-4.13719728051334,3.51573820631709e-05,0.000325049451851836,"Xylb","102448","xylulokinase homolog (H. influenzae)","Down_in_KO_control"
"ENSMUSG00000081895",13027.0890281558,-0.580324071837219,0.140353337319013,-4.13473653653267,3.55362076363793e-05,0.00032771974476241,"Rpl17-ps10","100042880","ribosomal protein L17, pseudogene 10","Down_in_KO_control"
"ENSMUSG00000044211",805.110659866475,-0.592654699332486,0.143366071221347,-4.13385603918427,3.56726972423154e-05,0.000328677096748128,NA,NA,NA,"Down_in_KO_control"
"ENSMUSG00000052821",225.559337822341,0.827807184047601,0.200264381313782,4.13357172462217,3.57168762611793e-05,0.0003289221975765,"Cysltr1","58861","cysteinyl leukotriene receptor 1","Up_in_KO_control"
"ENSMUSG00000021127",3519.43554535674,-0.58311815413202,0.141076327065016,-4.13335225167356,3.57510152104167e-05,0.00032907464221964,"Zfp36l1","12192","zinc finger protein 36, C3H type-like 1","Down_in_KO_control"
"ENSMUSG00000031367",2758.25294566453,0.678859158892489,0.164246156773719,4.13318139204772,3.57776138202735e-05,0.000329157565102644,"Ap1s2","108012","adaptor-related protein complex 1, sigma 2 subunit","Up_in_KO_control"
"ENSMUSG00000022415",304.654628531421,1.08428730587449,0.26236261872453,4.13278122907038,3.58399828406895e-05,0.000329569336067726,"Syngr1","20972","synaptogyrin 1","Up_in_KO_control"
"ENSMUSG00000041703",13.2312480965228,-5.07755445414115,1.22887788720041,-4.13186249588125,3.59835665574272e-05,0.000330564791845427,"Zic5","65100","zinc finger protein of the cerebellum 5","Down_in_KO_control"
"ENSMUSG00000006273",2480.82018870571,-0.810418564931225,0.196236040202116,-4.12981511498358,3.63055077052687e-05,0.000333195176894896,"Atp6v1b2","11966","ATPase, H+ transporting, lysosomal V1 subunit B2","Down_in_KO_control"
"ENSMUSG00000015474",470.776526325318,-0.634571781061736,0.153699401142217,-4.12865487012906,3.64891629551242e-05,0.000334552526398452,"Ppt2","54397","palmitoyl-protein thioesterase 2","Down_in_KO_control"
"ENSMUSG00000059089",330.773551791094,0.704780910865984,0.170783700196467,4.12674576118923,3.67932771592956e-05,0.00033668097578577,"Fcgr4","246256","Fc receptor, IgG, low affinity IV","Up_in_KO_control"
"ENSMUSG00000039910",1522.6555203761,-0.724944670195781,0.175726198994382,-4.12542167499427,3.70056109474468e-05,0.000338293110727686,"Cited2","17684","Cbp/p300-interacting transactivator, with Glu/Asp-rich carboxy-terminal domain, 2","Down_in_KO_control"
"ENSMUSG00000003873",1304.48036086926,-0.693598879049425,0.168174570232866,-4.12427918257214,3.71897583904577e-05,0.000339656432579303,"Bax","12028","BCL2-associated X protein","Down_in_KO_control"
"ENSMUSG00000004952",450.060024120842,-0.693057013494188,0.168163135657616,-4.12133735960579,3.76679351240326e-05,0.000343676289603132,"Rasa4","54153","RAS p21 protein activator 4","Down_in_KO_control"
"ENSMUSG00000054580",81.7866587812125,-1.46774268631635,0.356177436240967,-4.12081883065542,3.77528218416147e-05,0.000344282921599481,"Pla2r1","18779","phospholipase A2 receptor 1","Down_in_KO_control"
"ENSMUSG00000031380",518.637152272014,0.737520594685619,0.179128187776735,4.11727826781156,3.83373078128813e-05,0.00034927265876458,"Vegfd","14205","vascular endothelial growth factor D","Up_in_KO_control"
"ENSMUSG00000083287",58.2314944300244,2.31779574746623,0.562973484184124,4.11706023921399,3.83735799133112e-05,0.000349432993147345,NA,NA,NA,"Up_in_KO_control"
"ENSMUSG00000097251",17.8626184904021,3.57551381429575,0.868490670168338,4.11692829538712,3.83955464298275e-05,0.000349462967092102,"5033417F24Rik","75995","RIKEN cDNA 5033417F24 gene","Up_in_KO_control"
"ENSMUSG00000042515",609.165500663976,1.0776492758423,0.261816027579968,4.11605540655126,3.85411692805122e-05,0.000350617841879545,"Pwwp3b","245631","PWWP domain containing 3B","Up_in_KO_control"
"ENSMUSG00000020644",879.398655570829,-0.763122018323973,0.185418019843746,-4.11568421972722,3.86032526010938e-05,0.000351011985385941,"Id2","15902","inhibitor of DNA binding 2","Down_in_KO_control"
"ENSMUSG00000087259",64.8684683271588,-1.22167394812105,0.296843589651736,-4.11554768473977,3.86261128033432e-05,0.000351049270951414,"2610035D17Rik","72386","RIKEN cDNA 2610035D17 gene","Down_in_KO_control"
"ENSMUSG00000032601",894.030276899438,0.605972443438444,0.14725397114923,4.11515179325344,3.86924700147723e-05,0.000351481646304094,"Prkar2a","19087","protein kinase, cAMP dependent regulatory, type II alpha","Up_in_KO_control"
"ENSMUSG00000020413",334.064951622553,0.767074403246126,0.186472158701755,4.11361357420113,3.8951326456565e-05,0.000353601938088739,"Hus1","15574","HUS1 checkpoint clamp component","Up_in_KO_control"
"ENSMUSG00000084957",694.616130836208,-0.615908045995929,0.149728512933254,-4.11349871797959,3.89707206351924e-05,0.000353601938088739,"Bbip1","100503572","BBSome interacting protein 1","Down_in_KO_control"
"ENSMUSG00000028688",392.806580237992,-0.624149940359752,0.151769215034752,-4.11249369786116,3.91408158779448e-05,0.000354865352482549,"Toe1","68276","target of EGR1, member 1 (nuclear)","Down_in_KO_control"
"ENSMUSG00000033487",2182.84009816494,-0.655140866140673,0.159323224638639,-4.11202364016042,3.92206127133511e-05,0.000355244591338306,"Fndc3a","319448","fibronectin type III domain containing 3A","Down_in_KO_control"
"ENSMUSG00000081604",270.397069618267,-0.856336499653996,0.208347689311065,-4.11013197451631,3.9543304917735e-05,0.000357821017855694,"LOC108167922","108167922","ribosomal protein L27 pseudogene","Down_in_KO_control"
"ENSMUSG00000056145",113.577292512405,1.3850103677121,0.33711638114823,4.10840423415412,3.98402340238278e-05,0.000359985658758035,"AI504432","229694","expressed sequence AI504432","Up_in_KO_control"
"ENSMUSG00000036292",58.9600536284179,-1.14050110351445,0.277904361116169,-4.10393380994011,4.06183718789196e-05,0.000366309201431433,"Gramd1c","207798","GRAM domain containing 1C","Down_in_KO_control"
"ENSMUSG00000049739",468.172320828082,0.584725066336586,0.142582463946592,4.1009605960773,4.11438623125154e-05,0.000370334341247764,"Zfp646","233905","zinc finger protein 646","Up_in_KO_control"
"ENSMUSG00000103439",26.7259128832381,2.19334589002441,0.534889467232119,4.10055913303783,4.12153098738125e-05,0.000370508034320831,"Gm7019","629936","baculoviral IAP repeat-containing 3 pseudogene","Up_in_KO_control"
"ENSMUSG00000052837",3913.17847726747,-0.814416484542254,0.198606136183614,-4.10066123933509,4.11971270685022e-05,0.000370508034320831,"Junb","16477","jun B proto-oncogene, AP-1 transcription factor subunit","Down_in_KO_control"
"ENSMUSG00000030207",329.534825453313,0.674971727431697,0.164606436192804,4.10051844291859,4.12225579787297e-05,0.000370508034320831,"Fam234b","74525","family with sequence similarity 234, member B","Up_in_KO_control"
"ENSMUSG00000015533",207.922528376563,1.18972427145139,0.290219809709506,4.09939029538418,4.14239964671882e-05,0.000372139820398701,"Itga2","16398","integrin alpha 2","Up_in_KO_control"
"ENSMUSG00000021831",3212.74709484913,-1.95589995573492,0.477239424184567,-4.09836207282511,4.16084059169504e-05,0.000373617130481715,"Ero1a","50527","endoplasmic reticulum oxidoreductase 1 alpha","Down_in_KO_control"
"ENSMUSG00000034457",166.109341880788,1.03860546446692,0.253681463885374,4.09413225767339,4.23752387600327e-05,0.000379410451156216,"Eda2r","245527","ectodysplasin A2 receptor","Up_in_KO_control"
"ENSMUSG00000107035",623.595949455617,-0.65695228468957,0.16052100912981,-4.09262493583196,4.26517305118568e-05,0.000381703411319166,NA,NA,NA,"Down_in_KO_control"
"ENSMUSG00000056260",690.321728161978,-0.593342465480271,0.145034148848576,-4.0910535221588,4.29418005283809e-05,0.000383748764702766,"Lrif1","321000","ligand dependent nuclear receptor interacting factor 1","Down_in_KO_control"
"ENSMUSG00000036002",438.883437397456,-0.580534740907738,0.141938171403197,-4.09005368442178,4.31273354634975e-05,0.000385222829846505,"Atosb","230088","atos homolog B","Down_in_KO_control"
"ENSMUSG00000031767",129.86377521217,0.927317484121672,0.226890027513434,4.08707907652206,4.3683825745437e-05,0.000390007362201509,"Nudt7","67528","nudix hydrolase 7","Up_in_KO_control"
"ENSMUSG00000022893",1217.01094213411,-0.913164709541416,0.223473658719172,-4.08622973631511,4.38439663328014e-05,0.000391063938029415,"Adamts1","11504","ADAM metallopeptidase with thrombospondin type 1 motif 1","Down_in_KO_control"
"ENSMUSG00000022887",1392.96871795615,0.895610805067245,0.21962175138,4.07796950638835,4.54307231901447e-05,0.000403677646275963,"Masp1","17174","MBL associated serine protease 1","Up_in_KO_control"
"ENSMUSG00000023330",384.44362397121,-0.62425178546218,0.153100522441827,-4.07739814016227,4.55424706875142e-05,0.000404390303132159,"Dtwd1","69185","DTW domain containing 1","Down_in_KO_control"
"ENSMUSG00000080875",2762.61278149709,-0.613491182576311,0.150463637114171,-4.07733851409427,4.55541473308711e-05,0.000404390303132159,NA,NA,NA,"Down_in_KO_control"
"ENSMUSG00000010601",68.6715050752059,1.34602802708742,0.330307926923578,4.07507031279589,4.60004460405306e-05,0.000407965093249502,"Apol7a","75761","apolipoprotein L 7a","Up_in_KO_control"
"ENSMUSG00000026770",23.9169280295353,2.42525063578051,0.595562919659536,4.0721988487244,4.65713935301134e-05,0.000412833011430134,"Il2ra","16184","interleukin 2 receptor, alpha chain","Up_in_KO_control"
"ENSMUSG00000021967",1168.24069499056,-0.584708321226108,0.143608375704242,-4.07154748710689,4.67018387831792e-05,0.000413464913151844,"Mrpl57","67840","mitochondrial ribosomal protein L57","Down_in_KO_control"
"ENSMUSG00000062054",557.069538731079,-0.597981713577632,0.146914431921405,-4.0702721016376,4.69582584550716e-05,0.000414886633838411,"Iah1","67732","isoamyl acetate-hydrolyzing esterase 1 homolog","Down_in_KO_control"
"ENSMUSG00000030255",539.506147636252,0.937347667474421,0.230368539348887,4.06890485186795,4.72346300965677e-05,0.000417131492683847,"Sspn","16651","sarcospan","Up_in_KO_control"
"ENSMUSG00000028539",222.027119234925,-0.770742369424875,0.189510686539212,-4.0670127025549,4.7619648295771e-05,0.00042033324460319,"Artn","11876","artemin","Down_in_KO_control"
"ENSMUSG00000008496",163.46704812034,0.967565595720963,0.237957311051328,4.06613098562143,4.78000763696038e-05,0.000421726934985571,"Pou2f2","18987","POU domain, class 2, transcription factor 2","Up_in_KO_control"
"ENSMUSG00000029335",13.7988314765321,-2.84065502006588,0.698667428949875,-4.06581858887497,4.78641583051528e-05,0.000421894486276177,"Bmp3","110075","bone morphogenetic protein 3","Down_in_KO_control"
"ENSMUSG00000060969",17.1124704074735,-3.0845018383359,0.758814392419482,-4.06489632926038,4.80538169031407e-05,0.000422968521029385,"Irx1","16371","Iroquois homeobox 1","Down_in_KO_control"
"ENSMUSG00000031574",127.84419778147,-0.930886482930169,0.229039589595266,-4.06430383749435,4.8176035865609e-05,0.000423844926729263,"Star","20845","steroidogenic acute regulatory protein","Down_in_KO_control"
"ENSMUSG00000005950",46.2163219243921,-1.38948145620721,0.341894721122511,-4.0640623278571,4.82259388734047e-05,0.000424084583711476,"P2rx5","94045","purinergic receptor P2X, ligand-gated ion channel, 5","Down_in_KO_control"
"ENSMUSG00000078921",83.1459119064411,2.00811824528146,0.494184872810485,4.06349598250765,4.83431547897346e-05,0.000424716176328781,"Tgtp2","100039796","T cell specific GTPase 2","Up_in_KO_control"
"ENSMUSG00000027223",190.436826154954,-0.879638224571035,0.216500790873204,-4.06297926683421,4.84503344902876e-05,0.000425458052236861,"Mapk8ip1","19099","mitogen-activated protein kinase 8 interacting protein 1","Down_in_KO_control"
"ENSMUSG00000026544",101.791631677043,0.969353777045263,0.238669887177193,4.06148336729886,4.87618928700934e-05,0.000427391710200495,"Dusp23","68440","dual specificity phosphatase 23","Up_in_KO_control"
"ENSMUSG00000083367",324.597986499284,0.870598587781093,0.21436644866957,4.06126328622936,4.88078901970024e-05,0.000427594592348551,NA,NA,NA,"Up_in_KO_control"
"ENSMUSG00000055652",283.953644812666,0.630007890035424,0.155194342486922,4.05947716868939,4.91827163640687e-05,0.000430475290608427,"Klhl25","207952","kelch-like 25","Up_in_KO_control"
"ENSMUSG00000038515",193.95697235863,-0.922287494061338,0.227216624202812,-4.05906696878883,4.92691834449845e-05,0.000430829079348596,"Grtp1","66790","GH regulated TBC protein 1","Down_in_KO_control"
"ENSMUSG00000059291",552.653755581962,-0.66189498844717,0.163062419779519,-4.05915102536891,4.92514532139573e-05,0.000430829079348596,"Rpl11","67025","ribosomal protein L11","Down_in_KO_control"
"ENSMUSG00000025241",444.898385839364,0.612661020954281,0.150996059289707,4.05746364399355,4.96085367234039e-05,0.000433189242979495,"Fyco1","17281","FYVE and coiled-coil domain containing 1","Up_in_KO_control"
"ENSMUSG00000090942",33.8342957250927,2.77306770690082,0.683475158079062,4.05730577640108,4.96420698987782e-05,0.000433279875940222,"F830016B08Rik","240328","RIKEN cDNA F830016B08 gene","Up_in_KO_control"
"ENSMUSG00000073471",440.848468938304,-0.752892047459818,0.185603438335015,-4.05645528021331,4.98230965946224e-05,0.000434514917708312,"Rsph3a","66832","radial spoke 3A homolog (Chlamydomonas)","Down_in_KO_control"
"ENSMUSG00000087403",203.165967603793,0.833725095890114,0.205601627436903,4.05505105326064,5.01233541245861e-05,0.000436869271417503,"Kantr","72997","Kdm5c adjacent non-coding transcript","Up_in_KO_control"
"ENSMUSG00000027978",21.7951860175797,-2.19682742726008,0.541879089901835,-4.05409152742552,5.03295093868247e-05,0.000438428098738801,"Prss12","19142","serine protease 12 neurotrypsin (motopsin)","Down_in_KO_control"
"ENSMUSG00000054715",128.056315400281,0.838097929408694,0.206831899097952,4.0520728817163,5.0765844690018e-05,0.000441646328072667,"Zscan22","232878","zinc finger and SCAN domain containing 22","Up_in_KO_control"
"ENSMUSG00000003038",4026.21906635528,-0.663001361759527,0.163700395762589,-4.05009015812682,5.11979038135464e-05,0.000445198129211382,"Hmgn2","15331","high mobility group nucleosomal binding domain 2","Down_in_KO_control"
"ENSMUSG00000035248",1039.13755809303,0.715041263008342,0.176598756478282,4.04895978469858,5.14457830861668e-05,0.00044710936023232,"Tut7","214290","terminal uridylyl transferase 7","Up_in_KO_control"
"ENSMUSG00000102516",6.4483017436171,6.16088143818156,1.52225481790422,4.04720771169153,5.18322436464439e-05,0.000449669344161291,NA,NA,NA,"Up_in_KO_control"
"ENSMUSG00000117042",6.51060404701203,5.77239799782303,1.42668591677024,4.04601876977288,5.20960577016046e-05,0.000451330336930614,"2700054A10Rik","72578","RIKEN cDNA 2700054A10 gene","Up_in_KO_control"
"ENSMUSG00000074220",96.6627140483927,1.05688436272172,0.261417432984362,4.04289932257481,5.27942934192356e-05,0.000457046416997,"Zfp382","233060","zinc finger protein 382","Up_in_KO_control"
"ENSMUSG00000006731",523.50710491972,0.824722131925608,0.203995076317014,4.04285312574881,5.28047001307922e-05,0.000457046416997,"B4galnt1","14421","beta-1,4-N-acetyl-galactosaminyl transferase 1","Up_in_KO_control"
"ENSMUSG00000059456",667.766919056182,-0.82114006953566,0.203184382011076,-4.0413542685131,5.31434027411696e-05,0.000459552909193857,"Ptk2b","19229","PTK2 protein tyrosine kinase 2 beta","Down_in_KO_control"
"ENSMUSG00000098112",287.008081647393,0.743508897107934,0.184007119870401,4.04065287056065,5.33026064762257e-05,0.00046050400507369,"Bin2","668218","bridging integrator 2","Up_in_KO_control"
"ENSMUSG00000040328",60.4490925308276,2.19590193054243,0.543652082691032,4.03916769650343,5.36412049761751e-05,0.000463071181399917,"Or2v1","18356","olfactory receptor family 2 subfamily V member 1","Up_in_KO_control"
"ENSMUSG00000073468",544.835820476765,-0.797849612039594,0.197529940970102,-4.03913253920507,5.36492449780912e-05,0.000463071181399917,"Sft2d1","106489","SFT2 domain containing 1","Down_in_KO_control"
"ENSMUSG00000043510",541.629595771004,-0.687641708493062,0.170325281789842,-4.03722630761014,5.40868878869355e-05,0.000466633440769121,"Hscb","100900","HscB iron-sulfur cluster co-chaperone","Down_in_KO_control"
"ENSMUSG00000103548",28.5818164591455,1.97398741018535,0.489230417172428,4.03488283004616,5.46295519322483e-05,0.000471098066962287,NA,NA,NA,"Up_in_KO_control"
"ENSMUSG00000017400",106.875642606347,-1.80453302383145,0.447590755642841,-4.03165838677731,5.53846519576363e-05,0.000476950295482397,"Stac2","217154","SH3 and cysteine rich domain 2","Down_in_KO_control"
"ENSMUSG00000044176",16.7055944481274,-2.763841734521,0.685875642107762,-4.02965430588473,5.58589386682699e-05,0.000480592330712338,"Spink10","328971","serine peptidase inhibitor, Kazal type 10","Down_in_KO_control"
"ENSMUSG00000020642",166.928096038598,0.996066113260699,0.247191172370291,4.02953755876281,5.58866863554182e-05,0.000480610092724697,"Rnf144a","108089","ring finger protein 144A","Up_in_KO_control"
"ENSMUSG00000033752",206.354047564478,-0.805803020831533,0.2000705245105,-4.02759488336944,5.63503293246359e-05,0.000484152301493072,"Mnd1","76915","meiotic nuclear divisions 1","Down_in_KO_control"
"ENSMUSG00000030921",335.586512956484,1.2261283338811,0.304760298680002,4.02325479792409,5.73993398059621e-05,0.000492486861893154,"Trim30a","20128","tripartite motif-containing 30A","Up_in_KO_control"
"ENSMUSG00000045316",524.968489765217,-0.626501826865889,0.155733491249726,-4.02291004868866,5.74834548310227e-05,0.000492982534488051,"Fahd1","68636","fumarylacetoacetate hydrolase domain containing 1","Down_in_KO_control"
"ENSMUSG00000054976",33.6362068168125,-6.19946889420595,1.54147552479068,-4.02177575608784,5.7761034504694e-05,0.000494682946767204,"Nyap2","241134","neuronal tyrosine-phophorylated phosphoinositide 3-kinase adaptor 2","Down_in_KO_control"
"ENSMUSG00000020272",489.908995425351,0.721566316815538,0.179430510724621,4.02142486192303,5.78471607453657e-05,0.000494915560513839,"Stk10","20868","serine/threonine kinase 10","Up_in_KO_control"
"ENSMUSG00000020647",238.104153226103,-0.965914651491892,0.240389878943226,-4.01811696789455,5.86650760191879e-05,0.000501278341345691,"Ncoa1","17977","nuclear receptor coactivator 1","Down_in_KO_control"
"ENSMUSG00000075602",1922.65465036746,0.778108109754138,0.193669495760221,4.01771123893202,5.87661479566773e-05,0.000501912791745003,"Ly6a","110454","lymphocyte antigen 6 family member A","Up_in_KO_control"
"ENSMUSG00000059751",221.741287120882,1.19644037211137,0.297856327065553,4.01683719093216,5.89844443284724e-05,0.000503317786921434,"Rps3a3","668144","ribosomal protein S3A3","Up_in_KO_control"
"ENSMUSG00000039585",647.735897757913,0.642301511255158,0.159947823629257,4.0156939724541,5.92711261396477e-05,0.0005055335384919,"Myo9a","270163","myosin IXa","Up_in_KO_control"
"ENSMUSG00000033446",392.601450805816,-0.660816954604687,0.164574080375831,-4.01531610017573,5.93661739392355e-05,0.000506113536640052,"Lpar6","67168","lysophosphatidic acid receptor 6","Down_in_KO_control"
"ENSMUSG00000021731",1225.43789247272,-0.62769280280389,0.156339715731088,-4.01492864349037,5.94637824073709e-05,0.000506714827044231,"Mrps30","59054","mitochondrial ribosomal protein S30","Down_in_KO_control"
"ENSMUSG00000037580",154.807951485829,-0.942640202977077,0.23482986361568,-4.01414108266822,5.96626540959518e-05,0.000508178081974304,"Gch1","14528","GTP cyclohydrolase 1","Down_in_KO_control"
"ENSMUSG00000044338",258.561727342634,1.34388427028743,0.334930546330459,4.01242671058581,6.00977402725895e-05,0.000511418378226907,"Aplnr","23796","apelin receptor","Up_in_KO_control"
"ENSMUSG00000026489",254.074571493457,-1.20970526560655,0.301585942720878,-4.01114605903946,6.04247121636501e-05,0.000513738664378349,"Coq8a","67426","coenzyme Q8A","Down_in_KO_control"
"ENSMUSG00000052584",91.1091554285849,-0.929502508025419,0.231730042813733,-4.01114372888009,6.04253086248462e-05,0.000513738664378349,"Serp2","72661","stress-associated endoplasmic reticulum protein family member 2","Down_in_KO_control"
"ENSMUSG00000063556",153.424362803187,-1.12089170774617,0.27947524260834,-4.01070126027943,6.05386703624701e-05,0.000514468727744279,"Gm10132","100043755","ribosomal protein L23A pseudogene","Down_in_KO_control"
"ENSMUSG00000039264",46.9411777123462,2.08660846271742,0.520345062540598,4.01004758751722,6.07065117728233e-05,0.000515660896416179,"Gimap3","83408","GTPase, IMAP family member 3","Up_in_KO_control"
"ENSMUSG00000079575",219.8340329336,1.31302275527305,0.327535072297415,4.00880048070325,6.10279501843757e-05,0.000518156094283222,"Rbpj-ps3","19667","recombination signal binding protein for immunoglobulin kappa J region, pseudogene 3","Up_in_KO_control"
"ENSMUSG00000108852",47.8785387627239,1.61649223387679,0.403361898883576,4.00754815551721,6.13523547771284e-05,0.000520674201788845,NA,NA,NA,"Up_in_KO_control"
"ENSMUSG00000055413",50.0400935538479,1.76038959295694,0.439656061166425,4.00401529387893,6.22763358818937e-05,0.000527032511720251,"H2-Q5","15016","histocompatibility 2, Q region locus 5","Up_in_KO_control"
"ENSMUSG00000025867",638.808987253329,1.01822749600529,0.254306996319566,4.00393033121973,6.22987183201622e-05,0.000527032511720251,"Cplx2","12890","complexin 2","Up_in_KO_control"
"ENSMUSG00000025161",2839.7718977047,-1.94447214031186,0.486573926265647,-3.99625223495897,6.43531664679614e-05,0.000543184846240397,"Slc16a3","80879","solute carrier family 16 (monocarboxylic acid transporters), member 3","Down_in_KO_control"
"ENSMUSG00000024481",27.1775112092491,-2.40859102705472,0.603031472976294,-3.99413817518842,6.49299919647442e-05,0.000547066609471526,"Lvrn","74574","laeverin","Down_in_KO_control"
"ENSMUSG00000021136",10.1798686618351,-3.96298521489762,0.992514077684958,-3.99287557123754,6.52768265064374e-05,0.000549741338620595,"Smoc1","64075","SPARC related modular calcium binding 1","Down_in_KO_control"
"ENSMUSG00000040703",88.5582057198681,-1.26474825858213,0.316868436731217,-3.99139867520142,6.56847516843441e-05,0.000552679297782883,"Cyp2s1","74134","cytochrome P450, family 2, subfamily s, polypeptide 1","Down_in_KO_control"
"ENSMUSG00000027009",222.652772816891,0.939353834069462,0.235340538744851,3.99146631973967,6.56660153649416e-05,0.000552679297782883,"Itga4","16401","integrin alpha 4","Up_in_KO_control"
"ENSMUSG00000017697",170.128569215522,-1.0553251043925,0.264464949218045,-3.99041577159027,6.59575698064837e-05,0.000554725394961227,"Ada","11486","adenosine deaminase","Down_in_KO_control"
"ENSMUSG00000040618",2682.24511419753,-0.792416378289309,0.198641183821524,-3.98918473523235,6.63007732833541e-05,0.000557361352404046,"Pck2","74551","phosphoenolpyruvate carboxykinase 2 (mitochondrial)","Down_in_KO_control"
"ENSMUSG00000050295",696.986128157622,-0.681371288317278,0.170857605232099,-3.98794825311801,6.66471957939418e-05,0.000559519504213563,"Foxc1","17300","forkhead box C1","Down_in_KO_control"
"ENSMUSG00000060572",984.037367098864,-1.78088175543993,0.446611559201079,-3.9875406687316,6.67617627110461e-05,0.000560229984579285,"Mfap2","17150","microfibrillar-associated protein 2","Down_in_KO_control"
"ENSMUSG00000029019",10.7381839847347,3.40866667714355,0.855002978842721,3.98673076175397,6.69899708553821e-05,0.000561641274469877,"Nppb","18158","natriuretic peptide type B","Up_in_KO_control"
"ENSMUSG00000001666",113.382750581405,-1.0573714351244,0.265254536071317,-3.98625203845755,6.71252080167732e-05,0.000562523071033532,"Ddt","13202","D-dopachrome tautomerase","Down_in_KO_control"
"ENSMUSG00000050908",40.4673774973577,1.46582340428283,0.367828490642188,3.98507304783178,6.74593699762494e-05,0.000565070362741967,"Tvp23a","383103","trans-golgi network vesicle protein 23A","Up_in_KO_control"
"ENSMUSG00000021236",429.650277557474,-0.638884279151342,0.160390688698964,-3.98330030461094,6.7964783830253e-05,0.000568794722636639,"Entpd5","12499","ectonucleoside triphosphate diphosphohydrolase 5","Down_in_KO_control"
"ENSMUSG00000040467",11.7581847364882,-4.17844626359705,1.04976319549585,-3.98037031734893,6.8807994113037e-05,0.00057487538509396,NA,NA,NA,"Down_in_KO_control"
"ENSMUSG00000022195",552.242204092684,0.632576968336221,0.158925011139389,3.98034874310252,6.88142394383835e-05,0.00057487538509396,"6030458C11Rik","77877","RIKEN cDNA 6030458C11 gene","Up_in_KO_control"
"ENSMUSG00000023964",9.47796857169101,-5.01383540347858,1.25969859860629,-3.98018653749856,6.88612119884117e-05,0.000575011093234783,"Calcr","12311","calcitonin receptor","Down_in_KO_control"
"ENSMUSG00000106917",786.149107118913,-0.610032277651995,0.153297798298068,-3.97939360137361,6.90912725272136e-05,0.00057616086577618,NA,NA,NA,"Down_in_KO_control"
"ENSMUSG00000063972",94.0448897926459,-1.24595246426917,0.313298123864243,-3.97689092070356,6.98221732024527e-05,0.000581737456428093,"Nr6a1","14536","nuclear receptor subfamily 6, group A, member 1","Down_in_KO_control"
"ENSMUSG00000097636",35.256009102388,-1.80462493371713,0.453829550168879,-3.97643770231707,6.99553141906779e-05,0.000582587358455788,NA,NA,NA,"Down_in_KO_control"
"ENSMUSG00000041144",10.3903360567381,5.4402116468794,1.36849825282596,3.97531501092188,7.02861599938823e-05,0.00058508225621242,"Dnah7b","227058","dynein, axonemal, heavy chain 7B","Up_in_KO_control"
"ENSMUSG00000029676",415.832899994404,0.61017658671643,0.153567701436587,3.97333932206046,7.08719729356345e-05,0.000589172469810986,"Pot1a","101185","protection of telomeres 1A","Up_in_KO_control"
"ENSMUSG00000100798",66.0073946116393,2.032974548456,0.51175424292118,3.97256022119414,7.11042520843537e-05,0.000590578725812033,"Gm19589","100503197","predicted gene, 19589","Up_in_KO_control"
"ENSMUSG00000068739",8798.64383755632,-0.607603606311555,0.15302022362026,-3.97074054616077,7.16495737270238e-05,0.000594580254170198,"Sars1","20226","seryl-tRNA synthetase 1","Down_in_KO_control"
"ENSMUSG00000037172",127.583538997604,-0.977949824227234,0.24632044170409,-3.97023412860743,7.18020395972445e-05,0.000595317486479059,"Dennd11","243780","DENN domain containing 11","Down_in_KO_control"
"ENSMUSG00000024887",330.939802546784,0.681495324141361,0.17166052877839,3.97001762135519,7.18673165002666e-05,0.000595594815619791,"Asah2","54447","N-acylsphingosine amidohydrolase 2","Up_in_KO_control"
"ENSMUSG00000027555",694.368374762315,-0.604041095793116,0.152190626258442,-3.9689770036649,7.21818466332687e-05,0.000597936651637165,"Car13","71934","carbonic anhydrase 13","Down_in_KO_control"
"ENSMUSG00000023017",116.831538230937,1.0282168355364,0.259169235547004,3.96735682522749,7.26741439210468e-05,0.000601216293189456,"Asic1","11419","acid-sensing ion channel 1","Up_in_KO_control"
"ENSMUSG00000097752",7.42361040365036,5.61302979618941,1.41553191739438,3.965314894857,7.3299116207953e-05,0.000605850866430841,"Gm26688","102633805","predicted gene, 26688","Up_in_KO_control"
"ENSMUSG00000004791",371.493527905962,-2.18374999667939,0.550881815920793,-3.96409889302531,7.36737084293104e-05,0.00060867819242282,"Pgf","18654","placental growth factor","Down_in_KO_control"
"ENSMUSG00000032251",431.488424952443,0.597552972986756,0.15086074134836,3.96095742103584,7.46498445352994e-05,0.000615927046203288,"Irak1bp1","65099","interleukin-1 receptor-associated kinase 1 binding protein 1","Up_in_KO_control"
"ENSMUSG00000031791",249.679237701862,-0.599529162662977,0.151377922922828,-3.96047951436494,7.47994099928523e-05,0.000616617338852972,"Tmem38a","74166","transmembrane protein 38A","Down_in_KO_control"
"ENSMUSG00000038248",40.691227182931,-1.65334901222227,0.417479260905324,-3.96031412108208,7.48512373757239e-05,0.000616772877592216,"Sobp","109205","sine oculis binding protein","Down_in_KO_control"
"ENSMUSG00000023892",331.143508450036,-0.65782972779656,0.166185638008455,-3.95840299847748,7.54525723596774e-05,0.000621180812391836,"Zfp51","22709","zinc finger protein 51","Down_in_KO_control"
"ENSMUSG00000090958",484.648010610695,-0.86777018199316,0.219245707715896,-3.9579802543621,7.55862044765078e-05,0.000622007319423434,"Lrrc32","434215","leucine rich repeat containing 32","Down_in_KO_control"
"ENSMUSG00000031722",107.538191882467,-2.91245687846241,0.735992193233144,-3.95718447184645,7.58383638090776e-05,0.000623808044817261,"Hp","15439","haptoglobin","Down_in_KO_control"
"ENSMUSG00000112550",391.95991280991,0.789188259233459,0.199451656220504,3.95678970126461,7.59637496123968e-05,0.00062456487104428,"Gm6627","625811","Ewing sarcoma breakpoint region 1 pseudogene","Up_in_KO_control"
"ENSMUSG00000040640",177.784226247317,-0.891599315543155,0.225474787727818,-3.95431934775541,7.67528380422099e-05,0.000630221965021445,"Erc2","238988","ELKS/RAB6-interacting/CAST family member 2","Down_in_KO_control"
"ENSMUSG00000015126",923.479432412528,-0.608772943297662,0.154027480969786,-3.95236576917778,7.73823379443568e-05,0.000634755009066468,"Tsr3","68327","TSR3 20S rRNA accumulation","Down_in_KO_control"
"ENSMUSG00000030830",171.59440885446,1.20055524856363,0.303822402930051,3.95150336836758,7.76617789225434e-05,0.000636568054742687,"Itgal","16408","integrin alpha L","Up_in_KO_control"
"ENSMUSG00000078763",111.756432813523,1.67210076271706,0.4233405664126,3.94977683543653,7.82240914105322e-05,0.00064089641968708,"Slfn1","20555","schlafen 1","Up_in_KO_control"
"ENSMUSG00000044330",322.84266858088,-0.991538960986908,0.251138119564185,-3.94818183200378,7.87469848798183e-05,0.000644898174203956,NA,NA,NA,"Down_in_KO_control"
"ENSMUSG00000019102",14.469171640292,-2.83921837967897,0.719178864967701,-3.94786125953031,7.88524768990478e-05,0.000645479615140805,"Aldh3a1","11670","aldehyde dehydrogenase family 3, subfamily A1","Down_in_KO_control"
"ENSMUSG00000005699",136.924838463359,-0.830764524936598,0.210453016187007,-3.94750590886465,7.89695696372603e-05,0.000646155468571076,"Pard6a","56513","par-6 family cell polarity regulator alpha","Down_in_KO_control"
"ENSMUSG00000081769",39.0529146296762,1.72344065699645,0.436916738922805,3.94455168104911,7.99494105072129e-05,0.000653315859747369,"Carinh","622459","colitis associated IRF1 antisense regulator of intestinal homeostasis","Up_in_KO_control"
"ENSMUSG00000035242",1018.18766582097,0.718995516967767,0.182353208070405,3.9428728706005,8.05113381731881e-05,0.000657620546152278,"Oaz1","18245","ornithine decarboxylase antizyme 1","Up_in_KO_control"
"ENSMUSG00000047330",92.3062145325665,-1.54936121959692,0.392972747099286,-3.94266836831173,8.05800432462585e-05,0.000657894567743122,"Kcne4","57814","potassium voltage-gated channel, Isk-related subfamily, gene 4","Down_in_KO_control"
"ENSMUSG00000096751",34.5915472982235,-4.63808711283032,1.17718082313462,-3.93999547196152,8.14831470845184e-05,0.000664687938706449,NA,NA,NA,"Down_in_KO_control"
"ENSMUSG00000050222",105.316460721427,-1.01517955657648,0.257692781650799,-3.9394955111787,8.1653129750899e-05,0.000665784321145348,"Il17d","239114","interleukin 17D","Down_in_KO_control"
"ENSMUSG00000024892",96.8257740001893,-1.33220583166792,0.338254227280863,-3.93847504102808,8.20011222013928e-05,0.00066803961678479,"Pcx","18563","pyruvate carboxylase","Down_in_KO_control"
"ENSMUSG00000026188",30.5744580119979,-2.31338561589798,0.587539871116937,-3.93741042884484,8.23656613627565e-05,0.000670717415614126,"Tmem169","271711","transmembrane protein 169","Down_in_KO_control"
"ENSMUSG00000031465",745.489894296007,-1.47179620580003,0.373903004702411,-3.93630483652153,8.27458536577934e-05,0.000673262470427255,"Angpt2","11601","angiopoietin 2","Down_in_KO_control"
"ENSMUSG00000030966",112.046113903737,1.2919879794716,0.328224599266572,3.9362923509042,8.2750156681595e-05,0.000673262470427255,"Trim21","20821","tripartite motif-containing 21","Up_in_KO_control"
"ENSMUSG00000038550",152.658916691327,-1.2505494215059,0.317839759101131,-3.93452796793743,8.33603620429168e-05,0.000677049676609853,"Ciart","229599","circadian associated repressor of transcription","Down_in_KO_control"
"ENSMUSG00000025980",10240.0229416395,0.590635165794738,0.150115017343234,3.93455082807781,8.335242882623e-05,0.000677049676609853,"Hspd1","15510","heat shock protein 1 (chaperonin)","Up_in_KO_control"
"ENSMUSG00000021509",12.5887577610639,-3.35822952989501,0.853597071598325,-3.93420929104977,8.34710276858221e-05,0.000677654377910972,"Slc25a48","328258","solute carrier family 25, member 48","Down_in_KO_control"
"ENSMUSG00000109697",51.4371216301337,1.54830683966046,0.393734564189176,3.93236200344493,8.41152679097828e-05,0.00068229259141559,NA,NA,NA,"Up_in_KO_control"
"ENSMUSG00000021268",261.584339024309,-2.47387849260936,0.629410257745688,-3.93047056695559,8.47797719405964e-05,0.000686789555118779,"Meg3","17263","maternally expressed 3","Down_in_KO_control"
"ENSMUSG00000099966",151.238573429721,-0.933802210648434,0.237617211395941,-3.92985931095892,8.49955783555543e-05,0.00068823983460298,NA,NA,NA,"Down_in_KO_control"
"ENSMUSG00000020928",54.1706506736262,-1.61201419696826,0.410215889027979,-3.9296727408292,8.50615510302949e-05,0.000688476126483524,"Higd1b","75689","HIG1 domain family, member 1B","Down_in_KO_control"
"ENSMUSG00000046572",307.808574386594,0.706421756817179,0.17985081744841,3.92782066180941,8.57190904718894e-05,0.000693198504753874,"Zfp518b","100515","zinc finger protein 518B","Up_in_KO_control"
"ENSMUSG00000047044",1761.12176640768,-0.637349819177743,0.16227482176715,-3.92759525006464,8.57994449457191e-05,0.000693548601844165,"D030056L22Rik","225995","RIKEN cDNA D030056L22 gene","Down_in_KO_control"
"ENSMUSG00000028497",426.611513776792,0.745662671886111,0.189980272686392,3.92494789770623,8.67485117680318e-05,0.000700614976571075,"Hacd4","66775","3-hydroxyacyl-CoA dehydratase 4","Up_in_KO_control"
"ENSMUSG00000079179",317.343678632079,-0.620783830068575,0.158202804839946,-3.92397486692239,8.70998262012475e-05,0.000703148855782547,"Rab10os","74173","RAB10, member RAS oncogene family, opposite strand","Down_in_KO_control"
"ENSMUSG00000079022",7.42474709333002,-6.31311849767682,1.60954597454001,-3.9222977147211,8.77085221930227e-05,0.000707452403361222,"Col22a1","69700","collagen, type XXII, alpha 1","Down_in_KO_control"
"ENSMUSG00000025128",149.647473661366,2.47374153516324,0.630839703975889,3.92134724490612,8.8055262148271e-05,0.000709943179914087,"Bhlhe22","59058","basic helix-loop-helix family, member e22","Up_in_KO_control"
"ENSMUSG00000061455",567.161450272512,0.599027988829093,0.152798705666439,3.92037344960746,8.84118542936629e-05,0.000712204489624328,"Stx17","67727","syntaxin 17","Up_in_KO_control"
"ENSMUSG00000047878",949.148239425558,0.680928287604065,0.173755526854906,3.91888707041055,8.89587799783152e-05,0.000715993827842672,"A4galt","239559","alpha 1,4-galactosyltransferase","Up_in_KO_control"
"ENSMUSG00000033083",192.674730753518,0.782786159522639,0.199771008408372,3.91841722059322,8.91323289549625e-05,0.000717082232043944,"Tbc1d4","210789","TBC1 domain family, member 4","Up_in_KO_control"
"ENSMUSG00000117528",6.29729482716763,-5.78338715055206,1.47626339404654,-3.917584879416,8.94405572272358e-05,0.00071925274920209,NA,NA,NA,"Down_in_KO_control"
"ENSMUSG00000066456",1700.82114468728,-0.581124291136111,0.148409146652788,-3.91569053688913,9.01458180585112e-05,0.000724301714610957,"Hmgn3","94353","high mobility group nucleosomal binding domain 3","Down_in_KO_control"
"ENSMUSG00000059810",312.692989529594,0.707393508920078,0.180687721749703,3.91500596758861,9.04019718776718e-05,0.000725736636528045,"Rgs3","50780","regulator of G-protein signaling 3","Up_in_KO_control"
"ENSMUSG00000041801",797.684570976046,0.758173300942691,0.193664885557666,3.91487232576778,9.04520584481681e-05,0.000725827345514824,"Phlda3","27280","pleckstrin homology like domain, family A, member 3","Up_in_KO_control"
"ENSMUSG00000061780",191.455870182481,-4.7770008224856,1.22111459557068,-3.91200042961825,9.15347490008125e-05,0.000733293708587007,"Cfd","11537","complement factor D","Down_in_KO_control"
"ENSMUSG00000061666",344.768168580237,-0.6439369722577,0.164606047670565,-3.91198854094623,9.1539256306271e-05,0.000733293708587007,"Gdpd1","66569","glycerophosphodiester phosphodiesterase domain containing 1","Down_in_KO_control"
"ENSMUSG00000070469",330.842091995858,-0.953797651144082,0.243903673559657,-3.91055057606908,9.20859750506555e-05,0.000736727170210738,"Adamtsl3","269959","ADAMTS-like 3","Down_in_KO_control"
"ENSMUSG00000026389",508.683033138916,0.702268622178681,0.179617122467031,3.90980888978211,9.23691706554481e-05,0.000738677047211709,"Steap3","68428","STEAP family member 3","Up_in_KO_control"
"ENSMUSG00000071037",112.322023706954,-0.893276631103803,0.228593000540859,-3.90771646109145,9.31725559581725e-05,0.000744465431103878,"Camkmt","73582","calmodulin-lysine N-methyltransferase","Down_in_KO_control"
"ENSMUSG00000070527",23.6130697164203,2.43889137128658,0.624295214779974,3.90663153192058,9.35917065613221e-05,0.000745903579592001,"Mkrn3","22652","makorin, ring finger protein, 3","Up_in_KO_control"
"ENSMUSG00000086013",88.2046484585518,-1.25476353528463,0.321185578036483,-3.90666213270045,9.3579859916559e-05,0.000745903579592001,"Gm15706","100039495","predicted gene 15706","Down_in_KO_control"
"ENSMUSG00000039182",484.007955656729,0.765022458947607,0.195809192571461,3.90697928376581,9.34571628835903e-05,0.000745903579592001,"AW209491","105351","expressed sequence AW209491","Up_in_KO_control"
"ENSMUSG00000048040",348.50193680347,0.724333614732911,0.185448969056164,3.90583791551597,9.38994386827861e-05,0.000748037546220084,"Arxes2","76976","adipocyte-related X-chromosome expressed sequence 2","Up_in_KO_control"
"ENSMUSG00000004565",757.102988210795,-0.584644068651026,0.149694848718774,-3.90557239380613,9.40026103422374e-05,0.000748540786099697,"Pnpla6","50767","patatin-like phospholipase domain containing 6","Down_in_KO_control"
"ENSMUSG00000054409",93.5434435831572,1.05173138679056,0.269404070435865,3.90391795153272,9.46478793883305e-05,0.000753358471711539,"Tmem74","239408","transmembrane protein 74","Up_in_KO_control"
"ENSMUSG00000026222",535.860536092724,1.07341437034385,0.275076206150345,3.90224361956323,9.53051628147067e-05,0.000757945393859586,"Sp100","20684","nuclear antigen Sp100","Up_in_KO_control"
"ENSMUSG00000067058",1135.18029397125,-0.818262688673679,0.209688483971368,-3.90227767007658,9.52917529586187e-05,0.000757945393859586,"Rps15a-ps5","100042335","ribosomal protein S15A, pseudogene 5","Down_in_KO_control"
"ENSMUSG00000029648",1256.30300484477,-0.89430657536879,0.229267862698433,-3.90070620820116,9.5912489852027e-05,0.000761804084295833,"Flt1","14254","FMS-like tyrosine kinase 1","Down_in_KO_control"
"ENSMUSG00000067344",4553.11586400811,-0.678653668662435,0.174014222714131,-3.89998965646229,9.61967977188141e-05,0.000763414196654863,NA,NA,NA,"Down_in_KO_control"
"ENSMUSG00000078570",423.803589136625,-0.62866818802265,0.161229527328565,-3.8992124981022,9.65060520888161e-05,0.000765543769706662,"1110065P20Rik","68920","RIKEN cDNA 1110065P20 gene","Down_in_KO_control"
"ENSMUSG00000001661",107.252837798286,1.37373540287716,0.352531060710325,3.89677834375553,9.74807601133592e-05,0.000772948077966649,"Hoxc6","15425","homeobox C6","Up_in_KO_control"
"ENSMUSG00000116883",14.663025118554,-3.55177733120133,0.911991874561533,-3.89452738590346,9.83903760057829e-05,0.000779170167666617,NA,NA,NA,"Down_in_KO_control"
"ENSMUSG00000025491",236.128522755247,-2.45140786146273,0.629586371727261,-3.89367999618119,9.87348791720795e-05,0.000781296496919178,"Ifitm1","68713","interferon induced transmembrane protein 1","Down_in_KO_control"
"ENSMUSG00000000441",307.856917669547,1.14797179831078,0.294830913736403,3.89366156948231,9.87423831140841e-05,0.000781296496919178,"Raf1","110157","Raf1 proto-oncogene, serine/threonine kinase","Up_in_KO_control"
"ENSMUSG00000074794",1041.45025669161,-0.835648381356462,0.214651543872461,-3.89304621937859,9.89932828137264e-05,0.000782950676793433,"Arrdc3","105171","arrestin domain containing 3","Down_in_KO_control"
"ENSMUSG00000022557",1058.02993375142,0.620511390880772,0.159431743501118,3.89201910017638,9.9413416334035e-05,0.000785941385660666,"Bop1","12181","block of proliferation 1","Up_in_KO_control"
"ENSMUSG00000006378",177.836976288464,-0.804342917582901,0.206781006804981,-3.88982977697508,0.00010031456296906,0.000791727716929576,"Gcat","26912","glycine C-acetyltransferase (2-amino-3-ketobutyrate-coenzyme A ligase)","Down_in_KO_control"
"ENSMUSG00000037375",289.756192758656,0.750548203250914,0.192995274893935,3.88894600483558,0.000100680512185835,0.000793946238741478,"Hhat","226861","hedgehog acyltransferase","Up_in_KO_control"
"ENSMUSG00000026748",330.324836861372,-1.74255478178435,0.448261615526214,-3.88736113338359,0.000101339928384151,0.000798809637680127,"Plxdc2","67448","plexin domain containing 2","Down_in_KO_control"
"ENSMUSG00000078867",64.8929441529248,1.52749751764525,0.39299642046527,3.88679753326211,0.000101575406088873,0.000800328662796246,"Gm14418","668066","novel KRAB box and zinc finger, C2H2 type domain containing protein","Up_in_KO_control"
"ENSMUSG00000017861",368.678057664833,0.812548434667107,0.209063047452634,3.88661910637842,0.000101650062176195,0.000800579803662937,"Mybl2","17865","Myb proto-oncogene like 2","Up_in_KO_control"
"ENSMUSG00000029096",333.471182353789,-0.748190144323725,0.192515074749782,-3.88639770312103,0.000101742772135057,0.000800636036569938,"Htra3","78558","HtrA serine peptidase 3","Down_in_KO_control"
"ENSMUSG00000022332",1561.70815143261,0.651026094099711,0.167603062154611,3.88433293360207,0.000102611220810079,0.000806791502108825,"Khdrbs3","13992","KH domain containing, RNA binding, signal transduction associated 3","Up_in_KO_control"
"ENSMUSG00000071477",451.060823269964,0.623181337662718,0.160452555780317,3.8838978577315,0.000102795105387657,0.000807897861032854,"Zfp777","72306","zinc finger protein 777","Up_in_KO_control"
"ENSMUSG00000046634",4.71267458263409,5.68235514924931,1.46341444333735,3.88294319160235,0.000103199685047706,0.000810737072333216,"Pkd1l1","171395","polycystic kidney disease 1 like 1","Up_in_KO_control"
"ENSMUSG00000047789",315.041388646598,-0.685980163118675,0.176688944426723,-3.88241700885348,0.000103423318937034,0.00081215298668431,"Slc38a9","268706","solute carrier family 38, member 9","Down_in_KO_control"
"ENSMUSG00000021514",426.093709001035,0.625279697519709,0.16108129149016,3.88176486378559,0.000103701123037494,0.00081399291753382,"Zfp369","170936","zinc finger protein 369","Up_in_KO_control"
"ENSMUSG00000032252",752.921199004672,0.650932039327157,0.167712489392881,3.88123771630562,0.000103926194579112,0.000815417559395777,"Glce","93683","glucuronyl C5-epimerase","Up_in_KO_control"
"ENSMUSG00000070498",20.8335006043609,-2.81041301363093,0.724342195222406,-3.8799520891752,0.000104477042305591,0.000819396015366524,"Tmem132b","208151","transmembrane protein 132B","Down_in_KO_control"
"ENSMUSG00000053293",611.720478809744,0.692684218085904,0.178612738007226,3.87813448141577,0.000105260528900914,0.000824849362362984,"Pom121","107939","nuclear pore membrane protein 121","Up_in_KO_control"
"ENSMUSG00000028527",654.125450945395,-0.591958248935539,0.152726255432713,-3.87594292322801,0.000106212581472721,0.000831265594771659,"Ak4","11639","adenylate kinase 4","Down_in_KO_control"
"ENSMUSG00000041147",364.575648332488,0.761837994287339,0.196602490615765,3.87501700462309,0.000106617254047532,0.000833735342662541,"Brca2","12190","breast cancer 2, early onset","Up_in_KO_control"
"ENSMUSG00000091971",158.028341068657,-1.5396805463867,0.397376857058506,-3.87461050898597,0.000106795372072826,0.000834703384008119,"Hspa1a","193740","heat shock protein 1A","Down_in_KO_control"
"ENSMUSG00000035299",78.2404771407339,1.50065886663879,0.387491581964691,3.87275217446023,0.000107613237920134,0.000839069383833115,"Mid1","17318","midline 1","Up_in_KO_control"
"ENSMUSG00000074884",819.909943638776,-0.581702080063719,0.150222865949205,-3.8722605669127,0.000107830584234976,0.000840413878712664,"Serf2","378702","small EDRK-rich factor 2","Down_in_KO_control"
"ENSMUSG00000021301",12.0004224367247,-2.99038576912685,0.772319929099872,-3.87195209712133,0.000107967174294818,0.00084112811514527,"Hecw1","94253","HECT, C2 and WW domain containing E3 ubiquitin protein ligase 1","Down_in_KO_control"
"ENSMUSG00000001020",50.5671203612351,-1.8615996206697,0.480807468584086,-3.87181926718373,0.000108026041503923,0.000841236502148526,"S100a4","20198","S100 calcium binding protein A4","Down_in_KO_control"
"ENSMUSG00000028167",305.655102885316,-0.934492638238143,0.241561571036207,-3.86854843769035,0.000109485188844718,0.0008518903695847,"Bdh2","69772","3-hydroxybutyrate dehydrogenase, type 2","Down_in_KO_control"
"ENSMUSG00000028496",1290.02949772956,0.687894250610445,0.177917092891858,3.86637528429359,0.000110464912570626,0.000857374495617635,"Mllt3","70122","myeloid/lymphoid or mixed-lineage leukemia; translocated to, 3","Up_in_KO_control"
"ENSMUSG00000015085",24.0249101584155,2.08011513930527,0.538078294492486,3.86582242881072,0.000110715473107134,0.00085860698228504,"Entpd2","12496","ectonucleoside triphosphate diphosphohydrolase 2","Up_in_KO_control"
"ENSMUSG00000027004",31.7663236622764,-1.97066199711559,0.509899193613243,-3.86480704774429,0.000111177052821626,0.000861829407394815,"Frzb","20378","frizzled-related protein","Down_in_KO_control"
"ENSMUSG00000118106",43.3536223177916,-1.45085360816736,0.375623137756752,-3.86252459534832,0.000112221262840257,0.000869203845831842,NA,NA,NA,"Down_in_KO_control"
"ENSMUSG00000082809",46.0989610855886,1.556124811877,0.402927367882884,3.86204794192414,0.000112440493869188,0.000870060907363235,"Gm14150","100043840","tubulin, alpha 1B pseudogene","Up_in_KO_control"
"ENSMUSG00000023909",128.537984391889,0.92578006205129,0.239728910917548,3.86177895068192,0.000112564391424485,0.000870060907363235,"Paqr4","76498","progestin and adipoQ receptor family member IV","Up_in_KO_control"
"ENSMUSG00000038827",457.101197747372,0.613275359650712,0.158790852691544,3.86215798489361,0.000112389845086105,0.000870060907363235,"Abitram","230234","actin binding transcription modulator","Up_in_KO_control"
"ENSMUSG00000052906",915.827927251001,-0.610709866801652,0.158141926250607,-3.86178340735437,0.000112562337629304,0.000870060907363235,"Ubxn8","108159","UBX domain protein 8","Down_in_KO_control"
"ENSMUSG00000109946",185.633696663993,-0.812365746099825,0.210470613436195,-3.85975853273264,0.000113499121994729,0.000876200111339671,"Brd3os","100504116","bromodomain containing 3, opposite strand","Down_in_KO_control"
"ENSMUSG00000056413",82.2861879783792,0.973585879607633,0.252304720455332,3.85876997406394,0.000113959133819595,0.000879388565429311,"Adap1","231821","ArfGAP with dual PH domains 1","Up_in_KO_control"
"ENSMUSG00000061374",327.576940091408,0.617486936455084,0.160067716310322,3.85766068691808,0.00011447741854134,0.000883023880117107,"Fiz1","23877","Flt3 interacting zinc finger protein 1","Up_in_KO_control"
"ENSMUSG00000042312",1732.4989939899,-0.825555421756967,0.214025714089808,-3.85727212857495,0.000114659487189581,0.000883335934038136,"S100a13","20196","S100 calcium binding protein A13","Down_in_KO_control"
"ENSMUSG00000058905",397.187568358655,-0.953821604716981,0.247349343771408,-3.85617196380546,0.000115176479185846,0.000886953685187137,"Gm10051","100039731","predicted pseudogene 10051","Down_in_KO_control"
"ENSMUSG00000019590",794.404091573501,0.713327377722072,0.185049798819724,3.85478602123204,0.000115830894149138,0.000889431071896932,"Cyb561","13056","cytochrome b-561","Up_in_KO_control"
"ENSMUSG00000006218",13.5124420542388,-2.58393537710801,0.670482878764899,-3.85384244541471,0.000116278436895103,0.000891769831810684,"Fam131c","277743","family with sequence similarity 131, member C","Down_in_KO_control"
"ENSMUSG00000056071",134.910968049874,-1.55299025454693,0.402966021590065,-3.85389876898053,0.000116251676643885,0.000891769831810684,"S100a9","20202","S100 calcium binding protein A9 (calgranulin B)","Down_in_KO_control"
"ENSMUSG00000110156",43.6061152458235,-1.3789714702571,0.357914194398929,-3.85279905585446,0.0001167752202552,0.000894480023182789,"Gm42067","105246846","predicted gene, 42067","Down_in_KO_control"
"ENSMUSG00000114184",113.683718972845,-1.08910174319532,0.282807815919013,-3.85103127244264,0.000117621476533584,0.000900593572165695,"Gm7143","634678","ribosomal protein S2 pseudogene","Down_in_KO_control"
"ENSMUSG00000022474",720.841571966689,-0.628412403525627,0.163196138010727,-3.85065732060596,0.000117801230689895,0.000901600993824135,"Pmm1","29858","phosphomannomutase 1","Down_in_KO_control"
"ENSMUSG00000041596",11.1401103133452,4.16174896892774,1.08188109239946,3.84677114533685,0.000119684666085171,0.000913895686995934,NA,NA,NA,"Up_in_KO_control"
"ENSMUSG00000022724",226.337871562948,0.792048658029618,0.205896526641975,3.8468286519805,0.000119656589676324,0.000913895686995934,"Riox2","67014","ribosomal oxygenase 2","Up_in_KO_control"
"ENSMUSG00000079067",98.7505817343959,-1.1958319642341,0.311021027927222,-3.84485889010026,0.000120621829837062,0.000920553141003645,NA,NA,NA,"Down_in_KO_control"
"ENSMUSG00000073700",802.759938259055,-0.654826737052882,0.170349437080186,-3.84402055138371,0.000121034863113348,0.000923328737643736,"Klhl21","242785","kelch-like 21","Down_in_KO_control"
"ENSMUSG00000034330",461.352518066207,0.72001633052678,0.187313946138245,3.84390135049197,0.000121093699252288,0.000923401138593344,"Plcg2","234779","phospholipase C, gamma 2","Up_in_KO_control"
"ENSMUSG00000034422",584.444976621734,1.60810929751198,0.418462541218739,3.84289903901191,0.000121589496003015,0.000926804170551695,"Parp14","547253","poly (ADP-ribose) polymerase family, member 14","Up_in_KO_control"
"ENSMUSG00000037347",96.6730834452681,-0.930998507201266,0.242315554953671,-3.84209138938384,0.000121990394351748,0.000929481371947992,"Chst7","60322","carbohydrate sulfotransferase 7","Down_in_KO_control"
"ENSMUSG00000032122",746.184820423641,-1.39423783912611,0.362912367963209,-3.84180304173997,0.000122133824998341,0.000930195468943408,"Slc37a2","56857","solute carrier family 37 (glycerol-3-phosphate transporter), member 2","Down_in_KO_control"
"ENSMUSG00000000409",42.5051800235917,1.47121691812769,0.382961268732519,3.84168593079127,0.000122192124022227,0.000930260869336017,"Lck","16818","lck proto-oncogene, Src family tyrosine kinase","Up_in_KO_control"
"ENSMUSG00000060923",124.193488988752,-0.910227567280921,0.237020730326894,-3.84028673789653,0.000122890688779545,0.000935198641371135,"Acyp2","75572","acylphosphatase 2, muscle type","Down_in_KO_control"
"ENSMUSG00000051855",1403.06422733057,-2.53719281844091,0.660706783985987,-3.84011921768722,0.000122974577275144,0.000935456611605598,"Mest","17294","mesoderm specific transcript","Down_in_KO_control"
"ENSMUSG00000026573",55.6202465277117,1.5210217330556,0.396622063171729,3.83493979354604,0.000125595055413442,0.000954614245309401,"Xcl1","16963","chemokine (C motif) ligand 1","Up_in_KO_control"
"ENSMUSG00000021752",298.237697244813,-0.722626677310064,0.188442130123778,-3.8347405478563,0.000125696905609397,0.000955000485046142,"Kctd6","71393","potassium channel tetramerisation domain containing 6","Down_in_KO_control"
"ENSMUSG00000052142",76.8446892665018,1.2094059773349,0.315403785362849,3.83446880938212,0.000125835938087275,0.000955668794410379,"Rasal3","320484","RAS protein activator like 3","Up_in_KO_control"
"ENSMUSG00000000532",447.261998614844,0.619561503740071,0.161635065898971,3.8330884470782,0.000126544428843061,0.000960410284263322,"Acvr1b","11479","activin A receptor, type 1B","Up_in_KO_control"
"ENSMUSG00000019558",1669.23927944348,-0.614283188276546,0.160381315176252,-3.83014185662137,0.000128069407271078,0.000971054626524996,"Slc6a8","102857","solute carrier family 6 (neurotransmitter transporter, creatine), member 8","Down_in_KO_control"
"ENSMUSG00000059518",1441.74309889067,-0.633891646747189,0.165530795165804,-3.82944844862402,0.000128430782672565,0.000973400257655612,"Znhit1","70103","zinc finger, HIT domain containing 1","Down_in_KO_control"
"ENSMUSG00000068522",18.9644893808097,-3.55657332222884,0.92882774461863,-3.82909892909061,0.000128613301796004,0.000974328775522415,"Aard","239435","alanine and arginine rich domain containing protein","Down_in_KO_control"
"ENSMUSG00000116657",313.746277944496,-1.1585121783051,0.302561449501744,-3.82901450337749,0.000128657425549933,0.000974328775522415,NA,NA,NA,"Down_in_KO_control"
"ENSMUSG00000019874",13.7048085181626,-3.11968349408316,0.815491640956848,-3.82552479682406,0.000130493797786451,0.000987436489275318,"Fabp7","12140","fatty acid binding protein 7, brain","Down_in_KO_control"
"ENSMUSG00000005131",40.5889270272952,1.70163159094957,0.445200366412675,3.82217023912388,0.000132282312169466,0.000998950325918972,"4930550C14Rik","75311","RIKEN cDNA 4930550C14 gene","Up_in_KO_control"
"ENSMUSG00000024529",4835.05873395164,-2.18637408754386,0.572417638732924,-3.81954352836421,0.000133698865337702,0.00100761452559984,"Lox","16948","lysyl oxidase","Down_in_KO_control"
"ENSMUSG00000025986",1538.55989386795,0.604196207596023,0.158197969411735,3.81924123200031,0.000133862804070049,0.00100844390199792,"Slc39a10","227059","solute carrier family 39 (zinc transporter), member 10","Up_in_KO_control"
"ENSMUSG00000020621",516.335078214862,-0.612202484704711,0.160301029201279,-3.81908018778851,0.000133950217472036,0.00100869634589707,"Rdh14","105014","retinol dehydrogenase 14 (all-trans and 9-cis)","Down_in_KO_control"
"ENSMUSG00000022032",95.5202339689911,3.61065401938486,0.945700558806126,3.81796752234453,0.000134555633655286,0.0010126787264969,"Scara5","71145","scavenger receptor class A, member 5","Up_in_KO_control"
"ENSMUSG00000046157",185.153768365626,1.12065960157468,0.293527023270464,3.81790946907832,0.000134587291871842,0.0010126787264969,"Tmem229b","268567","transmembrane protein 229B","Up_in_KO_control"
"ENSMUSG00000107696",5.66588450549809,5.47681813769265,1.43514806160904,3.81620425390272,0.000135520334242299,0.00101875583882218,NA,NA,NA,"Up_in_KO_control"
"ENSMUSG00000054723",189.10925915827,-0.786343993952652,0.206057690357842,-3.81613514442038,0.000135558277062321,0.00101875583882218,"Vmac","106639","vimentin-type intermediate filament associated coiled-coil protein","Down_in_KO_control"
"ENSMUSG00000020312",55.4605514817129,-1.79242634077723,0.46971714868238,-3.81596955913836,0.000135649228210341,0.00101903011140109,"Shc2","216148","SHC (Src homology 2 domain containing) transforming protein 2","Down_in_KO_control"
"ENSMUSG00000059658",23.2414351965771,-1.90914432852496,0.500537232109862,-3.8141904458886,0.00013663007703667,0.00102557506281075,NA,NA,NA,"Down_in_KO_control"
"ENSMUSG00000106943",152.688342314679,-1.00085382097416,0.262438443062032,-3.81367077664606,0.000136917836018794,0.00102732296127493,"Dancr","70036","differentiation antagonizing non-protein coding RNA","Down_in_KO_control"
"ENSMUSG00000051839",19.1034590546128,-3.33867608300092,0.875589491189179,-3.81306093391608,0.000137256255321533,0.00102944942117509,"Gypa","14934","glycophorin A","Down_in_KO_control"
"ENSMUSG00000066235",418.585889406444,0.654553430278353,0.171665717801978,3.812953679158,0.000137315855495569,0.00102948381566049,"Pomgnt2","215494","protein O-linked mannose beta 1,4-N-acetylglucosaminyltransferase 2","Up_in_KO_control"
"ENSMUSG00000059327",32.7957549610326,2.18330573948969,0.572755308976896,3.81193452992988,0.000137883402149254,0.00103332483156548,"Eda","13607","ectodysplasin-A","Up_in_KO_control"
"ENSMUSG00000027913",9.12938992670907,-4.85857252375029,1.27611104461833,-3.8073273828638,0.000140476726727055,0.00105107596451155,"Crct1","74175","cysteine-rich C-terminal 1","Down_in_KO_control"
"ENSMUSG00000035047",284.686621403087,0.688266335633423,0.180787323612538,3.80704975260606,0.000140634460999127,0.00105183559899147,"Kri1","215194","KRI1 homolog","Up_in_KO_control"
"ENSMUSG00000030243",238.495441715995,0.832083604323784,0.218634676114669,3.80581717004202,0.000141336763219846,0.00105624394973362,"Recql","19691","RecQ protein-like","Up_in_KO_control"
"ENSMUSG00000040282",263.3334898776,-0.617296182427937,0.162288793536659,-3.80368951531146,0.000142556838761918,0.00106493657634801,"Cdin1","399568","CDAN1 interacting nuclease 1","Down_in_KO_control"
"ENSMUSG00000038143",48.4804642705459,1.54544239398177,0.406404024055291,3.80272414274007,0.000143113684064539,0.00106824346625438,"Stox2","71069","storkhead box 2","Up_in_KO_control"
"ENSMUSG00000026672",126.401534557858,-0.999226912342692,0.262804971157295,-3.80216138204111,0.000143439239616891,0.0010702466072372,"Optn","71648","optineurin","Down_in_KO_control"
"ENSMUSG00000027951",504.020652655818,0.852504197154513,0.22437034556502,3.79954042058319,0.00014496466789265,0.00108076646624508,"Adar","56417","adenosine deaminase, RNA-specific","Up_in_KO_control"
"ENSMUSG00000097993",32.2408593014614,-1.85655675573441,0.488656985704833,-3.79930464527492,0.000145102638053144,0.00108136426359557,"Ptprv","13924","protein tyrosine phosphatase receptor type V","Down_in_KO_control"
"ENSMUSG00000022091",1796.5834701776,-0.603862983366789,0.158975062546778,-3.79847614898156,0.000145588435882676,0.00108455270727409,"Sorbs3","20410","sorbin and SH3 domain containing 3","Down_in_KO_control"
"ENSMUSG00000029922",664.882897284504,-0.675377140193081,0.177860595249827,-3.79722748169392,0.000146323499966598,0.0010895947691504,"Mkrn1","54484","makorin, ring finger protein, 1","Down_in_KO_control"
"ENSMUSG00000079227",1132.86459193734,0.638875640845527,0.168364754906447,3.79459252739995,0.000147886125217837,0.00109991775087496,"Ccr5","12774","C-C motif chemokine receptor 5","Up_in_KO_control"
"ENSMUSG00000055629",380.242654372177,0.61693900162402,0.162751271624403,3.79068621379371,0.000150231651621431,0.00111450202244002,"B4galnt4","330671","beta-1,4-N-acetyl-galactosaminyl transferase 4","Up_in_KO_control"
"ENSMUSG00000047248",347.978749696304,0.652807334794573,0.172230274021926,3.79031699567212,0.000150455149155187,0.00111503651728357,"C2cd3","277939","C2 calcium-dependent domain containing 3","Up_in_KO_control"
"ENSMUSG00000040105",206.882002233423,-0.68688013833166,0.181233973260459,-3.79001864812905,0.000150635975468517,0.00111593468287504,"Plpp6","74411","phospholipid phosphatase 6","Down_in_KO_control"
"ENSMUSG00000027322",491.503017462585,0.947449108999887,0.250157219424198,3.78741461541941,0.000152222970208542,0.00112724512920952,"Siglec1","20612","sialic acid binding Ig-like lectin 1, sialoadhesin","Up_in_KO_control"
"ENSMUSG00000081629",406.976605721224,-1.12743028951907,0.297829591422047,-3.78548781582088,0.000153407350850272,0.0011342203699965,NA,NA,NA,"Down_in_KO_control"
"ENSMUSG00000022564",2631.73615572434,-0.580948938234515,0.153473075153656,-3.78534761001482,0.000153493871377353,0.00113441185429874,"Grina","66168","glutamate receptor, ionotropic, N-methyl D-aspartate-associated protein 1 (glutamate binding)","Down_in_KO_control"
"ENSMUSG00000020108",3669.33347607664,-1.21346924692537,0.320718584288935,-3.78359504677831,0.00015457925493778,0.00114153180649198,"Ddit4","74747","DNA-damage-inducible transcript 4","Down_in_KO_control"
"ENSMUSG00000048163",281.891539522909,0.881568889928632,0.233015719714485,3.78330222102107,0.000154761308317308,0.00114242538956283,"Selplg","20345","selectin, platelet (p-selectin) ligand","Up_in_KO_control"
"ENSMUSG00000057058",160.636931586684,0.844098581352619,0.2231259133219,3.78305938913896,0.000154912432940838,0.00114263420966987,"Skap1","78473","src family associated phosphoprotein 1","Up_in_KO_control"
"ENSMUSG00000040729",16.905766906403,-2.28035503526073,0.602828985362315,-3.78275612260113,0.000155101363684877,0.00114268181836028,"Cep126","234915","centrosomal protein 126","Down_in_KO_control"
"ENSMUSG00000051306",445.479223783086,0.591268945576887,0.156376963693859,3.78104889371316,0.000156168996391727,0.00114964218311503,"Usp42","76800","ubiquitin specific peptidase 42","Up_in_KO_control"
"ENSMUSG00000041180",45.6198897382359,-1.42069119462828,0.375762909046575,-3.78081806486172,0.000156313877215797,0.00115025622663752,"Hectd2","226098","HECT domain E3 ubiquitin protein ligase 2","Down_in_KO_control"
"ENSMUSG00000027230",208.284918752824,-0.924525235698753,0.244644623854741,-3.77905396460988,0.000157425308132966,0.00115797947763058,"Creb3l1","26427","cAMP responsive element binding protein 3-like 1","Down_in_KO_control"
"ENSMUSG00000021747",26.6354534671508,2.05571739350055,0.544455298213074,3.77573218636591,0.000159538334165102,0.00117076111656139,"Cfap20dc","74430","CFAP20 domain containing","Up_in_KO_control"
"ENSMUSG00000002771",67.8436978866211,1.10490464188716,0.29277780153203,3.77386754086368,0.000160736126086593,0.00117716081801756,"Grin2d","14814","glutamate receptor, ionotropic, NMDA2D (epsilon 4)","Up_in_KO_control"
"ENSMUSG00000090258",513.807555307946,-0.61074683569991,0.161839230689897,-3.77378731409181,0.000160787850737609,0.00117716081801756,"Churc1","211151","churchill domain containing 1","Down_in_KO_control"
"ENSMUSG00000050821",146.150721521363,-0.843730437234966,0.223654534536675,-3.77247185702202,0.000161638203188636,0.0011819990997534,"Fam131a","78408","family with sequence similarity 131, member A","Down_in_KO_control"
"ENSMUSG00000081281",372.24044284539,1.04714486297363,0.277668969476165,3.771198722526,0.000162465225223341,0.00118715346070507,"Rpl7-ps9","621983","ribosomal protein L7, pseudogene 9","Up_in_KO_control"
"ENSMUSG00000097530",798.779533554147,0.637020069078056,0.168917455524095,3.77119147989528,0.000162469941370475,0.00118715346070507,NA,NA,NA,"Up_in_KO_control"
"ENSMUSG00000056201",33198.5592440095,-0.652607532956728,0.173075236371152,-3.77065804814063,0.000162817647767733,0.00118922975904668,"Cfl1","12631","cofilin 1, non-muscle","Down_in_KO_control"
"ENSMUSG00000042377",24.8951694266919,2.32353899449297,0.616235442564316,3.77053774256171,0.000162896163160133,0.00118933901725149,"Fam83g","69640","family with sequence similarity 83, member G","Up_in_KO_control"
"ENSMUSG00000049950",389.670861698588,-0.753036075614318,0.199761828271115,-3.76966952160803,0.000163463849972644,0.00119301834030346,"Rpp38","227522","ribonuclease P/MRP 38 subunit","Down_in_KO_control"
"ENSMUSG00000018387",65.3479817436769,-1.34469071882684,0.356732959130014,-3.76946027669048,0.000163600942983409,0.00119355339027233,"Shroom1","71774","shroom family member 1","Down_in_KO_control"
"ENSMUSG00000021200",13.5329848949844,3.09960201908508,0.82246102771834,3.76869166394905,0.000164105451475238,0.00119630125183332,"Asb2","65256","ankyrin repeat and SOCS box-containing 2","Up_in_KO_control"
"ENSMUSG00000067928",222.194909834507,0.735212054207848,0.195097034648089,3.76844299829571,0.000164268985869757,0.00119702707655014,"Zfp760","240034","zinc finger protein 760","Up_in_KO_control"
"ENSMUSG00000060198",172.038741763713,-0.661315274523185,0.175514952866116,-3.76785717526665,0.000164654857335074,0.0011993718743913,"Gm11353","100042180","ribosomal protein S8 pseudogene","Down_in_KO_control"
"ENSMUSG00000047139",143.44926190774,-1.45723632206945,0.386877950521041,-3.76665643546463,0.000165448430663886,0.00120421489032022,"Cd24a","12484","CD24a antigen","Down_in_KO_control"
"ENSMUSG00000027985",246.563051794068,1.86579172593896,0.495418804435012,3.76608984002283,0.000165824143958756,0.00120648025112761,"Lef1","16842","lymphoid enhancer binding factor 1","Up_in_KO_control"
"ENSMUSG00000086370",211.508082541044,0.684742185974821,0.182065708602836,3.76096185948196,0.000169261239735731,0.00123053052803991,"Ftx","78878","Ftx transcript, Xist regulator, non-protein coding","Up_in_KO_control"
"ENSMUSG00000061048",43.5757247278247,-3.64528252246176,0.969481728624687,-3.76003220569508,0.000169891484134158,0.00123463275440874,"Cdh3","12560","cadherin 3","Down_in_KO_control"
"ENSMUSG00000020534",1146.99166574199,0.61164631903632,0.16271001694534,3.75911901749598,0.000170512714507719,0.00123866631466729,"Shmt1","20425","serine hydroxymethyltransferase 1 (soluble)","Up_in_KO_control"
"ENSMUSG00000001053",308.426253003018,0.633964708305096,0.168696866138278,3.75801117600753,0.000171269233471314,0.00124319672845178,"N4bp3","212706","NEDD4 binding protein 3","Up_in_KO_control"
"ENSMUSG00000016526",317.901635571822,0.663745506092064,0.176646613149555,3.75747654742814,0.000171635447111378,0.00124537189677984,"Dyrk3","226419","dual-specificity tyrosine phosphorylation regulated kinase 3","Up_in_KO_control"
"ENSMUSG00000037071",1898.5929630419,-0.755747552079991,0.201265481215051,-3.75497848671069,0.000173356367870646,0.00125639725482703,"Scd1","20249","stearoyl-Coenzyme A desaturase 1","Down_in_KO_control"
"ENSMUSG00000028414",275.315200544191,0.821434525590989,0.218841700660161,3.75355575794302,0.000174343729329165,0.00126208673382463,"Fktn","246179","fukutin","Up_in_KO_control"
"ENSMUSG00000056342",1363.98256226498,0.583760801581503,0.155535823776376,3.75322409595371,0.000174574658804027,0.00126326975645776,"Usp34","17847","ubiquitin specific peptidase 34","Up_in_KO_control"
"ENSMUSG00000019852",15.7186889373241,-3.0995204618013,0.826162189715803,-3.75170941055475,0.000175632964860161,0.00126994577721337,"Arfgef3","215821","ARFGEF family member 3","Down_in_KO_control"
"ENSMUSG00000091055",13.1165062407232,-2.65570137124761,0.708142443497971,-3.75023612216971,0.0001766681327857,0.00127644431228525,"Siglec15","620235","sialic acid binding Ig-like lectin 15","Down_in_KO_control"
"ENSMUSG00000044609",271.916272145847,0.697684833343243,0.186145238086526,3.74806704976754,0.000178202621576485,0.00128703421750705,"Gm9294","668668","ribosomal protein S4, X-linked pseudogene","Up_in_KO_control"
"ENSMUSG00000033740",19.371269499052,-1.94635717254993,0.519539719524221,-3.74631062728438,0.00017945435905283,0.00129457572126276,"St18","240690","suppression of tumorigenicity 18","Down_in_KO_control"
"ENSMUSG00000086587",16.8764456058013,-2.44209721697381,0.651928258617871,-3.74596005724803,0.000179705185059112,0.00129538641294729,"Gm11837","100038514","predicted gene 11837","Down_in_KO_control"
"ENSMUSG00000106438",10.0349663033395,-3.4845457658611,0.930432401610025,-3.74508213582354,0.000180334767809086,0.00129892398383812,"Gm32051","102634475","predicted gene, 32051","Down_in_KO_control"
"ENSMUSG00000081214",186.169124522639,-0.913876323697925,0.24402022926044,-3.74508427628168,0.000180333230306036,0.00129892398383812,NA,NA,NA,"Down_in_KO_control"
"ENSMUSG00000038079",720.642044837153,0.66416983332347,0.177381097703629,3.74431008671045,0.000180890139683244,0.00130242292569933,"Tmem237","381259","transmembrane protein 237","Up_in_KO_control"
"ENSMUSG00000002111",1519.85041805237,-0.61330561815718,0.163802963023626,-3.74416681381229,0.000180993379473337,0.00130266504234022,"Spi1","20375","Spi-1 proto-oncogene","Down_in_KO_control"
"ENSMUSG00000039763",76.4163315348781,-1.05895076334793,0.282895268036126,-3.74326078587039,0.000181647530341724,0.0013068705249076,"Dnajc28","246738","DnaJ heat shock protein family (Hsp40) member C28","Down_in_KO_control"
"ENSMUSG00000091021",62.3721005838392,-1.25231523490688,0.334648452608614,-3.74218145981244,0.00018242970335524,0.00131199348150907,NA,NA,NA,"Down_in_KO_control"
"ENSMUSG00000034892",217.864951706198,-0.747139759574964,0.19972650082891,-3.74081434598897,0.000183424978034211,0.00131813810059684,"Rps29","20090","ribosomal protein S29","Down_in_KO_control"
"ENSMUSG00000029376",591.54252482996,-0.638212404972584,0.170624164795965,-3.7404573129238,0.000183685741618113,0.00131950529094041,"Mthfd2l","665563","methylenetetrahydrofolate dehydrogenase (NADP+ dependent) 2-like","Down_in_KO_control"
"ENSMUSG00000064105",67.0960015330567,-1.04278743783147,0.278817248316425,-3.74003919817769,0.000183991560005801,0.00132119495870628,"Cnnm2","94219","cyclin M2","Down_in_KO_control"
"ENSMUSG00000019932",13.1212777949065,-4.60524075366325,1.23144470967541,-3.73970566236557,0.000184235858626287,0.00132244174241416,"Kera","16545","keratocan","Down_in_KO_control"
"ENSMUSG00000067599",34.7556129547093,1.62266980282515,0.434077155074477,3.73820594761947,0.000185338098995293,0.00132851348167216,"Klra7","16638","killer cell lectin-like receptor, subfamily A, member 7","Up_in_KO_control"
"ENSMUSG00000097908",106.349102662417,1.05172761327889,0.281338029606705,3.73830589042353,0.000185264452000615,0.00132851348167216,"4933404O12Rik","66752","RIKEN cDNA 4933404O12 gene","Up_in_KO_control"
"ENSMUSG00000071528",1065.84581202338,-0.736003417908868,0.19688762533169,-3.73819033404943,0.000185349606986329,0.00132851348167216,"Atp5mk","66477","ATP synthase membrane subunit k","Down_in_KO_control"
"ENSMUSG00000062960",532.425252906038,0.681017825061163,0.182179543149215,3.73816847538899,0.000185365719053385,0.00132851348167216,"Kdr","16542","kinase insert domain protein receptor","Up_in_KO_control"
"ENSMUSG00000041828",49.7483248509026,-1.43385865633188,0.383602120271634,-3.73787990357442,0.000185578549437489,0.00132952963079009,"Abca8a","217258","ATP-binding cassette, sub-family A member 8a","Down_in_KO_control"
"ENSMUSG00000018566",17.9054645095403,-2.32291094154255,0.621878533423715,-3.73531295372732,0.000187481887869764,0.00134265157585415,"Slc2a4","20528","solute carrier family 2 (facilitated glucose transporter), member 4","Down_in_KO_control"
"ENSMUSG00000063935",6.53406843570279,-5.38662050414227,1.44215258242429,-3.7351252355609,0.000187621794437445,0.00134306457802375,"Zar1","317755","zygote arrest 1","Down_in_KO_control"
"ENSMUSG00000078519",26.4446750162135,-1.69416245770653,0.453585795105079,-3.73504301940068,0.000187683101134618,0.00134306457802375,NA,NA,NA,"Down_in_KO_control"
"ENSMUSG00000042734",499.834089235758,-0.642026166312008,0.171941413065233,-3.73398214465313,0.000188475861906344,0.00134822201982164,"Ttc9","69480","tetratricopeptide repeat domain 9","Down_in_KO_control"
"ENSMUSG00000078238",3344.06000861559,-0.66059529995216,0.177088117455981,-3.73031973823069,0.000191236926288471,0.00136692765532321,NA,NA,NA,"Down_in_KO_control"
"ENSMUSG00000062310",189.164503543569,2.48409138404476,0.666086483598219,3.72938266308246,0.000191949464035581,0.00137149687686057,"Glrp1","14659","glutamine repeat protein 1","Up_in_KO_control"
"ENSMUSG00000094242",206.217789296617,-0.745252527610051,0.200012665933515,-3.72602667001986,0.000194521831478698,0.00138881611310983,"Gm5456","432817","esterase D/formylglutathione hydrolase pseudogene","Down_in_KO_control"
"ENSMUSG00000073400",12.2304365372944,-3.14378149163502,0.8438216570566,-3.72564684177588,0.000194815001699582,0.00139037876689713,"Trim10","19824","tripartite motif-containing 10","Down_in_KO_control"
"ENSMUSG00000028864",107.075122512134,-1.15838443794113,0.311115272342734,-3.72332874956075,0.000196613238563097,0.00140214311479849,"Hgf","15234","hepatocyte growth factor","Down_in_KO_control"
"ENSMUSG00000109511",1051.31099475701,0.586839714758136,0.157757110197204,3.71989391809066,0.000199306472410339,0.00141864664062939,"Nup62","18226","nucleoporin 62","Up_in_KO_control"
"ENSMUSG00000027966",1538.26062504562,-1.26873862365062,0.341267228848524,-3.71772768200302,0.000201022789367962,0.00142977554444799,"Col11a1","12814","collagen, type XI, alpha 1","Down_in_KO_control"
"ENSMUSG00000038379",451.455252569967,0.626077772038091,0.168468927022279,3.71628040318258,0.000202177200805562,0.00143743995390368,"Ttk","22137","Ttk protein kinase","Up_in_KO_control"
"ENSMUSG00000000938",38.7254574903374,4.38217628762062,1.17929414474044,3.71593152324615,0.000202456412447559,0.00143833213596476,"Hoxa10","15395","homeobox A10","Up_in_KO_control"
"ENSMUSG00000062515",725.653497226939,-1.69063324993859,0.45495769807429,-3.71602295574856,0.000202383203215789,0.00143833213596476,"Fabp4","11770","fatty acid binding protein 4, adipocyte","Down_in_KO_control"
"ENSMUSG00000068747",64.752777266616,-1.30613621440962,0.351828017669557,-3.71242808648731,0.00020528039764065,0.00145618350305136,"Sort1","20661","sortilin 1","Down_in_KO_control"
"ENSMUSG00000041977",447.758075046849,0.835764763527316,0.225136134194079,3.71226398871558,0.000205413573407172,0.00145657605121956,"Arhgef11","213498","Rho guanine nucleotide exchange factor 11","Up_in_KO_control"
"ENSMUSG00000035456",18.0711046951749,-2.33214849394782,0.628365021442316,-3.7114549893225,0.000206071314914756,0.00146068655909084,"Prdm8","77630","PR domain containing 8","Down_in_KO_control"
"ENSMUSG00000047694",611.579463164619,0.647031228327623,0.174346114260418,3.71118812181363,0.00020628872001479,0.00146167391807526,"Yipf6","77929","Yip1 domain family, member 6","Up_in_KO_control"
"ENSMUSG00000038227",14.7331965909053,3.10707856319432,0.837300548280398,3.71082829167551,0.0002065821987316,0.00146319935081924,"Hoxa9","15405","homeobox A9","Up_in_KO_control"
"ENSMUSG00000047108",8.97968810760616,-3.70743106998797,0.999501251239449,-3.70928106932383,0.000207848592901052,0.00147161207679054,"Dnajb7","57755","DnaJ heat shock protein family (Hsp40) member B7","Down_in_KO_control"
"ENSMUSG00000043421",800.277928324061,-1.31194948678429,0.353763891068634,-3.70854550141115,0.000208453205672487,0.00147533465875539,"Hilpda","69573","hypoxia inducible lipid droplet associated","Down_in_KO_control"
"ENSMUSG00000045455",275.407685330746,0.712840925076437,0.192281369217804,3.70728026316984,0.000209497056133743,0.00148190432668784,NA,NA,NA,"Up_in_KO_control"
"ENSMUSG00000037440",71.8288807986873,-1.18131991381566,0.318849728051513,-3.70494251644715,0.000211438677802994,0.00149251300555542,"Vnn1","22361","vanin 1","Down_in_KO_control"
"ENSMUSG00000031342",916.925814304874,0.851134270442526,0.229759570445944,3.70445622260934,0.000211844688045922,0.00149304863117708,"Gpm6b","14758","glycoprotein m6b","Up_in_KO_control"
"ENSMUSG00000094463",149.547322639694,1.00385852244173,0.271042683219101,3.70369164929732,0.00021248451662214,0.00149650837770046,"Gm8546","100534278","acylglycerol kinase pseudogene","Up_in_KO_control"
"ENSMUSG00000039382",550.034547162487,-0.611716273329612,0.16517578348957,-3.70342589213895,0.000212707338596864,0.00149751408094925,"Wdr45","54636","WD repeat domain 45","Down_in_KO_control"
"ENSMUSG00000039813",111.240432903746,0.897525716684391,0.24244495887935,3.70197722746232,0.000213925823052128,0.00150552611010698,"Tbc1d2","381605","TBC1 domain family, member 2","Up_in_KO_control"
"ENSMUSG00000028463",271.554596536523,-2.55738753331547,0.691369234971184,-3.69901841730354,0.000216434896909815,0.00152146740265716,"Car9","230099","carbonic anhydrase 9","Down_in_KO_control"
"ENSMUSG00000026799",280.021849844559,-0.631026282812078,0.170697263726579,-3.69675687258144,0.000218371292293644,0.00153277644136945,"Med27","68975","mediator complex subunit 27","Down_in_KO_control"
"ENSMUSG00000104063",17.9969012507073,2.20449203930775,0.59638721675123,3.69641061610365,0.000218669198313125,0.00153426146269196,"Pcdhgb7","93704","protocadherin gamma subfamily B, 7","Up_in_KO_control"
"ENSMUSG00000070522",83.2641886598354,1.21920061793581,0.329841699358176,3.69632044798518,0.000218746838158614,0.00153426146269196,NA,NA,NA,"Up_in_KO_control"
"ENSMUSG00000041731",38.4906319374447,1.75474874109587,0.474791576185519,3.69582955787367,0.000219169976484473,0.00153607781646215,"Pgm5","226041","phosphoglucomutase 5","Up_in_KO_control"
"ENSMUSG00000024055",226.021647689246,-0.703334223778357,0.190432427365887,-3.69335324612025,0.000221316253244922,0.00154937936661886,"Cyp4f13","170716","cytochrome P450, family 4, subfamily f, polypeptide 13","Down_in_KO_control"
"ENSMUSG00000035296",42.8538286732117,-2.0654766009825,0.559408639004968,-3.69225009584481,0.00022227871827098,0.00155495388972144,"Sgcg","24053","sarcoglycan, gamma (dystrophin-associated glycoprotein)","Down_in_KO_control"
"ENSMUSG00000023092",1216.43025939781,-1.52075108211479,0.412078012583061,-3.69044461407232,0.000223862428689207,0.00156427842720729,"Fhl1","14199","four and a half LIM domains 1","Down_in_KO_control"
"ENSMUSG00000028179",554.166650128853,-2.11360335047851,0.572790965951641,-3.69000818119913,0.000224246840027531,0.00156637966309638,"Cth","107869","cystathionine gamma lyase","Down_in_KO_control"
"ENSMUSG00000032666",573.163915761835,0.627963767713567,0.170214215416643,3.68925571919163,0.000224911066236043,0.00157010912185942,"1700025G04Rik","69399","RIKEN cDNA 1700025G04 gene","Up_in_KO_control"
"ENSMUSG00000086021",9.50878609257931,4.57684937392752,1.24167150859184,3.6860388132108,0.000227771628498808,0.00158744524547419,"Gm15767","102639797","predicted gene 15767","Up_in_KO_control"
"ENSMUSG00000004730",920.225443230205,0.807723676170704,0.219148217667914,3.6857414802008,0.000228037742193835,0.0015881169593127,"Adgre1","13733","adhesion G protein-coupled receptor E1","Up_in_KO_control"
"ENSMUSG00000081111",265.918074878499,0.862472044742248,0.234065882147445,3.68474053898617,0.000228935733020619,0.00159377766816028,"Gm5913","546090","Ras-GTPase-activating protein SH3-domain binding protein 1 pseudogene","Up_in_KO_control"
"ENSMUSG00000081113",186.775568459451,0.919841175639876,0.24966468568569,3.68430630512916,0.000229326335681731,0.00159590320550845,NA,NA,NA,"Up_in_KO_control"
"ENSMUSG00000107770",133.093704465341,1.28481462061754,0.348767109276636,3.68387553310953,0.000229714442290501,0.00159741596379864,"Gm44126","118567384","predicted gene, 44126","Up_in_KO_control"
"ENSMUSG00000091931",285.061667009543,-0.74436011908405,0.202058057692459,-3.68389228118286,0.000229699341503943,0.00159741596379864,"Gon7","100233175","GON7 subunit of KEOPS complex","Down_in_KO_control"
"ENSMUSG00000035726",1200.88826200329,0.779253337236829,0.211682671288202,3.68123348262121,0.000232108330820668,0.00161067025960755,"Supt16","114741","SPT16, facilitates chromatin remodeling subunit","Up_in_KO_control"
"ENSMUSG00000040584",221.792570192106,-0.888681397608383,0.241744449802802,-3.67611913462049,0.000236808966810121,0.00164004670463279,"Abcb1a","18671","ATP-binding cassette, sub-family B member 1A","Down_in_KO_control"
"ENSMUSG00000040502",118.970138726164,-1.14857484697208,0.312715755615772,-3.67290367161197,0.000239809901035957,0.00165898805104838,"Marchf9","216438","membrane associated ring-CH-type finger 9","Down_in_KO_control"
"ENSMUSG00000089810",207.996024781607,0.689381962197965,0.187857407454812,3.66970869841154,0.000242827022989674,0.00167614241283872,NA,NA,NA,"Up_in_KO_control"
"ENSMUSG00000000440",90.0703944478103,-1.53413597263847,0.418066737703415,-3.66959586659777,0.000242934222141008,0.00167626404827607,"Pparg","19016","peroxisome proliferator activated receptor gamma","Down_in_KO_control"
"ENSMUSG00000026708",270.32884250794,0.622619500471246,0.169679283644576,3.66939019954514,0.000243129736338903,0.00167699474976406,"Cenpl","70454","centromere protein L","Up_in_KO_control"
"ENSMUSG00000053137",395.492885977912,0.661426596172501,0.180264196461273,3.66920669304734,0.000243304308550677,0.00167758051802093,"Mapk11","19094","mitogen-activated protein kinase 11","Up_in_KO_control"
"ENSMUSG00000083283",578.568333288421,-0.665818340422864,0.181474145114502,-3.66894325361204,0.000243555127629291,0.00167869138244086,NA,NA,NA,"Down_in_KO_control"
"ENSMUSG00000002688",255.612676553325,-0.689373262841409,0.18792352578193,-3.66837126949912,0.000244100545513667,0.00168183118858514,"Prkd1","18760","protein kinase D1","Down_in_KO_control"
"ENSMUSG00000043219",9.34131202056149,4.00536398371844,1.09211317968426,3.66753561647925,0.000244899446117771,0.00168671451424433,"Hoxa6","15403","homeobox A6","Up_in_KO_control"
"ENSMUSG00000020363",274.170501673325,-2.2084745158569,0.603043114551795,-3.66221661862158,0.000250042283849894,0.00171852005293968,"Gfpt2","14584","glutamine fructose-6-phosphate transaminase 2","Down_in_KO_control"
"ENSMUSG00000028558",57.2021898014416,-1.08279701150397,0.29568232939671,-3.66202814254487,0.000250226362822474,0.00171883125169712,"Calr4","108802","calreticulin 4","Down_in_KO_control"
"ENSMUSG00000020620",127.387579108215,-0.855242494188668,0.233657309744224,-3.66024283650646,0.000251976333247712,0.00172782452329221,"Abca8b","27404","ATP-binding cassette, sub-family A member 8b","Down_in_KO_control"
"ENSMUSG00000038349",158.804977399292,-0.819248934059987,0.223910061626891,-3.65883037192464,0.00025336896734323,0.00173483113278224,"Plcl1","227120","phospholipase C-like 1","Down_in_KO_control"
"ENSMUSG00000080746",118.278112383308,1.526119402563,0.417131118497722,3.65860837249268,0.000253588505280526,0.00173569923164392,"Rpsa-ps12","666774","ribosomal protein SA, pseudogene 12","Up_in_KO_control"
"ENSMUSG00000021120",79.4109571676426,1.0042438814032,0.274677349339944,3.65608552658756,0.000256095943107096,0.00174966169527677,"Pigh","110417","phosphatidylinositol glycan anchor biosynthesis, class H","Up_in_KO_control"
"ENSMUSG00000059323",207.507196204169,0.766827229366798,0.20982780952049,3.65455480433788,0.000257628629579183,0.00175949070996907,"Tonsl","72749","tonsoku-like, DNA repair protein","Up_in_KO_control"
"ENSMUSG00000030149",76.2496644666925,1.62526375363854,0.444969941456213,3.65252481621497,0.000259674491987571,0.00177152343002677,"Klrk1","27007","killer cell lectin-like receptor subfamily K, member 1","Up_in_KO_control"
"ENSMUSG00000009654",20.9243754370551,-2.42127367757306,0.663642210311079,-3.64846243947939,0.000263814462824989,0.00179795577322599,"Oit3","18302","oncoprotein induced transcript 3","Down_in_KO_control"
"ENSMUSG00000020911",57.3317022211014,-4.29144103087032,1.17664990243977,-3.64716898541535,0.000265145556953866,0.00180591321450114,"Krt19","16669","keratin 19","Down_in_KO_control"
"ENSMUSG00000063383",79.365804548013,0.967052994969236,0.265155376411141,3.6471181842821,0.000265197964700964,0.00180591321450114,"Zfp947","210853","zinc finger protein 947","Up_in_KO_control"
"ENSMUSG00000037321",389.581409701348,1.08461656395458,0.297504875260677,3.64571021904842,0.000266654327716253,0.00181450997620154,"Tap1","21354","transporter 1, ATP-binding cassette, sub-family B (MDR/TAP)","Up_in_KO_control"
"ENSMUSG00000026271",98.4789549992985,1.24650450814441,0.342044663360142,3.64427410122156,0.000268147532359726,0.00182164674651881,"Gpr35","64095","G protein-coupled receptor 35","Up_in_KO_control"
"ENSMUSG00000083307",249.842584970637,-0.731951614032442,0.200852007189699,-3.64423350442864,0.000268189856605532,0.00182164674651881,"AA414768","245350","expressed sequence AA414768","Down_in_KO_control"
"ENSMUSG00000117406",17.2306408863101,2.23250163024394,0.612748713451523,3.64342116308754,0.000269038081721439,0.00182674514631832,"Ntn3","18209","netrin 3","Up_in_KO_control"
"ENSMUSG00000030346",421.628469689183,0.677623954893298,0.186016622460149,3.64281399119838,0.00026967371589788,0.00183039689720603,"Rad51ap1","19362","RAD51 associated protein 1","Up_in_KO_control"
"ENSMUSG00000021217",347.313278416108,0.956542069472956,0.262595495477654,3.64264462241834,0.000269851275086015,0.00183093796616555,"Tshz3","243931","teashirt zinc finger family member 3","Up_in_KO_control"
"ENSMUSG00000038543",203.97443293309,-0.999106246687395,0.274323440045307,-3.64207392019575,0.000270450382637778,0.00183367319213795,"BC028528","229600","cDNA sequence BC028528","Down_in_KO_control"
"ENSMUSG00000057666",344.528817503316,-1.04237287421175,0.286388735285505,-3.63971324910035,0.000272941819671275,0.0018492252974325,"Gapdh","14433","glyceraldehyde-3-phosphate dehydrogenase","Down_in_KO_control"
"ENSMUSG00000024236",897.245711968547,0.640405532870667,0.176079555271573,3.63702379803804,0.000275806457599618,0.00186660623546534,"Svil","225115","supervillin","Up_in_KO_control"
"ENSMUSG00000037270",797.062211052647,0.630593957508504,0.173398058608318,3.63668406999255,0.00027617031285838,0.00186786958533995,"Bltp1","229227","bridge-like lipid transfer protein family member 1","Up_in_KO_control"
"ENSMUSG00000040446",287.673395379096,0.599540689420034,0.164895191007901,3.63588947473493,0.000277023096931759,0.00187213189342145,"Rprd1a","225283","regulation of nuclear pre-mRNA domain containing 1A","Up_in_KO_control"
"ENSMUSG00000045257",120.686700751915,-0.853544189742256,0.235057114726051,-3.6312203982297,0.000282084155041322,0.00190564649577194,"Morn2","378462","MORN repeat containing 2","Down_in_KO_control"
"ENSMUSG00000051319",355.536676290394,-0.741628773264924,0.204335539468553,-3.62946541357314,0.000284008779372979,0.00191726417330684,"Mtln","67885","mitoregulin","Down_in_KO_control"
"ENSMUSG00000040102",860.396506470302,0.619145163737611,0.170639978717513,3.62837107922159,0.000285215114562161,0.00192401962465815,"Klhl42","232539","kelch-like 42","Up_in_KO_control"
"ENSMUSG00000037649",450.047120171242,0.784946299154507,0.216379317339121,3.62764014974822,0.000286023524115579,0.00192600151377288,"H2-DMa","14998","histocompatibility 2, class II, locus DMa","Up_in_KO_control"
"ENSMUSG00000081254",160.882944969352,0.962689381922917,0.265449769286279,3.62663484135368,0.000287138904598621,0.00193212165471197,NA,NA,NA,"Up_in_KO_control"
"ENSMUSG00000001128",1934.51332722809,-0.699283365262847,0.192842585219952,-3.62618746510404,0.000287636573532178,0.00193477469464689,"Cfp","18636","complement factor properdin","Down_in_KO_control"
"ENSMUSG00000043889",248.382517928456,0.963326846076054,0.265706636376004,3.62552798535616,0.000288371663787505,0.00193902225815867,NA,NA,NA,"Up_in_KO_control"
"ENSMUSG00000057315",480.952121023733,-0.668500790649029,0.184539778134002,-3.62252950235804,0.000291736175339565,0.00195882994227818,"Arhgap24","231532","Rho GTPase activating protein 24","Down_in_KO_control"
"ENSMUSG00000079435",908.264158975008,-0.816916936109733,0.225562350975918,-3.62169011173745,0.000292684598459644,0.00196449314597393,"Rpl36a","19982","ribosomal protein L36A","Down_in_KO_control"
"ENSMUSG00000030000",248.381863021959,-1.80684547750767,0.49915900217147,-3.61977940825955,0.000294854272955897,0.00197622063389101,"Add2","11519","adducin 2","Down_in_KO_control"
"ENSMUSG00000027820",3144.49141002884,-1.16719880968076,0.322602095519039,-3.61807572205269,0.000296801568070508,0.00198855987944985,"Mme","17380","membrane metallo endopeptidase","Down_in_KO_control"
"ENSMUSG00000031433",151.757935381855,1.06534501961257,0.294483620322018,3.61767156505213,0.000297265279563257,0.00199088351782134,"Rbm41","237073","RNA binding motif protein 41","Up_in_KO_control"
"ENSMUSG00000027712",17170.7082348632,0.610725627593757,0.168823924629911,3.61753009197343,0.000297427759658202,0.00199088351782134,"Anxa5","11747","annexin A5","Up_in_KO_control"
"ENSMUSG00000016995",8.64420567678522,3.73610401712958,1.03332008399773,3.6156308921,0.000299617036307898,0.00200455259221655,"Matn4","17183","matrilin 4","Up_in_KO_control"
"ENSMUSG00000030522",432.590556635851,0.640801109693396,0.177278308320327,3.61466169078916,0.000300740077220826,0.0020106284619626,"Mtmr10","233315","myotubularin related protein 10","Up_in_KO_control"
"ENSMUSG00000030527",470.261118207352,0.589989131848538,0.16327340199102,3.61350424903247,0.000302086402587279,0.00201746711335323,"Crtc3","70461","CREB regulated transcription coactivator 3","Up_in_KO_control"
"ENSMUSG00000068122",30.5299719770155,1.62436639902345,0.449557522997164,3.6132559593129,0.000302375945164305,0.00201868036455927,"Agtr2","11609","angiotensin II receptor, type 2","Up_in_KO_control"
"ENSMUSG00000000915",332.330090086671,0.701937703183385,0.19429207201735,3.61279642496532,0.000302912516001297,0.00202154133806429,"Hip1r","29816","huntingtin interacting protein 1 related","Up_in_KO_control"
"ENSMUSG00000047115",61.9112092964852,1.0590919507413,0.293158392445554,3.61269531431887,0.000303030696487357,0.00202160906358927,"Fam221a","231946","family with sequence similarity 221, member A","Up_in_KO_control"
"ENSMUSG00000099375",5.37508869594993,5.35222041323963,1.48223321804301,3.61091651980797,0.000305116867672175,0.00203407621829334,NA,NA,NA,"Up_in_KO_control"
"ENSMUSG00000097756",58.2186808987695,1.13862827456204,0.315370168794905,3.61045015422029,0.000305666042481443,0.00203628645530624,"A730056A06Rik","319783","RIKEN cDNA A730056A06 gene","Up_in_KO_control"
"ENSMUSG00000061474",162.907024915762,-0.742867853781565,0.205852659535339,-3.60873576012282,0.000307692814651419,0.00204905894682278,"Mrps36","66128","mitochondrial ribosomal protein S36","Down_in_KO_control"
"ENSMUSG00000030319",241.113246428274,1.0063100220979,0.278865025708322,3.60859171759476,0.000307863674827168,0.00204946743046631,"Cand2","67088","cullin associated and neddylation dissociated 2 (putative)","Up_in_KO_control"
"ENSMUSG00000029663",9.26065509738289,3.48123917351401,0.965754531520585,3.60468323978018,0.000312533878158038,0.0020761258295958,"Gngt1","14699","guanine nucleotide binding protein (G protein), gamma transducing activity polypeptide 1","Up_in_KO_control"
"ENSMUSG00000047735",1185.11845643251,0.845991360559996,0.23470232223598,3.60452914355658,0.000312719358383591,0.00207662077836484,"Samd9l","209086","sterile alpha motif domain containing 9-like","Up_in_KO_control"
"ENSMUSG00000055897",311.678289632778,-0.678150740226166,0.188156187305742,-3.60419048630175,0.000313127350435714,0.00207859244721657,NA,NA,NA,"Down_in_KO_control"
"ENSMUSG00000029438",277.842601742661,0.672603890682782,0.186627023907135,3.60400051718913,0.000313356430884201,0.00207863838749949,"Bcl7a","77045","B cell CLL/lymphoma 7A","Up_in_KO_control"
"ENSMUSG00000024552",7.81059814656511,-4.61410523344374,1.28054123152224,-3.60324612738845,0.000314267686000167,0.0020839444394476,"Slc14a2","27411","solute carrier family 14 (urea transporter), member 2","Down_in_KO_control"
"ENSMUSG00000022525",16.5689782344924,2.38768222955513,0.662822390016135,3.60229567606641,0.000315419302906894,0.00209084003375724,"Plaat1","27281","phospholipase A and acyltransferase 1","Up_in_KO_control"
"ENSMUSG00000029536",380.092684033608,0.582136959187621,0.161621703212189,3.60184893252454,0.000315961964702322,0.00209369555434651,"Gatc","384281","glutamyl-tRNA amidotransferase subunit C","Up_in_KO_control"
"ENSMUSG00000052751",348.154893349658,0.726253085271245,0.201695444411768,3.60074114410127,0.00031731137432227,0.00210189300803279,"Repin1","58887","replication initiator 1","Up_in_KO_control"
"ENSMUSG00000058427",90.0353200242135,-2.79802675052109,0.777190581210415,-3.60018098284642,0.000317995764948319,0.00210568108615637,"Cxcl2","20310","C-X-C motif chemokine ligand 2","Down_in_KO_control"
"ENSMUSG00000103649",99.7772565513704,0.822124835451644,0.228447637751737,3.5987451809201,0.00031975630611209,0.00211584149797579,NA,NA,NA,"Up_in_KO_control"
"ENSMUSG00000028328",14.9659833683948,-2.53915253004092,0.705699690869781,-3.59806382642933,0.000320594952699175,0.00212064098616461,"Tmod1","21916","tropomodulin 1","Down_in_KO_control"
"ENSMUSG00000017969",587.427574372862,1.86039131084859,0.517387639002912,3.59573977150645,0.00032347103428952,0.00213513702457135,"Ptgis","19223","prostaglandin I2 (prostacyclin) synthase","Up_in_KO_control"
"ENSMUSG00000035686",12.8356184049525,-4.09253555179401,1.13842781043376,-3.59490124387832,0.000324514650440566,0.0021412703292293,"Thrsp","21835","thyroid hormone responsive","Down_in_KO_control"
"ENSMUSG00000027261",356.257702797435,-0.685257034855784,0.190724094921458,-3.59292324935652,0.000326988923685143,0.00215607601441863,"Hao1","15112","hydroxyacid oxidase 1, liver","Down_in_KO_control"
"ENSMUSG00000026768",64.4333655195473,-1.41842986650222,0.394879943064153,-3.59205346185886,0.000328082520021471,0.00216252490213518,"Itga8","241226","integrin alpha 8","Down_in_KO_control"
"ENSMUSG00000029130",9.61305570026405,-3.31490237541582,0.923789204453252,-3.5883753127184,0.000332745061260916,0.00218786308200123,"Rnf32","56874","ring finger protein 32","Down_in_KO_control"
"ENSMUSG00000022528",1258.1079355275,-0.709596443756261,0.197909641046097,-3.58545667611505,0.000336488862813363,0.00220859911954629,"Hes1","15205","hes family bHLH transcription factor 1","Down_in_KO_control"
"ENSMUSG00000024830",373.621024707705,-0.662921634446485,0.184906586667518,-3.58517047117682,0.000336858098581319,0.00220947269497099,"Rps6kb2","58988","ribosomal protein S6 kinase, polypeptide 2","Down_in_KO_control"
"ENSMUSG00000031825",145.284765238315,1.12983212916811,0.315209565953294,3.58438401369938,0.000337874668026108,0.00221469797299051,"Crispld2","78892","cysteine-rich secretory protein LCCL domain containing 2","Up_in_KO_control"
"ENSMUSG00000055407",393.978545555939,0.871735983630733,0.243204727351105,3.58437104872654,0.000337891450482974,0.00221469797299051,"Map6","17760","microtubule-associated protein 6","Up_in_KO_control"
"ENSMUSG00000073008",7.63487182834608,5.25036668603833,1.46489466413825,3.58412574949677,0.000338209124093632,0.00221600397029556,"Gpr174","213439","G protein-coupled receptor 174","Up_in_KO_control"
"ENSMUSG00000101223",4.63118052952809,5.3556633242729,1.49445456338987,3.58369097025248,0.000338772869572774,0.002218823768824,NA,NA,NA,"Up_in_KO_control"
"ENSMUSG00000079008",8.50079076665983,-4.5293871696653,1.26391707730776,-3.58361102242027,0.00033887662754764,0.002218823768824,"Zfp1005","100216455","zinc finger protein 1005","Down_in_KO_control"
"ENSMUSG00000026622",577.405579920173,0.58583342472094,0.16351677006927,3.58271157430987,0.000340046000849583,0.00222570157883814,"Nek2","18005","NIMA (never in mitosis gene a)-related expressed kinase 2","Up_in_KO_control"
"ENSMUSG00000028270",1036.11442995092,1.47067877307773,0.410520569018683,3.5824728017728,0.000340357062751084,0.00222618025699442,"Gbp2","14469","guanylate binding protein 2","Up_in_KO_control"
"ENSMUSG00000110768",118.816626376111,1.08449585701483,0.302717358906672,3.58253606906363,0.000340274615115096,0.00222618025699442,NA,NA,NA,"Up_in_KO_control"
"ENSMUSG00000105565",29.4215682013923,-1.56917037482445,0.438110700223754,-3.58167553091726,0.000341397640158995,0.00223064736043829,NA,NA,NA,"Down_in_KO_control"
"ENSMUSG00000039611",25.8444631993009,-1.60591360226018,0.448444856107183,-3.58107263443859,0.00034218650062043,0.00223354916249012,"Pgap4","67063","post-GPI attachment to proteins GalNAc transferase 4","Down_in_KO_control"
"ENSMUSG00000035245",679.251857292667,0.612005779973267,0.170904963951385,3.58097135287046,0.000342319189762287,0.00223354916249012,"Eogt","101351","EGF domain specific O-linked N-acetylglucosamine transferase","Up_in_KO_control"
"ENSMUSG00000039457",47.6513475970096,-1.76806198144854,0.493851269467179,-3.58015072707238,0.000343396069272068,0.0022390141617729,"Ppl","19041","periplakin","Down_in_KO_control"
"ENSMUSG00000026972",306.219349003853,-0.586589196616042,0.163842022494109,-3.58021213170224,0.000343315380484032,0.0022390141617729,"Arrdc1","215705","arrestin domain containing 1","Down_in_KO_control"
"ENSMUSG00000027499",127.965199741438,-1.17401917460223,0.327946891882616,-3.57990639235104,0.000343717313222771,0.00224032813735204,"Pkia","18767","protein kinase inhibitor, alpha","Down_in_KO_control"
"ENSMUSG00000071657",372.709393866521,-0.596884797709065,0.166767721734325,-3.57913864566642,0.000344728553977005,0.00224613698836062,"Bscl2","14705","BSCL2 lipid droplet biogenesis associated, seipin","Down_in_KO_control"
"ENSMUSG00000014592",447.855299015843,-0.583055551897499,0.162973580804196,-3.57760778784144,0.000346753242530632,0.00225618686629893,"Camta1","100072","calmodulin binding transcription activator 1","Down_in_KO_control"
"ENSMUSG00000034320",370.785736913003,0.588229514718186,0.164442827212144,3.57710655241488,0.000347418582267376,0.00225816044806162,"Slc26a2","13521","solute carrier family 26 (sulfate transporter), member 2","Up_in_KO_control"
"ENSMUSG00000074129",1931.94796436241,-0.600938244665511,0.168010558232092,-3.57678857203347,0.000347841288195437,0.00226012292569487,"Rpl13a","22121","ribosomal protein L13A","Down_in_KO_control"
"ENSMUSG00000004748",46.3066435964955,1.19435255589901,0.333955467797531,3.57638269490204,0.000348381538247836,0.00226284752698082,"Mtfp1","67900","mitochondrial fission process 1","Up_in_KO_control"
"ENSMUSG00000057778",118.566958537973,0.926265119988189,0.259045150519922,3.57568986768951,0.000349305552092623,0.00226688286402428,"Cyb5d2","192986","cytochrome b5 domain containing 2","Up_in_KO_control"
"ENSMUSG00000084131",30.3260119166911,2.01820022863657,0.564810647053842,3.57323332901723,0.000352600308850971,0.00228707437765276,"Rpl3-ps2","628388","ribosomal protein L3, pseudogene 2","Up_in_KO_control"
"ENSMUSG00000024666",283.395009348017,-0.626808741909556,0.175589037541797,-3.56974871942305,0.000357323817206575,0.00231370262677738,"Tmem138","72982","transmembrane protein 138","Down_in_KO_control"
"ENSMUSG00000022820",136.812459394065,-0.932403228051748,0.261219843955339,-3.56941958900779,0.000357773010158972,0.00231580987170696,"Ndufb4","68194","NADH:ubiquinone oxidoreductase subunit B4","Down_in_KO_control"
"ENSMUSG00000022223",60.5132038935241,1.19589818998004,0.335111435198514,3.5686582562353,0.00035881409164234,0.00232014101482485,"Sdr39u1","654795","short chain dehydrogenase/reductase family 39U, member 1","Up_in_KO_control"
"ENSMUSG00000047227",95.2070977431234,-0.89225266414408,0.250132725759497,-3.56711686339669,0.000360930542826123,0.00232989421986148,"Gm527","217648","predicted gene 527","Down_in_KO_control"
"ENSMUSG00000039105",6189.37485425441,-0.591312231572073,0.165780608693098,-3.5668359299292,0.000361317541601451,0.002330890946503,"Atp6v1g1","66290","ATPase, H+ transporting, lysosomal V1 subunit G1","Down_in_KO_control"
"ENSMUSG00000097254",18.4976875853425,-1.89147816633799,0.5303736334283,-3.56631259007277,0.000362039501184488,0.00233454348231058,"C430042M11Rik","320021","RIKEN cDNA C430042M11 gene","Down_in_KO_control"
"ENSMUSG00000035828",1050.46536193631,-0.631864150272025,0.177292356833903,-3.56396723218018,0.000365291576421438,0.00235065380659366,"Pim3","223775","Pim3, proto-oncogene, serine/threonine kinase","Down_in_KO_control"
"ENSMUSG00000026618",2034.71466126239,0.703734073864593,0.19759078295964,3.56157338578055,0.000368639037011643,0.0023702323780148,"Iars2","381314","isoleucine-tRNA synthetase 2, mitochondrial","Up_in_KO_control"
"ENSMUSG00000028470",267.256521393838,-0.635529268110192,0.178443270134011,-3.56151995888054,0.000368714073232571,0.0023702323780148,"Hint2","68917","histidine triad nucleotide binding protein 2","Down_in_KO_control"
"ENSMUSG00000098050",62.7170706303665,1.31584981233855,0.369521695985229,3.56095413783539,0.000369509626079915,0.00237453078050599,"Gm5345","384808","glyceraldehyde-3-phosphate dehydrogenase pseudogene","Up_in_KO_control"
"ENSMUSG00000041132",154.994099300008,-0.718880672059718,0.201995091876907,-3.55890168112497,0.000372408899282763,0.00239151946886697,"N4bp2l1","100637","NEDD4 binding protein 2-like 1","Down_in_KO_control"
"ENSMUSG00000107002",1201.68972927815,-0.583579855142746,0.164021847371316,-3.55793977750797,0.00037377497789535,0.00239946866598823,"Ncbp2as2","106264","Ncbp2 antisense 2 (head to head)","Down_in_KO_control"
"ENSMUSG00000028403",556.014353912086,0.581596694700731,0.163792608485992,3.55081160301853,0.000384045218498027,0.00245949287260561,"Zdhhc21","68268","zinc finger, DHHC domain containing 21","Up_in_KO_control"
"ENSMUSG00000034903",614.408780111074,-0.587727514277288,0.165582505147654,-3.54945417544684,0.000386030646420164,0.0024705169242341,"Cobll1","319876","Cobl-like 1","Down_in_KO_control"
"ENSMUSG00000026582",74.4799442264111,-1.26718492449287,0.35707201572211,-3.54882171858311,0.000386958975289237,0.00247443286850496,"Sele","20339","selectin, endothelial cell","Down_in_KO_control"
"ENSMUSG00000078235",3.56758690331613,-5.59434592146837,1.57690076794186,-3.5476841886316,0.000388633910094554,0.0024837794943987,"Fam43b","625638","family with sequence similarity 43, member B","Down_in_KO_control"
"ENSMUSG00000035105",4120.15343113461,-1.53376637875982,0.432349157972454,-3.54751790416935,0.000388879319362264,0.0024844993865572,"Egln3","112407","egl-9 family hypoxia-inducible factor 3","Down_in_KO_control"
"ENSMUSG00000039814",113.091886224263,1.16814249482559,0.329437420710204,3.54587069163939,0.000391318176388119,0.00249837496920876,"Xkr5","319581","X-linked Kx blood group related 5","Up_in_KO_control"
"ENSMUSG00000089686",280.641867659462,-0.628928185671605,0.177374260547634,-3.5457691760339,0.000391468946609495,0.00249848512888932,NA,NA,NA,"Down_in_KO_control"
"ENSMUSG00000034488",1800.17539361862,-0.687592790835545,0.193959785642985,-3.54502758680696,0.00039257199714799,0.00250414786068824,"Edil3","13612","EGF-like repeats and discoidin I-like domains 3","Down_in_KO_control"
"ENSMUSG00000090394",354.195180238388,0.619432087082074,0.174734371791971,3.54499278378689,0.000392623834941447,0.00250414786068824,"4930523C07Rik","67647","RIKEN cDNA 4930523C07 gene","Up_in_KO_control"
"ENSMUSG00000117725",82.2394512852586,-1.02396060491761,0.288893964643182,-3.54441674190849,0.000393482757291343,0.00250763455657134,NA,NA,NA,"Down_in_KO_control"
"ENSMUSG00000032841",65.4055677749209,1.07274841543166,0.302731762444565,3.54356083011968,0.000394762230020714,0.00251350309982226,"Prr5l","72446","proline rich 5 like","Up_in_KO_control"
"ENSMUSG00000031077",190.23326057681,0.705526289147758,0.199319544651518,3.53967439761751,0.000400620973584996,0.00254820539724542,"Fadd","14082","Fas associated via death domain","Up_in_KO_control"
"ENSMUSG00000024910",66.8841715943104,1.12404086123189,0.317631765013766,3.53881753981116,0.000401923557568194,0.00255562199550581,"Ctsw","13041","cathepsin W","Up_in_KO_control"
"ENSMUSG00000039529",170.121771426872,-1.13870870079159,0.321878868518713,-3.53769325097956,0.000403638688799811,0.00256478464635343,"Atp8b1","54670","ATPase, class I, type 8B, member 1","Down_in_KO_control"
"ENSMUSG00000103309",44.0470680822777,-1.19084674813616,0.336731181892698,-3.53649086325374,0.000405480526569101,0.00257561340586816,"BC037039","100126030","cDNA sequence BC037039","Down_in_KO_control"
"ENSMUSG00000062198",177.499472710947,-0.660045215169296,0.186661511437964,-3.53605416609229,0.000406151407941594,0.00257812459186263,"Mettl28","72658","methyltransferase like 28","Down_in_KO_control"
"ENSMUSG00000061477",1406.35685544156,-0.619889995068255,0.17548148016644,-3.53250949604656,0.000411635442104556,0.0026111640773229,"Rps7","20115","ribosomal protein S7","Down_in_KO_control"
"ENSMUSG00000035236",882.715449227223,-0.602613531526188,0.170622765642735,-3.53184716738206,0.00041266778293893,0.00261593909963963,"Scai","320271","suppressor of cancer cell invasion","Down_in_KO_control"
"ENSMUSG00000001520",19.6538913649095,-1.91953752179739,0.543633943547622,-3.53093758140076,0.000414089453344488,0.00262317398119005,"Nrip2","60345","nuclear receptor interacting protein 2","Down_in_KO_control"
"ENSMUSG00000063754",239.478825374495,-0.868914260371172,0.24620827187313,-3.52918386437852,0.000416843409801981,0.00263883312842506,"Gm10136","672214","ribosomal protein L26 pseudogene","Down_in_KO_control"
"ENSMUSG00000086782",28.7866794118178,-1.74235012552328,0.493800650883515,-3.52844841821461,0.000418003403493433,0.00264438731899007,"E130102H24Rik","77866","RIKEN cDNA E130102H24 gene","Down_in_KO_control"
"ENSMUSG00000028834",14.3203205579686,3.85216405238144,1.09243507765656,3.5262178331411,0.000421540091594417,0.00266585999797443,"Trim63","433766","tripartite motif-containing 63","Up_in_KO_control"
"ENSMUSG00000056612",4079.55682193954,-0.593282749656026,0.168321503159082,-3.52469968792584,0.000423963135651127,0.00267666064690943,"Ppp1r14b","18938","protein phosphatase 1, regulatory inhibitor subunit 14B","Down_in_KO_control"
"ENSMUSG00000001021",46.286395610241,-1.31093275331648,0.372055028586344,-3.52349156063684,0.000425900660101903,0.0026862747045004,"S100a3","20197","S100 calcium binding protein A3","Down_in_KO_control"
"ENSMUSG00000048865",617.90252930803,0.650401860384956,0.184624341993271,3.52283915199362,0.000426950390014289,0.00269098101998565,"Arhgap30","226652","Rho GTPase activating protein 30","Up_in_KO_control"
"ENSMUSG00000058897",18.517569651499,-2.43766228903959,0.692819518760983,-3.51846653136885,0.000434048562134816,0.00273295785438385,"Col25a1","77018","collagen, type XXV, alpha 1","Down_in_KO_control"
"ENSMUSG00000041827",245.488072736984,1.81567226399174,0.516250579694875,3.5170367558035,0.000436393347963937,0.00274587381319743,"Oasl1","231655","2'-5' oligoadenylate synthetase-like 1","Up_in_KO_control"
"ENSMUSG00000090030",5.11562269615381,-5.24858731319398,1.49383309618315,-3.51350316618669,0.000442239143134459,0.00277891910190569,NA,NA,NA,"Down_in_KO_control"
"ENSMUSG00000030598",201.294523997762,0.838316247559515,0.238650411372689,3.51273749220719,0.000443515434070989,0.00278506856301021,"Fbxo17","50760","F-box protein 17","Up_in_KO_control"
"ENSMUSG00000028542",284.151838840499,-0.675914516744166,0.192470233622764,-3.51178727235786,0.000445104122726525,0.00279321130800294,"Slc6a9","14664","solute carrier family 6 (neurotransmitter transporter, glycine), member 9","Down_in_KO_control"
"ENSMUSG00000074340",66.2877699293143,-0.979179764045871,0.278841821068798,-3.51159578678938,0.00044542491304287,0.00279424619435844,"Ovgp1","12659","oviductal glycoprotein 1","Down_in_KO_control"
"ENSMUSG00000057457",165.261122304649,-1.02814155391227,0.292857909401145,-3.51071806807159,0.000446898093591164,0.00280254826587515,"Phex","18675","phosphate regulating endopeptidase homolog, X-linked","Down_in_KO_control"
"ENSMUSG00000105139",69.4788836433592,-1.08662867131831,0.309625630260117,-3.50949199652958,0.000448963570516554,0.00281455788779775,"Gm19391","105244530","predicted gene, 19391","Down_in_KO_control"
"ENSMUSG00000038151",311.043022303698,-0.893883837228373,0.254833750494391,-3.50771369763302,0.000451975183103943,0.00282964590211579,"Prdm1","12142","PR domain containing 1, with ZNF domain","Down_in_KO_control"
"ENSMUSG00000049230",282.890832424857,0.933732714929994,0.266351151432152,3.50564549809293,0.000455501463065766,0.00284886326148051,"Myef2l","100041480","myelin expression factor 2 like","Up_in_KO_control"
"ENSMUSG00000026822",24.36859766914,-2.37248586174547,0.676845413325703,-3.50521081333503,0.000456245858068543,0.00285256556700189,"Lcn2","16819","lipocalin 2","Down_in_KO_control"
"ENSMUSG00000041625",180.632585579444,0.644184119883098,0.1838501400193,3.50385438822876,0.000458576032334026,0.00286521979735113,"Ggact","223267","gamma-glutamylamine cyclotransferase","Up_in_KO_control"
"ENSMUSG00000019303",268.918044810658,0.65066566241004,0.185763125532979,3.50266319294098,0.000460631515140009,0.00287614198959459,"Psmc3ip","19183","proteasome (prosome, macropain) 26S subunit, ATPase 3, interacting protein","Up_in_KO_control"
"ENSMUSG00000025577",208.449319087328,0.727186021548506,0.207697975705699,3.50117048121308,0.000463219420022322,0.00288556092106448,"Cbx2","12416","chromobox 2","Up_in_KO_control"
"ENSMUSG00000031841",1920.97942559901,-0.753699559424804,0.215489136502118,-3.49762206883871,0.000469425832116626,0.00291742464177962,"Cdh13","12554","cadherin 13","Down_in_KO_control"
"ENSMUSG00000032577",243.548866939698,0.634538883019527,0.181416039358948,3.49770001187181,0.000469288675183499,0.00291742464177962,"Mapkapk3","102626","mitogen-activated protein kinase-activated protein kinase 3","Up_in_KO_control"
"ENSMUSG00000082154",46.7612643012997,1.72941180745894,0.494877895274255,3.49462326762548,0.000474731331431002,0.00294550643404123,NA,NA,NA,"Up_in_KO_control"
"ENSMUSG00000086158",73.9310751809232,-1.00157564487138,0.286598833269211,-3.49469547187783,0.000474602932660653,0.00294550643404123,"Pierce2","546143","piercer of microtubule wall 2","Down_in_KO_control"
"ENSMUSG00000023484",31.0436161146077,-2.17185665167239,0.621512508546243,-3.49446973601948,0.000475004460034339,0.00294622421631507,"Prph","19132","peripherin","Down_in_KO_control"
"ENSMUSG00000022876",104.026801881656,0.951261409910225,0.27225735649577,3.49397871981838,0.000475878949007297,0.0029496928694182,"Samsn1","67742","SAM domain, SH3 domain and nuclear localization signals, 1","Up_in_KO_control"
"ENSMUSG00000038538",682.607594382419,0.627936897577251,0.179774910118893,3.49290619676555,0.000477794314045065,0.002960584436664,"Ubn2","320538","ubinuclein 2","Up_in_KO_control"
"ENSMUSG00000050538",94.8267986317821,-0.921982597143797,0.263988344771496,-3.49251251202719,0.000478499178212601,0.00296298978222779,"B230217C12Rik","68127","RIKEN cDNA B230217C12 gene","Down_in_KO_control"
"ENSMUSG00000024622",368.585677170217,0.606745675017297,0.173726677513093,3.49253024177342,0.000478467413533582,0.00296298978222779,"Hmgxb3","106894","HMG box domain containing 3","Up_in_KO_control"
"ENSMUSG00000034205",4659.09652939295,-1.31008991945343,0.375170946563162,-3.49198127268329,0.000479451861523525,0.00296790694167705,"Loxl2","94352","lysyl oxidase-like 2","Down_in_KO_control"
"ENSMUSG00000021139",15.8318069840796,-2.25990153024114,0.647284904627336,-3.49135521944891,0.000480576847608041,0.00297093972556633,"S2bpcox16","105940408","synaptojanin 2 binding protein Cox16 readthrough","Down_in_KO_control"
"ENSMUSG00000004187",43.3130179291495,-1.21641436796945,0.348399174476819,-3.49143872053115,0.000480426658214499,0.00297093972556633,"Kifc2","16581","kinesin family member C2","Down_in_KO_control"
"ENSMUSG00000042684",361.147874082364,-0.783312269998834,0.224399371686694,-3.49070616424226,0.00048174576612315,0.00297619957790113,"Npl","74091","N-acetylneuraminate pyruvate lyase","Down_in_KO_control"
"ENSMUSG00000037466",282.59570984548,0.580590223757116,0.166559803954009,3.48577633963493,0.000490711098041327,0.00302559366644064,"Tedc1","104732","tubulin epsilon and delta complex 1","Up_in_KO_control"
"ENSMUSG00000108723",24.6927057199925,1.95397735649197,0.560640362124101,3.48525987156708,0.000491659292191031,0.00302744992917761,NA,NA,NA,"Up_in_KO_control"
"ENSMUSG00000034480",543.048339328783,0.633438444281527,0.181783488450032,3.48457634784384,0.000492916814184488,0.00303319708774559,"Diaph2","54004","diaphanous related formin 2","Up_in_KO_control"
"ENSMUSG00000102900",5.89862534933245,-4.60295738643698,1.32113331402121,-3.4840975831778,0.000493799413359563,0.00303762933011095,NA,NA,NA,"Down_in_KO_control"
"ENSMUSG00000025602",146.40514587085,0.772057877148832,0.221625280908419,3.48361826766444,0.000494684504021859,0.00304207398086133,"Zfp202","80902","zinc finger protein 202","Up_in_KO_control"
"ENSMUSG00000044795",124.587890140639,0.935589487724007,0.268863307358394,3.47979609756444,0.000501795530426691,0.00308276420251959,"Cyb5d1","327951","cytochrome b5 domain containing 1","Up_in_KO_control"
"ENSMUSG00000045502",13.0435132021346,-3.38531689993253,0.973305304460846,-3.47816546813931,0.000504858171389273,0.00309852770128156,"Hcar2","80885","hydroxycarboxylic acid receptor 2","Down_in_KO_control"
"ENSMUSG00000036218",5.53488906217607,5.44059882453583,1.56495595319495,3.47651882050005,0.000507968574926462,0.00311557389137951,"Pdzrn4","239618","PDZ domain containing RING finger 4","Up_in_KO_control"
"ENSMUSG00000107369",46.3721236963433,-1.40527252238236,0.404233229102316,-3.47639041328457,0.000508211876609488,0.0031160448384644,NA,NA,NA,"Down_in_KO_control"
"ENSMUSG00000035285",59.9991387703518,1.0545482088957,0.303479946133631,3.47485302515294,0.00051113331708478,0.00313190496483546,"Nat14","269854","N-acetyltransferase 14","Up_in_KO_control"
"ENSMUSG00000022425",929.696745406476,0.812078608400793,0.233723685928787,3.47452422365195,0.000511760154804018,0.00313471940322343,"Enpp2","18606","ectonucleotide pyrophosphatase/phosphodiesterase 2","Up_in_KO_control"
"ENSMUSG00000073940",690.502015651881,-2.82661283226619,0.813655719323229,-3.47396664847052,0.000512824772181456,0.00313918546347124,"Hbb-bt","101488143","hemoglobin, beta adult t chain","Down_in_KO_control"
"ENSMUSG00000022269",116.428406102336,0.863461910539606,0.248572553845847,3.47368161601254,0.000513369801710187,0.00314046717862135,"Marchf11","211147","membrane associated ring-CH-type finger 11","Up_in_KO_control"
"ENSMUSG00000024371",76.4186958890071,-1.0990682885794,0.316588801173083,-3.47159559816054,0.000517375081340283,0.00316290097913123,"C2","12263","complement C2","Down_in_KO_control"
"ENSMUSG00000038776",340.898427525016,-0.98992249782861,0.285157109729492,-3.47149856711508,0.000517562093818066,0.00316301092802661,"Ephx1","13849","epoxide hydrolase 1, microsomal","Down_in_KO_control"
"ENSMUSG00000029380",115.208155038096,-1.35513302125179,0.390456381821351,-3.47063867910299,0.000519222151677505,0.00317108489697818,"Cxcl1","14825","C-X-C motif chemokine ligand 1","Down_in_KO_control"
"ENSMUSG00000041552",31.8102684514842,1.8666454973695,0.537860336368261,3.47050223106887,0.000519486027370599,0.00317166134753214,"Ptchd1","211612","patched domain containing 1","Up_in_KO_control"
"ENSMUSG00000047246",51.4879285420762,-1.34108692636874,0.386436457842548,-3.47039441841475,0.000519694613736639,0.00317189996961961,"H2bc6","319179","H2B clustered histone 6","Down_in_KO_control"
"ENSMUSG00000070034",218.012495877124,0.914122493994847,0.263460861205501,3.46967094016225,0.000521096356056953,0.00317941836025229,"Sp110","109032","Sp110 nuclear body protein","Up_in_KO_control"
"ENSMUSG00000028680",475.880893842808,-0.635730021283834,0.183265760820943,-3.46889685468833,0.000522600051701931,0.00318755370518195,"Plk3","12795","polo like kinase 3","Down_in_KO_control"
"ENSMUSG00000046761",27.7874357926425,-1.79502110387241,0.517590478635821,-3.46803347040585,0.000524281984448916,0.00319677053600279,"Fam83h","105732","family with sequence similarity 83, member H","Down_in_KO_control"
"ENSMUSG00000090307",28.5134241816557,1.8126087318805,0.522806810728514,3.46707176472068,0.00052616139268203,0.00320718506229929,"1700071M16Rik","73504","RIKEN cDNA 1700071M16 gene","Up_in_KO_control"
"ENSMUSG00000085609",10.4491674003978,-2.9986341585627,0.865171247706036,-3.46594291767491,0.000528375445601857,0.0032175365159608,"1700016P03Rik","118567915","RIKEN cDNA 1700016P03 gene","Down_in_KO_control"
"ENSMUSG00000024014",647.989812320882,-0.64196746047959,0.185240257137627,-3.46559365874033,0.00052906221780041,0.0032206705535781,"Pim1","18712","Pim1, proto-oncogene, serine/threonine kinase","Down_in_KO_control"
"ENSMUSG00000104713",73.9892420489798,1.56663232155619,0.452175574032309,3.46465490735299,0.000530912275049353,0.0032308817570727,"Gbp6","100702","guanylate binding protein 6","Up_in_KO_control"
"ENSMUSG00000001098",1071.63731479014,0.707107311264129,0.204143641572617,3.46377337945448,0.000532655045113266,0.00324043363433178,"Kctd10","330171","potassium channel tetramerisation domain containing 10","Up_in_KO_control"
"ENSMUSG00000034112",6.0546974899454,-4.97381160003442,1.43608553498101,-3.46345080350675,0.000533294105031822,0.00324326700924943,"Atp2c2","69047","ATPase, Ca++ transporting, type 2C, member 2","Down_in_KO_control"
"ENSMUSG00000005893",89.3280775327449,1.14796169325988,0.331558684679462,3.4623182751786,0.000535543435133344,0.00325483088718748,"Nr2c2","22026","nuclear receptor subfamily 2, group C, member 2","Up_in_KO_control"
"ENSMUSG00000030882",42.8125381908817,1.30823305642176,0.377988205220486,3.46104200700824,0.000538088841474606,0.00326817802353596,"Dnhd1","77505","dynein heavy chain domain 1","Up_in_KO_control"
"ENSMUSG00000032077",351.427095418497,0.588262990875454,0.170043330908826,3.45948875343349,0.000541201877892639,0.00328495320824034,"Bud13","215051","BUD13 homolog","Up_in_KO_control"
"ENSMUSG00000113836",75.1555019155045,1.00799418361225,0.291427575972265,3.45881538577591,0.000542556650755299,0.00329151995374554,NA,NA,NA,"Up_in_KO_control"
"ENSMUSG00000026135",247.360642886032,0.715841256167094,0.206988152249767,3.45836826111337,0.00054345798193571,0.00329544044587263,"Zfp142","77264","zinc finger protein 142","Up_in_KO_control"
"ENSMUSG00000058254",429.285659680426,0.851988910568068,0.246402444635481,3.45771289659269,0.000544781612147035,0.00330025843577451,"Tspan7","21912","tetraspanin 7","Up_in_KO_control"
"ENSMUSG00000114036",19.0466964025116,-1.85276039766453,0.536309456220885,-3.45464801370471,0.000551011671751885,0.00333480026924956,NA,NA,NA,"Down_in_KO_control"
"ENSMUSG00000041347",69.2161985499923,-1.21162165724599,0.350722493975887,-3.45464484901073,0.000551018138861735,0.00333480026924956,"Bdkrb1","12061","bradykinin receptor, beta 1","Down_in_KO_control"
"ENSMUSG00000026678",1558.447075256,-0.674884812996446,0.195375188835272,-3.45430152630826,0.000551720145111149,0.00333689045748705,"Rgs5","19737","regulator of G-protein signaling 5","Down_in_KO_control"
"ENSMUSG00000028246",159.784918261557,0.973147907341497,0.281775077597102,3.45363371253493,0.000553088038719746,0.00334408286544834,"Faxc","76132","failed axon connections homolog","Up_in_KO_control"
"ENSMUSG00000024330",57.2604613457556,-1.5706356975907,0.454885218219009,-3.45281762230072,0.000554763938369558,0.00335204958950905,"Col11a2","12815","collagen, type XI, alpha 2","Down_in_KO_control"
"ENSMUSG00000040495",7.27196352605928,-4.53958190508255,1.31628387199659,-3.44878639149225,0.000563111970247192,0.00339810199910858,"Chrm4","12672","cholinergic receptor, muscarinic 4","Down_in_KO_control"
"ENSMUSG00000035385",3239.52697536704,0.735926787076566,0.213479782825346,3.447290311695,0.000566239767248687,0.00341367421537522,"Ccl2","20296","C-C motif chemokine ligand 2","Up_in_KO_control"
"ENSMUSG00000046947",128.403710762072,0.841136709023569,0.244010997685613,3.44712622382414,0.000566583802318787,0.00341464821023879,"Adck2","57869","aarF domain containing kinase 2","Up_in_KO_control"
"ENSMUSG00000074063",151.759125120742,-0.689562225666569,0.200135987502409,-3.44546842510404,0.000570070563223438,0.00343124170138314,"Osgin1","71839","oxidative stress induced growth inhibitor 1","Down_in_KO_control"
"ENSMUSG00000091694",12.9502431269311,-3.33476214780363,0.968003958350207,-3.44498813154353,0.000571084466292846,0.003436239105382,"Apol11b","328563","apolipoprotein L 11b","Down_in_KO_control"
"ENSMUSG00000081824",304.889225296718,-0.584337822295573,0.169636655652566,-3.44464361224121,0.000571812782936217,0.00343951546354401,NA,NA,NA,"Down_in_KO_control"
"ENSMUSG00000066878",178.656829140051,1.20135612747542,0.348780337588735,3.44444912170479,0.000572224319393502,0.003440884861443,"Kpna2rt","100043906","karyopherin subunit alpha 2, retrotransposed","Up_in_KO_control"
"ENSMUSG00000062619",509.156206204488,-0.698499438815586,0.202892720511644,-3.44270330179489,0.00057593079350298,0.00346094827836264,"Pex39","67101","peroxisomal biogenesis factor 39","Down_in_KO_control"
"ENSMUSG00000031283",295.0908470946,-0.974742018638076,0.28322779911215,-3.44154783426504,0.000578396196709133,0.0034724183602881,"Chrdl1","83453","chordin-like 1","Down_in_KO_control"
"ENSMUSG00000020607",106.339182996261,-1.25291924363753,0.364079939368105,-3.44133007111594,0.000578861933624477,0.00347409986013946,"Lratd1","105005","LRAT domain containing 1","Down_in_KO_control"
"ENSMUSG00000027977",268.946572332603,1.07762129580981,0.313180258818128,3.44089790294098,0.000579787259599835,0.00347853766876938,"Ndst3","83398","N-deacetylase/N-sulfotransferase (heparan glucosaminyl) 3","Up_in_KO_control"
"ENSMUSG00000079339",47.5447351288286,1.9067699633508,0.554167928073293,3.44078007180995,0.000580039789578882,0.00347893736615052,"Ifit1bl1","667373","interferon induced protein with tetratricpeptide repeats 1B like 1","Up_in_KO_control"
"ENSMUSG00000101609",157.350374477182,0.87880788275713,0.255430298909904,3.4404997625873,0.000580640946380876,0.00348142711618883,"Kcnq1ot1","63830","KCNQ1 overlapping transcript 1","Up_in_KO_control"
"ENSMUSG00000024924",360.00436732253,-1.64732025742501,0.479003000717261,-3.43906041289576,0.000583736951916947,0.00349774882523914,"Vldlr","22359","very low density lipoprotein receptor","Down_in_KO_control"
"ENSMUSG00000078789",139.207747291872,0.729196400813061,0.212052757190957,3.43874991522232,0.000584406836889265,0.00350064184977875,"Dph1","116905","diphthamide biosynthesis 1","Up_in_KO_control"
"ENSMUSG00000044367",93.5433676841345,0.855311405805307,0.248761020268064,3.43828548734696,0.000585410155409471,0.0035044082655718,"Slc16a13","69309","solute carrier family 16 (monocarboxylic acid transporters), member 13","Up_in_KO_control"
"ENSMUSG00000054435",313.806836139687,0.737093640105419,0.214485086634422,3.43657291829223,0.000589123749258336,0.00352213185938379,"Gimap4","107526","GTPase, IMAP family member 4","Up_in_KO_control"
"ENSMUSG00000115862",14.0517026049749,-2.35179201257362,0.684371191726447,-3.43642754254575,0.000589439994743808,0.00352289703661478,NA,NA,NA,"Down_in_KO_control"
"ENSMUSG00000049037",492.614456398224,0.70020104987802,0.203788914253495,3.43591334417256,0.000590559832976266,0.00352733678725977,"Clec4a1","269799","C-type lectin domain family 4, member a1","Up_in_KO_control"
"ENSMUSG00000032783",485.206478049403,0.614101419406101,0.178761405055201,3.4353132277992,0.000591869290668433,0.00353403000519413,"Troap","78733","trophinin associated protein","Up_in_KO_control"
"ENSMUSG00000036327",361.357018935106,0.587780610165905,0.171116210494713,3.43497912013466,0.00059259948641798,0.00353613335119249,"Qsox2","227638","quiescin Q6 sulfhydryl oxidase 2","Up_in_KO_control"
"ENSMUSG00000049086",46.2150937765627,-1.38227457737261,0.402459508630966,-3.43456806890873,0.000593498993587185,0.0035403719053226,"Bmyc","107771","brain expressed myelocytomatosis oncogene","Down_in_KO_control"
"ENSMUSG00000042359",228.027206665454,-0.821691825496695,0.239324768208944,-3.433375624454,0.000596115627191326,0.00355484758815529,"Osbpl6","99031","oxysterol binding protein-like 6","Down_in_KO_control"
"ENSMUSG00000004612",56.4137980096989,1.59586680412459,0.464838992648441,3.43316036168152,0.000596589130485903,0.00355540522254226,"Nkg7","72310","natural killer cell group 7 sequence","Up_in_KO_control"
"ENSMUSG00000072964",1078.68170790947,0.607746095271409,0.17701938275217,3.43321779695879,0.000596462758604241,0.00355540522254226,"Bhlhb9","70237","basic helix-loop-helix domain containing, class B9","Up_in_KO_control"
"ENSMUSG00000021765",85.1351290367519,-1.42534174146921,0.415196998512352,-3.43292881831081,0.000597098836223658,0.0035573099402271,"Fst","14313","follistatin","Down_in_KO_control"
"ENSMUSG00000087547",6.70570158564541,-3.87102156713848,1.12806416678724,-3.43156150253691,0.000600117036969389,0.00357301626242703,"Platr27","78316","pluripotency associated transcript 27","Down_in_KO_control"
"ENSMUSG00000056501",2227.43746355595,-1.09897233996088,0.320529963098538,-3.42861032190939,0.000606679909897596,0.00360635360670703,"Cebpb","12608","CCAAT/enhancer binding protein beta","Down_in_KO_control"
"ENSMUSG00000003418",106.780208955532,-1.3298532634244,0.387918962135026,-3.42817287431675,0.000607658376297085,0.00361102292653139,"St8sia6","241230","ST8 alpha-N-acetyl-neuraminide alpha-2,8-sialyltransferase 6","Down_in_KO_control"
"ENSMUSG00000022203",111.005975053458,-1.47835328113795,0.431650106917293,-3.42488802260673,0.00061505286392679,0.00364685812505134,"Efs","13644","embryonal Fyn-associated substrate","Down_in_KO_control"
"ENSMUSG00000054459",5.66970221593379,-4.67039549772092,1.36464360058782,-3.42242875407847,0.000620643607001377,0.00367665137029766,"Vsnl1","26950","visinin-like 1","Down_in_KO_control"
"ENSMUSG00000051236",821.336070855829,0.67301351262534,0.196671375974454,3.4220206641192,0.000621575893956802,0.0036808701593714,"Msrb3","320183","methionine sulfoxide reductase B3","Up_in_KO_control"
"ENSMUSG00000069227",12.1751111376288,2.56260588538524,0.74918707217841,3.42051535664378,0.000625026068139702,0.00370013059572865,"Gprin1","26913","G protein-regulated inducer of neurite outgrowth 1","Up_in_KO_control"
"ENSMUSG00000021040",330.576380028702,-0.702251522196996,0.205312630189282,-3.42040098336656,0.000625288939383932,0.00370051610458303,"Slirp","380773","SRA stem-loop interacting RNA binding protein","Down_in_KO_control"
"ENSMUSG00000029348",69.768025393703,-1.0187972891833,0.297923982299217,-3.41965517955545,0.000627005590614573,0.00370832984107791,"Asphd2","72898","aspartate beta-hydroxylase domain containing 2","Down_in_KO_control"
"ENSMUSG00000082675",159.236644043506,0.738792469413102,0.216048517369153,3.41956741203069,0.000627207897297297,0.00370835430714828,NA,NA,NA,"Up_in_KO_control"
"ENSMUSG00000056268",247.507178690867,0.726620072587545,0.212523667398529,3.41900778149556,0.000628499290657282,0.00371481592737515,"Dennd1b","329260","DENN domain containing 1B","Up_in_KO_control"
"ENSMUSG00000039481",33.0505700458019,-1.47177424034747,0.430499747741368,-3.41875749769701,0.000629077641206165,0.00371706027783106,"Nrtn","18188","neurturin","Down_in_KO_control"
"ENSMUSG00000096916",146.111471903122,0.793311134165435,0.232104400940802,3.41790647204387,0.000631047879433881,0.00372517317597672,"Zfp850","100043772","zinc finger protein 850","Up_in_KO_control"
"ENSMUSG00000042962",1037.23501093794,-0.589741379117929,0.172613298835138,-3.41654659923501,0.00063420808577597,0.00374146781498289,"Gm5436","432676","ATP synthase, H+ transporting, mitochondrial F1 complex, O subunit pseudogene","Down_in_KO_control"
"ENSMUSG00000078139",91.2228301200976,1.26908725055173,0.37165557358832,3.41468644825838,0.000638554733892575,0.00376355109774229,"AK157302","432732","cDNA sequence AK157302","Up_in_KO_control"
"ENSMUSG00000078566",1903.79311568352,-1.69689278944801,0.496953490494531,-3.41459074522123,0.000638779112669321,0.00376368814086304,"Bnip3","12176","BCL2/adenovirus E1B interacting protein 3","Down_in_KO_control"
"ENSMUSG00000004951",160.012302054012,-1.10297716243474,0.323052785508573,-3.4142320138127,0.000639620822547412,0.00376746126922559,"Hspb1","15507","heat shock protein 1","Down_in_KO_control"
"ENSMUSG00000039062",780.795917895015,-0.640459209539873,0.187623712014399,-3.41353021248573,0.000641270479060897,0.00377598945080761,"Anpep","16790","alanyl aminopeptidase, membrane","Down_in_KO_control"
"ENSMUSG00000028453",136.625382427468,0.740085703570462,0.216826900342675,3.41325593088692,0.000641916281180428,0.00377860313612122,"Fancg","60534","Fanconi anemia, complementation group G","Up_in_KO_control"
"ENSMUSG00000000567",1797.33036931215,-1.13320124636179,0.332099603624921,-3.41223305897604,0.000644329994037203,0.00379042665149895,"Sox9","20682","SRY (sex determining region Y)-box 9","Down_in_KO_control"
"ENSMUSG00000050014",19.8042262677862,2.09605444693413,0.61430179767112,3.41209232152744,0.000644662757831088,0.00379119239072695,"Apol10b","328561","apolipoprotein L 10B","Up_in_KO_control"
"ENSMUSG00000043313",38.5397405234269,1.48027246961765,0.43397318833296,3.41097678246872,0.000647306031637405,0.00380349520082437,"Pcdhb19","93890","protocadherin beta 19","Up_in_KO_control"
"ENSMUSG00000022053",14.3376371721851,-2.25376097538724,0.661462295236872,-3.40724027902476,0.0006562332949176,0.0038495591372392,"Ebf2","13592","early B cell factor 2","Down_in_KO_control"
"ENSMUSG00000074521",6.88203225809523,4.51910500967908,1.32680188171835,3.4060134161299,0.00065918939769478,0.00386447719268873,NA,NA,NA,"Up_in_KO_control"
"ENSMUSG00000047307",17.712401035969,-2.32521715402553,0.683481588849095,-3.40201871120029,0.000668900579660967,0.00391772661884059,"Pcdhb13","93884","protocadherin beta 13","Down_in_KO_control"
"ENSMUSG00000084166",66.1396672761091,-0.958661802063275,0.281867217867803,-3.40111137902136,0.000671124775109661,0.00392935156958191,"Gm6451","623804","NSA2 ribosome biogenesis homolog pseudogene","Down_in_KO_control"
"ENSMUSG00000038065",148.548761017066,-0.793166687740545,0.233213132331025,-3.40103783956178,0.000671305347509933,0.00392935156958191,"Mturn","68235","maturin, neural progenitor differentiation regulator homolog (Xenopus)","Down_in_KO_control"
"ENSMUSG00000029372",40.3358840625678,-2.41261867858349,0.709396126929616,-3.40094706891861,0.000671528292489641,0.0039294274350715,"Ppbp","57349","pro-platelet basic protein","Down_in_KO_control"
"ENSMUSG00000010406",1198.96161077371,-0.655869301923002,0.192928074095506,-3.39955346052086,0.000674959836136293,0.00394580550253623,"Mrpl52","68836","mitochondrial ribosomal protein L52","Down_in_KO_control"
"ENSMUSG00000084883",351.738105873598,-0.712061414899785,0.209526444376907,-3.39843219798496,0.000677732597392625,0.00395678654723863,"Ccdc85c","668158","coiled-coil domain containing 85C","Down_in_KO_control"
"ENSMUSG00000021367",63.137835508202,-1.72996368613776,0.50907168969666,-3.39827124774626,0.000678131477928172,0.00395692994900838,"Edn1","13614","endothelin 1","Down_in_KO_control"
"ENSMUSG00000078773",142.5303180718,0.800318702377003,0.235541408199988,3.39778346615592,0.000679341672969127,0.00396275583736636,"Rad54b","623474","RAD54 homolog B (S. cerevisiae)","Up_in_KO_control"
"ENSMUSG00000044645",485.841089069533,-0.590639579941381,0.173850954553522,-3.39739049151752,0.000680318110163599,0.00396721495652584,NA,NA,NA,"Down_in_KO_control"
"ENSMUSG00000056900",28.5897238533072,-2.18360336608475,0.64279631393132,-3.3970377843798,0.000681195604153174,0.00397109449860384,"Usp13","72607","ubiquitin specific peptidase 13 (isopeptidase T-3)","Down_in_KO_control"
"ENSMUSG00000039697",292.914799717764,0.743976034703719,0.219132487039759,3.39509693315685,0.00068604306716863,0.00399686298752384,"Ncoa7","211329","nuclear receptor coactivator 7","Up_in_KO_control"
"ENSMUSG00000079481",198.648173544112,0.989785971683919,0.291563632964147,3.39475112729725,0.000686910108728974,0.0040006688031887,"Nhsl2","100042480","NHS like 2","Up_in_KO_control"
"ENSMUSG00000029279",178.448187048918,-0.646169587904762,0.19046552576408,-3.39258028618333,0.000692376382811491,0.00402749121900884,"Brdt","114642","bromodomain, testis-specific","Down_in_KO_control"
"ENSMUSG00000024798",15.5097275075883,2.65279460204713,0.782505658701268,3.39012833012608,0.000698599124726412,0.0040586418568784,"Htr7","15566","5-hydroxytryptamine (serotonin) receptor 7","Up_in_KO_control"
"ENSMUSG00000037703",146.622811425979,-0.827979855417645,0.244274415948605,-3.38954798930663,0.000700079540491583,0.00406471872206608,"Lzts3","241638","leucine zipper, putative tumor suppressor family member 3","Down_in_KO_control"
"ENSMUSG00000113722",83.9833035689328,-0.972505610020061,0.286929999055337,-3.38934797066132,0.000700590451655764,0.00406642342488658,NA,NA,NA,"Down_in_KO_control"
"ENSMUSG00000021280",86.1998324029831,-0.82761496427817,0.24426181734788,-3.38822896375766,0.000703455148223103,0.00408178486471284,"Exoc3l4","74190","exocyst complex component 3-like 4","Down_in_KO_control"
"ENSMUSG00000026068",362.272221906249,0.67726015586613,0.199962018744653,3.38694398125164,0.000706758173162693,0.004095870453513,"Il18rap","16174","interleukin 18 receptor accessory protein","Up_in_KO_control"
"ENSMUSG00000106820",77.5416553780506,0.937763195717368,0.277000101476206,3.3854254591236,0.000710680084143082,0.00411604964858232,"D5Ertd605e","100039805","DNA segment, Chr 5, ERATO Doi 605, expressed","Up_in_KO_control"
"ENSMUSG00000073910",105.623910263541,0.86118524375406,0.254409405726217,3.38503696943039,0.000711686686005775,0.00412060425594866,"Mob3b","214944","MOB kinase activator 3B","Up_in_KO_control"
"ENSMUSG00000053821",22.6489298247354,1.72844526644119,0.510665261559876,3.38469325515012,0.000712578376234664,0.00412271129751764,NA,NA,NA,"Up_in_KO_control"
"ENSMUSG00000025743",2121.34061932165,0.67795664212921,0.200376057693679,3.38342140239941,0.000715886950380015,0.00413724289761001,"Sdc3","20970","syndecan 3","Up_in_KO_control"
"ENSMUSG00000115710",5.52489210095332,-5.07451620112319,1.50066875139012,-3.38150321076686,0.000720903903411067,0.00415981336556623,NA,NA,NA,"Down_in_KO_control"
"ENSMUSG00000044468",91.3018020698468,-1.6032281625542,0.474274015959878,-3.38038372038881,0.000723846959932526,0.00417293535465723,"Tent5c","74645","terminal nucleotidyltransferase 5C","Down_in_KO_control"
"ENSMUSG00000054013",3.80763703858371,-5.29507448876201,1.56699406800933,-3.37912861118151,0.000727159818151197,0.00419047300707794,"Tmem179","104885","transmembrane protein 179","Down_in_KO_control"
"ENSMUSG00000031861",162.465762526009,-0.831719713457969,0.246492544285814,-3.37421854225973,0.000740255730305782,0.00425703917677077,"Lpar2","53978","lysophosphatidic acid receptor 2","Down_in_KO_control"
"ENSMUSG00000030287",436.349255002614,-0.650491793230686,0.192782833223878,-3.37422052758853,0.000740250391138327,0.00425703917677077,"Itpr2","16439","inositol 1,4,5-triphosphate receptor 2","Down_in_KO_control"
"ENSMUSG00000050954",99.8920207916825,0.894414467944909,0.26529394517387,3.37140927720278,0.000747846654942315,0.00429805112221607,"Zfp169","67911","zinc finger protein 169","Up_in_KO_control"
"ENSMUSG00000030167",29.6632221258592,1.70571639475886,0.506001553204815,3.37097066986361,0.000749038321004972,0.00430225724400431,"Klrc1","16641","killer cell lectin-like receptor subfamily C, member 1","Up_in_KO_control"
"ENSMUSG00000039462",33.3222612549701,-2.21599234858715,0.657619802579303,-3.36971657467677,0.000752455348039938,0.00431790767490689,"Col10a1","12813","collagen, type X, alpha 1","Down_in_KO_control"
"ENSMUSG00000056904",11.1860123973638,2.78515142189494,0.826820225712712,3.3685090607141,0.000755759129256723,0.00433553666026397,"Gm5620","434428","tubulin, alpha 1B pseudogene","Up_in_KO_control"
"ENSMUSG00000036136",321.719484098474,-0.888217720761312,0.263789784943391,-3.36714221497213,0.000759515095880247,0.00435441359963452,"Fam110c","104943","family with sequence similarity 110, member C","Down_in_KO_control"
"ENSMUSG00000034758",130.132052056607,-0.989599141155235,0.294009918909106,-3.36586991631793,0.000763026824170511,0.00437273959617995,"Tle6","114606","transducin-like enhancer of split 6","Down_in_KO_control"
"ENSMUSG00000099843",70.2162882583689,-0.896854990627137,0.266459983681573,-3.36581492738851,0.000763178940903314,0.00437273959617995,"Gm7160","635504","predicted gene 7160","Down_in_KO_control"
"ENSMUSG00000040950",96.3921211702169,1.46518353455921,0.435579551462591,3.36375647029208,0.000768893579565114,0.00440143944766044,"Mgl2","216864","macrophage galactose N-acetyl-galactosamine specific lectin 2","Up_in_KO_control"
"ENSMUSG00000044365",377.095580739303,0.754964659091132,0.224471584080931,3.36329723952471,0.000770173893271482,0.00440742020329946,"Cxxc4","319478","CXXC finger 4","Up_in_KO_control"
"ENSMUSG00000102550",41.5275273736058,1.47841468604538,0.439620041537973,3.36293741493966,0.000771178449895024,0.00440912384139493,"Gm8276","666756","poly(A) binding protein, cytoplasmic 1 pseudogene","Up_in_KO_control"
"ENSMUSG00000025494",130.090543062243,1.14156234032229,0.339447081060937,3.36300532252141,0.000770988772747419,0.00440912384139493,"Sigirr","24058","single immunoglobulin and toll-interleukin 1 receptor (TIR) domain","Up_in_KO_control"
"ENSMUSG00000080772",145.84687734698,-0.895590625746188,0.266307468509292,-3.36299477727543,0.000771018224528872,0.00440912384139493,"Gm12543","100416087","sorting nexin 2 pseudogene","Down_in_KO_control"
"ENSMUSG00000078994",92.5207014006026,-0.996487058365726,0.296341107605466,-3.36263526318597,0.000772022935230443,0.00441260390561004,"Zfp429","72807","zinc finger protein 429","Down_in_KO_control"
"ENSMUSG00000053192",611.916658182492,-0.644545940416299,0.191784301956341,-3.36078570478114,0.000777211014864789,0.00443954509193065,"Mllt11","56772","myeloid/lymphoid or mixed-lineage leukemia; translocated to, 11","Down_in_KO_control"
"ENSMUSG00000042826",109.365842444831,-0.875344102359553,0.260500062674728,-3.36024526586217,0.000778733065048919,0.00444688185726592,"Fgf11","14166","fibroblast growth factor 11","Down_in_KO_control"
"ENSMUSG00000060938",12512.8195395009,-0.616615093154501,0.183534196223797,-3.35967414161128,0.000780344541759379,0.00445472465220966,"Rpl26","19941","ribosomal protein L26","Down_in_KO_control"
"ENSMUSG00000035305",31.8598270542826,-1.45151271027216,0.432205252144407,-3.35838748620108,0.000783986300653037,0.00447278525735374,"Ror1","26563","receptor tyrosine kinase-like orphan receptor 1","Down_in_KO_control"
"ENSMUSG00000025270",193.678467281649,-2.65026158197189,0.789691869719538,-3.35607049229611,0.000790584149050907,0.00450767860487192,"Alas2","11656","aminolevulinic acid synthase 2, erythroid","Down_in_KO_control"
"ENSMUSG00000049439",923.555087842443,0.664066699500666,0.197902270023469,3.35552846069888,0.000792135053082287,0.0045132873650672,"Cyp20a1","77951","cytochrome P450, family 20, subfamily a, polypeptide 1","Up_in_KO_control"
"ENSMUSG00000078864",18.8827141888036,2.09512411437131,0.624467009403849,3.35505972744891,0.000793478506338141,0.00451867415980086,"Gm14322","626802","predicted gene 14322","Up_in_KO_control"
"ENSMUSG00000085133",69.0383296711193,1.11872285297533,0.333476141370954,3.35473131114013,0.000794421051690504,0.00452266539102051,NA,NA,NA,"Up_in_KO_control"
"ENSMUSG00000100131",46.9586662547136,1.60819105172082,0.479394831592123,3.35462742971142,0.000794719404655534,0.00452298790125274,NA,NA,NA,"Up_in_KO_control"
"ENSMUSG00000057098",676.382787829587,-0.729931862494906,0.217878065775636,-3.35018515928338,0.000807575576132688,0.00458917757551503,"Ebf1","13591","early B cell factor 1","Down_in_KO_control"
"ENSMUSG00000097097",7.48201113878885,-3.79416019341631,1.13346611112115,-3.34739623548459,0.000815745204786823,0.00463138350035674,NA,NA,NA,"Down_in_KO_control"
"ENSMUSG00000009772",225.778004888161,0.612919633988528,0.183163869183751,3.34629114748414,0.000819003512870847,0.00464706268537058,"Nuak2","74137","NUAK family, SNF1-like kinase, 2","Up_in_KO_control"
"ENSMUSG00000066637",279.778219290391,-0.661678963606666,0.197773937893243,-3.3456327494669,0.000820950509098858,0.00465528693235361,"Ttc32","75516","tetratricopeptide repeat domain 32","Down_in_KO_control"
"ENSMUSG00000032661",175.47531908943,1.75053079012188,0.523464508722463,3.34412507620454,0.000825425145051712,0.00467782578417707,"Oas3","246727","2'-5' oligoadenylate synthetase 3","Up_in_KO_control"
"ENSMUSG00000034271",1032.42862260176,-0.605755140330359,0.181221438977201,-3.34262405016312,0.000829902520551647,0.00470177592100605,"Jdp2","81703","Jun dimerization protein 2","Down_in_KO_control"
"ENSMUSG00000085401",24.1184437775232,1.87039577706324,0.559589649805451,3.34244169404045,0.000830447998529035,0.00470344231128143,NA,NA,NA,"Up_in_KO_control"
"ENSMUSG00000081071",14.6448851746001,2.11798423910554,0.633697485509789,3.34226391541019,0.00083098010411004,0.00470360879861197,NA,NA,NA,"Up_in_KO_control"
"ENSMUSG00000055912",388.415560484712,-0.590517100117287,0.176679601148276,-3.34230491963644,0.000830857347145358,0.00470360879861197,"Tmem150a","232086","transmembrane protein 150A","Down_in_KO_control"
"ENSMUSG00000026404",330.226015072847,0.583951744269501,0.174812183889342,3.34045220005459,0.000836420776140572,0.00473154231678311,"Ddx59","67997","DEAD box helicase 59","Up_in_KO_control"
"ENSMUSG00000070645",3.22876659729243,5.86344255815889,1.7554017080032,3.34022835424301,0.000837095285018406,0.00473329121875429,"Ren1","19701","renin 1 structural","Up_in_KO_control"
"ENSMUSG00000024972",3.63442502240086,-6.34208674876584,1.89981547093499,-3.33826460821724,0.000843034256177949,0.00476175672679081,"Lgals12","56072","lectin, galactose binding, soluble 12","Down_in_KO_control"
"ENSMUSG00000103373",4.69186473200845,5.48517284606786,1.64330077589302,3.33789950478605,0.000844142740362191,0.00476657908883455,NA,NA,NA,"Up_in_KO_control"
"ENSMUSG00000029304",63969.656201181,-1.20086823714149,0.359855773928736,-3.33708203158999,0.00084662956022416,0.0047791791735972,"Spp1","20750","secreted phosphoprotein 1","Down_in_KO_control"
"ENSMUSG00000090602",4275.96925969645,-0.597152337855802,0.178992737076948,-3.33618194574614,0.000849375552834657,0.00479323423407567,NA,NA,NA,"Down_in_KO_control"
"ENSMUSG00000116673",137.099783203847,0.83574449714011,0.250706225170463,3.33356100979089,0.000857418651583642,0.00483247449714427,"A630089N07Rik","320586","RIKEN cDNA A630089N07 gene","Up_in_KO_control"
"ENSMUSG00000074342",105.331648536189,0.804990503805842,0.241531829202394,3.33285474822985,0.000859598067967352,0.00484216094096119,"I830077J02Rik","433638","RIKEN cDNA I830077J02 gene","Up_in_KO_control"
"ENSMUSG00000027994",803.11732499667,-0.582212808232993,0.174768660523019,-3.3313341561962,0.000864307832601584,0.00486576187469117,"Mcub","66815","mitochondrial calcium uniporter dominant negative beta subunit","Down_in_KO_control"
"ENSMUSG00000020000",114.831039551033,-0.853401131804324,0.256189688723883,-3.33112989853431,0.000864942304361888,0.00486640569498617,"Moxd1","59012","monooxygenase, DBH-like 1","Down_in_KO_control"
"ENSMUSG00000068854",105.995265706482,-0.941194589748434,0.282606029206029,-3.33041227886286,0.000867174823406817,0.00487603439615738,"H2bc21","319190","H2B clustered histone 21","Down_in_KO_control"
"ENSMUSG00000081483",14.0390665716061,2.31543552771314,0.695304462701513,3.33010307271267,0.000868138411660032,0.00487852074996822,NA,NA,NA,"Up_in_KO_control"
"ENSMUSG00000103567",18.2330172063763,-2.04371797165347,0.613828543459634,-3.32946063429172,0.000870143636500128,0.00488685410258911,"Pcdhga5","93713","protocadherin gamma subfamily A, 5","Down_in_KO_control"
"ENSMUSG00000050069",18.0157261556497,2.30700435347133,0.692968002611917,3.32916432616777,0.000871069941023847,0.00489058860077385,"Grem2","23893","gremlin 2, DAN family BMP antagonist","Up_in_KO_control"
"ENSMUSG00000051022",39.8716925952877,1.60193482740901,0.481343126699784,3.3280517338895,0.000874556242466822,0.0049028073592815,"Hs3st1","15476","heparan sulfate (glucosamine) 3-O-sulfotransferase 1","Up_in_KO_control"
"ENSMUSG00000091223",81.5953173948187,1.39813732242368,0.420093933289154,3.32815404278007,0.000874235118868953,0.0049028073592815,NA,NA,NA,"Up_in_KO_control"
"ENSMUSG00000082229",56.2648194378204,1.34990098315039,0.405608424547183,3.32808911614054,0.000874438895676486,0.0049028073592815,"Nap1l2","17954","nucleosome assembly protein 1-like 2","Up_in_KO_control"
"ENSMUSG00000035045",81.6461805119339,0.915735296859429,0.275174035381709,3.32784049043422,0.000875219632144851,0.00490505689617448,"Zc3h12b","547176","zinc finger CCCH-type containing 12B","Up_in_KO_control"
"ENSMUSG00000090952",67.3060854636067,-1.0422282080243,0.31327871447975,-3.32684015814827,0.00087836741944048,0.00491975142771317,NA,NA,NA,"Down_in_KO_control"
"ENSMUSG00000066406",1254.36091023962,0.619347473840668,0.186172822853384,3.32673407615687,0.000878701846891615,0.00492015190331622,"Akap13","75547","A kinase anchor protein 13","Up_in_KO_control"
"ENSMUSG00000053846",72.694054499117,1.17792585458778,0.354195074570284,3.32564154376471,0.000882152971151519,0.00493799836947603,"Lipg","16891","lipase, endothelial","Up_in_KO_control"
"ENSMUSG00000028681",8.09686817749926,3.4429574051633,1.03586975866966,3.32373580399239,0.000888202971464181,0.00496218396607959,"Ptch2","19207","patched 2","Up_in_KO_control"
"ENSMUSG00000047193",213.18014269524,0.747935719997607,0.225031328619263,3.32369596974233,0.000888329839489479,0.00496218396607959,"Dync2h1","110350","dynein cytoplasmic 2 heavy chain 1","Up_in_KO_control"
"ENSMUSG00000050241",33.9894647601862,1.55731163063022,0.468574173722724,3.32351144805463,0.000888917741413882,0.00496398618176007,"Klre1","243655","killer cell lectin-like receptor family E member 1","Up_in_KO_control"
"ENSMUSG00000058600",2166.11403171997,0.607613636242539,0.182908484174145,3.32195435868374,0.000893893143843471,0.00498730542657808,"Rpl30","19946","ribosomal protein L30","Up_in_KO_control"
"ENSMUSG00000045176",277.685819754423,-0.593367757659604,0.178626342208525,-3.32183792336137,0.000894266227581136,0.00498789982614778,"Borcs6","71923","BLOC-1 related complex subunit 6","Down_in_KO_control"
"ENSMUSG00000038335",315.92661641314,1.02215419405704,0.30781939571821,3.32062959084217,0.000898146514223407,0.00500451847003405,"Tsr1","104662","TSR1 20S rRNA accumulation","Up_in_KO_control"
"ENSMUSG00000005268",12.8070801939015,-3.30686310777574,0.995948075637105,-3.32031678023009,0.000899153574565395,0.00500620673634104,"Prlr","19116","prolactin receptor","Down_in_KO_control"
"ENSMUSG00000059412",33.5996712112593,-1.65203589533475,0.497633974437714,-3.31978116486403,0.000900880361606233,0.00501432903234308,"Fxyd2","11936","FXYD domain-containing ion transport regulator 2","Down_in_KO_control"
"ENSMUSG00000038871",1087.87018729696,0.718453347776949,0.216439637277056,3.31941670581014,0.000902057109212592,0.00501789378260857,"Bpgm","12183","2,3-bisphosphoglycerate mutase","Up_in_KO_control"
"ENSMUSG00000062345",91.3934151158884,-2.75392391954318,0.829760877337412,-3.31893681030147,0.000903608745367198,0.00502353845872144,"Serpinb2","18788","serine (or cysteine) peptidase inhibitor, clade B, member 2","Down_in_KO_control"
"ENSMUSG00000113831",55.3504188197202,-1.0766631555072,0.324409829931949,-3.31883641051523,0.000903933678638557,0.00502385236957627,NA,NA,NA,"Down_in_KO_control"
"ENSMUSG00000031325",30.903326362556,1.94129241753916,0.585036410638377,3.31824204825281,0.000905859488312428,0.00503306074964087,NA,NA,NA,"Up_in_KO_control"
"ENSMUSG00000057137",46.2335625320508,1.16862728069984,0.352323798419585,3.31691269775682,0.000910180524899843,0.00505406770399133,"Tmem140","68487","transmembrane protein 140","Up_in_KO_control"
"ENSMUSG00000039476",913.518690289902,-0.618695152309199,0.186657977146281,-3.31459261354974,0.000917767718795295,0.00509166537854028,"Prrx2","20204","paired related homeobox 2","Down_in_KO_control"
"ENSMUSG00000081308",31.1402606657558,1.37100729847451,0.41421273053045,3.30991106120463,0.000933256201050489,0.00517146084994309,NA,NA,NA,"Up_in_KO_control"
"ENSMUSG00000060639",207.95872283707,-0.761451873774322,0.230183993699049,-3.30801400018228,0.000939601122757237,0.00519892145235043,"H4c9","319158","H4 clustered histone 9","Down_in_KO_control"
"ENSMUSG00000071369",360.100196026522,0.639290822881987,0.193260008310464,3.30793126043435,0.00093987876199976,0.00519892145235043,"Map3k5","26408","mitogen-activated protein kinase kinase kinase 5","Up_in_KO_control"
"ENSMUSG00000045071",115.598327382477,-0.734834617669973,0.222261411010313,-3.30617273745228,0.00094579761681486,0.00522857039983943,"E130308A19Rik","230259","RIKEN cDNA E130308A19 gene","Down_in_KO_control"
"ENSMUSG00000025262",68.2651040470797,1.21325036889714,0.366994116776493,3.30591231149362,0.000946677090778879,0.0052303420135061,"Fam120c","207375","family with sequence similarity 120, member C","Up_in_KO_control"
"ENSMUSG00000024208",3072.02935339126,-0.636993406602667,0.192713736619048,-3.30538662047667,0.000948454689082487,0.0052386164689494,"Uqcc2","67267","ubiquinol-cytochrome c reductase complex assembly factor 2","Down_in_KO_control"
"ENSMUSG00000085793",243.282894844592,-0.608062288029385,0.184045813190531,-3.30386373636164,0.000953621714048654,0.00526404812241666,"Lin52","217708","lin-52 DREAM MuvB core complex component","Down_in_KO_control"
"ENSMUSG00000021250",1355.46917352851,-1.51801801540348,0.459582782412752,-3.30303499934021,0.000956444496120726,0.0052765170565764,"Fos","14281","Fos proto-oncogene, AP-1 transcription factor subunit","Down_in_KO_control"
"ENSMUSG00000039114",1211.23526190196,-0.769348712971206,0.233049401239137,-3.30122587262843,0.000962633516515131,0.00530596789235571,"Nrn1","68404","neuritin 1","Down_in_KO_control"
"ENSMUSG00000036086",172.096981536076,0.702362484270989,0.212776460973204,3.30094071993914,0.000963612400649069,0.00530823634187402,"Zranb3","226409","zinc finger, RAN-binding domain containing 3","Up_in_KO_control"
"ENSMUSG00000021577",4311.21497498819,0.592795146258561,0.179627875124055,3.30012892402788,0.000966404218187526,0.00531975942875627,"Sdha","66945","succinate dehydrogenase complex, subunit A, flavoprotein (Fp)","Up_in_KO_control"
"ENSMUSG00000037946",304.711828101771,0.675522762104101,0.204781888184672,3.29874271642087,0.00097118879715117,0.00534210933600525,"Fgd3","30938","FYVE, RhoGEF and PH domain containing 3","Up_in_KO_control"
"ENSMUSG00000029084",863.701637303896,-0.649538350023532,0.197064923103083,-3.29606273808436,0.000980501163382299,0.00538858098983053,"Cd38","12494","CD38 antigen","Down_in_KO_control"
"ENSMUSG00000072872",339.543878451844,0.782241354689084,0.237476002067974,3.2939806459483,0.000987792996378682,0.00542228522770146,"Rybp","56353","RING1 and YY1 binding protein","Up_in_KO_control"
"ENSMUSG00000071230",8.30118001521769,-3.33549820225281,1.01299396348799,-3.29271281219473,0.000992257722998501,0.00544359975680766,"Npw","381073","neuropeptide W","Down_in_KO_control"
"ENSMUSG00000024033",5.1140966978993,4.82652050868706,1.46621867842442,3.29181491117927,0.000995431010587614,0.00545516951028874,"Rsph1","22092","radial spoke head 1 homolog (Chlamydomonas)","Up_in_KO_control"
"ENSMUSG00000027323",443.750697613794,0.617648604116279,0.187633270021955,3.2917861744029,0.000995532724717365,0.00545516951028874,"Rad51","19361","RAD51 recombinase","Up_in_KO_control"
"ENSMUSG00000028385",408.286765338742,0.591677119416894,0.179743179150046,3.29179177877439,0.00099551288722879,0.00545516951028874,"Snx30","209131","sorting nexin family member 30","Up_in_KO_control"
"ENSMUSG00000036181",1876.23383218332,-1.03661605161778,0.315042032036188,-3.2904055529286,0.00100043080062813,0.00547880057715955,"H1f2","50708","H1.2 linker histone, cluster member","Down_in_KO_control"
"ENSMUSG00000109325",42.0552962633654,1.6327813966725,0.496395109999554,3.28927776237353,0.00100444844534024,0.00549758518796485,NA,NA,NA,"Up_in_KO_control"
"ENSMUSG00000036832",9.04757798351946,-2.98941371268181,0.908873399542485,-3.28914204573117,0.00100493292828918,0.00549862862195186,"Lpar3","65086","lysophosphatidic acid receptor 3","Down_in_KO_control"
"ENSMUSG00000048772",64.3662718205865,-0.942752380597096,0.286739882754189,-3.28783136667905,0.00100962295174494,0.00552267591230725,"Tmem53","68777","transmembrane protein 53","Down_in_KO_control"
"ENSMUSG00000118365",34.2211316848744,-1.48465487447059,0.451731988142347,-3.28658344647215,0.00101410722582259,0.00554234477710807,"Gm41724","105246434","predicted gene, 41724","Down_in_KO_control"
"ENSMUSG00000107092",186.083474043263,0.953880204696891,0.290234385603094,3.28658578036772,0.00101409882202661,0.00554234477710807,NA,NA,NA,"Up_in_KO_control"
"ENSMUSG00000062866",132.705287089653,0.804386004000601,0.244874703830861,3.2848881138666,0.00102022876913509,0.00556929432812861,"Phactr2","215789","phosphatase and actin regulator 2","Up_in_KO_control"
"ENSMUSG00000034656",174.395260676446,0.842150060173912,0.256391679146563,3.28462320999313,0.00102118837351402,0.00557290697975151,"Cacna1a","12286","calcium channel, voltage-dependent, P/Q type, alpha 1A subunit","Up_in_KO_control"
"ENSMUSG00000040189",75.0194477442375,1.2055617538377,0.367129347695232,3.283752065603,0.00102434995532325,0.00558039613215834,"Odad1","211535","outer dynein arm docking complex subunit 1","Up_in_KO_control"
"ENSMUSG00000022208",104.557118534556,0.799628656421102,0.243506465054297,3.28380873272831,0.0010241440222323,0.00558039613215834,"Jph4","319984","junctophilin 4","Up_in_KO_control"
"ENSMUSG00000037904",176.561932209666,-0.710941869200675,0.216522686988419,-3.28345209035162,0.0010254407291276,0.00558471256232966,"Ankrd9","74251","ankyrin repeat domain 9","Down_in_KO_control"
"ENSMUSG00000026447",119.744083511812,0.844737070991503,0.257305085568949,3.28301739207227,0.00102702329218534,0.00559007762264812,"Pik3c2b","240752","phosphatidylinositol-4-phosphate 3-kinase catalytic subunit type 2 beta","Up_in_KO_control"
"ENSMUSG00000046275",25.1582279962727,-1.8854874400619,0.574342879611363,-3.28286030347889,0.0010275957448971,0.0055915670759696,"Trarg1","237858","trafficking regulator of GLUT4 (SLC2A4) 1","Down_in_KO_control"
"ENSMUSG00000103881",7.67014270927498,-2.93640806019277,0.894661495705513,-3.28214422358389,0.00103020898284916,0.00560252853706953,NA,NA,NA,"Down_in_KO_control"
"ENSMUSG00000013091",3.2286761608228,5.23231807295786,1.59497797678921,3.28049549843368,0.0010362491843381,0.00563046776612047,"Tmem190","78052","transmembrane protein 190","Up_in_KO_control"
"ENSMUSG00000038119",400.665568440652,0.733470459836364,0.223596588590721,3.28032938453696,0.00103685956617434,0.00563051452751607,"Cdon","57810","cell adhesion associated, oncogene regulated","Up_in_KO_control"
"ENSMUSG00000076490",32.9744667483232,1.38464433014335,0.422224977589969,3.27939938098121,0.00104028299361159,0.00564746610369996,NA,NA,NA,"Up_in_KO_control"
"ENSMUSG00000068606",9.39623765976845,4.98446978197612,1.52054977147384,3.27807078432216,0.00104519182552477,0.00567082476980142,"Gm4841","225594","predicted gene 4841","Up_in_KO_control"
"ENSMUSG00000103041",187.880028190521,-0.711556325735063,0.217073788448438,-3.27794677939239,0.00104565108459162,0.00567167210027912,NA,NA,NA,"Down_in_KO_control"
"ENSMUSG00000022878",26.8970432113705,-4.5406995332698,1.38546934266395,-3.27737279595017,0.00104777929722637,0.00568156881744337,"Adipoq","11450","adiponectin, C1Q and collagen domain containing","Down_in_KO_control"
"ENSMUSG00000112336",8.32892117669826,-3.33980303895902,1.01945351813709,-3.27607191455087,0.00105261754173642,0.00570119596483754,NA,NA,NA,"Down_in_KO_control"
"ENSMUSG00000008129",37.6002471049525,1.31446659161761,0.401765454216766,3.27172627168788,0.00106893013887314,0.00578118199096333,"Brme1","74666","break repair meiotic recombinase recruitment factor 1","Up_in_KO_control"
"ENSMUSG00000044071",16.9342502298964,-2.51828352396341,0.769922739313709,-3.27082627304676,0.00107233763586964,0.00579626059504004,"Tafa2","268354","TAFA chemokine like family member 2","Down_in_KO_control"
"ENSMUSG00000021697",93.0122434653224,0.948592248098094,0.290747699719975,3.26259588299994,0.00110396820392586,0.00594833198965292,"Depdc1b","218581","DEP domain containing 1B","Up_in_KO_control"
"ENSMUSG00000086841",2321.4765174457,-0.593123495386314,0.181969130606588,-3.25947315024892,0.00111619345144062,0.00600728445694802,"2410006H16Rik","69221","RIKEN cDNA 2410006H16 gene","Down_in_KO_control"
"ENSMUSG00000046185",222.848779595522,0.595544473243177,0.182720328354859,3.25932247717165,0.00111678647807933,0.00600874794833193,"Zfp84","74352","zinc finger protein 84","Up_in_KO_control"
"ENSMUSG00000036412",44.115777482994,1.22214090550714,0.375065429801359,3.25847387788954,0.001120131881723,0.0060232838800812,"Arsi","545260","arylsulfatase i","Up_in_KO_control"
"ENSMUSG00000097090",13.3169733867974,-2.04155134863215,0.626632269721525,-3.25797353133348,0.00112210872024681,0.00602871676198065,NA,NA,NA,"Down_in_KO_control"
"ENSMUSG00000040621",260.643241343796,0.605934621081744,0.18602061430828,3.25735200550175,0.00112456882250959,0.00603846667880111,"Gemin8","237221","gem nuclear organelle associated protein 8","Up_in_KO_control"
"ENSMUSG00000095990",222.12366071777,-0.651272414028852,0.200239695157378,-3.25246407070779,0.00114409059129756,0.00613273194928425,"Zfp97","22759","zinc finger protein 97","Down_in_KO_control"
"ENSMUSG00000085412",16.8577576032548,-2.01961712141206,0.621030860586534,-3.25203987367814,0.00114579946639061,0.00614013328023126,NA,NA,NA,"Down_in_KO_control"
"ENSMUSG00000041696",101.426395589093,-1.23257566122997,0.37909366858533,-3.25137495920097,0.00114848281820281,0.00615275092385607,"Rasl12","70784","RAS-like, family 12","Down_in_KO_control"
"ENSMUSG00000113036",30.4288641014009,1.58744558268222,0.488268849895618,3.25117111816899,0.00114930660865498,0.00615540199420742,NA,NA,NA,"Up_in_KO_control"
"ENSMUSG00000046879",1175.83022031226,1.18589656710036,0.364769025331238,3.25108900357829,0.00114963861574095,0.0061554184310044,"Irgm1","15944","immunity-related GTPase family M member 1","Up_in_KO_control"
"ENSMUSG00000026791",284.531970165038,-0.612051699108773,0.188279905717731,-3.25075422560685,0.00115099311327258,0.00615914616204454,"Slc2a8","56017","solute carrier family 2, (facilitated glucose transporter), member 8","Down_in_KO_control"
"ENSMUSG00000110140",39.680216623131,-1.48924897653957,0.458252128515872,-3.24984628301185,0.00115467403893605,0.00617235562388052,"5430421F17Rik","74489","RIKEN cDNA 5430421F17 gene","Down_in_KO_control"
"ENSMUSG00000027242",161.660346518852,0.734300202701744,0.225990071302364,3.24925868853454,0.00115706202450299,0.00618278174315374,"Wdr76","241627","WD repeat domain 76","Up_in_KO_control"
"ENSMUSG00000039883",857.094201985814,-0.680746806025167,0.209516103432519,-3.24913834723173,0.00115755165465953,0.00618363234760031,"Lrrc17","74511","leucine rich repeat containing 17","Down_in_KO_control"
"ENSMUSG00000089797",18.4413262910482,1.84072955435823,0.56659937949052,3.24873203358146,0.00115920622965631,0.0061907038172256,"Gm16118","102632420","predicted gene 16118","Up_in_KO_control"
"ENSMUSG00000116640",10.0135046668709,2.89751423189559,0.89216337411716,3.2477395014818,0.00116325717629972,0.00621056534667523,"Gm8670","667501","TWIST neighbor pseudogene","Up_in_KO_control"
"ENSMUSG00000079297",558.391604291562,1.6341393522046,0.503219598703069,3.24736825913819,0.00116477573348836,0.00621591037395349,NA,NA,NA,"Up_in_KO_control"
"ENSMUSG00000003484",169.67237075709,0.806564523775463,0.248407167077586,3.24694546161604,0.00116650740697438,0.00622259210567603,"Cyp4f18","72054","cytochrome P450, family 4, subfamily f, polypeptide 18","Up_in_KO_control"
"ENSMUSG00000002910",217.179106142585,-0.59908621420091,0.184607629472901,-3.2451866475478,0.00117373663673928,0.00625402439729561,"Arrdc2","70807","arrestin domain containing 2","Down_in_KO_control"
"ENSMUSG00000112714",32.7258078592837,1.62975776707025,0.502433154014352,3.24373054216022,0.0011797529479139,0.00627714441692146,NA,NA,NA,"Up_in_KO_control"
"ENSMUSG00000032852",105.139028720995,1.11577723395399,0.344115216764139,3.24245246823467,0.00118505714026535,0.00630357426543076,"Rspo4","228770","R-spondin 4","Up_in_KO_control"
"ENSMUSG00000060568",49.7695249266525,1.12915674565104,0.34835976623033,3.24135234636845,0.00118964044253463,0.00632615561271683,"Fam78b","226610","family with sequence similarity 78, member B","Up_in_KO_control"
"ENSMUSG00000110344",193.925908910325,-0.888708768486514,0.274333041830734,-3.23952507709536,0.00119728937719242,0.00636140718779151,"Smim36","121811722","small integral membrane protein 36","Down_in_KO_control"
"ENSMUSG00000048764",4.98845891898209,-4.91973639595917,1.51917700611009,-3.23842210366015,0.00120192837848178,0.00638062006993745,"Tmprss11f","243083","transmembrane protease, serine 11f","Down_in_KO_control"
"ENSMUSG00000074071",10.0574179736597,-2.4302412641663,0.750562205897927,-3.23789453434963,0.0012041531503049,0.00638725673424404,"Fam169b","434197","family with sequence similarity 169, member B","Down_in_KO_control"
"ENSMUSG00000051726",107.591578728221,-1.00353578575498,0.309932465820313,-3.23791759956117,0.00120405580431233,0.00638725673424404,"Kcnf1","382571","potassium voltage-gated channel, subfamily F, member 1","Down_in_KO_control"
"ENSMUSG00000110446",22.33910898861,2.24261142357813,0.692703193374656,3.23747810754668,0.00120591191742279,0.00639451111100386,NA,NA,NA,"Up_in_KO_control"
"ENSMUSG00000090235",21.5159683335736,-1.55720031367843,0.481018904875737,-3.23729545324359,0.00120668410127235,0.00639679308416701,"Gm16244","102637720","predicted gene 16244","Down_in_KO_control"
"ENSMUSG00000021638",8.65041503216168,-3.25712860558884,1.00668508787108,-3.23549901039754,0.00121430306367087,0.00643171617052733,"Ocln","18260","occludin","Down_in_KO_control"
"ENSMUSG00000104610",15.6737869284409,-2.00492993539517,0.619865320274901,-3.2344605671858,0.00121872748684815,0.00645332412602984,"Gm567","229861","predicted gene 567","Down_in_KO_control"
"ENSMUSG00000097191",6.2693890311681,3.44073549626093,1.06417595153322,3.23323928839368,0.00122394995615024,0.00647365051708294,"Mm2pr","433966","macrophage M2 polarization regulator","Up_in_KO_control"
"ENSMUSG00000028634",152.995771241967,0.621370527547276,0.192170093262486,3.23344031840866,0.00122308888681895,0.00647365051708294,"Hivep3","16656","human immunodeficiency virus type I enhancer binding protein 3","Up_in_KO_control"
"ENSMUSG00000045886",515.864620662533,-0.608919238560907,0.188325531315129,-3.23333344294136,0.00122354659547998,0.00647365051708294,"Pam16l","100042179","presequence translocase associated motor 16 like","Down_in_KO_control"
"ENSMUSG00000118537",108.776195569424,-0.857118056003027,0.265105970253246,-3.23311487547509,0.00122448313287371,0.00647464053841924,"Shld3","113002583","shieldin complex subunit 3","Down_in_KO_control"
"ENSMUSG00000050359",124.700328553463,-2.05023467740418,0.635318176880888,-3.22709903794955,0.00125052168606486,0.00659369183187708,"Sprr1a","20753","small proline-rich protein 1A","Down_in_KO_control"
"ENSMUSG00000022012",140.647188811795,0.740795837329994,0.229551404381668,3.22714574247733,0.00125031757881689,0.00659369183187708,"Enox1","239188","ecto-NOX disulfide-thiol exchanger 1","Up_in_KO_control"
"ENSMUSG00000028133",132.544762039418,-0.60486039641791,0.187550127593407,-3.22505990360719,0.00125946312522541,0.00663149506537509,"Rwdd3","66568","RWD domain containing 3","Down_in_KO_control"
"ENSMUSG00000095788",49.9444466075078,1.46685145164388,0.455303323022354,3.22170161620336,0.00127431769757372,0.00669840086367894,"Sirpb1a","320832","signal-regulatory protein beta 1A","Up_in_KO_control"
"ENSMUSG00000118270",4.05710755980585,4.8378965909252,1.50290217134977,3.21903626407049,0.0012862221778864,0.00675541880037585,NA,NA,NA,"Up_in_KO_control"
"ENSMUSG00000070476",317.488841988671,0.606990817913505,0.18856323754423,3.21903052693995,0.00128624791245333,0.00675541880037585,"Fam217b","71532","family with sequence similarity 217, member B","Up_in_KO_control"
"ENSMUSG00000040522",86.352087649736,1.17359588281491,0.364778218736847,3.21728607283307,0.00129409494440629,0.0067909138235207,"Tlr8","170744","toll-like receptor 8","Up_in_KO_control"
"ENSMUSG00000037031",127.80616352588,-1.08370924684318,0.336853573918929,-3.21715229034203,0.00129469855518374,0.00679217663671248,"Tspan15","70423","tetraspanin 15","Down_in_KO_control"
"ENSMUSG00000044626",11.1287896380064,-2.84386469319862,0.884209807537959,-3.21627816040316,0.00129864892642829,0.0068090830373361,"Liph","239759","lipase, member H","Down_in_KO_control"
"ENSMUSG00000078134",143.38827944676,0.688810680934854,0.214340837155698,3.21362317174539,0.00131071566945555,0.00686657959757045,"Srsf3-ps","100502754","serine and arginine rich splicing factor 3, pseudogene","Up_in_KO_control"
"ENSMUSG00000047415",51.6164090208579,-1.55584645619189,0.484688435987734,-3.209992937053,0.00132738233838038,0.00694417268608108,"Gpr68","238377","G protein-coupled receptor 68","Down_in_KO_control"
"ENSMUSG00000115007",61.9279703935877,-1.18644807574034,0.369652439363838,-3.20963139802943,0.00132905285278775,0.00694902655328786,NA,NA,NA,"Down_in_KO_control"
"ENSMUSG00000117869",356.369153030981,-0.634939923438654,0.197823065653979,-3.20963544538964,0.00132903414096709,0.00694902655328786,"Snhg4","100503380","small nucleolar RNA host gene 4","Down_in_KO_control"
"ENSMUSG00000021730",18.3137410533319,-1.9574808895203,0.610158477799349,-3.20815158806008,0.00133591064906677,0.00697903293578627,"Hcn1","15165","hyperpolarization activated cyclic nucleotide gated potassium channel 1","Down_in_KO_control"
"ENSMUSG00000057657",952.130106964547,-1.59180418010461,0.496639150291279,-3.20515243144045,0.0013499097060904,0.00704430014781641,"Rps18-ps3","100042791","ribosomal protein S18, pseudogene 3","Down_in_KO_control"
"ENSMUSG00000096199",201.470302205813,-0.674900704366128,0.210606127375446,-3.20456347959424,0.00135267458253638,0.00705676037440852,"Ptrhd1","69709","peptidyl-tRNA hydrolase domain containing 1","Down_in_KO_control"
"ENSMUSG00000048120",754.951064129461,0.621572314481081,0.194033868649804,3.20342174696782,0.0013580494131134,0.00707887985169667,"Entpd1","12495","ectonucleoside triphosphate diphosphohydrolase 1","Up_in_KO_control"
"ENSMUSG00000076617",129.058133262824,1.01330769013634,0.316484692275531,3.20175893137402,0.00136591254400087,0.00711392191369005,"Ighm","16019","immunoglobulin heavy constant mu","Up_in_KO_control"
"ENSMUSG00000028033",293.849207659614,0.619674507072061,0.193697869073431,3.19918081719908,0.00137818700754683,0.00716986752077393,"Kcnq5","226922","potassium voltage-gated channel, subfamily Q, member 5","Up_in_KO_control"
"ENSMUSG00000029735",151.814643909178,-0.64829317594585,0.202664897787011,-3.19884293247057,0.0013798032031608,0.007174286563142,"Tpk1","29807","thiamine pyrophosphokinase","Down_in_KO_control"
"ENSMUSG00000038167",29.2914375773797,1.46724414991133,0.458867616466339,3.19753257205275,0.001386087565408,0.00720121724545141,"Plekhg6","213522","pleckstrin homology domain containing, family G (with RhoGef domain) member 6","Up_in_KO_control"
"ENSMUSG00000022594",117.097658269424,0.918257431141607,0.287298955355643,3.19617392971342,0.00139263134686533,0.00722693022570463,"Lynx1","23936","Ly6/neurotoxin 1","Up_in_KO_control"
"ENSMUSG00000019577",226.134863161639,-1.76460322271246,0.552182862774449,-3.19568632363234,0.00139498679716757,0.00723313603086638,"Pdk4","27273","pyruvate dehydrogenase kinase, isoenzyme 4","Down_in_KO_control"
"ENSMUSG00000034212",11.9772358460379,3.49121303305429,1.09273926399773,3.19491863070963,0.00139870269276886,0.00724698886786542,"Ankmy1","241158","ankyrin repeat and MYND domain containing 1","Up_in_KO_control"
"ENSMUSG00000054966",12.462936769997,2.62654582025423,0.822091332990537,3.19495622305078,0.00139852052069832,0.00724698886786542,"Lmntd1","74071","lamin tail domain containing 1","Up_in_KO_control"
"ENSMUSG00000071047",38.9320171668974,-1.185276010704,0.371006495689775,-3.19475810928952,0.00139948082402782,0.00724698886786542,"Ces1a","244595","carboxylesterase 1A","Down_in_KO_control"
"ENSMUSG00000014704",160.695054912654,-0.63576603614811,0.199004335433481,-3.19473460094854,0.00139959481475261,0.00724698886786542,"Hoxa2","15399","homeobox A2","Down_in_KO_control"
"ENSMUSG00000075318",89.0716900932978,-0.816036048963127,0.255449912225502,-3.19450510612335,0.00140070807307873,0.00725074693541418,"Scn2a","110876","sodium channel, voltage-gated, type II, alpha","Down_in_KO_control"
"ENSMUSG00000059195",2725.48580653172,1.30064600808362,0.407265118801878,3.19361012774664,0.00140505733641247,0.00726923913085059,NA,NA,NA,"Up_in_KO_control"
"ENSMUSG00000093577",49.6283352652257,-1.18955264275136,0.372970822607854,-3.18939866243122,0.00142569115081391,0.00735971269108431,NA,NA,NA,"Down_in_KO_control"
"ENSMUSG00000020431",24.9862793493696,-1.45314465780863,0.45576993317706,-3.18832935661007,0.00143097443125365,0.00738291274663623,"Adcy1","432530","adenylate cyclase 1","Down_in_KO_control"
"ENSMUSG00000026829",23.2515096910954,1.82198360514749,0.572045199205143,3.18503434287909,0.0014473683063815,0.00745516188200303,"Gbgt1","227671","globoside alpha-1,3-N-acetylgalactosaminyltransferase 1","Up_in_KO_control"
"ENSMUSG00000019880",26.6937605614935,-1.50529635345154,0.472751112883006,-3.18412016900755,0.0014519472283893,0.00747052199198488,"Rspo3","72780","R-spondin 3","Down_in_KO_control"
"ENSMUSG00000084911",61.8861872849268,1.13091760868178,0.355167311586592,3.18418269865484,0.00145163360447216,0.00747052199198488,NA,NA,NA,"Up_in_KO_control"
"ENSMUSG00000085995",41.3934973775829,1.26478158741189,0.397232525471069,3.18398294780119,0.00145263569446137,0.00747200982695317,"Gm2788","108167326","predicted gene 2788","Up_in_KO_control"
"ENSMUSG00000037161",121.767142391375,-2.10713223742228,0.661816084261882,-3.18386374633422,0.0014532339961083,0.00747303318746209,"Mgarp","67749","mitochondria localized glutamic acid rich protein","Down_in_KO_control"
"ENSMUSG00000020100",479.964107242664,0.589635914481261,0.185219110819142,3.18345073504328,0.00145530875910899,0.00748164637615563,"Slc29a3","71279","solute carrier family 29 (nucleoside transporters), member 3","Up_in_KO_control"
"ENSMUSG00000030844",952.987097901609,-0.624591867530746,0.196245259720923,-3.18271059601117,0.00145903368011047,0.0074987358571566,"Rgs10","67865","regulator of G-protein signalling 10","Down_in_KO_control"
"ENSMUSG00000066607",408.789515277235,0.834751921002382,0.262302348850717,3.18240353035291,0.00146058163641588,0.0075046304673944,"Insyn1","319477","inhibitory synaptic factor 1","Up_in_KO_control"
"ENSMUSG00000075028",37.2972509804198,1.60598374257534,0.504801848499661,3.18141414764731,0.00146557953883689,0.00752204879601062,"Prdm11","100042784","PR domain containing 11","Up_in_KO_control"
"ENSMUSG00000060036",2856.15954107986,0.609852490462001,0.191762486200108,3.18024918505493,0.00147148459153566,0.00755028548434515,"Rpl3","27367","ribosomal protein L3","Up_in_KO_control"
"ENSMUSG00000047747",412.390434409999,0.662911030224104,0.208462096217613,3.18000750377226,0.00147271238714065,0.00755451395300521,"Rnf150","330812","ring finger protein 150","Up_in_KO_control"
"ENSMUSG00000097209",12.5985889209198,2.14712142296432,0.675329005069551,3.17937095378154,0.00147595072425033,0.0075690506722106,"AU022754","105975","expressed sequence AU022754","Up_in_KO_control"
"ENSMUSG00000045609",17.4606656756466,1.99637436938192,0.627993900779007,3.17897095322976,0.00147798901310435,0.00757535152074001,NA,NA,NA,"Up_in_KO_control"
"ENSMUSG00000109274",90.1089358056303,1.2103519135633,0.381039327067348,3.17644880091176,0.00149090103668468,0.0076373476866905,NA,NA,NA,"Up_in_KO_control"
"ENSMUSG00000043153",78.1331854774228,0.931171149381455,0.293167038084621,3.17624776463676,0.00149193469039844,0.00763846070080054,"Crppa","75847","CDP-L-ribitol pyrophosphorylase A","Up_in_KO_control"
"ENSMUSG00000016239",44.7266523419651,-1.27146255501959,0.400388807767672,-3.17556967216067,0.00149542606107005,0.00765214872321681,"Lonrf3","74365","LON peptidase N-terminal domain and ring finger 3","Down_in_KO_control"
"ENSMUSG00000040121",49.2070053960147,1.19425670510018,0.376380261894463,3.17300567008757,0.00150869577977824,0.00771372243906835,"Rep15","66532","RAB15 effector protein","Up_in_KO_control"
"ENSMUSG00000070524",39.7654643537227,-1.29231863357916,0.407308559402491,-3.17282464055003,0.00150963676633751,0.00771642524132038,"Fcrlb","435653","Fc receptor-like B","Down_in_KO_control"
"ENSMUSG00000057265",30.1271947152982,-1.35094165972871,0.425979926699022,-3.17137398984348,0.00151719675663743,0.00774871804229154,"Bbof1","72873","basal body orientation factor 1","Down_in_KO_control"
"ENSMUSG00000117061",7.64362560453692,3.0660751763519,0.968030460123983,3.16733336671989,0.00153843848633397,0.00785291854739976,NA,NA,NA,"Up_in_KO_control"
"ENSMUSG00000019894",114.978480964683,1.10479621747423,0.348907052064677,3.16644851669389,0.00154312658918891,0.00787255394315488,"Slc6a15","103098","solute carrier family 6 (neurotransmitter transporter), member 15","Up_in_KO_control"
"ENSMUSG00000052221",2.77664073657672,-5.1191690069652,1.61763938568775,-3.1645922152104,0.00155300440767373,0.00791431685206931,"Ppp1r36","210762","protein phosphatase 1, regulatory subunit 36","Down_in_KO_control"
"ENSMUSG00000091649",165.44797181623,1.08870790955459,0.344157163022083,3.16340331258695,0.00155936139292932,0.00793590692028458,"Phf11b","236451","PHD finger protein 11B","Up_in_KO_control"
"ENSMUSG00000069379",113.556921132928,-0.794693490448487,0.251283885388579,-3.16253264398389,0.0015640319910546,0.00795318767625129,"Gm4950","240289","proteasome (prosome, macropain) subunit, beta type 3 pseudogene","Down_in_KO_control"
"ENSMUSG00000089948",7.54376808417185,3.23994901601736,1.02499733662908,3.16093408269003,0.00157264083454049,0.00799130388306053,NA,NA,NA,"Up_in_KO_control"
"ENSMUSG00000028687",123.696354914462,-0.651826171348605,0.206356428786412,-3.15873934813668,0.00158453137069195,0.00804649539749212,"Mutyh","70603","mutY DNA glycosylase","Down_in_KO_control"
"ENSMUSG00000053178",82.2432311799531,-0.866202452412539,0.274270886871088,-3.15820050131558,0.0015874633389645,0.00805919735812333,"Mterf1b","208595","mitochondrial transcription termination factor 1b","Down_in_KO_control"
"ENSMUSG00000117003",10.7660767187935,-2.53030577725472,0.801941485658508,-3.15522494160154,0.00160374406231048,0.00812498469079265,NA,NA,NA,"Down_in_KO_control"
"ENSMUSG00000011263",86.5615519479391,1.03382804438861,0.327658750106215,3.15519742431258,0.00160389533734773,0.00812498469079265,"Exoc3l2","74463","exocyst complex component 3-like 2","Up_in_KO_control"
"ENSMUSG00000031976",417.841435185743,0.762040223424189,0.241507827635996,3.15534378692166,0.0016030908664403,0.00812498469079265,"Urb2","382038","URB2 ribosome biogenesis 2 homolog (S. cerevisiae)","Up_in_KO_control"
"ENSMUSG00000029054",2.95256429880892,5.44201322602241,1.72497974282058,3.15482732401482,0.0016059312235449,0.00813309634267816,"Gabrd","14403","gamma-aminobutyric acid (GABA) A receptor, subunit delta","Up_in_KO_control"
"ENSMUSG00000097296",98.2053057195437,-1.15823127304401,0.367350851594829,-3.15292932632559,0.00161640935646973,0.00817730962087536,NA,NA,NA,"Down_in_KO_control"
"ENSMUSG00000029206",29.9612486463371,-1.46448805560678,0.464714558394322,-3.15137115709666,0.00162505841797066,0.00821440253254591,"Nsun7","70918","NOL1/NOP2/Sun domain family, member 7","Down_in_KO_control"
"ENSMUSG00000051048",884.744774967053,0.605490158635433,0.192158912231824,3.15098660584089,0.00162719952203932,0.00822300422790218,"P4ha3","320452","procollagen-proline, 2-oxoglutarate 4-dioxygenase (proline 4-hydroxylase), alpha polypeptide III","Up_in_KO_control"
"ENSMUSG00000057530",1749.77317146746,-0.658325955792735,0.208974988214027,-3.15026195918955,0.00163124126617863,0.00824120351349912,"Ece1","230857","endothelin converting enzyme 1","Down_in_KO_control"
"ENSMUSG00000046865",1449.39977778861,0.61540470540028,0.195366817003118,3.14999606811662,0.00163272659918963,0.00824648120125115,"Fbl","14113","fibrillarin","Up_in_KO_control"
"ENSMUSG00000082674",140.263857083406,0.684121826142366,0.217364521179942,3.14734816164422,0.00164758652139901,0.00831704520500126,"Gm11914","100040691","high-mobility group nucleosome binding domain 5 pseudogene","Up_in_KO_control"
"ENSMUSG00000092130",142.154685712584,0.791629331281207,0.251603559200622,3.14633598108198,0.00165329963275627,0.00834363431169581,"D030025P21Rik","100303738","RIKEN cDNA D030025P21 gene","Up_in_KO_control"
"ENSMUSG00000043931",9.95445714667606,2.52111885051456,0.801466346641345,3.14563282797794,0.00165727920584204,0.00836146286840714,"Gimap7","231932","GTPase, IMAP family member 7","Up_in_KO_control"
"ENSMUSG00000030638",826.386032370052,0.805132974202807,0.255967594204538,3.14544884755781,0.00165832191722389,0.00836446847358778,"Sh3gl3","20408","SH3-domain GRB2-like 3","Up_in_KO_control"
"ENSMUSG00000030249",336.226527457773,-0.602973511368633,0.191719521022048,-3.14508146147148,0.0016604058889417,0.00837272309344273,"Abcc9","20928","ATP-binding cassette, sub-family C member 9","Down_in_KO_control"
"ENSMUSG00000059493",214.424947004756,0.749762371050687,0.238485263151782,3.1438519979891,0.0016673974709836,0.00840344973727876,"Nhs","195727","NHS actin remodeling regulator","Up_in_KO_control"
"ENSMUSG00000060438",1360.36430914052,-0.61349567951454,0.19518627726675,-3.14312915900389,0.00167152066795256,0.00841742902567176,"Rps10-ps1","668457","ribosomal protein S10, pseudogene 1","Down_in_KO_control"
"ENSMUSG00000045532",46.9386715373413,-1.18988498573865,0.378581282665911,-3.14301060358734,0.00167219782301738,0.00841857354375147,"C1ql1","23829","complement component 1, q subcomponent-like 1","Down_in_KO_control"
"ENSMUSG00000107879",31.2231978608519,-1.2849513421176,0.408882645809576,-3.14259202557602,0.00167459064147047,0.00842608622582329,"9330102E08Rik","330427","RIKEN cDNA 9330102E08 gene","Down_in_KO_control"
"ENSMUSG00000005202",19.3151264777279,2.04541118049791,0.650945977811762,3.14221340974227,0.00167675772732344,0.00843472240629125,"Shbg","20415","sex hormone binding globulin","Up_in_KO_control"
"ENSMUSG00000041362",193.336625966773,-0.885377227642281,0.281896895015963,-3.14078389402674,0.00168496313588938,0.00847144415956423,"Shtn1","71653","shootin 1","Down_in_KO_control"
"ENSMUSG00000051354",14.2603542846014,2.15169557851537,0.685324702983875,3.13967316389878,0.00169136420065918,0.0085013425428244,"Samd3","268288","sterile alpha motif domain containing 3","Up_in_KO_control"
"ENSMUSG00000025551",10.5337007586737,2.76964444554959,0.882434592159238,3.13863992885016,0.00169733874069221,0.00852908159360184,"Fgf14","14169","fibroblast growth factor 14","Up_in_KO_control"
"ENSMUSG00000005413",2682.61839691193,-1.16035240059024,0.369726844839497,-3.13840451886571,0.00169870267909845,0.00853364382119983,"Hmox1","15368","heme oxygenase 1","Down_in_KO_control"
"ENSMUSG00000029664",198.731686957186,-1.03406087982833,0.329522526620698,-3.13805823969844,0.00170071081300912,0.00853685661047199,"Tfpi2","21789","tissue factor pathway inhibitor 2","Down_in_KO_control"
"ENSMUSG00000015396",220.613151797903,0.803628331919531,0.256192887630525,3.1368096880133,0.00170796952781836,0.00856180920816097,"Cd83","12522","CD83 antigen","Up_in_KO_control"
"ENSMUSG00000043155",29.1243964737018,-1.43776450453624,0.45839887842363,-3.13649219535726,0.00170981987596166,0.00856649513758247,"Hpdl","242642","4-hydroxyphenylpyruvate dioxygenase-like","Down_in_KO_control"
"ENSMUSG00000020186",1856.71918894553,-0.624774331692205,0.199194540229345,-3.1365032945826,0.00170975515855574,0.00856649513758247,"Csrp2","13008","cysteine and glycine-rich protein 2","Down_in_KO_control"
"ENSMUSG00000066571",128.353747788578,1.2086219955756,0.385354740075208,3.13638803389241,0.00171042733082647,0.00856724481845709,"Garre1","233103","granule associated Rac and RHOG effector 1","Up_in_KO_control"
"ENSMUSG00000028545",68.5823342482819,1.3105344230489,0.41799201867939,3.13530968172413,0.00171672780206702,0.00859190354642424,"Bend5","67621","BEN domain containing 5","Up_in_KO_control"
"ENSMUSG00000045322",25.2182928386538,1.79421575093875,0.572297153971671,3.13511213272182,0.00171788432914002,0.00859490086790562,"Tlr9","81897","toll-like receptor 9","Up_in_KO_control"
"ENSMUSG00000114045",42.9792207922354,-1.20580854001016,0.384640964454443,-3.13489370982736,0.00171916389400795,0.00859490086790562,"Gm34220","102637400","predicted gene, 34220","Down_in_KO_control"
"ENSMUSG00000026940",19.1786966946636,-1.73938246649641,0.554880922605905,-3.13469502308296,0.00172032860180501,0.00859842658268619,"Ccdc183","77058","coiled-coil domain containing 183","Down_in_KO_control"
"ENSMUSG00000031189",10.9420037485304,2.36522946426458,0.75459841123226,3.13442147380374,0.00172193334341672,0.00860095543704832,"Aff2","14266","AF4/FMR2 family, member 2","Up_in_KO_control"
"ENSMUSG00000029838",20052.2316703783,0.929860403623536,0.296780935544097,3.13315409535588,0.00172938623530535,0.00862986789900509,"Ptn","19242","pleiotrophin","Up_in_KO_control"
"ENSMUSG00000108176",23.0940690406799,1.85439340167604,0.591908280565673,3.1329066724727,0.00173084467611568,0.00863484308828386,NA,NA,NA,"Up_in_KO_control"
"ENSMUSG00000037681",29.8070752711131,-1.45830010584308,0.46570793255354,-3.13136196295181,0.00173997561012479,0.00867114875959124,"Esyt3","272636","extended synaptotagmin-like protein 3","Down_in_KO_control"
"ENSMUSG00000071713",329.62451059233,0.635092301460648,0.202889270936507,3.13024093649287,0.00174662982370583,0.00869736133342393,"Csf2rb","12983","colony stimulating factor 2 receptor, beta, low-affinity (granulocyte-macrophage)","Up_in_KO_control"
"ENSMUSG00000034586",65.6775363241152,-1.07746729452138,0.344379896415601,-3.1287171688474,0.00175571215752889,0.00873555683053638,"Hid1","217310","HID1 domain containing","Down_in_KO_control"
"ENSMUSG00000028078",120.752136741974,-0.678946789210841,0.21700200559988,-3.12875812983368,0.00175546744495664,0.00873555683053638,"Dclk2","70762","doublecortin-like kinase 2","Down_in_KO_control"
"ENSMUSG00000091119",33.1045962178252,1.25208667050008,0.400230971625165,3.12841024125618,0.00175754682841927,0.0087400940207839,"Ccdc152","100039139","coiled-coil domain containing 152","Up_in_KO_control"
"ENSMUSG00000048424",3.55379604790747,-5.63932801241951,1.80339984114199,-3.12705362602696,0.00176567717758906,0.00877093359293181,"Ranbp3l","223332","RAN binding protein 3-like","Down_in_KO_control"
"ENSMUSG00000032596",257.915793251388,0.686051527928242,0.219390906120089,3.127073678946,0.00176555674681314,0.00877093359293181,"Uba7","74153","ubiquitin-like modifier activating enzyme 7","Up_in_KO_control"
"ENSMUSG00000028071",38.6813433531687,1.53756260568007,0.492012623619276,3.12504706560101,0.0017777661303556,0.00882656874432059,"Sh2d2a","27371","SH2 domain containing 2A","Up_in_KO_control"
"ENSMUSG00000012705",16.2193580558357,-4.72284012367124,1.51142559536831,-3.12475859754139,0.00177951030976453,0.00883288499379936,"Retn","57264","resistin","Down_in_KO_control"
"ENSMUSG00000027022",183.158115674089,4.43633180041458,1.42033557103913,3.12343920047634,0.00178750791746633,0.0088655276065591,"Xirp2","241431","xin actin-binding repeat containing 2","Up_in_KO_control"
"ENSMUSG00000034926",425.082852523673,0.852683563614285,0.27306426058009,3.12264798697151,0.00179231974078432,0.00888703744284498,"Dhcr24","74754","24-dehydrocholesterol reductase","Up_in_KO_control"
"ENSMUSG00000032889",13.1046714172862,2.17537766915626,0.696705603640338,3.12237716732829,0.00179396948351185,0.00888974331679504,NA,NA,NA,"Up_in_KO_control"
"ENSMUSG00000017002",26.1640212948854,-1.50989636823037,0.483814746727859,-3.12081510214833,0.00180351233539414,0.00892361880809901,"Slpi","20568","secretory leukocyte peptidase inhibitor","Down_in_KO_control"
"ENSMUSG00000002781",217.273185426805,0.622520473779625,0.199488982131021,3.12057571866683,0.00180497887488412,0.00892851432347517,"Tmem143","70209","transmembrane protein 143","Up_in_KO_control"
"ENSMUSG00000015354",596.491636194682,-0.620443209346764,0.199097886165023,-3.11627220809621,0.00183153121151593,0.0090335908173689,"Pcolce2","76477","procollagen C-endopeptidase enhancer 2","Down_in_KO_control"
"ENSMUSG00000044968",106.831363889073,-0.778817757009121,0.249954612601406,-3.11583670692677,0.00183423812352909,0.0090445581042424,"Napepld","242864","N-acyl phosphatidylethanolamine phospholipase D","Down_in_KO_control"
"ENSMUSG00000043833",13.4303283155507,-1.86993021177009,0.6002854581421,-3.11506831692638,0.00183902311432686,0.00906337622817973,"2900005J15Rik","67261","RIKEN cDNA 2900005J15 gene","Down_in_KO_control"
"ENSMUSG00000028689",233.035443097616,-0.585594863015005,0.188069569424505,-3.11371406233837,0.00184748438646713,0.00909788824314722,"Ccdc163","68394","coiled-coil domain containing 163","Down_in_KO_control"
"ENSMUSG00000070327",1736.85322952946,1.13451346635517,0.364378001868296,3.11356190697055,0.00184843727253027,0.00909992039889895,"Rnf213","672511","ring finger protein 213","Up_in_KO_control"
"ENSMUSG00000057894",120.433990345896,0.766512616878343,0.246347578459447,3.11150863211966,0.00186134032046108,0.00914686486785404,"Zfp329","67230","zinc finger protein 329","Up_in_KO_control"
"ENSMUSG00000003316",2797.9643808451,0.634349649347901,0.203868885490472,3.11155695888448,0.00186103568029317,0.00914686486785404,"Glg1","20340","golgi apparatus protein 1","Up_in_KO_control"
"ENSMUSG00000033595",20.3931977996721,-1.72843679697082,0.555908668562851,-3.10921001005295,0.00187588329641647,0.00921017272572709,"Lgi3","213469","leucine-rich repeat LGI family, member 3","Down_in_KO_control"
"ENSMUSG00000039347",72.2814642183253,0.946623264020488,0.304462566420485,3.10916141563732,0.00187619186824516,0.00921017272572709,"Atp6v0e2","76252","ATPase, H+ transporting, lysosomal V0 subunit E2","Up_in_KO_control"
"ENSMUSG00000083563",375.988214390893,1.74588546261888,0.561617703771659,3.10867241344785,0.00187929960120901,0.00922300903158256,NA,NA,NA,"Up_in_KO_control"
"ENSMUSG00000079144",190.023463973827,0.591858098267432,0.190446510336479,3.10773926611594,0.00188524311372198,0.00924732749333665,"A130010J15Rik","319266","RIKEN cDNA A130010J15 gene","Up_in_KO_control"
"ENSMUSG00000034055",395.168318727592,0.645389740905827,0.207896349816857,3.10438226296119,0.00190676800303745,0.00934311328642047,"Phka1","18679","phosphorylase kinase alpha 1","Up_in_KO_control"
"ENSMUSG00000006235",30.3434318209078,-1.43414833080503,0.462225199367835,-3.10270476981014,0.00191760834201381,0.00938639939945184,"Epor","13857","erythropoietin receptor","Down_in_KO_control"
"ENSMUSG00000032839",60.880618329645,-1.45456709904824,0.468965586340548,-3.10164997478511,0.00192445361651581,0.00941498052963671,"Trpc1","22063","transient receptor potential cation channel, subfamily C, member 1","Down_in_KO_control"
"ENSMUSG00000081865",121.386985164294,-1.01279148190357,0.326544147528118,-3.10154534867713,0.00192513382750031,0.00941584665813206,NA,NA,NA,"Down_in_KO_control"
"ENSMUSG00000027255",224.189825987931,0.700426654219051,0.22589322844815,3.10069787851043,0.00193065166988296,0.00943543606647163,"Arfgap2","77038","ARF GTPase activating protein 2","Up_in_KO_control"
"ENSMUSG00000001023",38.9091103041811,-1.21048835208218,0.390483717546016,-3.0999713885369,0.00193539337167291,0.00945367166904599,"S100a5","20199","S100 calcium binding protein A5","Down_in_KO_control"
"ENSMUSG00000060240",23.415762098787,-1.85768167736301,0.599384616249774,-3.0993149089914,0.00193968731934654,0.00946970227157106,"Cend1","57754","cell cycle exit and neuronal differentiation 1","Down_in_KO_control"
"ENSMUSG00000025922",28.4530383007079,1.82196403938921,0.588063781651869,3.0982422251398,0.00194672243278599,0.00949414044428571,"Rpl7-ps8","268809","ribosomal protein L7, pseudogene 8","Up_in_KO_control"
"ENSMUSG00000097121",43.5775721071694,-1.01793561654877,0.328679324207386,-3.09704791746038,0.0019545827629648,0.00952750905010688,"D130020L05Rik","319760","RIKEN cDNA D130020L05 gene","Down_in_KO_control"
"ENSMUSG00000053117",24.4564442381558,1.56061788009282,0.503969240476057,3.09665303902008,0.00195718805619261,0.00953524084757414,NA,NA,NA,"Up_in_KO_control"
"ENSMUSG00000044786",1166.4808742076,-1.06475205654711,0.34391455023446,-3.09597850925827,0.00196164578287001,0.00955286500955802,"Zfp36","22695","zinc finger protein 36","Down_in_KO_control"
"ENSMUSG00000032198",485.749825346022,0.625702998110509,0.20210825557423,3.09588045442657,0.00196229456767397,0.00955286500955802,"Dock6","319899","dedicator of cytokinesis 6","Up_in_KO_control"
"ENSMUSG00000073478",74.8916625174039,-0.884987854204601,0.28593536998831,-3.09506254592002,0.00196771398043301,0.00957157050060903,"D730003I15Rik","100504360","RIKEN cDNA D730003I15 gene","Down_in_KO_control"
"ENSMUSG00000066809",52.8018493355528,-1.34868802788155,0.435833334258473,-3.09450407270066,0.00197142228046567,0.009587116718907,NA,NA,NA,"Down_in_KO_control"
"ENSMUSG00000027956",185.649082091777,-0.62635996599267,0.202495251509341,-3.09320816821117,0.00198005190138263,0.00962658124982417,"Tmem144","70652","transmembrane protein 144","Down_in_KO_control"
"ENSMUSG00000024186",35.2486634258561,-1.34205956075992,0.434091872771378,-3.09164866919023,0.00199048280248944,0.00967226815969487,"Rgs11","50782","regulator of G-protein signaling 11","Down_in_KO_control"
"ENSMUSG00000008450",160.342242614322,0.668318138814006,0.216165205099959,3.09170080589502,0.00199013326640814,0.00967226815969487,"Nutf2","68051","nuclear transport factor 2","Up_in_KO_control"
"ENSMUSG00000020838",28.1032543012948,-2.22516044917107,0.71977575623152,-3.09146345914898,0.00199172494752164,0.00967579152205928,"Slc6a4","15567","solute carrier family 6 (neurotransmitter transporter, serotonin), member 4","Down_in_KO_control"
"ENSMUSG00000020420",69.0152838915237,0.921047373186408,0.297948300351585,3.09129930293126,0.00199282648593128,0.00967863016642409,"Zfp607a","545938","zinc finger protein 607A","Up_in_KO_control"
"ENSMUSG00000099632",64.9827695035227,-1.10841094068626,0.358787241535477,-3.08932652103978,0.00200610826419013,0.00973808143911541,NA,NA,NA,"Down_in_KO_control"
"ENSMUSG00000115160",78.9942554130477,-1.2901403379339,0.417684508434236,-3.08879144876649,0.00200972462374201,0.00975178323872193,NA,NA,NA,"Down_in_KO_control"
"ENSMUSG00000094017",33.2677490869031,-1.1841087322214,0.383877410772874,-3.08460122682759,0.00203825235741344,0.00988129957623776,NA,NA,NA,"Down_in_KO_control"
"ENSMUSG00000019883",73.9541547080831,1.061172275516,0.344166546688635,3.08331034996273,0.00204711543970471,0.00991912771185765,"Echdc1","52665","enoyl Coenzyme A hydratase domain containing 1","Up_in_KO_control"
"ENSMUSG00000025081",7.0010443207485,4.84774214099382,1.57258051153208,3.08266705929793,0.00205154542287247,0.00993030768189666,"Tdrd1","83561","tudor domain containing 1","Up_in_KO_control"
"ENSMUSG00000039873",57.4822201999098,-0.937586109027751,0.304229105527079,-3.08184224321133,0.0020572383380867,0.00995271484504043,"Neurl2","415115","neuralized E3 ubiquitin protein ligase 2","Down_in_KO_control"
"ENSMUSG00000048337",4.88837208295857,-4.63569036417139,1.50443812152214,-3.08134332536134,0.00206068892088671,0.00996683168171437,"Npy4r","19065","neuropeptide Y receptor Y4","Down_in_KO_control"
"ENSMUSG00000002580",303.249502790688,-0.695912149414106,0.225893542819242,-3.08070846438922,0.00206508738115614,0.00998294501771502,"Mien1","103742","migration and invasion enhancer 1","Down_in_KO_control"
"ENSMUSG00000074867",195.191260566368,0.638852992525834,0.207447535482629,3.07958824885306,0.00207286949910054,0.0100102211449467,"Zfp808","630579","zinc finger protein 808","Up_in_KO_control"
"ENSMUSG00000053749",13.6939243670731,-2.16149633325317,0.702566432652406,-3.07657216854618,0.00209395606877716,0.0101042289621008,"Gm9920","100503794","predicted gene 9920","Down_in_KO_control"
"ENSMUSG00000118138",31.8344781329828,1.32693574905765,0.431513152994774,3.07507601992777,0.00210448905633489,0.0101498205441224,NA,NA,NA,"Up_in_KO_control"
"ENSMUSG00000100018",19.0994319293039,1.56408500623731,0.508874134708303,3.07361860145216,0.00211479608115604,0.0101911123095712,"Gm7776","665766","proteasome (prosome, macropain) 28 subunit, alpha pseudogene","Up_in_KO_control"
"ENSMUSG00000048234",577.713614568048,0.691728032009119,0.225100184825617,3.07297851641034,0.00211933744703284,0.0102028449096788,"Rnf149","67702","ring finger protein 149","Up_in_KO_control"
"ENSMUSG00000039116",331.438755173243,-0.670083550565303,0.218047266469704,-3.07311144695503,0.00211839357747692,0.0102028449096788,"Adgrg6","215798","adhesion G protein-coupled receptor G6","Down_in_KO_control"
"ENSMUSG00000083087",85.2095795786911,-1.09121882898981,0.355233914753073,-3.0718317808938,0.00212749583759454,0.0102370351270009,"Gm11249","433715","ribosomal protein S2 pseudogene","Down_in_KO_control"
"ENSMUSG00000047603",112.020810989253,0.7095521217091,0.231033611249616,3.07120733589918,0.00213195052028188,0.0102557101727901,"Zfp235","56525","zinc finger protein 235","Up_in_KO_control"
"ENSMUSG00000060860",276.518893536126,0.701579834891342,0.228443238484775,3.07113416682762,0.0021324730552197,0.0102557101727901,"Ube2s","77891","ubiquitin-conjugating enzyme E2S","Up_in_KO_control"
"ENSMUSG00000078502",75.5472160889462,0.899804775955124,0.293247837517419,3.06841060985377,0.00215200700583103,0.0103325453076992,"Zfp268","433801","zinc finger protein 268","Up_in_KO_control"
"ENSMUSG00000092454",104.854118993242,-0.815840948240371,0.265904400691392,-3.06817392310568,0.00215371229974526,0.0103366038125502,NA,NA,NA,"Down_in_KO_control"
"ENSMUSG00000029420",3.50429818610761,5.09281990624117,1.66025154825302,3.06749896520201,0.00215858208045352,0.0103546645658874,"Rimbp2","231760","RIMS binding protein 2","Up_in_KO_control"
"ENSMUSG00000049191",100.72721500726,0.877607658587197,0.286314104909795,3.0651918418888,0.00217530416297252,0.010424191242434,"Rtl5","331474","retrotransposon Gag like 5","Up_in_KO_control"
"ENSMUSG00000035868",76.3439763583976,0.847919430875817,0.276792917347092,3.06337112597626,0.00218858449785888,0.0104797803757506,"Zfp983","73229","zinc finger protein 983","Up_in_KO_control"
"ENSMUSG00000113389",36.36681821701,1.39829891985628,0.456593466170462,3.06245932861039,0.00219526305436135,0.010506383001602,NA,NA,NA,"Up_in_KO_control"
"ENSMUSG00000112763",6.675533796813,-3.58358556779947,1.17032298768534,-3.06204834520688,0.00219827944890485,0.0105181292066879,"Gm34304","102637514","predicted gene, 34304","Down_in_KO_control"
"ENSMUSG00000021759",573.514741860203,-0.735952233573249,0.240368997576314,-3.06176021447855,0.00220039643635035,0.0105219331961874,"Plpp1","19012","phospholipid phosphatase 1","Down_in_KO_control"
"ENSMUSG00000028773",28.3738554827751,-1.39557447769802,0.455971473025527,-3.06066181824469,0.00220848385054803,0.0105534622817429,"Fabp3","14077","fatty acid binding protein 3, muscle and heart","Down_in_KO_control"
"ENSMUSG00000107962",32.9732141152418,1.6033000270754,0.523857595121056,3.06056463055556,0.00220920074693667,0.010553936616218,NA,NA,NA,"Up_in_KO_control"
"ENSMUSG00000053226",189.093321526323,-0.588114147123619,0.192233153674696,-3.05937938321944,0.00221796079638464,0.0105852334564513,"Dand5","23863","DAN domain family member 5, BMP antagonist","Down_in_KO_control"
"ENSMUSG00000025889",106.362998861425,-2.18905323572833,0.71569695866174,-3.05863146298899,0.00222350497279461,0.0106077044769507,"Snca","20617","synuclein, alpha","Down_in_KO_control"
"ENSMUSG00000049999",101.32776033426,0.802879131633939,0.262499644248681,3.05859131326412,0.00222380295319177,0.0106077044769507,"Ppp1r3d","228966","protein phosphatase 1, regulatory subunit 3D","Up_in_KO_control"
"ENSMUSG00000074637",28.1945101517239,-4.11797137907722,1.34705397841697,-3.0570203162286,0.00223549123817792,0.0106580248509614,"Sox2","20674","SRY (sex determining region Y)-box 2","Down_in_KO_control"
"ENSMUSG00000003949",25.2028417900931,-1.39834506798003,0.457480393865407,-3.05662294325871,0.00223845661695771,0.0106640118821613,"Hlf","217082","hepatic leukemia factor","Down_in_KO_control"
"ENSMUSG00000095762",593.367832985544,-0.621737603931917,0.203494811277021,-3.05529954316887,0.0022483584433612,0.0107084580174645,NA,NA,NA,"Down_in_KO_control"
"ENSMUSG00000020143",473.728282010308,0.587227918535446,0.192232704502547,3.05477634544576,0.00225228412408933,0.0107244256524386,"Dock2","94176","dedicator of cyto-kinesis 2","Up_in_KO_control"
"ENSMUSG00000114936",6.88127580807022,3.58927119452963,1.17510775826903,3.05441877076597,0.0022549707062287,0.0107317565680716,NA,NA,NA,"Up_in_KO_control"
"ENSMUSG00000103520",62.9965996362808,-1.07789150841411,0.352990740166736,-3.05359712242018,0.00226115516263536,0.0107584532312218,NA,NA,NA,"Down_in_KO_control"
"ENSMUSG00000054003",9.52499649487656,-3.45614021864475,1.13218328093913,-3.05263315298026,0.00226843066264325,0.0107903261286332,"Tdrd9","74691","tudor domain containing 9","Down_in_KO_control"
"ENSMUSG00000025938",23.3632507725625,-1.80410029281687,0.591060877987783,-3.05230875533292,0.00227088385282054,0.0107992502002111,"Slco5a1","240726","solute carrier organic anion transporter family, member 5A1","Down_in_KO_control"
"ENSMUSG00000054072",613.038519132439,1.6355238836569,0.535880382723946,3.05203164061227,0.00227298140028814,0.0108064788982703,"Iigp1","60440","interferon inducible GTPase 1","Up_in_KO_control"
"ENSMUSG00000096995",90.7137807034584,-0.766384009966079,0.251172728211177,-3.05122301861423,0.0022791122034099,0.0108301235811096,"2810029C07Rik","100504687","RIKEN cDNA 2810029C07 gene","Down_in_KO_control"
"ENSMUSG00000028347",519.677420028589,-0.627908375146773,0.205827706897371,-3.05065039402036,0.00228346288147878,0.0108452895688102,"Tmeff1","230157","transmembrane protein with EGF-like and two follistatin-like domains 1","Down_in_KO_control"
"ENSMUSG00000039774",75.5303997275383,-1.03309566405266,0.338840322687562,-3.04891594913649,0.00229668728243729,0.010897035779982,"Galnt12","230145","polypeptide N-acetylgalactosaminyltransferase 12","Down_in_KO_control"
"ENSMUSG00000111291",79.4084112732262,0.737836503870603,0.242050829368698,3.04827091811659,0.00230162323777299,0.0109149203366564,NA,NA,NA,"Up_in_KO_control"
"ENSMUSG00000025504",81.9570223452533,1.14193267121859,0.374785985568661,3.04689266725367,0.00231220257092506,0.0109572932427496,"Eps8l2","98845","EPS8-like 2","Up_in_KO_control"
"ENSMUSG00000040687",251.176377616162,0.627883925469247,0.206074518080598,3.04687804837507,0.00231231502247732,0.0109572932427496,"Madd","228355","MAP-kinase activating death domain","Up_in_KO_control"
"ENSMUSG00000090236",3.7640351628352,-5.32017519877588,1.74696404054528,-3.04538334808271,0.00232383905103214,0.0110007589582505,"Car15","80733","carbonic anhydrase 15","Down_in_KO_control"
"ENSMUSG00000025665",833.856945586078,0.597381761542072,0.196229265820985,3.04430513482657,0.00233218462536449,0.0110374736708259,"Rps6ka6","67071","ribosomal protein S6 kinase polypeptide 6","Up_in_KO_control"
"ENSMUSG00000049985",16.4269104140786,-1.67178776003674,0.54950580603858,-3.04234776350911,0.00234740522448442,0.0110926752438831,"Ankrd55","77318","ankyrin repeat domain 55","Down_in_KO_control"
"ENSMUSG00000034329",221.757545069319,0.657855331953378,0.216281112335766,3.04166797021133,0.00235271256918278,0.0111144667913251,"Brip1","237911","BRCA1 interacting protein C-terminal helicase 1","Up_in_KO_control"
"ENSMUSG00000022906",743.743616010294,0.767195055146915,0.252350400175207,3.04019749766297,0.00236423058651425,0.0111580950732512,"Parp9","80285","poly (ADP-ribose) polymerase family, member 9","Up_in_KO_control"
"ENSMUSG00000021940",27.9540166596163,5.29833450459939,1.74354507344883,3.03882852544729,0.00237499994739355,0.0112032704853984,"Ptpn20","19256","protein tyrosine phosphatase, non-receptor type 20","Up_in_KO_control"
"ENSMUSG00000100291",6.50718638948768,-3.34198534121169,1.10071006045552,-3.03620859050623,0.00239573563531394,0.0112897005650037,"2310069B03Rik","69652","RIKEN cDNA 2310069B03 gene","Down_in_KO_control"
"ENSMUSG00000085436",46.9769663331039,-1.087817683371,0.35847794618797,-3.03454562529936,0.00240898315123568,0.0113492703195048,"Zfp335os","629777","zinc finger protein 335, opposite strand","Down_in_KO_control"
"ENSMUSG00000067219",68.7943487783882,-0.832223936226967,0.274288116287531,-3.03412319677227,0.00241235896467798,0.0113594547825916,"Nipal1","70701","NIPA-like domain containing 1","Down_in_KO_control"
"ENSMUSG00000043811",8.0375407258621,-3.14292007709076,1.0366408021469,-3.03183134464871,0.00243074976278549,0.0114402968589046,"Rtn4r","65079","reticulon 4 receptor","Down_in_KO_control"
"ENSMUSG00000082938",138.281633875761,-0.694951004401461,0.229431789328636,-3.02900921635589,0.00245357197810809,0.0115364091214366,"Gm2810","100040502","corepressor interacting with RBPJ, 1 pseudogene","Down_in_KO_control"
"ENSMUSG00000046591",149.649769790375,0.637061913073396,0.2103754131685,3.02821467337127,0.00246003263367302,0.0115635746480591,"Ticrr","77011","TOPBP1-interacting checkpoint and replication regulator","Up_in_KO_control"
"ENSMUSG00000066842",201.103189269325,-0.912030488614441,0.301401664420688,-3.02596367663535,0.0024784207448658,0.01163539573474,"Hmcn1","545370","hemicentin 1","Down_in_KO_control"
"ENSMUSG00000064225",3.26361769540535,-4.86111780428687,1.60744538179475,-3.02412626851392,0.0024935234289023,0.0116887033880383,"Paqr9","75552","progestin and adipoQ receptor family member IX","Down_in_KO_control"
"ENSMUSG00000022856",213.465230133855,0.586975500588692,0.194126770259136,3.0236710774364,0.00249727788867782,0.0117004409441232,"Tmem41a","66664","transmembrane protein 41a","Up_in_KO_control"
"ENSMUSG00000020102",195.284987066614,-0.694788890948777,0.229789167689566,-3.02359287835275,0.00249792340254249,0.011700535827729,"Slc16a7","20503","solute carrier family 16 (monocarboxylic acid transporters), member 7","Down_in_KO_control"
"ENSMUSG00000097431",164.672803005038,-0.656210751923585,0.217044123958804,-3.02339791538487,0.00249953343781158,0.0117051474528949,"Gm26782","102640338","predicted gene, 26782","Down_in_KO_control"
"ENSMUSG00000056972",3.95997898575016,5.08254910359958,1.68118216515487,3.02319951338015,0.00250117284778001,0.0117098942958487,"Magel2","27385","MAGE family member L2","Up_in_KO_control"
"ENSMUSG00000115936",10.2386746915672,-2.47140486215892,0.818039616173661,-3.02113102262551,0.00251832361931566,0.0117813474720635,NA,NA,NA,"Down_in_KO_control"
"ENSMUSG00000036585",100.374477720274,0.77813216218427,0.257681011729445,3.01974971675941,0.00252983647032123,0.0118204319273711,"Fgf1","14164","fibroblast growth factor 1","Up_in_KO_control"
"ENSMUSG00000100826",43.0982535068983,1.97704135366875,0.654864242198066,3.01900947749532,0.00253602597906518,0.0118434375209001,"Ipw","16353","imprinted gene in the Prader-Willi syndrome region","Up_in_KO_control"
"ENSMUSG00000022382",1049.43199842899,0.657793601975485,0.217908187300491,3.0186731858239,0.002538842453904,0.0118506756896746,"Wnt7b","22422","wingless-type MMTV integration site family, member 7B","Up_in_KO_control"
"ENSMUSG00000046259",34.3259053077409,-4.78051508579819,1.58376746483365,-3.01844506339844,0.00254075462923201,0.0118566437348675,"Sprr2h","20762","small proline-rich protein 2H","Down_in_KO_control"
"ENSMUSG00000024053",822.531740240747,-0.785709797353635,0.260390255251308,-3.01743164925789,0.00254926523633108,0.0118933932603998,"Emilin2","246707","elastin microfibril interfacer 2","Down_in_KO_control"
"ENSMUSG00000085183",198.241440850924,-0.913261191424698,0.302730468743817,-3.01674686137238,0.00255503080708742,0.0119101088066683,"Wincr1","100040617","WNT induced non-coding RNA 1","Down_in_KO_control"
"ENSMUSG00000085743",119.441904017683,-0.71977128431852,0.238656842996452,-3.01592560800454,0.00256196107453547,0.0119363695892985,"8430419K02Rik","74518","RIKEN cDNA 8430419K02 gene","Down_in_KO_control"
"ENSMUSG00000044005",63.390204805137,-1.13980303879109,0.378003959308235,-3.01532037092146,0.00256707945471457,0.0119526643035765,"Gls2","216456","glutaminase 2 (liver, mitochondrial)","Down_in_KO_control"
"ENSMUSG00000031343",10.6236952830918,-2.31964100290736,0.769360809092355,-3.01502360855102,0.00256959253531705,0.0119613893316885,"Gabra3","14396","gamma-aminobutyric acid type A receptor subunit alpha 3","Down_in_KO_control"
"ENSMUSG00000040828",10.1004020751555,-2.15798210136163,0.71576888086838,-3.0149146729368,0.00257051560200481,0.0119627103855548,"Catsperd","106757","cation channel sperm associated auxiliary subunit delta","Down_in_KO_control"
"ENSMUSG00000066861",72.5797029627642,1.32722031351514,0.440353912355749,3.01398551545722,0.00257840115612093,0.0119904624340186,"Oas1g","23960","2'-5' oligoadenylate synthetase 1G","Up_in_KO_control"
"ENSMUSG00000097684",48.9041649718707,1.20679962054324,0.400517915300258,3.01309772782208,0.00258595627193336,0.0120136543487311,NA,NA,NA,"Up_in_KO_control"
"ENSMUSG00000111343",53.9593681817458,-1.04301241725303,0.346312313454593,-3.01176821248023,0.00259730837242802,0.0120604048568847,NA,NA,NA,"Down_in_KO_control"
"ENSMUSG00000111942",76.7051426880691,1.17571134955357,0.390411657056129,3.01146579079871,0.00259989696038251,0.0120694298733907,NA,NA,NA,"Up_in_KO_control"
"ENSMUSG00000048583",37.9811522687791,2.01437210846295,0.66936704768969,3.00936850031015,0.00261791378418377,0.0121410212251378,"Igf2","16002","insulin-like growth factor 2","Up_in_KO_control"
"ENSMUSG00000083679",75.3450209188006,-1.40697813400941,0.467936707438729,-3.00677017135622,0.00264039306773891,0.0122270911845083,NA,NA,NA,"Down_in_KO_control"
"ENSMUSG00000061533",194.213031058025,0.632782919393917,0.21048445428888,3.0063166495206,0.00264433472198391,0.0122423146097192,"Cep128","75216","centrosomal protein 128","Up_in_KO_control"
"ENSMUSG00000074243",59.6624648993839,1.25459332147145,0.417852858403972,3.00247634122568,0.00267792787800406,0.0123733492298988,NA,NA,NA,"Up_in_KO_control"
"ENSMUSG00000094392",462.282365958742,0.676077790547383,0.225283212410609,3.0010127399779,0.00269083306733906,0.0124207102094514,NA,NA,NA,"Up_in_KO_control"
"ENSMUSG00000056366",17.8104804219413,-1.82315265031999,0.607577513575458,-3.00069145020056,0.00269367361105331,0.0124307556803059,NA,NA,NA,"Down_in_KO_control"
"ENSMUSG00000045555",87.6413072130382,0.897243391916285,0.299084692898444,2.99996426838517,0.00270011279443665,0.0124573990932675,"Mettl24","327747","methyltransferase like 24","Up_in_KO_control"
"ENSMUSG00000087179",18.5603873920913,1.77952981819618,0.593300659666199,2.99937272814996,0.00270536124508088,0.0124785370912493,"Gm14230","100504361","predicted gene 14230","Up_in_KO_control"
"ENSMUSG00000038763",5.15762923565538,4.45967509975013,1.48716720604057,2.99877181371123,0.00271070241163031,0.0124999732563042,"Alpk3","116904","alpha-kinase 3","Up_in_KO_control"
"ENSMUSG00000055745",9.03955001843807,2.85220277062029,0.951146535550555,2.99869963671721,0.00271134459719654,0.0124999732563042,"Rtl6","223732","retrotransposon Gag like 6","Up_in_KO_control"
"ENSMUSG00000028003",12.5233276128558,2.74149305823939,0.914294512102641,2.99847917924681,0.00271330695015648,0.0125059391522853,"Lrat","79235","lecithin-retinol acyltransferase (phosphatidylcholine-retinol-O-acyltransferase)","Up_in_KO_control"
"ENSMUSG00000051316",179.838466104679,-0.615265101482297,0.205248377872579,-2.99766121349939,0.00272059923472653,0.0125272080412002,"Taf7","24074","TATA-box binding protein associated factor 7","Down_in_KO_control"
"ENSMUSG00000106224",7.27478700638978,-2.78278601849905,0.928849078410604,-2.9959506696834,0.00273590689408119,0.0125884007152548,NA,NA,NA,"Down_in_KO_control"
"ENSMUSG00000060336",67.4694718764564,1.04484737328373,0.348868485062947,2.99496061702222,0.00274480278834968,0.0126169232567889,"Zfp937","245174","zinc finger protein 937","Up_in_KO_control"
"ENSMUSG00000014444",888.760675979036,0.742688575453173,0.24797928163049,2.99496220236593,0.00274478852250439,0.0126169232567889,"Piezo1","234839","piezo-type mechanosensitive ion channel component 1","Up_in_KO_control"
"ENSMUSG00000003477",11.6979687837464,2.43424348190401,0.812837570846038,2.9947477444606,0.00274671895482912,0.0126226305996359,"Inmt","21743","indolethylamine N-methyltransferase","Up_in_KO_control"
"ENSMUSG00000026235",39.1807973649754,-1.57997926931797,0.527610061157664,-2.99459655081489,0.00274808066236893,0.0126226886192709,"Epha4","13838","Eph receptor A4","Down_in_KO_control"
"ENSMUSG00000090191",4.2660481028591,4.89629823912155,1.63544610473112,2.99386095632087,0.00275471450965432,0.0126438490603781,"9230105E05Rik","320626","RIKEN cDNA 9230105E05 gene","Up_in_KO_control"
"ENSMUSG00000020263",828.743174689561,-0.588735617644196,0.196646156176226,-2.99388317113403,0.00275451395470213,0.0126438490603781,"Appl2","216190","adaptor protein, phosphotyrosine interaction, PH domain and leucine zipper containing 2","Down_in_KO_control"
"ENSMUSG00000058809",1825.0894706712,0.937598456959876,0.313235675875605,2.99326842109844,0.00276006883285487,0.0126653183102534,NA,NA,NA,"Up_in_KO_control"
"ENSMUSG00000010529",26.358384232322,-1.44897577318769,0.484159980759494,-2.99276237353344,0.00276464915262661,0.0126832261811968,"Gm266","212539","predicted gene 266","Down_in_KO_control"
"ENSMUSG00000039055",225.190142328648,0.617973490667106,0.206517103602162,2.99235985731032,0.00276829734968231,0.0126968500746581,"Eme1","268465","essential meiotic structure-specific endonuclease 1","Up_in_KO_control"
"ENSMUSG00000035109",115.222031986282,-0.788548974934115,0.263699708008215,-2.99032934427652,0.00278676799105185,0.0127753036297289,"Shc4","271849","SHC (Src homology 2 domain containing) family, member 4","Down_in_KO_control"
"ENSMUSG00000044268",94.9149735151158,1.16169240887556,0.388523006087714,2.99002218832131,0.00278957182777618,0.0127850251318089,NA,NA,NA,"Up_in_KO_control"
"ENSMUSG00000061393",21.9980884294862,-1.70939177714395,0.572021693796772,-2.98833382663851,0.00280502989363088,0.0128495775763806,"Acvr2b","11481","activin receptor IIB","Down_in_KO_control"
"ENSMUSG00000026617",770.240957203651,0.748975970232932,0.250642401162129,2.98822532325029,0.00280602598393625,0.0128509946738617,"Bpnt1","23827","3'(2'), 5'-bisphosphate nucleotidase 1","Up_in_KO_control"
"ENSMUSG00000030089",103.362083068569,0.688404961628593,0.230413957446787,2.98768776534545,0.00281096567638363,0.0128673191541504,"Slc41a3","71699","solute carrier family 41, member 3","Up_in_KO_control"
"ENSMUSG00000027513",31.6050167472101,-6.09086468739358,2.04141663711329,-2.98364605081622,0.00284836059616414,0.0130039947840991,"Pck1","18534","phosphoenolpyruvate carboxykinase 1, cytosolic","Down_in_KO_control"
"ENSMUSG00000064264",277.564998665519,0.604824575756989,0.202714027148238,2.98363455289998,0.0028484676225096,0.0130039947840991,"Zfp428","232969","zinc finger protein 428","Up_in_KO_control"
"ENSMUSG00000075324",72.166800000022,-0.83011966750905,0.27832571347807,-2.98254752367483,0.00285860264235203,0.0130470807917886,"Fign","60344","fidgetin","Down_in_KO_control"
"ENSMUSG00000054641",42.5942602101539,6.20015351727179,2.07927897025539,2.98187670147515,0.00286487353289484,0.0130593975453081,"Mmrn1","70945","multimerin 1","Up_in_KO_control"
"ENSMUSG00000022665",1016.60246163826,-0.720627335310408,0.241668419760417,-2.98188458394695,0.00286479977416367,0.0130593975453081,"Ccdc80","67896","coiled-coil domain containing 80","Down_in_KO_control"
"ENSMUSG00000100158",12.9488261609307,2.46360638140285,0.826649298610225,2.98023162367004,0.00288030502767475,0.0131121297417209,NA,NA,NA,"Up_in_KO_control"
"ENSMUSG00000036819",314.176949494278,0.646123781665379,0.217016515585376,2.97730234919004,0.00290797077629174,0.0132304539598218,"Jmjd4","194952","jumonji domain containing 4","Up_in_KO_control"
"ENSMUSG00000096914",28.2601723388234,-1.68877168299214,0.567495669409841,-2.97583184158631,0.00292195033887674,0.013287595793779,"Galntl6","270049","UDP-N-acetyl-alpha-D-galactosamine:polypeptide N-acetylgalactosaminyltransferase-like 6","Down_in_KO_control"
"ENSMUSG00000054779",7.14325475366081,-3.23609842376,1.0875533877485,-2.97557661096483,0.00292438295769959,0.0132921977866001,NA,NA,NA,"Down_in_KO_control"
"ENSMUSG00000024065",36.8737487380604,1.28994967495726,0.433608058899893,2.97492089568167,0.00293064109691576,0.0133174081706131,"Ehd3","57440","EH-domain containing 3","Up_in_KO_control"
"ENSMUSG00000036928",24.4694376649982,-1.61927611710997,0.544794688580174,-2.9722685463951,0.00295607998965424,0.0134232285480223,"Stag3","50878","STAG3 cohesin complex component","Down_in_KO_control"
"ENSMUSG00000042834",5357.08248238516,-0.587249236007778,0.197608949534076,-2.97177449398116,0.00296084068806036,0.0134410829735291,"Nrep","27528","neuronal regeneration related protein","Down_in_KO_control"
"ENSMUSG00000062083",131.107577540479,-0.663913757360573,0.223467113772348,-2.97096850696751,0.00296862221195707,0.0134671096854188,"Rpl13a-ps1","433251","ribosomal protein 13A, pseudogene 1","Down_in_KO_control"
"ENSMUSG00000026207",322.80232915636,0.664042778824596,0.223833856284378,2.96667711421161,0.00301036917945391,0.0136201737077178,"Speg","11790","SPEG complex locus","Up_in_KO_control"
"ENSMUSG00000101493",21.2336438204556,-1.5923787694998,0.53689297509692,-2.96591470434558,0.00301784173776483,0.0136473801318589,NA,NA,NA,"Down_in_KO_control"
"ENSMUSG00000031952",6.3167478536746,-2.79628249276389,0.942904734622671,-2.96560446680003,0.00302088728925748,0.0136545564840278,"Chst5","56773","carbohydrate sulfotransferase 5","Down_in_KO_control"
"ENSMUSG00000045868",25.4659580563822,1.8588953702888,0.626958739178164,2.9649405202095,0.00302741456731857,0.0136774613095114,"Gvin1","74558","GTPase, very large interferon inducible 1","Up_in_KO_control"
"ENSMUSG00000029778",20.5114954856553,-1.69564823689868,0.571899617201476,-2.96494032501042,0.00302741648821654,0.0136774613095114,"Adcyap1r1","11517","adenylate cyclase activating polypeptide 1 receptor 1","Down_in_KO_control"
"ENSMUSG00000112546",22.0356376645522,1.91172475549759,0.644832784030575,2.96468294237185,0.00302995028403246,0.0136856045534877,NA,NA,NA,"Up_in_KO_control"
"ENSMUSG00000108010",3.06963161979887,4.85044589432724,1.63623819177936,2.96438863161636,0.00303284998802391,0.0136953961935066,NA,NA,NA,"Up_in_KO_control"
"ENSMUSG00000028023",3.32650987585352,4.83959471882472,1.63268964809441,2.96418533949379,0.00303485440646915,0.0137011412565156,"Pitx2","18741","paired-like homeodomain transcription factor 2","Up_in_KO_control"
"ENSMUSG00000000303",40.7066555758951,1.25721604248608,0.42416283388354,2.96399387701014,0.0030367432919038,0.0137063620890969,"Cdh1","12550","cadherin 1","Up_in_KO_control"
"ENSMUSG00000038351",325.895794604033,0.597474890288173,0.201610527502052,2.96351037662005,0.00304151807004489,0.0137246027597661,"Sgsm2","97761","small G protein signaling modulator 2","Up_in_KO_control"
"ENSMUSG00000001942",312.326969265192,0.584496831103339,0.19726930062802,2.96293862878083,0.00304717316601521,0.0137434927586509,"Siae","22619","sialic acid acetylesterase","Up_in_KO_control"
"ENSMUSG00000075302",5.71143829846736,4.35640621228012,1.47048724710786,2.96255966914929,0.00305092669747838,0.0137512691500094,"Erich2","66748","glutamate rich 2","Up_in_KO_control"
"ENSMUSG00000099974",102.588330729523,0.881652206962076,0.297599902078819,2.96254199280137,0.00305110188162448,0.0137512691500094,"Bcl2a1d","12047","B cell leukemia/lymphoma 2 related protein A1d","Up_in_KO_control"
"ENSMUSG00000070047",1101.15711609377,0.611547488901677,0.206471110801162,2.96190341849139,0.00305743672538984,0.0137731857106933,"Fat1","14107","FAT atypical cadherin 1","Up_in_KO_control"
"ENSMUSG00000068696",6.32392602765827,-2.97409334323034,1.00426749041822,-2.96145536085392,0.0030618887465572,0.0137899215678279,"Gpr88","64378","G-protein coupled receptor 88","Down_in_KO_control"
"ENSMUSG00000115568",2.84938313922594,5.16839374959517,1.7453155470676,2.96129474024274,0.00306348615515934,0.0137937960590705,NA,NA,NA,"Up_in_KO_control"
"ENSMUSG00000028197",233.196582660975,-0.999895251914224,0.337708827019521,-2.96082060021613,0.00306820601993407,0.0138084028982747,"Col24a1","71355","collagen, type XXIV, alpha 1","Down_in_KO_control"
"ENSMUSG00000031971",172.802387822867,0.627617675054175,0.212283474998362,2.95650744863216,0.00311144716156698,0.0139861904238297,"Ccsap","73420","centriole, cilia and spindle associated protein","Up_in_KO_control"
"ENSMUSG00000032062",3.86809043537195,4.5453655959055,1.53816327387256,2.95506054078501,0.00312607700992287,0.0140418336741927,"2310030G06Rik","66952","RIKEN cDNA 2310030G06 gene","Up_in_KO_control"
"ENSMUSG00000111686",276.545833959623,0.612874222971965,0.20742619368703,2.95466166581008,0.00313012109221625,0.0140566249096815,NA,NA,NA,"Up_in_KO_control"
"ENSMUSG00000000948",5.43890694432343,4.01708483303295,1.3600253529038,2.95368378571476,0.00314005573349976,0.0140944742002833,NA,NA,NA,"Up_in_KO_control"
"ENSMUSG00000023067",808.640006683978,-1.26889564774911,0.429758808789676,-2.95257623996746,0.00315134240383975,0.0141306826982005,"Cdkn1a","12575","cyclin dependent kinase inhibitor 1A","Down_in_KO_control"
"ENSMUSG00000025870",84.0630004329829,0.957528762284505,0.324308786416504,2.95252180141295,0.00315189812335216,0.0141306826982005,"Arl10","56795","ADP-ribosylation factor-like 10","Up_in_KO_control"
"ENSMUSG00000029699",39.8442959997812,-1.09419251647376,0.370636007283457,-2.95220241684972,0.00315516026384403,0.0141349699125069,"Ssc4d","109267","scavenger receptor cysteine rich family, 4 domains","Down_in_KO_control"
"ENSMUSG00000052146",160.09679856326,-0.606134791622488,0.205321005180951,-2.95213239915856,0.00315587582399689,0.0141349699125069,"Rps10","67097","ribosomal protein S10","Down_in_KO_control"
"ENSMUSG00000039782",320.717384682789,-0.608764443223007,0.206250374174176,-2.9515798245724,0.00316152816567028,0.014156897957451,"Cpeb2","231207","cytoplasmic polyadenylation element binding protein 2","Down_in_KO_control"
"ENSMUSG00000066278",338.365067573531,0.731687067878478,0.247921716937669,2.95128267469378,0.00316457155595238,0.0141637473156032,"Vps37b","330192","vacuolar protein sorting 37B","Up_in_KO_control"
"ENSMUSG00000097558",34.0704663557589,-1.15324892703177,0.390856892946967,-2.95056566186297,0.003171926154899,0.0141932697600729,NA,NA,NA,"Down_in_KO_control"
"ENSMUSG00000085711",337.007355894036,0.801633615638469,0.271942447470421,2.94780613727345,0.00320037694831755,0.0143034759574555,NA,NA,NA,"Up_in_KO_control"
"ENSMUSG00000095028",55.9338685829446,1.10220219165607,0.374126228894854,2.94607035414733,0.0032183918819487,0.0143702618198296,"Sirpb1b","668101","signal-regulatory protein beta 1B","Up_in_KO_control"
"ENSMUSG00000038305",81.6456915709795,1.09659704349973,0.372552068635306,2.94347323722204,0.0032455188285382,0.0144775670651812,"Spats2l","67198","spermatogenesis associated, serine-rich 2-like","Up_in_KO_control"
"ENSMUSG00000036526",22.9387019691621,1.6686682683113,0.566967422825376,2.94314664499735,0.00324894479753377,0.0144859432919346,"Card11","108723","caspase recruitment domain family, member 11","Up_in_KO_control"
"ENSMUSG00000036225",70.8456966485602,1.06403877629724,0.361526387815029,2.94318426582361,0.00324854998531173,0.0144859432919346,"Kctd1","106931","potassium channel tetramerisation domain containing 1","Up_in_KO_control"
"ENSMUSG00000024867",35.2824389272002,-2.09273245864092,0.712308375116498,-2.93795851873657,0.00330381225224309,0.0146990581731395,"Pip5k1b","18719","phosphatidylinositol-4-phosphate 5-kinase, type 1 beta","Down_in_KO_control"
"ENSMUSG00000040003",59.5587378640941,-0.848210729482826,0.288828252341285,-2.93673047081476,0.00331692249636179,0.0147538794091795,"Magi2","50791","membrane associated guanylate kinase, WW and PDZ domain containing 2","Down_in_KO_control"
"ENSMUSG00000097960",25.9468385845957,1.41006689764019,0.480262572772365,2.93603328175343,0.00332438653144712,0.0147835658657248,"A330074K22Rik","434353","RIKEN cDNA A330074K22 gene","Up_in_KO_control"
"ENSMUSG00000048572",191.428108853385,-0.789495513714318,0.268959504618572,-2.93536945211863,0.00333150763759906,0.0148081953497366,"Tmem252","226040","transmembrane protein 252","Down_in_KO_control"
"ENSMUSG00000118012",224.802664625408,0.631328364326915,0.215093813775184,2.93513027290864,0.00333407678961961,0.0148160956932206,NA,NA,NA,"Up_in_KO_control"
"ENSMUSG00000029433",115.417183127289,-0.768258147802582,0.261759825568465,-2.93497348622598,0.00333576189829849,0.0148165469743317,"Diablo","66593","diablo, IAP-binding mitochondrial protein","Down_in_KO_control"
"ENSMUSG00000026308",18.7904959324326,2.14283060029438,0.730239439206184,2.93442189677371,0.00334169642630216,0.0148323446929298,"Klhl30","70788","kelch-like 30","Up_in_KO_control"
"ENSMUSG00000024742",47.7240444114014,1.4450488475811,0.492565697288846,2.93371799038151,0.00334928368967321,0.0148519302570746,"Fen1","14156","flap structure specific endonuclease 1","Up_in_KO_control"
"ENSMUSG00000069272",45.6046153229162,-0.96238298849655,0.328084521121827,-2.93333859581626,0.00335337960945322,0.0148630489416623,"H2ac8","319166","H2A clustered histone 8","Down_in_KO_control"
"ENSMUSG00000008167",175.776334716822,-0.681541986713731,0.232403951472421,-2.93257486542611,0.00336163863059502,0.0148926003064215,"Fbxw9","68628","F-box and WD-40 domain protein 9","Down_in_KO_control"
"ENSMUSG00000079173",5.19585833642963,4.44500077798129,1.51586792629593,2.93231402345373,0.00336446363016724,0.0149015876713182,"Zan","22635","zonadhesin","Up_in_KO_control"
"ENSMUSG00000028475",10.6416658240379,-2.69942108888221,0.920754483651069,-2.93174905668468,0.00337058980891165,0.014915885079834,"Spaar","71406","small regulatory polypeptide of amino acid response","Down_in_KO_control"
"ENSMUSG00000097493",68.385780694584,-0.826208032341985,0.281808453340313,-2.93180712838395,0.00336995964436097,0.014915885079834,NA,NA,NA,"Down_in_KO_control"
"ENSMUSG00000029209",205.923770395899,-0.652828665939058,0.222707144205972,-2.9313323928903,0.00337511438024571,0.0149310911105291,"Gnpda2","67980","glucosamine-6-phosphate deaminase 2","Down_in_KO_control"
"ENSMUSG00000097113",90.1901515247,-0.844502735875131,0.288168187614387,-2.93058974644767,0.00338319252717825,0.0149456283666399,NA,NA,NA,"Down_in_KO_control"
"ENSMUSG00000042182",487.480092037591,0.608948804917956,0.207808663246038,2.93033406502876,0.00338597777649215,0.0149544022023832,"Bend6","320705","BEN domain containing 6","Up_in_KO_control"
"ENSMUSG00000061322",3.38689965783299,-5.22690515616549,1.78615082409201,-2.9263515071985,0.00342963188840779,0.0151293497236622,"Dnai1","68922","dynein axonemal intermediate chain 1","Down_in_KO_control"
"ENSMUSG00000027861",25.8041991121688,-1.47280882529032,0.503327254086368,-2.92614559083182,0.00343190287299142,0.015135799778998,"Casq2","12373","calsequestrin 2","Down_in_KO_control"
"ENSMUSG00000048489",400.449965990446,-2.30268626036941,0.787020409773816,-2.92582788422372,0.00343540944114771,0.0151476948332227,"Depp1","213393","DEPP1 autophagy regulator","Down_in_KO_control"
"ENSMUSG00000031075",542.530296192037,0.738895009384901,0.252575534304739,2.92544173535591,0.00343967580597957,0.015152225366595,"Ano1","101772","anoctamin 1, calcium activated chloride channel","Up_in_KO_control"
"ENSMUSG00000087305",16.6379215704055,-1.59434190215823,0.545441292238642,-2.92303117648942,0.00346641806221617,0.0152556634991183,"A430035B10Rik","320312","RIKEN cDNA A430035B10 gene","Down_in_KO_control"
"ENSMUSG00000047420",20.3722216693781,-1.64168467713114,0.56175065172806,-2.92244374275488,0.00347296354443606,0.0152772841577414,"Fam180a","208164","family with sequence similarity 180, member A","Down_in_KO_control"
"ENSMUSG00000029204",90.0189681517701,0.903716945189116,0.30943546026838,2.9205345256982,0.00349431476548687,0.015367593938086,"Rhoh","74734","ras homolog family member H","Up_in_KO_control"
"ENSMUSG00000115902",51.3556710456088,1.07242305186716,0.367268997552887,2.91999340813602,0.00350038789766469,0.0153842734079227,NA,NA,NA,"Up_in_KO_control"
"ENSMUSG00000108528",120.923436154885,-0.996900264369894,0.341395611937909,-2.92007345586857,0.00349948889192421,0.0153842734079227,NA,NA,NA,"Down_in_KO_control"
"ENSMUSG00000023039",14.981528323582,-2.33647674348332,0.800239607325428,-2.9197214460458,0.00350344383894234,0.0153932717910608,"Krt7","110310","keratin 7","Down_in_KO_control"
"ENSMUSG00000082292",53.4535681294244,1.28971852878921,0.442009095532352,2.91785517950911,0.0035244799879868,0.0154747991588918,NA,NA,NA,"Up_in_KO_control"
"ENSMUSG00000014791",66.2368397042636,-0.974761813108061,0.334243164310485,-2.91632534989582,0.00354180953938867,0.0155290257522447,"Elmo3","234683","engulfment and cell motility 3","Down_in_KO_control"
"ENSMUSG00000022756",19.5380923188666,-1.4569619598368,0.500012942257908,-2.91384849611612,0.00357003117985582,0.0156271329751209,"Slc7a4","224022","solute carrier family 7 (cationic amino acid transporter, y+ system), member 4","Down_in_KO_control"
"ENSMUSG00000087377",18.8801563279632,-1.5095535428743,0.519656659876517,-2.90490560292829,0.00367363876589977,0.0160356431598513,NA,NA,NA,"Down_in_KO_control"
"ENSMUSG00000040183",256.636250501617,0.606340073788626,0.208794022779014,2.9040106882292,0.00368415582632745,0.016070304889992,"Ankrd6","140577","ankyrin repeat domain 6","Up_in_KO_control"
"ENSMUSG00000022022",141.16800640906,-0.717876619973963,0.247284564550475,-2.90303853489178,0.00369561161200296,0.0161127633027519,"Mtrf1","211253","mitochondrial translational release factor 1","Down_in_KO_control"
"ENSMUSG00000027932",259.272463638591,-0.806883803938104,0.278202213169034,-2.90035005382163,0.00372746130198125,0.0162370666001517,"Slc27a3","26568","solute carrier family 27 (fatty acid transporter), member 3","Down_in_KO_control"
"ENSMUSG00000083595",27.6213173086818,-1.17975153704385,0.406819166270068,-2.89994089477256,0.00373233031264091,0.016253920674994,"Gm9200","668490","zinc finger protein 277 pseudogene","Down_in_KO_control"
"ENSMUSG00000002289",836.29118572727,-1.30829966434323,0.451254320813804,-2.89925127361398,0.00374054992023252,0.016282137859342,"Angptl4","57875","angiopoietin-like 4","Down_in_KO_control"
"ENSMUSG00000104818",6.16352243090828,-2.9678841273513,1.02403629033613,-2.89822163077553,0.00375285287830328,0.0163280948411275,NA,NA,NA,"Down_in_KO_control"
"ENSMUSG00000069206",182.329619269396,0.631591170883323,0.218110543075762,2.89573883947434,0.00378267057409015,0.0164349000355117,"Zfp874a","238692","zinc finger protein 874a","Up_in_KO_control"
"ENSMUSG00000051043",23.6279824402926,-1.35548977780683,0.468302162883774,-2.89447686822503,0.00379790891462384,0.0164934484844177,"Gprc5c","70355","G protein-coupled receptor, family C, group 5, member C","Down_in_KO_control"
"ENSMUSG00000027777",22.3195494351381,1.46192428390871,0.505167943302448,2.89393716147472,0.00380444290311332,0.016517990729921,"Schip1","30953","schwannomin interacting protein 1","Up_in_KO_control"
"ENSMUSG00000006720",116.579937476743,0.746734709340553,0.258134940101564,2.89280757206579,0.00381815141168419,0.0165583006643908,"Zfp184","193452","zinc finger protein 184 (Kruppel-like)","Up_in_KO_control"
"ENSMUSG00000056019",74.3931411917302,0.769472362182547,0.266278334700899,2.88972951196675,0.0038557343245169,0.0166994758073641,"Zfp709","236193","zinc finger protein 709","Up_in_KO_control"
"ENSMUSG00000085171",7.38883651279192,-2.78181880006996,0.962701730983509,-2.88959571852854,0.00385737552954055,0.0167012999180488,"D830026I12Rik","319682","RIKEN cDNA D830026I12 gene","Down_in_KO_control"
"ENSMUSG00000096160",68.1365734487336,0.977945195547358,0.338674292587392,2.88756843064789,0.0038823214640532,0.0167937775212269,NA,NA,NA,"Up_in_KO_control"
"ENSMUSG00000106321",4.54126760812517,-3.50435287553731,1.21380266003695,-2.88708617217122,0.00388827722796123,0.016815653285611,NA,NA,NA,"Down_in_KO_control"
"ENSMUSG00000049409",50.0537580525707,0.866650784256297,0.300278284081625,2.88615870743658,0.00389975450449459,0.0168464511242318,"Prokr1","58182","prokineticin receptor 1","Up_in_KO_control"
"ENSMUSG00000050921",58.9099854682289,1.21801964279065,0.422063852383826,2.88586581369441,0.00390338542129334,0.0168576162909444,"P2ry10","78826","purinergic receptor P2Y, G-protein coupled 10","Up_in_KO_control"
"ENSMUSG00000062309",46.3724817021389,-1.26481658990413,0.438351802671236,-2.88539155581561,0.00390927116722915,0.0168752459867033,"Rpp25","102614","ribonuclease P/MRP 25 subunit","Down_in_KO_control"
"ENSMUSG00000006574",42.4740426231154,-3.01718318031416,1.04576548918149,-2.88514319082731,0.00391235669941384,0.0168846704142369,"Slc4a1","20533","solute carrier family 4 (anion exchanger), member 1","Down_in_KO_control"
"ENSMUSG00000032507",72.2412162666698,-0.860372969163888,0.298231822043267,-2.88491336460757,0.00391521388774086,0.016890095950463,"Fbxl2","72179","F-box and leucine-rich repeat protein 2","Down_in_KO_control"
"ENSMUSG00000006587",5.67204946676967,-3.81179269333961,1.32173562862664,-2.88392974418059,0.00392746363332834,0.0169381486449581,"Snai3","30927","snail family zinc finger 3","Down_in_KO_control"
"ENSMUSG00000115353",17.3748895670077,-2.06424047651493,0.716003494798683,-2.88300335335,0.0039390324753178,0.0169841278135074,NA,NA,NA,"Down_in_KO_control"
"ENSMUSG00000094410",301.978609836071,0.850229717113886,0.294937006347989,2.88275021043212,0.00394219912333033,0.0169938659744023,"Zbed6","667118","zinc finger, BED type containing 6","Up_in_KO_control"
"ENSMUSG00000081657",20.1627910352326,2.07613309377126,0.720292404042625,2.88234761621671,0.00394724006912877,0.0170076274087467,NA,NA,NA,"Up_in_KO_control"
"ENSMUSG00000040540",95.08893280817,0.922583502572275,0.320108533987068,2.88209592878129,0.00395039446020855,0.0170135170388683,NA,NA,NA,"Up_in_KO_control"
"ENSMUSG00000059921",9.64693150076866,-2.69306737903761,0.934556783772579,-2.8816519507422,0.00395596440479169,0.0170296668752857,"Unc5c","22253","unc-5 netrin receptor C","Down_in_KO_control"
"ENSMUSG00000058900",184.147885732198,0.602955677201326,0.209334008370054,2.88035222702773,0.00397231116355059,0.0170863975713529,"Rsl1","380855","regulator of sex limited protein 1","Up_in_KO_control"
"ENSMUSG00000004610",235.729497840758,-0.743322797523023,0.258104540046914,-2.87992918446112,0.00397764502933715,0.0170951419857185,"Etfb","110826","electron transferring flavoprotein, beta polypeptide","Down_in_KO_control"
"ENSMUSG00000061451",32.0971175004568,-1.31945598046296,0.458249952598769,-2.87933686185941,0.003985124163276,0.0171197494185913,"Tmem151a","381199","transmembrane protein 151A","Down_in_KO_control"
"ENSMUSG00000030895",16.2352654213252,-1.55027010147578,0.538430834259671,-2.87923722571974,0.003986383501869,0.017121228935156,"Hpx","15458","hemopexin","Down_in_KO_control"
"ENSMUSG00000026700",16.1566689139198,1.95828034800379,0.680222363773148,2.87888263058766,0.00399086829475969,0.0171365576869752,"Tnfsf4","22164","tumor necrosis factor (ligand) superfamily, member 4","Up_in_KO_control"
"ENSMUSG00000073988",11.1393498836867,-2.20709615124268,0.766928270443232,-2.87783908391736,0.00400409329261944,0.0171894007306235,"Ttpa","50500","tocopherol (alpha) transfer protein","Down_in_KO_control"
"ENSMUSG00000038623",138.425987270814,0.835255847049619,0.29027885809323,2.87742570208594,0.00400934312580384,0.0172079903470567,"Tm6sf1","107769","transmembrane 6 superfamily member 1","Up_in_KO_control"
"ENSMUSG00000065767",10.9173683574667,-1.93800185733537,0.673825790338135,-2.8761170693138,0.00402600362415821,0.0172636585286142,NA,NA,NA,"Down_in_KO_control"
"ENSMUSG00000028100",50.088585308379,-1.15756768501054,0.40246932478209,-2.87616375642365,0.00402540816059742,0.0172636585286142,"Nudt17","78373","nudix hydrolase 17","Down_in_KO_control"
"ENSMUSG00000020638",347.715606788226,1.78670039755423,0.621394710771941,2.87530673593064,0.00403635164336027,0.0173001026803025,"Cmpk2","22169","cytidine/uridine monophosphate kinase 2","Up_in_KO_control"
"ENSMUSG00000103610",4.69481855388298,-4.71402234259874,1.6403398971373,-2.87380825816991,0.00405555094625081,0.0173703084109825,NA,NA,NA,"Down_in_KO_control"
"ENSMUSG00000074207",10.6438113267539,-2.47640983788421,0.86179579520094,-2.87354597420239,0.00405891998122794,0.0173769319626444,"Adh1","11522","alcohol dehydrogenase 1 (class I)","Down_in_KO_control"
"ENSMUSG00000048416",96.6401767754811,-1.03893361652669,0.361743982785958,-2.872013539867,0.00407865491611364,0.0174574266800628,"Mlf1","17349","myeloid leukemia factor 1","Down_in_KO_control"
"ENSMUSG00000031428",31.7987364379553,1.32705707452117,0.4621008398387,2.87179108998026,0.00408152688855976,0.0174636705873026,"Zcchc18","66995","zinc finger, CCHC domain containing 18","Up_in_KO_control"
"ENSMUSG00000117255",12.2071218617261,-1.97506753429254,0.688134835744351,-2.87017519198272,0.00410244433260533,0.0175391914087374,NA,NA,NA,"Down_in_KO_control"
"ENSMUSG00000033024",12.3118775440244,2.32472809941637,0.810176690239862,2.86940876900335,0.00411239948283749,0.0175697103932279,"Klra9","16640","killer cell lectin-like receptor subfamily A, member 9","Up_in_KO_control"
"ENSMUSG00000021913",49.0861246142478,1.22721015131848,0.427704418162105,2.86929500656538,0.00411387902238079,0.0175716638171471,"Ogdhl","239017","oxoglutarate dehydrogenase-like","Up_in_KO_control"
"ENSMUSG00000049303",12.5298915539828,-2.30368904321512,0.802997492470818,-2.86886206347505,0.00411951409013946,0.0175786918884616,"Syt12","171180","synaptotagmin XII","Down_in_KO_control"
"ENSMUSG00000035067",209.164965556463,-0.589907144871013,0.205620560875351,-2.86891127210095,0.00411887325162218,0.0175786918884616,"Xkr6","219149","X-linked Kx blood group related 6","Down_in_KO_control"
"ENSMUSG00000072640",145.710775436054,0.662300744931902,0.230945092743995,2.86778444634921,0.00413357048394323,0.01762394724676,"Lyrm9","66274","LYR motif containing 9","Up_in_KO_control"
"ENSMUSG00000019997",1877.34524646054,-1.48802890335472,0.519282015858974,-2.86555062164687,0.00416284710499768,0.0177366479680832,"Ccn2","14219","cellular communication network factor 2","Down_in_KO_control"
"ENSMUSG00000044528",189.763800989366,0.724195253985439,0.252735911620958,2.86542284133944,0.00416452747496727,0.0177397684131715,"Tram1l1","229801","translocation associated membrane protein 1-like 1","Up_in_KO_control"
"ENSMUSG00000029028",504.375863037609,0.703425033810194,0.245529625045148,2.86492936923945,0.00417102263952351,0.0177592839676366,"Lrrc47","72946","leucine rich repeat containing 47","Up_in_KO_control"
"ENSMUSG00000075588",127.999554182798,-0.590641447660812,0.206167754700213,-2.86485851543399,0.00417195598363333,0.0177592839676366,"Hoxb2","103889","homeobox B2","Down_in_KO_control"
"ENSMUSG00000042155",185.064186083451,0.659408157592859,0.230183570953497,2.86470556895686,0.00417397136535449,0.0177597831195722,"Klhl23","277396","kelch-like 23","Up_in_KO_control"
"ENSMUSG00000034959",47.5499968621435,-0.918792819243877,0.320921139794869,-2.86298627703729,0.00419668739005525,0.0178442651965699,"Rubcnl","271221","RUN and cysteine rich domain containing beclin 1 interacting protein like","Down_in_KO_control"
"ENSMUSG00000028825",13.8881840995509,-2.16087949826266,0.754790655910428,-2.86288586291017,0.00419801756448758,0.0178458661254557,"Rhd","19746","Rh blood group, D antigen","Down_in_KO_control"
"ENSMUSG00000022416",16.2885824482453,-1.63852087783499,0.572425037775802,-2.8624200021047,0.00420419377374943,0.0178561543526464,"Cacna1i","239556","calcium channel, voltage-dependent, alpha 1I subunit","Down_in_KO_control"
"ENSMUSG00000064115",21.2751997482738,-1.94987854444292,0.681324603371056,-2.86189363307199,0.00421118209565005,0.0178774615598683,"Cadm2","239857","cell adhesion molecule 2","Down_in_KO_control"
"ENSMUSG00000056656",8.84018569405525,2.37920821529457,0.831869061468674,2.86007537183082,0.00423540332360639,0.0179599144334118,"Apol8","239552","apolipoprotein L 8","Up_in_KO_control"
"ENSMUSG00000035759",82.882012142771,-0.769047188415123,0.268943909255717,-2.85950773357688,0.00424299072545396,0.0179880121081604,"Bbs10","71769","Bardet-Biedl syndrome 10","Down_in_KO_control"
"ENSMUSG00000089727",19.7539129201879,1.765553104256,0.617562961498827,2.85890381115311,0.00425107665682865,0.0180141298639571,"Klra8","16639","killer cell lectin-like receptor, subfamily A, member 8","Up_in_KO_control"
"ENSMUSG00000071716",4.94373711889406,4.31489830176147,1.5097703506926,2.8579832024003,0.00426342960062717,0.0180582974460245,"Apol7e","666348","apolipoprotein L 7e","Up_in_KO_control"
"ENSMUSG00000051747",113.812806982062,2.66987785748684,0.934305886895014,2.85760573163,0.00426850399518103,0.018075699312474,"Ttn","22138","titin","Up_in_KO_control"
"ENSMUSG00000006494",1952.13777974187,-0.597647786722116,0.2092046869111,-2.85676098153615,0.00427987994350464,0.0181115769748535,"Pdk1","228026","pyruvate dehydrogenase kinase, isoenzyme 1","Down_in_KO_control"
"ENSMUSG00000086746",34.6582448450712,-1.27503525996516,0.446499318006071,-2.85562644453541,0.00429520160614521,0.0181640921256035,"Gm15222","102638002","predicted gene 15222","Down_in_KO_control"
"ENSMUSG00000097167",17.1896844445157,-1.5615677388754,0.547017233173321,-2.85469569179117,0.00430780832865383,0.0182132890316537,"Gm16740","100504029","predicted gene, 16740","Down_in_KO_control"
"ENSMUSG00000028255",6.33497703346752,-3.18398666443901,1.11643672224602,-2.85191860944303,0.00434562258693792,0.0183565768553881,"Clca1","23844","chloride channel accessory 1","Down_in_KO_control"
"ENSMUSG00000086606",38.0607968122983,-1.04223993103293,0.365465224394233,-2.85181697591191,0.00434701217481003,0.0183583026014941,NA,NA,NA,"Down_in_KO_control"
"ENSMUSG00000042265",64.2078369090814,1.03410428604306,0.362940865264686,2.84923629442747,0.00438243188180596,0.0184953648633818,"Trem1","58217","triggering receptor expressed on myeloid cells 1","Up_in_KO_control"
"ENSMUSG00000114068",3.9270976212121,4.48488967172893,1.57495676889623,2.84762716050425,0.00440464935675637,0.0185849387627919,NA,NA,NA,"Up_in_KO_control"
"ENSMUSG00000112441",14.5700227591869,-2.24733429543295,0.789282995180878,-2.84731117882241,0.004409024120793,0.018599203871145,NA,NA,NA,"Down_in_KO_control"
"ENSMUSG00000046229",579.684809043818,-0.59423399358748,0.208746058150625,-2.84668366364407,0.00441772374182339,0.0186317025875008,"Scand1","19018","SCAN domain-containing 1","Down_in_KO_control"
"ENSMUSG00000020709",127.213239343262,0.762489371510322,0.267992490040303,2.84518932375923,0.0044385033449054,0.0187024798678709,"Adap2","216991","ArfGAP with dual PH domains 2","Up_in_KO_control"
"ENSMUSG00000117969",7.97196290120988,2.8890889719194,1.0154867092535,2.84502883749528,0.00444074025204531,0.0187076930068717,NA,NA,NA,"Up_in_KO_control"
"ENSMUSG00000032968",19.2534178775668,-1.96525523893892,0.69097051428679,-2.84419551674709,0.00445237176737976,0.0187440343943706,"Inha","16322","inhibin alpha","Down_in_KO_control"
"ENSMUSG00000097745",15.0526492961215,-1.84599572406942,0.649880427205985,-2.84051595769066,0.00450406194496267,0.0189233298554303,"AI115009","99542","expressed sequence AI115009","Down_in_KO_control"
"ENSMUSG00000041671",95.2699173619384,0.728840629264967,0.256685009597568,2.83943589229323,0.00451933750602231,0.0189747280121596,"Pyroxd1","232491","pyridine nucleotide-disulphide oxidoreductase domain 1","Up_in_KO_control"
"ENSMUSG00000025321",132.602759560723,-0.739453865586399,0.26069408882346,-2.83648113742675,0.00456136726516008,0.0191125986638918,"Itgb8","320910","integrin beta 8","Down_in_KO_control"
"ENSMUSG00000015134",51.9427777861551,-1.4796077272226,0.521685900489341,-2.83620417158051,0.00456532504429259,0.0191248998329633,"Aldh1a3","56847","aldehyde dehydrogenase family 1, subfamily A3","Down_in_KO_control"
"ENSMUSG00000034035",30.6836145663467,-1.23845815520187,0.436795974611366,-2.83532410367053,0.00457792166811432,0.0191690866358074,"Ccdc17","622665","coiled-coil domain containing 17","Down_in_KO_control"
"ENSMUSG00000037379",113.695837006117,-0.984550829270414,0.347466779795935,-2.83351067359197,0.00460397704222026,0.019260948444236,"Spon2","100689","spondin 2, extracellular matrix protein","Down_in_KO_control"
"ENSMUSG00000108452",105.705344250407,-0.768528448561194,0.271223127493507,-2.83356532189384,0.00460318989658995,0.019260948444236,NA,NA,NA,"Down_in_KO_control"
"ENSMUSG00000053783",6.39469065501167,-2.96774222163862,1.04744724885707,-2.83330948157713,0.00460687603127703,0.0192662564639807,"Liat1","74230","ligand of ATE1","Down_in_KO_control"
"ENSMUSG00000078853",408.275066472958,1.27076691169747,0.448644523491977,2.8324583164564,0.00461915882511323,0.0193071701526989,"Igtp","16145","interferon gamma induced GTPase","Up_in_KO_control"
"ENSMUSG00000053063",451.517620612733,-0.82243174564824,0.290452415854734,-2.83155415742718,0.00463223882693939,0.0193316425442723,"Clec12a","232413","C-type lectin domain family 12, member a","Down_in_KO_control"
"ENSMUSG00000021779",48.5561457104863,-1.61599513204516,0.570818042657521,-2.83101621056279,0.00464003693092684,0.0193598686930733,"Thrb","21834","thyroid hormone receptor beta","Down_in_KO_control"
"ENSMUSG00000027694",265.577830571919,0.820405578892558,0.289811701111725,2.83082282649548,0.00464284313917892,0.0193672589530662,NA,NA,NA,"Up_in_KO_control"
"ENSMUSG00000036040",91.9425389747834,-0.996925555638671,0.352272140567386,-2.82998693576216,0.00465499048698864,0.0194092774026333,"Adamtsl2","77794","ADAMTS-like 2","Down_in_KO_control"
"ENSMUSG00000049687",24.9956186013007,-1.33518305726913,0.471949458397233,-2.82908060071408,0.00466819405718275,0.0194599945181691,"Pheta2","338368","PH domain containing endocytic trafficking adaptor 2","Down_in_KO_control"
"ENSMUSG00000000732",157.924852541666,0.643255992097086,0.227399637051993,2.82874678445511,0.00467306566026821,0.0194759638531401,"Icosl","50723","icos ligand","Up_in_KO_control"
"ENSMUSG00000058174",4.41521280427773,-3.96696359578588,1.40290775148587,-2.8276724478743,0.0046887754298217,0.0195348818647154,"Gm5148","381438","predicted gene 5148","Down_in_KO_control"
"ENSMUSG00000097336",111.77521968763,0.771408212832992,0.272990724953595,2.82576711338498,0.00471675431717681,0.0196187205017403,"Fendrr","68790","Foxf1 adjacent non-coding developmental regulatory RNA","Up_in_KO_control"
"ENSMUSG00000017314",38.7700793004787,-1.16448739577511,0.412144425837276,-2.82543526679862,0.00472164274336853,0.0196303267399812,"Mpp2","50997","membrane protein, palmitoylated 2 (MAGUK p55 subfamily member 2)","Down_in_KO_control"
"ENSMUSG00000033863",1723.82036970446,-0.963973868444556,0.34130127843588,-2.82440743516189,0.00473681282675439,0.0196846498838674,"Klf9","16601","Kruppel-like transcription factor 9","Down_in_KO_control"
"ENSMUSG00000112716",51.6368804919695,1.00055293700027,0.354369526152173,2.82347341732373,0.0047506365289893,0.0197289528111355,NA,NA,NA,"Up_in_KO_control"
"ENSMUSG00000063851",85.7250872386551,0.926140111720353,0.328240223633475,2.82153144263793,0.00477949519622852,0.0198399941453026,"Rnf183","76072","ring finger protein 183","Up_in_KO_control"
"ENSMUSG00000084433",3.06117819595611,5.04830302500888,1.7899350628259,2.82038333672214,0.00479663112858183,0.0199067106474056,NA,NA,NA,"Up_in_KO_control"
"ENSMUSG00000056054",74.0033137929841,-1.26380171381253,0.448180418239156,-2.81985036021396,0.00480460489183479,0.0199353816720409,"S100a8","20201","S100 calcium binding protein A8 (calgranulin A)","Down_in_KO_control"
"ENSMUSG00000070031",110.104204918528,0.941400230996989,0.333905354747106,2.8193624858457,0.00481191440341693,0.0199612844671117,"Sp140","434484","Sp140 nuclear body protein","Up_in_KO_control"
"ENSMUSG00000021880",33.4969784083775,1.38158579198633,0.490176905870116,2.81854525466449,0.00482418100680265,0.019998870000066,"Rnase6","78416","ribonuclease, RNase A family, 6","Up_in_KO_control"
"ENSMUSG00000035711",492.820148668651,-0.609650950596009,0.216295719905134,-2.81859923471162,0.00482336989681986,0.019998870000066,"Dok3","27261","docking protein 3","Down_in_KO_control"
"ENSMUSG00000040896",3.73676895823327,-4.80126000517268,1.7035920813338,-2.8183155215265,0.0048276343821075,0.0200087535309806,"Kcnd3","56543","potassium voltage-gated channel, Shal-related family, member 3","Down_in_KO_control"
"ENSMUSG00000071068",69.4503271640165,1.11608131992389,0.396124574819253,2.81750083400693,0.0048398988981472,0.0200507035822512,"Treml2","328833","triggering receptor expressed on myeloid cells-like 2","Up_in_KO_control"
"ENSMUSG00000045871",14.2596564752522,4.85120878887795,1.72240363064696,2.8165342330681,0.00485448691978065,0.0201022380459959,"Slitrk6","239250","SLIT and NTRK-like family, member 6","Up_in_KO_control"
"ENSMUSG00000109975",8.34921200465232,-2.45599843953906,0.872634514539066,-2.81446401513966,0.00488586474328573,0.0202187498764056,"Gm19196","100418415","TATA box binding protein (Tbp)-associated factor, RNA polymerase I, B pseudogene","Down_in_KO_control"
"ENSMUSG00000060377",1093.86808203921,-0.618670906770181,0.219888373167281,-2.81356807483187,0.00489950110005919,0.0202617379194271,"Rpl36a-ps1","100043787","ribosomal protein L36A, pseudogene 1","Down_in_KO_control"
"ENSMUSG00000082028",47.6825639157019,1.26903567435874,0.451064220689627,2.81342570780392,0.00490167111640767,0.0202662332305207,NA,NA,NA,"Up_in_KO_control"
"ENSMUSG00000109903",12.1082226226362,-2.56584686088657,0.912208068036402,-2.8127868529049,0.00491141951131093,0.0202975691950445,"Cdhr17","102640594","cadherin related family member 17","Down_in_KO_control"
"ENSMUSG00000104682",12.7918668313108,1.83848871957003,0.653959074128104,2.81132075737493,0.00493385724336669,0.0203723015434953,NA,NA,NA,"Up_in_KO_control"
"ENSMUSG00000021596",85.6364054430754,0.706454353752783,0.25137397561537,2.81037188524931,0.00494842855192936,0.0204279601791869,"Mctp1","78771","multiple C2 domains, transmembrane 1","Up_in_KO_control"
"ENSMUSG00000032099",3.91666031473973,-4.60250828475605,1.63857725134763,-2.80884424641607,0.00497196944764761,0.0205160891452767,"Pate4","56872","prostate and testis expressed 4","Down_in_KO_control"
"ENSMUSG00000111681",28.7125277236593,1.3177125761567,0.469164640537095,2.80863573744219,0.00497519041124686,0.0205203302106375,NA,NA,NA,"Up_in_KO_control"
"ENSMUSG00000074026",49.0072961540218,0.889197559399523,0.316629365346265,2.80832309544978,0.00498002351616232,0.0205340411222052,NA,NA,NA,"Up_in_KO_control"
"ENSMUSG00000004359",20.8090253470983,-1.72967374687166,0.616139426136028,-2.80727652459915,0.00499623327271011,0.0205799060603619,"Spic","20728","Spi-C transcription factor (Spi-1/PU.1 related)","Down_in_KO_control"
"ENSMUSG00000006586",107.464592499055,0.813691231129166,0.289884829998509,2.80694657645021,0.00500135353961581,0.0205964632013272,"Runx1t1","12395","RUNX1 translocation partner 1","Up_in_KO_control"
"ENSMUSG00000053198",115.264518068496,0.704734454935918,0.251077082747367,2.80684500243704,0.00500293076054129,0.0205984253733794,"Prx","19153","periaxin","Up_in_KO_control"
"ENSMUSG00000051705",158.945180581385,0.603553156979312,0.215081331072536,2.80616245942687,0.00501354082182464,0.0206330304373883,"Senp8","71599","SUMO peptidase family member, NEDD8 specific","Up_in_KO_control"
"ENSMUSG00000083116",4.78471521219867,4.16159980065789,1.48325686054966,2.80571754720602,0.00502046788583105,0.0206569955029808,NA,NA,NA,"Up_in_KO_control"
"ENSMUSG00000024066",1105.65096335735,-0.927272087390936,0.330597162026462,-2.80483982895387,0.00503415890734145,0.0207087745950936,"Xdh","22436","xanthine dehydrogenase","Down_in_KO_control"
"ENSMUSG00000052125",50.2722261885597,-1.09257935101402,0.389810387496053,-2.8028482207265,0.0050653501343404,0.020814206645567,"F730043M19Rik","320046","RIKEN cDNA F730043M19 gene","Down_in_KO_control"
"ENSMUSG00000035085",48.3139102000564,1.13545921017159,0.405253944583596,2.80184616423238,0.00508110963975948,0.0208697990976337,"1700020L24Rik","66330","RIKEN cDNA 1700020L24 gene","Up_in_KO_control"
"ENSMUSG00000052353",23.3454906650774,-1.48426195701602,0.529934920379634,-2.80083817830447,0.00509700710130262,0.0209259091458262,"Cemip","80982","cell migration inducing protein, hyaluronan binding","Down_in_KO_control"
"ENSMUSG00000044022",13.4669761149922,2.23697308762795,0.799166042015322,2.799134310045,0.00512398193599226,0.0210182099886504,"Pcdhb21","93892","protocadherin beta 21","Up_in_KO_control"
"ENSMUSG00000106170",16.3872349843987,1.72573639429193,0.616668750344129,2.79848199431038,0.0051343431968353,0.0210560956042908,NA,NA,NA,"Up_in_KO_control"
"ENSMUSG00000117438",1636.43788160578,1.21982010547308,0.435954635669243,2.7980436625029,0.00514131621008605,0.0210708388610031,"Rpsa-ps7","433141","ribosomal protein SA, pseudogene 7","Up_in_KO_control"
"ENSMUSG00000022122",329.95858358445,-0.840201888095291,0.300367110776937,-2.79724995829937,0.00515396429534607,0.0211134268517537,"Ednrb","13618","endothelin receptor type B","Down_in_KO_control"
"ENSMUSG00000032263",183.164370965602,-0.661664695659622,0.236552178486394,-2.79711943425488,0.00515604695342084,0.0211173356619313,"Bckdhb","12040","branched chain ketoacid dehydrogenase E1, beta polypeptide","Down_in_KO_control"
"ENSMUSG00000037636",35.8748105885764,1.09204007527479,0.39046176277896,2.79679133624409,0.005161285485605,0.0211341652718001,"Slc25a43","194744","solute carrier family 25, member 43","Up_in_KO_control"
"ENSMUSG00000039716",10.2672565287656,-2.1536153921081,0.770476403854071,-2.79517371503566,0.00518718339398832,0.0212216359535863,"Dock3","208869","dedicator of cyto-kinesis 3","Down_in_KO_control"
"ENSMUSG00000097042",110.756332980746,-0.639748965909942,0.228923702130749,-2.79459470537722,0.00519648176316053,0.021255030215087,NA,NA,NA,"Down_in_KO_control"
"ENSMUSG00000038527",65.2929859602519,0.864565252738589,0.309622517439058,2.79232033861607,0.00523315196902315,0.0213909944946112,"C1rl","232371","complement component 1, r subcomponent-like","Up_in_KO_control"
"ENSMUSG00000097055",17.9837815603207,-1.62576203612094,0.582326630915606,-2.79183872041833,0.00524094715485999,0.0214135030805448,"Gm4419","100043407","predicted gene 4419","Down_in_KO_control"
"ENSMUSG00000052776",287.05994620351,1.36282426461907,0.48827801129265,2.79108260683535,0.00525320632325916,0.0214521995964587,"Oas1a","246730","2'-5' oligoadenylate synthetase 1A","Up_in_KO_control"
"ENSMUSG00000051243",90.0537134957071,-0.982071395450226,0.352013075067792,-2.78987192524339,0.00527288953654154,0.0215252142009821,"Islr2","320563","immunoglobulin superfamily containing leucine-rich repeat 2","Down_in_KO_control"
"ENSMUSG00000040329",11.7695158249216,1.96103801924797,0.70321042740336,2.78869303245289,0.00529211992250696,0.0215848823256043,"Il7","16196","interleukin 7","Up_in_KO_control"
"ENSMUSG00000036006",63.2474312818367,-0.957468417702767,0.343334270582089,-2.78873535135154,0.00529142851162404,0.0215848823256043,"Ripor2","193385","RHO family interacting cell polarization regulator 2","Down_in_KO_control"
"ENSMUSG00000001739",31.449302650417,-1.36878787494814,0.490850154780559,-2.78860638346966,0.00529353585785272,0.021585952605796,"Cldn15","60363","claudin 15","Down_in_KO_control"
"ENSMUSG00000021259",38.8217507021439,-1.15946853762506,0.41591806403522,-2.78773306063205,0.00530782598590905,0.0216347958340919,"Cyp46a1","13116","cytochrome P450, family 46, subfamily a, polypeptide 1","Down_in_KO_control"
"ENSMUSG00000106717",3.74801477226002,4.89430949993639,1.75589877145766,2.78735288132436,0.00531405771467224,0.0216380787944788,NA,NA,NA,"Up_in_KO_control"
"ENSMUSG00000043932",19.9672907297652,1.50987892964953,0.541653122173491,2.78753849620739,0.00531101437366026,0.0216380787944788,"Klri2","320407","killer cell lectin-like receptor family I member 2","Up_in_KO_control"
"ENSMUSG00000037944",30.3694357354293,1.28953525185457,0.462629886132591,2.7874015287568,0.00531325993926239,0.0216380787944788,"Ccr7","12775","C-C motif chemokine receptor 7","Up_in_KO_control"
"ENSMUSG00000034282",31.2237042200126,-1.15686375389946,0.415043517524227,-2.7873312196279,0.00531441298238789,0.0216380787944788,"Evpl","14027","envoplakin","Down_in_KO_control"
"ENSMUSG00000078684",152.007134880727,0.606024564775144,0.217403786387155,2.78755294397646,0.00531077755413157,0.0216380787944788,NA,NA,NA,"Up_in_KO_control"
"ENSMUSG00000038670",24.0157781965192,4.26443059400296,1.53020581362572,2.78683465716203,0.00532256285545177,0.021657125182446,"Mybpc2","233199","myosin binding protein C, fast-type","Up_in_KO_control"
"ENSMUSG00000086015",8.0201797660686,2.84139131568999,1.01984777401034,2.78609356033285,0.00533474716447002,0.021697266613503,"4833417C18Rik","73906","RIKEN cDNA 4833417C18 gene","Up_in_KO_control"
"ENSMUSG00000079852",988.512302009933,-0.605378490988044,0.217313149182772,-2.78574257132912,0.00534052652962494,0.0217160523574254,"Klra4","16635","killer cell lectin-like receptor, subfamily A, member 4","Down_in_KO_control"
"ENSMUSG00000022584",56.9631464335052,1.62375082738813,0.583265057145359,2.78389868807702,0.0053709807847055,0.0218256598098141,"Ly6c2","100041546","lymphocyte antigen 6 family memberC2","Up_in_KO_control"
"ENSMUSG00000020866",118.057126227498,-1.10697669247243,0.397652232104583,-2.78378090980084,0.00537293137195265,0.0218288460189644,"Cacna1g","12291","calcium channel, voltage-dependent, T type, alpha 1G subunit","Down_in_KO_control"
"ENSMUSG00000037541",39.1558343358866,1.13268586896752,0.407068944995088,2.78254060618942,0.00539351155559868,0.0219029474261975,"Shank2","210274","SH3 and multiple ankyrin repeat domains 2","Up_in_KO_control"
"ENSMUSG00000085360",3.32707342564836,-4.76059017108455,1.71140605215285,-2.78168361336341,0.00540777306852884,0.0219560983795574,NA,NA,NA,"Down_in_KO_control"
"ENSMUSG00000057163",5.20588483790953,3.34789799501858,1.20367528043047,2.78139631962972,0.00541256163711343,0.0219707735174194,"Prss2","22072","serine protease 2","Up_in_KO_control"
"ENSMUSG00000104420",17.3964118824416,1.89610095247496,0.682039236260333,2.7800467358321,0.00543510756744872,0.0220479444850787,NA,NA,NA,"Up_in_KO_control"
"ENSMUSG00000042655",3.77422693309674,-4.26285184173769,1.53352393287079,-2.77977522904226,0.00543965354724245,0.0220520443738189,"Shisal2b","77803","shisa like 2B","Down_in_KO_control"
"ENSMUSG00000042190",255.286324506303,0.596257469837134,0.214509736402995,2.77962893356485,0.00544210447153921,0.0220572018574644,"Cmklr1","14747","chemerin chemokine-like receptor 1","Up_in_KO_control"
"ENSMUSG00000044867",5.42430498240719,3.62369715361385,1.30403813270799,2.77882759922735,0.00545554711778501,0.0221021115425657,NA,NA,NA,"Up_in_KO_control"
"ENSMUSG00000041064",247.053480357573,0.669367983903294,0.241045815779937,2.77693259987718,0.00548745568387429,0.0222121475691844,"Pif1","208084","PIF1 5'-to-3' DNA helicase","Up_in_KO_control"
"ENSMUSG00000019359",4.77991573106893,-3.39409286808998,1.22237995878194,-2.77662673026157,0.00549262176778657,0.0222282506791933,"Gdpd2","71584","glycerophosphodiester phosphodiesterase domain containing 2","Down_in_KO_control"
"ENSMUSG00000040254",233.953267404919,0.785160786716378,0.282888425057411,2.77551400894905,0.00551145248765294,0.022294814181031,"Sema3d","108151","sema domain, immunoglobulin domain (Ig), short basic domain, secreted, (semaphorin) 3D","Up_in_KO_control"
"ENSMUSG00000115843",16.4803841994115,-1.69223935175681,0.610293684493014,-2.77282789377477,0.00555715026597667,0.0224602490123589,"Gm17873","100416017","exportin 4 pseudogene","Down_in_KO_control"
"ENSMUSG00000001166",31.9446667025933,1.4231686896475,0.513480311060864,2.77161296936039,0.00557793134980021,0.0225247797472618,"Oas1c","114643","2'-5' oligoadenylate synthetase 1C","Up_in_KO_control"
"ENSMUSG00000024901",26.5419408338678,-1.30113189524464,0.469681188051712,-2.77024485617974,0.00560141662124215,0.0226098596275462,"Peli3","240518","pellino 3","Down_in_KO_control"
"ENSMUSG00000040913",191.877583881799,0.714044924174389,0.257840097668581,2.76933235222475,0.00561713038251328,0.0226537415620627,"Fbxw4","30838","F-box and WD-40 domain protein 4","Up_in_KO_control"
"ENSMUSG00000033855",291.150910678114,0.889697307265396,0.321394859034892,2.76823751922182,0.0056360364157883,0.0227153024873242,"Ston1","77057","stonin 1","Up_in_KO_control"
"ENSMUSG00000050762",3.14409882810288,-4.83425770761484,1.74677742661945,-2.76752929935133,0.00564829681019115,0.022759790736078,"Prss27","213171","serine protease 27","Down_in_KO_control"
"ENSMUSG00000049493",17.997911496385,-1.90804489286813,0.689457215988856,-2.7674594574103,0.0056495071858645,0.022759790736078,"Pls1","102502","plastin 1 (I-isoform)","Down_in_KO_control"
"ENSMUSG00000087366",103.972482157784,-0.713901137134799,0.258102161177742,-2.76596342268971,0.0056754900315489,0.0228349698904267,"Junos","230451","jun proto-oncogene, AP-1 transcription factor subunit, opposite strand","Down_in_KO_control"
"ENSMUSG00000011427",137.214532127142,0.614596857984378,0.222234439295547,2.76553382064709,0.00568297117222556,0.0228503308005709,"Zfp790","233056","zinc finger protein 790","Up_in_KO_control"
"ENSMUSG00000026459",4.96114238700354,4.56996059235291,1.65267620102891,2.76518811701154,0.00568899775351644,0.0228647368903679,"Myog","17928","myogenin","Up_in_KO_control"
"ENSMUSG00000074682",31.4867488261374,1.23110675038574,0.445241132503099,2.76503373231621,0.0056916909720257,0.0228697402219952,"Zcchc3","67917","zinc finger, CCHC domain containing 3","Up_in_KO_control"
"ENSMUSG00000042340",55.0077664193077,0.786911079988182,0.284665605805069,2.76433493875279,0.00570389571216467,0.0229098519986558,"Ctf1","13019","cardiotrophin 1","Up_in_KO_control"
"ENSMUSG00000021196",1652.12300958564,-0.606703309935581,0.21964274403379,-2.7622278741985,0.00574083954990456,0.0230236456273819,"Pfkp","56421","phosphofructokinase, platelet","Down_in_KO_control"
"ENSMUSG00000035458",36.3569958321588,1.17280857110192,0.424599403497551,2.76215312937594,0.0057421540289334,0.0230239829319543,"Tnni3","21954","troponin I, cardiac 3","Up_in_KO_control"
"ENSMUSG00000024130",417.303056251703,0.581935702817252,0.210721816782204,2.76163005664822,0.00575136050033761,0.0230491747132792,"Abca3","27410","ATP-binding cassette, sub-family A member 3","Up_in_KO_control"
"ENSMUSG00000039349",343.845597258978,0.59282852574676,0.214805870537483,2.75983391079301,0.00578307542726957,0.0231434325214918,"C130074G19Rik","226777","RIKEN cDNA C130074G19 gene","Up_in_KO_control"
"ENSMUSG00000025746",26.67903202187,-1.55983080990847,0.565245833460849,-2.75956180049668,0.00578789386631381,0.0231577630789674,"Il6","16193","interleukin 6","Down_in_KO_control"
"ENSMUSG00000097601",27.2886788558283,-1.26749331750093,0.459616100949595,-2.75772174839439,0.00582057201199493,0.0232835322916762,NA,NA,NA,"Down_in_KO_control"
"ENSMUSG00000046814",120.894926452874,-0.765328999233847,0.277655613043293,-2.7563966413116,0.00584420798853002,0.0233581085197271,"Gchfr","320415","GTP cyclohydrolase I feedback regulator","Down_in_KO_control"
"ENSMUSG00000071103",35.1943536244773,-1.0769523312119,0.390803101934416,-2.75574151249349,0.00585592547471903,0.023394947354487,"Cfap96","69479","cilia and flagella associated protein 96","Down_in_KO_control"
"ENSMUSG00000048200",155.043325611807,-0.604218861290498,0.219281422049999,-2.75544939303033,0.00586115708100503,0.0234090768251494,"Cracr2b","213573","calcium release activated channel regulator 2B","Down_in_KO_control"
"ENSMUSG00000101309",17.1560827147119,1.68084265546478,0.610635894806652,2.75261030306283,0.00591222260042335,0.0235745624380401,NA,NA,NA,"Up_in_KO_control"
"ENSMUSG00000026274",153.088003079459,0.619644730837163,0.225207924874001,2.75143395235244,0.00593349836130214,0.0236342177171236,"Pask","269224","PAS domain containing serine/threonine kinase","Up_in_KO_control"
"ENSMUSG00000033910",72.8368652830038,-1.02610176142089,0.373160341898403,-2.74976101747772,0.00596387430361977,0.0237350020934999,"Gucy1a1","60596","guanylate cyclase 1, soluble, alpha 1","Down_in_KO_control"
"ENSMUSG00000075585",273.153645012417,0.673694017727222,0.245009330267501,2.74966678612477,0.00596558944984405,0.0237367797947973,"6330403L08Rik","70744","RIKEN cDNA 6330403L08 gene","Up_in_KO_control"
"ENSMUSG00000071398",5.8676068789959,-3.10524190628097,1.12944938488329,-2.74934135857875,0.00597151611803363,0.0237452148569408,"Cimip5","73667","ciliary microtubule inner protein 5","Down_in_KO_control"
"ENSMUSG00000027559",210.028363659597,-3.52228249868337,1.28135122151199,-2.74888136800392,0.00597990249048352,0.0237735107933754,"Car3","12350","carbonic anhydrase 3","Down_in_KO_control"
"ENSMUSG00000034768",6.55214377008938,-2.52692910346912,0.919334650941094,-2.74864990771574,0.00598412639826238,0.0237852500617426,"Asb16","217217","ankyrin repeat and SOCS box-containing 16","Down_in_KO_control"
"ENSMUSG00000029072",15.191688270525,-1.60843712941786,0.585641788704701,-2.74645211533715,0.00602436796082914,0.0239147216060661,"Tas1r3","83771","taste receptor, type 1, member 3","Down_in_KO_control"
"ENSMUSG00000070866",2.73062737276822,-4.88455444851711,1.7793588839618,-2.74512044340458,0.00604886931794369,0.0239865419679339,"Zfp804a","241514","zinc finger protein 804A","Down_in_KO_control"
"ENSMUSG00000045062",25.8304606111943,1.50639208033466,0.548742213696773,2.74517258329076,0.00604790831308697,0.0239865419679339,"Pcdhb7","93878","protocadherin beta 7","Up_in_KO_control"
"ENSMUSG00000021175",475.209837736067,0.600127213242371,0.218825856050391,2.74248767524152,0.00609757381072154,0.0241489732740809,"Cdca7l","217946","cell division cycle associated 7 like","Up_in_KO_control"
"ENSMUSG00000029236",12.763830339291,-2.20463835323562,0.804075673280772,-2.74182944030666,0.00610980579151598,0.0241871791361622,"Nmu","56183","neuromedin U","Down_in_KO_control"
"ENSMUSG00000063286",288.008582996846,0.822428320847597,0.299985963406765,2.74155600984713,0.00611489344386723,0.0242021998762875,NA,NA,NA,"Up_in_KO_control"
"ENSMUSG00000028186",27.5590302342077,1.63693889140285,0.597579255056568,2.73928332945207,0.00615732851926165,0.024345295380585,"Uox","22262","urate oxidase","Up_in_KO_control"
"ENSMUSG00000008193",5.84600026778984,4.21492795526479,1.54244193012051,2.73263315328538,0.00628302693014207,0.0248047010429849,"Spib","272382","Spi-B transcription factor (Spi-1/PU.1 related)","Up_in_KO_control"
"ENSMUSG00000068742",189.395732259144,-0.641703225528647,0.234840910899599,-2.73250185868591,0.00628553168210743,0.0248093554877191,"Cry2","12953","cryptochrome circadian regulator 2","Down_in_KO_control"
"ENSMUSG00000040170",13.9810529966103,-2.32617915010195,0.85219150786807,-2.72964366415873,0.00634028166476856,0.0249990920338841,"Fmo2","55990","flavin containing monooxygenase 2","Down_in_KO_control"
"ENSMUSG00000107387",3.5234039026116,-5.06110230172069,1.85436631618868,-2.72928938448521,0.00634709786091729,0.0250154259206709,NA,NA,NA,"Down_in_KO_control"
"ENSMUSG00000035448",21.6379249273981,-1.86572263593654,0.683621140685932,-2.72917633013004,0.00634927436809178,0.0250187347336495,"Ccr3","12771","C-C motif chemokine receptor 3","Down_in_KO_control"
"ENSMUSG00000021062",30.4259761976724,-1.27912194211141,0.468740368419836,-2.72884954718842,0.00635556932630721,0.0250382671164604,"Rab15","104886","RAB15, member RAS oncogene family","Down_in_KO_control"
"ENSMUSG00000041301",14.1454397816007,-2.25512265780081,0.826706589987058,-2.72783921782469,0.00637506727073459,0.0251097945353097,"Cftr","12638","cystic fibrosis transmembrane conductance regulator","Down_in_KO_control"
"ENSMUSG00000044986",67.6091224981209,-0.931148208728455,0.341427859605475,-2.72721801262618,0.00638708236887345,0.0251518249934194,"Tst","22117","thiosulfate sulfurtransferase, mitochondrial","Down_in_KO_control"
"ENSMUSG00000049907",178.78549449862,-0.669281144779631,0.245545240969737,-2.72569381567496,0.00641664914507145,0.0252629403433036,"Rasl11b","68939","RAS-like, family 11, member B","Down_in_KO_control"
"ENSMUSG00000031273",57.348104635456,-1.52392622424783,0.559317884928983,-2.72461558142615,0.00643763932950368,0.0253242683987813,"Col4a6","94216","collagen, type IV, alpha 6","Down_in_KO_control"
"ENSMUSG00000101191",25.3518559664652,-1.23888701181892,0.454796638221925,-2.72404610698636,0.00644875030451753,0.0253573154966246,NA,NA,NA,"Down_in_KO_control"
"ENSMUSG00000038781",91.9048656502238,0.766488620786599,0.281410168964895,2.72374173117467,0.00645469603140574,0.0253753627806083,"Stap2","106766","signal transducing adaptor family member 2","Up_in_KO_control"
"ENSMUSG00000081855",760.297401979868,-1.12716188796697,0.414193649152827,-2.7213403447214,0.00650177831919247,0.0255550887811486,"Rpl17-ps5","100042067","ribosomal protein L17, pseudogene 5","Down_in_KO_control"
"ENSMUSG00000118449",20.5739886693908,-1.3468060483493,0.494940352513131,-2.72114819798123,0.0065055589195315,0.0255645787612753,"Gm3625","105245369","predicted gene 3625","Down_in_KO_control"
"ENSMUSG00000036611",80.2330972573379,-0.819344452228269,0.3012085241575,-2.72019012250742,0.00652443914513552,0.0256188480543379,"Eepd1","67484","endonuclease/exonuclease/phosphatase family domain containing 1","Down_in_KO_control"
"ENSMUSG00000097101",71.2029412402424,-0.848977210235969,0.312137525696218,-2.719881912123,0.00653052333341771,0.0256303865642293,"1810034E14Rik","66503","RIKEN cDNA 1810034E14 gene","Down_in_KO_control"
"ENSMUSG00000019817",270.843298919324,1.23551461355705,0.45437312158807,2.71916307293624,0.00654473332232825,0.0256638699140363,"Plagl1","22634","pleiomorphic adenoma gene-like 1","Up_in_KO_control"
"ENSMUSG00000043924",4.64722603409445,-3.26522779810468,1.20132213185896,-2.71802850502052,0.00656721801213653,0.0257312292004001,"Ncmap","230822","noncompact myelin associated protein","Down_in_KO_control"
"ENSMUSG00000091475",16.3044459799155,-1.52283073582723,0.560454308265153,-2.71713628277932,0.00658494870284206,0.025795299367026,"Cerox1","72834","cytoplasmic endogenous regulator of oxidative phosphorylation 1","Down_in_KO_control"
"ENSMUSG00000023224",231.2319666912,0.858207017049228,0.31595296748689,2.71624926923606,0.00660261854383752,0.0258482846884585,"Serping1","12258","serine (or cysteine) peptidase inhibitor, clade G, member 1","Up_in_KO_control"
"ENSMUSG00000090389",108.266830617988,0.865512964021398,0.318682637399894,2.71590875198928,0.00660941316883355,0.025858655368677,NA,NA,NA,"Up_in_KO_control"
"ENSMUSG00000038057",20.9738496686193,-1.52860545000078,0.562855822767353,-2.71580285424639,0.00661152751625575,0.0258615205710063,"Dbil5","13168","diazepam binding inhibitor-like 5","Down_in_KO_control"
"ENSMUSG00000118257",12.5581888126434,2.06404097975305,0.760269367407382,2.71488115691377,0.00662995576354736,0.0259227668623614,NA,NA,NA,"Up_in_KO_control"
"ENSMUSG00000074577",17.108254694726,-1.63307194428155,0.601571318024631,-2.71467720509687,0.00663403977388618,0.025933316542455,"Ripor3","69553","RIPOR family member 3","Down_in_KO_control"
"ENSMUSG00000083763",12.1949778630035,1.94810633505962,0.717702595013454,2.71436434617196,0.00664030897869872,0.0259524022385942,"Gm9050","668217","predicted gene 9050","Up_in_KO_control"
"ENSMUSG00000061167",101.589041607484,-1.94545192517108,0.717046934593284,-2.71314446978921,0.00666480430547525,0.0260263946094237,"Rpl15-ps3","100034724","ribosomal protein L15, pseudogene 3","Down_in_KO_control"
"ENSMUSG00000049404",25.2649948694593,-1.51149453118849,0.557273147638647,-2.71230461685298,0.00668171588237173,0.0260652385463461,"Rarres1","109222","retinoic acid receptor responder (tazarotene induced) 1","Down_in_KO_control"
"ENSMUSG00000030711",108.505361961134,-1.16728957523725,0.431044433454196,-2.70804929757035,0.00676799684169346,0.0263359378038282,"Sult1a1","20887","sulfotransferase family 1A, phenol-preferring, member 1","Down_in_KO_control"
"ENSMUSG00000002204",71.4394704606061,1.25774159131957,0.464795475896989,2.70601082958544,0.00680968252222679,0.0264596322754215,"Napsa","16541","napsin A aspartic peptidase","Up_in_KO_control"
"ENSMUSG00000097124",3.87324120228329,-4.79640949616965,1.77273747936109,-2.7056513172488,0.00681705826251408,0.0264827924572194,"A530020G20Rik","319839","RIKEN cDNA A530020G20 gene","Down_in_KO_control"
"ENSMUSG00000101225",39.9289381589667,-1.07846142059201,0.398619307896667,-2.70549218070383,0.00682032539281785,0.0264899852793276,"1700008J07Rik","629159","RIKEN cDNA 1700008J07 gene","Down_in_KO_control"
"ENSMUSG00000025006",89.1756799380615,1.07499468097566,0.397569901972576,2.70391364044911,0.00685280967006831,0.0266051094099561,"Sorbs1","20411","sorbin and SH3 domain containing 1","Up_in_KO_control"
"ENSMUSG00000040040",208.165368142066,-0.582662418739217,0.215507015301598,-2.70368190995449,0.00685759006178457,0.0266126260527115,"Ift88","21821","intraflagellar transport 88","Down_in_KO_control"
"ENSMUSG00000019987",1644.56731174612,-1.61073422063919,0.595888255850501,-2.70308099685605,0.00687000032029844,0.0266552593808303,"Arg1","11846","arginase, liver","Down_in_KO_control"
"ENSMUSG00000036019",60.5806048712517,0.857950373850787,0.317419366494998,2.70289233868881,0.00687390071179641,0.0266645125317185,"Tmtc2","278279","transmembrane and tetratricopeptide repeat containing 2","Up_in_KO_control"
"ENSMUSG00000050447",17.8975181699267,-1.6396032088632,0.606646159756318,-2.70273401140758,0.00687717556621301,0.0266665118878044,"Lypd6","320343","LY6/PLAUR domain containing 6","Down_in_KO_control"
"ENSMUSG00000083833",95.5675083832147,-0.908555050294325,0.336177247897195,-2.70260719896239,0.00687979957609453,0.0266670353420554,NA,NA,NA,"Down_in_KO_control"
"ENSMUSG00000074665",9.07465447615396,-2.21921587558692,0.821216428052464,-2.70235202290077,0.00688508241901832,0.0266797555125322,"Bpifb4","381399","BPI fold containing family B, member 4","Down_in_KO_control"
"ENSMUSG00000026778",17.7358687348543,1.50383920123121,0.556758844656096,2.70106028070396,0.00691188097879309,0.0267567291593204,"Prkcq","18761","protein kinase C, theta","Up_in_KO_control"
"ENSMUSG00000079293",182.62649868116,0.750532653383235,0.277880881215818,2.70091504712168,0.00691489985556127,0.026762879213468,"Clec7a","56644","C-type lectin domain family 7, member a","Up_in_KO_control"
"ENSMUSG00000031377",8.3513387418523,2.88179980038563,1.06752572142542,2.69951322253639,0.00694409962805092,0.0268536756230041,"Bmx","12169","BMX non-receptor tyrosine kinase","Up_in_KO_control"
"ENSMUSG00000112298",8.85877688987329,-2.51199860215644,0.930649978957943,-2.69918729807435,0.00695090442913113,0.0268744368971758,NA,NA,NA,"Down_in_KO_control"
"ENSMUSG00000031239",5095.02433078399,0.799425912640804,0.296336807324371,2.6976936137594,0.00698216694568445,0.0269785855987184,"Itm2a","16431","integral membrane protein 2A","Up_in_KO_control"
"ENSMUSG00000029605",36.5039679268176,1.48418166422602,0.55019868966491,2.69753762069106,0.00698543912171738,0.0269800871588642,"Oas1b","23961","2'-5' oligoadenylate synthetase 1B","Up_in_KO_control"
"ENSMUSG00000052392",3.53170219185351,-4.81001818357735,1.7832181007433,-2.69738075312963,0.00698873103030008,0.026987231483699,"Acot4","171282","acyl-CoA thioesterase 4","Down_in_KO_control"
"ENSMUSG00000000982",46.0984173232708,-1.31139927741472,0.486231172085935,-2.6970695272144,0.00699526631563221,0.0270068946904117,"Ccl3","20302","C-C motif chemokine ligand 3","Down_in_KO_control"
"ENSMUSG00000115276",21.9283494160599,1.3438579708642,0.498280641678551,2.69699012656233,0.00699693449075166,0.0270077630209232,NA,NA,NA,"Up_in_KO_control"
"ENSMUSG00000078317",113.497344890285,0.582325880583786,0.215984998615835,2.69614040010042,0.00701480927850389,0.0270544365269257,"F8a","14070","factor 8-associated gene A","Up_in_KO_control"
"ENSMUSG00000030688",176.653485801577,-0.608411942953301,0.225729197178355,-2.69531788779888,0.00703215063944719,0.0271157294283897,"Stard10","56018","StAR related lipid transfer domain containing 10","Down_in_KO_control"
"ENSMUSG00000049313",140.434969857481,0.662453160963465,0.245825757932662,2.69480776357427,0.0070429251280328,0.0271460881402426,"Sorl1","20660","sortilin-related receptor, LDLR class A repeats-containing","Up_in_KO_control"
"ENSMUSG00000046312",114.637455309938,-0.694647971502825,0.257866509865209,-2.69382779433409,0.00706366495654731,0.0272092141481823,"Myorg","329828","myogenesis regulating glycosidase (putative)","Down_in_KO_control"
"ENSMUSG00000104554",6.97141328636402,3.04576152135319,1.13083805583874,2.69336666344693,0.00707344317797907,0.0272356671171857,"Gm4610","100043726","predicted gene 4610","Up_in_KO_control"
"ENSMUSG00000051379",124.316469397597,0.716062354380204,0.266120026305042,2.69074960018008,0.00712916824127804,0.02742765733944,"Flrt3","71436","fibronectin leucine rich transmembrane protein 3","Up_in_KO_control"
"ENSMUSG00000038582",274.588729629914,0.674041870319691,0.250611970997598,2.68958369241728,0.00715412054037946,0.0275123423082863,"Pptc7","320717","PTC7 protein phosphatase homolog","Up_in_KO_control"
"ENSMUSG00000046006",16.33821989306,2.01602905578065,0.750009176948618,2.68800585078543,0.00718801371881344,0.027609153512389,"Gapt","238875","Grb2-binding adaptor, transmembrane","Up_in_KO_control"
"ENSMUSG00000051212",277.043072908829,-0.591029774838575,0.220074429016086,-2.68559040448709,0.00724017849187228,0.0277861895238733,"Gpr183","321019","G protein-coupled receptor 183","Down_in_KO_control"
"ENSMUSG00000059708",53.9761144575203,-0.879842312391776,0.327694443591455,-2.68494730258136,0.00725412428009263,0.027830106996552,"Akap17b","338351","A kinase anchor protein 17B","Down_in_KO_control"
"ENSMUSG00000113510",2.70398121077762,4.52084630274201,1.68405346947506,2.68450282885092,0.0072637768608277,0.0278481984012843,"Gm7239","638487","SET translocation pseudogene","Up_in_KO_control"
"ENSMUSG00000040138",100.144348707317,0.767073872117622,0.285799606241231,2.68395706420312,0.00727564492792782,0.0278879851569671,"Ndp","17986","Norrie disease (pseudoglioma) (human)","Up_in_KO_control"
"ENSMUSG00000115388",4.4362455931346,-3.08122056894199,1.1480536145744,-2.68386469919721,0.00727765519587879,0.0278899778170141,NA,NA,NA,"Down_in_KO_control"
"ENSMUSG00000027107",295.559520589265,0.703611588725237,0.262174422856498,2.68375374324887,0.00728007074331569,0.0278935224855992,"Chrna1","11435","cholinergic receptor nicotinic alpha 1 subunit","Up_in_KO_control"
"ENSMUSG00000093908",3.51692350991505,-4.06562463617839,1.51527669619992,-2.68309058429681,0.00729452293699286,0.0279317388418145,NA,NA,NA,"Down_in_KO_control"
"ENSMUSG00000071265",2.98251113443339,-4.7082930420283,1.75500952920019,-2.68277349136332,0.00730144242244341,0.0279410822190559,NA,NA,NA,"Down_in_KO_control"
"ENSMUSG00000018800",386.691231177131,-0.582498882368186,0.217120394061396,-2.68283817780595,0.0073000303806846,0.0279410822190559,"Abca5","217265","ATP-binding cassette, sub-family A member 5","Down_in_KO_control"
"ENSMUSG00000018381",60.8018620188144,0.892175773213961,0.332668441819193,2.6818767910028,0.00732104177501045,0.0280046309762409,"Abi3","66610","ABI family member 3","Up_in_KO_control"
"ENSMUSG00000034066",71.5696748724132,1.04361209853522,0.389338263480584,2.68047658405212,0.00735174078065499,0.0280933480147839,"Farp2","227377","FERM, RhoGEF and pleckstrin domain protein 2","Up_in_KO_control"
"ENSMUSG00000040812",85.9250134423088,0.74184065299231,0.277118807733194,2.67697692213855,0.00742897517934486,0.0283595292801062,"Agbl2","271813","ATP/GTP binding protein-like 2","Up_in_KO_control"
"ENSMUSG00000097141",79.0038557986214,-0.730505908567653,0.272944041180883,-2.67639441918989,0.00744190090926412,0.028403078057324,"Gm10524","100038564","predicted gene 10524","Down_in_KO_control"
"ENSMUSG00000026069",1194.76202495973,0.677049933730056,0.253163936619491,2.67435379134458,0.00748734165660197,0.0285415816703998,"Il1rl1","17082","interleukin 1 receptor-like 1","Up_in_KO_control"
"ENSMUSG00000055030",8.12911016988448,-7.11709433732481,2.66208519944097,-2.67350358989989,0.00750634727853242,0.0286082029782438,"Sprr2e","20759","small proline-rich protein 2E","Down_in_KO_control"
"ENSMUSG00000025646",262.901471339347,0.583926263746924,0.218439766095117,2.6731683254626,0.00751385375134738,0.02861932531019,"Atrip","235610","ATR interacting protein","Up_in_KO_control"
"ENSMUSG00000030278",19.8330335435018,-4.09285291479831,1.53192493885129,-2.67170591130094,0.00754667555379421,0.0287247554576048,"Cidec","14311","cell death-inducing DFFA-like effector c","Down_in_KO_control"
"ENSMUSG00000029561",770.017957839199,1.32118003435221,0.494516250049668,2.67166151611705,0.0075476739477926,0.0287247554576048,"Oasl2","23962","2'-5' oligoadenylate synthetase-like 2","Up_in_KO_control"
"ENSMUSG00000071252",113.136885838728,-0.602728651955516,0.225801953684983,-2.6692800576756,0.00760140393968908,0.0289008201504136,"2210408I21Rik","72371","RIKEN cDNA 2210408I21 gene","Down_in_KO_control"
"ENSMUSG00000008845",267.295759985534,-1.293658075138,0.48471319115186,-2.66891452255257,0.00760968135599896,0.0289254453005908,"Cd163","93671","CD163 antigen","Down_in_KO_control"
"ENSMUSG00000072437",42.143763791779,-1.09177219718408,0.409156074797819,-2.66835142976568,0.00762244820858169,0.0289622077821704,"Nanos1","332397","nanos C2HC-type zinc finger 1","Down_in_KO_control"
"ENSMUSG00000078486",115.176947632089,-0.835010951400871,0.312992607232135,-2.66782962954002,0.00763429598237921,0.0289895658925045,"Perm1","74183","PPARGC1 and ESRR induced regulator, muscle 1","Down_in_KO_control"
"ENSMUSG00000042351",21.2991228357085,1.61938605530588,0.607067430201291,2.66755548847173,0.00764052712482098,0.0289958058531031,"Grap2","17444","GRB2-related adaptor protein 2","Up_in_KO_control"
"ENSMUSG00000066407",2141.23430212917,-0.586696522969207,0.219938108864803,-2.66755282200709,0.00764058775512486,0.0289958058531031,"Gm10263","100042864","40S ribosomal protein S28 pseudogene","Down_in_KO_control"
"ENSMUSG00000108801",25.0746534688155,1.25019570510698,0.469300335117912,2.66395655735654,0.0077227535334916,0.0292406405668454,"Gm39090","105243058","predicted gene, 39090","Up_in_KO_control"
"ENSMUSG00000107211",116.111448753339,0.639390016470594,0.240019501454806,2.66390860990513,0.00772385434307257,0.0292406405668454,NA,NA,NA,"Up_in_KO_control"
"ENSMUSG00000018906",1218.90454938435,-0.938825777219241,0.352620063417,-2.66242870051613,0.00775790031413743,0.0293576518864416,"P4ha2","18452","procollagen-proline, 2-oxoglutarate 4-dioxygenase (proline 4-hydroxylase), alpha II polypeptide","Down_in_KO_control"
"ENSMUSG00000020019",93.2744054659122,0.915790646912229,0.34408683624918,2.66151026553377,0.00777909688066623,0.0294217814500354,"Ntn4","57764","netrin 4","Up_in_KO_control"
"ENSMUSG00000114102",16.0460337881999,2.19282135617362,0.82409441554746,2.66088607664802,0.00779353214200219,0.0294627003986438,NA,NA,NA,"Up_in_KO_control"
"ENSMUSG00000019732",101.772212628324,-0.787004920957809,0.295861132855239,-2.6600483590485,0.00781294327887037,0.0295241533880253,"Calr3","73316","calreticulin 3","Down_in_KO_control"
"ENSMUSG00000019890",27.2640200822043,1.60338485899915,0.602928627678897,2.65932779667756,0.00782967439824311,0.0295754333900532,"Nts","67405","neurotensin","Up_in_KO_control"
"ENSMUSG00000087626",97.9813017726648,-0.663214975873471,0.249462051573113,-2.65858062054418,0.0078470573682516,0.0296272011641902,"Gm15050","100504154","predicted gene 15050","Down_in_KO_control"
"ENSMUSG00000032308",206.269269642975,-0.593856166786982,0.223377256147695,-2.65853461103636,0.00784812890348371,0.0296272011641902,"Ulk3","71742","unc-51-like kinase 3","Down_in_KO_control"
"ENSMUSG00000073535",7.85752217176396,-2.17438046893987,0.817979771715442,-2.65823256775633,0.00785516657478741,0.0296434767693026,"Gm5532","433367","predicted gene 5532","Down_in_KO_control"
"ENSMUSG00000027386",65.7980820288266,-1.07692933720768,0.405176876264136,-2.65792398405683,0.00786236247701322,0.0296629816597477,"Fbln7","70370","fibulin 7","Down_in_KO_control"
"ENSMUSG00000084898",3.99812935171974,-4.30970830219586,1.62267883629508,-2.65592192724707,0.00790919229793344,0.0298077008530561,"Gm12371","100042132","predicted gene 12371","Down_in_KO_control"
"ENSMUSG00000105695",12.7793301039763,1.9230713522377,0.724549723505781,2.65416063225143,0.00795059689608489,0.0299234754055584,NA,NA,NA,"Up_in_KO_control"
"ENSMUSG00000042425",66.5405064330446,1.36168257168576,0.513033524306937,2.65417854228001,0.00795017489130546,0.0299234754055584,"Frmpd3","245643","FERM and PDZ domain containing 3","Up_in_KO_control"
"ENSMUSG00000105954",17.7828186821223,-1.4606351918862,0.550586961703407,-2.65286919865898,0.00798107920732938,0.0300261228803286,NA,NA,NA,"Down_in_KO_control"
"ENSMUSG00000029167",5.15088855308701,-4.33615520141788,1.63487886258271,-2.65227919979821,0.00799504002125394,0.0300725997824573,"Ppargc1a","19017","peroxisome proliferative activated receptor, gamma, coactivator 1 alpha","Down_in_KO_control"
"ENSMUSG00000047419",46.2302448283938,1.5713163803009,0.592842074180104,2.65048053897662,0.00803773577764079,0.0302028412865446,"Cmya5","76469","cardiomyopathy associated 5","Up_in_KO_control"
"ENSMUSG00000087479",8.23857529014535,2.06494353004575,0.779482774937906,2.64912015561889,0.00807016338020467,0.0302882671709658,"Gm16835","102635192","predicted gene, 16835","Up_in_KO_control"
"ENSMUSG00000097081",28.0888168915422,-1.0360910706333,0.391187387128919,-2.6485799509989,0.00808307275030088,0.0303267661704158,NA,NA,NA,"Down_in_KO_control"
"ENSMUSG00000046280",86.6928473861146,0.764960665078791,0.288935434427503,2.64751419843844,0.00810859546262362,0.0304141404874876,"She","214547","src homology 2 domain-containing transforming protein E","Up_in_KO_control"
"ENSMUSG00000030724",4.79052003477347,-3.39890182753417,1.28401942547156,-2.6470797560449,0.00811902019823777,0.0304471392724696,"Cd19","12478","CD19 antigen","Down_in_KO_control"
"ENSMUSG00000022206",168.999364366441,-0.74884844155739,0.283045530063678,-2.64568192046317,0.00815264364593829,0.0305426267360247,"Npr3","18162","natriuretic peptide receptor 3","Down_in_KO_control"
"ENSMUSG00000032690",114.454526613901,1.62756610998851,0.615873982123972,2.64269340356854,0.00822494762785492,0.0307826889920098,"Oas2","246728","2'-5' oligoadenylate synthetase 2","Up_in_KO_control"
"ENSMUSG00000063564",27.6665786236142,1.57203659952999,0.594857181133021,2.64271265337294,0.00822448006902633,0.0307826889920098,"Col23a1","237759","collagen, type XXIII, alpha 1","Up_in_KO_control"
"ENSMUSG00000085287",82.4920566732136,-0.83013412283869,0.314152577015342,-2.64245523855164,0.00823073439001108,0.0307981868906773,"4833418N02Rik","74597","RIKEN cDNA 4833418N02 gene","Down_in_KO_control"
"ENSMUSG00000000706",14.9065416224916,2.34784815420323,0.888682159758551,2.64194361102188,0.00824317786877707,0.0308385820588615,"Btn1a1","12231","butyrophilin, subfamily 1, member A1","Up_in_KO_control"
"ENSMUSG00000047342",76.9043624185844,0.780089897090127,0.295318424255592,2.64152126321444,0.00825346262396468,0.0308647174424962,"Zfp286","192651","zinc finger protein 286","Up_in_KO_control"
"ENSMUSG00000044966",23.0139077968355,1.1555806890308,0.437560850764558,2.64095996479491,0.00826714878859381,0.030897374731567,"Fbxo48","319701","F-box protein 48","Up_in_KO_control"
"ENSMUSG00000097534",21.7185779104085,1.36091793989043,0.515574451290165,2.63961477626537,0.00830003126391828,0.0309982476526735,"Gm16675","100503498","predicted gene, 16675","Up_in_KO_control"
"ENSMUSG00000006522",3.06069275487002,4.64753081945267,1.76141113045205,2.63852699639744,0.00832670702823136,0.0310765194693445,"Itih3","16426","inter-alpha trypsin inhibitor, heavy chain 3","Up_in_KO_control"
"ENSMUSG00000049382",215.442785331194,1.52667829693164,0.578585251085025,2.63864019013386,0.00832392759288731,0.0310765194693445,"Krt8","16691","keratin 8","Up_in_KO_control"
"ENSMUSG00000089993",54.2479604216373,1.16909407296557,0.443172988201924,2.63800841677854,0.00833945119986664,0.0311116727079554,NA,NA,NA,"Up_in_KO_control"
"ENSMUSG00000028364",12339.5396129087,-1.12398866842347,0.42620604481518,-2.63719551164714,0.00835946358150174,0.0311676911736685,"Tnc","21923","tenascin C","Down_in_KO_control"
"ENSMUSG00000085175",45.7409023369787,-0.987869561405957,0.374639878522596,-2.63685106161589,0.0083679563225339,0.0311931407696368,"Gm11423","100503272","predicted gene 11423","Down_in_KO_control"
"ENSMUSG00000117813",6.77725106835395,2.56628326116713,0.97382805929219,2.63525294499359,0.00840746045564526,0.0313341580375403,NA,NA,NA,"Up_in_KO_control"
"ENSMUSG00000069893",18.2591340950149,1.71843414868892,0.652246852600284,2.63463770172001,0.00842271317901799,0.0313660162624803,"9930111J21Rik1","667214","RIKEN cDNA 9930111J21 gene 1","Up_in_KO_control"
"ENSMUSG00000074876",84.3265407626299,0.741523822417093,0.281460880650316,2.63455376357738,0.00842479603796181,0.0313675304931117,NA,NA,NA,"Up_in_KO_control"
"ENSMUSG00000042604",16.7446127785905,-2.01141498504383,0.763648848282248,-2.63395275140965,0.00843972314470407,0.0314106084341383,"Kcna4","16492","potassium voltage-gated channel, shaker-related subfamily, member 4","Down_in_KO_control"
"ENSMUSG00000061510",12.9355763873015,-1.75466605040677,0.666272666658236,-2.63355550694806,0.00844960233093756,0.0314348724490725,NA,NA,NA,"Down_in_KO_control"
"ENSMUSG00000006567",4.5159622307627,-3.44388714906188,1.30774080034944,-2.63346310533527,0.00845190177515608,0.0314371770857674,"Atp7b","11979","ATPase, copper transporting, beta polypeptide","Down_in_KO_control"
"ENSMUSG00000111977",9.11914306434366,-2.96529202637489,1.12612319749738,-2.63318616734364,0.00845879681969179,0.0314565709234683,NA,NA,NA,"Down_in_KO_control"
"ENSMUSG00000108137",7.86507235882724,2.41889467534189,0.918901111518223,2.63237757036267,0.0084789576020121,0.0314908794318361,NA,NA,NA,"Up_in_KO_control"
"ENSMUSG00000117877",75.3194204101315,0.990664348402258,0.376335775396205,2.63239482709102,0.0084785268909423,0.0314908794318361,"Gm8184","666601","calpastatin pseudogene","Up_in_KO_control"
"ENSMUSG00000026100",2.96255384464811,-5.52286876483285,2.09841883015644,-2.63191917908071,0.00849040576538224,0.0315177470913703,"Mstn","17700","myostatin","Down_in_KO_control"
"ENSMUSG00000037411",1341.28553353542,-1.26589411759789,0.481498296772335,-2.62907288786618,0.00856180078059993,0.0317198530998548,"Serpine1","18787","serine (or cysteine) peptidase inhibitor, clade E, member 1","Down_in_KO_control"
"ENSMUSG00000053769",81.294896662436,-0.778543159726348,0.296200380647985,-2.62843402842077,0.00857789919601911,0.0317606307192532,"Lysmd1","217779","LysM, putative peptidoglycan-binding, domain containing 1","Down_in_KO_control"
"ENSMUSG00000105331",8.30155000618461,-2.38068394183993,0.905820840180144,-2.62820619292274,0.00858364689286896,0.031775624986401,NA,NA,NA,"Down_in_KO_control"
"ENSMUSG00000097640",50.313239650489,-0.844363931855002,0.321294082528233,-2.62800959547957,0.00858860930186472,0.0317814209740547,"LOC105244755","105244755","uncharacterized LOC105244755","Down_in_KO_control"
"ENSMUSG00000079559",20.8950675404186,1.61822183005051,0.616266101559863,2.62584916800477,0.00864331085992107,0.0319648767038939,"Pou2af3","100502940","POU class 2 homeobox associating factor 3","Up_in_KO_control"
"ENSMUSG00000015702",108.783006572581,-0.674545902637852,0.257040561046087,-2.62427805126408,0.00868328655799061,0.0320873501895099,"Anxa9","71790","annexin A9","Down_in_KO_control"
"ENSMUSG00000103313",5.29235481072855,2.97769904357014,1.13537968082122,2.62264605741083,0.00872498611452249,0.0321588861849634,NA,NA,NA,"Up_in_KO_control"
"ENSMUSG00000078945",109.187992787299,0.696478661086546,0.265662762424291,2.62166460489557,0.00875014958165297,0.0322199034083967,"Naip2","17948","NLR family, apoptosis inhibitory protein 2","Up_in_KO_control"
"ENSMUSG00000039963",12.5197820732093,-2.09628185931442,0.799805648456883,-2.6209890657298,0.0087675073943811,0.0322647720493714,"Ccdc40","207607","coiled-coil domain containing 40","Down_in_KO_control"
"ENSMUSG00000027796",59.2434131268347,-0.816569852060964,0.311562567475375,-2.62088561754295,0.00877016818486421,0.0322660925478761,"Smad9","55994","SMAD family member 9","Down_in_KO_control"
"ENSMUSG00000022419",531.282408699794,-0.632808672027535,0.241452518519913,-2.62084104943949,0.00877131474328251,0.0322660925478761,"Deptor","97998","DEP domain containing MTOR-interacting protein","Down_in_KO_control"
"ENSMUSG00000028874",134.389461790813,0.687452742971951,0.262363217286769,2.62023293539867,0.00878697246357775,0.0322982941879651,"Fgr","14191","FGR proto-oncogene, Src family tyrosine kinase","Up_in_KO_control"
"ENSMUSG00000000983",4.05612304525699,-4.53373444386141,1.73106717607374,-2.61904015426163,0.00881775674236531,0.0323796471585326,"Wfdc18","14038","WAP four-disulfide core domain 18","Down_in_KO_control"
"ENSMUSG00000041741",38.1662328571796,-1.00426307850463,0.383727763597893,-2.61712384084096,0.00886741632601677,0.0325428440299572,"Pde3a","54611","phosphodiesterase 3A, cGMP inhibited","Down_in_KO_control"
"ENSMUSG00000037868",101.656284538298,-0.811241426959934,0.310014208205465,-2.61678789387058,0.00887614778946554,0.0325685007027978,"Egr2","13654","early growth response 2","Down_in_KO_control"
"ENSMUSG00000108530",29.406258295589,1.33480488341703,0.510249080693386,2.61598684627348,0.00889699849395028,0.0326130328731227,"4930429H19Rik","100505025","RIKEN cDNA 4930429H19 gene","Up_in_KO_control"
"ENSMUSG00000050919",62.8110766381226,0.919884758134607,0.351660739222942,2.61583013266496,0.00890108275178294,0.032621614088154,"Zfp366","238803","zinc finger protein 366","Up_in_KO_control"
"ENSMUSG00000086502",25.5565902529213,1.34104374040799,0.513124008726054,2.61348858677932,0.00896230770398388,0.0328148943486726,"B130055M24Rik","654803","RIKEN cDNA B130055M24 gene","Up_in_KO_control"
"ENSMUSG00000038836",179.338138712466,0.636630085588376,0.243589844636596,2.61353295141734,0.00896114420469922,0.0328148943486726,"Agbl3","76223","ATP/GTP binding protein-like 3","Up_in_KO_control"
"ENSMUSG00000028438",49.9206409369121,1.08331832884253,0.414727982456036,2.61211776072374,0.00899832530328919,0.0329264101291456,"Kif24","109242","kinesin family member 24","Up_in_KO_control"
"ENSMUSG00000099397",1860.75233919992,0.89349494892976,0.342162976065051,2.61131393935471,0.00901950527554115,0.0329845617004498,NA,NA,NA,"Up_in_KO_control"
"ENSMUSG00000107017",4.23646717154343,3.13387477085673,1.20065275356,2.61014249254386,0.00905045155948348,0.03307833985012,NA,NA,NA,"Up_in_KO_control"
"ENSMUSG00000101482",111.520351351369,-0.731427807716206,0.280280380770013,-2.60962899260647,0.00906404662400422,0.0331150926347112,NA,NA,NA,"Down_in_KO_control"
"ENSMUSG00000051977",99.8828566443563,-0.798072065845492,0.305992061651754,-2.60814630790575,0.00910340353167457,0.0332329282653582,"Prdm9","213389","PR domain containing 9","Down_in_KO_control"
"ENSMUSG00000032076",96.1277434044604,-0.84631009867997,0.324495567347025,-2.60807907361921,0.00910519183280202,0.0332329734283644,"Cadm1","54725","cell adhesion molecule 1","Down_in_KO_control"
"ENSMUSG00000072294",6.58530188013708,3.47286969361192,1.33226899745375,2.60673309988397,0.00914105815774029,0.0333313759364369,"Klf12","16597","Kruppel-like transcription factor 12","Up_in_KO_control"
"ENSMUSG00000039853",26.806172311272,1.59001841610621,0.610144029042815,2.60597226297634,0.00916138801606295,0.0333924920032306,"Trim14","74735","tripartite motif-containing 14","Up_in_KO_control"
"ENSMUSG00000103921",12.5252577156944,2.09004071420556,0.802662582022337,2.60388457244342,0.00921737937606546,0.0335428321326373,"Gm5841","545500","ubiquitin specific peptidase 1 pseudogene","Up_in_KO_control"
"ENSMUSG00000090093",21.5746034587669,-1.31360767945166,0.504502903574418,-2.6037663413723,0.0092205594234108,0.0335428321326373,"Gm14399","100043761","predicted gene 14399","Down_in_KO_control"
"ENSMUSG00000025507",93.8263879536323,0.663438610060881,0.255024961757812,2.60146538396867,0.00928264326991867,0.0337300222598704,"Pidd1","57913","p53 induced death domain protein 1","Up_in_KO_control"
"ENSMUSG00000021294",60.2227425971999,0.862282007345396,0.331554880137599,2.60072180806851,0.0093027858437918,0.0337959680634587,"Kif26a","668303","kinesin family member 26A","Up_in_KO_control"
"ENSMUSG00000081984",8.95186507305506,2.10945510387026,0.811212221653592,2.60037391888685,0.00931222312628156,0.0338236862115891,"Dnajb3","15504","DnaJ heat shock protein family (Hsp40) member B3","Up_in_KO_control"
"ENSMUSG00000021256",46.7433838520622,1.20178431900922,0.462279652747151,2.59969114337496,0.00933076979712886,0.0338844741342271,"Vash1","238328","vasohibin 1","Up_in_KO_control"
"ENSMUSG00000043618",113.034156402502,0.805283415124944,0.30978353716556,2.59950358399637,0.00933587036004955,0.033889843268207,NA,NA,NA,"Up_in_KO_control"
"ENSMUSG00000054484",82.7234374339915,-0.824900196629829,0.317599014169271,-2.59730087257192,0.00939595817569525,0.0340815207097859,"Tmem62","96957","transmembrane protein 62","Down_in_KO_control"
"ENSMUSG00000024011",42.2945207824127,1.21211358750808,0.467041065236572,2.59530409150232,0.00945072628128448,0.0342547580490111,"Pi16","74116","peptidase inhibitor 16","Up_in_KO_control"
"ENSMUSG00000029075",60.9050968691402,0.895626505239201,0.345317086515027,2.59363506821498,0.00949672285864888,0.0343936858629565,"Tnfrsf4","22163","tumor necrosis factor receptor superfamily, member 4","Up_in_KO_control"
"ENSMUSG00000045008",4.31703241533601,-3.56323948797281,1.37388027232048,-2.59355895834687,0.00949882512051562,0.0343946428947773,NA,NA,NA,"Down_in_KO_control"
"ENSMUSG00000055994",35.270120153247,1.11163309158458,0.428695301210166,2.59306105862729,0.00951258805397013,0.0344378139396292,"Nod2","257632","nucleotide-binding oligomerization domain containing 2","Up_in_KO_control"
"ENSMUSG00000082988",44.2192037619503,1.28855023324975,0.497262895317752,2.59128570698275,0.00956180715434173,0.0345598161934516,NA,NA,NA,"Up_in_KO_control"
"ENSMUSG00000063296",88.6784699722929,0.800191103768799,0.308951544011944,2.59002137803805,0.00959699718846478,0.0346562347332577,"Tmem117","320709","transmembrane protein 117","Up_in_KO_control"
"ENSMUSG00000061848",1122.58160439046,-1.00583712756191,0.38836388169283,-2.58993478790455,0.00959941146891201,0.0346582648693325,"Gm5805","102634709","40S ribosomal protein S14","Down_in_KO_control"
"ENSMUSG00000054200",5.95713330152909,-3.09273166493141,1.19457939278679,-2.58897121748976,0.00962631401706382,0.0347352900503886,"Ffar4","107221","free fatty acid receptor 4","Down_in_KO_control"
"ENSMUSG00000020395",13.1635240851011,1.83082595612896,0.707149742224407,2.5890215986927,0.00962490572791893,0.0347352900503886,"Itk","16428","IL2 inducible T cell kinase","Up_in_KO_control"
"ENSMUSG00000082456",683.366164383502,-0.600211045512276,0.231892653999893,-2.58831418399547,0.00964469668446674,0.0347747994328374,"Gm11598","666128","transcription elongation factor B (SIII), polypeptide 2 pseudogene","Down_in_KO_control"
"ENSMUSG00000021125",8.84997629620534,-2.49308277938099,0.963508968206243,-2.58750345004296,0.00966742275466499,0.0348500254301764,"Arg2","11847","arginase type II","Down_in_KO_control"
"ENSMUSG00000095280",3.12701490069679,-4.35642985357852,1.68378942920518,-2.58727711316905,0.00967377582940549,0.0348662109198122,NA,NA,NA,"Down_in_KO_control"
"ENSMUSG00000048709",209.358574452492,0.699323822574296,0.270461883070933,2.58566499143573,0.00971913441369867,0.0350027256126911,NA,NA,NA,"Up_in_KO_control"
"ENSMUSG00000079470",138.888058497406,0.649557955065405,0.251406410278101,2.58369686893376,0.00977476633337134,0.0351465189828782,"Utp14b","195434","UTP14B small subunit processome component","Up_in_KO_control"
"ENSMUSG00000055305",104.583108792503,0.603239020145219,0.233466603193723,2.58383431245912,0.00977087208983637,0.0351465189828782,"Zfp93","22755","zinc finger protein 93","Up_in_KO_control"
"ENSMUSG00000087242",5.91258090129654,-3.00374085171866,1.16262560069155,-2.58358395852627,0.00977796650488628,0.035146962582777,"C78197","100504352","expressed sequence C78197","Down_in_KO_control"
"ENSMUSG00000080832",21.9367797575878,1.25343871289568,0.485280134415551,2.58291783240884,0.00979686524342586,0.0351905930099795,NA,NA,NA,"Up_in_KO_control"
"ENSMUSG00000097354",94.1657557223471,0.580913497455733,0.225079611997189,2.58092455509915,0.00985361131964176,0.0353441879671183,"2310001H17Rik","76432","RIKEN cDNA 2310001H17 gene","Up_in_KO_control"
"ENSMUSG00000097787",28.7140162194892,-1.28959372334897,0.499695288715341,-2.58076022022214,0.00985830276736413,0.0353474649713901,"Sgms1os1","67188","Sgms1 opposite strand transcript 1","Down_in_KO_control"
"ENSMUSG00000106269",6.72372860504057,-2.28609427478252,0.88607072527596,-2.58003589281266,0.00987900466189287,0.0354149069421458,NA,NA,NA,"Down_in_KO_control"
"ENSMUSG00000111264",7.28007782040176,2.47118541571461,0.95787211011825,2.57986989036516,0.00988375460539974,0.0354251484257509,NA,NA,NA,"Up_in_KO_control"
"ENSMUSG00000071793",95.4683849844729,-0.714975634201727,0.277147480789609,-2.57976595047777,0.0098867297454832,0.0354290259914261,NA,NA,NA,"Down_in_KO_control"
"ENSMUSG00000071324",53.3600231952341,0.912507591208806,0.353847726551515,2.57881433943863,0.00991400545142276,0.0355199663052794,"Armc2","213402","armadillo repeat containing 2","Up_in_KO_control"
"ENSMUSG00000074479",177.153449160949,-0.622820040398001,0.241867308811331,-2.57504845718457,0.0100226043980446,0.0357925565077497,NA,NA,NA,"Down_in_KO_control"
"ENSMUSG00000104623",231.347306052011,-0.636051059125481,0.247052475118018,-2.5745585379043,0.0100368100913545,0.0358364486242162,"Gm6394","623114","ribosomal protein S11 pseudogene","Down_in_KO_control"
"ENSMUSG00000097245",26.1492610768603,1.41568716002125,0.549893753241639,2.57447398097493,0.0100392637167689,0.0358383712193621,"Gm5421","432438","aconitase 2, mitochondrial pseudogene","Up_in_KO_control"
"ENSMUSG00000063011",442.469031726268,-1.64923728353878,0.640988147402624,-2.57296065492276,0.0100832669871798,0.035974866564556,"Msln","56047","mesothelin","Down_in_KO_control"
"ENSMUSG00000031762",18.6928434922629,-1.48049238691563,0.575943530588999,-2.57055129241852,0.0101536789434135,0.0361846875010657,"Mt2","17750","metallothionein 2","Down_in_KO_control"
"ENSMUSG00000050071",3.42592359389527,4.7611012137291,1.85356177655064,2.56862289348089,0.0102103501336545,0.036331295313002,"Bex1","19716","brain expressed X-linked 1","Up_in_KO_control"
"ENSMUSG00000030587",153.043734350372,-0.651225807232878,0.253628484020251,-2.56763671378835,0.0102394403558852,0.0364209555939325,"2200002D01Rik","72275","RIKEN cDNA 2200002D01 gene","Down_in_KO_control"
"ENSMUSG00000074264",43.8204409330358,-1.00178038498978,0.390403345286264,-2.5660138343723,0.0102874725037838,0.0365848485297048,"Amy1","11722","amylase 1, salivary","Down_in_KO_control"
"ENSMUSG00000107432",7.00404284630822,2.67727506051101,1.04339868685535,2.5659176058386,0.010290326854887,0.036588046064127,NA,NA,NA,"Up_in_KO_control"
"ENSMUSG00000017737",5789.0737139512,-1.04359098454388,0.406790750128377,-2.56542456831808,0.0103049624988105,0.0366331237158513,"Mmp9","17395","matrix metallopeptidase 9","Down_in_KO_control"
"ENSMUSG00000005696",5.9127338375468,2.92681933995576,1.14099386825533,2.56514905240561,0.0103131491575044,0.0366552630929496,"Sh2d1a","20400","SH2 domain containing 1A","Up_in_KO_control"
"ENSMUSG00000113128",38.8227509019039,1.29948053059287,0.506625858427472,2.56497079447614,0.0103184489835197,0.0366671355542354,NA,NA,NA,"Up_in_KO_control"
"ENSMUSG00000114708",41.6697809102765,-1.02750612827732,0.400780631775787,-2.56376193561208,0.0103544538340322,0.0367671526748093,NA,NA,NA,"Down_in_KO_control"
"ENSMUSG00000043631",117.154030068683,0.642160213586188,0.250533366141422,2.56317241681772,0.0103720526803117,0.0368226563852537,"Ecm2","407800","extracellular matrix protein 2, female organ and adipocyte specific","Up_in_KO_control"
"ENSMUSG00000039217",185.534710912002,0.602658040005725,0.235149536319602,2.5628714793068,0.0103810467960221,0.0368406085139316,"Il18","16173","interleukin 18","Up_in_KO_control"
"ENSMUSG00000040998",415.836107094199,-0.607108888506795,0.236912729127375,-2.5625845041884,0.0103896300818442,0.036850103813789,"Npnt","114249","nephronectin","Down_in_KO_control"
"ENSMUSG00000038020",47.5133244541425,-0.839144908979259,0.327499869051844,-2.56227555573899,0.0103988776375895,0.0368759138207716,"Rapgefl1","268480","Rap guanine nucleotide exchange factor (GEF)-like 1","Down_in_KO_control"
"ENSMUSG00000086683",4.73552892165982,-3.25136465064913,1.26922402592867,-2.56169484994594,0.0104162793546683,0.0369236286349514,NA,NA,NA,"Down_in_KO_control"
"ENSMUSG00000087611",20.4269439058593,-1.32022724988947,0.515435648703092,-2.56138133482104,0.0104256850705311,0.0369499705918272,NA,NA,NA,"Down_in_KO_control"
"ENSMUSG00000031101",181.081255112895,0.767513481576004,0.299697520187945,2.56096040132292,0.0104383253113435,0.0369877639748477,"Sash3","74131","SAM and SH3 domain containing 3","Up_in_KO_control"
"ENSMUSG00000039824",127.033287791065,-0.739672725872955,0.289000681635237,-2.55941516015708,0.0104848444464308,0.0371104395925968,"Myl6b","216459","myosin, light polypeptide 6B","Down_in_KO_control"
"ENSMUSG00000020297",3.92843964197547,4.05137133552028,1.58325928729878,2.55888051187899,0.0105009828056229,0.037146482276299,"Nsg2","18197","neuron specific gene family member 2","Up_in_KO_control"
"ENSMUSG00000114575",35.509899949025,-1.1722817358366,0.458195131933477,-2.55847706388726,0.0105131755091556,0.0371755580693178,NA,NA,NA,"Down_in_KO_control"
"ENSMUSG00000053044",7.9639749695884,2.37255187378611,0.928150681825003,2.55621411506266,0.0105817983632182,0.0373546864310323,"Cd8b1","12526","CD8 subunit beta 1","Up_in_KO_control"
"ENSMUSG00000050550",144.203554606667,0.647098828363268,0.253245064553077,2.55522779685859,0.0106118324539415,0.0374536440419854,NA,NA,NA,"Up_in_KO_control"
"ENSMUSG00000041449",4.41841720014289,3.26247097990094,1.27771692569377,2.55335975778007,0.0106689234055679,0.0376196652889376,NA,NA,NA,"Up_in_KO_control"
"ENSMUSG00000028009",13.2228597142402,-1.57893834698146,0.618413833455235,-2.55320670651809,0.0106736130367112,0.0376229266269985,"1700061I17Rik","433646","RIKEN cDNA 1700061I17 gene","Down_in_KO_control"
"ENSMUSG00000034059",85.9685103500191,-0.787638841923672,0.308491051703405,-2.55319834262466,0.0106738693668965,0.0376229266269985,"Ypel4","241525","yippee like 4","Down_in_KO_control"
"ENSMUSG00000073530",13.5947760522503,-1.99597564004687,0.782448873853452,-2.55093426132364,0.0107434588164553,0.0378468269639173,"Pappa2","23850","pappalysin 2","Down_in_KO_control"
"ENSMUSG00000041954",21.5168604053986,1.64249468649261,0.644029746893154,2.55033978541538,0.010761797529767,0.037882903907925,"Tnfrsf18","21936","tumor necrosis factor receptor superfamily, member 18","Up_in_KO_control"
"ENSMUSG00000083757",245.416221539868,-0.6780739836594,0.265918900645736,-2.54992774869639,0.0107745245847411,0.0379205714790783,NA,NA,NA,"Down_in_KO_control"
"ENSMUSG00000067889",26.8441939341241,1.18096516285863,0.463324386306035,2.54889489472842,0.0108064863687813,0.0380044689755692,"Sptbn2","20743","spectrin beta, non-erythrocytic 2","Up_in_KO_control"
"ENSMUSG00000096233",10.2606811688908,2.13739263200939,0.839122374410984,2.54717630847314,0.0108598550402393,0.0381346476327009,"Gm13238","236069","carnitine deficiency-associated gene expressed in ventricle 3 pseudogene","Up_in_KO_control"
"ENSMUSG00000109372",4.39141240703426,-3.96838612465975,1.55911564059727,-2.54528017122548,0.0109190090520382,0.0382850695879314,"Gm19410","100502846","predicted gene, 19410","Down_in_KO_control"
"ENSMUSG00000038181",319.401904456578,0.657902738284732,0.25853385713948,2.54474499225759,0.0109357568268515,0.0383294282638831,"Chpf2","100910","chondroitin polymerizing factor 2","Up_in_KO_control"
"ENSMUSG00000084772",20.9733005047994,-1.32002438268357,0.518821741419022,-2.54427345136537,0.0109505320391858,0.038366842548078,"Gm15473","100504308","predicted gene 15473","Down_in_KO_control"
"ENSMUSG00000039070",19.8241386755699,1.85531250915824,0.730172858602899,2.5409223135302,0.0110560482320477,0.0386785998441407,"Cpa4","71791","carboxypeptidase A4","Up_in_KO_control"
"ENSMUSG00000063415",22.9958568519168,-1.46489553474918,0.57661011643948,-2.54053040864907,0.0110684468203739,0.0387075024013563,"Cyp26b1","232174","cytochrome P450, family 26, subfamily b, polypeptide 1","Down_in_KO_control"
"ENSMUSG00000048334",11.2302180192108,2.27512615434288,0.895737433633894,2.53994761066642,0.011086907484857,0.0387575751474182,NA,NA,NA,"Up_in_KO_control"
"ENSMUSG00000026276",74.922483459094,0.858583248979332,0.338029589468281,2.53996477151565,0.0110863635085014,0.0387575751474182,"Septin2","18000","septin 2","Up_in_KO_control"
"ENSMUSG00000105779",42.4419087310721,1.27566544709453,0.503685344861217,2.5326634179639,0.0113199590464332,0.0394690504259186,NA,NA,NA,"Up_in_KO_control"
"ENSMUSG00000032530",13.8365291735237,-1.44083562947018,0.569023032700646,-2.53212180644396,0.0113374599328827,0.0395227063569361,"Lyzl4","69032","lysozyme-like 4","Down_in_KO_control"
"ENSMUSG00000024235",137.730482917514,-0.691951969746846,0.273326400527059,-2.531595807842,0.011354479313907,0.0395672944881082,"Map3k8","26410","mitogen-activated protein kinase kinase kinase 8","Down_in_KO_control"
"ENSMUSG00000049577",147.461527917382,-0.732165035397922,0.289326488549175,-2.53058418214439,0.0113872755748722,0.039659424498899,"Zfpm1","22761","zinc finger protein, multitype 1","Down_in_KO_control"
"ENSMUSG00000008932",5.33943620791654,-3.40047619079903,1.34378646891613,-2.53051825528633,0.0113894157974445,0.0396594971748379,"Slc1a7","242607","solute carrier family 1 (glutamate transporter), member 7","Down_in_KO_control"
"ENSMUSG00000034107",4.37543434198555,-3.96642906439825,1.5676586002057,-2.53016126335019,0.0114010112409642,0.0396857377889598,"Ano7","404545","anoctamin 7","Down_in_KO_control"
"ENSMUSG00000115711",3.63298356347812,-4.45799314067155,1.76234684682083,-2.52957761902177,0.0114199911461919,0.0397290006169714,NA,NA,NA,"Down_in_KO_control"
"ENSMUSG00000105867",17.4930197992743,-1.38644858858953,0.548215903780577,-2.52901927694613,0.0114381744756648,0.0397700778452463,"Tmem271rt","115490131","transmembrane protein 271, retrotransposed","Down_in_KO_control"
"ENSMUSG00000028626",6.96970952201583,-2.22864138062896,0.881729487350479,-2.52757950437365,0.0114851816696266,0.0399038627151362,"Col9a2","12840","collagen, type IX, alpha 2","Down_in_KO_control"
"ENSMUSG00000101320",19.0165262654021,-1.47409072567072,0.583344407220783,-2.52696470116805,0.0115053065890038,0.0399589462138137,NA,NA,NA,"Down_in_KO_control"
"ENSMUSG00000026358",342.171004008799,-1.4006510577497,0.554303199145411,-2.52686807492566,0.0115084723890344,0.0399625243674154,"Rgs1","50778","regulator of G-protein signaling 1","Down_in_KO_control"
"ENSMUSG00000082381",12.7274153010494,1.96050694112906,0.776626236111421,2.52438927500743,0.0115899509345696,0.0402305234350958,NA,NA,NA,"Up_in_KO_control"
"ENSMUSG00000001948",67.154474592086,-0.899664528523157,0.35641569541488,-2.52420008461164,0.0115961906260145,0.0402447172078282,"Spa17","20686","sperm autoantigenic protein 17","Down_in_KO_control"
"ENSMUSG00000071052",519.973615613849,-1.04141709289295,0.412855058185188,-2.5224762837369,0.0116531807767442,0.0404200133225604,"Rpl7a-ps5","674419","ribosomal protein L7A, pseudogene 5","Down_in_KO_control"
"ENSMUSG00000001444",9.67409478734259,2.1671657938061,0.85950697771474,2.52140570117088,0.0116886999965211,0.0405175780048641,"Tbx21","57765","T-box 21","Up_in_KO_control"
"ENSMUSG00000026581",53.4669118936981,0.936294609630411,0.371348262719594,2.52133833284528,0.0116909383156276,0.0405175780048641,"Sell","20343","selectin, lymphocyte","Up_in_KO_control"
"ENSMUSG00000036867",62.8764614316244,-0.793119426833783,0.314558368101845,-2.52137443241374,0.0116897388567077,0.0405175780048641,"Smad6","17130","SMAD family member 6","Down_in_KO_control"
"ENSMUSG00000037418",18.0976314757073,-1.38563597991788,0.549770965816365,-2.52038769974024,0.0117225637557703,0.0406079851095391,"Best1","24115","bestrophin 1","Down_in_KO_control"
"ENSMUSG00000108415",5.10053774871646,3.48890759201472,1.38602821047184,2.5171981101503,0.0118292294505981,0.040924453819383,NA,NA,NA,"Up_in_KO_control"
"ENSMUSG00000105100",24.5646043553625,1.20096380597773,0.477302816589107,2.51614648863804,0.0118645857900881,0.0410316011624319,NA,NA,NA,"Up_in_KO_control"
"ENSMUSG00000109224",3.41280024729794,-4.18158644268847,1.66289399714256,-2.51464401812377,0.011915262607199,0.041199244118351,NA,NA,NA,"Down_in_KO_control"
"ENSMUSG00000054474",71.0442345906374,0.807665739304835,0.321214309916702,2.51441394225021,0.0119230397560745,0.0412185189276596,"Thnsl2","232078","threonine synthase-like 2 (bacterial)","Up_in_KO_control"
"ENSMUSG00000113749",88.3405236315069,-0.720613659920248,0.286600787628868,-2.51434640456537,0.011925323555695,0.0412187993531068,"Mrto4-ps1","668455","mRNA turnover 4, pseudogene 1","Down_in_KO_control"
"ENSMUSG00000108732",19.0516473045813,1.43692934794694,0.571581924927682,2.51395169315185,0.01193867855589,0.0412573392089324,NA,NA,NA,"Up_in_KO_control"
"ENSMUSG00000098702",93.166226120751,-0.788654380186021,0.314212898173433,-2.50993636725478,0.0120752918961913,0.041629502073218,"1500015A07Rik","68982","RIKEN cDNA 1500015A07 gene","Down_in_KO_control"
"ENSMUSG00000057440",202.313176446817,0.620274746170214,0.247239930293661,2.50879680087872,0.0121143149152583,0.0417179195821179,"Mpp7","75739","membrane protein, palmitoylated 7 (MAGUK p55 subfamily member 7)","Up_in_KO_control"
"ENSMUSG00000068740",14.5190148850975,-1.72891418015296,0.689378367924182,-2.50793216120049,0.0121439979449164,0.0417893772606145,"Celsr2","53883","cadherin, EGF LAG seven-pass G-type receptor 2","Down_in_KO_control"
"ENSMUSG00000021773",59.2412038924517,-0.936308312045325,0.373446645778702,-2.50720771662832,0.0121689176913238,0.041867430917033,"Comtd1","69156","catechol-O-methyltransferase domain containing 1","Down_in_KO_control"
"ENSMUSG00000034872",16.2631818901439,1.51320545488465,0.603594536049391,2.50698998169995,0.0121764162793234,0.0418855290137829,"Gipc3","209047","GIPC PDZ domain containing family, member 3","Up_in_KO_control"
"ENSMUSG00000044024",10.400868980277,-2.02311266993355,0.807197719306704,-2.50634091443071,0.0121987938526773,0.0419470836760658,"Rell2","225392","RELT-like 2","Down_in_KO_control"
"ENSMUSG00000049811",58.060767290117,-0.778519907580212,0.310671994456339,-2.50592239233725,0.0122132423502423,0.0419813380051587,"Fam161a","73873","family with sequence similarity 161, member A","Down_in_KO_control"
"ENSMUSG00000043687",3.57716967739663,-3.51584129526096,1.40351055263212,-2.50503374461091,0.0122439711262202,0.0420637840435025,"Clmb","68918","calcimembrin","Down_in_KO_control"
"ENSMUSG00000023034",621.483989026549,-0.960870625569684,0.38374897673486,-2.5039040722539,0.0122831332320472,0.0421905785923822,"Nr4a1","15370","nuclear receptor subfamily 4, group A, member 1","Down_in_KO_control"
"ENSMUSG00000110529",14.2637296582259,-1.51817852359607,0.606800019709491,-2.50194211319062,0.0123514118230957,0.0423878821252457,NA,NA,NA,"Down_in_KO_control"
"ENSMUSG00000070883",80.0846725389856,-0.685750592912271,0.274182840647072,-2.50107042181742,0.0123818554733471,0.0424595311476534,"Cfap210","75051","cilia and flagella associated protein 210","Down_in_KO_control"
"ENSMUSG00000071653",6.73771328168909,-2.21442086077873,0.885646477979732,-2.50034400388527,0.0124072762290492,0.0425233260209154,"1810009A15Rik","66276","RIKEN cDNA 1810009A15 gene","Down_in_KO_control"
"ENSMUSG00000117251",14.7957280799891,-2.05070367133735,0.820746344161593,-2.49858398508273,0.0124690592735506,0.042703789565511,NA,NA,NA,"Down_in_KO_control"
"ENSMUSG00000110129",31.5825730552826,-0.956057091388004,0.382826540713694,-2.49736366137429,0.0125120568520026,0.0428275324440323,NA,NA,NA,"Down_in_KO_control"
"ENSMUSG00000004473",16.1233804616946,1.60073149067981,0.641186406841024,2.49651501279673,0.0125420359664278,0.0429222968251214,"Clec11a","20256","C-type lectin domain family 11, member a","Up_in_KO_control"
"ENSMUSG00000032691",113.105776815272,0.657776054165966,0.263541014365831,2.49591531606114,0.0125632590139607,0.0429634988903961,"Nlrp3","216799","NLR family, pyrin domain containing 3","Up_in_KO_control"
"ENSMUSG00000114780",3.06618115130383,4.06239537276826,1.62819010819575,2.49503749735338,0.012594382031402,0.0430541963744294,"AI197445","105120","expressed sequence AI197445","Up_in_KO_control"
"ENSMUSG00000020826",109.704283408473,-0.874611908411881,0.351336748524086,-2.48938351050949,0.0127964845733233,0.043609655039264,"Nos2","18126","nitric oxide synthase 2, inducible","Down_in_KO_control"
"ENSMUSG00000038530",71.0846382863727,-1.22542317515172,0.492671278436793,-2.4873038652464,0.0128715406137356,0.0438335103739461,"Rgs4","19736","regulator of G-protein signaling 4","Down_in_KO_control"
"ENSMUSG00000114638",14.512370836658,1.38551007759778,0.557370361924455,2.48579790431262,0.0129261348303028,0.0439561676463064,NA,NA,NA,"Up_in_KO_control"
"ENSMUSG00000027217",97.2864654738934,0.824758669283676,0.331777407581645,2.48587953982586,0.0129231701299934,0.0439561676463064,"Tspan18","241556","tetraspanin 18","Up_in_KO_control"
"ENSMUSG00000109086",131.001640869747,0.673740810820367,0.271014179387349,2.48599837965459,0.012918855381639,0.0439561676463064,NA,NA,NA,"Up_in_KO_control"
"ENSMUSG00000018341",2.96073284082367,4.39494066981779,1.76810600902662,2.48567712986694,0.0129305220156447,0.0439623652759374,"Il12rb2","16162","interleukin 12 receptor, beta 2","Up_in_KO_control"
"ENSMUSG00000086477",17.3918129992185,-1.56961775708771,0.63172222383956,-2.4846644582926,0.0129673596196503,0.0440635918944099,NA,NA,NA,"Down_in_KO_control"
"ENSMUSG00000081453",48.2461482940569,1.21026902265515,0.487381426159898,2.48320710986242,0.0130205360114639,0.0442282247926165,NA,NA,NA,"Up_in_KO_control"
"ENSMUSG00000023206",193.574497075254,0.646025534622328,0.260230730799864,2.48251054991337,0.0130460204657026,0.0442933010112813,"Il15ra","16169","interleukin 15 receptor, alpha chain","Up_in_KO_control"
"ENSMUSG00000070473",3.56949253427419,-4.25046220092496,1.71226234411971,-2.48236621889281,0.0130513064978675,0.0442955289769273,"Cldn3","12739","claudin 3","Down_in_KO_control"
"ENSMUSG00000055555",44.6112436873919,-1.43358069415084,0.57779037551049,-2.48114325698873,0.0130961727847978,0.0443972059054608,"Ct55","75013","cancer/testis antigen 55","Down_in_KO_control"
"ENSMUSG00000016498",4.64586541743246,3.71633669364622,1.49835036598082,2.48028550466134,0.0131277221125332,0.0444674148408866,"Pdcd1lg2","58205","programmed cell death 1 ligand 2","Up_in_KO_control"
"ENSMUSG00000080840",43.2295266549012,1.24496944817363,0.502047068364178,2.4797863121283,0.0131461140337971,0.0445174143891504,"Gm11349","214973","peptidylprolyl isomerase D (cyclophilin D) pseudogene","Up_in_KO_control"
"ENSMUSG00000024340",12.4625527368377,-1.93811446631625,0.78175138311408,-2.47919544266854,0.0131679130824578,0.0445670387976186,"Btnl2","547431","butyrophilin-like 2","Down_in_KO_control"
"ENSMUSG00000087400",19.848172975503,-1.36807992254802,0.552210022016034,-2.47746304486356,0.0132320110792678,0.0447516037098026,NA,NA,NA,"Down_in_KO_control"
"ENSMUSG00000026104",743.473905872183,0.610302560425907,0.246370546210769,2.47717338704844,0.0132427551728802,0.0447798477683605,"Stat1","20846","signal transducer and activator of transcription 1","Up_in_KO_control"
"ENSMUSG00000096001",12.7995640381056,-1.82136045443533,0.735558244375278,-2.47616075050895,0.0132803768959818,0.0448827330421721,"Gpr15lg","70045","G protein coupled receptor 15 ligand","Down_in_KO_control"
"ENSMUSG00000084350",99.6433424831585,0.646686499958328,0.261208306728944,2.47575013236235,0.0132956591870014,0.0449262676717871,NA,NA,NA,"Up_in_KO_control"
"ENSMUSG00000085956",18.5251716076841,-1.43123235031556,0.578130974167591,-2.47561956419354,0.0133005218993263,0.0449345849976698,NA,NA,NA,"Down_in_KO_control"
"ENSMUSG00000040253",648.534732132235,0.63072722558449,0.254818429853569,2.47520254303009,0.0133160634280646,0.0449678184660703,"Gbp7","229900","guanylate binding protein 7","Up_in_KO_control"
"ENSMUSG00000029370",21.3646824996271,-1.33240987973868,0.538474095835461,-2.47441778544872,0.0133453532757588,0.0450372580431513,"Rassf6","73246","Ras association (RalGDS/AF-6) domain family member 6","Down_in_KO_control"
"ENSMUSG00000027221",233.782017464045,-0.628246545493704,0.253956259225137,-2.47383761050265,0.0133670439948074,0.0450941940282729,"Chst1","76969","carbohydrate sulfotransferase 1","Down_in_KO_control"
"ENSMUSG00000028654",39.692073496328,0.956389376724975,0.386682576181151,2.47331903643088,0.0133864580387514,0.0451352773475956,"Mycl","16918","Mycl proto-oncogene, bHLH transcription factor","Up_in_KO_control"
"ENSMUSG00000041329",84.8020645593176,0.86993651933751,0.351770094005083,2.47302580339572,0.0133974469356602,0.0451560562872857,"Atp1b2","11932","ATPase, Na+/K+ transporting, beta 2 polypeptide","Up_in_KO_control"
"ENSMUSG00000030087",9.61333205037554,-1.96308391876651,0.793910975337995,-2.47267512321613,0.0134105991298795,0.0451889637940871,"Klf15","66277","Kruppel-like transcription factor 15","Down_in_KO_control"
"ENSMUSG00000100150",15.3498389071559,1.57603040903017,0.637388579753622,2.47263672285967,0.0134120400209672,0.0451889637940871,"Gm19585","100503190","predicted gene, 19585","Up_in_KO_control"
"ENSMUSG00000086825",4.95387530188978,3.54192312628735,1.43322805060654,2.47129068175048,0.013462633860064,0.0453186305852451,NA,NA,NA,"Up_in_KO_control"
"ENSMUSG00000106379",2.88481955276015,-4.26626609734881,1.72705107326781,-2.47026052870369,0.0135014682225852,0.0454085145307758,"Lhfpl3","269629","lipoma HMGIC fusion partner-like 3","Down_in_KO_control"
"ENSMUSG00000094344",95.5553110585733,1.04498630873164,0.423023470362786,2.47027974082728,0.013500743065592,0.0454085145307758,NA,NA,NA,"Up_in_KO_control"
"ENSMUSG00000035165",147.69337116026,-0.97912462213074,0.396363373444875,-2.47027018067025,0.0135011039071224,0.0454085145307758,"Kcne3","57442","potassium voltage-gated channel, Isk-related subfamily, gene 3","Down_in_KO_control"
"ENSMUSG00000021675",19.694948412728,-1.35658559151668,0.549192176369969,-2.47014733619003,0.0135057413456039,0.0454147237736362,"F2rl2","14064","coagulation factor II thrombin receptor like 2","Down_in_KO_control"
"ENSMUSG00000037318",44.7191225665584,0.914164286932023,0.370391487054603,2.46810285571509,0.013583128372468,0.0456175666249093,"Traf3ip3","215243","TRAF3 interacting protein 3","Up_in_KO_control"
"ENSMUSG00000023011",13.4072209360671,-1.60999230809154,0.652451558585701,-2.46760435607123,0.0136020567237322,0.0456729387172439,"Faim2","72393","Fas apoptotic inhibitory molecule 2","Down_in_KO_control"
"ENSMUSG00000044156",7.96290214848775,2.78501666046589,1.12869126425406,2.46747427633054,0.0136069997668869,0.0456797088272455,"Hepacam2","101202","HEPACAM family member 2","Up_in_KO_control"
"ENSMUSG00000086443",9.95743665298369,-1.95538285282561,0.792893035521139,-2.46613700111568,0.0136579084447572,0.04582173355097,NA,NA,NA,"Down_in_KO_control"
"ENSMUSG00000031431",2369.39569785723,-0.807528662766159,0.32763015898207,-2.46475680161774,0.0137106275632833,0.0459715057501739,"Tsc22d3","14605","TSC22 domain family, member 3","Down_in_KO_control"
"ENSMUSG00000079669",35.4720768078482,-1.01497994146579,0.411893798654853,-2.46417873922956,0.0137327610085084,0.0460127406897436,"Gm17396","102635502","predicted gene, 17396","Down_in_KO_control"
"ENSMUSG00000058126",1454.25181015955,0.853325562822838,0.346423215717771,2.46324589145907,0.0137685453951524,0.0461078722225279,"Tpm3-rs7","621054","tropomyosin 3, related sequence 7","Up_in_KO_control"
"ENSMUSG00000114809",60.4896234728881,-0.784426467298825,0.318645070486119,-2.46175616682887,0.013825862553486,0.0462749715548889,"Atp5c1-ps","382823","ATP synthase, H+ transporting, mitochondrial F1 complex, gamma polypeptide 1, pseudogene","Down_in_KO_control"
"ENSMUSG00000021360",294.369465634035,-0.594915178749709,0.241671527611581,-2.46166846640646,0.0138292433846982,0.0462780099173564,"Gcnt2","14538","glucosaminyl (N-acetyl) transferase 2 (I blood group)","Down_in_KO_control"
"ENSMUSG00000097944",46.7613152092095,-0.846642077383476,0.343955831564354,-2.46148487592968,0.0138363231192044,0.0462934229446937,"A130014A01Rik","402737","RIKEN cDNA A130014A01 gene","Down_in_KO_control"
"ENSMUSG00000117822",786.939615784058,0.641934965621754,0.260845548013901,2.46097727375261,0.0138559142611898,0.0463423992081582,NA,NA,NA,"Up_in_KO_control"
"ENSMUSG00000082872",103.078332506374,0.756557700584748,0.307466265735657,2.46062018795648,0.0138697108249121,0.0463802535143998,NA,NA,NA,"Up_in_KO_control"
"ENSMUSG00000071001",13.1428354640208,-1.54454351655807,0.62791230253299,-2.45980769978133,0.0139011477708028,0.0464604711975413,"Hrct1","100039781","histidine rich carboxyl terminus 1","Down_in_KO_control"
"ENSMUSG00000091561",23.6461133422056,1.39489110446525,0.567175135926196,2.45936575161637,0.0139182741147405,0.0464927996267652,NA,NA,NA,"Up_in_KO_control"
"ENSMUSG00000112278",138.698325058452,-0.65908051543565,0.267983500329486,-2.45940707030586,0.0139166721468326,0.0464927996267652,"Gm30025","102631772","predicted gene, 30025","Down_in_KO_control"
"ENSMUSG00000016756",22.6896910230915,1.25570965601827,0.510709752165506,2.45875401966347,0.01394201064367,0.0465637774718893,"Cmah","12763","cytidine monophospho-N-acetylneuraminic acid hydroxylase","Up_in_KO_control"
"ENSMUSG00000025176",53.217580189573,-0.980976789918753,0.399008571392844,-2.45853563118807,0.0139504932431285,0.0465837937292406,"Hoga1","67432","4-hydroxy-2-oxoglutarate aldolase 1","Down_in_KO_control"
"ENSMUSG00000114660",3.98278933109007,4.06595445641868,1.65493940090048,2.45686002412313,0.0140157285433192,0.0467432415311233,NA,NA,NA,"Up_in_KO_control"
"ENSMUSG00000050545",28.3156073917821,-1.3011694330601,0.529597018922261,-2.45690475318007,0.0140139836447182,0.0467432415311233,"Fam228b","207921","family with sequence similarity 228, member B","Down_in_KO_control"
"ENSMUSG00000074283",28.4939501840618,1.16267357128166,0.473699625595745,2.45445321984248,0.014109902178475,0.0469903184669519,"Zfp109","56869","zinc finger protein 109","Up_in_KO_control"
"ENSMUSG00000027318",58.4281941430616,-1.10589817914774,0.450623354362231,-2.45415193962356,0.0141217299333951,0.0470213402568724,"Adam33","110751","a disintegrin and metallopeptidase domain 33","Down_in_KO_control"
"ENSMUSG00000117698",18.2282366816214,-1.41678779881787,0.577603573427981,-2.45287228818455,0.0141720644546957,0.0471721526397582,"BC037704","100502982","cDNA sequence BC037704","Down_in_KO_control"
"ENSMUSG00000036570",86.790952882467,0.874849795133202,0.357040324740996,2.45028287986192,0.0142744021827946,0.0474790060516592,"Fxyd1","56188","FXYD domain-containing ion transport regulator 1","Up_in_KO_control"
"ENSMUSG00000051159",11.7514070565006,-1.77807583668218,0.726091750175311,-2.44883079342641,0.0143320758941668,0.0476438152548102,"Cited1","12705","Cbp/p300-interacting transactivator with Glu/Asp-rich carboxy-terminal domain 1","Down_in_KO_control"
"ENSMUSG00000026495",79.086743400286,0.800838017888935,0.327255138855364,2.4471365696197,0.0143996265096412,0.0478275134673263,"Efcab2","68226","EF-hand calcium binding domain 2","Up_in_KO_control"
"ENSMUSG00000110588",8.08415623416478,-2.00808231175771,0.82095265130658,-2.44603913339187,0.0144435322414416,0.0479573446838984,NA,NA,NA,"Down_in_KO_control"
"ENSMUSG00000022679",86.694232574377,-0.692726079599701,0.283204079635234,-2.44603142896786,0.0144438408934137,0.0479573446838984,"Mpv17l","93734","Mpv17 transgene, kidney disease mutant-like","Down_in_KO_control"
"ENSMUSG00000090957",108.471255318222,0.885079646365625,0.362381997514696,2.4423940825861,0.0145902102212769,0.0483918121004527,"Gm7535","665187","non-SMC condensin II complex, subunit H2 pseudogene","Up_in_KO_control"
"ENSMUSG00000038677",35.5418848241536,1.19423075640791,0.489038837608551,2.44199573646915,0.0146063191220142,0.048436655986222,"Scube3","268935","signal peptide, CUB domain, EGF-like 3","Up_in_KO_control"
"ENSMUSG00000037428",11.9933396422311,-1.97415268451618,0.808719134167803,-2.44108566387222,0.0146431808081841,0.048541690427555,"Vgf","381677","VGF nerve growth factor inducible","Down_in_KO_control"
"ENSMUSG00000062683",60.2677996141848,0.711157136596467,0.291349099061108,2.4409107111991,0.0146502765018628,0.0485480120735539,"Atp5mc2","67942","ATP synthase membrane subunit c locus 2","Up_in_KO_control"
"ENSMUSG00000078700",66.2099331023051,0.69796856425273,0.28598362083122,2.44058929747118,0.014663320231649,0.0485740328367584,"D030028A08Rik","319371","RIKEN cDNA D030028A08 gene","Up_in_KO_control"
"ENSMUSG00000022707",485.452127706961,-0.651127715768959,0.266882057530091,-2.43975830295577,0.0146970914157383,0.0486671969089257,"Gbe1","74185","1,4-alpha-glucan branching enzyme 1","Down_in_KO_control"
"ENSMUSG00000062044",119.727670242886,-0.647128617386093,0.265248679108175,-2.43970533448793,0.014699246349022,0.0486671969089257,"Lmtk3","381983","lemur tyrosine kinase 3","Down_in_KO_control"
"ENSMUSG00000083199",50.6193339052612,-0.89235750049637,0.366076004968086,-2.43762903983331,0.0147839366325828,0.0489043320144109,"Gm9432","101055899","nucleolar protein 56 pseudogene","Down_in_KO_control"
"ENSMUSG00000107968",9.10173577643965,1.99488529135126,0.818612045471764,2.43691172440739,0.014813295098862,0.0489927874133977,NA,NA,NA,"Up_in_KO_control"
"ENSMUSG00000102602",23.3968455939966,1.2847161489055,0.527336566470358,2.43623566160895,0.0148410121844001,0.0490757838852589,NA,NA,NA,"Up_in_KO_control"
"ENSMUSG00000035495",243.878604203653,0.650178164588193,0.267130687697859,2.43393288203407,0.0149357643040032,0.0493106840897691,"Tstd2","272027","thiosulfate sulfurtransferase (rhodanese)-like domain containing 2","Up_in_KO_control"
"ENSMUSG00000030592",52.4927059113804,2.03875751704736,0.838303618791949,2.43200371720373,0.0150155532117853,0.0495566220903243,"Ryr1","20190","ryanodine receptor 1, skeletal muscle","Up_in_KO_control"
"ENSMUSG00000027562",245.351818713316,-1.19384024246495,0.491009347865114,-2.43140023230864,0.0150405899052223,0.0496304988355535,"Car2","12349","carbonic anhydrase 2","Down_in_KO_control"
"ENSMUSG00000021572",90.5357251655495,0.608770971953646,0.250512378183579,2.43010336003249,0.0150945175128214,0.0497821124810409,"Cep72","74470","centrosomal protein 72","Up_in_KO_control"
"ENSMUSG00000037731",243.47683695752,0.636889542200719,0.262147788246163,2.42950568632173,0.0151194277457683,0.0498115935574934,"Themis2","230787","thymocyte selection associated family member 2","Up_in_KO_control"
"ENSMUSG00000021823",564.876446385937,1.12312679844168,0.462590220011666,2.42790865404236,0.0151861675986658,0.0499786764463303,"Vcl","22330","vinculin","Up_in_KO_control"
