"ENSEMBL","baseMean","log2FoldChange","lfcSE","stat","pvalue","padj","SYMBOL","ENTREZID","GENENAME","regulated"
"ENSMUSG00000024027",863.547530732796,-7.91748492889122,0.352849909492693,-22.4386763773711,1.650854013163e-111,3.02155810029224e-107,"Glp1r","14652","glucagon-like peptide 1 receptor","Down_in_KO_treated"
"ENSMUSG00000039100",15691.8736379811,-4.286420161834,0.209867320587054,-20.424428871745,1.01437755490302e-92,9.28307619369503e-89,"Marchf6","223455","membrane associated ring-CH-type finger 6","Down_in_KO_treated"
"ENSMUSG00000039065",1290.23312958026,-3.39306452052641,0.170695611501565,-19.8778661658522,6.32679202162018e-88,3.85997581239047e-84,"Atpsckmt","68073","ATP synthase C subunit lysine N-methyltransferase","Down_in_KO_treated"
"ENSMUSG00000022234",52967.1679707327,-3.94247474042786,0.201113330509168,-19.6032492249346,1.45059037886597e-85,6.63753892609595e-82,"Cct5","12465","chaperonin containing TCP1 subunit 5","Down_in_KO_treated"
"ENSMUSG00000039168",75231.1295849714,-3.80298034005766,0.204479109082561,-18.5983808180726,3.31159964372209e-77,1.21224416558091e-73,"Dap","223453","death-associated protein","Down_in_KO_treated"
"ENSMUSG00000022055",442.22950608373,-5.06774852760392,0.292259611065803,-17.3398866477753,2.35200295955797e-67,7.17478502813159e-64,"Nefl","18039","neurofilament, light polypeptide","Down_in_KO_treated"
"ENSMUSG00000073125",415.578054759361,7.1031104427752,0.438447402205322,16.2005987652057,4.9938455843281e-59,1.30574793899939e-55,"Xlr3b","574437","X-linked lymphocyte-regulated 3B","Up_in_KO_treated"
"ENSMUSG00000039209",486.290895460938,-7.04172981024819,0.435794861291827,-16.1583589796685,9.91664953690354e-59,2.26880545592432e-55,"Rpl39l","68172","ribosomal protein L39-like","Down_in_KO_treated"
"ENSMUSG00000022054",431.614842237307,-4.95752329042221,0.320887799671333,-15.4493978752072,7.61514970906769e-54,1.54866761250073e-50,"Nefm","18040","neurofilament, medium polypeptide","Down_in_KO_treated"
"ENSMUSG00000059430",1216.98715464871,3.82507590177724,0.263839819767312,14.4977202650862,1.25240753702842e-47,2.29228151502311e-44,"Actg2","11468","actin, gamma 2, smooth muscle, enteric","Up_in_KO_treated"
"ENSMUSG00000022237",2392.35708001076,-3.55747846420371,0.251078531328193,-14.1687879301541,1.42946459704889e-45,2.37849913816235e-42,"Ankrd33b","67434","ankyrin repeat domain 33B","Down_in_KO_treated"
"ENSMUSG00000062184",176.337978834243,-7.1138021065266,0.518626257352046,-13.7166254227998,8.07365532734289e-43,1.23143427880297e-39,"Hs6st2","50786","heparan sulfate 6-O-sulfotransferase 2","Down_in_KO_treated"
"ENSMUSG00000028989",1284.520725611,4.3360991454274,0.32161097957846,13.4824350558889,1.98447544481376e-41,2.79398877434048e-38,"Angptl7","654812","angiopoietin-like 7","Up_in_KO_treated"
"ENSMUSG00000022403",25723.1848400459,-3.10311318978408,0.230719644934734,-13.4497137886195,3.09066245647087e-41,4.04059963862759e-38,"St13","70356","suppression of tumorigenicity 13","Down_in_KO_treated"
"ENSMUSG00000052560",329.401495194419,-3.59740766252289,0.269141984171948,-13.366207704795,9.52759598992313e-41,1.16255726269042e-37,"Cpne8","66871","copine VIII","Down_in_KO_treated"
"ENSMUSG00000031561",567.591165439624,4.50875623163123,0.343928597177906,13.1095706161909,2.90236959798622e-39,3.32012942199636e-36,"Tenm3","23965","teneurin transmembrane protein 3","Up_in_KO_treated"
"ENSMUSG00000022235",345.064381573523,-3.97704641838943,0.312515967780732,-12.7258982849152,4.24563795489164e-37,4.57105361696363e-34,"Cmbl","69574","carboxymethylenebutenolidase homolog","Down_in_KO_treated"
"ENSMUSG00000022404",5431.12989939085,-2.89864308076776,0.22978727869824,-12.614462807466,1.75751953394348e-36,1.7871044460982e-33,"Slc25a17","20524","solute carrier family 25 (mitochondrial carrier, peroxisomal membrane protein), member 17","Down_in_KO_treated"
"ENSMUSG00000001349",689.228214378187,4.33376203387163,0.345757595051515,12.5341050952935,4.85814372847152e-36,4.67992656116917e-33,"Cnn1","12797","calponin 1","Up_in_KO_treated"
"ENSMUSG00000038253",804.595580653575,2.36999789728944,0.191700434777802,12.3630282843984,4.14251630695927e-35,3.79102379831378e-32,"Hoxa5","15402","homeobox A5","Up_in_KO_treated"
"ENSMUSG00000023945",954.43530027,-5.66584523731106,0.464463805672917,-12.1986797853976,3.15904280285773e-34,2.753331448605e-31,"Slc5a7","63993","solute carrier family 5 (choline transporter), member 7","Down_in_KO_treated"
"ENSMUSG00000029307",232.063194852834,-2.66355159064087,0.219151825224565,-12.1539101392905,5.46861986307616e-34,4.54964315244922e-31,"Dmp1","13406","dentin matrix protein 1","Down_in_KO_treated"
"ENSMUSG00000022401",1089.52255041142,-2.83834590552272,0.245109043541277,-11.5799313828449,5.20877305886615e-31,4.14505101288814e-28,"Xpnpep3","321003","X-prolyl aminopeptidase 3, mitochondrial","Down_in_KO_treated"
"ENSMUSG00000048402",181.995501814349,3.34514652199406,0.293002994525867,11.4167656457134,3.4482931281508e-30,2.629754546856e-27,"Gli2","14633","GLI-Kruppel family member GLI2","Up_in_KO_treated"
"ENSMUSG00000061731",7041.26955560737,-2.05605057663213,0.181415460490395,-11.3333812403545,8.96747746214326e-30,6.56526959958433e-27,"Ext1","14042","exostosin glycosyltransferase 1","Down_in_KO_treated"
"ENSMUSG00000097451",1743.18870822658,-2.8625034463806,0.258761488877493,-11.0623240683849,1.91081187812976e-28,1.34513806943881e-25,NA,NA,NA,"Down_in_KO_treated"
"ENSMUSG00000024593",164.377522049829,-3.68866051162695,0.338651141134433,-10.8922134420409,1.25551137176597e-27,8.51097208793796e-25,"Megf10","70417","multiple EGF-like-domains 10","Down_in_KO_treated"
"ENSMUSG00000046387",243.288074986466,2.98254099901818,0.274859394355853,10.8511517534553,1.96928037033912e-27,1.2872763792256e-24,"Pcdhb17","93888","protocadherin beta 17","Up_in_KO_treated"
"ENSMUSG00000022236",369.994617075861,-4.23578118286926,0.398747780786154,-10.622707854369,2.33682302763598e-26,1.47485765085591e-23,"Ropn1l","252967","ropporin 1-like","Down_in_KO_treated"
"ENSMUSG00000082361",508.990486210406,-3.96415200396606,0.374553677727824,-10.5836686159752,3.54788553407716e-26,2.16456496434047e-23,"Btc","12223","betacellulin, epidermal growth factor family member","Down_in_KO_treated"
"ENSMUSG00000030616",180.514650995711,-2.44886242222855,0.232642484047401,-10.5262907256853,6.53594471101846e-26,3.858948259541e-23,"Sytl2","83671","synaptotagmin-like 2","Down_in_KO_treated"
"ENSMUSG00000058656",260.795091994069,-3.13347739279114,0.298919342783781,-10.4826852742604,1.03755173492344e-25,5.93447168884492e-23,"Samd12","320679","sterile alpha motif domain containing 12","Down_in_KO_treated"
"ENSMUSG00000027500",1293.70923172451,2.67069338315004,0.256211395377854,10.4237884470805,1.93104623788406e-25,1.07102846339369e-22,"Stmn2","20257","stathmin-like 2","Up_in_KO_treated"
"ENSMUSG00000052981",88.804141304372,4.98741983501995,0.485955783623898,10.2631144706777,1.03319590190087e-24,5.56193664485046e-22,"Ube2ql1","76980","ubiquitin-conjugating enzyme E2Q family-like 1","Up_in_KO_treated"
"ENSMUSG00000035095",932.68517406904,2.31785680537893,0.226841948192952,10.2179373076419,1.64810468394626e-24,8.61864572293381e-22,"Fam167a","219148","family with sequence similarity 167, member A","Up_in_KO_treated"
"ENSMUSG00000028126",1655.61246742588,-1.62536224309901,0.160692021177649,-10.1147663162574,4.75149546883496e-24,2.41573948794684e-21,"Pip5k1a","18720","phosphatidylinositol-4-phosphate 5-kinase, type 1 alpha","Down_in_KO_treated"
"ENSMUSG00000024846",341.187202755898,-3.09674609951859,0.310068409683273,-9.98729958553934,1.73236798555216e-23,8.56960303771922e-21,"Cst6","73720","cystatin E/M","Down_in_KO_treated"
"ENSMUSG00000090210",658.222044099158,-2.0786337490141,0.209533000515964,-9.92031681833209,3.39676259344532e-23,1.63607751967973e-20,"Itga10","213119","integrin, alpha 10","Down_in_KO_treated"
"ENSMUSG00000046733",636.277625779515,-1.88630320171369,0.191401149662586,-9.85523443845022,6.50646734765994e-23,3.05353517600564e-20,"Gprc5a","232431","G protein-coupled receptor, family C, group 5, member A","Down_in_KO_treated"
"ENSMUSG00000110631",850.031287644139,-2.53535969289357,0.260131926185059,-9.74643800965017,1.91054479389383e-22,8.74217534065968e-20,NA,NA,NA,"Down_in_KO_treated"
"ENSMUSG00000013415",291.579529534128,-3.29283174433985,0.340491047345475,-9.67083208211,4.01103462907289e-22,1.79058455648588e-19,"Igf2bp1","140486","insulin-like growth factor 2 mRNA binding protein 1","Down_in_KO_treated"
"ENSMUSG00000031375",53006.82193836,1.74499767782905,0.180562729162458,9.6642185567489,4.27872825528779e-22,1.86460864896506e-19,"Bgn","12111","biglycan","Up_in_KO_treated"
"ENSMUSG00000049691",144.053503085911,6.2232333312663,0.646524119087617,9.62567852851122,6.22944144971771e-22,2.65156899660891e-19,"Nkx3-2","12020","NK3 homeobox 2","Up_in_KO_treated"
"ENSMUSG00000067818",1769.99525893989,2.72943504295248,0.283759640398478,9.61882753699431,6.65857856223421e-22,2.76981735055847e-19,"Myl9","98932","myosin, light polypeptide 9, regulatory","Up_in_KO_treated"
"ENSMUSG00000020950",1818.79543724268,-2.27497043445488,0.239948610573882,-9.4810735891067,2.51680154620583e-21,1.02366708222679e-18,"Foxg1","15228","forkhead box G1","Down_in_KO_treated"
"ENSMUSG00000022313",1399.19318033806,-2.91468063627222,0.310368485702104,-9.39103282241669,5.94147486591133e-21,2.36406118414728e-18,"Utp23","78581","UTP23 small subunit processome component","Down_in_KO_treated"
"ENSMUSG00000035783",9522.50407798366,2.50699985412782,0.268770976429388,9.32764351059484,1.08250812843751e-20,4.21556303718974e-18,"Acta2","11475","actin alpha 2, smooth muscle, aorta","Up_in_KO_treated"
"ENSMUSG00000038521",562.465138159409,2.12379385838934,0.228325768838048,9.30159512523423,1.38354210812562e-20,5.27561900104649e-18,"C1s1","50908","complement component 1, s subcomponent 1","Up_in_KO_treated"
"ENSMUSG00000018819",3605.30058555611,1.03463179079954,0.112495847232554,9.19706652513782,3.67854725778497e-20,1.37405000937221e-17,"Lsp1","16985","lymphocyte specific 1","Up_in_KO_treated"
"ENSMUSG00000031273",83.3276878011487,-4.2925440509539,0.469579022343,-9.14126024952292,6.17287211250515e-20,2.25964156550364e-17,"Col4a6","94216","collagen, type IV, alpha 6","Down_in_KO_treated"
"ENSMUSG00000022314",26754.8504581708,-2.41496254485367,0.264371687434828,-9.13472455498472,6.5573488901933e-20,2.35331679876878e-17,"Rad21","19357","RAD21 cohesin complex component","Down_in_KO_treated"
"ENSMUSG00000073000",72.3122296033534,-6.93147777907054,0.762461373880074,-9.09092318184865,9.82016388420276e-20,3.45650883793391e-17,NA,NA,NA,"Down_in_KO_treated"
"ENSMUSG00000015134",116.469224643483,-3.96877718362361,0.438504962768808,-9.05070072312056,1.42053788548809e-19,4.81483424409048e-17,"Aldh1a3","56847","aldehyde dehydrogenase family 1, subfamily A3","Down_in_KO_treated"
"ENSMUSG00000020758",218.119429906901,-2.17073376161145,0.239819871977417,-9.05151747314695,1.40995098415027e-19,4.81483424409048e-17,"Itgb4","192897","integrin beta 4","Down_in_KO_treated"
"ENSMUSG00000021614",4929.02488509502,-1.51698195318946,0.168563313788466,-8.99947870681487,2.26791954404035e-19,7.54722389355826e-17,"Vcan","13003","versican","Down_in_KO_treated"
"ENSMUSG00000004631",1759.81781808593,-1.70794469983126,0.189954308789979,-8.99134486977934,2.44223416955346e-19,7.98218071523876e-17,"Sgce","20392","sarcoglycan, epsilon","Down_in_KO_treated"
"ENSMUSG00000104861",157.098130813538,-2.37584707248089,0.264775805133406,-8.9730520176639,2.88409813367963e-19,9.26099090188389e-17,"3110039M20Rik","67293","RIKEN cDNA 3110039M20 gene","Down_in_KO_treated"
"ENSMUSG00000038816",318.036903388513,-1.32978207035264,0.148825969920897,-8.93514801925656,4.06633471781889e-19,1.28320904034895e-16,"Ctnnal1","54366","catenin alpha like 1","Down_in_KO_treated"
"ENSMUSG00000114995",158.871523498341,-3.3967013541129,0.38132468489358,-8.90763564142419,5.2132401615354e-19,1.61725313011157e-16,NA,NA,NA,"Down_in_KO_treated"
"ENSMUSG00000063632",174.377528891993,4.08952180612489,0.462863263027707,8.83526979301463,9.98569677609784e-19,3.04613680154865e-16,"Sox11","20666","SRY (sex determining region Y)-box 11","Up_in_KO_treated"
"ENSMUSG00000030000",363.403330364995,-2.40462060515986,0.272618536496068,-8.82045893161248,1.13991550461955e-18,3.42030712804125e-16,"Add2","11519","adducin 2","Down_in_KO_treated"
"ENSMUSG00000021359",331.856516788853,2.97162417125553,0.34095611516578,8.71556203005969,2.89319740070294e-18,8.54099871372032e-16,"Tfap2a","21418","transcription factor AP-2, alpha","Up_in_KO_treated"
"ENSMUSG00000025582",1756.96524116152,-2.01240039448251,0.231276583319779,-8.70127172235171,3.28185404363217e-18,9.53456739057136e-16,"Nptx1","18164","neuronal pentraxin 1","Down_in_KO_treated"
"ENSMUSG00000045349",889.610476885357,-1.46410766958065,0.168734322485494,-8.67699972367221,4.06346095583869e-18,1.16208634179243e-15,"Sh2d5","230863","SH2 domain containing 5","Down_in_KO_treated"
"ENSMUSG00000022120",454.566271026618,1.35346596863687,0.156632414751819,8.64103366331554,5.57066996017373e-18,1.56861495817015e-15,"Obi1","72486","ORC ubiquitin ligase 1","Up_in_KO_treated"
"ENSMUSG00000031283",240.197491817192,-1.99418230362431,0.231126839732883,-8.62808623147803,6.23870374615127e-18,1.73010597978495e-15,"Chrdl1","83453","chordin-like 1","Down_in_KO_treated"
"ENSMUSG00000037995",97.9397727945313,2.42880772984276,0.285005681609943,8.52196249605582,1.56872192270479e-17,4.28542050018893e-15,"Igsf9","93842","immunoglobulin superfamily, member 9","Up_in_KO_treated"
"ENSMUSG00000016494",7113.97949272596,0.950780587486181,0.111775293842266,8.50617837630465,1.79760330385679e-17,4.83846077507218e-15,"Cd34","12490","CD34 antigen","Up_in_KO_treated"
"ENSMUSG00000049971",40.7358841804591,-3.57152908965905,0.42225261593008,-8.45827581622479,2.71359688914471e-17,7.19811070463995e-15,"Glt1d1","319804","glycosyltransferase 1 domain containing 1","Down_in_KO_treated"
"ENSMUSG00000031980",111.930967671844,-3.65300310548396,0.432424182222828,-8.44773085239154,2.97019146844661e-17,7.76620206385405e-15,"Agt","11606","angiotensinogen","Down_in_KO_treated"
"ENSMUSG00000031965",57.1081274720265,-5.9190661257745,0.702436984498133,-8.42647277464109,3.56240652029332e-17,9.07384309570613e-15,"Tbx20","57246","T-box 20","Down_in_KO_treated"
"ENSMUSG00000017969",1287.93980482057,1.63463817215966,0.193993748519385,8.42624148786072,3.56945147183981e-17,9.07384309570613e-15,"Ptgis","19223","prostaglandin I2 (prostacyclin) synthase","Up_in_KO_treated"
"ENSMUSG00000059327",93.944469691737,2.96735765374588,0.35248053468704,8.41850077304421,3.81332655326201e-17,9.56100217867871e-15,"Eda","13607","ectodysplasin-A","Up_in_KO_treated"
"ENSMUSG00000038267",733.775410585888,-1.73641082273501,0.206340047253219,-8.41528751131913,3.91932435020694e-17,9.69397210565373e-15,"Slc22a23","73102","solute carrier family 22, member 23","Down_in_KO_treated"
"ENSMUSG00000036136",174.343773614799,-2.16966754213198,0.25820402125603,-8.40291925577944,4.35514152213662e-17,1.06282873706222e-14,"Fam110c","104943","family with sequence similarity 110, member C","Down_in_KO_treated"
"ENSMUSG00000038296",663.065653352972,-1.30691292440427,0.155967500976738,-8.37939260563769,5.32015337501493e-17,1.2812469371434e-14,"Galnt18","233733","polypeptide N-acetylgalactosaminyltransferase 18","Down_in_KO_treated"
"ENSMUSG00000035413",387.979558233808,1.76468082686133,0.210850517498224,8.3693454860797,5.79391462216949e-17,1.37722103025413e-14,"Tmem98","103743","transmembrane protein 98","Up_in_KO_treated"
"ENSMUSG00000032271",105.57636369494,2.5081666484956,0.300743886296104,8.33987576401179,7.43686264101834e-17,1.7450884220328e-14,"Nnmt","18113","nicotinamide N-methyltransferase","Up_in_KO_treated"
"ENSMUSG00000029810",2758.29553200937,1.68718172578613,0.202453518615259,8.33367450131816,7.83712015009829e-17,1.81573177350948e-14,"Tmem176b","65963","transmembrane protein 176B","Up_in_KO_treated"
"ENSMUSG00000039410",176.507938540187,3.32252912134054,0.399108262319258,8.32488183039107,8.44129075887707e-17,1.93126180949659e-14,"Prdm16","70673","PR domain containing 16","Up_in_KO_treated"
"ENSMUSG00000037605",283.027633935484,-2.09655274858291,0.253046459725373,-8.28524829336978,1.17862931674456e-16,2.63078687614338e-14,"Adgrl3","319387","adhesion G protein-coupled receptor L3","Down_in_KO_treated"
"ENSMUSG00000021306",621.39730520253,-1.15907484343354,0.139895092456395,-8.28531453878431,1.17797342724846e-16,2.63078687614338e-14,"Gpr137b","83924","G protein-coupled receptor 137B","Down_in_KO_treated"
"ENSMUSG00000058665",61.9308436141763,4.81178383663725,0.581803781061189,8.27045817382062,1.33445185276706e-16,2.94270750134886e-14,"En1","13798","engrailed 1","Up_in_KO_treated"
"ENSMUSG00000061353",8030.15566616698,1.06452555648276,0.129080227014577,8.24700716061295,1.62410689291368e-16,3.53881291202369e-14,"Cxcl12","20315","C-X-C motif chemokine ligand 12","Up_in_KO_treated"
"ENSMUSG00000022464",443.394875646203,-4.27375678727389,0.519141847581397,-8.2323488410435,1.83577726421545e-16,3.95296838434534e-14,"Slc38a4","69354","solute carrier family 38, member 4","Down_in_KO_treated"
"ENSMUSG00000026582",96.6697106626817,-2.6446264129703,0.321756570980882,-8.21933925050264,2.04627436833846e-16,4.35499532136033e-14,"Sele","20339","selectin, endothelial cell","Down_in_KO_treated"
"ENSMUSG00000022124",1709.68819229987,1.09611440581776,0.133635617667793,8.20226242784022,2.3590461980791e-16,4.96294512223469e-14,"Fbxl3","50789","F-box and leucine-rich repeat protein 3","Up_in_KO_treated"
"ENSMUSG00000024376",140.671154621111,-2.04107257417197,0.249456698126312,-8.18207163609002,2.7900509647837e-16,5.80298895550411e-14,"Epb41l4a","13824","erythrocyte membrane protein band 4.1 like 4a","Down_in_KO_treated"
"ENSMUSG00000027082",2365.81664020884,0.846734426620155,0.104336589914721,8.11541212255668,4.84138949719154e-16,9.95639909742661e-14,"Tfpi","21788","tissue factor pathway inhibitor","Up_in_KO_treated"
"ENSMUSG00000028037",288.241260329149,2.29813618441039,0.283565746506669,8.10442097722246,5.29973024344631e-16,1.0777884738422e-13,"Ifi44","99899","interferon-induced protein 44","Up_in_KO_treated"
"ENSMUSG00000029838",33375.4928285915,1.87981499657803,0.232272829530813,8.09313340856622,5.8149116022796e-16,1.16956403358817e-13,"Ptn","19242","pleiotrophin","Up_in_KO_treated"
"ENSMUSG00000021098",98.7998211752102,-8.62797311148318,1.07040089383312,-8.06050626563502,7.5979118197529e-16,1.49598214308672e-13,"4930447C04Rik","75801","RIKEN cDNA 4930447C04 gene","Down_in_KO_treated"
"ENSMUSG00000115149",135.564270769879,1.81128895707746,0.224713075485543,8.06045199267448,7.60128609009809e-16,1.49598214308672e-13,"9330188P03Rik","380930","RIKEN cDNA 9330188P03 gene","Up_in_KO_treated"
"ENSMUSG00000019539",4717.86262288598,1.40099046141795,0.173964756810924,8.05330049086112,8.05907185899471e-16,1.56920417271468e-13,"Rcn3","52377","reticulocalbin 3, EF-hand calcium binding domain","Up_in_KO_treated"
"ENSMUSG00000020638",280.320552094448,2.29774569622658,0.285627122475641,8.0445641027054,8.65529456561891e-16,1.66755638352129e-13,"Cmpk2","22169","cytidine/uridine monophosphate kinase 2","Up_in_KO_treated"
"ENSMUSG00000043773",91.4604442517407,9.75539424591751,1.21340043386792,8.03971547531143,9.00473110459417e-16,1.71680826466028e-13,"1700048O20Rik","69430","RIKEN cDNA 1700048O20 gene","Up_in_KO_treated"
"ENSMUSG00000036782",53.3719269031864,-3.06907291402412,0.382152285175381,-8.03102070321425,9.66650379710533e-16,1.82247746967483e-13,"Klhl13","67455","kelch-like 13","Down_in_KO_treated"
"ENSMUSG00000116657",195.394495931619,-1.63968046877529,0.204197800436718,-8.0298635209023,9.75811572027172e-16,1.82247746967483e-13,NA,NA,NA,"Down_in_KO_treated"
"ENSMUSG00000099759",49.6036426368704,-4.86066420046173,0.605462942276491,-8.02801271732013,9.90642138505893e-16,1.8314871778862e-13,"1700030C10Rik","69513","RIKEN cDNA 1700030C10 gene","Down_in_KO_treated"
"ENSMUSG00000033207",111.768561216651,2.2894289056555,0.285274223541847,8.0253619735807,1.01227014340472e-15,1.85275804347365e-13,"Mamdc2","71738","MAM domain containing 2","Up_in_KO_treated"
"ENSMUSG00000031586",1053.46113315,1.35009818496573,0.169128966092217,7.98265498903124,1.43218803249256e-15,2.59537995630805e-13,"Rbpms","19663","RNA binding protein gene with multiple splicing","Up_in_KO_treated"
"ENSMUSG00000072966",98.2938773658151,2.88308397334506,0.362143231994183,7.96117038407438,1.70419521037879e-15,3.05802793485912e-13,"Gprasp2","245607","G protein-coupled receptor associated sorting protein 2","Up_in_KO_treated"
"ENSMUSG00000106734",264.460961673349,1.73533130793927,0.219823950684283,7.89418670048199,2.92214458818317e-15,5.19262256286568e-13,NA,NA,NA,"Up_in_KO_treated"
"ENSMUSG00000041957",730.778274162938,1.20468136216757,0.153083500085115,7.869439629338,3.56233264268929e-15,6.26936291914828e-13,"Pkp2","67451","plakophilin 2","Up_in_KO_treated"
"ENSMUSG00000028435",37.8229159656557,-4.39368053182278,0.558570743306764,-7.86593387582744,3.66354028688943e-15,6.38607408294641e-13,"Aqp3","11828","aquaporin 3","Down_in_KO_treated"
"ENSMUSG00000021903",237.233717417116,-1.61365426290145,0.206301357650431,-7.82183055545237,5.20606557675353e-15,8.98930360861508e-13,"Galnt15","78754","polypeptide N-acetylgalactosaminyltransferase 15","Down_in_KO_treated"
"ENSMUSG00000116031",59.1329634423115,6.40043778625026,0.824503491432885,7.7627782692916,8.30888042424041e-15,1.42128447107357e-12,"D030024E09Rik","432956","RIKEN cDNA D030024E09 gene","Up_in_KO_treated"
"ENSMUSG00000001510",32.4794447754043,-5.02868503681171,0.649146659223315,-7.74660851344191,9.4379361937591e-15,1.5994680199479e-12,"Dlx3","13393","distal-less homeobox 3","Down_in_KO_treated"
"ENSMUSG00000109325",70.1925564938756,5.16531096356655,0.670587357124484,7.70266678709198,1.33255516861618e-14,2.23759240836531e-12,NA,NA,NA,"Up_in_KO_treated"
"ENSMUSG00000075394",53.65342191473,-3.76073047149717,0.492885514091588,-7.63002840208923,2.34701998555754e-14,3.90522789051451e-12,"Hoxc4","15423","homeobox C4","Down_in_KO_treated"
"ENSMUSG00000097415",2203.38113957782,1.23615607605639,0.162365572789372,7.61341246681638,2.6695214280586e-14,4.40182438718528e-12,"AU020206","108167440","expressed sequence AU020206","Up_in_KO_treated"
"ENSMUSG00000026879",21844.9328631399,-1.1571662353967,0.152218914660662,-7.60198716418619,2.91617664280164e-14,4.76560545474986e-12,"Gsn","227753","gelsolin","Down_in_KO_treated"
"ENSMUSG00000023942",1353.02571130268,-1.0317181235624,0.136444615007054,-7.56144259345861,3.98623342046052e-14,6.45663984908751e-12,"Slc29a1","63959","solute carrier family 29 (nucleoside transporters), member 1","Down_in_KO_treated"
"ENSMUSG00000001507",797.840399030886,-1.89619492410795,0.251313863999452,-7.54512661550611,4.51848289310119e-14,7.25454319231852e-12,"Itga3","16400","integrin alpha 3","Down_in_KO_treated"
"ENSMUSG00000027750",91241.7413722403,1.49847206689095,0.199182396823457,7.52311494784905,5.34863595794576e-14,8.51270295115489e-12,"Postn","50706","periostin, osteoblast specific factor","Up_in_KO_treated"
"ENSMUSG00000046532",651.513385431088,-1.64099682196006,0.21819495893667,-7.52078246883948,5.44493785494619e-14,8.59126703095518e-12,"Ar","11835","androgen receptor","Down_in_KO_treated"
"ENSMUSG00000031297",177.90201591356,-2.56216314016583,0.34195026670056,-7.49279468294574,6.74223290511043e-14,1.05472725523279e-11,"Slc7a3","11989","solute carrier family 7 (cationic amino acid transporter, y+ system), member 3","Down_in_KO_treated"
"ENSMUSG00000033060",2106.80347705806,1.54669345150191,0.206636516435309,7.48509255858527,7.14967303674202e-14,1.10898699653804e-11,"Lmo7","380928","LIM domain only 7","Up_in_KO_treated"
"ENSMUSG00000063838",600.106561140331,1.50671823941589,0.201617134532611,7.47316562607023,7.82882074213065e-14,1.20412526086737e-11,"Cdc42ep5","58804","CDC42 effector protein 5","Up_in_KO_treated"
"ENSMUSG00000020911",79.797740039362,-3.89525486223063,0.522170124120647,-7.45974287362836,8.66914899077582e-14,1.32226194981808e-11,"Krt19","16669","keratin 19","Down_in_KO_treated"
"ENSMUSG00000070867",448.086971385899,2.12864936632239,0.285516399528931,7.45543642969165,8.95708346565723e-14,1.35488841877623e-11,"Trabd2b","666048","TraB domain containing 2B","Up_in_KO_treated"
"ENSMUSG00000060519",718.128051217322,0.991217653820982,0.133527353010185,7.42333036247169,1.14211422872102e-13,1.71345219084269e-11,"Tor3a","30935","torsin family 3, member A","Up_in_KO_treated"
"ENSMUSG00000071984",129.752316750423,2.20537159728102,0.29790717904784,7.40288167720477,1.33260482977327e-13,1.98298099181628e-11,"Fndc1","68655","fibronectin type III domain containing 1","Up_in_KO_treated"
"ENSMUSG00000020607",225.500223858307,-2.65292358431094,0.358740272672365,-7.39510946052559,1.41291833759833e-13,2.08553583331147e-11,"Lratd1","105005","LRAT domain containing 1","Down_in_KO_treated"
"ENSMUSG00000041765",828.68681110359,0.830948810461473,0.11280424341711,7.36629035655086,1.75441488314657e-13,2.56888444849854e-11,"Ubac2","68889","ubiquitin associated domain containing 2","Up_in_KO_treated"
"ENSMUSG00000036545",598.678109353824,-1.8304957797563,0.248859985257872,-7.3555247456095,1.90178519706582e-13,2.76256940173775e-11,"Adamts2","216725","ADAM metallopeptidase with thrombospondin type 1 motif 2","Down_in_KO_treated"
"ENSMUSG00000022070",550.596885820535,1.21844947234905,0.165713554960852,7.35274475667905,1.94177521721165e-13,2.7984497480807e-11,"Bora","77744","bora, aurora kinase A activator","Up_in_KO_treated"
"ENSMUSG00000057722",127.943462035643,-2.71349859576665,0.369774435786437,-7.33825363020452,2.16398801135824e-13,3.0943337946789e-11,"Lepr","16847","leptin receptor","Down_in_KO_treated"
"ENSMUSG00000049382",371.591902547663,5.14835924952655,0.704308906672548,7.3098028446773,2.67534632624079e-13,3.79588091544072e-11,"Krt8","16691","keratin 8","Up_in_KO_treated"
"ENSMUSG00000055416",42.2310518946277,-3.38587372591344,0.465376194097239,-7.27556280028792,3.449791593346e-13,4.85704119484707e-11,NA,NA,NA,"Down_in_KO_treated"
"ENSMUSG00000047250",3546.28587687101,-1.29821286039583,0.179360960032441,-7.23799014100406,4.55382535097328e-13,6.36249354189801e-11,"Ptgs1","19224","prostaglandin-endoperoxide synthase 1","Down_in_KO_treated"
"ENSMUSG00000020363",712.574830155,-1.66411806242437,0.230077374234341,-7.23286271830195,4.72917402837965e-13,6.55742971526005e-11,"Gfpt2","14584","glutamine fructose-6-phosphate transaminase 2","Down_in_KO_treated"
"ENSMUSG00000033585",105.100684888181,3.70326966551386,0.515329188410532,7.18622144601616,6.66089792449438e-13,9.16649734676847e-11,"Ndn","17984","necdin, MAGE family member","Up_in_KO_treated"
"ENSMUSG00000018340",4821.53789131336,1.11897066431338,0.156061155430927,7.1700780455175,7.49550235521194e-13,1.02380731050331e-10,"Anxa6","11749","annexin A6","Up_in_KO_treated"
"ENSMUSG00000031740",4880.88339682095,-1.33114891993668,0.185798252074334,-7.16448569927404,7.80791181349667e-13,1.05857933275874e-10,"Mmp2","17390","matrix metallopeptidase 2","Down_in_KO_treated"
"ENSMUSG00000041625",149.562015036621,1.35166441496777,0.189211161336039,7.14368225121357,9.08633095779129e-13,1.2228464376504e-10,"Ggact","223267","gamma-glutamylamine cyclotransferase","Up_in_KO_treated"
"ENSMUSG00000040562",167.51116121824,2.24036025725704,0.31471619015413,7.11866858886365,1.08974585389958e-12,1.45588455211124e-10,"Gstm2","14863","glutathione S-transferase, mu 2","Up_in_KO_treated"
"ENSMUSG00000019970",3023.93181442155,-2.31555250208805,0.325394936512448,-7.11612948531381,1.11000020544454e-12,1.47219809856895e-10,"Sgk1","20393","serum/glucocorticoid regulated kinase 1","Down_in_KO_treated"
"ENSMUSG00000036377",38.5221438155286,-4.07377659657299,0.572779046665095,-7.11230031945447,1.14124585719419e-12,1.50274985066368e-10,"Cracd","320827","capping protein inhibiting regulator of actin","Down_in_KO_treated"
"ENSMUSG00000021549",2312.66673645414,-1.02302731567373,0.144686298683525,-7.0706578645115,1.54200900144446e-12,2.01595648238843e-10,"Rasa1","218397","RAS p21 protein activator 1","Down_in_KO_treated"
"ENSMUSG00000017400",159.231559233631,-2.85924336142855,0.404569308671293,-7.06737584919384,1.57890893464727e-12,2.04955817240064e-10,"Stac2","217154","SH3 and cysteine rich domain 2","Down_in_KO_treated"
"ENSMUSG00000021047",88.3949334970858,2.16724839669132,0.306960631205954,7.06034643001894,1.66088008966257e-12,2.12581036930727e-10,"Nova1","664883","NOVA alternative splicing regulator 1","Up_in_KO_treated"
"ENSMUSG00000035834",378.102454021538,-1.35744434574228,0.19225663538345,-7.06058515501895,1.65802900855449e-12,2.12581036930727e-10,"Polr3g","67486","polymerase (RNA) III (DNA directed) polypeptide G","Down_in_KO_treated"
"ENSMUSG00000028480",1827.47751973487,0.963619987731125,0.136738489130496,7.04717445584392,1.82587347923001e-12,2.32076127016297e-10,"Glipr2","384009","GLI pathogenesis-related 2","Up_in_KO_treated"
"ENSMUSG00000000567",1790.57249860636,-2.25865836357752,0.321013029815783,-7.03603328772568,1.97789704778804e-12,2.49665170108031e-10,"Sox9","20682","SRY (sex determining region Y)-box 9","Down_in_KO_treated"
"ENSMUSG00000032852",187.14285554395,1.81757436683469,0.259703371812939,6.99865525097558,2.58430888810481e-12,3.23472368160357e-10,"Rspo4","228770","R-spondin 4","Up_in_KO_treated"
"ENSMUSG00000026643",1931.27568373634,-1.23989478457788,0.177180549693447,-6.9979170214965,2.59795870182879e-12,3.23472368160357e-10,"Nmt2","18108","N-myristoyltransferase 2","Down_in_KO_treated"
"ENSMUSG00000021710",892.853629278517,-0.908825156769951,0.130326807580903,-6.97343220201093,3.09300528834058e-12,3.82508620219578e-10,"Nln","75805","neurolysin (metallopeptidase M3 family)","Down_in_KO_treated"
"ENSMUSG00000021281",3395.73901116851,-0.835246033609623,0.119983384556391,-6.96134749571983,3.37033278612983e-12,4.14008060298888e-10,"Tnfaip2","21928","tumor necrosis factor, alpha-induced protein 2","Down_in_KO_treated"
"ENSMUSG00000001661",88.3047493237759,-2.05841046366702,0.295876267108478,-6.9569975442212,3.47601015594758e-12,4.24142759228724e-10,"Hoxc6","15425","homeobox C6","Down_in_KO_treated"
"ENSMUSG00000039114",1451.24242009562,-1.13541402647931,0.163571265790885,-6.94140270291028,3.8822557648302e-12,4.70575677242962e-10,"Nrn1","68404","neuritin 1","Down_in_KO_treated"
"ENSMUSG00000022312",38977.024106536,-2.90054594144612,0.418703460181573,-6.92744679059562,4.28503628798503e-12,5.12607968490131e-10,"Eif3h","68135","eukaryotic translation initiation factor 3, subunit H","Down_in_KO_treated"
"ENSMUSG00000025558",864.701239198479,0.876346217876721,0.126487259276643,6.92833588843951,4.25819760837042e-12,5.12607968490131e-10,"Dock9","105445","dedicator of cytokinesis 9","Up_in_KO_treated"
"ENSMUSG00000046982",4010.45002380447,0.766366453451267,0.110834969093541,6.91448249337696,4.69574391990771e-12,5.58092214065395e-10,"Tshz1","110796","teashirt zinc finger family member 1","Up_in_KO_treated"
"ENSMUSG00000048376",3826.79928867091,-1.12295152259944,0.162545307375279,-6.90854470505756,4.89650691423921e-12,5.78198490653679e-10,"F2r","14062","coagulation factor II thrombin receptor","Down_in_KO_treated"
"ENSMUSG00000058589",401.325908918946,1.38672641440253,0.201174978562821,6.89313563898056,5.45757903764883e-12,6.40320955936453e-10,"Anks1b","77531","ankyrin repeat and sterile alpha motif domain containing 1B","Up_in_KO_treated"
"ENSMUSG00000053414",137.130246257338,1.72464908078214,0.250787743467922,6.8769273048734,6.11572980018675e-12,7.12969442884191e-10,"Hunk","26559","hormonally upregulated Neu-associated kinase","Up_in_KO_treated"
"ENSMUSG00000015579",52.815810709035,-5.6356349369796,0.819924253161279,-6.87336045403095,6.27068494668411e-12,7.26407256830122e-10,"Nkx2-5","18091","NK2 homeobox 5","Down_in_KO_treated"
"ENSMUSG00000054136",34.7186956918954,-3.71243667823071,0.541107719948718,-6.86080893205986,6.84716951140399e-12,7.88199645076901e-10,"Adm2","223780","adrenomedullin 2","Down_in_KO_treated"
"ENSMUSG00000039103",2711.10616817963,0.746925353834282,0.108908094309177,6.85830891241063,6.96804561022375e-12,7.97100867524533e-10,"Nexn","68810","nexilin","Up_in_KO_treated"
"ENSMUSG00000036111",74.935706595642,-2.73454448314762,0.399956539471209,-6.83710406826455,8.08100397214307e-12,9.18674631690277e-10,"Lmo1","109594","LIM domain only 1","Down_in_KO_treated"
"ENSMUSG00000031748",647.598115137261,-1.30118599189304,0.190359507777675,-6.83541372366189,8.17686981815971e-12,9.23834865936896e-10,"Gnao1","14681","guanine nucleotide binding protein, alpha O","Down_in_KO_treated"
"ENSMUSG00000052727",3667.87143919683,-0.897590348399129,0.131335631407054,-6.83432468997838,8.23922234882509e-12,9.25168629757949e-10,"Map1b","17755","microtubule-associated protein 1B","Down_in_KO_treated"
"ENSMUSG00000025743",2918.38208464761,0.969298955889966,0.14255341937149,6.79954897022851,1.04947188007258e-11,1.17124901347369e-09,"Sdc3","20970","syndecan 3","Up_in_KO_treated"
"ENSMUSG00000031990",536.798979217692,1.07140024524151,0.157747443998889,6.79187071486909,1.10688724091876e-11,1.22783982851733e-09,"Jam3","83964","junction adhesion molecule 3","Up_in_KO_treated"
"ENSMUSG00000021469",58.9344068657153,-2.8762976856951,0.42356947412435,-6.79061608875688,1.11655688756866e-11,1.23110486223911e-09,"Msx2","17702","msh homeobox 2","Down_in_KO_treated"
"ENSMUSG00000073599",795.081141400069,1.61244129868682,0.238550963358828,6.75931581236749,1.38644889220183e-11,1.51953138167486e-09,"Ecscr","68545","endothelial cell surface expressed chemotaxis and apoptosis regulator","Up_in_KO_treated"
"ENSMUSG00000074476",760.076561453628,1.00336480303818,0.148558305471374,6.75401351580119,1.43810344437434e-11,1.56676234180854e-09,"Spc24","67629","SPC24, NDC80 kinetochore complex component, homolog (S. cerevisiae)","Up_in_KO_treated"
"ENSMUSG00000032011",6632.52687607447,1.42195624388045,0.211403349583903,6.72627111481079,1.74066106490987e-11,1.87407761594385e-09,"Thy1","21838","thymus cell antigen 1, theta","Up_in_KO_treated"
"ENSMUSG00000057367",541.667417865773,0.886861421712887,0.131846019190071,6.72649373231646,1.73800130913071e-11,1.87407761594385e-09,"Birc2","11797","baculoviral IAP repeat-containing 2","Up_in_KO_treated"
"ENSMUSG00000034285",191.830424844141,1.14296249433579,0.169996807262374,6.72343506176404,1.77489605676972e-11,1.89976155128984e-09,"Nipsnap1","18082","nipsnap homolog 1","Up_in_KO_treated"
"ENSMUSG00000047735",1094.65823042909,1.06137869237059,0.158002130340378,6.71749608745212,1.84873728690591e-11,1.96729293966505e-09,"Samd9l","209086","sterile alpha motif domain containing 9-like","Up_in_KO_treated"
"ENSMUSG00000042359",265.252468609234,-1.54837108443137,0.230812929817772,-6.70833772464052,1.96853916883908e-11,2.08266892527524e-09,"Osbpl6","99031","oxysterol binding protein-like 6","Down_in_KO_treated"
"ENSMUSG00000022425",2251.14878019351,1.77617279325076,0.26507819809274,6.70056159288266,2.07620064203196e-11,2.18394829604086e-09,"Enpp2","18606","ectonucleotide pyrophosphatase/phosphodiesterase 2","Up_in_KO_treated"
"ENSMUSG00000046080",53.2507663563149,2.19902388305144,0.32839323100105,6.69631306451748,2.13743564659045e-11,2.235513407974e-09,"Clec9a","232414","C-type lectin domain family 9, member a","Up_in_KO_treated"
"ENSMUSG00000072584",262.829520030035,-10.2119438651283,1.52915151656189,-6.67817659304856,2.41933412233266e-11,2.51597002505992e-09,NA,NA,NA,"Down_in_KO_treated"
"ENSMUSG00000009585",1684.98885944533,1.17043065378691,0.175330479292968,6.67556866613693,2.46275318529855e-11,2.54665375991635e-09,"Apobec3","80287","apolipoprotein B mRNA editing enzyme, catalytic polypeptide 3","Up_in_KO_treated"
"ENSMUSG00000025081",52.925328610233,8.56402970253652,1.28585943219941,6.66016011399327,2.73529430310681e-11,2.81258941740247e-09,"Tdrd1","83561","tudor domain containing 1","Up_in_KO_treated"
"ENSMUSG00000051067",42.0300599000581,-8.09242639538618,1.21646902031203,-6.6523900405704,2.88371254828933e-11,2.94863635594076e-09,"Lingo3","237403","leucine rich repeat and Ig domain containing 3","Down_in_KO_treated"
"ENSMUSG00000031661",73.8038135723673,2.98650242385992,0.451503441628949,6.61457288804956,3.72626025581353e-11,3.78898563678639e-09,"Nkd1","93960","naked cuticle 1","Up_in_KO_treated"
"ENSMUSG00000040867",25.791274579244,-3.48417425510019,0.526983859797445,-6.61153883619772,3.80345305006923e-11,3.84611056217774e-09,"Begain","380785","brain-enriched guanylate kinase-associated","Down_in_KO_treated"
"ENSMUSG00000067276",1821.33970595351,1.36472685362846,0.206859082585247,6.59737458260291,4.18502450580473e-11,4.20870898515076e-09,"Capn6","12338","calpain 6","Up_in_KO_treated"
"ENSMUSG00000041605",169.535840617164,1.76379311521252,0.26747428151787,6.59425311922815,4.27401981570525e-11,4.27472047469143e-09,"Inava","67313","innate immunity activator","Up_in_KO_treated"
"ENSMUSG00000042156",194.168625719,1.57213924860141,0.238509504857766,6.59151613072588,4.35357511076628e-11,4.33062419849757e-09,"Dzip1","66573","DAZ interacting protein 1","Up_in_KO_treated"
"ENSMUSG00000028469",473.275111765908,1.52873753061433,0.233122317215219,6.55766272777303,5.46576534228399e-11,5.40756232755805e-09,"Npr2","230103","natriuretic peptide receptor 2","Up_in_KO_treated"
"ENSMUSG00000023367",1526.91024470774,1.57668233421194,0.241169319759893,6.53765717704756,6.24899593794505e-11,6.14921358345206e-09,"Tmem176a","66058","transmembrane protein 176A","Up_in_KO_treated"
"ENSMUSG00000022602",133.277449100872,-3.34655244205036,0.512188615062949,-6.53382824926528,6.41094608572501e-11,6.27484204315641e-09,"Arc","11838","activity regulated cytoskeletal-associated protein","Down_in_KO_treated"
"ENSMUSG00000046743",560.759069997017,1.61329668891333,0.247200281244357,6.52627367894694,6.74260716908471e-11,6.56435845828497e-09,"Fat4","329628","FAT atypical cadherin 4","Up_in_KO_treated"
"ENSMUSG00000039997",548.44247337641,1.18271364788128,0.181311792659137,6.5230927924515,6.88722237506521e-11,6.66967360480521e-09,"Ifi203","15950","interferon activated gene 203","Up_in_KO_treated"
"ENSMUSG00000047139",96.5225669952224,-2.28218877453012,0.351747731689629,-6.4881407011996,8.69021071726987e-11,8.3714171977995e-09,"Cd24a","12484","CD24a antigen","Down_in_KO_treated"
"ENSMUSG00000097287",49.1588844970745,-2.16847473404682,0.334375972011423,-6.48513923115485,8.86498813176576e-11,8.45082696748483e-09,NA,NA,NA,"Down_in_KO_treated"
"ENSMUSG00000028597",311.453349947449,-1.50746105635235,0.232431043227054,-6.48562702908734,8.83635129541178e-11,8.45082696748483e-09,"Gpx7","67305","glutathione peroxidase 7","Down_in_KO_treated"
"ENSMUSG00000003617",830.776643232997,-1.73843905927095,0.268992975754689,-6.46276749195243,1.02805193191819e-10,9.74944793258994e-09,"Cp","12870","ceruloplasmin","Down_in_KO_treated"
"ENSMUSG00000054404",803.239936081779,1.2421011285831,0.192320040401273,6.45851116707064,1.05738061965071e-10,9.97589560900358e-09,"Slfn5","327978","schlafen 5","Up_in_KO_treated"
"ENSMUSG00000045672",923.262649039561,1.75816885378142,0.272731727762155,6.44651382590401,1.14452179967001e-10,1.07426576919796e-08,"Col27a1","373864","collagen, type XXVII, alpha 1","Up_in_KO_treated"
"ENSMUSG00000030107",198.69737430177,1.65234177238395,0.256453911674039,6.44303594980499,1.17106942015617e-10,1.08802454807707e-08,"Usp18","24110","ubiquitin specific peptidase 18","Up_in_KO_treated"
"ENSMUSG00000029561",717.941765870275,1.60865530826347,0.2496600687197,6.44338246205304,1.16839762595756e-10,1.08802454807707e-08,"Oasl2","23962","2'-5' oligoadenylate synthetase-like 2","Up_in_KO_treated"
"ENSMUSG00000082082",86.9119213985128,2.85162945976121,0.44282454371258,6.43963732419514,1.19759319106764e-10,1.10704788768237e-08,NA,NA,NA,"Up_in_KO_treated"
"ENSMUSG00000022064",296.067911374773,0.990208048022187,0.153865643085081,6.43553705796846,1.23037505360291e-10,1.13163590985397e-08,"Pibf1","52023","progesterone immunomodulatory binding factor 1","Up_in_KO_treated"
"ENSMUSG00000068245",331.24030233902,1.39305191309377,0.216973477161403,6.42037880075773,1.35935660623988e-10,1.24401519820042e-08,"Phf11d","219132","PHD finger protein 11D","Up_in_KO_treated"
"ENSMUSG00000044217",40.0566620733473,-2.97848313923248,0.465257037628314,-6.40180136643508,1.53554357895057e-10,1.39826139928021e-08,"Aqp5","11830","aquaporin 5","Down_in_KO_treated"
"ENSMUSG00000026826",968.02733682647,-2.01624829616676,0.315147242743397,-6.39779767265315,1.57633968757264e-10,1.42830422285356e-08,"Nr4a2","18227","nuclear receptor subfamily 4, group A, member 2","Down_in_KO_treated"
"ENSMUSG00000038463",2396.15250970781,1.01774950963413,0.15916552656505,6.3942835587465,1.61301851714412e-10,1.45433881375807e-08,"Olfml2b","320078","olfactomedin-like 2B","Up_in_KO_treated"
"ENSMUSG00000027858",312.466792186797,1.65610768534047,0.259306514776809,6.38667982085186,1.69526062136374e-10,1.52099780160885e-08,"Tspan2","70747","tetraspanin 2","Up_in_KO_treated"
"ENSMUSG00000053062",369.297779677437,-1.45913437720452,0.228863287652986,-6.37557203764778,1.82281282864303e-10,1.62746064403187e-08,"Jam2","67374","junction adhesion molecule 2","Down_in_KO_treated"
"ENSMUSG00000024589",801.249986454166,-0.681114563316723,0.107063579789745,-6.36177647575693,1.99433530332807e-10,1.77195723576765e-08,"Nedd4l","83814","neural precursor cell expressed, developmentally down-regulated gene 4-like","Down_in_KO_treated"
"ENSMUSG00000041658",23.4857411567101,-3.20163793727584,0.50521069763941,-6.33723306381961,2.33928003623353e-10,2.06839818855953e-08,"Rragb","245670","Ras-related GTP binding B","Down_in_KO_treated"
"ENSMUSG00000033386",855.957024621694,-0.860238357741593,0.135811213348665,-6.33407460644005,2.38769964272429e-10,2.10106089234532e-08,"Frrs1","20321","ferric-chelate reductase 1","Down_in_KO_treated"
"ENSMUSG00000039886",538.759554976453,-0.911233846017215,0.144063706357092,-6.32521451140881,2.52881034685908e-10,2.21458448701252e-08,"Tmem120a","215210","transmembrane protein 120A","Down_in_KO_treated"
"ENSMUSG00000015222",74.6509077890028,-2.21271044856374,0.349885568645109,-6.32409749602479,2.54716870792865e-10,2.22003946958182e-08,"Map2","17756","microtubule-associated protein 2","Down_in_KO_treated"
"ENSMUSG00000023951",3460.51641088965,-1.88152659662726,0.297933212645697,-6.31526300783653,2.69702400348358e-10,2.33950854671848e-08,"Vegfa","22339","vascular endothelial growth factor A","Down_in_KO_treated"
"ENSMUSG00000052316",2320.23672872872,2.05076755373224,0.32504563132174,6.30916817861284,2.80539143479139e-10,2.41066100614962e-08,"Lrrc15","74488","leucine rich repeat containing 15","Up_in_KO_treated"
"ENSMUSG00000070469",253.691805634444,-1.5370904991052,0.243601536752354,-6.30985551075487,2.79296093832332e-10,2.41066100614962e-08,"Adamtsl3","269959","ADAMTS-like 3","Down_in_KO_treated"
"ENSMUSG00000025498",862.062367382641,1.69680913046173,0.269389349781703,6.29872387990366,3.00106037082674e-10,2.56674803585242e-08,"Irf7","54123","interferon regulatory factor 7","Up_in_KO_treated"
"ENSMUSG00000024481",73.6137480016339,-2.09786714821237,0.33343255446999,-6.29172862723931,3.13949985248383e-10,2.6653035185882e-08,"Lvrn","74574","laeverin","Down_in_KO_treated"
"ENSMUSG00000022421",907.519492673575,1.74736779292861,0.277737495104439,6.29143642370483,3.14541637991067e-10,2.6653035185882e-08,"Nptxr","73340","neuronal pentraxin receptor","Up_in_KO_treated"
"ENSMUSG00000043300",1646.66053731239,0.663711782895453,0.105949507068936,6.26441595866616,3.742253185295e-10,3.15642673043568e-08,"B3galnt1","26879","UDP-GalNAc:betaGlcNAc beta 1,3-galactosaminyltransferase, polypeptide 1","Up_in_KO_treated"
"ENSMUSG00000036026",948.292718320153,-0.84407837704533,0.135160882855606,-6.24499011261321,4.23826924852915e-10,3.55839642457931e-08,"Tmem63b","224807","transmembrane protein 63b","Down_in_KO_treated"
"ENSMUSG00000045027",55.4590980439264,-2.38460725078809,0.383354544677155,-6.22037036966996,4.95982697052275e-10,4.14519237632319e-08,"Prss22","70835","serine protease 22","Down_in_KO_treated"
"ENSMUSG00000091243",342.346164485077,1.65107775409692,0.266643183023168,6.19208687571609,5.93728098282186e-10,4.93954790129948e-08,"Vgll3","73569","vestigial like family member 3","Up_in_KO_treated"
"ENSMUSG00000024420",490.182489222836,1.52786553352161,0.246801588465261,6.19066328957875,5.99115666225374e-10,4.96181630720499e-08,"Zfp521","225207","zinc finger protein 521","Up_in_KO_treated"
"ENSMUSG00000043342",87.6006371652322,2.28475361541452,0.369210376487125,6.1882161524087,6.08488548007255e-10,5.01674139377333e-08,"Hoxd9","15438","homeobox D9","Up_in_KO_treated"
"ENSMUSG00000032816",424.053065499323,1.13356864910875,0.183530391761494,6.17646286388293,6.55536196787848e-10,5.38039417480179e-08,"Igdcc4","56741","immunoglobulin superfamily, DCC subclass, member 4","Up_in_KO_treated"
"ENSMUSG00000103567",32.5592972183801,-4.21561259484668,0.684147904486751,-6.16184390422016,7.1902712357843e-10,5.8444047190419e-08,"Pcdhga5","93713","protocadherin gamma subfamily A, 5","Down_in_KO_treated"
"ENSMUSG00000087651",65.4428025393279,2.37680024061322,0.385713393581606,6.16208895040707,7.17915022729815e-10,5.8444047190419e-08,"1500009L16Rik","69784","RIKEN cDNA 1500009L16 gene","Up_in_KO_treated"
"ENSMUSG00000053475",619.963798775347,-1.77276938282151,0.287728034146122,-6.16126749026205,7.21649711251417e-10,5.8444047190419e-08,"Tnfaip6","21930","tumor necrosis factor alpha induced protein 6","Down_in_KO_treated"
"ENSMUSG00000020592",2412.09449311402,-0.829741381674397,0.135037109384974,-6.14454341812745,8.01938528391087e-10,6.46602682164849e-08,"Sdc1","20969","syndecan 1","Down_in_KO_treated"
"ENSMUSG00000024043",492.295115381333,1.6772831830717,0.273065053233159,6.14243076223868,8.12681055656346e-10,6.49541544178083e-08,"Arhgap28","268970","Rho GTPase activating protein 28","Up_in_KO_treated"
"ENSMUSG00000030287",483.699055058427,-1.02785039516586,0.167335584136916,-6.14244961983015,8.12584549741755e-10,6.49541544178083e-08,"Itpr2","16439","inositol 1,4,5-triphosphate receptor 2","Down_in_KO_treated"
"ENSMUSG00000017009",2692.82792632753,-0.910417737832198,0.148336402542528,-6.13752067750988,8.38193124484252e-10,6.67019511192838e-08,"Sdc4","20971","syndecan 4","Down_in_KO_treated"
"ENSMUSG00000000386",141.714710889842,1.8317483794981,0.298667599290615,6.13306694080244,8.62008541845294e-10,6.83001832960798e-08,"Mx1","17857","MX dynamin-like GTPase 1","Up_in_KO_treated"
"ENSMUSG00000074896",615.632155245602,1.81101339183953,0.295558115189219,6.12743585362258,8.93065853029135e-10,7.04559668447942e-08,"Ifit3","15959","interferon-induced protein with tetratricopeptide repeats 3","Up_in_KO_treated"
"ENSMUSG00000043631",139.183303273357,1.59964846642142,0.261158544983584,6.12520056168168,9.0569448406923e-10,7.11456057593095e-08,"Ecm2","407800","extracellular matrix protein 2, female organ and adipocyte specific","Up_in_KO_treated"
"ENSMUSG00000051339",608.313795311279,-1.48011821269021,0.241768399609143,-6.12204992498216,9.23790667921928e-10,7.2257011089637e-08,"2900026A02Rik","243219","RIKEN cDNA 2900026A02 gene","Down_in_KO_treated"
"ENSMUSG00000029334",657.810324849165,-1.8430049889487,0.301192150355089,-6.11903393490134,9.41443561401915e-10,7.33244319333585e-08,"Prkg2","19092","protein kinase, cGMP-dependent, type II","Down_in_KO_treated"
"ENSMUSG00000031737",334.119154813853,1.41614947003196,0.231599337226768,6.11465251580297,9.67675842546992e-10,7.50481819751593e-08,"Irx5","54352","Iroquois homeobox 5","Up_in_KO_treated"
"ENSMUSG00000032356",19.7827236718337,-5.84292974393059,0.955699291437797,-6.11377427636284,9.73019107686702e-10,7.51441718480579e-08,"Rasgrf1","19417","RAS protein-specific guanine nucleotide-releasing factor 1","Down_in_KO_treated"
"ENSMUSG00000004951",194.232627794257,-1.5610680487202,0.255709267558528,-6.10485518817928,1.0289392895407e-09,7.91288899851404e-08,"Hspb1","15507","heat shock protein 1","Down_in_KO_treated"
"ENSMUSG00000020086",269.370992730339,1.52364465694542,0.250553825160809,6.08110714720689,1.19355495895224e-09,9.14043364590076e-08,"Macroh2a2","404634","macroH2A.2 histone","Up_in_KO_treated"
"ENSMUSG00000001497",53.8861869497471,-3.18879655015228,0.525196750494825,-6.07162277212851,1.26624099378379e-09,9.65667037884359e-08,"Pax9","18511","paired box 9","Down_in_KO_treated"
"ENSMUSG00000022139",3899.34452760653,0.789559593707675,0.130140458517723,6.06698026655676,1.30337564075731e-09,9.8986242127722e-08,"Mbnl2","105559","muscleblind like splicing factor 2","Up_in_KO_treated"
"ENSMUSG00000032812",1976.83253144682,0.79641937521338,0.131348497074838,6.06340683715326,1.33267989981957e-09,1.00793554571891e-07,"Arap1","69710","ArfGAP with RhoGAP domain, ankyrin repeat and PH domain 1","Up_in_KO_treated"
"ENSMUSG00000033491",208.57393210303,2.12448635340441,0.350649664108197,6.05871492507369,1.37213321005197e-09,1.03350428574409e-07,"Prss35","244954","serine protease 35","Up_in_KO_treated"
"ENSMUSG00000074743",1054.14464111141,-1.30939069163427,0.21644634362006,-6.04949323575877,1.4530216517877e-09,1.08994488904386e-07,"Thbd","21824","thrombomodulin","Down_in_KO_treated"
"ENSMUSG00000033355",537.724144961736,1.80427968242267,0.298373222230838,6.04705633076812,1.47516192238451e-09,1.10203627205729e-07,"Rtp4","67775","receptor transporter protein 4","Up_in_KO_treated"
"ENSMUSG00000047996",443.776652758674,1.36606564279962,0.226021370116951,6.04396673683013,1.50370525687528e-09,1.11879338685318e-07,"Prrg1","546336","proline rich Gla (G-carboxyglutamic acid) 1","Up_in_KO_treated"
"ENSMUSG00000019889",582.287925750788,-1.00827836133694,0.167118189864877,-6.0333250506853,1.60619868198052e-09,1.19021273183358e-07,"Ptprk","19272","protein tyrosine phosphatase receptor type K","Down_in_KO_treated"
"ENSMUSG00000000204",378.33524862341,2.06413319125479,0.342573692200997,6.02536983500678,1.6872336029565e-09,1.24521921914971e-07,"Slfn4","20558","schlafen 4","Up_in_KO_treated"
"ENSMUSG00000030666",16.3475359612173,-4.44949976195849,0.738697588715092,-6.02343886041115,1.70749628644244e-09,1.25511263175727e-07,"Calcb","116903","calcitonin-related polypeptide, beta","Down_in_KO_treated"
"ENSMUSG00000026482",1775.45794408514,0.91242454268061,0.151654645210046,6.01646287469055,1.78269358854756e-09,1.2999458466608e-07,"Rgl1","19731","ral guanine nucleotide dissociation stimulator,-like 1","Up_in_KO_treated"
"ENSMUSG00000013367",162.537928372185,1.43371061898265,0.238493839384076,6.0115205603855,1.83791196430334e-09,1.33489296359698e-07,"Iglon5","210094","IgLON family member 5","Up_in_KO_treated"
"ENSMUSG00000051439",1357.8579054545,-1.15730444764781,0.192657594809418,-6.00705333621884,1.88925380818404e-09,1.36675938542263e-07,"Cd14","12475","CD14 antigen","Down_in_KO_treated"
"ENSMUSG00000033186",962.463022706937,0.890996386234667,0.148342404979943,6.00634987922124,1.89746497122437e-09,1.3672953294614e-07,"Mzt1","76789","mitotic spindle organizing protein 1","Up_in_KO_treated"
"ENSMUSG00000079852",752.390799618605,-1.79300044513755,0.298584903269363,-6.00499364001677,1.91339404706147e-09,1.37336671542612e-07,"Klra4","16635","killer cell lectin-like receptor, subfamily A, member 4","Down_in_KO_treated"
"ENSMUSG00000067219",78.7598724017419,-1.93134323701824,0.323603502875596,-5.96823958905263,2.3982703252494e-09,1.71466960011874e-07,"Nipal1","70701","NIPA-like domain containing 1","Down_in_KO_treated"
"ENSMUSG00000021217",347.835782576727,1.16004479256418,0.194432817926223,5.96630139364824,2.42691818334027e-09,1.7284001365633e-07,"Tshz3","243931","teashirt zinc finger family member 3","Up_in_KO_treated"
"ENSMUSG00000034394",160.475574802163,-2.10372539167423,0.353050403293583,-5.95871119831254,2.54234931441486e-09,1.80358990316803e-07,"Lif","16878","leukemia inhibitory factor","Down_in_KO_treated"
"ENSMUSG00000022687",737.275410525884,1.8463781062913,0.31079799021191,5.94076591368043,2.83693471628285e-09,2.00480371089286e-07,"Boc","117606","BOC cell adhesion associated, oncogene regulated","Up_in_KO_treated"
"ENSMUSG00000032661",191.982951019037,2.08578892429513,0.351376052164646,5.93605885046993,2.91955039672293e-09,2.05525118889307e-07,"Oas3","246727","2'-5' oligoadenylate synthetase 3","Up_in_KO_treated"
"ENSMUSG00000039457",77.8113373039835,-2.41364274108061,0.407250152364707,-5.92668345749104,3.09114011558258e-09,2.16007442385019e-07,"Ppl","19041","periplakin","Down_in_KO_treated"
"ENSMUSG00000020642",277.23520107302,1.62734796264071,0.274582129650189,5.92663464557548,3.09205867370786e-09,2.16007442385019e-07,"Rnf144a","108089","ring finger protein 144A","Up_in_KO_treated"
"ENSMUSG00000038236",57.9599094354418,2.12511830631992,0.358790319680573,5.92300903829257,3.16103463344665e-09,2.19986376030319e-07,"Hoxa7","15404","homeobox A7","Up_in_KO_treated"
"ENSMUSG00000031558",359.744369256039,-1.15418961742701,0.19495151687667,-5.92039311064797,3.21172983003913e-09,2.22667769239417e-07,"Slit2","20563","slit guidance ligand 2","Down_in_KO_treated"
"ENSMUSG00000039745",415.604443443526,-0.775539494636656,0.131089209732059,-5.91611999356643,3.29624775315306e-09,2.27484957736057e-07,"Htatip2","53415","HIV-1 Tat interactive protein 2","Down_in_KO_treated"
"ENSMUSG00000032026",3539.84487317351,0.692870750384249,0.117125430708334,5.91563033061231,3.30606997529318e-09,2.27484957736057e-07,"Rexo2","104444","RNA exonuclease 2","Up_in_KO_treated"
"ENSMUSG00000020387",591.946570945454,-1.04892743297168,0.177624345014513,-5.90531344611562,3.51976883475112e-09,2.41282131020411e-07,"Jade2","76901","jade family PHD finger 2","Down_in_KO_treated"
"ENSMUSG00000009216",35.3957648804158,7.33097808840825,1.24444550598804,5.89095951018582,3.83959632458104e-09,2.62224371376145e-07,"Fam163b","109349","family with sequence similarity 163, member B","Up_in_KO_treated"
"ENSMUSG00000028351",44.149384481176,-2.80942457468077,0.47758656497797,-5.88254524038038,4.04004857136142e-09,2.74888509299733e-07,"Brinp1","56710","bone morphogenic protein/retinoic acid inducible neural specific 1","Down_in_KO_treated"
"ENSMUSG00000046761",27.3724902080192,-3.46851795666335,0.589776523454714,-5.88107159021171,4.07618801310505e-09,2.76320256310599e-07,"Fam83h","105732","family with sequence similarity 83, member H","Down_in_KO_treated"
"ENSMUSG00000024304",727.245651396184,-1.37137132737514,0.233233726450269,-5.87981570353013,4.10723524925113e-09,2.77397515745547e-07,"Cdh2","12558","cadherin 2","Down_in_KO_treated"
"ENSMUSG00000038319",30.5908738825345,-3.18905633977638,0.542462897555854,-5.87884692970735,4.1313417928985e-09,2.77999811894931e-07,"Kcnh2","16511","potassium voltage-gated channel, subfamily H (eag-related), member 2","Down_in_KO_treated"
"ENSMUSG00000021895",647.203960280155,-0.835241811399442,0.142127588567177,-5.87670430364519,4.18514806327651e-09,2.80588882791758e-07,"Arhgef3","71704","Rho guanine nucleotide exchange factor 3","Down_in_KO_treated"
"ENSMUSG00000074813",799.517275605385,-1.05335841746978,0.179328456325886,-5.87390556441057,4.25645905181834e-09,2.84328357757048e-07,"Morrbid","100043424","myeloid RNA regulator of BCL2L11 induced cell death","Down_in_KO_treated"
"ENSMUSG00000047104",171.909901076647,-1.56631753777677,0.26669038423125,-5.87316840197208,4.27543761123528e-09,2.84557580357962e-07,"Pbp2","76400","phosphatidylethanolamine binding protein 2","Down_in_KO_treated"
"ENSMUSG00000027894",57.7087518639877,-2.11517572371327,0.360500283559701,-5.86733442433751,4.42856882274124e-09,2.92420258332625e-07,"Slc6a17","229706","solute carrier family 6 (neurotransmitter transporter), member 17","Down_in_KO_treated"
"ENSMUSG00000023905",5739.05728559484,-0.961832581339334,0.163932130679772,-5.8672609045642,4.4305322325615e-09,2.92420258332625e-07,"Tnfrsf12a","27279","tumor necrosis factor receptor superfamily, member 12a","Down_in_KO_treated"
"ENSMUSG00000041747",855.457533437129,-0.844150850675778,0.143884836406881,-5.86685068250464,4.44150313153416e-09,2.92420258332625e-07,"Utp15","105372","UTP15 small subunit processome component","Down_in_KO_treated"
"ENSMUSG00000032572",112.997734254651,2.46622124661611,0.421250475817217,5.85452453633836,4.78376586442512e-09,3.13825328374814e-07,"Col6a4","68553","collagen, type VI, alpha 4","Up_in_KO_treated"
"ENSMUSG00000022416",17.1371325486297,-4.39261648781822,0.750822140020355,-5.85040884343014,4.90366153831776e-09,3.20055968012813e-07,"Cacna1i","239556","calcium channel, voltage-dependent, alpha 1I subunit","Down_in_KO_treated"
"ENSMUSG00000028179",362.805848506191,-1.52667334210447,0.260966759902871,-5.85006819517046,4.91371507466538e-09,3.20055968012813e-07,"Cth","107869","cystathionine gamma lyase","Down_in_KO_treated"
"ENSMUSG00000056091",707.586424639647,-0.764183199761142,0.130667395894447,-5.84830817611495,4.96597878167411e-09,3.22313154755253e-07,"St3gal5","20454","ST3 beta-galactoside alpha-2,3-sialyltransferase 5","Down_in_KO_treated"
"ENSMUSG00000022575",889.350990656432,0.96478867164642,0.16524553699499,5.83851575777005,5.26679023043274e-09,3.40629192889083e-07,"Gsdmd","69146","gasdermin D","Up_in_KO_treated"
"ENSMUSG00000019577",160.110467115112,-2.02066415222051,0.346331374299667,-5.83448195043428,5.39579484077862e-09,3.47743778066095e-07,"Pdk4","27273","pyruvate dehydrogenase kinase, isoenzyme 4","Down_in_KO_treated"
"ENSMUSG00000100215",1143.14599077817,-1.42693774529161,0.244787375377128,-5.82929468112158,5.56621352290375e-09,3.57468091613008e-07,"Gm8292","666793","predicted gene 8292","Down_in_KO_treated"
"ENSMUSG00000020601",1242.26822520832,-0.878324387412541,0.150798783927081,-5.82447924671101,5.7290956412192e-09,3.66642089235087e-07,"Trib2","217410","tribbles pseudokinase 2","Down_in_KO_treated"
"ENSMUSG00000029377",1148.827678949,-2.78368401427571,0.478230892890566,-5.82079505037893,5.85683524176709e-09,3.73510994529836e-07,"Ereg","13874","epiregulin","Down_in_KO_treated"
"ENSMUSG00000054932",59.1279710270673,-3.94160316372067,0.678976800296297,-5.80521037243187,6.4285237593714e-09,4.08546077665884e-07,"Afp","11576","alpha fetoprotein","Down_in_KO_treated"
"ENSMUSG00000026207",364.830955590626,1.54958913178703,0.267303079867264,5.79712412051714,6.7461762729278e-09,4.27250049561929e-07,"Speg","11790","SPEG complex locus","Up_in_KO_treated"
"ENSMUSG00000024851",722.165268946567,-0.859824504314555,0.14844652970608,-5.79214957747403,6.94912096406703e-09,4.38585382776962e-07,"Pitpnm1","18739","phosphatidylinositol transfer protein, membrane-associated 1","Down_in_KO_treated"
"ENSMUSG00000106361",13.5176920770185,-7.55489921056871,1.30537567406851,-5.78752872498544,7.14294756103251e-09,4.4926930999855e-07,NA,NA,NA,"Down_in_KO_treated"
"ENSMUSG00000027035",959.715775119624,-0.957256922855663,0.165657374783305,-5.7785349074126,7.53539112432614e-09,4.72329670371717e-07,"Cers6","241447","ceramide synthase 6","Down_in_KO_treated"
"ENSMUSG00000053192",561.199431826255,-0.778849343328542,0.135034317699826,-5.76778819336789,8.03186603356228e-09,5.01731208233073e-07,"Mllt11","56772","myeloid/lymphoid or mixed-lineage leukemia; translocated to, 11","Down_in_KO_treated"
"ENSMUSG00000033082",220.254696511214,1.33073393171672,0.231205614542802,5.75562982909469,8.63193511041042e-09,5.37382001108306e-07,"Clec1a","243653","C-type lectin domain family 1, member a","Up_in_KO_treated"
"ENSMUSG00000032839",115.808499782484,1.62326628546234,0.282119197585024,5.75383135695019,8.72431914791428e-09,5.3886743230572e-07,"Trpc1","22063","transient receptor potential cation channel, subfamily C, member 1","Up_in_KO_treated"
"ENSMUSG00000051236",1452.65751719937,1.43163296809428,0.248793415698315,5.75430408427796,8.69994335403426e-09,5.3886743230572e-07,"Msrb3","320183","methionine sulfoxide reductase B3","Up_in_KO_treated"
"ENSMUSG00000043336",4778.73080700307,0.752821225482438,0.130846961069648,5.75344829813606,8.74411994726541e-09,5.3886743230572e-07,"Filip1l","78749","filamin A interacting protein 1-like","Up_in_KO_treated"
"ENSMUSG00000041594",301.504773019699,1.03123799364305,0.179495889643222,5.74519001907402,9.18178171662317e-09,5.62054015917572e-07,"Tmtc4","70551","transmembrane and tetratricopeptide repeat containing 4","Up_in_KO_treated"
"ENSMUSG00000033166",1274.9805266905,0.900199348056808,0.15668025499684,5.74545495904996,9.16741581663806e-09,5.62054015917572e-07,"Dis3","72662","DIS3 homolog, exosome endoribonuclease and 3'-5' exoribonuclease","Up_in_KO_treated"
"ENSMUSG00000029419",36.8656936534136,3.13521179656352,0.546011641772656,5.74202371653632,9.35517155080954e-09,5.7075901631489e-07,"Ajm1","381353","apical junction component 1","Up_in_KO_treated"
"ENSMUSG00000063975",45.055492694154,-2.45799980007607,0.429563336716406,-5.7220893637364,1.05221933416035e-08,6.39826261566009e-07,"Slco1a5","108096","solute carrier organic anion transporter family, member 1a5","Down_in_KO_treated"
"ENSMUSG00000036570",94.5415448772,2.27198153817744,0.397216053385769,5.71976262996334,1.06672972333514e-08,6.46501792258383e-07,"Fxyd1","56188","FXYD domain-containing ion transport regulator 1","Up_in_KO_treated"
"ENSMUSG00000021070",377.949675409892,-1.30899040426315,0.229046854169056,-5.71494600531384,1.09738863048497e-08,6.62887924216714e-07,"Bdkrb2","12062","bradykinin receptor, beta 2","Down_in_KO_treated"
"ENSMUSG00000076441",358.284803303243,1.55257390719214,0.271787218786698,5.71246107202199,1.11353894113009e-08,6.70431027615267e-07,"Ass1","11898","argininosuccinate synthetase 1","Up_in_KO_treated"
"ENSMUSG00000053560",2569.091258706,-1.05893035138549,0.185582643411499,-5.70597730434027,1.15677412642761e-08,6.94178256918182e-07,"Ier2","15936","immediate early response 2","Down_in_KO_treated"
"ENSMUSG00000069089",1009.94839169981,-0.77062708766706,0.135460984177036,-5.68892284630026,1.27843209699643e-08,7.64677865076002e-07,"Cdk7","12572","cyclin dependent kinase 7","Down_in_KO_treated"
"ENSMUSG00000042104",425.196915884188,1.03059592357016,0.181455253094337,5.67961470387615,1.34998493826608e-08,8.04846069220978e-07,"Uggt2","66435","UDP-glucose glycoprotein glucosyltransferase 2","Up_in_KO_treated"
"ENSMUSG00000026222",692.716023872787,0.959985992316238,0.16911869495385,5.67640373867718,1.37555903595602e-08,8.14785017317252e-07,"Sp100","20684","nuclear antigen Sp100","Up_in_KO_treated"
"ENSMUSG00000003534",706.056485519612,-0.740725868625538,0.130484420483015,-5.67673800353781,1.37287495198352e-08,8.14785017317252e-07,"Ddr1","12305","discoidin domain receptor family, member 1","Down_in_KO_treated"
"ENSMUSG00000036036",366.602367599413,1.24246475396844,0.219084393467692,5.67116960867257,1.41825899793255e-08,8.3736756255353e-07,"Zfp57","22715","zinc finger protein 57","Up_in_KO_treated"
"ENSMUSG00000021693",1747.93847920751,-0.844990917899957,0.149103117007203,-5.66715797000501,1.45185479728049e-08,8.54446892431666e-07,"Kif2a","16563","kinesin family member 2A","Down_in_KO_treated"
"ENSMUSG00000002489",266.190781965361,-1.46771007964682,0.259299604684391,-5.66028660719809,1.51120395364158e-08,8.86524550112241e-07,"Tiam1","21844","T cell lymphoma invasion and metastasis 1","Down_in_KO_treated"
"ENSMUSG00000020253",782.38140097118,0.721947226884736,0.127578234996431,5.65885887122463,1.52382795896718e-08,8.9107422150084e-07,"Ppm1m","67905","protein phosphatase 1M","Up_in_KO_treated"
"ENSMUSG00000036192",40.8641360145526,-2.52561619891377,0.4465089698112,-5.65636161795739,1.54615530135887e-08,9.01250970725201e-07,"Rorb","225998","RAR-related orphan receptor beta","Down_in_KO_treated"
"ENSMUSG00000073700",797.884581325244,-0.795652027053515,0.140699981427004,-5.65495474117246,1.55887344269862e-08,9.05779702276596e-07,"Klhl21","242785","kelch-like 21","Down_in_KO_treated"
"ENSMUSG00000090272",640.756136507322,1.15441959300588,0.204237105571776,5.65234994774337,1.58268947793294e-08,9.16707769449578e-07,"Mndal","100040462","myeloid nuclear differentiation antigen like","Up_in_KO_treated"
"ENSMUSG00000028565",1012.47477636479,0.842494631123466,0.149315169667576,5.64239141273544,1.67704305797182e-08,9.65249027989252e-07,"Nfia","18027","nuclear factor I/A","Up_in_KO_treated"
"ENSMUSG00000012889",413.154295831152,1.44122071776307,0.255515649956191,5.64044009832732,1.69616070084593e-08,9.73192141303543e-07,"Podnl1","244550","podocan-like 1","Up_in_KO_treated"
"ENSMUSG00000041120",3483.86377164567,0.90941191987455,0.161499497624762,5.63105107600726,1.79114668873638e-08,1.02447993262319e-06,"Nbl1","17965","NBL1, DAN family BMP antagonist","Up_in_KO_treated"
"ENSMUSG00000017817",180.773104846951,1.93546969432789,0.344343152595548,5.62075847810229,1.90120907888936e-08,1.08404454114991e-06,"Jph2","59091","junctophilin 2","Up_in_KO_treated"
"ENSMUSG00000026836",1562.48212385137,-0.634200419760869,0.112908789772171,-5.61692691100993,1.94383597255546e-08,1.10490775794045e-06,"Acvr1","11477","activin A receptor, type 1","Down_in_KO_treated"
"ENSMUSG00000071637",827.299289329442,-1.61145264051799,0.287054062782281,-5.61376008720773,1.97976659675157e-08,1.12184730713139e-06,"Cebpd","12609","CCAAT/enhancer binding protein delta","Down_in_KO_treated"
"ENSMUSG00000038884",205.000663427055,1.78425527152229,0.317929865098148,5.61210338315173,1.99881954147339e-08,1.12567366361807e-06,"Shfl","319278","shiftless antiviral inhibitor of ribosomal frameshifting","Up_in_KO_treated"
"ENSMUSG00000021846",190.601810644026,-1.35260125838812,0.240999755857687,-5.61245903994545,1.99471435865456e-08,1.12567366361807e-06,"Peli2","93834","pellino 2","Down_in_KO_treated"
"ENSMUSG00000034765",1011.96644209866,-2.63856712286841,0.471414954424199,-5.59712223404376,2.17939054698438e-08,1.22360077243727e-06,"Dusp5","240672","dual specificity phosphatase 5","Down_in_KO_treated"
"ENSMUSG00000089715",6159.57847054814,0.823823022718526,0.147386502311359,5.58954184948479,2.2766949429908e-08,1.27043742504758e-06,"Cbx6","494448","chromobox 6","Up_in_KO_treated"
"ENSMUSG00000024423",1385.92778591109,0.672421929171548,0.120297963705556,5.58963683556093,2.27544997486406e-08,1.27043742504758e-06,"Impact","16210","impact, RWD domain protein","Up_in_KO_treated"
"ENSMUSG00000028776",619.964592935902,-1.27719882600099,0.228815084670594,-5.58179469609559,2.3804928032808e-08,1.32049181978636e-06,"Tinagl1","94242","tubulointerstitial nephritis antigen-like 1","Down_in_KO_treated"
"ENSMUSG00000112627",298.814821973479,0.800744342384132,0.143457052994101,5.5817704718712,2.38082445790034e-08,1.32049181978636e-06,"4933412E12Rik","71086","RIKEN cDNA 4933412E12 gene","Up_in_KO_treated"
"ENSMUSG00000026796",5808.08067414562,-0.711323048716743,0.127609233320213,-5.57422868399971,2.48628958875638e-08,1.37482049374647e-06,"Niban2","227737","niban apoptosis regulator 2","Down_in_KO_treated"
"ENSMUSG00000028195",9885.8097608151,-1.52644889678973,0.273892076758167,-5.57317654039883,2.501358593696e-08,1.37898693796439e-06,"Ccn1","16007","cellular communication network factor 1","Down_in_KO_treated"
"ENSMUSG00000040488",2566.81011928617,-0.797245574625648,0.143155676410468,-5.56908111935231,2.5608624840866e-08,1.40755153292003e-06,"Ltbp4","108075","latent transforming growth factor beta binding protein 4","Down_in_KO_treated"
"ENSMUSG00000058626",16.5814063445461,-3.74084483499449,0.675398625473794,-5.53872142154608,3.04687852562955e-08,1.6696711872634e-06,"Capn11","268958","calpain 11","Down_in_KO_treated"
"ENSMUSG00000068744",165.704826859407,1.37991000715268,0.249251117356351,5.53622395674093,3.09062326437982e-08,1.68356183356976e-06,"Psrc1","56742","proline/serine-rich coiled-coil 1","Up_in_KO_treated"
"ENSMUSG00000019558",1579.33653148089,-0.831399140030684,0.150278272343598,-5.53239751206193,3.15883017606809e-08,1.71561034755413e-06,"Slc6a8","102857","solute carrier family 6 (neurotransmitter transporter, creatine), member 8","Down_in_KO_treated"
"ENSMUSG00000027552",612.344363800723,-0.89267674045294,0.161403028381921,-5.5307310488663,3.1889895159418e-08,1.72686612752316e-06,"E2f5","13559","E2F transcription factor 5","Down_in_KO_treated"
"ENSMUSG00000027955",2208.22962841263,-1.00348754143615,0.181810025881373,-5.51942906652961,3.4010284375211e-08,1.83625438029347e-06,"Gask1b","68659","golgi associated kinase 1B","Down_in_KO_treated"
"ENSMUSG00000097467",222.126451059667,1.0512862693644,0.191151975656028,5.4997405376346,3.80350517749704e-08,2.04751633128613e-06,NA,NA,NA,"Up_in_KO_treated"
"ENSMUSG00000057058",191.901433828294,1.12598847504332,0.20493323076383,5.49441625863467,3.92004881198772e-08,2.10406608228185e-06,"Skap1","78473","src family associated phosphoprotein 1","Up_in_KO_treated"
"ENSMUSG00000029163",1402.30475084291,1.02724201803619,0.187064884972534,5.49136743749109,3.98833621189858e-08,2.13445958147309e-06,"Emilin1","100952","elastin microfibril interfacer 1","Up_in_KO_treated"
"ENSMUSG00000075486",578.492081164446,0.847674164261624,0.154411752775529,5.48969977365584,4.02617508176984e-08,2.1484280618552e-06,"Commd6","66200","COMM domain containing 6","Up_in_KO_treated"
"ENSMUSG00000041842",231.609731084024,-1.15232005323079,0.209953030708478,-5.48846591707837,4.05439479234879e-08,2.15719732221977e-06,"Fhdc1","229474","FH2 domain containing 1","Down_in_KO_treated"
"ENSMUSG00000040663",610.295357419165,-1.59847146963878,0.291811447655053,-5.47775449689799,4.30757209402183e-08,2.28526063875019e-06,"Clcf1","56708","cardiotrophin-like cytokine factor 1","Down_in_KO_treated"
"ENSMUSG00000118353",979.765855737022,-0.876246377236488,0.160038410059938,-5.47522545936511,4.36954917691558e-08,2.31144099956896e-06,NA,NA,NA,"Down_in_KO_treated"
"ENSMUSG00000053113",1468.82566194874,-1.23354297536828,0.225354796120951,-5.47378177257083,4.40531515476054e-08,2.32364505122715e-06,"Socs3","12702","suppressor of cytokine signaling 3","Down_in_KO_treated"
"ENSMUSG00000073889",1510.499773172,0.661849841834469,0.120950402507897,5.47207638925595,4.44793016060237e-08,2.33938119912371e-06,"Il11ra1","16157","interleukin 11 receptor subunit alpha 1","Up_in_KO_treated"
"ENSMUSG00000037104",2660.98550786887,-0.862764166464598,0.157873539086954,-5.46490673138964,4.63150258301893e-08,2.4289510537821e-06,"Socs5","56468","suppressor of cytokine signaling 5","Down_in_KO_treated"
"ENSMUSG00000046623",73.0398620786082,-1.91705926849136,0.351139850531511,-5.45953205137371,4.77391152606638e-08,2.49648293318837e-06,"Gjb4","14621","gap junction protein, beta 4","Down_in_KO_treated"
"ENSMUSG00000050315",566.418779597571,1.18152510199947,0.216469362423815,5.45816317269979,4.81085447982713e-08,2.50150765750784e-06,"Synpo2","118449","synaptopodin 2","Up_in_KO_treated"
"ENSMUSG00000004768",1588.59628586504,0.699633487943937,0.12817288092879,5.45851417924074,4.80135527048667e-08,2.50150765750784e-06,"Rab23","19335","RAB23, member RAS oncogene family","Up_in_KO_treated"
"ENSMUSG00000035357",1208.46033836848,1.51601411747512,0.278009632081524,5.45309925459906,4.94994217943896e-08,2.56653800878956e-06,"Pdzrn3","55983","PDZ domain containing RING finger 3","Up_in_KO_treated"
"ENSMUSG00000021745",1336.30391774429,-1.08826226868881,0.199675799704407,-5.45014603822716,5.03284755969521e-08,2.5967884205496e-06,NA,NA,NA,"Down_in_KO_treated"
"ENSMUSG00000026536",702.982866060119,0.826584076606249,0.151666486685952,5.45001136815291,5.03666005187733e-08,2.5967884205496e-06,"Ifi211","381308","interferon activated gene 211","Up_in_KO_treated"
"ENSMUSG00000025932",151.180989942811,1.57173393911078,0.288536766217647,5.44725706784002,5.11525083887878e-08,2.6253279116481e-06,"Eya1","14048","EYA transcriptional coactivator and phosphatase 1","Up_in_KO_treated"
"ENSMUSG00000037211",2658.66964360316,0.90112691305286,0.16543340137956,5.44706755430465,5.12070187651407e-08,2.6253279116481e-06,"Spry1","24063","sprouty RTK signaling antagonist 1","Up_in_KO_treated"
"ENSMUSG00000029201",4739.21627979531,-1.0086512259554,0.185404963687393,-5.44026009819272,5.32028389073411e-08,2.72003229195828e-06,"Ugdh","22235","UDP-glucose dehydrogenase","Down_in_KO_treated"
"ENSMUSG00000041351",47.5154988011483,-2.42374609238892,0.445995964842961,-5.43445744681198,5.49634113668106e-08,2.80221537116082e-06,"Rap1gap","110351","Rap1 GTPase-activating protein","Down_in_KO_treated"
"ENSMUSG00000021747",39.72115954283,2.20502898095325,0.405792649540208,5.43388103124022,5.51413521507403e-08,2.80347824559722e-06,"Cfap20dc","74430","CFAP20 domain containing","Up_in_KO_treated"
"ENSMUSG00000034422",608.193668802058,1.1175237464618,0.205793722956901,5.43031016886674,5.62561913459585e-08,2.85223565153761e-06,"Parp14","547253","poly (ADP-ribose) polymerase family, member 14","Up_in_KO_treated"
"ENSMUSG00000027555",590.443734896351,-1.04695419660713,0.192948425226046,-5.42608313791931,5.76041357742886e-08,2.91250966043316e-06,"Car13","71934","carbonic anhydrase 13","Down_in_KO_treated"
"ENSMUSG00000034751",2637.11000765447,-0.642874101798337,0.11856169314479,-5.42227497555427,5.8845267832521e-08,2.96706594253067e-06,"Mast4","328329","microtubule associated serine/threonine kinase family member 4","Down_in_KO_treated"
"ENSMUSG00000053253",957.235145902166,0.80634533302122,0.148839111750885,5.41756345852705,6.04167091480875e-08,3.03793139433364e-06,"Ndfip2","76273","Nedd4 family interacting protein 2","Up_in_KO_treated"
"ENSMUSG00000005958",446.320677543747,0.983319648232416,0.181759738314282,5.40999705078883,6.30257869502281e-08,3.16044103712336e-06,"Ephb3","13845","Eph receptor B3","Up_in_KO_treated"
"ENSMUSG00000028412",1920.13018493476,-0.740902402390691,0.137289603524655,-5.39663880854341,6.79008844309686e-08,3.39560078617491e-06,"Slc44a1","100434","solute carrier family 44, member 1","Down_in_KO_treated"
"ENSMUSG00000025666",1095.28633118836,1.10266769298958,0.204401230029658,5.39462356870153,6.86673574490024e-08,3.42457396018826e-06,"Tmem47","192216","transmembrane protein 47","Up_in_KO_treated"
"ENSMUSG00000025555",2135.59724556658,0.913963280578415,0.169448341336051,5.39375760997175,6.89992831917463e-08,3.43177684852862e-06,"Farp1","223254","FERM, ARH/RhoGEF and pleckstrin domain protein 1","Up_in_KO_treated"
"ENSMUSG00000037868",148.260925831792,-2.68843584200375,0.498713674168944,-5.39074018069337,7.01680638332031e-08,3.48045006053961e-06,"Egr2","13654","early growth response 2","Down_in_KO_treated"
"ENSMUSG00000036523",314.992029444559,-1.10372113984687,0.205079342432117,-5.38192256108003,7.36944693424624e-08,3.6454861415543e-06,"Greb1","268527","gene regulated by estrogen in breast cancer protein","Down_in_KO_treated"
"ENSMUSG00000029161",95.6342703016211,-1.77396487362936,0.329695710519611,-5.38061253764429,7.42328152430744e-08,3.65237424030643e-06,"Cgref1","68567","cell growth regulator with EF hand domain 1","Down_in_KO_treated"
"ENSMUSG00000020905",65.6538184811904,-1.32964752805774,0.247106599591029,-5.38086611307977,7.41283136003575e-08,3.65237424030643e-06,"Usp43","216835","ubiquitin specific peptidase 43","Down_in_KO_treated"
"ENSMUSG00000026241",109.77439474625,-2.52790302423165,0.470198657602356,-5.37624466458916,7.60554269431321e-08,3.73201737088511e-06,"Nppc","18159","natriuretic peptide type C","Down_in_KO_treated"
"ENSMUSG00000117458",1167.2386879407,-2.42109058698585,0.4506247547903,-5.37274209028422,7.75482099102968e-08,3.79509327804321e-06,"Gm6552","625074","eukaryotic translation initiation factor 3, subunit H pseudogene","Down_in_KO_treated"
"ENSMUSG00000032397",2146.63200707987,0.657192654798904,0.122441743205462,5.3673905450375,7.98839566568798e-08,3.89897615650899e-06,"Tipin","66131","timeless interacting protein","Up_in_KO_treated"
"ENSMUSG00000050530",967.979402866136,-0.966373931594933,0.18034399113681,-5.35850363243782,8.39140499257545e-08,4.08478419093374e-06,"Fam171a1","269233","family with sequence similarity 171, member A1","Down_in_KO_treated"
"ENSMUSG00000075511",129.007487991454,1.3681074243673,0.255628094025612,5.35194470538212,8.70139903679349e-08,4.22444845014406e-06,NA,NA,NA,"Up_in_KO_treated"
"ENSMUSG00000032085",54.0268896403143,2.81422262512687,0.526197193401447,5.34822811755257,8.88194745412291e-08,4.30069535060348e-06,"Tagln","21345","transgelin","Up_in_KO_treated"
"ENSMUSG00000022367",858.958457815854,-1.6911765376638,0.316401817500959,-5.34502788581067,9.04031346768817e-08,4.36582737200783e-06,"Has2","15117","hyaluronan synthase 2","Down_in_KO_treated"
"ENSMUSG00000094796",50.7516259390464,2.17817101702029,0.408095994347852,5.33739866891136,9.428956676263e-08,4.54153142225373e-06,"Tcstv4","625360","Tcstv family member 4","Up_in_KO_treated"
"ENSMUSG00000030671",1591.32184939235,-0.94272833732948,0.176746039588533,-5.33380176169245,9.61775204821291e-08,4.62030749969661e-06,"Pde3b","18576","phosphodiesterase 3B, cGMP-inhibited","Down_in_KO_treated"
"ENSMUSG00000047342",103.950434722589,1.43243925386906,0.270042862658296,5.3044884792294,1.12989378693916e-07,5.39959425126567e-06,"Zfp286","192651","zinc finger protein 286","Up_in_KO_treated"
"ENSMUSG00000028341",186.32271755731,-3.63042896455879,0.684853648695384,-5.30102887160578,1.15151874723827e-07,5.48860615382867e-06,"Nr4a3","18124","nuclear receptor subfamily 4, group A, member 3","Down_in_KO_treated"
"ENSMUSG00000093661",281.63268151137,0.873292783702082,0.164860476322416,5.29716280810806,1.17615821673801e-07,5.59148671193658e-06,"Eif4e3","66892","eukaryotic translation initiation factor 4E member 3","Up_in_KO_treated"
"ENSMUSG00000031596",379.543751559525,1.63430208400218,0.308874763016484,5.29114799811262,1.21550951963361e-07,5.7635934554026e-06,"Slc7a2","11988","solute carrier family 7 (cationic amino acid transporter, y+ system), member 2","Up_in_KO_treated"
"ENSMUSG00000064023",64.0802005480509,-2.77037111088861,0.5239374935967,-5.28759851078934,1.2393262174782e-07,5.8462339583772e-06,"Klk8","259277","kallikrein related-peptidase 8","Down_in_KO_treated"
"ENSMUSG00000007655",13554.2984651394,0.675577098678325,0.127978186910237,5.27884567666339,1.30000231911572e-07,6.11669471639463e-06,"Cav1","12389","caveolin 1, caveolae protein","Up_in_KO_treated"
"ENSMUSG00000002688",171.716161814319,-1.43018151621661,0.270957197932401,-5.27825622323349,1.30419020087833e-07,6.12066493504513e-06,"Prkd1","18760","protein kinase D1","Down_in_KO_treated"
"ENSMUSG00000070327",1594.00781066712,0.865072307465893,0.164002406868431,5.27475373065646,1.3293447940806e-07,6.22276157699674e-06,"Rnf213","672511","ring finger protein 213","Up_in_KO_treated"
"ENSMUSG00000052397",3142.39974243199,-0.732231627224908,0.13888638575907,-5.27216273375515,1.34825446801744e-07,6.29517896125593e-06,"Ezr","22350","ezrin","Down_in_KO_treated"
"ENSMUSG00000037353",615.118658512089,0.687943671370006,0.130856009969231,5.25725697682336,1.46219927691085e-07,6.80983037284969e-06,"Letmd1","68614","LETM1 domain containing 1","Up_in_KO_treated"
"ENSMUSG00000025491",201.903607885393,-1.96506984194043,0.374016858054465,-5.25396061600589,1.48862726274158e-07,6.91531593653787e-06,"Ifitm1","68713","interferon induced transmembrane protein 1","Down_in_KO_treated"
"ENSMUSG00000117975",1023.99794079946,-0.813454902053194,0.154885615232932,-5.25197192024476,1.50479407315924e-07,6.9727204863376e-06,"Itprip","414801","inositol 1,4,5-triphosphate receptor interacting protein","Down_in_KO_treated"
"ENSMUSG00000021635",584.46958743659,-0.862565346121062,0.164386849489501,-5.24716757331705,1.54455400608832e-07,7.12089974141925e-06,"Rad17","19356","RAD17 checkpoint clamp loader component","Down_in_KO_treated"
"ENSMUSG00000028680",528.935858326582,-1.06379840559476,0.202757441475975,-5.24665530325706,1.54885291580242e-07,7.12277761757077e-06,"Plk3","12795","polo like kinase 3","Down_in_KO_treated"
"ENSMUSG00000000392",656.226849822001,-1.39578152430783,0.266149535946502,-5.24435077199754,1.56833580112726e-07,7.19429828772737e-06,"Fap","14089","fibroblast activation protein","Down_in_KO_treated"
"ENSMUSG00000020553",223.846382790613,0.95985261739692,0.183058960764873,5.24340689680735,1.57638370228465e-07,7.21313772572899e-06,"Pctp","18559","phosphatidylcholine transfer protein","Up_in_KO_treated"
"ENSMUSG00000021711",1021.95825818685,-0.624054822541475,0.119099488999581,-5.23977749848845,1.60770321547054e-07,7.33810273136094e-06,"Trappc13","66975","trafficking protein particle complex 13","Down_in_KO_treated"
"ENSMUSG00000035692",1172.01404187339,1.59725589008793,0.305172374877091,5.23394652196559,1.65928478155317e-07,7.55469884496709e-06,"Isg15","100038882","ISG15 ubiquitin-like modifier","Up_in_KO_treated"
"ENSMUSG00000043441",1600.30396303848,-0.763161618096655,0.145859385612466,-5.23217354092181,1.67528354513674e-07,7.60861407608878e-06,"Gpr149","229357","G protein-coupled receptor 149","Down_in_KO_treated"
"ENSMUSG00000021732",94.449820964936,-1.63938729562207,0.313862747407013,-5.22326178932007,1.75798574814272e-07,7.90575261627914e-06,"Fgf10","14165","fibroblast growth factor 10","Down_in_KO_treated"
"ENSMUSG00000042106",462.539123004447,1.23307192279279,0.23653657577336,5.21302855070612,1.8578228965383e-07,8.33424815572073e-06,"Inka1","68176","inka box actin regulator 1","Up_in_KO_treated"
"ENSMUSG00000028893",375.003554432565,-0.840221058880517,0.161209244490094,-5.21199055015822,1.86825068154677e-07,8.36053599617373e-06,"Sesn2","230784","sestrin 2","Down_in_KO_treated"
"ENSMUSG00000020844",1135.8834317392,0.666050881716005,0.127873355156754,5.20867604435282,1.90192846136257e-07,8.49048698251688e-06,"Nxn","18230","nucleoredoxin","Up_in_KO_treated"
"ENSMUSG00000057963",391.762575099004,-0.906003924605292,0.174018628800334,-5.20636170306127,1.92579097653723e-07,8.57609543638951e-06,"Itpk1","217837","inositol 1,3,4-triphosphate 5/6 kinase","Down_in_KO_treated"
"ENSMUSG00000030662",4006.88259088872,0.857560005743031,0.164836445945343,5.20249026739745,1.96635660351887e-07,8.73549148403055e-06,"Ipo5","70572","importin 5","Up_in_KO_treated"
"ENSMUSG00000029121",235.372039584689,3.39546334532758,0.65311730421078,5.19885681092254,2.0051791195348e-07,8.88639065976888e-06,"Crmp1","12933","collapsin response mediator protein 1","Up_in_KO_treated"
"ENSMUSG00000015653",2430.31504519187,-0.749170328562394,0.144120228486119,-5.19823161836405,2.01193341159271e-07,8.89478677110661e-06,"Steap2","74051","six transmembrane epithelial antigen of prostate 2","Down_in_KO_treated"
"ENSMUSG00000060988",28.4292328237726,-3.10837223464403,0.598580091533733,-5.19290948464306,2.07032854749205e-07,9.13089720596313e-06,"Galnt13","271786","polypeptide N-acetylgalactosaminyltransferase 13","Down_in_KO_treated"
"ENSMUSG00000027994",1003.59672041301,-0.722150459856299,0.139374806596314,-5.18135578080435,2.20278871449732e-07,9.66849924255262e-06,"Mcub","66815","mitochondrial calcium uniporter dominant negative beta subunit","Down_in_KO_treated"
"ENSMUSG00000025402",1435.27651134798,-0.862322365652005,0.166532608032993,-5.1780992073406,2.2415802790072e-07,9.81522580063845e-06,"Nab2","17937","Ngfi-A binding protein 2","Down_in_KO_treated"
"ENSMUSG00000021944",337.926106577377,-1.06783835839088,0.206436273165079,-5.17272639163066,2.30702714462112e-07,1.00776892190932e-05,"Gata4","14463","GATA binding protein 4","Down_in_KO_treated"
"ENSMUSG00000048096",53.0722658697125,3.44747600054245,0.667008729322664,5.16856204272365,2.35901977693861e-07,1.02802711850732e-05,"Lmod1","93689","leiomodin 1 (smooth muscle)","Up_in_KO_treated"
"ENSMUSG00000050014",25.520209932207,2.95615589549223,0.573479614470248,5.15477066821804,2.53941517320953e-07,1.1040122545191e-05,"Apol10b","328561","apolipoprotein L 10B","Up_in_KO_treated"
"ENSMUSG00000017830",219.345148400563,1.01826213817803,0.1976037586774,5.15305045305545,2.56282977402275e-07,1.10892371995126e-05,"Dhx58","80861","DExH-box helicase 58","Up_in_KO_treated"
"ENSMUSG00000026676",263.925902633913,-1.50605804065793,0.292456402431122,-5.14968394652476,2.60925764342639e-07,1.12635006244418e-05,"Ccdc3","74186","coiled-coil domain containing 3","Down_in_KO_treated"
"ENSMUSG00000025268",3448.29860152066,0.696428553472561,0.135275392456181,5.14822792843237,2.62958847040534e-07,1.13245547703127e-05,"Maged2","80884","MAGE family member D2","Up_in_KO_treated"
"ENSMUSG00000058914",3646.0459397735,1.6527877165807,0.321245724057215,5.14493296815473,2.6761635108564e-07,1.14980799857288e-05,"C1qtnf3","81799","C1q and tumor necrosis factor related protein 3","Up_in_KO_treated"
"ENSMUSG00000044041",13.8667533045326,-4.75695994617671,0.926071291538206,-5.13671030474921,2.79589439057743e-07,1.19843688596578e-05,"Krt13","16663","keratin 13","Down_in_KO_treated"
"ENSMUSG00000022906",649.858599843669,0.9649344825293,0.187956624127215,5.13381471395337,2.83927626901808e-07,1.21418863438874e-05,"Parp9","80285","poly (ADP-ribose) polymerase family, member 9","Up_in_KO_treated"
"ENSMUSG00000023034",1399.15647202431,-2.92863893301555,0.570702047176065,-5.13164259267507,2.87224507378224e-07,1.22257445547526e-05,"Nr4a1","15370","nuclear receptor subfamily 4, group A, member 1","Down_in_KO_treated"
"ENSMUSG00000040675",1477.18863682223,-0.625407383478757,0.121863714587653,-5.13202297825019,2.86644494156856e-07,1.22257445547526e-05,"Mthfd1l","270685","methylenetetrahydrofolate dehydrogenase (NADP+ dependent) 1-like","Down_in_KO_treated"
"ENSMUSG00000022325",929.813281995316,0.629948113930632,0.122987771620819,5.12203860293374,3.02249991916384e-07,1.2835456153238e-05,"Pop1","67724","processing of precursor 1, ribonuclease P/MRP family, (S. cerevisiae)","Up_in_KO_treated"
"ENSMUSG00000005611",176.287908288242,1.35307890264703,0.26481178384601,5.10958720565796,3.22863442749686e-07,1.36790962792766e-05,"Irag1","17540","inositol 1,4,5-triphosphate receptor associated 1","Up_in_KO_treated"
"ENSMUSG00000022131",445.68789997173,1.00462421252845,0.196669713822184,5.10817956158094,3.25277464188121e-07,1.37495460208665e-05,"Gpr180","58245","G protein-coupled receptor 180","Up_in_KO_treated"
"ENSMUSG00000035873",413.854988219822,0.889192374663816,0.174271115700009,5.10235084622099,3.35460110300568e-07,1.41472958498417e-05,"Pawr","114774","PRKC, apoptosis, WT1, regulator","Up_in_KO_treated"
"ENSMUSG00000059173",98.7306831666668,-1.56593415444932,0.307073241094007,-5.09954611763102,3.40468910840869e-07,1.43255229313113e-05,"Pde1a","18573","phosphodiesterase 1A, calmodulin-dependent","Down_in_KO_treated"
"ENSMUSG00000029814",146.895590960852,-1.82388127032356,0.357845230794157,-5.09684386816017,3.45362936851752e-07,1.44981142963248e-05,"Igf2bp3","140488","insulin-like growth factor 2 mRNA binding protein 3","Down_in_KO_treated"
"ENSMUSG00000039903",235.647889278004,-1.75888453781598,0.345288654380788,-5.09395404540648,3.50671800427273e-07,1.46872905336851e-05,"Eva1c","70967","eva-1 homolog C","Down_in_KO_treated"
"ENSMUSG00000024190",2439.43003907239,-1.32428853807137,0.260102274098904,-5.09141468547027,3.55401780254597e-07,1.48514127488582e-05,"Dusp1","19252","dual specificity phosphatase 1","Down_in_KO_treated"
"ENSMUSG00000043613",570.594296053642,1.42775966312428,0.280476904990705,5.09047139967404,3.57174444479681e-07,1.48914894244e-05,"Mmp3","17392","matrix metallopeptidase 3","Up_in_KO_treated"
"ENSMUSG00000054003",21.1559129266168,2.51274065426152,0.493916625263721,5.08737816411804,3.63047464948373e-07,1.51019494339774e-05,"Tdrd9","74691","tudor domain containing 9","Up_in_KO_treated"
"ENSMUSG00000026683",1266.15524364822,0.672874495162349,0.132327083727684,5.08493406041546,3.67753811217634e-07,1.52630340288353e-05,"Nuf2","66977","NUF2, NDC80 kinetochore complex component","Up_in_KO_treated"
"ENSMUSG00000040016",76.9158527042264,-2.18764415549025,0.431095944690582,-5.07461084344096,3.88289836889921e-07,1.6078888879177e-05,"Ptger3","19218","prostaglandin E receptor 3 (subtype EP3)","Down_in_KO_treated"
"ENSMUSG00000071537",83.0382512278051,-1.4400334238696,0.284014227208387,-5.0702862248271,3.97217863313063e-07,1.64114640004943e-05,"Klrg2","74253","killer cell lectin-like receptor subfamily G, member 2","Down_in_KO_treated"
"ENSMUSG00000048347",46.1228652508686,1.96283266917693,0.387772725630618,5.06181208589351,4.15290247351444e-07,1.71194986425079e-05,"Pcdhb18","93889","protocadherin beta 18","Up_in_KO_treated"
"ENSMUSG00000041912",456.041389301104,0.730362624813177,0.144311877110996,5.06100148812716,4.17059960069374e-07,1.71538167396624e-05,"Tdrkh","72634","tudor and KH domain containing protein","Up_in_KO_treated"
"ENSMUSG00000026073",210.073329745135,1.7701578231046,0.350300422820856,5.05325631311002,4.34340384767561e-07,1.78245113506741e-05,"Il1r2","16178","interleukin 1 receptor, type II","Up_in_KO_treated"
"ENSMUSG00000062510",345.784075965864,0.841921559269853,0.166955993611354,5.04277529101295,4.58827956089907e-07,1.87873111416411e-05,"Nsl1","381318","NSL1, MIS12 kinetochore complex component","Up_in_KO_treated"
"ENSMUSG00000023959",250.551223733268,-1.30149909671185,0.258409464191963,-5.0365767398713,4.73931156548684e-07,1.93624150855147e-05,"Clic5","224796","chloride intracellular channel 5","Down_in_KO_treated"
"ENSMUSG00000054793",86.0923939277675,-1.61420845689385,0.320852589837485,-5.03099712460311,4.87935466879673e-07,1.98589832473873e-05,"Cadm4","260299","cell adhesion molecule 4","Down_in_KO_treated"
"ENSMUSG00000020773",1643.32112304324,-0.703109530187973,0.139758995255713,-5.03087138614237,4.88255611720717e-07,1.98589832473873e-05,"Trim47","217333","tripartite motif-containing 47","Down_in_KO_treated"
"ENSMUSG00000028927",235.162607826292,-1.00270010533985,0.199545799590119,-5.02491211240463,5.03663136747376e-07,2.0440235902189e-05,"Padi2","18600","peptidyl arginine deiminase, type II","Down_in_KO_treated"
"ENSMUSG00000057880",62.6316199763136,1.83225161063691,0.364909087766751,5.02111805943315,5.13715706464851e-07,2.07929582772981e-05,"Abat","268860","4-aminobutyrate aminotransferase","Up_in_KO_treated"
"ENSMUSG00000024066",880.321767542182,-0.70244551803788,0.139907708007568,-5.02077782590707,5.14626569393872e-07,2.07929582772981e-05,"Xdh","22436","xanthine dehydrogenase","Down_in_KO_treated"
"ENSMUSG00000026504",770.537689324079,0.739680709802888,0.147350608111444,5.01986872862754,5.1706802387933e-07,2.08455859935317e-05,"Sdccag8","76816","serologically defined colon cancer antigen 8","Up_in_KO_treated"
"ENSMUSG00000078763",142.282665013824,1.65019182799494,0.328888300151646,5.01748413438257,5.23525234007659e-07,2.10595216660268e-05,"Slfn1","20555","schlafen 1","Up_in_KO_treated"
"ENSMUSG00000064215",1249.87900826079,0.731779398301227,0.145860915869013,5.01696697803808,5.24935859603114e-07,2.10699584173592e-05,"Ifi27","52668","interferon, alpha-inducible protein 27","Up_in_KO_treated"
"ENSMUSG00000027624",2218.39113255994,-0.646503677055727,0.128971666707213,-5.01275740293717,5.36555274038399e-07,2.14892148374722e-05,"Epb41l1","13821","erythrocyte membrane protein band 4.1 like 1","Down_in_KO_treated"
"ENSMUSG00000042428",267.236106651586,1.25722958181634,0.251457407468314,4.99977150991173,5.73982933337791e-07,2.28880384071494e-05,"Mgat3","17309","mannoside acetylglucosaminyltransferase 3","Up_in_KO_treated"
"ENSMUSG00000020541",384.926379519866,-0.996269974249057,0.19953809759472,-4.99288098993794,5.94852149527668e-07,2.36686497669672e-05,"Tom1l1","71943","target of myb1-like 1 (chicken)","Down_in_KO_treated"
"ENSMUSG00000031963",83.9771234035966,-1.3581112998077,0.272630371185222,-4.98151139179213,6.30895695609549e-07,2.504833821419e-05,"Bmper","73230","BMP-binding endothelial regulator","Down_in_KO_treated"
"ENSMUSG00000021759",648.733066656528,-0.817219820639251,0.164255324185051,-4.975301864301,6.51460394188706e-07,2.58088302918526e-05,"Plpp1","19012","phospholipid phosphatase 1","Down_in_KO_treated"
"ENSMUSG00000019899",414.277746876469,-1.68920945304432,0.339874903134465,-4.97009175277652,6.69212258268548e-07,2.64548422528925e-05,"Lama2","16773","laminin, alpha 2","Down_in_KO_treated"
"ENSMUSG00000027335",20.2005329174238,-2.56919779912539,0.517289818436536,-4.96665062322427,6.81191490893077e-07,2.68703617625345e-05,"Adra1d","11550","adrenergic receptor, alpha 1d","Down_in_KO_treated"
"ENSMUSG00000031355",323.120896583671,-1.02720908626697,0.206875341495501,-4.96535294560134,6.85762391373148e-07,2.68768930391921e-05,"Arhgap6","11856","Rho GTPase activating protein 6","Down_in_KO_treated"
"ENSMUSG00000069793",349.182741257031,0.858873446465006,0.17295034430376,4.96601177593802,6.83438066206964e-07,2.68768930391921e-05,"Slfn9","237886","schlafen 9","Up_in_KO_treated"
"ENSMUSG00000063108",563.233386946082,0.604490931342996,0.121736556231584,4.96556621983825,6.85009136497218e-07,2.68768930391921e-05,"Zfp26","22688","zinc finger protein 26","Up_in_KO_treated"
"ENSMUSG00000020580",2997.24760794855,-0.928075376373107,0.186951652364058,-4.9642534026168,6.89658505749377e-07,2.6971836817801e-05,"Rock2","19878","Rho-associated coiled-coil containing protein kinase 2","Down_in_KO_treated"
"ENSMUSG00000002265",90.9697038242407,2.75183275770988,0.554569258651666,4.96210836568991,6.97320698934157e-07,2.72133491526479e-05,"Peg3","18616","paternally expressed 3","Up_in_KO_treated"
"ENSMUSG00000022636",897.054499773191,-1.17195220829658,0.236431164606699,-4.95684319047412,7.1647755917708e-07,2.78422266785947e-05,"Alcam","11658","activated leukocyte cell adhesion molecule","Down_in_KO_treated"
"ENSMUSG00000022844",1498.23757297048,0.62373974633448,0.12587812914896,4.95510817130407,7.22900609597373e-07,2.80323090200439e-05,"Pdia5","72599","protein disulfide isomerase associated 5","Up_in_KO_treated"
"ENSMUSG00000037406",18.9696640555186,-3.88693374147822,0.784778139054761,-4.95290776850627,7.31126338435831e-07,2.82913432820106e-05,"Htra4","330723","HtrA serine peptidase 4","Down_in_KO_treated"
"ENSMUSG00000063268",359.363430693413,1.02802364544264,0.20774956887811,4.9483791999867,7.48340109881223e-07,2.88963481669958e-05,"Parp10","671535","poly (ADP-ribose) polymerase family, member 10","Up_in_KO_treated"
"ENSMUSG00000050359",67.4416632559626,-2.56793823195643,0.519421321874543,-4.94384447424873,7.65968184185064e-07,2.95147698423984e-05,"Sprr1a","20753","small proline-rich protein 1A","Down_in_KO_treated"
"ENSMUSG00000079092",22.8714586382549,-3.92942865923809,0.795389511658673,-4.94025707108435,7.80196405860792e-07,2.99998630598111e-05,"Prl2c2","18811","prolactin family 2, subfamily c, member 2","Down_in_KO_treated"
"ENSMUSG00000034903",618.533104038211,-1.00223005233011,0.202969085280968,-4.93784583471287,7.89902460482562e-07,3.03094019585164e-05,"Cobll1","319876","Cobl-like 1","Down_in_KO_treated"
"ENSMUSG00000086021",11.0593392307069,6.41653581583158,1.29996382217239,4.93593414400472,7.9768022857066e-07,3.05430622040039e-05,"Gm15767","102639797","predicted gene 15767","Up_in_KO_treated"
"ENSMUSG00000019647",150.263863901999,1.45785459271727,0.295379476952344,4.93553109294886,7.99329443026709e-07,3.05430622040039e-05,"Sema6a","20358","sema domain, transmembrane domain (TM), and cytoplasmic domain, (semaphorin) 6A","Up_in_KO_treated"
"ENSMUSG00000051166",826.905361094165,0.841021404399295,0.170497847847356,4.93273912262076,8.10844203299005e-07,3.09185030270452e-05,"Eml5","319670","echinoderm microtubule associated protein like 5","Up_in_KO_treated"
"ENSMUSG00000024891",240.158604275106,-1.0047262372712,0.203721564512257,-4.93186001038566,8.14502829584682e-07,3.09934413511194e-05,"Slc29a2","13340","solute carrier family 29 (nucleoside transporters), member 2","Down_in_KO_treated"
"ENSMUSG00000097391",56.7032945775254,-1.78996065700383,0.363173385901267,-4.92866693015455,8.27925783286469e-07,3.1438849816374e-05,"Mirg","100040724","miRNA containing gene","Down_in_KO_treated"
"ENSMUSG00000057457",115.00835723396,-1.80571354356682,0.366511758976767,-4.92675473389461,8.36065929858301e-07,3.16822250811521e-05,"Phex","18675","phosphate regulating endopeptidase homolog, X-linked","Down_in_KO_treated"
"ENSMUSG00000031673",280.555697886591,1.86839513520917,0.379607488246252,4.92191327373694,8.57021942015016e-07,3.24092409188034e-05,"Cdh11","12552","cadherin 11","Up_in_KO_treated"
"ENSMUSG00000115009",86.9081571508117,1.77597293311854,0.361360376872175,4.91468640942546,8.89246803160428e-07,3.35585242025677e-05,NA,NA,NA,"Up_in_KO_treated"
"ENSMUSG00000036030",192.052542354707,0.942332906087097,0.191754342367849,4.91427153331102,8.91131736145547e-07,3.35604612482962e-05,"Prtg","235472","protogenin","Up_in_KO_treated"
"ENSMUSG00000115377",15.675552972113,-4.69477128878636,0.955918181975444,-4.9112689530441,9.04888686446335e-07,3.38247786291632e-05,NA,NA,NA,"Down_in_KO_treated"
"ENSMUSG00000027004",30.362394293335,-3.01770768724778,0.614411568174868,-4.91154112903829,9.0363327526476e-07,3.38247786291632e-05,"Frzb","20378","frizzled-related protein","Down_in_KO_treated"
"ENSMUSG00000036273",780.945357619334,-1.01642632555823,0.206963950720078,-4.91112738243467,9.05542344330981e-07,3.38247786291632e-05,"Lrrk2","66725","leucine-rich repeat kinase 2","Down_in_KO_treated"
"ENSMUSG00000045954",4137.3697212762,0.848085006115099,0.172644720360364,4.91231359027302,9.00079426646799e-07,3.38247786291632e-05,"Cavin2","20324","caveolae associated 2","Up_in_KO_treated"
"ENSMUSG00000053930",21.7927448681849,5.6632355436458,1.15374351749234,4.90857409622099,9.1740967830545e-07,3.41982674990319e-05,"Shisa6","380702","shisa family member 6","Up_in_KO_treated"
"ENSMUSG00000061762",118.024715420075,-1.22948548011359,0.25071715112258,-4.90387464363169,9.39644679612988e-07,3.4955927989749e-05,"Tac1","21333","tachykinin 1","Down_in_KO_treated"
"ENSMUSG00000041827",208.883026792984,1.65485111791864,0.337611506892079,4.90164311386349,9.50383755256468e-07,3.52122952883788e-05,"Oasl1","231655","2'-5' oligoadenylate synthetase-like 1","Up_in_KO_treated"
"ENSMUSG00000052837",4505.26930334027,-1.23066058241614,0.25106246835333,-4.90181025657801,9.4957531643316e-07,3.52122952883788e-05,"Junb","16477","jun B proto-oncogene, AP-1 transcription factor subunit","Down_in_KO_treated"
"ENSMUSG00000015652",921.006043252429,-0.769247088688688,0.156996528922884,-4.89977131320233,9.59482694654049e-07,3.54060720972844e-05,"Steap1","70358","six transmembrane epithelial antigen of the prostate 1","Down_in_KO_treated"
"ENSMUSG00000021390",2204.2672080305,1.06689370526097,0.218061534629784,4.892626785702,9.94989776932035e-07,3.66424504772375e-05,"Ogn","18295","osteoglycin","Up_in_KO_treated"
"ENSMUSG00000006445",1426.77253404695,-0.871577484118419,0.178201368101535,-4.8909696564272,1.00340433798565e-06,3.68781317231955e-05,"Epha2","13836","Eph receptor A2","Down_in_KO_treated"
"ENSMUSG00000033730",629.341149085938,-3.67329824744295,0.751301415071836,-4.88924707680969,1.01222383697514e-06,3.71277212187496e-05,"Egr3","13655","early growth response 3","Down_in_KO_treated"
"ENSMUSG00000031004",5699.27974425268,0.622856889001803,0.127449995473814,4.88706874163662,1.0234836583852e-06,3.74656427988488e-05,"Mki67","17345","antigen identified by monoclonal antibody Ki 67","Up_in_KO_treated"
"ENSMUSG00000022003",837.9983547842,-0.875606142604559,0.179317536191878,-4.88299226723493,1.04487970182586e-06,3.81725213223927e-05,"Slc25a30","67554","solute carrier family 25, member 30","Down_in_KO_treated"
"ENSMUSG00000074665",14.7534257219112,-3.23699639449363,0.664131981538327,-4.87402577270226,1.09346715114821e-06,3.97887261778641e-05,"Bpifb4","381399","BPI fold containing family B, member 4","Down_in_KO_treated"
"ENSMUSG00000036902",1590.59086078736,-1.05511124839,0.21653150987728,-4.87278386867569,1.10036582433535e-06,3.99603088944642e-05,"Neto2","74513","neuropilin (NRP) and tolloid (TLL)-like 2","Down_in_KO_treated"
"ENSMUSG00000046879",960.467954607999,1.05130765786002,0.215820230752972,4.87121922811465,1.10911691294267e-06,4.01189068331812e-05,"Irgm1","15944","immunity-related GTPase family M member 1","Up_in_KO_treated"
"ENSMUSG00000045294",1759.71274681973,-0.736886332121334,0.151265666370904,-4.87147116593191,1.10770330639728e-06,4.01189068331812e-05,"Insig1","231070","insulin induced gene 1","Down_in_KO_treated"
"ENSMUSG00000056476",140.384020199177,1.23254962200919,0.253206918968241,4.86775648561084,1.12872290946636e-06,4.07475649151139e-05,"Med12l","329650","mediator complex subunit 12-like","Up_in_KO_treated"
"ENSMUSG00000023868",64.2920088542344,1.84664245310911,0.379465412922907,4.86643153821315,1.13631260565892e-06,4.08603725370831e-05,"Pde10a","23984","phosphodiesterase 10A","Up_in_KO_treated"
"ENSMUSG00000046223",1805.20997928215,-0.786351496899107,0.16169503244021,-4.86317659257637,1.15516699018974e-06,4.14569047479271e-05,"Plaur","18793","plasminogen activator, urokinase receptor","Down_in_KO_treated"
"ENSMUSG00000000811",463.57051655678,-0.71263480067374,0.146670825219497,-4.85873587748118,1.18137605825147e-06,4.23145322782322e-05,"Txnrd3","232223","thioredoxin reductase 3","Down_in_KO_treated"
"ENSMUSG00000037337",204.794659979082,1.0393274701664,0.213980150048618,4.85712095224842,1.191048454482e-06,4.25776559812187e-05,"Map4k1","26411","mitogen-activated protein kinase kinase kinase kinase 1","Up_in_KO_treated"
"ENSMUSG00000022125",813.192845435889,0.73928286229764,0.152368883494731,4.8519280665544,1.22266972485853e-06,4.36228537506542e-05,"Cln5","211286","ceroid-lipofuscinosis, neuronal 5","Up_in_KO_treated"
"ENSMUSG00000022836",381.535748468465,1.15288133201284,0.237667638294707,4.85081326294527,1.22956268046131e-06,4.37834352927693e-05,"Mylk","107589","myosin, light polypeptide kinase","Up_in_KO_treated"
"ENSMUSG00000003665",220.839878409295,-2.12182993036975,0.437776343303875,-4.84683551960895,1.25446347507017e-06,4.45833883188529e-05,"Has1","15116","hyaluronan synthase 1","Down_in_KO_treated"
"ENSMUSG00000057346",201.257482451372,1.3681563260816,0.282597014449856,4.84136864908164,1.28947898191097e-06,4.57390190037141e-05,"Apol9a","223672","apolipoprotein L 9a","Up_in_KO_treated"
"ENSMUSG00000022475",1817.40886315157,0.620577182731907,0.128260587535499,4.83840901290235,1.30882587397901e-06,4.63354738325684e-05,"Hdac7","56233","histone deacetylase 7","Up_in_KO_treated"
"ENSMUSG00000039683",424.07299046718,1.31991456937638,0.273209331133759,4.8311474717903,1.35748406296586e-06,4.79340345074785e-05,"Sdk1","330222","sidekick cell adhesion molecule 1","Up_in_KO_treated"
"ENSMUSG00000021678",2547.27046028509,-0.719399735251072,0.148916500372341,-4.83089337616943,1.35921782819108e-06,4.79340345074785e-05,"F2rl1","14063","F2R like trypsin receptor 1","Down_in_KO_treated"
"ENSMUSG00000021890",1881.01210937532,-0.610671518122706,0.126489076450628,-4.82785972716837,1.3800824504961e-06,4.85762482527503e-05,"Eaf1","74427","ELL associated factor 1","Down_in_KO_treated"
"ENSMUSG00000022119",1100.67520814429,0.720185836704979,0.149433670113419,4.81943484462612,1.43965459105506e-06,5.05758118619594e-05,"Rbm26","74213","RNA binding motif protein 26","Up_in_KO_treated"
"ENSMUSG00000020069",713.264725842655,0.661632202034477,0.137316383479445,4.8183048902793,1.44783011019925e-06,5.07655833466991e-05,"Hnrnph3","432467","heterogeneous nuclear ribonucleoprotein H3","Up_in_KO_treated"
"ENSMUSG00000049044",289.799046388367,-0.960175372767503,0.199473111974415,-4.81355789391132,1.48266622152415e-06,5.18876479016378e-05,"Rapgef4","56508","Rap guanine nucleotide exchange factor (GEF) 4","Down_in_KO_treated"
"ENSMUSG00000022912",2002.20352952308,0.672215738298881,0.139739439676345,4.8104940155465,1.50557711579215e-06,5.25888892182133e-05,"Pros1","19128","protein S (alpha)","Up_in_KO_treated"
"ENSMUSG00000073491",113.411873578953,1.38912503604919,0.288993974420749,4.80676124418688,1.53394997871158e-06,5.34778789721105e-05,"Ifi213","623121","interferon activated gene 213","Up_in_KO_treated"
"ENSMUSG00000021950",227.605376916241,-1.45724183123622,0.303392605541538,-4.80315539871227,1.56184575270254e-06,5.43468874747424e-05,"Anxa8","11752","annexin A8","Down_in_KO_treated"
"ENSMUSG00000056267",354.300330406313,0.885141868820867,0.184522013154314,4.79694456877962,1.61104160112443e-06,5.5952361338483e-05,"Cep70","68121","centrosomal protein 70","Up_in_KO_treated"
"ENSMUSG00000028159",519.468128581898,0.635305565926238,0.132468004530533,4.79591708335732,1.61932257283977e-06,5.61334489596331e-05,"Dapp1","26377","dual adaptor for phosphotyrosine and 3-phosphoinositides 1","Up_in_KO_treated"
"ENSMUSG00000042810",156.174177811126,1.46149449003945,0.304842809338824,4.79425607318506,1.63279600881966e-06,5.64935072767982e-05,"Krba1","77827","KRAB-A domain containing 1","Up_in_KO_treated"
"ENSMUSG00000015714",4650.81659647932,-0.648220735695629,0.13531808179665,-4.79034824532723,1.66492101944623e-06,5.74963196583478e-05,"Cers2","76893","ceramide synthase 2","Down_in_KO_treated"
"ENSMUSG00000044288",125.618878079972,1.44096705955305,0.301307430369071,4.78238142945235,1.73230571117252e-06,5.97107183269127e-05,"Cnr1","12801","cannabinoid receptor 1","Up_in_KO_treated"
"ENSMUSG00000016262",2010.25035828587,0.735472220135147,0.153858814804958,4.78017604040096,1.75141767273489e-06,6.0256010646742e-05,"Sertad4","214791","SERTA domain containing 4","Up_in_KO_treated"
"ENSMUSG00000019929",5750.03241761518,-0.789096885663667,0.16534516619065,-4.77242186054477,1.82023737368389e-06,6.25062000948148e-05,"Dcn","13179","decorin","Down_in_KO_treated"
"ENSMUSG00000044807",637.38493339798,0.792892399302637,0.166192342802605,4.77093219778721,1.83375264344855e-06,6.28523869532561e-05,"Zfp354c","30944","zinc finger protein 354C","Up_in_KO_treated"
"ENSMUSG00000027601",1954.15382267028,-0.664285848346127,0.139442015098118,-4.76388589105447,1.89899919981642e-06,6.49670698210092e-05,"Mtfr1","67472","mitochondrial fission regulator 1","Down_in_KO_treated"
"ENSMUSG00000024675",461.438958365914,1.49292077595236,0.313640137453827,4.75997998238391,1.93612160822598e-06,6.6113495886866e-05,"Ms4a4c","64380","membrane-spanning 4-domains, subfamily A, member 4C","Up_in_KO_treated"
"ENSMUSG00000031750",877.89573095595,0.638858999045203,0.13431948264897,4.75626458981231,1.97207962839989e-06,6.72159654350153e-05,"Il34","76527","interleukin 34","Up_in_KO_treated"
"ENSMUSG00000037217",109.312796351887,-1.49507160394533,0.314460070149449,-4.75440841578006,1.99028336859133e-06,6.77103280582289e-05,"Syn1","20964","synapsin I","Down_in_KO_treated"
"ENSMUSG00000041028",4944.96797111832,-0.616390713830098,0.129683301955373,-4.75304610953082,2.00374627818276e-06,6.80418703702764e-05,"Ghitm","66092","growth hormone inducible transmembrane protein","Down_in_KO_treated"
"ENSMUSG00000051579",3158.19218445882,0.636664265626447,0.134091747269934,4.74797501403874,2.05463411249515e-06,6.96406817796273e-05,"Tceal8","66684","transcription elongation factor A (SII)-like 8","Up_in_KO_treated"
"ENSMUSG00000021730",15.1655673838118,-3.19294449725187,0.672788760755737,-4.74583507260923,2.07647858747148e-06,7.02509936903705e-05,"Hcn1","15165","hyperpolarization activated cyclic nucleotide gated potassium channel 1","Down_in_KO_treated"
"ENSMUSG00000059970",337.332044203691,-1.03878995933447,0.219302229835802,-4.73679615620982,2.17123360041981e-06,7.33211966577193e-05,"Hspa2","15512","heat shock protein 2","Down_in_KO_treated"
"ENSMUSG00000045103",109.228300780715,1.06271481620112,0.224604004913663,4.73150430514195,2.2286209041216e-06,7.48448594644727e-05,"Dmd","13405","dystrophin, muscular dystrophy","Up_in_KO_treated"
"ENSMUSG00000039153",861.117055420769,-0.78295416921803,0.165458980427255,-4.73201374259802,2.22303358539206e-06,7.48448594644727e-05,"Runx2","12393","runt related transcription factor 2","Down_in_KO_treated"
"ENSMUSG00000054364",10569.6366364973,-0.702674866886556,0.148505490879742,-4.7316423300171,2.22710576867733e-06,7.48448594644727e-05,"Rhob","11852","ras homolog family member B","Down_in_KO_treated"
"ENSMUSG00000028883",2021.63639899743,-0.929385148832358,0.196459236875681,-4.73067677352564,2.23772571556953e-06,7.5012992256537e-05,"Sema3a","20346","sema domain, immunoglobulin domain (Ig), short basic domain, secreted, (semaphorin) 3A","Down_in_KO_treated"
"ENSMUSG00000035042",913.401187173153,2.40254653516167,0.507934277441281,4.73003426203977,2.24481948834397e-06,7.51132195523944e-05,"Ccl5","20304","C-C motif chemokine ligand 5","Up_in_KO_treated"
"ENSMUSG00000032000",663.932422434372,0.58362633976195,0.123685077227658,4.71864797955952,2.37417237119643e-06,7.92964907116941e-05,"Birc3","11796","baculoviral IAP repeat-containing 3","Up_in_KO_treated"
"ENSMUSG00000021268",546.006172316351,-2.2603080140253,0.479503524086526,-4.71385068197628,2.43078819147833e-06,8.10395560448594e-05,"Meg3","17263","maternally expressed 3","Down_in_KO_treated"
"ENSMUSG00000034488",896.805704032311,-1.13233277017695,0.240448818252001,-4.70924655986543,2.48634159249038e-06,8.27409275770026e-05,"Edil3","13612","EGF-like repeats and discoidin I-like domains 3","Down_in_KO_treated"
"ENSMUSG00000032251",394.626975587813,0.766073804854661,0.162715546189056,4.70805539357976,2.50091147193332e-06,8.30747416892843e-05,"Irak1bp1","65099","interleukin-1 receptor-associated kinase 1 binding protein 1","Up_in_KO_treated"
"ENSMUSG00000026827",1296.61799312184,-0.949343472977658,0.20191169630097,-4.70177553044062,2.57908940100157e-06,8.53617962143431e-05,"Gpd2","14571","glycerol phosphate dehydrogenase 2, mitochondrial","Down_in_KO_treated"
"ENSMUSG00000039377",539.660442064291,0.961485483719847,0.204628094989459,4.6986973307325,2.61826136146868e-06,8.65018731028181e-05,"Hlx","15284","H2.0-like homeobox","Up_in_KO_treated"
"ENSMUSG00000015053",632.139971752251,0.934003016179254,0.198907766411373,4.69565886254831,2.65748736074701e-06,8.76396237184731e-05,"Gata2","14461","GATA binding protein 2","Up_in_KO_treated"
"ENSMUSG00000083139",302.238233929747,-0.869544932646641,0.1852730639658,-4.69331544496481,2.68812500846928e-06,8.84905612050599e-05,NA,NA,NA,"Down_in_KO_treated"
"ENSMUSG00000103793",34.8249859611746,-3.61453148822963,0.770247379529247,-4.69268910780162,2.6963709233553e-06,8.85611068455523e-05,"Pcdhga6","93714","protocadherin gamma subfamily A, 6","Down_in_KO_treated"
"ENSMUSG00000032419",537.730304954706,0.715201676450074,0.152416440400483,4.69241818383135,2.69994523410469e-06,8.85611068455523e-05,"Tbx18","76365","T-box18","Up_in_KO_treated"
"ENSMUSG00000041633",317.56755823641,0.946754230045038,0.201994480989158,4.68703018720525,2.7719809293344e-06,9.07613004465251e-05,"Kctd12b","207474","potassium channel tetramerisation domain containing 12b","Up_in_KO_treated"
"ENSMUSG00000001986",38.6228387219273,-2.24737288622599,0.479709478743455,-4.68486237151855,2.80148113122806e-06,9.15634091872627e-05,"Gria3","53623","glutamate receptor, ionotropic, AMPA3 (alpha 3)","Down_in_KO_treated"
"ENSMUSG00000038859",224.229038551368,-1.34879149180835,0.288368014149818,-4.67732697672772,2.90638624186458e-06,9.44859456213987e-05,"Baiap2l1","66898","BAI1-associated protein 2-like 1","Down_in_KO_treated"
"ENSMUSG00000022074",714.279747889761,-0.703625417631312,0.150534769031975,-4.67417210094403,2.95141764556638e-06,9.57797822106407e-05,"Tnfrsf10b","21933","tumor necrosis factor receptor superfamily, member 10b","Down_in_KO_treated"
"ENSMUSG00000117528",10.3166332036809,-6.20358030938612,1.32826329173062,-4.67044474390566,3.00548322157012e-06,9.73616980608811e-05,NA,NA,NA,"Down_in_KO_treated"
"ENSMUSG00000020098",98.1672856969728,1.56954784961482,0.336645960185135,4.6623100682737,3.12679613929972e-06,0.000100756601650709,"Pcbd1","13180","pterin 4 alpha carbinolamine dehydratase/dimerization cofactor of hepatocyte nuclear factor 1 alpha (TCF1) 1","Up_in_KO_treated"
"ENSMUSG00000026921",771.128967615806,1.19107798464224,0.255661233788098,4.65881341099001,3.18037311121043e-06,0.000102302933311924,"Egfl7","353156","EGF-like domain 7","Up_in_KO_treated"
"ENSMUSG00000032548",492.080534891778,-1.3083213730188,0.281113071613749,-4.65407519297588,3.25438034944967e-06,0.000104499865852592,"Slco2a1","24059","solute carrier organic anion transporter family, member 2a1","Down_in_KO_treated"
"ENSMUSG00000054863",25.7029601898273,-4.04421112303971,0.869031254773886,-4.6537004288666,3.26030383443149e-06,0.000104506726938003,"Tafa5","106014","TAFA chemokine like family member 5","Down_in_KO_treated"
"ENSMUSG00000048337",14.7771472531508,-3.97700770650894,0.855197582673382,-4.65039633774063,3.31297735904784e-06,0.000105944058449868,"Npy4r","19065","neuropeptide Y receptor Y4","Down_in_KO_treated"
"ENSMUSG00000004872",25.6542570396912,-3.04630683005154,0.655126021446229,-4.64995547471406,3.32006696913155e-06,0.000105944058449868,"Pax3","18505","paired box 3","Down_in_KO_treated"
"ENSMUSG00000029344",1370.32759687186,-0.583259626491707,0.125437470318637,-4.64980380272424,3.3225094001106e-06,0.000105944058449868,"Tpst2","22022","protein-tyrosine sulfotransferase 2","Down_in_KO_treated"
"ENSMUSG00000029798",228.597182259913,1.11217483144261,0.239217286597211,4.6492243401927,3.33185657987771e-06,0.000106057340837394,"Herc6","67138","hect domain and RLD 6","Up_in_KO_treated"
"ENSMUSG00000102278",26.2494041487236,2.01071145799195,0.433529979543259,4.63799864569993,3.51799091144835e-06,0.000111594086052408,NA,NA,NA,"Up_in_KO_treated"
"ENSMUSG00000062380",574.292146182016,-1.25032168703494,0.269608981814278,-4.63753721638338,3.52585138850766e-06,0.000111649927273107,"Tubb3","22152","tubulin, beta 3 class III","Down_in_KO_treated"
"ENSMUSG00000027188",73.1742231104681,2.34968951528206,0.507136234408631,4.63325109873488,3.59967486090003e-06,0.000113790758167622,"Pamr1","210622","peptidase domain containing associated with muscle regeneration 1","Up_in_KO_treated"
"ENSMUSG00000069763",303.574050152534,-1.34678203572394,0.29121085706788,-4.6247658802433,3.75021749654632e-06,0.000118345225584978,"Tmem100","67888","transmembrane protein 100","Down_in_KO_treated"
"ENSMUSG00000073755",378.674612215304,0.892068038991313,0.192957377304232,4.62313517862967,3.77983224732139e-06,0.000119074474393672,"5730409E04Rik","230757","RIKEN cDNA 5730409E04Rik gene","Up_in_KO_treated"
"ENSMUSG00000025978",1078.45318982719,0.6371079382094,0.13789279564819,4.62031344867988,3.83160729346451e-06,0.000120291437894135,"Rftn2","74013","raftlin family member 2","Up_in_KO_treated"
"ENSMUSG00000116656",67.7767003684833,1.67087115222741,0.361733368511692,4.61906834611914,3.85466883658311e-06,0.000120808225541063,NA,NA,NA,"Up_in_KO_treated"
"ENSMUSG00000022629",525.045223253513,-0.989789080275586,0.21450956860204,-4.61419547261246,3.94620901779614e-06,0.000123465749833714,"Kif21a","16564","kinesin family member 21A","Down_in_KO_treated"
"ENSMUSG00000094707",20.9206289584932,2.61602565033804,0.567152601724366,4.61256043326663,3.97738850025892e-06,0.000124228910785391,"A830019P07Rik","329056","RIKEN cDNA A830019P07 gene","Up_in_KO_treated"
"ENSMUSG00000024940",2913.92241927464,-0.732414986073867,0.15884521577704,-4.61087217824618,4.00983048577399e-06,0.000125028837105828,"Ltbp3","16998","latent transforming growth factor beta binding protein 3","Down_in_KO_treated"
"ENSMUSG00000040152",6186.81947192174,-1.35162579827921,0.293362217136929,-4.60736154597689,4.07810568816287e-06,0.000126941442874907,"Thbs1","21825","thrombospondin 1","Down_in_KO_treated"
"ENSMUSG00000082229",28.8902076464524,2.36101538751804,0.512931984708824,4.60297945517731,4.16489328049105e-06,0.000129203460530216,"Nap1l2","17954","nucleosome assembly protein 1-like 2","Up_in_KO_treated"
"ENSMUSG00000071662",1007.19941229826,-0.64221861543327,0.139522229085667,-4.60298419572228,4.16479844436013e-06,0.000129203460530216,"Polr2g","67710","polymerase (RNA) II (DNA directed) polypeptide G","Down_in_KO_treated"
"ENSMUSG00000073489",1437.44825365321,0.818290029582662,0.177947055310741,4.59850278586357,4.25538025652871e-06,0.000131787182462344,"Ifi204","15951","interferon activated gene 204","Up_in_KO_treated"
"ENSMUSG00000016194",134.771726296138,-1.84263377129098,0.401083909945098,-4.59413535572447,4.34547262567638e-06,0.000134349975452288,"Hsd11b1","15483","hydroxysteroid 11-beta dehydrogenase 1","Down_in_KO_treated"
"ENSMUSG00000002459",26.728723844691,-2.29891351168501,0.500724830962091,-4.59117137703734,4.4076522028826e-06,0.000136042594046139,"Rgs20","58175","regulator of G-protein signaling 20","Down_in_KO_treated"
"ENSMUSG00000040296",651.308924945588,1.0066223091247,0.219279994501425,4.59057978094831,4.42016458906373e-06,0.000136199111908474,"Rigi","230073","RNA sensor RIG-I","Up_in_KO_treated"
"ENSMUSG00000024924",252.248755460909,-1.29586687597979,0.283105546853238,-4.57732775066949,4.70953291035864e-06,0.000144628491372977,"Vldlr","22359","very low density lipoprotein receptor","Down_in_KO_treated"
"ENSMUSG00000037849",93.531766037809,1.70171016096214,0.371873640943295,4.57604404723491,4.73850818520065e-06,0.000145274565014619,"Ifi206","102639543","interferon activated gene 206","Up_in_KO_treated"
"ENSMUSG00000049658",633.266982177822,-1.11679471029193,0.244242508287341,-4.57248297244832,4.81978402587335e-06,0.000147519242517659,"Bdp1","544971","B double prime 1, subunit of RNA polymerase III transcription initiation factor IIIB","Down_in_KO_treated"
"ENSMUSG00000032666",726.71056645214,0.886106566707067,0.19391794034572,4.56949246226162,4.88906749009137e-06,0.000149141003785237,"1700025G04Rik","69399","RIKEN cDNA 1700025G04 gene","Up_in_KO_treated"
"ENSMUSG00000041845",309.812606872317,-0.697077364612648,0.152548819459919,-4.56953627750491,4.88804553768988e-06,0.000149141003785237,"Rhod","11854","ras homolog family member D","Down_in_KO_treated"
"ENSMUSG00000057098",966.304980578213,0.819310133787162,0.179391594853546,4.56716009719431,4.94376422480038e-06,0.000150558596683064,"Ebf1","13591","early B cell factor 1","Up_in_KO_treated"
"ENSMUSG00000022479",127.379958347333,-1.15059817375257,0.252003626818907,-4.56580005723253,4.97592876695798e-06,0.00015128641897281,"Vdr","22337","vitamin D (1,25-dihydroxyvitamin D3) receptor","Down_in_KO_treated"
"ENSMUSG00000031520",550.305240988031,0.642567077052141,0.140825042038619,4.56287509487076,5.04578359015461e-06,0.000153155849171807,"Vegfc","22341","vascular endothelial growth factor C","Up_in_KO_treated"
"ENSMUSG00000025887",727.565690648233,1.09478656025518,0.239952476591261,4.5625141103255,5.05446955217987e-06,0.000153165490419782,"Casp12","12364","caspase 12","Up_in_KO_treated"
"ENSMUSG00000030319",216.536847978282,1.08952941474889,0.238862965159053,4.56131579051359,5.08340613980338e-06,0.00015370983383945,"Cand2","67088","cullin associated and neddylation dissociated 2 (putative)","Up_in_KO_treated"
"ENSMUSG00000048482",665.974350153186,-0.757064461773008,0.165983762241684,-4.56107544225121,5.08922905024895e-06,0.00015370983383945,"Bdnf","12064","brain derived neurotrophic factor","Down_in_KO_treated"
"ENSMUSG00000005087",13275.69590976,-0.702801569562964,0.154174876734867,-4.55847012462065,5.15275925660003e-06,0.000155372244931714,"Cd44","12505","CD44 antigen","Down_in_KO_treated"
"ENSMUSG00000091971",235.514915655856,-1.8997811392613,0.416856460419783,-4.55739881624524,5.17910264989825e-06,0.000155909729935999,"Hspa1a","193740","heat shock protein 1A","Down_in_KO_treated"
"ENSMUSG00000017390",77.9923824648397,-1.16786894156424,0.256392498121458,-4.55500433952245,5.23844968930289e-06,0.000157179253546411,"Aldoc","11676","aldolase C, fructose-bisphosphate","Down_in_KO_treated"
"ENSMUSG00000033170",331.500612096377,1.33024478689352,0.292150415074839,4.55328734190831,5.28140570293095e-06,0.000158208786547864,"Card10","105844","caspase recruitment domain family, member 10","Up_in_KO_treated"
"ENSMUSG00000019796",92.3971647839928,-1.51494873646841,0.332778692093964,-4.55242109083307,5.30320545457327e-06,0.000158602237638978,"Lrp11","237253","low density lipoprotein receptor-related protein 11","Down_in_KO_treated"
"ENSMUSG00000040033",616.865975142297,1.00244146258097,0.220317006474564,4.54999583836804,5.36469765969383e-06,0.000160179545294252,"Stat2","20847","signal transducer and activator of transcription 2","Up_in_KO_treated"
"ENSMUSG00000027194",654.313040266855,-0.604305609260117,0.132900451896344,-4.54705458587489,5.44018923075349e-06,0.000162169028486126,"Ttc17","74569","tetratricopeptide repeat domain 17","Down_in_KO_treated"
"ENSMUSG00000094870",1142.27697755979,-0.790219259366617,0.173828193409619,-4.54597866932033,5.46805743312154e-06,0.000162734723899876,"Zfp131","72465","zinc finger protein 131","Down_in_KO_treated"
"ENSMUSG00000044786",2681.768109642,-1.47051030279257,0.323822527820375,-4.54109944941281,5.59616246012007e-06,0.000166007393043075,"Zfp36","22695","zinc finger protein 36","Down_in_KO_treated"
"ENSMUSG00000029648",1165.90811624282,-1.39383700381516,0.307210683177606,-4.53707204905158,5.70406234771498e-06,0.000168934390210724,"Flt1","14254","FMS-like tyrosine kinase 1","Down_in_KO_treated"
"ENSMUSG00000041809",104.969001498643,1.0331517042821,0.227766620979543,4.5360101486288,5.73284226159558e-06,0.000169512458665564,"Efhc1","71877","EF-hand domain (C-terminal) containing 1","Up_in_KO_treated"
"ENSMUSG00000025997",87.0194053866794,1.20471740119493,0.265654739774869,4.53489895273798,5.76310699244012e-06,0.000170132495617148,"Ikzf2","22779","IKAROS family zinc finger 2","Up_in_KO_treated"
"ENSMUSG00000052776",296.33837402973,1.22235118944041,0.269824786247118,4.53016643297152,5.89372393256865e-06,0.000173428985752096,"Oas1a","246730","2'-5' oligoadenylate synthetase 1A","Up_in_KO_treated"
"ENSMUSG00000078247",351.817872289235,1.07023642319221,0.236320426316771,4.52875123776914,5.93333028962282e-06,0.000174314196293686,"Airn","104103","antisense Igf2r RNA","Up_in_KO_treated"
"ENSMUSG00000031616",550.360904394196,-0.979736396275521,0.216356627189931,-4.52834012528515,5.94488355287374e-06,0.000174373723827321,"Ednra","13617","endothelin receptor type A","Down_in_KO_treated"
"ENSMUSG00000032198",677.026459039383,1.09292140880615,0.241520441701671,4.52517145590573,6.03465618027004e-06,0.000176723699307972,"Dock6","319899","dedicator of cytokinesis 6","Up_in_KO_treated"
"ENSMUSG00000003032",1891.43160328821,-1.25870523297362,0.278341759686763,-4.52215734494935,6.12125287799167e-06,0.000178973308987031,"Klf4","16600","Kruppel-like transcription factor 4 (gut)","Down_in_KO_treated"
"ENSMUSG00000028229",168.648044145654,0.939354885311455,0.207770933444469,4.52110826927827,6.15167128561346e-06,0.00017928987187991,"Rmdn1","66302","regulator of microtubule dynamics 1","Up_in_KO_treated"
"ENSMUSG00000040483",657.091355096376,1.09188494131894,0.241529629317929,4.52070805723662,6.16331368153774e-06,0.00017934360940093,"Xaf1","327959","XIAP associated factor 1","Up_in_KO_treated"
"ENSMUSG00000026657",2163.43431661664,-0.587194943900651,0.129960511166366,-4.51825665066035,6.23508792374805e-06,0.000181144149632318,"Frmd4a","209630","FERM domain containing 4A","Down_in_KO_treated"
"ENSMUSG00000063919",15.6064182483877,-3.12008588330855,0.690698377401014,-4.5172914623731,6.26356634540122e-06,0.000181597882270221,"Srrm4","68955","serine/arginine repetitive matrix 4","Down_in_KO_treated"
"ENSMUSG00000032596",290.115011004052,0.869420113525166,0.192474970632989,4.51705544188898,6.27054917744521e-06,0.000181597882270221,"Uba7","74153","ubiquitin-like modifier activating enzyme 7","Up_in_KO_treated"
"ENSMUSG00000023443",61.6300493593611,-1.65959289634508,0.367631642585734,-4.51428197168325,6.3531643047937e-06,0.000183699788737187,"Esx1","13984","extraembryonic, spermatogenesis, homeobox 1","Down_in_KO_treated"
"ENSMUSG00000041046",284.348174004982,-1.03577533237883,0.229516332351478,-4.51286111871404,6.39589058369498e-06,0.000184643510021087,"Ramp3","56089","receptor (calcitonin) activity modifying protein 3","Down_in_KO_treated"
"ENSMUSG00000059456",810.503396534506,-0.770020876536257,0.17082313849302,-4.5077082843067,6.55315891981701e-06,0.000188588785706621,"Ptk2b","19229","PTK2 protein tyrosine kinase 2 beta","Down_in_KO_treated"
"ENSMUSG00000026556",407.306224594019,0.835600241882103,0.185424875397848,4.50640853924932,6.59340855486627e-06,0.000189449225713842,"Vangl2","93840","VANGL planar cell polarity 2","Up_in_KO_treated"
"ENSMUSG00000060002",551.366781807077,0.673842641975643,0.149683886693329,4.50177141215075,6.73894379324791e-06,0.000193327411046734,"Chpt1","212862","choline phosphotransferase 1","Up_in_KO_treated"
"ENSMUSG00000078853",529.865740288136,1.26118048494125,0.280251130663158,4.50017982784554,6.78959993138397e-06,0.000194475817752928,"Igtp","16145","interferon gamma induced GTPase","Up_in_KO_treated"
"ENSMUSG00000103649",105.808694143127,0.970719156153074,0.215855512821715,4.49707836257505,6.88936017219282e-06,0.000197024936299446,NA,NA,NA,"Up_in_KO_treated"
"ENSMUSG00000035735",242.244697950533,-0.901937230747732,0.201136668833627,-4.48420089672352,7.31876856769513e-06,0.000208653303885551,"Dagla","269060","diacylglycerol lipase, alpha","Down_in_KO_treated"
"ENSMUSG00000091561",27.4012270306786,2.70646727833742,0.604028862814573,4.48069197509237,7.44014233098217e-06,0.000211783709306325,NA,NA,NA,"Up_in_KO_treated"
"ENSMUSG00000022136",1694.22286631423,0.777774594919246,0.173650795667786,4.47895785290393,7.50083405259032e-06,0.000212849249092342,"Dnajc3","100037258","DnaJ heat shock protein family (Hsp40) member C3","Up_in_KO_treated"
"ENSMUSG00000022338",2974.48323534398,0.804409950503108,0.179639246875503,4.47791874267095,7.53742789810252e-06,0.000213556567831224,"Eny2","223527","ENY2 transcription and export complex 2 subunit","Up_in_KO_treated"
"ENSMUSG00000024999",855.240392087981,-0.765957028811269,0.171121357401714,-4.47610421306533,7.60173899491399e-06,0.000215045794163695,"Noc3l","57753","NOC3 like DNA replication regulator","Down_in_KO_treated"
"ENSMUSG00000000093",164.093558010593,-1.40140293999667,0.313148994658977,-4.47519539867216,7.63414633277336e-06,0.000215629290630788,"Tbx2","21385","T-box 2","Down_in_KO_treated"
"ENSMUSG00000030353",153.933838680578,-0.970269300167389,0.216852004578501,-4.47433862579836,7.6648188625978e-06,0.000216162064163525,"Tead4","21679","TEA domain family member 4","Down_in_KO_treated"
"ENSMUSG00000034282",29.6163162787083,-2.00576686810295,0.448404618814059,-4.47311821499031,7.70871318254613e-06,0.000217065503661757,"Evpl","14027","envoplakin","Down_in_KO_treated"
"ENSMUSG00000031431",2069.66445924272,-0.653381022235873,0.14612187033424,-4.47148001008558,7.76801219936904e-06,0.000218399273863366,"Tsc22d3","14605","TSC22 domain family, member 3","Down_in_KO_treated"
"ENSMUSG00000004267",249.1631931643,1.03901461628941,0.232514536186829,4.46860068763421,7.87329503574329e-06,0.000221019814477315,"Eno2","13807","enolase 2, gamma neuronal","Up_in_KO_treated"
"ENSMUSG00000030598",151.576457864272,1.13227971296142,0.253513148918429,4.46635497129872,7.95635548619844e-06,0.000223009455534288,"Fbxo17","50760","F-box protein 17","Up_in_KO_treated"
"ENSMUSG00000069806",460.422178072632,1.43138459866241,0.321031728503604,4.4587013418717,8.24577191051921e-06,0.000230768139569164,"Cacng7","81904","calcium channel, voltage-dependent, gamma subunit 7","Up_in_KO_treated"
"ENSMUSG00000027358",1600.0893777925,-1.21931784602575,0.273615999090374,-4.45631048651879,8.33822444777968e-06,0.000232999270332384,"Bmp2","12156","bone morphogenetic protein 2","Down_in_KO_treated"
"ENSMUSG00000000078",5442.10250629022,-0.936471385063189,0.210169607291845,-4.45578881328351,8.3585284151677e-06,0.000233210587778681,"Klf6","23849","Kruppel-like transcription factor 6","Down_in_KO_treated"
"ENSMUSG00000020893",810.863402223546,-1.38907550289647,0.311954887542326,-4.45280891041657,8.47541775874974e-06,0.000236111980575946,"Per1","18626","period circadian clock 1","Down_in_KO_treated"
"ENSMUSG00000032375",217.856792196636,0.808470879043777,0.181602157071789,4.45187927324112,8.51220220222817e-06,0.00023677634788356,"Aph1b","208117","aph1 homolog B, gamma secretase subunit","Up_in_KO_treated"
"ENSMUSG00000021645",1008.86483679771,-0.751259982112155,0.168948343468753,-4.44668451129917,8.72057660190931e-06,0.000242204421160464,"Smn1","20595","survival motor neuron 1","Down_in_KO_treated"
"ENSMUSG00000072825",616.692945580381,-0.895301559702879,0.201447456674538,-4.44434283004795,8.81609288618155e-06,0.000244486284993607,"Cep170b","217882","centrosomal protein 170B","Down_in_KO_treated"
"ENSMUSG00000032763",362.649860144815,-0.653099636356659,0.146996280165855,-4.4429670983495,8.87267379889439e-06,0.000245683129411746,"Ilvbl","216136","ilvB (bacterial acetolactate synthase)-like","Down_in_KO_treated"
"ENSMUSG00000044285",2488.22529824945,0.674045063947848,0.151803559273084,4.44024545389802,8.98563315853166e-06,0.000248435111330219,NA,NA,NA,"Up_in_KO_treated"
"ENSMUSG00000041540",57.5706706630275,-1.91487581070728,0.431680496478493,-4.43586362211914,9.17038933168494e-06,0.000253160838518596,"Sox5","20678","SRY (sex determining region Y)-box 5","Down_in_KO_treated"
"ENSMUSG00000020431",26.4170954729144,-2.35793168393824,0.53188857910322,-4.43313087848922,9.28744483138961e-06,0.000256006178838741,"Adcy1","432530","adenylate cyclase 1","Down_in_KO_treated"
"ENSMUSG00000046138",588.124352075939,-0.71574357559251,0.161484909619284,-4.43226291100477,9.32492147436851e-06,0.000256652688338897,"Brd10","240613","bromodomain containing 10","Down_in_KO_treated"
"ENSMUSG00000025060",3265.64455929055,-0.595772128243421,0.134438833065876,-4.43154789919583,9.35590236620637e-06,0.000257118740253266,"Slk","20874","STE20-like kinase","Down_in_KO_treated"
"ENSMUSG00000010721",111.060290153819,-1.18323684823124,0.267531406734764,-4.42279604728549,9.74317078821049e-06,0.000266959962479965,"Lmbr1","56873","limb region 1","Down_in_KO_treated"
"ENSMUSG00000062980",398.540751409942,0.844594331967814,0.191254667557793,4.41607173698177,1.0051074009839e-05,0.000274457761391304,"Cped1","214642","cadherin-like and PC-esterase domain containing 1","Up_in_KO_treated"
"ENSMUSG00000001120",411.449343552749,-0.580923842191431,0.131554519289251,-4.41584101656094,1.00618017753136e-05,0.000274457761391304,"Pcbp3","59093","poly(rC) binding protein 3","Down_in_KO_treated"
"ENSMUSG00000060739",2924.69892227947,-0.759462986310494,0.172175127548397,-4.41099128035793,1.02898462276779e-05,0.000280079911372444,"Nsa2","59050","NSA2 ribosome biogenesis homolog","Down_in_KO_treated"
"ENSMUSG00000021388",16879.6942009692,0.882905803312968,0.200292388998741,4.40808463929459,1.04288792296474e-05,0.000282784854133683,"Aspn","66695","asporin","Up_in_KO_treated"
"ENSMUSG00000028464",9357.43431254692,0.958978091837067,0.217593656038317,4.40719692520905,1.04716975310524e-05,0.00028310706042962,"Tpm2","22004","tropomyosin 2, beta","Up_in_KO_treated"
"ENSMUSG00000053644",1390.69596051973,0.602579362793741,0.136724527767398,4.40725137349809,1.04690664284378e-05,0.00028310706042962,"Aldh7a1","110695","aldehyde dehydrogenase family 7, member A1","Up_in_KO_treated"
"ENSMUSG00000006930",29.3140160486415,2.1022100697523,0.477177416628534,4.40551039612336,1.05535090226669e-05,0.000284898046669427,"Hap1","15114","huntingtin-associated protein 1","Up_in_KO_treated"
"ENSMUSG00000032501",1517.9974950705,-1.16062806812811,0.263521396840708,-4.40430295999711,1.06124548068711e-05,0.000285646706367885,"Trib1","211770","tribbles pseudokinase 1","Down_in_KO_treated"
"ENSMUSG00000019806",824.060364014416,-0.788652642811944,0.179055142972746,-4.4045238227644,1.06016490736318e-05,0.000285646706367885,"Aig1","66253","androgen-induced 1","Down_in_KO_treated"
"ENSMUSG00000075316",30.2811881086832,-2.27536307177405,0.516768031305426,-4.40306469041085,1.06732323080598e-05,0.000286860750270806,"Scn9a","20274","sodium channel, voltage-gated, type IX, alpha","Down_in_KO_treated"
"ENSMUSG00000043263",425.522140447292,1.02997398932783,0.234005570984991,4.40149345587116,1.07508311278719e-05,0.000288208789971054,"Ifi209","236312","interferon activated gene 209","Up_in_KO_treated"
"ENSMUSG00000026307",361.443119599105,0.815790508842563,0.185347465402089,4.40141173267627,1.07548819073502e-05,0.000288208789971054,"Scly","50880","selenocysteine lyase","Up_in_KO_treated"
"ENSMUSG00000040003",45.7533425006793,-1.55256476715231,0.353596595733213,-4.39077973568421,1.12944908533518e-05,0.000300906937538425,"Magi2","50791","membrane associated guanylate kinase, WW and PDZ domain containing 2","Down_in_KO_treated"
"ENSMUSG00000020646",228.798880200985,-1.45071153082505,0.330497074327794,-4.38948373075824,1.13620077957901e-05,0.000302265739369688,"Mboat2","67216","membrane bound O-acyltransferase domain containing 2","Down_in_KO_treated"
"ENSMUSG00000061451",26.7984860154522,-2.0120602190272,0.458800090485738,-4.38548348344265,1.15728439602849e-05,0.000307427812779526,"Tmem151a","381199","transmembrane protein 151A","Down_in_KO_treated"
"ENSMUSG00000084911",54.2164283322923,1.51010314535255,0.344631785623146,4.38178719534548,1.17709751290812e-05,0.000312237909837062,NA,NA,NA,"Up_in_KO_treated"
"ENSMUSG00000041471",133.909485141192,-0.988953733427243,0.225728274400679,-4.38116906733535,1.1804422877768e-05,0.000312671999901285,"Shld2","75698","shieldin complex subunit 2","Down_in_KO_treated"
"ENSMUSG00000037370",1355.77381878721,0.903030488741677,0.206148043296714,4.38049507674406,1.18409968044304e-05,0.00031318752097036,"Enpp1","18605","ectonucleotide pyrophosphatase/phosphodiesterase 1","Up_in_KO_treated"
"ENSMUSG00000021597",352.256710970304,-0.671261057581624,0.153354253517989,-4.37719229941597,1.20217902459521e-05,0.000317510572686381,"Slf1","105377","SMC5-SMC6 complex localization factor 1","Down_in_KO_treated"
"ENSMUSG00000042116",822.48276305221,0.989551312808168,0.226200658553365,4.37466150247619,1.21621052854428e-05,0.000320753621094323,"Vwa1","246228","von Willebrand factor A domain containing 1","Up_in_KO_treated"
"ENSMUSG00000032911",1605.02712038444,0.967525681994483,0.221275052838976,4.3725023204426,1.2283051122829e-05,0.000323012478018878,"Cspg4","121021","chondroitin sulfate proteoglycan 4","Up_in_KO_treated"
"ENSMUSG00000030657",314.421226691674,1.05457317157573,0.241404863191458,4.36848354102689,1.25112244132839e-05,0.000328540804069349,"Xylt1","233781","xylosyltransferase 1","Up_in_KO_treated"
"ENSMUSG00000036693",1704.36349937869,-0.614749228998038,0.140768455422816,-4.36709507930283,1.2590992650027e-05,0.000329711068860917,"Nop14","75416","NOP14 nucleolar protein","Down_in_KO_treated"
"ENSMUSG00000037999",28.5084086074535,-1.8776680017954,0.430406772846552,-4.36254287862898,1.28559379031862e-05,0.000336146044917168,"Arap2","212285","ArfGAP with RhoGAP domain, ankyrin repeat and PH domain 2","Down_in_KO_treated"
"ENSMUSG00000019467",1595.86201346228,0.725821705542175,0.166726058239624,4.3533789091265,1.34055155232812e-05,0.000349517308579225,"Arhgef25","52666","Rho guanine nucleotide exchange factor 25","Up_in_KO_treated"
"ENSMUSG00000027340",478.856145805849,-0.779205263810454,0.179068950489038,-4.35142587077459,1.35255051223025e-05,0.000352144125538412,"Slc23a2","54338","solute carrier family 23 (nucleobase transporters), member 2","Down_in_KO_treated"
"ENSMUSG00000051177",321.377468604937,-1.09000707095252,0.250523251231038,-4.35092178309348,1.35566408980466e-05,0.000352453406757026,"Plcb1","18795","phospholipase C, beta 1","Down_in_KO_treated"
"ENSMUSG00000031290",861.715176703649,0.845164790605149,0.194340219905863,4.34889283862364,1.36826546653184e-05,0.000355225004736628,"Lrch2","210297","leucine-rich repeats and calponin homology (CH) domain containing 2","Up_in_KO_treated"
"ENSMUSG00000034930",272.228405395302,-0.824320497622398,0.189762711471453,-4.34395404255384,1.3994080312567e-05,0.000362795541021124,"Rtkn","20166","rhotekin","Down_in_KO_treated"
"ENSMUSG00000037033",4.80684553068112,-6.55091643600013,1.50853494296591,-4.34256857393073,1.40826508862252e-05,0.000364463009732158,"Clca3b","229927","chloride channel accessory 3B","Down_in_KO_treated"
"ENSMUSG00000031428",63.0676751844219,1.69331846875717,0.390263839666106,4.33890690514885,1.43193159967245e-05,0.000369135831954998,"Zcchc18","66995","zinc finger, CCHC domain containing 18","Up_in_KO_treated"
"ENSMUSG00000028364",16860.830161676,0.978132771353804,0.225463165491788,4.33832625928172,1.43571916420124e-05,0.000369591671763367,"Tnc","21923","tenascin C","Up_in_KO_treated"
"ENSMUSG00000000628",946.795545788349,-0.952762562026727,0.219663489712691,-4.3373733307838,1.44195585023989e-05,0.000370675813580628,"Hk2","15277","hexokinase 2","Down_in_KO_treated"
"ENSMUSG00000026259",187.13876129495,-1.80983505789601,0.417364604030969,-4.33634055311915,1.44874430113578e-05,0.000371898554609933,"Ngef","53972","neuronal guanine nucleotide exchange factor","Down_in_KO_treated"
"ENSMUSG00000021670",1616.62416525103,-1.08063768369145,0.249234887693822,-4.33582029261884,1.45217550769407e-05,0.000372257259346284,"Hmgcr","15357","3-hydroxy-3-methylglutaryl-Coenzyme A reductase","Down_in_KO_treated"
"ENSMUSG00000074093",72.6332473519625,-1.30991510288771,0.302148315018541,-4.33533810310121,1.45536254819068e-05,0.00037255245761586,"Svip","75744","small VCP/p97-interacting protein","Down_in_KO_treated"
"ENSMUSG00000031767",162.2493106207,1.07860287438541,0.248900079727675,4.33347741618052,1.46772343374877e-05,0.000375191927484688,"Nudt7","67528","nudix hydrolase 7","Up_in_KO_treated"
"ENSMUSG00000046814",112.078616558417,-1.19503397440182,0.275891581258389,-4.33153476068773,1.48073564510097e-05,0.000377990300031841,"Gchfr","320415","GTP cyclohydrolase I feedback regulator","Down_in_KO_treated"
"ENSMUSG00000003378",201.698048641128,1.1573471884448,0.267232315521159,4.33086539772607,1.48524456916543e-05,0.000378613249992128,"Grik5","14809","glutamate receptor, ionotropic, kainate 5 (gamma 2)","Up_in_KO_treated"
"ENSMUSG00000044042",251.350721832643,-1.24504801168074,0.287587666965017,-4.32928165807678,1.49596505533084e-05,0.000380286783440561,"Fmn1","14260","formin 1","Down_in_KO_treated"
"ENSMUSG00000022008",727.969852524635,-0.724941470040885,0.167558898076182,-4.32648745225863,1.51505946188105e-05,0.000384606564921066,"Gpalpp1","67467","GPALPP motifs containing 1","Down_in_KO_treated"
"ENSMUSG00000027661",79.8590542111764,1.39394396738234,0.322225362692042,4.32599083987863,1.51847732741447e-05,0.000384940311962148,"Slc2a10","170441","solute carrier family 2 (facilitated glucose transporter), member 10","Up_in_KO_treated"
"ENSMUSG00000095134",23.5183342492631,-2.72555189446144,0.630322467666702,-4.32405956359251,1.53183908130415e-05,0.000387254843993231,"Mid1-ps1","107988026","midline 1, pseudogene 1","Down_in_KO_treated"
"ENSMUSG00000031075",510.509919712669,-1.42363747072446,0.329227506976581,-4.32417535156238,1.53103484036384e-05,0.000387254843993231,"Ano1","101772","anoctamin 1, calcium activated chloride channel","Down_in_KO_treated"
"ENSMUSG00000050447",21.4375298283474,-2.14424546408803,0.496211019994653,-4.32123709004112,1.55156847028117e-05,0.000391701485676637,"Lypd6","320343","LY6/PLAUR domain containing 6","Down_in_KO_treated"
"ENSMUSG00000074227",76.669904544719,1.66818239420511,0.386113043968477,4.32045075985907,1.55710800194429e-05,0.00039255850908521,"Spint2","20733","serine protease inhibitor, Kunitz type 2","Up_in_KO_treated"
"ENSMUSG00000025544",2871.3885622625,0.660855583052076,0.153031769788721,4.3184208348663,1.57149569486973e-05,0.000395640793716652,"Tm9sf2","68059","transmembrane 9 superfamily member 2","Up_in_KO_treated"
"ENSMUSG00000014905",1065.36095062821,-0.677582544946383,0.157153489612242,-4.31159719468042,1.62079499955697e-05,0.000407491907649605,"Dnajb9","27362","DnaJ heat shock protein family (Hsp40) member B9","Down_in_KO_treated"
"ENSMUSG00000034612",1123.41677364737,-0.861628963189703,0.199961745923043,-4.30896899410604,1.64017358114792e-05,0.000411234206243156,"Chst11","58250","carbohydrate sulfotransferase 11","Down_in_KO_treated"
"ENSMUSG00000003541",1474.26316123005,-1.3153132978953,0.305497204847445,-4.30548390304297,1.66621106872067e-05,0.000416621054519049,"Ier3","15937","immediate early response 3","Down_in_KO_treated"
"ENSMUSG00000033863",1643.19573596666,-0.894104723995742,0.207662003218752,-4.30557689965982,1.66551119409368e-05,0.000416621054519049,"Klf9","16601","Kruppel-like transcription factor 9","Down_in_KO_treated"
"ENSMUSG00000038305",160.496577688962,1.7007854210636,0.395370645966409,4.30174935447306,1.69454933897606e-05,0.000423128738762331,"Spats2l","67198","spermatogenesis associated, serine-rich 2-like","Up_in_KO_treated"
"ENSMUSG00000033737",17.1837378053674,4.71955030395341,1.09779002473765,4.29913753778305,1.71464046441226e-05,0.000427048519300863,"Fndc3c1","333564","fibronectin type III domain containing 3C1","Up_in_KO_treated"
"ENSMUSG00000028360",14.5240703604094,-2.83898783209054,0.660367604872911,-4.29910221389025,1.71491373920196e-05,0.000427048519300863,"Slc44a5","242259","solute carrier family 44, member 5","Down_in_KO_treated"
"ENSMUSG00000029236",9.44796435242792,-3.24885873778703,0.755845883110929,-4.29830843877232,1.72106554549723e-05,0.000427998134228746,"Nmu","56183","neuromedin U","Down_in_KO_treated"
"ENSMUSG00000027171",44.2967036590863,-2.82098658879081,0.656379285692981,-4.29779953493279,1.72502063829081e-05,0.000428399630157892,"Prrg4","228413","proline rich Gla (G-carboxyglutamic acid) 4 (transmembrane)","Down_in_KO_treated"
"ENSMUSG00000032690",166.963965333301,1.24258998014421,0.289394318705744,4.29376079565569,1.75671741337853e-05,0.000435680200773268,"Oas2","246728","2'-5' oligoadenylate synthetase 2","Up_in_KO_treated"
"ENSMUSG00000072653",12.5714592244061,-3.63428865287461,0.84814752085773,-4.28497232321006,1.82761938750638e-05,0.000452039427696342,NA,NA,NA,"Down_in_KO_treated"
"ENSMUSG00000049630",82.1167518209826,-1.23073885975643,0.287218532204151,-4.28502593586698,1.82717871123782e-05,0.000452039427696342,"C1ql3","227580","C1q-like 3","Down_in_KO_treated"
"ENSMUSG00000026544",116.587457823283,1.5775574795577,0.368407829463855,4.28209542086423,1.85141551886764e-05,0.000456576530682575,"Dusp23","68440","dual specificity phosphatase 23","Up_in_KO_treated"
"ENSMUSG00000021690",914.537776411932,-0.68111950187594,0.159071258048587,-4.281851481101,1.85344676991287e-05,0.000456576530682575,"Jmy","57748","junction-mediating and regulatory protein","Down_in_KO_treated"
"ENSMUSG00000054453",10.3509826535463,6.44202333040056,1.50621807472595,4.27695261296918,1.89469114201483e-05,0.000466109300702922,"Sytl5","236643","synaptotagmin-like 5","Up_in_KO_treated"
"ENSMUSG00000031298",106.94304983798,-1.66770333701524,0.390103341963908,-4.27502960784563,1.91111895674415e-05,0.000469519600876352,"Adgrg2","237175","adhesion G protein-coupled receptor G2","Down_in_KO_treated"
"ENSMUSG00000103041",171.521914967338,-0.845104169447611,0.197730901128696,-4.27401162197487,1.91987021642098e-05,0.000471037326691061,NA,NA,NA,"Down_in_KO_treated"
"ENSMUSG00000079481",338.698293652874,1.43338788214066,0.335616271918297,4.27091295051869,1.94674389936629e-05,0.0004769913465877,"Nhsl2","100042480","NHS like 2","Up_in_KO_treated"
"ENSMUSG00000024268",366.310497144255,-1.27200339981467,0.29797689190677,-4.26879880407856,1.96528433156642e-05,0.000480832417289853,"Celf4","108013","CUGBP, Elav-like family member 4","Down_in_KO_treated"
"ENSMUSG00000050234",91.131055083189,1.20791625948227,0.283424450798059,4.2618632799007,2.02729464750099e-05,0.000493425185282055,"Gja4","14612","gap junction protein, alpha 4","Up_in_KO_treated"
"ENSMUSG00000032705",437.509460200742,-0.583506712402433,0.136906151019097,-4.2620927406033,2.02521357710374e-05,0.000493425185282055,"Exd2","97827","exonuclease 3'-5' domain containing 2","Down_in_KO_treated"
"ENSMUSG00000032363",623.581174220037,0.794506958463871,0.186676032291669,4.25607373753534,2.08048116421818e-05,0.000505697831987854,"Adamts7","108153","ADAM metallopeptidase with thrombospondin type 1 motif 7","Up_in_KO_treated"
"ENSMUSG00000067377",685.831629072625,1.02929039060692,0.242097659571197,4.25155035546399,2.12295763027986e-05,0.000514655543139237,"Tspan6","56496","tetraspanin 6","Up_in_KO_treated"
"ENSMUSG00000037362",523.043760181407,0.862732371023562,0.202955206309985,4.25085114449275,2.12959673941551e-05,0.000515582131237065,"Ccn3","18133","cellular communication network factor 3","Up_in_KO_treated"
"ENSMUSG00000039633",271.615610287254,-0.922265918746933,0.217033500914459,-4.2494173243348,2.14327294344109e-05,0.000517524072345676,"Lonrf1","244421","LON peptidase N-terminal domain and ring finger 1","Down_in_KO_treated"
"ENSMUSG00000049800",1023.64685639368,-0.611922986627596,0.144130654685516,-4.24561303744006,2.17996573585597e-05,0.000524998853465418,"Sertad2","58172","SERTA domain containing 2","Down_in_KO_treated"
"ENSMUSG00000027868",400.831390971171,-0.867467497976761,0.204470433706424,-4.24250823090765,2.21035432002495e-05,0.000530920145924104,"Tbx15","21384","T-box 15","Down_in_KO_treated"
"ENSMUSG00000068391",760.890983047714,0.632830362127089,0.149230608059102,4.24062040862596,2.22902821632459e-05,0.000534003971772106,"Chrac1","93696","chromatin accessibility complex 1","Up_in_KO_treated"
"ENSMUSG00000033610",181.108625365784,-0.759715592592612,0.179184246247764,-4.23985706612916,2.23662157330063e-05,0.000534424081672604,"Pank1","75735","pantothenate kinase 1","Down_in_KO_treated"
"ENSMUSG00000058756",1592.93908191025,0.592114455994177,0.139652325472302,4.23991834000369,2.23601114318917e-05,0.000534424081672604,"Thra","21833","thyroid hormone receptor alpha","Up_in_KO_treated"
"ENSMUSG00000021639",454.818827958433,-0.701578738892011,0.165557091944117,-4.23768459963543,2.25836717501829e-05,0.0005382147708901,"Gtf2h2","23894","general transcription factor II H, polypeptide 2","Down_in_KO_treated"
"ENSMUSG00000028755",221.855423182378,-1.1486654942554,0.27113552924599,-4.23649935310862,2.27031574601049e-05,0.000540358765919765,"Cda","72269","cytidine deaminase","Down_in_KO_treated"
"ENSMUSG00000035828",755.981194949076,-0.613313911849602,0.144999709155136,-4.22975960036868,2.33941174244354e-05,0.000554640584481142,"Pim3","223775","Pim3, proto-oncogene, serine/threonine kinase","Down_in_KO_treated"
"ENSMUSG00000072944",7.52537904343416,-4.49815925447453,1.06440515213364,-4.22598410526087,2.37898784484617e-05,0.000563293848954973,"Nup62cl","279706","nucleoporin 62 C-terminal like","Down_in_KO_treated"
"ENSMUSG00000102700",10.9370942078496,-5.48753498772285,1.29867952007939,-4.22547279977694,2.38439625818726e-05,0.000563845022139554,NA,NA,NA,"Down_in_KO_treated"
"ENSMUSG00000029092",23.3286369372919,-1.98961155028647,0.471072464087616,-4.22357854038444,2.40453521325885e-05,0.000567141855776763,"D5Ertd615e","52401","DNA segment, Chr 5, ERATO Doi 615, expressed","Down_in_KO_treated"
"ENSMUSG00000033952",954.065697552977,0.617798067370247,0.146266909759996,4.22377192752598,2.40247180994626e-05,0.000567141855776763,"Aspm","12316","abnormal spindle microtubule assembly","Up_in_KO_treated"
"ENSMUSG00000010751",256.66377013306,-0.684842442874004,0.16217089152039,-4.22296773763433,2.41106343880422e-05,0.000567949731279713,"Tnfrsf22","79202","tumor necrosis factor receptor superfamily, member 22","Down_in_KO_treated"
"ENSMUSG00000073591",99.9682177323418,1.13406684212409,0.268941588655424,4.21677750843173,2.47818266837204e-05,0.000582261583815319,"Pcdhb22","93893","protocadherin beta 22","Up_in_KO_treated"
"ENSMUSG00000110649",11.8737432824625,-3.22958598641866,0.766394994568232,-4.21399671097555,2.50890940005104e-05,0.000588725240373516,NA,NA,NA,"Down_in_KO_treated"
"ENSMUSG00000026471",398.538569555359,0.764398560807079,0.181582870191673,4.20964025956966,2.55777617424624e-05,0.000599423525188591,"Mr1","15064","major histocompatibility complex, class I-related","Up_in_KO_treated"
"ENSMUSG00000027531",1430.16162412815,-0.660673431165779,0.157032952392947,-4.20722798048502,2.58522302052474e-05,0.00060508103509801,"Impa1","55980","inositol (myo)-1(or 4)-monophosphatase 1","Down_in_KO_treated"
"ENSMUSG00000033460",752.191202539228,0.734711343505331,0.174873252025362,4.20139349497986,2.65277041309696e-05,0.000619306847843286,"Armcx1","78248","armadillo repeat containing, X-linked 1","Up_in_KO_treated"
"ENSMUSG00000044338",419.958207574089,1.52208107684841,0.362347649641902,4.20060976896811,2.6619706698165e-05,0.000620663046747151,"Aplnr","23796","apelin receptor","Up_in_KO_treated"
"ENSMUSG00000029238",1204.66406143134,-0.63656879300552,0.151785669935213,-4.19386621462505,2.7423976226649e-05,0.000636981011264412,"Clock","12753","clock circadian regulator","Down_in_KO_treated"
"ENSMUSG00000010529",28.2925353568158,-1.89540326253746,0.452223345587335,-4.19129901415363,2.77361828624589e-05,0.000643416165946243,"Gm266","212539","predicted gene 266","Down_in_KO_treated"
"ENSMUSG00000042258",969.133360811673,-0.837196802572157,0.19976611936676,-4.19088484686989,2.77868667580507e-05,0.000643775977560255,"Isl1","16392","ISL1 transcription factor, LIM/homeodomain","Down_in_KO_treated"
"ENSMUSG00000020577",297.013948696347,0.714379274168353,0.170636976212642,4.18654438225698,2.83233570828724e-05,0.000655375985698878,"Tspan13","66109","tetraspanin 13","Up_in_KO_treated"
"ENSMUSG00000029378",102.835247931226,-2.02566669548278,0.484184343837958,-4.18366830993758,2.86842541982199e-05,0.000662888768421742,"Areg","11839","amphiregulin","Down_in_KO_treated"
"ENSMUSG00000102428",76.4632759994305,-1.6675028384814,0.398625918122192,-4.18312699369,2.8752666991295e-05,0.000663631858690633,"Pcdhga12","93724","protocadherin gamma subfamily A, 12","Down_in_KO_treated"
"ENSMUSG00000042961",57.5605699933263,1.89810567582707,0.454258850162551,4.17846713420741,2.93480395529665e-05,0.000676520362642248,"Egflam","268780","EGF-like, fibronectin type III and laminin G domains","Up_in_KO_treated"
"ENSMUSG00000036019",83.7677657300024,1.13467292327171,0.271583238536759,4.17799319790544,2.9409244826137e-05,0.000677078500695329,"Tmtc2","278279","transmembrane and tetratricopeptide repeat containing 2","Up_in_KO_treated"
"ENSMUSG00000037855",123.438622322609,-1.32957351259814,0.318578372413464,-4.173458174595,3.00010757607659e-05,0.000689836293529269,"Zfp365","216049","zinc finger protein 365","Down_in_KO_treated"
"ENSMUSG00000029775",1666.88007248338,0.64118022628793,0.153674355862433,4.17233065783537,3.01499666613635e-05,0.000692390012299795,"Klhdc10","76788","kelch domain containing 10","Up_in_KO_treated"
"ENSMUSG00000042436",1295.95238814268,1.17645907997325,0.282002842867341,4.1717986528479,3.02204626098487e-05,0.000693139257077771,"Mfap4","76293","microfibrillar-associated protein 4","Up_in_KO_treated"
"ENSMUSG00000032281",106.968306991017,-1.29939802801547,0.311825534932262,-4.16706742216521,3.08543262893438e-05,0.000706791907476671,"Acsbg1","94180","acyl-CoA synthetase bubblegum family member 1","Down_in_KO_treated"
"ENSMUSG00000052353",32.0290724541399,-2.07746721644539,0.498591737350584,-4.16666996425699,3.09081468583714e-05,0.000707139764935966,"Cemip","80982","cell migration inducing protein, hyaluronan binding","Down_in_KO_treated"
"ENSMUSG00000027397",2322.85046283648,-0.81209450533016,0.194955101461011,-4.16554631935379,3.10607848912536e-05,0.000709744751391528,"Slc20a1","20515","solute carrier family 20, member 1","Down_in_KO_treated"
"ENSMUSG00000045083",31.7041581788089,-2.69116884637433,0.646821232825354,-4.16060684127381,3.17403086340789e-05,0.000723465590198687,"Lingo2","242384","leucine rich repeat and Ig domain containing 2","Down_in_KO_treated"
"ENSMUSG00000025190",1661.68054841812,-0.887458412099418,0.213429512242808,-4.15808668057958,3.20924256130852e-05,0.000730581674124749,"Got1","14718","glutamic-oxaloacetic transaminase 1, soluble","Down_in_KO_treated"
"ENSMUSG00000029917",5.51517483227231,-6.0301406152144,1.4504308005074,-4.15748246183471,3.21773969678196e-05,0.00073160608285963,"Qrfprl","243407","pyroglutamylated RFamide peptide receptor like","Down_in_KO_treated"
"ENSMUSG00000061461",347.611528569484,0.739151829272719,0.177834408928778,4.15640501590864,3.23294489918797e-05,0.000734151246772177,"Smim20","66278","small integral membrane protein 20","Up_in_KO_treated"
"ENSMUSG00000108106",26.8180213504183,-5.63684882839267,1.35653175051156,-4.15533866145557,3.24806077079371e-05,0.000736669842476299,NA,NA,NA,"Down_in_KO_treated"
"ENSMUSG00000015396",284.9644814773,-1.51773404695471,0.366022205519217,-4.1465627605892,3.37503697741226e-05,0.000763576041997238,"Cd83","12522","CD83 antigen","Down_in_KO_treated"
"ENSMUSG00000026281",1725.86941476766,0.636175237836792,0.153470099987027,4.1452715407794,3.39411254032706e-05,0.00076694372624205,"Dtymk","21915","deoxythymidylate kinase","Up_in_KO_treated"
"ENSMUSG00000038074",745.591725272213,0.644288836527646,0.155596825775952,4.14075822764775,3.4615967182559e-05,0.000781228171815509,"Fkbp14","231997","FK506 binding protein 14","Up_in_KO_treated"
"ENSMUSG00000046687",511.129859245787,1.34650376648816,0.325597809257959,4.13548165313784,3.54210915105376e-05,0.000798414086105134,"Gm5424","432466","argininosuccinate synthase pseudogene","Up_in_KO_treated"
"ENSMUSG00000100510",479.03159779674,0.996612965971751,0.241030158626841,4.13480608256451,3.5525448170647e-05,0.000799781399590839,"Hand2os1","102636514","Hand2, opposite strand 1","Up_in_KO_treated"
"ENSMUSG00000054728",77.0324629554554,1.63740017971083,0.396036358793494,4.1344693318035,3.55775756681509e-05,0.00079997096738841,"Phactr1","218194","phosphatase and actin regulator 1","Up_in_KO_treated"
"ENSMUSG00000046718",2344.8312440684,1.23189108482434,0.298043326033622,4.13326176840938,3.57650988726633e-05,0.000803200741921911,"Bst2","69550","bone marrow stromal cell antigen 2","Up_in_KO_treated"
"ENSMUSG00000037541",40.8643915310506,-1.64589013852578,0.398496181122566,-4.13025322824751,3.62363872717949e-05,0.000809810251813995,"Shank2","210274","SH3 and multiple ankyrin repeat domains 2","Down_in_KO_treated"
"ENSMUSG00000044927",179.800790290932,-1.63079017874143,0.394821106950715,-4.13045338770351,3.62048500321776e-05,0.000809810251813995,"H1f10","243529","H1.10 linker histone","Down_in_KO_treated"
"ENSMUSG00000005131",42.2768374359595,1.37873157468544,0.333777112306865,4.13069537679346,3.61667568910061e-05,0.000809810251813995,"4930550C14Rik","75311","RIKEN cDNA 4930550C14 gene","Up_in_KO_treated"
"ENSMUSG00000005483",1770.44380076936,-1.24423124108056,0.301247594773574,-4.13026116280118,3.62351366025809e-05,0.000809810251813995,"Dnajb1","81489","DnaJ heat shock protein family (Hsp40) member B1","Down_in_KO_treated"
"ENSMUSG00000068551",221.206830831715,1.06590302133989,0.258235450024029,4.12764018743632,3.66504998719311e-05,0.000818065974580434,"Zfp467","68910","zinc finger protein 467","Up_in_KO_treated"
"ENSMUSG00000042215",1223.73122965933,0.891588990986957,0.216046233548287,4.12684348319215,3.67776521350328e-05,0.000818906772539544,"Bag2","213539","BCL2-associated athanogene 2","Up_in_KO_treated"
"ENSMUSG00000041396",103.86478893462,0.824861538566822,0.19996092807759,4.12511357342149,3.70551854685535e-05,0.000823207109252554,"Mettl18","69962","methyltransferase like 18","Up_in_KO_treated"
"ENSMUSG00000044224",1534.57265542173,-0.71420587424945,0.173137497986216,-4.12507909930816,3.70607363833309e-05,0.000823207109252554,"Dnajc21","78244","DnaJ heat shock protein family (Hsp40) member C21","Down_in_KO_treated"
"ENSMUSG00000038963",41.3841345820316,2.82693675441633,0.685882830088459,4.12160303539271,3.76245124217629e-05,0.000833706356967949,"Slco4a1","108115","solute carrier organic anion transporter family, member 4a1","Up_in_KO_treated"
"ENSMUSG00000056919",428.673798550297,0.585818761761401,0.142244654988832,4.11838857359804,3.81530972539615e-05,0.000844396782393298,"Cep162","382090","centrosomal protein 162","Up_in_KO_treated"
"ENSMUSG00000046402",1828.54252986385,0.996568409827186,0.242137299285558,4.1157162187223,3.85978968321974e-05,0.000853209306424769,"Rbp1","19659","retinol binding protein 1, cellular","Up_in_KO_treated"
"ENSMUSG00000022094",1840.46840571128,-0.768580552052348,0.187023524070403,-4.1095394596619,3.96448969684908e-05,0.000875296199293471,"Slc39a14","213053","solute carrier family 39 (zinc transporter), member 14","Down_in_KO_treated"
"ENSMUSG00000029314",203.245089956993,-0.926970138533409,0.225647703192516,-4.10804154183012,3.99028343974957e-05,0.000877832759223642,"Gpat3","231510","glycerol-3-phosphate acyltransferase 3","Down_in_KO_treated"
"ENSMUSG00000090626",166.389805327356,0.712091730624233,0.173319101765629,4.10855885687176,3.98135746265371e-05,0.000877832759223642,"Tex9","21778","testis expressed gene 9","Up_in_KO_treated"
"ENSMUSG00000058420",36.4275907976802,1.76843649607935,0.43066380616532,4.10630396788091,4.02040351639916e-05,0.000883378698207128,"Syt17","110058","synaptotagmin XVII","Up_in_KO_treated"
"ENSMUSG00000029999",19.6295978375167,-1.92900843255428,0.469924452464912,-4.10493308538422,4.0443192918392e-05,0.000887568057536365,"Tgfa","21802","transforming growth factor alpha","Down_in_KO_treated"
"ENSMUSG00000067586",475.55926855592,-0.790889764199911,0.192772557132991,-4.10270930656528,4.08340164704741e-05,0.000895071860430044,"S1pr3","13610","sphingosine-1-phosphate receptor 3","Down_in_KO_treated"
"ENSMUSG00000024042",527.921259778466,-1.11701146492454,0.272378326840046,-4.10095574740976,4.11447245184746e-05,0.000900803699595265,"Sik1","17691","salt inducible kinase 1","Down_in_KO_treated"
"ENSMUSG00000039252",475.675125815027,1.05969115067341,0.258462450649109,4.09998105338733,4.13183963685613e-05,0.000903525219514668,"Lgi2","246316","leucine-rich repeat LGI family, member 2","Up_in_KO_treated"
"ENSMUSG00000094845",38.9548475064063,-2.31863098201923,0.565782782467828,-4.09809392202753,4.16566260732438e-05,0.00090983439978351,"Tmem95","100503361","transmembrane protein 95","Down_in_KO_treated"
"ENSMUSG00000029575",231.958278022571,0.732935470704216,0.178960508034091,4.09551514328846,4.21230690699761e-05,0.000918925546111766,"Mmab","77697","methylmalonic aciduria (cobalamin deficiency) cblB type homolog (human)","Up_in_KO_treated"
"ENSMUSG00000087213",165.533491342998,1.19358058370577,0.291560520944515,4.09376612388791,4.24422427940452e-05,0.000923686527775755,"2810408I11Rik","69941","RIKEN cDNA 2810408I11 gene","Up_in_KO_treated"
"ENSMUSG00000075592",138.317502053616,1.05766278798342,0.258342641054903,4.09403102664202,4.23937544231837e-05,0.000923686527775755,"Nynrin","277154","NYN domain and retroviral integrase containing","Up_in_KO_treated"
"ENSMUSG00000035596",452.310747428747,-0.697997854587648,0.170545357204996,-4.09274028930996,4.26305106083195e-05,0.000926681990099849,"Mboat7","77582","membrane bound O-acyltransferase domain containing 7","Down_in_KO_treated"
"ENSMUSG00000078490",52.2466935015683,1.60081582083546,0.391204491932205,4.09201799531708,4.27635457072052e-05,0.000928471147187399,"Cfap74","544678","cilia and flagella associated protein 74","Up_in_KO_treated"
"ENSMUSG00000030946",322.368002012463,0.874590742122119,0.213966273425941,4.08751682271476,4.36015068181069e-05,0.000945543103426316,"Lhpp","76429","phospholysine phosphohistidine inorganic pyrophosphate phosphatase","Up_in_KO_treated"
"ENSMUSG00000111394",543.796436153107,0.803033573214102,0.196599609094992,4.08461429252435,4.4150091513477e-05,0.000956306656770615,NA,NA,NA,"Up_in_KO_treated"
"ENSMUSG00000037315",393.832213829798,-0.623473909309953,0.1527039269471,-4.08289375247002,4.4478361338501e-05,0.000962278306830477,"Jade3","382207","jade family PHD finger 3","Down_in_KO_treated"
"ENSMUSG00000032334",4408.21497864786,0.73731233276338,0.180648334543665,4.08147871734274,4.47500760441851e-05,0.000965873398392359,"Loxl1","16949","lysyl oxidase-like 1","Up_in_KO_treated"
"ENSMUSG00000086503",5549.72137987142,0.624860339630153,0.153087569737839,4.08171833088879,4.47039550566037e-05,0.000965873398392359,"Xist","213742","inactive X specific transcripts","Up_in_KO_treated"
"ENSMUSG00000057143",364.910457116797,0.781502012183589,0.191599197492104,4.07883760690488,4.52614381127642e-05,0.000974611884444615,"Trim12c","319236","tripartite motif-containing 12C","Up_in_KO_treated"
"ENSMUSG00000074971",113.283349758998,1.4471595747528,0.354906318536611,4.07758188335416,4.55065058891534e-05,0.000978737458624177,"Fibin","67606","fin bud initiation factor homolog (zebrafish)","Up_in_KO_treated"
"ENSMUSG00000026068",169.003644864094,-1.15233192734378,0.282694818361433,-4.07624000334699,4.57697786421567e-05,0.00098324443484436,"Il18rap","16174","interleukin 18 receptor accessory protein","Down_in_KO_treated"
"ENSMUSG00000068522",6.87696246598369,-5.67527269535816,1.39273316260467,-4.07491747000866,4.60306685258014e-05,0.00098571634722961,"Aard","239435","alanine and arginine rich domain containing protein","Down_in_KO_treated"
"ENSMUSG00000053411",245.49833036878,0.952370625106913,0.233708700277908,4.0750328249416,4.60078569878736e-05,0.00098571634722961,"Cbx7","52609","chromobox 7","Up_in_KO_treated"
"ENSMUSG00000021756",2356.46301680528,-0.612301584649227,0.150264035344329,-4.07483788949327,4.60464118932042e-05,0.00098571634722961,"Il6st","16195","interleukin 6 signal transducer","Down_in_KO_treated"
"ENSMUSG00000060935",2005.78316913096,0.640573792173516,0.157339070334035,4.07129513866812,4.67524685175843e-05,0.000999027348975578,"Tmem263","103266","transmembrane protein 263","Up_in_KO_treated"
"ENSMUSG00000038860",130.292858192357,-1.07621887745641,0.264384805980843,-4.07065327927503,4.68814821342601e-05,0.00100008364510881,"Garnl3","99326","GTPase activating RANGAP domain-like 3","Down_in_KO_treated"
"ENSMUSG00000006586",120.719720876246,1.33368605127423,0.328192674858221,4.06372888075697,4.82949194170951e-05,0.00102783943033848,"Runx1t1","12395","RUNX1 translocation partner 1","Up_in_KO_treated"
"ENSMUSG00000022995",2211.75613499104,0.677942813254837,0.166952347845378,4.06069649216739,4.89265405947089e-05,0.00104007255807777,"Enah","13800","ENAH actin regulator","Up_in_KO_treated"
"ENSMUSG00000006241",39.6464754109824,1.42489753877504,0.351522765921595,4.05350002023156,5.04569955594784e-05,0.0010688823955152,"Ccdc159","67119","coiled-coil domain containing 159","Up_in_KO_treated"
"ENSMUSG00000032186",378.866528941995,0.765614090741367,0.188928871616449,4.05239328531885,5.06963500957135e-05,0.00107271132462641,"Tmod2","50876","tropomodulin 2","Up_in_KO_treated"
"ENSMUSG00000046491",27.8604967080857,2.21729063856206,0.547462497009,4.05012334301616,5.1190643839795e-05,0.00108191957759788,"C1qtnf2","69183","C1q and tumor necrosis factor related protein 2","Up_in_KO_treated"
"ENSMUSG00000067928",225.014630063108,1.00643348441694,0.248573755909464,4.0488324309808,5.14737816295044e-05,0.00108517962594239,"Zfp760","240034","zinc finger protein 760","Up_in_KO_treated"
"ENSMUSG00000024085",5678.2302314862,-0.640752908628558,0.158255668926573,-4.04884648350797,5.14706914916574e-05,0.00108517962594239,"Man2a1","17158","mannosidase 2, alpha 1","Down_in_KO_treated"
"ENSMUSG00000026725",88.6809833987612,1.63396676948725,0.403897161149049,4.04550199075123,5.2211121981633e-05,0.00109715288820876,"Tnn","329278","tenascin N","Up_in_KO_treated"
"ENSMUSG00000028698",207.796875665306,1.01078803960308,0.249847241033331,4.04562417988933,5.21838940388613e-05,0.00109715288820876,"Pik3r3","18710","phosphoinositide-3-kinase regulatory subunit 3","Up_in_KO_treated"
"ENSMUSG00000051413",499.279796471809,-0.608671696218654,0.150825398442429,-4.03560476222438,5.44618313809025e-05,0.00114313635294112,"Plagl2","54711","pleiomorphic adenoma gene-like 2","Down_in_KO_treated"
"ENSMUSG00000042498",51.8378949477669,1.49304556131288,0.370312788344061,4.03184985317246,5.53395396268678e-05,0.00116022862977155,"Radx","102871","RPA1 related single stranded DNA binding protein, X-linked","Up_in_KO_treated"
"ENSMUSG00000018750",897.523530737496,-0.616274148004208,0.152985294082427,-4.02832279860942,5.61761783378818e-05,0.00117642173011241,"Zbtb4","75580","zinc finger and BTB domain containing 4","Down_in_KO_treated"
"ENSMUSG00000026167",82.2418162386059,2.12705642460493,0.52826822836089,4.02647047543397,5.6620345137648e-05,0.00118436820234785,"Wnt10a","22409","wingless-type MMTV integration site family, member 10A","Up_in_KO_treated"
"ENSMUSG00000027068",323.015017593539,-1.24803748639924,0.310042045713569,-4.02538140763088,5.68830423847374e-05,0.0011885049369496,"Dhrs9","241452","dehydrogenase/reductase 9","Down_in_KO_treated"
"ENSMUSG00000107768",86.4077780186575,-1.71975992535626,0.427324544805251,-4.02448196871075,5.71008687026272e-05,0.00119060489310967,"Gm36582","102640545","predicted gene, 36582","Down_in_KO_treated"
"ENSMUSG00000071847",725.155369936799,-1.04515787283974,0.25970337511979,-4.02442930269062,5.71136478255089e-05,0.00119060489310967,"Apcdd1","494504","adenomatosis polyposis coli down-regulated 1","Down_in_KO_treated"
"ENSMUSG00000029249",1640.93814316106,-0.599787467439432,0.14905557796373,-4.02391829700852,5.72377813027039e-05,0.00119183516630647,"Rest","19712","RE1-silencing transcription factor","Down_in_KO_treated"
"ENSMUSG00000021782",1041.03435861409,-0.700544106079927,0.174143489713874,-4.02279813750692,5.75107850207939e-05,0.00119615897526772,"Dlg5","71228","discs large MAGUK scaffold protein 5","Down_in_KO_treated"
"ENSMUSG00000015085",34.3310113639005,1.89321809429826,0.470981007855837,4.01973341327971,5.82640322614526e-05,0.00120634228787485,"Entpd2","12496","ectonucleoside triphosphate diphosphohydrolase 2","Up_in_KO_treated"
"ENSMUSG00000090330",71.4443773000226,1.2180775126996,0.303005113711432,4.01998995257763,5.82006235121136e-05,0.00120634228787485,"9130221H12Rik","77124","RIKEN cDNA 9130221H12 gene","Up_in_KO_treated"
"ENSMUSG00000048040",284.286863132717,0.944969974375895,0.235070467490661,4.01994340022078,5.8212124989793e-05,0.00120634228787485,"Arxes2","76976","adipocyte-related X-chromosome expressed sequence 2","Up_in_KO_treated"
"ENSMUSG00000038418",5487.70911429508,-1.32446046699357,0.329547861031153,-4.0190231028942,5.84399410284565e-05,0.00120861722106649,"Egr1","13653","early growth response 1","Down_in_KO_treated"
"ENSMUSG00000021025",1998.35765281175,-0.686485649579867,0.171142706504515,-4.01118846137774,6.04138592233162e-05,0.00124803032208167,"Nfkbia","18035","nuclear factor of kappa light polypeptide gene enhancer in B cells inhibitor, alpha","Down_in_KO_treated"
"ENSMUSG00000097649",250.845165432461,0.96902104301851,0.241651163252419,4.00999949669728,6.0718877278909e-05,0.00125150631850887,NA,NA,NA,"Up_in_KO_treated"
"ENSMUSG00000028255",4.224436314644,-5.9306293450652,1.47987170412299,-4.00752938821806,6.1357228686551e-05,0.00126182174904488,"Clca1","23844","chloride channel accessory 1","Down_in_KO_treated"
"ENSMUSG00000037411",1337.91972713964,-2.59777744898458,0.648188095731346,-4.00775248125087,6.1299314643284e-05,0.00126182174904488,"Serpine1","18787","serine (or cysteine) peptidase inhibitor, clade E, member 1","Down_in_KO_treated"
"ENSMUSG00000071862",91.7463472288696,-1.26807919654422,0.316490556473228,-4.00668889042031,6.15758840647821e-05,0.00126489720094019,"Lrrtm2","107065","leucine rich repeat transmembrane neuronal 2","Down_in_KO_treated"
"ENSMUSG00000028758",20.4323697342237,-2.04150054741173,0.509623074199187,-4.00590289327011,6.17810284591528e-05,0.00126768852453798,"Kif17","16559","kinesin family member 17","Down_in_KO_treated"
"ENSMUSG00000016018",1249.56746272809,-0.931828678408776,0.232869288585519,-4.00150953381975,6.29396586953816e-05,0.00128857334798833,"Mtrex","72198","Mtr4 exosome RNA helicase","Down_in_KO_treated"
"ENSMUSG00000037826",148.682970561221,0.947545989401768,0.236868774376111,4.00029928764359,6.32624241328358e-05,0.00129373424458469,"Ppm1k","243382","protein phosphatase 1K (PP2C domain containing)","Up_in_KO_treated"
"ENSMUSG00000037852",7900.70359596124,-0.775149212374718,0.193798456228597,-3.99976979930317,6.34041276647783e-05,0.00129518498733085,"Cpe","12876","carboxypeptidase E","Down_in_KO_treated"
"ENSMUSG00000039347",124.864440181314,1.42936172144384,0.357386866978766,3.99948026497786,6.34817408742167e-05,0.0012953247527545,"Atp6v0e2","76252","ATPase, H+ transporting, lysosomal V0 subunit E2","Up_in_KO_treated"
"ENSMUSG00000066677",73.1031668487703,1.74317124831352,0.436049719523352,3.99764331970901,6.39762556946248e-05,0.00130251102111092,"Ifi208","100033459","interferon activated gene 208","Up_in_KO_treated"
"ENSMUSG00000060459",19.7629079902924,-3.05794575059376,0.765280608184056,-3.99584899694505,6.44628150735664e-05,0.00131095878254609,"Kng2","385643","kininogen 2","Down_in_KO_treated"
"ENSMUSG00000048078",794.153529769672,1.37802167301422,0.34497762833953,3.99452474540742,6.48241512108454e-05,0.00131684399512997,"Tenm4","23966","teneurin transmembrane protein 4","Up_in_KO_treated"
"ENSMUSG00000030607",15.9283214890994,-4.07389417537513,1.02118287049356,-3.98938749668424,6.62441289321457e-05,0.00134135079399276,"Acan","11595","aggrecan","Down_in_KO_treated"
"ENSMUSG00000021215",2400.25560395266,-0.664595098167794,0.166591698893677,-3.98936503187925,6.62504025443618e-05,0.00134135079399276,"Net1","56349","neuroepithelial cell transforming gene 1","Down_in_KO_treated"
"ENSMUSG00000041650",271.226181245743,0.866425762864209,0.217344027289063,3.98642545493961,6.70761888316134e-05,0.00135367155253735,"Pcca","110821","propionyl-Coenzyme A carboxylase, alpha polypeptide","Up_in_KO_treated"
"ENSMUSG00000042644",1503.61357947096,-0.692380589322756,0.173726515900397,-3.98546293140261,6.73486912436006e-05,0.00135758050201721,"Itpr3","16440","inositol 1,4,5-triphosphate receptor 3","Down_in_KO_treated"
"ENSMUSG00000017132",808.647106764824,-0.699067631305428,0.17552428622434,-3.98274020275428,6.81252138132054e-05,0.00137021515211329,"Cyth1","19157","cytohesin 1","Down_in_KO_treated"
"ENSMUSG00000038168",69.8439979469649,-1.46671468391855,0.368597406747912,-3.97917797864936,6.91539584239113e-05,0.00138903889876737,"P3h2","210530","prolyl 3-hydroxylase 2","Down_in_KO_treated"
"ENSMUSG00000033880",1409.70340537243,1.01476591470544,0.255031961878619,3.97897544774568,6.92128872685266e-05,0.00138903889876737,"Lgals3bp","19039","lectin, galactoside-binding, soluble, 3 binding protein","Up_in_KO_treated"
"ENSMUSG00000031962",10.5114043639181,5.37453942081326,1.35217676670775,3.97473137620835,7.04587354794589e-05,0.0014124931385329,"Cdh15","12555","cadherin 15","Up_in_KO_treated"
"ENSMUSG00000045532",52.5346776390842,-1.2878999631669,0.324488026565425,-3.9690215284638,7.21683622441741e-05,0.00144098153627609,"C1ql1","23829","complement component 1, q subcomponent-like 1","Down_in_KO_treated"
"ENSMUSG00000031373",831.804049029598,-0.631123053830096,0.159015739953627,-3.96893448418469,7.21947259337363e-05,0.00144098153627609,"Car5b","56078","carbonic anhydrase 5b, mitochondrial","Down_in_KO_treated"
"ENSMUSG00000031555",4816.82606882864,-0.603011926012253,0.152097885945852,-3.96463055526576,7.35097064219126e-05,0.00146244364852203,"Adam9","11502","ADAM metallopeptidase domain 9","Down_in_KO_treated"
"ENSMUSG00000079491",69.1008754135125,1.34767371421479,0.340737427455966,3.95516783781831,7.64809407762187e-05,0.00151660959807923,"H2-T10","15024","histocompatibility 2, T region locus 10","Up_in_KO_treated"
"ENSMUSG00000097617",26.146222298413,1.86825761324947,0.472563911720583,3.95344961160328,7.70324920186367e-05,0.00152589361625228,NA,NA,NA,"Up_in_KO_treated"
"ENSMUSG00000061082",163.651760468849,1.77958123755311,0.450467287606458,3.95052268280977,7.79807066200505e-05,0.00154300634947761,"Plac1","56096","placental specific protein 1","Up_in_KO_treated"
"ENSMUSG00000035337",753.378422651484,0.741360196295336,0.187744051259426,3.94878128666202,7.85500779515848e-05,0.00154758027637014,"Uchl4","93841","ubiquitin carboxyl-terminal esterase L4","Up_in_KO_treated"
"ENSMUSG00000032192",575.615589187027,0.616428807796479,0.156272327674561,3.94458070068682,7.99397297950134e-05,0.00157157559015911,"Gnb5","14697","guanine nucleotide binding protein (G protein), beta 5","Up_in_KO_treated"
"ENSMUSG00000055172",446.11608029134,1.04357086569301,0.264951315238781,3.93872687422787,8.19151140413698e-05,0.00160523804314689,"C1ra","50909","complement component 1, r subcomponent A","Up_in_KO_treated"
"ENSMUSG00000062098",534.777302775946,-0.768797649276965,0.195359638776163,-3.93529417894671,8.30948502377726e-05,0.00162487718365593,"Btbd3","228662","BTB domain containing 3","Down_in_KO_treated"
"ENSMUSG00000025785",819.658891906121,0.741220301399812,0.188442559428785,3.9334017944069,8.3752065770625e-05,0.00163598085357497,"Exosc7","66446","exosome component 7","Up_in_KO_treated"
"ENSMUSG00000035840",878.520798365868,-0.918042793997359,0.233426061514806,-3.93290615469314,8.39250089780673e-05,0.00163761134256457,"Lysmd3","80289","LysM, putative peptidoglycan-binding, domain containing 3","Down_in_KO_treated"
"ENSMUSG00000028542",320.472230375993,-1.08237834809991,0.275429834982968,-3.92977887877269,8.50240138819654e-05,0.00165552609157618,"Slc6a9","14664","solute carrier family 6 (neurotransmitter transporter, glycine), member 9","Down_in_KO_treated"
"ENSMUSG00000003545",1614.97214096327,-3.10360590230043,0.790096732891005,-3.92813407915785,8.56074820448881e-05,0.00166334792342631,"Fosb","14282","Fos B proto-oncogene, AP-1 transcription factor subunit","Down_in_KO_treated"
"ENSMUSG00000025340",638.710712076425,-0.600204379576446,0.152828718929811,-3.9273009927676,8.59044484947406e-05,0.00166734795418795,"Rabgef1","56715","RAB guanine nucleotide exchange factor (GEF) 1","Down_in_KO_treated"
"ENSMUSG00000062488",166.580385890407,1.44481909133713,0.368127263817097,3.92478154526197,8.68084785693555e-05,0.0016805813413578,"Ifit3b","667370","interferon-induced protein with tetratricopeptide repeats 3B","Up_in_KO_treated"
"ENSMUSG00000035640",103.7391619604,-1.30827886446182,0.333321687282602,-3.92497372471482,8.67392051475122e-05,0.0016805813413578,"Cbarp","100503659","calcium channel, voltage-dependent, beta subunit associated regulatory protein","Down_in_KO_treated"
"ENSMUSG00000030782",1802.54852883943,0.724214522662537,0.184543650481096,3.9243535108065,8.696295670833e-05,0.00168076346001327,"Tgfb1i1","21804","transforming growth factor beta 1 induced transcript 1","Up_in_KO_treated"
"ENSMUSG00000037172",121.101852653235,-0.923062892427809,0.235495044380619,-3.91967013512143,8.86702476178688e-05,0.00171014914873536,"Dennd11","243780","DENN domain containing 11","Down_in_KO_treated"
"ENSMUSG00000075318",77.1433590978622,-1.00157527955839,0.255713334873651,-3.91678940033875,8.97360756875017e-05,0.00172706560810551,"Scn2a","110876","sodium channel, voltage-gated, type II, alpha","Down_in_KO_treated"
"ENSMUSG00000079450",26.4487739033178,-2.42657952574746,0.619613422298263,-3.91627979385408,8.99258776613171e-05,0.00172890056600324,"Cldn34c1","73061","claudin 34C1","Down_in_KO_treated"
"ENSMUSG00000027368",241.178029340627,-1.22406419387359,0.312710627434314,-3.91436710647357,9.06416425810026e-05,0.00174083314182591,"Dusp2","13537","dual specificity phosphatase 2","Down_in_KO_treated"
"ENSMUSG00000000440",102.341424054063,-1.11888951128929,0.28633959239912,-3.90756130479401,9.32323900801804e-05,0.00178871324490308,"Pparg","19016","peroxisome proliferator activated receptor gamma","Down_in_KO_treated"
"ENSMUSG00000039813",155.230964188974,1.00344923319096,0.256927703335385,3.90557040040594,9.40033853066073e-05,0.00180161671336841,"Tbc1d2","381605","TBC1 domain family, member 2","Up_in_KO_treated"
"ENSMUSG00000078920",587.552767987606,1.16327746413118,0.297893386218262,3.90501272585779,9.42204268023018e-05,0.00180240182281947,"Ifi47","15953","interferon gamma inducible protein 47","Up_in_KO_treated"
"ENSMUSG00000021676",1073.44480483423,-0.702098721838807,0.179796687827128,-3.90495915316229,9.42413016684825e-05,0.00180240182281947,"Iqgap2","544963","IQ motif containing GTPase activating protein 2","Down_in_KO_treated"
"ENSMUSG00000051098",128.54444155046,-0.747482724086656,0.191518891070553,-3.90291902750885,9.50395045999629e-05,0.00181577040990931,"Mblac2","72852","metallo-beta-lactamase domain containing 2","Down_in_KO_treated"
"ENSMUSG00000028378",793.319032914718,0.614908028637366,0.157644692103893,3.90059456129435,9.59567360079249e-05,0.00183138283540464,"Ptgr1","67103","prostaglandin reductase 1","Up_in_KO_treated"
"ENSMUSG00000049103",1856.20081639134,0.737647221103638,0.1891704774541,3.89937812195151,9.6440066838674e-05,0.00183677684011264,"Ccr2","12772","C-C motif chemokine receptor 2","Up_in_KO_treated"
"ENSMUSG00000015711",820.604623156119,-0.65683432653361,0.16851319813466,-3.89782126150577,9.70620121218851e-05,0.00184670063187824,"Prune1","229589","prune exopolyphosphatase","Down_in_KO_treated"
"ENSMUSG00000100843",26.317737591726,-1.40570364249021,0.360729273294195,-3.89683828443771,9.7456646854413e-05,0.0018522834967563,"Gm8307","666819","ubiquitin specific peptidase 10 pseudogene","Down_in_KO_treated"
"ENSMUSG00000025510",1673.03530541932,-0.609018887248707,0.156473953021744,-3.89214227344329,9.93629447776767e-05,0.00188460101374696,"Cd151","12476","CD151 antigen","Down_in_KO_treated"
"ENSMUSG00000039304",91.9214768396802,1.04360567949011,0.268166310981219,3.89163603612834,9.95705356207982e-05,0.00188658334727481,"Tnfsf10","22035","tumor necrosis factor (ligand) superfamily, member 10","Up_in_KO_treated"
"ENSMUSG00000025854",197.88366355354,-0.906035055403172,0.232831961360162,-3.89136890876269,9.96802404942363e-05,0.00188670883326371,"Fam20c","80752","FAM20C, golgi associated secretory pathway kinase","Down_in_KO_treated"
"ENSMUSG00000044337",595.648897310275,-0.716218773078053,0.184188245888995,-3.88851508749205,0.00010085940157883,0.00190705539989392,"Ackr3","12778","atypical chemokine receptor 3","Down_in_KO_treated"
"ENSMUSG00000026080",51.2578096920544,1.39397460801395,0.35861809801307,3.88707267072491,0.000101460386487014,0.00191446335450703,"Chst10","98388","carbohydrate sulfotransferase 10","Up_in_KO_treated"
"ENSMUSG00000043496",131.312134809039,1.05963397346476,0.272597454210512,3.88717486938252,0.000101417694259707,0.00191446335450703,"Tril","66873","TLR4 interactor with leucine-rich repeats","Up_in_KO_treated"
"ENSMUSG00000028268",947.087259097706,1.18712594644892,0.305532253992111,3.8854357631243,0.000102146500430979,0.00192542471409702,"Gbp3","55932","guanylate binding protein 3","Up_in_KO_treated"
"ENSMUSG00000079559",21.4785025848359,1.94905332141548,0.502004211168678,3.88254376766688,0.000103369403160942,0.00194510511418536,"Pou2af3","100502940","POU class 2 homeobox associating factor 3","Up_in_KO_treated"
"ENSMUSG00000021906",275.598876317474,-1.03120548877757,0.26560590324895,-3.88246449406295,0.000103403118401484,0.00194510511418536,"Oxnad1","218885","oxidoreductase NAD-binding domain containing 1","Down_in_KO_treated"
"ENSMUSG00000069874",305.260178099279,1.11637921752599,0.287856413387154,3.87825028593167,0.000105210446011875,0.00197707062972829,"Irgm2","54396","immunity-related GTPase family M member 2","Up_in_KO_treated"
"ENSMUSG00000067916",278.270814346944,0.767476744853351,0.197948797791142,3.8771477948713,0.000105688162393273,0.0019840107038811,"Zfp991","666532","zinc finger protein 991","Up_in_KO_treated"
"ENSMUSG00000051596",20.0573562810574,-2.94579148589705,0.760346293702384,-3.87427611641663,0.000106942106474323,0.00199934767599543,"Otop1","21906","otopetrin 1","Down_in_KO_treated"
"ENSMUSG00000031772",83.5473741037378,-1.39662737213763,0.360595640801527,-3.87311219024509,0.000107454332364706,0.00200687412782777,"Cntnap4","170571","contactin associated protein-like 4","Down_in_KO_treated"
"ENSMUSG00000027412",154.669495260878,0.969447066056801,0.250518155704911,3.869767695395,0.000108939106251748,0.0020325305420242,"Lpin3","64899","lipin 3","Up_in_KO_treated"
"ENSMUSG00000031765",2309.421906651,-1.21290096105038,0.313624432221784,-3.86736757866062,0.00011001653441703,0.0020505423924999,"Mt1","17748","metallothionein 1","Down_in_KO_treated"
"ENSMUSG00000071252",111.861173870533,-1.11821232314354,0.289173467898012,-3.86692572894662,0.000110215976170181,0.00205216990014529,"2210408I21Rik","72371","RIKEN cDNA 2210408I21 gene","Down_in_KO_treated"
"ENSMUSG00000094910",13.133475390646,2.63216999274567,0.681541357353164,3.86208403106742,0.000112423880974788,0.00208902973957517,"D430019H16Rik","268595","RIKEN cDNA D430019H16 gene","Up_in_KO_treated"
"ENSMUSG00000024486",1424.64465108474,-1.01645803028453,0.263383058597348,-3.85923846316349,0.000113740910245074,0.00211135890488396,"Hbegf","15200","heparin-binding EGF-like growth factor","Down_in_KO_treated"
"ENSMUSG00000030551",2268.46226134032,-0.657982925989279,0.170586400797281,-3.85718277022097,0.000114701396871292,0.00212703107085639,"Nr2f2","11819","nuclear receptor subfamily 2, group F, member 2","Down_in_KO_treated"
"ENSMUSG00000042348",365.205772024435,-0.766549792612167,0.198872245458067,-3.85448351954068,0.000115974194995545,0.00214845717712901,"Arl15","218639","ADP-ribosylation factor-like 15","Down_in_KO_treated"
"ENSMUSG00000022306",292.471892457729,0.781494060726203,0.202914323285878,3.85134991000702,0.000117468515409991,0.00216955220741581,"Zfpm2","22762","zinc finger protein, multitype 2","Up_in_KO_treated"
"ENSMUSG00000041889",219.143449837267,0.839627242172052,0.218058533696911,3.85046724811554,0.000117892695519475,0.00217519153840014,"Shisa4","77552","shisa family member 4","Up_in_KO_treated"
"ENSMUSG00000054469",1469.35012982698,-0.592697773368247,0.153948004304652,-3.84998672795616,0.00011812422548646,0.0021772685791326,"Lclat1","225010","lysocardiolipin acyltransferase 1","Down_in_KO_treated"
"ENSMUSG00000032766",2021.65134883688,0.754904349386534,0.196140993483107,3.84878416276377,0.000118705540510539,0.00218398004120527,"Gng11","66066","guanine nucleotide binding protein (G protein), gamma 11","Up_in_KO_treated"
"ENSMUSG00000021485",284.896431581287,0.727640018826188,0.189137046129682,3.84715757021647,0.000119496121573405,0.00219592119794984,"Mxd3","17121","Max dimerization protein 3","Up_in_KO_treated"
"ENSMUSG00000068876",22.7739271271973,2.58653273914771,0.672448135682251,3.84644198102129,0.000119845493209825,0.00220013245959823,"Cgn","70737","cingulin","Up_in_KO_treated"
"ENSMUSG00000103367",267.479164549424,-1.26750180243473,0.329658380538971,-3.84489482828389,0.000120604153528621,0.00220962744948383,NA,NA,NA,"Down_in_KO_treated"
"ENSMUSG00000043587",475.596930691968,0.684969845373941,0.178144085710758,3.84503275896616,0.000120536334561508,0.00220962744948383,"Pxylp1","235534","2-phosphoxylose phosphatase 1","Up_in_KO_treated"
"ENSMUSG00000020641",223.481933911929,1.54788339756426,0.403069728577678,3.8402372786126,0.000122915450713827,0.00224972149441518,"Rsad2","58185","radical S-adenosyl methionine domain containing 2","Up_in_KO_treated"
"ENSMUSG00000038393",2804.72927661517,0.673189575747266,0.175522008558097,3.83535706591714,0.00012538200656743,0.00228800285763077,"Txnip","56338","thioredoxin interacting protein","Up_in_KO_treated"
"ENSMUSG00000001123",1138.16395102396,0.605208254894208,0.157905531756103,3.83272357949434,0.000126732329659743,0.00230804162165402,"Lgals9","16859","lectin, galactose binding, soluble 9","Up_in_KO_treated"
"ENSMUSG00000028583",3534.71140948315,-0.585918053461983,0.152866994446322,-3.83286173437343,0.000126661151250618,0.00230804162165402,"Pdpn","14726","podoplanin","Down_in_KO_treated"
"ENSMUSG00000031996",6580.88679150266,0.661765782741913,0.172691322098633,3.83207317368238,0.000127067930340584,0.00230955742703446,"Aplp2","11804","amyloid beta precursor-like protein 2","Up_in_KO_treated"
"ENSMUSG00000019066",365.369043634643,0.603537900361569,0.157492163125387,3.8321773501902,0.000127014120381017,0.00230955742703446,"Rab3d","19340","RAB3D, member RAS oncogene family","Up_in_KO_treated"
"ENSMUSG00000031530",598.167205902605,-2.23282681101496,0.584090204164176,-3.82274312271699,0.000131975247272382,0.00238926107895788,"Dusp4","319520","dual specificity phosphatase 4","Down_in_KO_treated"
"ENSMUSG00000006262",1186.35375962703,-0.846337958584133,0.221386153275659,-3.82290376367991,0.000131889264562101,0.00238926107895788,"Mob1b","68473","MOB kinase activator 1B","Down_in_KO_treated"
"ENSMUSG00000028389",92.4126784917336,-1.17675362408696,0.308215764498535,-3.81795404268673,0.00013456298389831,0.00242650866432587,"Zfp37","22696","zinc finger protein 37","Down_in_KO_treated"
"ENSMUSG00000004655",3432.04752270502,1.02431821731466,0.268307538780591,3.81770196234516,0.000134700509003872,0.00242659785068688,"Aqp1","11826","aquaporin 1","Up_in_KO_treated"
"ENSMUSG00000089726",173.09950177108,1.22401529125242,0.32075541481255,3.81603937058315,0.000135610875820097,0.00244059573267967,"Mir17hg","75957","Mir17 host gene (non-protein coding)","Up_in_KO_treated"
"ENSMUSG00000098050",38.8772866065774,2.07632030991439,0.544388473905653,3.81404164386154,0.000136712415642308,0.00245800328438229,"Gm5345","384808","glyceraldehyde-3-phosphate dehydrogenase pseudogene","Up_in_KO_treated"
"ENSMUSG00000033004",865.813660985781,0.737387025528634,0.193483452527066,3.81111157516419,0.000138343303289775,0.00248244850991447,"Mycbp2","105689","MYC binding protein 2, E3 ubiquitin protein ligase","Up_in_KO_treated"
"ENSMUSG00000060429",32.2468280163879,-1.70896241870143,0.448838942382619,-3.80751814811246,0.000140368440984597,0.00251140134441942,"Sntb1","20649","syntrophin, basic 1","Down_in_KO_treated"
"ENSMUSG00000031494",106.425394077164,1.1747432094854,0.308794227336672,3.80429135485296,0.00014221071950739,0.00254187773353882,"Cd209a","170786","CD209a antigen","Up_in_KO_treated"
"ENSMUSG00000030882",32.4658829367575,2.14051204488423,0.56279215339276,3.80337933281457,0.000142735535067256,0.00254876926666925,"Dnhd1","77505","dynein heavy chain domain 1","Up_in_KO_treated"
"ENSMUSG00000053522",75.8657262469071,1.7869217830023,0.4703382657657,3.79922688215308,0.000145148170312184,0.0025842869272606,"Lgals7","16858","lectin, galactose binding, soluble 7","Up_in_KO_treated"
"ENSMUSG00000044068",294.942458903944,-1.03722772893397,0.273282921362033,-3.79543560118746,0.000147384450000451,0.0026215525640022,NA,NA,NA,"Down_in_KO_treated"
"ENSMUSG00000026235",30.8079107139956,-2.29046555598262,0.603694599981473,-3.79407991400439,0.000148191943886832,0.00263335645530164,"Epha4","13838","Eph receptor A4","Down_in_KO_treated"
"ENSMUSG00000055240",266.784976222671,0.790470343962271,0.208398923778233,3.79306346516187,0.000148800106149362,0.00264159878065157,"Zfp101","22643","zinc finger protein 101","Up_in_KO_treated"
"ENSMUSG00000047766",416.847650256169,0.665567733406761,0.175551392006433,3.79129852403774,0.000149861692819465,0.00265786682526615,"Lrrc49","102747","leucine rich repeat containing 49","Up_in_KO_treated"
"ENSMUSG00000023032",106.125862231135,-1.0375796296108,0.273977956136554,-3.78709164869327,0.000152420891640576,0.00269647751645547,"Slc4a8","59033","solute carrier family 4 (anion exchanger), member 8","Down_in_KO_treated"
"ENSMUSG00000027408",1790.71196561917,0.797327529355307,0.210594427158077,3.78608085748069,0.000153041894353198,0.00270378937485192,"Cpxm1","56264","carboxypeptidase X, M14 family member 1","Up_in_KO_treated"
"ENSMUSG00000090877",1569.93582651091,-0.887931220488621,0.234610674301772,-3.78470085869368,0.000153893574386845,0.00271621416779404,"Hspa1b","15511","heat shock protein 1B","Down_in_KO_treated"
"ENSMUSG00000035021",1103.48303045373,-0.688781738126977,0.182007909773797,-3.78435057565909,0.000154110463894038,0.00271742179253621,"Baz1a","217578","bromodomain adjacent to zinc finger domain 1A","Down_in_KO_treated"
"ENSMUSG00000036959",582.939570836953,-0.803747048410739,0.212402110887821,-3.78408220639216,0.000154276828368878,0.00271773704488506,"Bcorl1","320376","BCL6 co-repressor-like 1","Down_in_KO_treated"
"ENSMUSG00000026578",287.495006738034,0.645380855973153,0.170577280784216,3.78351004897056,0.000154632078347277,0.00272137589422135,"Ccdc181","74895","coiled-coil domain containing 181","Up_in_KO_treated"
"ENSMUSG00000029196",415.424108288373,-0.935221432329742,0.247256879042365,-3.78238791960769,0.000155331040427347,0.00273105094422837,"Tada2b","231151","transcriptional adaptor 2B","Down_in_KO_treated"
"ENSMUSG00000026628",377.90019139005,-1.91564463547915,0.506898598399719,-3.7791476274088,0.00015736611156272,0.00275097606488296,"Atf3","11910","activating transcription factor 3","Down_in_KO_treated"
"ENSMUSG00000055148",2607.69366390666,-0.885891615068118,0.234392244691165,-3.77952613677713,0.0001571271001757,0.00275097606488296,"Klf2","16598","Kruppel-like transcription factor 2 (lung)","Down_in_KO_treated"
"ENSMUSG00000003992",280.330369228906,-0.622462217249392,0.164759260576049,-3.77801050498208,0.000158086212163192,0.00276092742483102,"Ssbp2","66970","single-stranded DNA binding protein 2","Down_in_KO_treated"
"ENSMUSG00000038068",92.9415690365632,1.1671813927826,0.309173648371334,3.7751645359528,0.000159902083394413,0.0027899788678436,"Rnf144b","218215","ring finger protein 144B","Up_in_KO_treated"
"ENSMUSG00000111291",90.7107009359984,0.98665802291905,0.261464309614002,3.7735858648381,0.000160917800277184,0.00280436706872771,NA,NA,NA,"Up_in_KO_treated"
"ENSMUSG00000020827",1368.95981101468,-0.58705376345012,0.155576574847528,-3.77340717280515,0.000161033152446747,0.00280436706872771,"Mink1","50932","misshapen-like kinase 1 (zebrafish)","Down_in_KO_treated"
"ENSMUSG00000042195",64.6862510711944,-1.2010021815063,0.318615400090361,-3.76944171928189,0.000163613106640847,0.00284658810917056,"Slc35f2","72022","solute carrier family 35, member F2","Down_in_KO_treated"
"ENSMUSG00000030309",202.237036177118,-0.690870944111559,0.183361770869295,-3.7678025295907,0.000164690894945184,0.00286261866114121,"Caprin2","232560","caprin family member 2","Down_in_KO_treated"
"ENSMUSG00000056900",20.4087099975093,-1.86778342363152,0.495858329017364,-3.76676827700542,0.000165374362485322,0.00287177130604255,"Usp13","72607","ubiquitin specific peptidase 13 (isopeptidase T-3)","Down_in_KO_treated"
"ENSMUSG00000022965",1729.22480953474,-0.67450230263076,0.17916882529601,-3.76461865794116,0.000166803446179495,0.00289384215679934,"Ifngr2","15980","interferon gamma receptor 2","Down_in_KO_treated"
"ENSMUSG00000115354",38.0420265604057,-1.82856425802025,0.48586655503976,-3.7635112749644,0.00016754416929735,0.00290119293344314,NA,NA,NA,"Down_in_KO_treated"
"ENSMUSG00000115164",5.75255266690616,-5.95884684208642,1.58371529553629,-3.76257453525988,0.000168173164671026,0.002909332167272,NA,NA,NA,"Down_in_KO_treated"
"ENSMUSG00000029869",214.066992940621,-0.866645257715718,0.230459596056987,-3.76050844722222,0.000169568348316815,0.0029306982806824,"Ephb6","13848","Eph receptor B6","Down_in_KO_treated"
"ENSMUSG00000017418",561.692904299805,-1.13950588059781,0.303105577828424,-3.75943553649429,0.000170297149090309,0.00293774620150794,"Arl5b","75869","ADP-ribosylation factor-like 5B","Down_in_KO_treated"
"ENSMUSG00000053835",86.5309441402451,1.29592738041366,0.344989418127365,3.7564264650437,0.00017235688487893,0.00296489479693521,"H2-T24","15042","histocompatibility 2, T region locus 24","Up_in_KO_treated"
"ENSMUSG00000045932",840.2572008216,0.899495824891493,0.239540269146518,3.75509231953524,0.000173277596515699,0.00297793413054164,"Ifit2","15958","interferon-induced protein with tetratricopeptide repeats 2","Up_in_KO_treated"
"ENSMUSG00000047894",9.05280474867522,-4.18684588320908,1.11539124248671,-3.75370159252347,0.00017424227864695,0.00299170396442319,"Ang2","11731","angiogenin, ribonuclease A family, member 2","Down_in_KO_treated"
"ENSMUSG00000027932",394.000788730211,0.905746604295491,0.241332875518859,3.75310078391996,0.000174660591792356,0.00299607573718415,"Slc27a3","26568","solute carrier family 27 (fatty acid transporter), member 3","Up_in_KO_treated"
"ENSMUSG00000032221",553.0772753613,0.593653764659593,0.158220693971594,3.75206143872794,0.000175386467056365,0.00300571021210922,"Mns1","17427","meiosis-specific nuclear structural protein 1","Up_in_KO_treated"
"ENSMUSG00000035437",1345.70249735671,-0.60087926712509,0.160164325329103,-3.75164235787472,0.000175679953531548,0.00300792347005418,"Rabgap1","227800","RAB GTPase activating protein 1","Down_in_KO_treated"
"ENSMUSG00000085068",15.8778301645211,2.22118604207416,0.592913529962158,3.74622256000116,0.000179517338493812,0.00306788594439986,NA,NA,NA,"Up_in_KO_treated"
"ENSMUSG00000054580",163.524767735847,-0.922585599079194,0.246336293535037,-3.74522806136146,0.000180229976896207,0.00307719148053291,"Pla2r1","18779","phospholipase A2 receptor 1","Down_in_KO_treated"
"ENSMUSG00000004319",654.072967377585,-0.764919107348503,0.204294220353909,-3.74420336524153,0.000180967035929637,0.00308689623356957,"Clcn3","12725","chloride channel, voltage-sensitive 3","Down_in_KO_treated"
"ENSMUSG00000015850",463.944995835921,-0.858745758619796,0.229412749817253,-3.74323466897049,0.000181666419625452,0.00309594085512538,"Adamtsl4","229595","ADAMTS-like 4","Down_in_KO_treated"
"ENSMUSG00000048249",425.60567125708,-0.67549055316665,0.180572762451795,-3.74082194897459,0.000183419428884365,0.00312000539671983,"Crebrf","77128","CREB3 regulatory factor","Down_in_KO_treated"
"ENSMUSG00000001504",16.5839830922797,-3.02600594570891,0.809224171270663,-3.73939144817857,0.00018446628402465,0.00313489916109859,"Irx2","16372","Iroquois homeobox 2","Down_in_KO_treated"
"ENSMUSG00000058163",70.1739066186241,1.2796448953719,0.342321119724116,3.7381418254392,0.000185385364571547,0.00314759585134788,"Gm5431","432555","predicted gene 5431","Up_in_KO_treated"
"ENSMUSG00000040653",18.9099404240097,2.41912634835805,0.647510793120329,3.73604019278254,0.000186940801058966,0.00317106346782415,"Ppp1r14c","76142","protein phosphatase 1, regulatory inhibitor subunit 14C","Up_in_KO_treated"
"ENSMUSG00000022864",868.694277284834,0.615063866566605,0.164655913135742,3.73544961036138,0.000187380099206582,0.00317557218127599,"D16Ertd472e","67102","DNA segment, Chr 16, ERATO Doi 472, expressed","Up_in_KO_treated"
"ENSMUSG00000035929",1475.83244468354,1.28862206544005,0.345206287324621,3.73290439008796,0.000189284458614901,0.00320487830344916,"H2-Q4","15015","histocompatibility 2, Q region locus 4","Up_in_KO_treated"
"ENSMUSG00000022584",104.26650676522,1.60001508067398,0.428664649767059,3.73255663032501,0.000189546064042126,0.00320634159904162,"Ly6c2","100041546","lymphocyte antigen 6 family memberC2","Up_in_KO_treated"
"ENSMUSG00000050558",22.2125010095567,-2.23532681043966,0.599848352114,-3.72648654040952,0.000194167435601985,0.00327241857626439,"Prokr2","246313","prokineticin receptor 2","Down_in_KO_treated"
"ENSMUSG00000075028",39.0158510889205,1.46992346464687,0.394708931334446,3.72406942928122,0.000196036975033964,0.00330088753822138,"Prdm11","100042784","PR domain containing 11","Up_in_KO_treated"
"ENSMUSG00000041828",60.9772864225859,-1.42117242978365,0.381811617670946,-3.72218225954677,0.000197508370165729,0.00332260634112439,"Abca8a","217258","ATP-binding cassette, sub-family A member 8a","Down_in_KO_treated"
"ENSMUSG00000021023",261.200376430568,-0.638573609638898,0.171606355222694,-3.72115361817585,0.000198314748090953,0.00333310820414023,"Prorp","66132","protein only RNase P catalytic subunit","Down_in_KO_treated"
"ENSMUSG00000047123",298.157726586151,-0.695075770638171,0.186824517236403,-3.72047406261266,0.000198849164515866,0.00333902409003109,"Ticam1","106759","TIR domain containing adaptor molecule 1","Down_in_KO_treated"
"ENSMUSG00000112693",236.335422160803,0.617508710335915,0.1661521305733,3.7165259825753,0.00020198087846572,0.00338850230848586,NA,NA,NA,"Up_in_KO_treated"
"ENSMUSG00000022996",561.927296470295,0.902777358236199,0.243039873774457,3.71452364674112,0.000203586832762792,0.00341231666671921,"Wnt10b","22410","wingless-type MMTV integration site family, member 10B","Up_in_KO_treated"
"ENSMUSG00000029135",3007.15817101438,-1.01472963473582,0.273250449862728,-3.71355156138108,0.000204370802475201,0.00342232277923477,"Fosl2","14284","fos-like antigen 2","Down_in_KO_treated"
"ENSMUSG00000046731",904.995787237104,-1.76995955089461,0.476714561804465,-3.71282879254818,0.000204955539956942,0.00342897737461784,"Kctd11","216858","potassium channel tetramerisation domain containing 11","Down_in_KO_treated"
"ENSMUSG00000089810",221.962286958704,0.832504627522271,0.224438399234655,3.70927893961616,0.000207850341071138,0.00346474024829238,NA,NA,NA,"Up_in_KO_treated"
"ENSMUSG00000014353",751.208758701754,-0.649878489343518,0.17546657170387,-3.7037167993474,0.000212463441120129,0.00353841525279502,"Tmem87b","72477","transmembrane protein 87B","Down_in_KO_treated"
"ENSMUSG00000018476",1174.97530251673,-0.878493472104086,0.237240003804718,-3.70297360485296,0.000213087059839866,0.00354557496022643,"Kdm6b","216850","KDM1 lysine (K)-specific demethylase 6B","Down_in_KO_treated"
"ENSMUSG00000039349",477.062578247146,0.901495188983364,0.243577155856587,3.70106624249338,0.000214695414037488,0.00356909188295018,"C130074G19Rik","226777","RIKEN cDNA C130074G19 gene","Up_in_KO_treated"
"ENSMUSG00000050050",11.559845864249,2.79892079360792,0.756511548604327,3.69977272491292,0.000215792632105702,0.00358407671999153,"Ccdc158","320696","coiled-coil domain containing 158","Up_in_KO_treated"
"ENSMUSG00000042425",44.4520137869609,-1.61296037896866,0.43620811839739,-3.69768537296969,0.000217574325379424,0.00360712217157573,"Frmpd3","245643","FERM and PDZ domain containing 3","Down_in_KO_treated"
"ENSMUSG00000108176",26.0309893668853,1.98567582678122,0.537111988177232,3.69694937087497,0.000218205838869027,0.00361431807133014,NA,NA,NA,"Up_in_KO_treated"
"ENSMUSG00000024331",49.5667013822998,-1.35232845861908,0.365903884976528,-3.69585706559478,0.000219146245020365,0.00362661276908476,"Dsc2","13506","desmocollin 2","Down_in_KO_treated"
"ENSMUSG00000115383",7.96191985970468,-3.79140356968635,1.02594258325587,-3.6955319250461,0.000219426904642803,0.00362797708733262,NA,NA,NA,"Down_in_KO_treated"
"ENSMUSG00000023341",47.8736852611348,1.55845645409147,0.421957470704407,3.69339699446444,0.00022127816492,0.00365198760372476,"Mx2","17858","MX dynamin-like GTPase 2","Up_in_KO_treated"
"ENSMUSG00000026021",2696.61495798974,0.63947382508278,0.173228268505002,3.69150965140724,0.000222926935786051,0.00367588441954243,"Sumo1","22218","small ubiquitin-like modifier 1","Up_in_KO_treated"
"ENSMUSG00000044231",44.6717340143553,-1.20994089044268,0.327848277067548,-3.69055131619126,0.00022376853930422,0.00368644066146277,"Nhlrc1","105193","NHL repeat containing 1","Down_in_KO_treated"
"ENSMUSG00000029096",414.864773792323,-0.842493738895266,0.228353801477799,-3.6894228755687,0.000224763351717925,0.00369617576504329,"Htra3","78558","HtrA serine peptidase 3","Down_in_KO_treated"
"ENSMUSG00000032420",350.402468763266,-1.15551930447566,0.313339895731016,-3.68775033188755,0.000226245474628422,0.00371387526647894,"Nt5e","23959","5' nucleotidase, ecto","Down_in_KO_treated"
"ENSMUSG00000000159",77.886252609151,-1.62656238341989,0.441376346198166,-3.6852051484644,0.000228518498346595,0.0037380897977552,"Igsf5","72058","immunoglobulin superfamily, member 5","Down_in_KO_treated"
"ENSMUSG00000054065",49.4454608261481,1.54710408973562,0.41974175064024,3.68584751785067,0.000227942804805305,0.0037380897977552,"Pkp3","56460","plakophilin 3","Up_in_KO_treated"
"ENSMUSG00000022469",186.645254720099,0.983986778432123,0.266982246751497,3.68558880002236,0.000228174504656609,0.0037380897977552,"Rapgef3","223864","Rap guanine nucleotide exchange factor (GEF) 3","Up_in_KO_treated"
"ENSMUSG00000064138",732.331648630294,-0.687871185985856,0.186658576146176,-3.68518393415351,0.00022853753393914,0.0037380897977552,"Arb2a","68675","ARB2 cotranscriptional regulator A","Down_in_KO_treated"
"ENSMUSG00000019817",587.431981051042,1.35243451338086,0.367082222442988,3.68428224167381,0.000229347999556024,0.00374799681774456,"Plagl1","22634","pleiomorphic adenoma gene-like 1","Up_in_KO_treated"
"ENSMUSG00000063383",82.4259362760202,0.889966300069735,0.241665684147082,3.68263414481341,0.00023083632916354,0.00376895390961666,"Zfp947","210853","zinc finger protein 947","Up_in_KO_treated"
"ENSMUSG00000056501",1744.09189213413,-1.114995935567,0.302796905227837,-3.68232275930309,0.000231118544936216,0.00377019850977502,"Cebpb","12608","CCAAT/enhancer binding protein beta","Down_in_KO_treated"
"ENSMUSG00000039883",1085.81928489304,0.620504153235655,0.168542008063081,3.68159938502343,0.000231775405849093,0.0037775469752947,"Lrrc17","74511","leucine rich repeat containing 17","Up_in_KO_treated"
"ENSMUSG00000026575",467.660841617816,0.614043534232349,0.166808582540663,3.68112674347954,0.00023220553447915,0.00378119030033085,"Nme7","171567","NME/NM23 family member 7","Up_in_KO_treated"
"ENSMUSG00000024990",112.4839832452,1.11110378807326,0.301909754270768,3.68025137431223,0.000233004145548674,0.0037908221119799,"Rbp4","19662","retinol binding protein 4, plasma","Up_in_KO_treated"
"ENSMUSG00000113959",25.6925714317646,-2.51564429163857,0.684464989813602,-3.67534399724907,0.000237529148288985,0.00384734159392328,NA,NA,NA,"Down_in_KO_treated"
"ENSMUSG00000037990",26.2460325435876,2.18836531812517,0.595552951286276,3.67451007236004,0.000238306243803652,0.00385076544795887,"Sh3rf3","237353","SH3 domain containing ring finger 3","Up_in_KO_treated"
"ENSMUSG00000074796",48.4091494052906,-1.65594348568978,0.45062409623485,-3.67477793470404,0.000238056375774736,0.00385076544795887,"Slc4a11","269356","solute carrier family 4, sodium bicarbonate transporter-like, member 11","Down_in_KO_treated"
"ENSMUSG00000029664",310.567902203052,-0.782904527168989,0.213112591829202,-3.67366620831323,0.000239095028865555,0.00385696127539439,"Tfpi2","21789","tissue factor pathway inhibitor 2","Down_in_KO_treated"
"ENSMUSG00000028073",901.051696602627,0.639730727183204,0.174165043477243,3.67312931694468,0.000239598151675869,0.00385696127539439,"Pear1","73182","platelet endothelial aggregation receptor 1","Up_in_KO_treated"
"ENSMUSG00000071379",719.267659961614,-0.600875478681653,0.163682692085879,-3.6709774932489,0.000241624618798284,0.00388275276370938,"Hpcal1","53602","hippocalcin-like 1","Down_in_KO_treated"
"ENSMUSG00000010461",66.7612922295409,-1.12454144761469,0.306386306364869,-3.67033847222759,0.000242229502660599,0.00388756068878488,"Eya4","14051","EYA transcriptional coactivator and phosphatase 4","Down_in_KO_treated"
"ENSMUSG00000031398",484.016072988329,-0.639391611425016,0.174270377247209,-3.66896325999234,0.000243536071169062,0.00390318801279102,"Plxna3","18846","plexin A3","Down_in_KO_treated"
"ENSMUSG00000060733",722.963665055062,-0.942282324089052,0.256950063293247,-3.66718074326241,0.000245239453242329,0.00392704961740538,"Ipmk","69718","inositol polyphosphate multikinase","Down_in_KO_treated"
"ENSMUSG00000017778",350.97415181849,-0.858537535562259,0.234234151386241,-3.66529615976695,0.000247052521200612,0.00395262438420874,"Cox7c","12867","cytochrome c oxidase subunit 7C","Down_in_KO_treated"
"ENSMUSG00000016239",33.9559938685337,-1.68610166405343,0.460556030088556,-3.66101311002099,0.000251219902248118,0.0040157885334911,"Lonrf3","74365","LON peptidase N-terminal domain and ring finger 3","Down_in_KO_treated"
"ENSMUSG00000087143",323.888251693098,-0.732638232492544,0.200133387196362,-3.66074967678287,0.000251478361395441,0.0040161991799879,"A830082K12Rik","320174","RIKEN cDNA A830082K12 gene","Down_in_KO_treated"
"ENSMUSG00000055301",152.891298299359,-1.57237316970618,0.429620273206551,-3.6599138070708,0.000252300100382734,0.00402251632169441,"Adh7","11529","alcohol dehydrogenase 7 (class IV), mu or sigma polypeptide","Down_in_KO_treated"
"ENSMUSG00000066861",74.2810848482505,1.09374689817095,0.298975882687192,3.65831146091237,0.00025388240360601,0.00404422074255944,"Oas1g","23960","2'-5' oligoadenylate synthetase 1G","Up_in_KO_treated"
"ENSMUSG00000024912",678.798244726521,-0.728105151513653,0.199141914941575,-3.65621246399718,0.000255969227492031,0.00406684441908564,"Fosl1","14283","fos-like antigen 1","Down_in_KO_treated"
"ENSMUSG00000019139",545.070613942315,-0.70955028096347,0.19406092674501,-3.65632738575858,0.000255854557242684,0.00406684441908564,"Isyna1","71780","myo-inositol 1-phosphate synthase A1","Down_in_KO_treated"
"ENSMUSG00000104918",4.35044650084383,-5.92059902954455,1.62003674419158,-3.65460786662528,0.000257575355600005,0.00408881329882645,NA,NA,NA,"Down_in_KO_treated"
"ENSMUSG00000001166",32.5299781350795,1.83788968525661,0.50364043646804,3.6492099366474,0.000263048072221499,0.0041612522609076,"Oas1c","114643","2'-5' oligoadenylate synthetase 1C","Up_in_KO_treated"
"ENSMUSG00000044528",198.600507956651,0.674710503284624,0.185045455808178,3.64618790738663,0.000266159380924614,0.00420320547805281,"Tram1l1","229801","translocation associated membrane protein 1-like 1","Up_in_KO_treated"
"ENSMUSG00000028370",32.7584241356906,-1.75920293631406,0.482891859062857,-3.64305776396423,0.000269418346898256,0.00425005583466491,"Pappa","18491","pregnancy-associated plasma protein A","Down_in_KO_treated"
"ENSMUSG00000021892",600.693302557623,-0.591219477887304,0.162293927220194,-3.64289340959234,0.000269590494675515,0.00425005583466491,"Sh3bp5","24056","SH3-domain binding protein 5 (BTK-associated)","Down_in_KO_treated"
"ENSMUSG00000026158",1032.26972676626,0.719615280356107,0.197577251975798,3.64219703007235,0.000270321039896943,0.00425790532980529,"Ogfrl1","70155","opioid growth factor receptor-like 1","Up_in_KO_treated"
"ENSMUSG00000039530",707.765395058557,-0.877399483860784,0.240922158971551,-3.6418380426534,0.000270698364362164,0.00426018242727489,NA,NA,NA,"Down_in_KO_treated"
"ENSMUSG00000054675",2035.81245364543,0.667300888613726,0.18325755052521,3.64132821104104,0.000271235086605852,0.00426496201902656,"Tmem119","231633","transmembrane protein 119","Up_in_KO_treated"
"ENSMUSG00000009470",3658.66831800281,-0.623709826423872,0.171359811461671,-3.6397672307394,0.000272884608259109,0.00428721629610857,"Tnpo1","238799","transportin 1","Down_in_KO_treated"
"ENSMUSG00000081984",11.6527080851878,2.97793943085577,0.818415145229982,3.63866608311476,0.000274053865298428,0.00430189356480027,"Dnajb3","15504","DnaJ heat shock protein family (Hsp40) member B3","Up_in_KO_treated"
"ENSMUSG00000049511",75.8548285912596,1.15908259411575,0.319036952681924,3.63306690454551,0.000280072360194894,0.00438883939096503,"Htr1b","15551","5-hydroxytryptamine (serotonin) receptor 1B","Up_in_KO_treated"
"ENSMUSG00000042812",692.664387756265,-0.744181892679762,0.205015682331253,-3.62987789137688,0.000283555327901274,0.0044358232192966,"Foxf1","15227","forkhead box F1","Down_in_KO_treated"
"ENSMUSG00000030116",177.001712272448,1.38737519436103,0.382234837688212,3.62964088452008,0.00028381579496542,0.00443610631533055,"Mfap5","50530","microfibrillar associated protein 5","Up_in_KO_treated"
"ENSMUSG00000058427",214.847058080189,-2.2903265209775,0.632157105894538,-3.62303373579351,0.00029116782953093,0.00454713718763192,"Cxcl2","20310","C-X-C motif chemokine ligand 2","Down_in_KO_treated"
"ENSMUSG00000022244",429.989508732771,0.603507792503486,0.1666207794977,3.62204398708755,0.00029228440492747,0.00456068325949487,"Amacr","17117","alpha-methylacyl-CoA racemase","Up_in_KO_treated"
"ENSMUSG00000025272",128.545402467772,1.19754192106427,0.33072630581267,3.62094547671869,0.000293528374507674,0.00457619236679213,"Tro","56191","trophinin","Up_in_KO_treated"
"ENSMUSG00000003038",4576.61530449901,0.625792445021946,0.172924839100573,3.61886960992333,0.00029589266881584,0.00460912639773303,"Hmgn2","15331","high mobility group nucleosomal binding domain 2","Up_in_KO_treated"
"ENSMUSG00000026888",231.2521502848,-1.15680423798987,0.319701657979104,-3.61838673375124,0.000296445188670697,0.00461380636755082,"Grb14","50915","growth factor receptor bound protein 14","Down_in_KO_treated"
"ENSMUSG00000024033",10.2907601463607,4.22523969994792,1.16808809834564,3.61722690774106,0.000297776243204226,0.00463058502919876,"Rsph1","22092","radial spoke head 1 homolog (Chlamydomonas)","Up_in_KO_treated"
"ENSMUSG00000075334",49.7719140353661,1.51817288978626,0.419984930045858,3.61482705967685,0.000300548181106883,0.0046697227154493,"Rprm","67874","reprimo, TP53 dependent G2 arrest mediator candidate","Up_in_KO_treated"
"ENSMUSG00000025902",101.192519434265,1.22721006892969,0.339722481558085,3.61238992280192,0.000303387907437226,0.00470585497442673,"Sox17","20671","SRY (sex determining region Y)-box 17","Up_in_KO_treated"
"ENSMUSG00000060572",1830.11847530328,0.868169754862413,0.24038722546775,3.61154696624628,0.000304375945954541,0.00471718284403553,"Mfap2","17150","microfibrillar-associated protein 2","Up_in_KO_treated"
"ENSMUSG00000040875",57.5587323013664,1.33608613577696,0.370131033251463,3.60976523378747,0.000306474257435536,0.00474167230248742,"Osbpl10","74486","oxysterol binding protein-like 10","Up_in_KO_treated"
"ENSMUSG00000115220",55.3372888957674,1.80543300604244,0.500293584884846,3.60874706490191,0.000307679408921791,0.00475629748437123,NA,NA,NA,"Up_in_KO_treated"
"ENSMUSG00000020424",70.8697752612307,-1.22759317355992,0.340223178541582,-3.6081997082685,0.000308329117912577,0.00475830341075371,"Castor1","71962","cytosolic arginine sensor for mTORC1 subunit 1","Down_in_KO_treated"
"ENSMUSG00000104043",50.6202294224784,1.13604550299455,0.315433214366114,3.60154052032067,0.000316337104494294,0.00486139212725362,NA,NA,NA,"Up_in_KO_treated"
"ENSMUSG00000037169",49.4405392924694,1.86434877778701,0.518104098794071,3.59840576850565,0.000320173815566728,0.00491405711342052,"Mycn","18109","Mycn proto-oncogene, bHLH transcription factor","Up_in_KO_treated"
"ENSMUSG00000034762",32.7586845558378,-1.55887538944013,0.433251473098388,-3.59808445264332,0.000320569534689619,0.00491405711342052,"Glis1","230587","GLIS family zinc finger 1","Down_in_KO_treated"
"ENSMUSG00000029878",5.28977819142589,-5.02361970052051,1.39644778612919,-3.59742752319117,0.000321380006614051,0.00491824269319145,"Dbpht2","386753","DNA binding protein with his-thr domain","Down_in_KO_treated"
"ENSMUSG00000043795",94.4523532636331,1.61470093185505,0.448885761072556,3.59713110078814,0.000321746338685149,0.00491973536921828,"Prr33","677289","proline rich 33","Up_in_KO_treated"
"ENSMUSG00000040605",91.835756504196,-1.01712310522444,0.28291189843244,-3.59519380718917,0.000324150174076674,0.00495211621224478,"Bace2","56175","beta-site APP-cleaving enzyme 2","Down_in_KO_treated"
"ENSMUSG00000048490",891.227543999613,-0.860758410919655,0.239537145099566,-3.59342351918686,0.000326361473564167,0.00497368363917148,"Nrip1","268903","nuclear receptor interacting protein 1","Down_in_KO_treated"
"ENSMUSG00000018899",1665.75965792604,0.789501930827638,0.219774937109375,3.59232013081969,0.000327746870000188,0.00499064139901284,"Irf1","16362","interferon regulatory factor 1","Up_in_KO_treated"
"ENSMUSG00000116010",3.24837070332073,5.3614722718232,1.49305981862371,3.59092931505272,0.000329500996948763,0.00500235044806183,"Gm36026","102639799","predicted gene, 36026","Up_in_KO_treated"
"ENSMUSG00000097195",899.774756560946,0.608757936339072,0.169540805075084,3.59062784955794,0.000329882368508476,0.00500235044806183,"Snhg5","72655","small nucleolar RNA host gene 5","Up_in_KO_treated"
"ENSMUSG00000113722",54.7226171087926,-1.3510620964357,0.376503768856536,-3.58844242260563,0.000332659438066302,0.00503611720010547,NA,NA,NA,"Down_in_KO_treated"
"ENSMUSG00000031595",357.483443074575,0.874172598598486,0.243630313748595,3.58811095855894,0.000333082542283019,0.00503835518298025,"Pdgfrl","68797","platelet-derived growth factor receptor-like","Up_in_KO_treated"
"ENSMUSG00000017868",20.3294047640452,-2.12912189806278,0.593454567540251,-3.58767463343919,0.000333640266338415,0.00504262410800331,"Sgk2","27219","serum/glucocorticoid regulated kinase 2","Down_in_KO_treated"
"ENSMUSG00000089769",94.2101986672319,1.3552238664004,0.377783779776937,3.58730029965976,0.000334119447480015,0.00504569987394943,"Gm16574","100417422","RAN GTPase activating protein 1 pseudogene","Up_in_KO_treated"
"ENSMUSG00000098332",124.818698750997,0.847710771455398,0.236351383754177,3.58665457333256,0.000334947549483523,0.0050540354478128,"Pigbos1","66364","Pigb opposite strand 1","Up_in_KO_treated"
"ENSMUSG00000019880",7.75702911728146,-4.55736933119075,1.27085512408326,-3.58606519722556,0.000335705061966409,0.00505712736557299,"Rspo3","72780","R-spondin 3","Down_in_KO_treated"
"ENSMUSG00000035305",49.2099887586473,-1.57186177062945,0.438302600413204,-3.58624787794459,0.000335470095099779,0.00505712736557299,"Ror1","26563","receptor tyrosine kinase-like orphan receptor 1","Down_in_KO_treated"
"ENSMUSG00000023067",688.03652818986,-0.928977625113339,0.259078300113002,-3.58570217848483,0.000336172439586997,0.00506000342250067,"Cdkn1a","12575","cyclin dependent kinase inhibitor 1A","Down_in_KO_treated"
"ENSMUSG00000042743",108.234225945647,-1.68883314675603,0.471049997754658,-3.58525242502101,0.000336752330416038,0.00506428526462829,"Sgtb","218544","small glutamine-rich tetratricopeptide repeat (TPR)-containing, beta","Down_in_KO_treated"
"ENSMUSG00000028459",683.716955642915,0.749142953796545,0.208974990919871,3.58484501183108,0.000337278437477388,0.00506428526462829,"Cd72","12517","CD72 antigen","Up_in_KO_treated"
"ENSMUSG00000063193",249.833590114137,-0.68470677022228,0.191012139432901,-3.58462437128402,0.000337563679333798,0.00506428526462829,"Cd300lb","217304","CD300 molecule like family member B","Down_in_KO_treated"
"ENSMUSG00000089817",112.973608356461,1.44225419753827,0.402396535413121,3.58416156853234,0.00033816271940442,0.00506911732453652,"Gm7162","635617","RAN GTPase activating protein 1 pseudogene","Up_in_KO_treated"
"ENSMUSG00000091509",339.086170208778,1.2625045936801,0.352378871651188,3.58280446203886,0.000339925062855229,0.00508720231025287,NA,NA,NA,"Up_in_KO_treated"
"ENSMUSG00000047604",57.8958289353491,-1.16970453829495,0.326466055646757,-3.58292850991099,0.000339763617720424,0.00508720231025287,"Frat2","212398","frequently rearranged in advanced T cell lymphomas 2","Down_in_KO_treated"
"ENSMUSG00000029304",25383.4933598234,-1.0594490401707,0.295754713024832,-3.58218819012276,0.000340728189518271,0.00509505559865434,"Spp1","20750","secreted phosphoprotein 1","Down_in_KO_treated"
"ENSMUSG00000033009",489.702662369175,-0.752941776455559,0.210216923890189,-3.58173720042099,0.000341317044626085,0.00509969458595203,"Ogfod1","270086","2-oxoglutarate and iron-dependent oxygenase domain containing 1","Down_in_KO_treated"
"ENSMUSG00000029380",330.132142260753,-2.23532910035212,0.624382946093855,-3.58006110566658,0.000343513868172803,0.0051283314267266,"Cxcl1","14825","C-X-C motif chemokine ligand 1","Down_in_KO_treated"
"ENSMUSG00000025013",7.78912971001921,-3.48207337264936,0.972853270459219,-3.57923797800023,0.000344597561410043,0.00513535209681039,"Tll2","24087","tolloid-like 2","Down_in_KO_treated"
"ENSMUSG00000073409",532.025299429554,1.36247577308169,0.380679260816364,3.57906488039267,0.000344825860622847,0.00513535209681039,"H2-Q6","110557","histocompatibility 2, Q region locus 6","Up_in_KO_treated"
"ENSMUSG00000033732",5187.88155684696,-0.61318478570564,0.17132190334647,-3.57913829888743,0.000344729011366585,0.00513535209681039,"Sf3b3","101943","splicing factor 3b, subunit 3","Down_in_KO_treated"
"ENSMUSG00000037225",545.024556522601,-0.794981080188747,0.222240017127092,-3.57712841488004,0.00034738953714899,0.00516932577108778,"Fgf2","14173","fibroblast growth factor 2","Down_in_KO_treated"
"ENSMUSG00000073565",52.242332186708,1.22242995800985,0.341815696093599,3.5762838628543,0.000348513209195863,0.00518183368636221,"Prr16","71373","proline rich 16","Up_in_KO_treated"
"ENSMUSG00000057337",25.9278646284277,-1.55133995670002,0.433834905865194,-3.57587629701255,0.000349056688775203,0.00518570176514005,"Chst3","53374","carbohydrate sulfotransferase 3","Down_in_KO_treated"
"ENSMUSG00000046523",73.5757712030239,-1.24255887960505,0.347512734534662,-3.57557797491623,0.000349454996728272,0.00518740860106858,"Kctd4","67516","potassium channel tetramerisation domain containing 4","Down_in_KO_treated"
"ENSMUSG00000026276",70.4464550342764,1.20774209997133,0.337837517832922,3.57492000213137,0.000350334999488407,0.00519625728981873,"Septin2","18000","septin 2","Up_in_KO_treated"
"ENSMUSG00000036218",8.47758026820176,5.16743629647928,1.44603762373714,3.57351441736666,0.000352221840452852,0.0052200132354725,"Pdzrn4","239618","PDZ domain containing RING finger 4","Up_in_KO_treated"
"ENSMUSG00000032802",1705.83413061829,-0.829464349673998,0.232300180688679,-3.57065735900403,0.000356086453967079,0.00527301809624551,"Srxn1","76650","sulfiredoxin 1 homolog (S. cerevisiae)","Down_in_KO_treated"
"ENSMUSG00000053821",19.1628177266721,1.97065051357149,0.552430103822134,3.56723954747764,0.000360761661481968,0.00533361929733801,NA,NA,NA,"Up_in_KO_treated"
"ENSMUSG00000097325",28.1189146962862,1.77867430280812,0.498647820286619,3.56699504228406,0.000361098309392445,0.0053342876164729,"Gm16897","320400","predicted gene, 16897","Up_in_KO_treated"
"ENSMUSG00000031380",612.176505881642,0.685352280175788,0.192166137883719,3.56645706534675,0.000361840059487997,0.00534093436194258,"Vegfd","14205","vascular endothelial growth factor D","Up_in_KO_treated"
"ENSMUSG00000028023",5.60273188970994,5.00561451379336,1.40420081754966,3.56474262885574,0.00036421340050921,0.00537163406085421,"Pitx2","18741","paired-like homeodomain transcription factor 2","Up_in_KO_treated"
"ENSMUSG00000025422",78.311346836091,-1.08422483054702,0.304237245564525,-3.56374785255235,0.000365597161230709,0.00538553882580324,"Agap2","216439","ArfGAP with GTPase domain, ankyrin repeat and PH domain 2","Down_in_KO_treated"
"ENSMUSG00000047419",90.2744108684507,1.65841790663628,0.465412915294003,3.56332592443992,0.000366185557933547,0.00538769635599495,"Cmya5","76469","cardiomyopathy associated 5","Up_in_KO_treated"
"ENSMUSG00000056749",389.484113701256,-0.975598071529992,0.273894934391774,-3.56194273434248,0.00036812069018691,0.00541181766465142,"Nfil3","18030","nuclear factor, interleukin 3, regulated","Down_in_KO_treated"
"ENSMUSG00000027086",151.226989660864,-0.745965583090665,0.209445074263109,-3.56162867861752,0.000368561395180629,0.00541394800641336,"Fastkd1","320720","FAST kinase domains 1","Down_in_KO_treated"
"ENSMUSG00000005686",159.636887072221,0.889393328006452,0.250020991655489,3.55727461969262,0.000374722361401057,0.00549562770891309,"Ampd3","11717","adenosine monophosphate deaminase 3","Up_in_KO_treated"
"ENSMUSG00000053137",303.774835731455,0.785068816875945,0.22072123196954,3.55683415623688,0.000375350947834609,0.00549801388988099,"Mapk11","19094","mitogen-activated protein kinase 11","Up_in_KO_treated"
"ENSMUSG00000052105",822.223122702123,-0.634690278129127,0.178447209392809,-3.55673972313015,0.000375485841793762,0.00549801388988099,"Mtcl1","68617","microtubule crosslinking factor 1","Down_in_KO_treated"
"ENSMUSG00000021621",562.503267296939,-0.62272499638429,0.175170961337431,-3.55495563665223,0.000378042869716778,0.00552536937584341,"Zcchc9","69085","zinc finger, CCHC domain containing 9","Down_in_KO_treated"
"ENSMUSG00000092035",3970.69109822431,-1.0401430083536,0.292691998513836,-3.55371179818717,0.000379835210962125,0.00553954092927472,"Peg10","170676","paternally expressed 10","Down_in_KO_treated"
"ENSMUSG00000026605",1231.95050161005,0.664208690106853,0.187065485976013,3.55067470966837,0.000384245010654979,0.0055949374940478,"Cenpf","108000","centromere protein F","Up_in_KO_treated"
"ENSMUSG00000031642",525.704763060539,-0.663720531614384,0.186997229741664,-3.54936023668003,0.000386168399296193,0.00561847393665996,"Sh3rf1","59009","SH3 domain containing ring finger 1","Down_in_KO_treated"
"ENSMUSG00000039414",684.334774535863,-0.678685567150313,0.19135616894956,-3.54671381056552,0.000390068077513287,0.00566186200687084,"Heatr5b","320473","HEAT repeat containing 5B","Down_in_KO_treated"
"ENSMUSG00000019102",19.2343042409107,-1.7558537172328,0.495109041156836,-3.54639800786145,0.000390535882835051,0.00566400813274955,"Aldh3a1","11670","aldehyde dehydrogenase family 3, subfamily A1","Down_in_KO_treated"
"ENSMUSG00000022015",72.9187100442428,-1.30370342572567,0.367940644645384,-3.54324384842605,0.000395237060535389,0.00572312018906585,"Tnfsf11","21943","tumor necrosis factor (ligand) superfamily, member 11","Down_in_KO_treated"
"ENSMUSG00000049999",87.0361798175824,1.11288457073783,0.314069402459262,3.54343518350912,0.000394950381646933,0.00572312018906585,"Ppp1r3d","228966","protein phosphatase 1, regulatory subunit 3D","Up_in_KO_treated"
"ENSMUSG00000054196",1789.74909062357,0.851868430118958,0.240453731517031,3.5427540456307,0.000395971822158363,0.00572922708376642,"Cthrc1","68588","collagen triple helix repeat containing 1","Up_in_KO_treated"
"ENSMUSG00000039462",25.9696205818385,-2.93976512182741,0.830864905273448,-3.53819869291494,0.000402866780033359,0.00581519769317868,"Col10a1","12813","collagen, type X, alpha 1","Down_in_KO_treated"
"ENSMUSG00000047044",1375.94565915205,-0.648507377475655,0.183373229038306,-3.53654337046212,0.000405399931478951,0.00584254720146397,"D030056L22Rik","225995","RIKEN cDNA D030056L22 gene","Down_in_KO_treated"
"ENSMUSG00000032575",4159.23448332633,0.58020783707988,0.164090002323125,3.53591217542515,0.000406369766128823,0.00585191646692042,"Manf","74840","mesencephalic astrocyte-derived neurotrophic factor","Up_in_KO_treated"
"ENSMUSG00000021703",613.306167925778,-0.65260838249548,0.184576889002678,-3.53569932845715,0.000406697295009904,0.00585202876616845,"Serinc5","218442","serine incorporator 5","Down_in_KO_treated"
"ENSMUSG00000026039",577.528758845194,0.666457010891041,0.188556127731359,3.5345285189594,0.000408503349713034,0.00587339890793218,"Sgo2a","68549","shugoshin 2A","Up_in_KO_treated"
"ENSMUSG00000029275",31.3525383347924,-1.89591185344965,0.536436998554735,-3.534267506823,0.000408906998922781,0.00587458775610963,"Gfi1","14581","growth factor independent 1 transcription repressor","Down_in_KO_treated"
"ENSMUSG00000057969",51.5594900477407,1.40235417605702,0.39718145477871,3.53076448858454,0.000414360512581984,0.00594360537757685,"Sema3b","20347","sema domain, immunoglobulin domain (Ig), short basic domain, secreted, (semaphorin) 3B","Up_in_KO_treated"
"ENSMUSG00000062110",242.415076432541,-0.676986359142954,0.191756736890773,-3.53044367629479,0.000414863335253888,0.00594615788970393,"Scfd2","212986","Sec1 family domain containing 2","Down_in_KO_treated"
"ENSMUSG00000045817",5935.96459334338,-0.620228736758889,0.175695626309176,-3.53013190930238,0.000415352526794986,0.00594851118773759,"Zfp36l2","12193","zinc finger protein 36, C3H type-like 2","Down_in_KO_treated"
"ENSMUSG00000097350",28.3573712119337,1.63920559394649,0.464574403145386,3.52840273344443,0.000418075559850561,0.00598282796868242,"4732491K20Rik","224523","RIKEN cDNA 4732491K20 gene","Up_in_KO_treated"
"ENSMUSG00000006386",196.447912619791,0.883737647415585,0.25066133656122,3.52562409320652,0.00042248618961347,0.00604122244413698,"Tek","21687","TEK receptor tyrosine kinase","Up_in_KO_treated"
"ENSMUSG00000021831",1267.51103050576,-1.12186433661394,0.31827015729149,-3.52488070562793,0.000423673539953442,0.00605015273651573,"Ero1a","50527","endoplasmic reticulum oxidoreductase 1 alpha","Down_in_KO_treated"
"ENSMUSG00000027470",10.0029512380138,-3.7291480692534,1.05833281354677,-3.52360620545818,0.000425716444944908,0.00607317855949077,"Mylk2","228785","myosin, light polypeptide kinase 2, skeletal muscle","Down_in_KO_treated"
"ENSMUSG00000117234",25.9858697842912,1.78901791454094,0.508065139912778,3.52123728632135,0.00042953805917402,0.00611394894322173,NA,NA,NA,"Up_in_KO_treated"
"ENSMUSG00000047496",114.353274690961,1.28780971213295,0.365702358505815,3.5214695289215,0.000429161986819584,0.00611394894322173,"Rnf152","320311","ring finger protein 152","Up_in_KO_treated"
"ENSMUSG00000039795",264.174899599112,-0.590143657163898,0.167596666755422,-3.52121356939102,0.000429576481504843,0.00611394894322173,"Zfand1","66361","zinc finger, AN1-type domain 1","Down_in_KO_treated"
"ENSMUSG00000114025",123.114501009488,-0.837880154889765,0.238177861370143,-3.51787588514639,0.000435015773448148,0.00618174976818435,NA,NA,NA,"Down_in_KO_treated"
"ENSMUSG00000007617",643.629381178507,-1.08187860795277,0.307702594375604,-3.51598793031997,0.000438120900812675,0.00621622236246077,"Homer1","26556","homer scaffolding protein 1","Down_in_KO_treated"
"ENSMUSG00000036995",172.543304936511,1.0536912026127,0.299680075007814,3.51605358676323,0.000438012569018851,0.00621622236246077,"Asap3","230837","ArfGAP with SH3 domain, ankyrin repeat and PH domain 3","Up_in_KO_treated"
"ENSMUSG00000074676",71.1298421027626,-1.68219917943905,0.478563812473693,-3.51509900162274,0.000439590078896088,0.00621831590383026,"Foxs1","14239","forkhead box S1","Down_in_KO_treated"
"ENSMUSG00000101655",29.0515630724047,1.55031621101714,0.441010326312737,3.51537394595553,0.000439135173771532,0.00621831590383026,NA,NA,NA,"Up_in_KO_treated"
"ENSMUSG00000037904",169.670101753839,-0.794414215371368,0.22604749126339,-3.51436864409045,0.000440800618436552,0.00622528836361436,"Ankrd9","74251","ankyrin repeat domain 9","Down_in_KO_treated"
"ENSMUSG00000026854",503.100721105726,-0.663749911955357,0.188866525246109,-3.51438621052849,0.000440771466255618,0.00622528836361436,"Usp20","74270","ubiquitin specific peptidase 20","Down_in_KO_treated"
"ENSMUSG00000025128",140.308534473593,1.04195988253476,0.296527464369194,3.51387310700319,0.00044162372319213,0.00623210409065964,"Bhlhe22","59058","basic helix-loop-helix family, member e22","Up_in_KO_treated"
"ENSMUSG00000070282",65.7231283967678,1.05261777998443,0.299599789627846,3.51341294762578,0.000442389348784043,0.00623809880646714,NA,NA,NA,"Up_in_KO_treated"
"ENSMUSG00000099032",30.2695168304591,-1.3213232911348,0.376186518319555,-3.51241532268944,0.000444053480753009,0.00625193142940178,"Tcf24","100039596","transcription factor 24","Down_in_KO_treated"
"ENSMUSG00000021996",6660.9788951683,-0.714324228837789,0.203535896501341,-3.50957369739977,0.000448825658188342,0.00630457100676993,"Esd","13885","esterase D/formylglutathione hydrolase","Down_in_KO_treated"
"ENSMUSG00000053647",26.0693225235685,2.07472623292428,0.591335582763991,3.50854285349565,0.000450568639820101,0.00632420077808842,"Gper1","76854","G protein-coupled estrogen receptor 1","Up_in_KO_treated"
"ENSMUSG00000028864",106.92102390758,-1.37710331242198,0.392697307534682,-3.50678063230765,0.000453562893433511,0.00636134991456976,"Hgf","15234","hepatocyte growth factor","Down_in_KO_treated"
"ENSMUSG00000043969",496.511698971854,0.692433033319835,0.197525285264419,3.50554123940589,0.000455679902043987,0.0063861479686915,"Emx2","13797","empty spiracles homeobox 2","Up_in_KO_treated"
"ENSMUSG00000044365",326.374347610541,0.582480862377918,0.166178106001913,3.50516007428326,0.000456332822334295,0.00639040523885586,"Cxxc4","319478","CXXC finger 4","Up_in_KO_treated"
"ENSMUSG00000117924",389.573381007491,0.677827143387932,0.19342866009274,3.50427461505935,0.000457852948888048,0.00640643745386195,"Tmem223","66836","transmembrane protein 223","Up_in_KO_treated"
"ENSMUSG00000063445",599.664501338085,0.841425645368248,0.240169525365239,3.50346549625163,0.000459246147182457,0.00641158064979445,"Nmral1","67824","NmrA-like family domain containing 1","Up_in_KO_treated"
"ENSMUSG00000032101",19.1724474048672,2.12641454683791,0.60811308055997,3.49674199555095,0.000470977100816497,0.00655037528589995,"Ddx25","30959","DEAD box helicase 25","Up_in_KO_treated"
"ENSMUSG00000040537",106.280018654578,-1.2032811406682,0.344081631030415,-3.49708043717637,0.000470379978737992,0.00655037528589995,"Adam22","11496","a disintegrin and metallopeptidase domain 22","Down_in_KO_treated"
"ENSMUSG00000036446",1871.19493499838,-1.0301477144088,0.294747996794985,-3.49501175787575,0.000474040871911102,0.00658798031783515,"Lum","17022","lumican","Down_in_KO_treated"
"ENSMUSG00000000359",488.401182852216,0.90551469755387,0.259302159463018,3.49212169859702,0.000479199860741288,0.00665462446976312,"Rem1","19700","rad and gem related GTP binding protein 1","Up_in_KO_treated"
"ENSMUSG00000097000",61.439221168143,-1.04396069599544,0.29919921118219,-3.48918264814457,0.000484499974095827,0.00672151894908635,NA,NA,NA,"Down_in_KO_treated"
"ENSMUSG00000026792",293.735667589531,-0.612997270172081,0.175698845615153,-3.48890892268454,0.000484996367789062,0.00672151894908635,"Lrsam1","227738","leucine rich repeat and sterile alpha motif containing 1","Down_in_KO_treated"
"ENSMUSG00000027162",1807.93937659562,-0.618237759513024,0.177416308452016,-3.48467266006852,0.000492739441120906,0.00681678759700374,"Lin7c","22343","lin-7 homolog C, crumbs cell polarity complex component","Down_in_KO_treated"
"ENSMUSG00000000942",143.015045019782,0.747152631296955,0.214731912328126,3.47946713274388,0.000502411992440281,0.00694011071519582,"Hoxa4","15401","homeobox A4","Up_in_KO_treated"
"ENSMUSG00000032936",5.28279298356221,5.06133818902694,1.45487490534729,3.47888204712609,0.000503510155769788,0.00694011377038499,"Camkv","235604","CaM kinase-like vesicle-associated","Up_in_KO_treated"
"ENSMUSG00000034855",1091.92919344727,0.920750181507632,0.264654565350129,3.47906404066565,0.000503168327522122,0.00694011377038499,"Cxcl10","15945","C-X-C motif chemokine ligand 10","Up_in_KO_treated"
"ENSMUSG00000097027",25.7444011011562,-1.37459210061463,0.395467977807376,-3.47586196039408,0.000509214315384581,0.0070076312890857,"Gm26559","102639339","predicted gene, 26559","Down_in_KO_treated"
"ENSMUSG00000056116",1248.43377902102,0.65428671331643,0.188746883498696,3.46647690911914,0.000527327026918486,0.00723653368425338,"H2-T22","15039","histocompatibility 2, T region locus 22","Up_in_KO_treated"
"ENSMUSG00000021118",60.3240664266551,-1.34910162440857,0.38923829932184,-3.46600431344777,0.000528254804702019,0.00724243272693711,"Plek2","27260","pleckstrin 2","Down_in_KO_treated"
"ENSMUSG00000030399",24.5783855100168,6.31422348329103,1.82243208109919,3.46472362332572,0.00053077664787616,0.00726612190432113,"Ckm","12715","creatine kinase, muscle","Up_in_KO_treated"
"ENSMUSG00000022623",1298.58915750215,0.636839937308162,0.18390168509805,3.4629369326802,0.000534313617772533,0.00730907484760139,"Shank3","58234","SH3 and multiple ankyrin repeat domains 3","Up_in_KO_treated"
"ENSMUSG00000101335",128.155390586826,0.995388867900237,0.287551168642441,3.46160605988692,0.000536962499980714,0.00733982422490442,NA,NA,NA,"Up_in_KO_treated"
"ENSMUSG00000015709",9.84913697132632,-2.39548790648108,0.692059975621193,-3.46138772774843,0.00053739822050983,0.00734029823133688,"Arnt2","11864","aryl hydrocarbon receptor nuclear translocator 2","Down_in_KO_treated"
"ENSMUSG00000020689",986.403521254833,0.984747211783982,0.284610173655778,3.45998598410956,0.000540203505082025,0.00737311316444169,"Itgb3","16416","integrin beta 3","Up_in_KO_treated"
"ENSMUSG00000031778",918.17832251109,-0.778055209355121,0.224916553074197,-3.45930612362911,0.000541569005613162,0.00738074274738474,"Cx3cl1","20312","C-X3-C motif chemokine ligand 1","Down_in_KO_treated"
"ENSMUSG00000027580",506.736476110504,0.642827326916945,0.185837620024402,3.45908071160477,0.000542022455312193,0.00738142633897252,"Helz2","229003","helicase with zinc finger 2, transcriptional coactivator","Up_in_KO_treated"
"ENSMUSG00000005057",161.829353694226,-0.716166416244175,0.207162419346398,-3.45702863725813,0.000546166805231249,0.00743179120434918,"Sh2b2","23921","SH2B adaptor protein 2","Down_in_KO_treated"
"ENSMUSG00000041263",190.936890333224,0.922644330305981,0.267081898456269,3.45453711254435,0.000551238342473954,0.00749021186510823,"Rusc1","72296","RUN and SH3 domain containing 1","Up_in_KO_treated"
"ENSMUSG00000117639",3.32327809439051,-5.56282969680182,1.61048090849127,-3.45414196931599,0.000552046681427936,0.00749563086808273,NA,NA,NA,"Down_in_KO_treated"
"ENSMUSG00000055639",62.1526189719606,1.14814889138584,0.332662923162855,3.45138821143515,0.000557710738731593,0.0075669233884391,"Dach1","13134","dachshund family transcription factor 1","Up_in_KO_treated"
"ENSMUSG00000030921",391.577588376728,0.829212478484345,0.240347905229744,3.45005078239278,0.000560481110052348,0.00759381521356863,"Trim30a","20128","tripartite motif-containing 30A","Up_in_KO_treated"
"ENSMUSG00000035835",162.215318795446,-0.972712483312359,0.281965263188325,-3.44975998927458,0.000561085157324159,0.00759581481842018,"Plppr3","216152","phospholipid phosphatase related 3","Down_in_KO_treated"
"ENSMUSG00000074063",144.428844986579,-0.731449955695792,0.212045154708327,-3.44950091739619,0.000561623822601091,0.00759748767558593,"Osgin1","71839","oxidative stress induced growth inhibitor 1","Down_in_KO_treated"
"ENSMUSG00000061232",10683.3557245612,0.799041252315592,0.231657619533323,3.44923363162097,0.000562180071062103,0.00759939574641778,"H2-K1","14972","histocompatibility 2, K1, K region","Up_in_KO_treated"
"ENSMUSG00000066442",90.236695892085,1.16625649977029,0.338486292140449,3.44550585016414,0.000569991629097532,0.00767664222764689,"Mthfs","107885","5, 10-methenyltetrahydrofolate synthetase","Up_in_KO_treated"
"ENSMUSG00000027173",183.701725172138,0.935235181391369,0.271452452268817,3.44530017531474,0.000570425548802874,0.00767683736745516,"Depdc7","211896","DEP domain containing 7","Up_in_KO_treated"
"ENSMUSG00000020354",428.886194882352,0.59203289569092,0.171874144115923,3.44457218237326,0.000571963894477179,0.00769188476165746,"Sgcd","24052","sarcoglycan, delta (dystrophin-associated glycoprotein)","Up_in_KO_treated"
"ENSMUSG00000079008",5.53764445949375,-5.61524090536454,1.63029241336325,-3.44431517888282,0.000572507898960396,0.00769354777876074,"Zfp1005","100216455","zinc finger protein 1005","Down_in_KO_treated"
"ENSMUSG00000046818",64.3599752034056,-1.3639445712219,0.396038993261307,-3.44396535298223,0.000573249156780282,0.0076978571654802,"Ddit4l","73284","DNA-damage-inducible transcript 4-like","Down_in_KO_treated"
"ENSMUSG00000038523",63.0791896683201,-1.37083630640642,0.398271968442547,-3.44196030608708,0.000577514986362249,0.00774945512858376,"1700003F12Rik","75480","RIKEN cDNA 1700003F12 gene","Down_in_KO_treated"
"ENSMUSG00000040511",712.951138390113,-0.869716643726819,0.252825970803158,-3.43998142660729,0.000581754108516796,0.00780061937595819,"Pvr","52118","poliovirus receptor","Down_in_KO_treated"
"ENSMUSG00000032515",450.79852746015,-1.84532087924607,0.536684051196348,-3.43837472928919,0.00058521723878531,0.00784131121631591,"Csrnp1","215418","cysteine-serine-rich nuclear protein 1","Down_in_KO_treated"
"ENSMUSG00000061477",1313.56906876346,-0.659485222267662,0.191916641002321,-3.43631077963523,0.00058969411126327,0.00789551669235671,"Rps7","20115","ribosomal protein S7","Down_in_KO_treated"
"ENSMUSG00000056004",68.5348181920143,-1.37891312888451,0.401346249265895,-3.43571948512461,0.000590982539467339,0.00790698349405754,"Elapor2","231014","endosome-lysosome associated apoptosis and autophagy regulator family member 2","Down_in_KO_treated"
"ENSMUSG00000058900",179.449588795521,0.670710767271424,0.195398995086105,3.43251902076501,0.00059800193370011,0.00799505434076926,"Rsl1","380855","regulator of sex limited protein 1","Up_in_KO_treated"
"ENSMUSG00000029381",19.7292607007586,1.7591773665756,0.512845490923575,3.43022878763646,0.00060307252004644,0.00805696082803649,"Shroom3","27428","shroom family member 3","Up_in_KO_treated"
"ENSMUSG00000103332",9.27179809463122,-3.21958367504011,0.938911521837732,-3.42905971452818,0.000605676252343196,0.0080740658751912,"Pcdhga2","93710","protocadherin gamma subfamily A, 2","Down_in_KO_treated"
"ENSMUSG00000052026",7.14413461987668,-4.92061867483506,1.43637703320409,-3.42571522733049,0.000613182906701127,0.00815631303877233,"Slc6a7","240332","solute carrier family 6 (neurotransmitter transporter, L-proline), member 7","Down_in_KO_treated"
"ENSMUSG00000027962",2864.12308471551,-0.61841744303717,0.180545401496777,-3.42527385306022,0.000614180006428029,0.00815771890976212,"Vcam1","22329","vascular cell adhesion molecule 1","Down_in_KO_treated"
"ENSMUSG00000025880",780.349550063492,-0.599992814745131,0.175193286438207,-3.424747756854,0.000615370470683441,0.00816168530791233,"Smad7","17131","SMAD family member 7","Down_in_KO_treated"
"ENSMUSG00000025290",9975.64145146559,-0.582640734575697,0.170121233538581,-3.42485604210931,0.000615125264626896,0.00816168530791233,"Rps24","20088","ribosomal protein S24","Down_in_KO_treated"
"ENSMUSG00000097715",468.234176995949,-0.629907200609517,0.183938637551377,-3.42455075776873,0.000615816797636171,0.00816169069307374,NA,NA,NA,"Down_in_KO_treated"
"ENSMUSG00000022769",914.711280892918,0.651687331045119,0.190438775681051,3.42203066951329,0.000621553020927654,0.00822580256112715,"Sdf2l1","64136","stromal cell-derived factor 2-like 1","Up_in_KO_treated"
"ENSMUSG00000042529",5.15106590665605,-4.67302884262541,1.36635685963514,-3.420064684912,0.000626062471105982,0.0082675479138909,"Kcnj12","16515","potassium inwardly-rectifying channel, subfamily J, member 12","Down_in_KO_treated"
"ENSMUSG00000021638",5.52293245481621,-4.20466296248369,1.22987274901278,-3.41877886623538,0.00062902824391164,0.00829474347861293,"Ocln","18260","occludin","Down_in_KO_treated"
"ENSMUSG00000039701",429.987452744949,-0.916001666556741,0.267964650058362,-3.41836755839712,0.000629979691431455,0.00830061415952801,"Usp53","99526","ubiquitin specific peptidase 53","Down_in_KO_treated"
"ENSMUSG00000024053",1667.69273795681,-0.935491954190482,0.273773018722915,-3.41703488004159,0.000633071680586205,0.00833005820975508,"Emilin2","246707","elastin microfibril interfacer 2","Down_in_KO_treated"
"ENSMUSG00000022893",1146.12828617208,-1.04614155035545,0.306238485512408,-3.41610084900014,0.000635247163613764,0.00835267876122322,"Adamts1","11504","ADAM metallopeptidase with thrombospondin type 1 motif 1","Down_in_KO_treated"
"ENSMUSG00000042549",203.290465029105,-0.876823994535139,0.256741992840839,-3.41519509462834,0.000637363426269628,0.00836848119871808,"Map2k3os","24082","mitogen-activated protein kinase kinase 3, opposite strand","Down_in_KO_treated"
"ENSMUSG00000032727",673.025056053028,-0.799798395557178,0.234312501354877,-3.41338337021056,0.000641616147260895,0.00841827981599725,"Mier3","218613","MIER family member 3","Down_in_KO_treated"
"ENSMUSG00000048895",80.0203018338103,-0.995790798001232,0.292069029811067,-3.40943645632468,0.000650972410758414,0.00853491979520863,"Cdk5r1","12569","cyclin dependent kinase 5, regulatory subunit 1","Down_in_KO_treated"
"ENSMUSG00000064080",11261.0368214879,-0.651813759728397,0.191210363955718,-3.40888300322124,0.000652294483511654,0.0085400185491515,"Fbln2","14115","fibulin 2","Down_in_KO_treated"
"ENSMUSG00000002496",1448.15950008787,-0.586853501875937,0.172150478020175,-3.4089565630318,0.000652118622195283,0.0085400185491515,"Tsc2","22084","TSC complex subunit 2","Down_in_KO_treated"
"ENSMUSG00000027534",278.670132122473,-0.784847866539297,0.23038644125235,-3.4066582315911,0.000657634186850252,0.00859149073655972,"Snx16","74718","sorting nexin 16","Down_in_KO_treated"
"ENSMUSG00000038119",496.067440283694,0.853044594266824,0.250468662770825,3.40579370221394,0.000659720099737325,0.00861259414086467,"Cdon","57810","cell adhesion associated, oncogene regulated","Up_in_KO_treated"
"ENSMUSG00000036617",192.099246563575,-0.785042691186865,0.230700600555997,-3.40286366526521,0.000666835459927302,0.00868689638651204,"Etl4","208618","enhancer trap locus 4","Down_in_KO_treated"
"ENSMUSG00000040690",5031.61067441252,0.714586732631178,0.210028889381885,3.4023259120886,0.000668149074826881,0.00869781829058066,"Col16a1","107581","collagen, type XVI, alpha 1","Up_in_KO_treated"
"ENSMUSG00000024371",49.8637081194977,-1.52560144968953,0.448573440894007,-3.40100708291826,0.000671380882278126,0.00872747463660266,"C2","12263","complement C2","Down_in_KO_treated"
"ENSMUSG00000031574",170.953774720645,-0.837867741526315,0.246346215457484,-3.4011796770262,0.000670957113280089,0.00872747463660266,"Star","20845","steroidogenic acute regulatory protein","Down_in_KO_treated"
"ENSMUSG00000037731",306.234349247415,0.771392219639716,0.226902727928309,3.39966040374553,0.000674695928714144,0.00875812736401062,"Themis2","230787","thymocyte selection associated family member 2","Up_in_KO_treated"
"ENSMUSG00000068748",4.96958936206896,5.76201187324759,1.69650536841564,3.39640061300172,0.000682783479443185,0.00885682921633495,"Ptprz1","19283","protein tyrosine phosphatase receptor type Z, polypeptide 1","Up_in_KO_treated"
"ENSMUSG00000029576",225.655387618427,-0.647014689065929,0.19059769221081,-3.39466171683915,0.00068713445388479,0.00890065244830383,"Radil","231858","Ras association and DIL domains","Down_in_KO_treated"
"ENSMUSG00000040147",52.306848937064,-1.20751445854961,0.35610736810103,-3.3908718738081,0.000696706639434602,0.00900322795832356,"Maob","109731","monoamine oxidase B","Down_in_KO_treated"
"ENSMUSG00000027398",217.549452246731,-0.981878992436881,0.289575903700647,-3.39074826285239,0.00069702092645711,0.00900322795832356,"Il1b","16176","interleukin 1 beta","Down_in_KO_treated"
"ENSMUSG00000097254",18.3508447959835,-1.70064944103031,0.501742981360449,-3.38948326973921,0.000700244816923273,0.00903849145567466,"C430042M11Rik","320021","RIKEN cDNA C430042M11 gene","Down_in_KO_treated"
"ENSMUSG00000026820",323.271568513545,-0.622980404004427,0.183964246946267,-3.38642108097444,0.000708106399972247,0.00912535890710083,"Ptges2","96979","prostaglandin E synthase 2","Down_in_KO_treated"
"ENSMUSG00000056735",15.6553302965737,2.05230918289386,0.6064144656986,3.38433414600287,0.000713511113781932,0.00917092269350471,"A930024E05Rik","109202","RIKEN cDNA A930024E05 gene","Up_in_KO_treated"
"ENSMUSG00000074794",760.557096261585,-0.763593178292157,0.225621490696704,-3.38439913651059,0.000713342225680979,0.00917092269350471,"Arrdc3","105171","arrestin domain containing 3","Down_in_KO_treated"
"ENSMUSG00000070509",1371.72848333295,0.654501596208473,0.193371316919863,3.38468810490499,0.000712591745290079,0.00917092269350471,"Rgma","244058","repulsive guidance molecule family member A","Up_in_KO_treated"
"ENSMUSG00000026981",255.296534547889,-0.95006914320459,0.280755029369091,-3.3839790700796,0.000714434490819344,0.00917634700734488,"Il1rn","16181","interleukin 1 receptor antagonist","Down_in_KO_treated"
"ENSMUSG00000026433",356.31313270639,0.632243183893744,0.186899836252137,3.3827915346101,0.000717530756027765,0.00920965317501836,"Rab29","226422","RAB29, member RAS oncogene family","Up_in_KO_treated"
"ENSMUSG00000022948",162.11924373543,0.815081132930851,0.241006557924737,3.38198736146171,0.000719634554157411,0.00923018307270013,"Setd4","224440","SET domain containing 4","Up_in_KO_treated"
"ENSMUSG00000048644",696.180898116262,-0.607589676308156,0.1797116833495,-3.38091361108964,0.000722452528399248,0.00925983797429373,"Ctxn1","330695","cortexin 1","Down_in_KO_treated"
"ENSMUSG00000028072",4.17906088961222,-6.41678721475276,1.89858525030952,-3.3797730250494,0.000725457133719113,0.00928886615289212,"Ntrk1","18211","neurotrophic tyrosine kinase, receptor, type 1","Down_in_KO_treated"
"ENSMUSG00000087259",46.973223259581,-1.06364934671666,0.314719996393449,-3.37966878147434,0.000725732317031947,0.00928886615289212,"2610035D17Rik","72386","RIKEN cDNA 2610035D17 gene","Down_in_KO_treated"
"ENSMUSG00000041886",81.8174587422959,1.44290827440213,0.427139037219428,3.37807633737978,0.000729948141362127,0.00932694759218678,"Macc1","238455","metastasis associated in colon cancer 1","Up_in_KO_treated"
"ENSMUSG00000035762",264.386663434415,-0.680259192468984,0.201394241900217,-3.37774896665628,0.000730817634350897,0.00932786273467536,"Tmem161b","72745","transmembrane protein 161B","Down_in_KO_treated"
"ENSMUSG00000045333",103.151809914677,0.896303966903885,0.265961300044289,3.37005408965375,0.000751534301759597,0.00955231411465688,"Zfp423","94187","zinc finger protein 423","Up_in_KO_treated"
"ENSMUSG00000047115",69.4204569212004,1.13414014900816,0.337181567126859,3.36358881854729,0.000769360755531878,0.0097518074158587,"Fam221a","231946","family with sequence similarity 221, member A","Up_in_KO_treated"
"ENSMUSG00000003279",177.959415829161,0.88343832024161,0.262634661287034,3.36375372508847,0.000768901227188963,0.0097518074158587,"Dlgap1","224997","DLG associated protein 1","Up_in_KO_treated"
"ENSMUSG00000024866",41.3237753056102,1.50525716649083,0.448197975710655,3.35846489289498,0.000783766762956719,0.00990014334237949,"Acy3","71670","aminoacylase 3","Up_in_KO_treated"
"ENSMUSG00000020312",101.576446603067,-1.13290876478567,0.337552292655707,-3.35624668957945,0.000790080606614633,0.00996874594769642,"Shc2","216148","SHC (Src homology 2 domain containing) transforming protein 2","Down_in_KO_treated"
"ENSMUSG00000111496",35.73215074822,1.38365127159044,0.412379759594685,3.35528415107082,0.000792835014069796,0.00997337406358727,NA,NA,NA,"Up_in_KO_treated"
"ENSMUSG00000001105",1109.26962786748,0.602255020133095,0.179475522898337,3.35563875456287,0.000791819242834297,0.00997337406358727,"Ift20","55978","intraflagellar transport 20","Up_in_KO_treated"
"ENSMUSG00000049517",353.443582725793,-0.581133091655682,0.17326661850462,-3.35398183834346,0.000796575909831656,0.0100135500533302,"Rps23","66475","ribosomal protein S23","Down_in_KO_treated"
"ENSMUSG00000066721",98.4116131642342,1.36115091557139,0.406476314647601,3.34865985180824,0.000812034223188905,0.0101938699499496,"Zfp575","101544","zinc finger protein 575","Up_in_KO_treated"
"ENSMUSG00000027737",176.421449089329,-1.09944179432983,0.328435499730614,-3.34751205406115,0.000815404415527617,0.0102221554913712,"Slc7a11","26570","solute carrier family 7 (cationic amino acid transporter, y+ system), member 11","Down_in_KO_treated"
"ENSMUSG00000045092",1293.14658574387,0.69355243932092,0.207183107263772,3.34753372743818,0.000815340657581792,0.0102221554913712,"S1pr1","13609","sphingosine-1-phosphate receptor 1","Up_in_KO_treated"
"ENSMUSG00000040563",226.099137371219,0.745019095797431,0.22272073908671,3.34508182243136,0.000822582994222344,0.0102910024219081,"Plppr2","235044","phospholipid phosphatase related 2","Up_in_KO_treated"
"ENSMUSG00000107476",195.611970623185,0.788841117001566,0.235901800085584,3.34393852321337,0.000825980387541042,0.0103193986574496,NA,NA,NA,"Up_in_KO_treated"
"ENSMUSG00000033147",265.151018632047,0.622449459441253,0.186182022753909,3.34323072783451,0.000828090169963478,0.0103387001233571,"Slc22a15","242126","solute carrier family 22 (organic anion/cation transporter), member 15","Up_in_KO_treated"
"ENSMUSG00000023087",1267.0712503993,-0.920017636368373,0.275407680726033,-3.340566370346,0.000836076943885554,0.0104170975520336,"Noct","12457","nocturnin","Down_in_KO_treated"
"ENSMUSG00000097888",16.2275367655969,1.98504654645949,0.594526315170138,3.33887078806836,0.000841196825194771,0.0104595281871874,"Gm26682","102637682","predicted gene, 26682","Up_in_KO_treated"
"ENSMUSG00000025161",2231.90048261849,-1.45673978243383,0.436274431794556,-3.33904459273886,0.000840670680218374,0.0104595281871874,"Slc16a3","80879","solute carrier family 16 (monocarboxylic acid transporters), member 3","Down_in_KO_treated"
"ENSMUSG00000051890",73.6062098520738,-0.866114539872564,0.259520283751378,-3.33736742019867,0.000845760613934834,0.0105059275390257,"Klhdc1","271005","kelch domain containing 1","Down_in_KO_treated"
"ENSMUSG00000028967",5721.64440872978,-1.71717051157308,0.514580636099915,-3.3370290117945,0.000846791085153782,0.0105076726993693,"Errfi1","74155","ERBB receptor feedback inhibitor 1","Down_in_KO_treated"
"ENSMUSG00000030031",66.4564675556566,-1.05137789738761,0.31528995965682,-3.33463805359357,0.000854104920931175,0.0105769163516937,"Kbtbd8","243574","kelch repeat and BTB (POZ) domain containing 8","Down_in_KO_treated"
"ENSMUSG00000113079",9.05044732630259,3.13720813062653,0.940957536155632,3.33405920042246,0.000855884393944128,0.0105872598276173,NA,NA,NA,"Up_in_KO_treated"
"ENSMUSG00000039236",286.072920493977,0.749382912326785,0.225025689595339,3.33021049140829,0.000867803547125232,0.0107031053389711,"Isg20","57444","interferon-stimulated protein","Up_in_KO_treated"
"ENSMUSG00000032380",93.988453752591,1.12638954195777,0.338559965237721,3.32700158793693,0.000877858732391479,0.0108198305582231,"Dapk2","13143","death-associated protein kinase 2","Up_in_KO_treated"
"ENSMUSG00000038781",101.030061225949,1.10489920164807,0.332149403299665,3.326512679751,0.000879400187655457,0.0108315354203619,"Stap2","106766","signal transducing adaptor family member 2","Up_in_KO_treated"
"ENSMUSG00000048450",67.2652625705334,-1.7773407610093,0.534578147724347,-3.32475386166697,0.000884966255976069,0.0108891036547546,"Msx1","17701","msh homeobox 1","Down_in_KO_treated"
"ENSMUSG00000040616",218.649079129524,0.684964043420106,0.206025285879466,3.32466007993233,0.000885263958819587,0.0108891036547546,"Tmem51","214359","transmembrane protein 51","Up_in_KO_treated"
"ENSMUSG00000102758",24.4785586660956,1.64614004113442,0.495294049184454,3.32356111252485,0.000888759470688794,0.0109174259006826,"Naaladl2","635702","N-acetylated alpha-linked acidic dipeptidase-like 2","Up_in_KO_treated"
"ENSMUSG00000027832",50.8208615211551,-1.43193868537178,0.430821314967983,-3.32374150401122,0.000888184818859064,0.0109174259006826,"Ptx3","19288","pentraxin related gene","Down_in_KO_treated"
"ENSMUSG00000041741",59.6714431977044,-1.21688715405691,0.366240127534427,-3.32264834617973,0.000891672450078895,0.0109458624103246,"Pde3a","54611","phosphodiesterase 3A, cGMP inhibited","Down_in_KO_treated"
"ENSMUSG00000023044",870.749655446551,0.61583181455108,0.185418947366194,3.32129927010556,0.000895994067196616,0.0109841791104485,"Csad","246277","cysteine sulfinic acid decarboxylase","Up_in_KO_treated"
"ENSMUSG00000054723",171.113946443797,-0.669665733080852,0.201673937993063,-3.32053680185432,0.00089844512934198,0.0110024117566122,"Vmac","106639","vimentin-type intermediate filament associated coiled-coil protein","Down_in_KO_treated"
"ENSMUSG00000022203",217.43410559656,-1.10302112450099,0.332501577438347,-3.31734102736855,0.000908786163639243,0.0110912968310646,"Efs","13644","embryonal Fyn-associated substrate","Down_in_KO_treated"
"ENSMUSG00000021706",481.99627399367,-0.798029735165663,0.240567247782359,-3.31728338966425,0.000908973678992349,0.0110912968310646,"Zfyve16","218441","zinc finger, FYVE domain containing 16","Down_in_KO_treated"
"ENSMUSG00000021709",2220.04625058234,-0.678163275584704,0.204410519838255,-3.31765349513967,0.000907770221924338,0.0110912968310646,"Erbin","59079","Erbb2 interacting protein","Down_in_KO_treated"
"ENSMUSG00000032062",9.06545229729142,3.2321303506847,0.97477262545418,3.31577874294402,0.000913881518597243,0.0111363338447972,"2310030G06Rik","66952","RIKEN cDNA 2310030G06 gene","Up_in_KO_treated"
"ENSMUSG00000060981",59.5122271657604,-1.46547910563507,0.442247499980532,-3.31370806098301,0.000920675803497884,0.0111967636089181,"H4c8","69386","H4 clustered histone 8","Down_in_KO_treated"
"ENSMUSG00000061474",130.44627777067,-0.832430018111711,0.251195692562459,-3.31387059077349,0.000920140825617923,0.0111967636089181,"Mrps36","66128","mitochondrial ribosomal protein S36","Down_in_KO_treated"
"ENSMUSG00000040565",934.253001491986,-0.816215206763687,0.24628943893469,-3.31404874806722,0.000919554739682095,0.0111967636089181,"Btaf1","107182","B-TFIID TATA-box binding protein associated factor 1","Down_in_KO_treated"
"ENSMUSG00000027276",721.115170388028,-0.635363016796136,0.191781680196958,-3.31294947538068,0.000923176553714188,0.0112122763521107,"Jag1","16449","jagged 1","Down_in_KO_treated"
"ENSMUSG00000001506",74712.0439892776,0.720993615771814,0.217767311814219,3.31084408291225,0.000930150195099049,0.0112894821093487,"Col1a1","12842","collagen, type I, alpha 1","Up_in_KO_treated"
"ENSMUSG00000043903",745.013195191153,-0.981554126231516,0.296561368151452,-3.30978418514121,0.000933679309708203,0.0113093134286064,"Zfp469","195209","zinc finger protein 469","Down_in_KO_treated"
"ENSMUSG00000026955",163.299599100612,0.697938233590495,0.210904609508409,3.30926021587341,0.000935428535345001,0.0113093134286064,"Sapcd2","72080","suppressor APC domain containing 2","Up_in_KO_treated"
"ENSMUSG00000035898",859.372330931628,-0.671431961057999,0.202883791831539,-3.30944110910304,0.000934824296232086,0.0113093134286064,"Uba6","231380","ubiquitin-like modifier activating enzyme 6","Down_in_KO_treated"
"ENSMUSG00000046157",238.292399432889,0.640153495950428,0.193433092370437,3.30943112218096,0.000934857646195299,0.0113093134286064,"Tmem229b","268567","transmembrane protein 229B","Up_in_KO_treated"
"ENSMUSG00000068196",4003.8703760432,-0.981076796454175,0.296706269001927,-3.30655904155434,0.000944494438810567,0.01140308820155,"Col8a1","12837","collagen, type VIII, alpha 1","Down_in_KO_treated"
"ENSMUSG00000079186",330.697611534025,1.1267008846436,0.340919369199112,3.30488962035347,0.000950138113438384,0.0114636637378133,"Gzmc","14940","granzyme C","Up_in_KO_treated"
"ENSMUSG00000038677",23.1070210218351,1.90430682302866,0.576395584425368,3.30381924234749,0.000953773069991533,0.011491799813232,"Scube3","268935","signal peptide, CUB domain, EGF-like 3","Up_in_KO_treated"
"ENSMUSG00000023999",3.42007070024145,-5.70593736781279,1.72842259347644,-3.30123974851325,0.00096258590630105,0.0115833069316424,"Kif6","319991","kinesin family member 6","Down_in_KO_treated"
"ENSMUSG00000071324",43.397218630514,1.40719853027028,0.426305043543388,3.30091926329053,0.000963686095215995,0.0115889268073182,"Armc2","213402","armadillo repeat containing 2","Up_in_KO_treated"
"ENSMUSG00000028645",3029.47570053989,-0.896194150259251,0.271638336251483,-3.29921822753896,0.000969545075571593,0.011644083673351,"Slc2a1","20525","solute carrier family 2 (facilitated glucose transporter), member 1","Down_in_KO_treated"
"ENSMUSG00000052512",176.991308704041,-0.59591972261257,0.180652246552654,-3.29871193956549,0.000971295273820454,0.0116498148078216,"Nav2","78286","neuron navigator 2","Down_in_KO_treated"
"ENSMUSG00000099094",17.4561564154075,1.7199273108924,0.521790858911414,3.29620053996461,0.000980020321231934,0.0117390784944425,NA,NA,NA,"Up_in_KO_treated"
"ENSMUSG00000031383",675.202409254497,-0.804743630482746,0.244427224041491,-3.29236497136727,0.000993485920320886,0.0118693033940164,"Dusp9","75590","dual specificity phosphatase 9","Down_in_KO_treated"
"ENSMUSG00000041571",5610.71018290171,0.599809990871417,0.182504176787504,3.28655486920607,0.00101421013090376,0.0121011004080388,"Selenow","20364","selenoprotein W","Up_in_KO_treated"
"ENSMUSG00000041347",94.8090415303531,-1.15810281548769,0.352503683691865,-3.285363725447,0.00101850797808286,0.0121365569810225,"Bdkrb1","12061","bradykinin receptor, beta 1","Down_in_KO_treated"
"ENSMUSG00000025790",412.085877174765,0.662764156546198,0.201860169889731,3.28328345759464,0.00102605438560173,0.0122035536221955,"Slco3a1","108116","solute carrier organic anion transporter family, member 3a1","Up_in_KO_treated"
"ENSMUSG00000028949",143.953879735945,0.622158383692156,0.189493950508982,3.28326251060276,0.00102613063566403,0.0122035536221955,"Smarcd3","66993","SWI/SNF related BAF chromatin remodeling complex subunit D3","Up_in_KO_treated"
"ENSMUSG00000004864",31.7989791874835,-1.19329766151014,0.363479121262403,-3.28298818750769,0.00102712969534644,0.0122075031259259,"Mapk13","26415","mitogen-activated protein kinase 13","Down_in_KO_treated"
"ENSMUSG00000001657",28.5272620478459,-1.94908589244997,0.593819631752397,-3.28228604820305,0.00102969092492779,0.0122143502377453,"Hoxc8","15426","homeobox C8","Down_in_KO_treated"
"ENSMUSG00000045620",18.049373490156,-1.5613817554576,0.475700147573714,-3.28228141912789,0.00102970783023772,0.0122143502377453,"Cimap1c","382075","ciliary microtubule associated protein 1C","Down_in_KO_treated"
"ENSMUSG00000021731",841.407023588695,-0.719770146653779,0.219394524153607,-3.28071153749416,0.00103545585102606,0.0122666332953593,"Mrps30","59054","mitochondrial ribosomal protein S30","Down_in_KO_treated"
"ENSMUSG00000053128",236.622594861885,0.668675471921191,0.203853007404274,3.28018448408317,0.00103739227135456,0.0122816240249693,"Rnf26","213211","ring finger protein 26","Up_in_KO_treated"
"ENSMUSG00000031734",41.1746983014379,-1.27805563024733,0.390172276244659,-3.27561876653153,0.00105430774062689,0.01245771115345,"Irx3","16373","Iroquois related homeobox 3","Down_in_KO_treated"
"ENSMUSG00000049092",20.9778940040707,-1.84658586955995,0.563982205070342,-3.27419172619043,0.00105964688373345,0.0125046530709047,"Gpr137c","70713","G protein-coupled receptor 137C","Down_in_KO_treated"
"ENSMUSG00000021194",153.318311874463,2.95624183936607,0.903213626989967,3.27302617124809,0.00106402624997728,0.012548242560138,"Chga","12652","chromogranin A","Up_in_KO_treated"
"ENSMUSG00000048911",451.662919015861,-0.962781055044235,0.294308726478294,-3.27133030190746,0.00107042808952426,0.0126094502309436,"Rnf24","51902","ring finger protein 24","Down_in_KO_treated"
"ENSMUSG00000070526",95.9316711561078,1.25070819441442,0.382667454960133,3.268394472022,0.00108159502877437,0.0126981615212683,"Peg12","27412","paternally expressed 12","Up_in_KO_treated"
"ENSMUSG00000025058",81.8196800096298,0.789144203627927,0.241464985951329,3.26815169710358,0.00108252327239903,0.012700912470974,"Tasl","71398","TLR adaptor interacting with endolysosomal SLC15A4","Up_in_KO_treated"
"ENSMUSG00000062960",683.158637817155,0.796738867430539,0.243976244897926,3.26564116012145,0.00109216554662397,0.0127812698208814,"Kdr","16542","kinase insert domain protein receptor","Up_in_KO_treated"
"ENSMUSG00000028862",327.048076752486,-0.638040947926786,0.195362324897508,-3.26593650163366,0.00109102711369412,0.0127812698208814,"Map3k6","53608","mitogen-activated protein kinase kinase kinase 6","Down_in_KO_treated"
"ENSMUSG00000021182",280.617948686383,-0.713988813248776,0.218733545983098,-3.26419438792415,0.00109775821061573,0.012830311959706,"Ccdc88c","68339","coiled-coil domain containing 88C","Down_in_KO_treated"
"ENSMUSG00000031519",36.7724531831466,2.36273123289714,0.724351095598507,3.26185912778235,0.00110684132930763,0.0129035139173997,"Asb5","76294","ankyrin repeat and SOCs box-containing 5","Up_in_KO_treated"
"ENSMUSG00000025355",492.939294980185,-0.869234989740779,0.26647723677864,-3.26194837596145,0.00110649292036774,0.0129035139173997,"Mmp19","58223","matrix metallopeptidase 19","Down_in_KO_treated"
"ENSMUSG00000030443",47.5645219427255,1.47773512871648,0.453145322708264,3.26106230090749,0.00110995649810988,0.0129069464961278,"Zfp583","213011","zinc finger protein 583","Up_in_KO_treated"
"ENSMUSG00000039519",72.311548454068,1.08419225080468,0.332456634283833,3.26115390399777,0.00110959796682956,0.0129069464961278,"Cyp7b1","13123","cytochrome P450, family 7, subfamily b, polypeptide 1","Up_in_KO_treated"
"ENSMUSG00000049907",206.461918616446,0.989665759378025,0.30347385476042,3.26112363175182,0.00110971643948908,0.0129069464961278,"Rasl11b","68939","RAS-like, family 11, member B","Up_in_KO_treated"
"ENSMUSG00000018861",318.009770209652,0.591125779395878,0.181439773747166,3.25797242350844,0.00112211310077207,0.0130317487839031,"Fdxr","14149","ferredoxin reductase","Up_in_KO_treated"
"ENSMUSG00000097604",10.375380427036,-2.96581704849749,0.910562544452792,-3.25712612117141,0.0011254641448806,0.0130458329599428,NA,NA,NA,"Down_in_KO_treated"
"ENSMUSG00000022340",114.602011250802,-0.945534953627523,0.290288914114439,-3.25722033344604,0.00112509064200987,0.0130458329599428,"Sybu","319613","syntabulin (syntaxin-interacting)","Down_in_KO_treated"
"ENSMUSG00000022346",16458.3969317142,-0.667334817513931,0.204929078178513,-3.25641838359619,0.00112827362502553,0.0130630601004436,"Myc","17869","Myc proto-oncogene, bHLH transcription factor","Down_in_KO_treated"
"ENSMUSG00000073411",16406.8244144571,0.690246988635777,0.212028369537338,3.25544638267959,0.0011321427095845,0.0130900871847916,"H2-D1","14964","histocompatibility 2, D region locus 1","Up_in_KO_treated"
"ENSMUSG00000027217",146.308793474985,1.00975995827041,0.310212673394088,3.25505707817306,0.00113369578736083,0.0130997689369099,"Tspan18","241556","tetraspanin 18","Up_in_KO_treated"
"ENSMUSG00000008845",285.862057171081,1.27929598118954,0.393040279316514,3.25487246094522,0.00113443298111794,0.0131000169422092,"Cd163","93671","CD163 antigen","Up_in_KO_treated"
"ENSMUSG00000020042",376.093688673233,-0.933445991328639,0.286804020803659,-3.25464750707822,0.00113533184176664,0.0131021303277773,"Abtb3","74007","ankyrin repeat and BTB domain containing 3","Down_in_KO_treated"
"ENSMUSG00000027261",245.723487235411,-0.8437769308519,0.25948176637286,-3.25177735085803,0.00114685821947009,0.0132115012409873,"Hao1","15112","hydroxyacid oxidase 1, liver","Down_in_KO_treated"
"ENSMUSG00000033256",218.918305804445,-0.657129254428977,0.202084894080789,-3.25174851597899,0.00114697456547718,0.0132115012409873,"Shf","435684","Src homology 2 domain containing F","Down_in_KO_treated"
"ENSMUSG00000030077",25.7459273449764,1.93511721364639,0.595623638146315,3.2488925719416,0.00115855223043205,0.0133197119809031,"Chl1","12661","cell adhesion molecule L1-like","Up_in_KO_treated"
"ENSMUSG00000063388",6.82535011701472,3.54431968532288,1.09167341253011,3.2466849926375,0.00116757540712822,0.0134066077017991,NA,NA,NA,"Up_in_KO_treated"
"ENSMUSG00000035614",897.499739152984,-0.671568817858772,0.206929715696221,-3.24539574028437,0.00117287504258056,0.0134337496272541,"Togaram1","328108","TOG array regulator of axonemal microtubules 1","Down_in_KO_treated"
"ENSMUSG00000062345",40.8538758299721,-3.27126309889607,1.00945413125997,-3.24062579724446,0.00119267634845993,0.0136349501598139,"Serpinb2","18788","serine (or cysteine) peptidase inhibitor, clade B, member 2","Down_in_KO_treated"
"ENSMUSG00000033174",250.952739426105,0.853283315286772,0.263396161721096,3.23954346833001,0.00119721216580528,0.0136782610928428,"Mgll","23945","monoglyceride lipase","Up_in_KO_treated"
"ENSMUSG00000030219",10.1355463093938,2.13134448471507,0.657963422798287,3.23930542468541,0.00119821189317746,0.0136795245987451,"Erp27","69187","endoplasmic reticulum protein 27","Up_in_KO_treated"
"ENSMUSG00000033805",13.3725362269859,-1.93081358220462,0.596087320482031,-3.2391455343208,0.00119888382806485,0.0136795245987451,"Ephx4","384214","epoxide hydrolase 4","Down_in_KO_treated"
"ENSMUSG00000097412",125.249061858787,0.800965452895115,0.247289139160304,3.23898354620376,0.00119956493367131,0.0136795245987451,NA,NA,NA,"Up_in_KO_treated"
"ENSMUSG00000035984",21.3238074256229,1.45773227886007,0.450086451432615,3.23878284765102,0.0012004092994648,0.0136806297684335,"Nme5","75533","NME/NM23 family member 5","Up_in_KO_treated"
"ENSMUSG00000103672",14.8768197186238,2.18220780984582,0.674103710342707,3.23719893002281,0.00120709234438014,0.0137396835691478,NA,NA,NA,"Up_in_KO_treated"
"ENSMUSG00000090021",89.6162453582084,-1.38125417151003,0.426853201287434,-3.23589975978632,0.00121259958962594,0.0137937913542098,"Gm6493","624311","transportin 1 pseudogene","Down_in_KO_treated"
"ENSMUSG00000022887",2472.29363378891,0.636714870514346,0.196797661011506,3.23537824200623,0.00121481684973956,0.0138104303110455,"Masp1","17174","MBL associated serine protease 1","Up_in_KO_treated"
"ENSMUSG00000031095",1560.10111042948,-0.602432338025534,0.186238370940963,-3.23473801334153,0.00121754393580935,0.0138328408796514,"Cul4b","72584","cullin 4B","Down_in_KO_treated"
"ENSMUSG00000045871",10.7118645508147,-2.93843193153142,0.908883889837366,-3.23301134984054,0.00122492695978377,0.0138908538692207,"Slitrk6","239250","SLIT and NTRK-like family, member 6","Down_in_KO_treated"
"ENSMUSG00000034459",810.353995707097,0.855955326890246,0.264751693454861,3.23304948769358,0.00122476344091488,0.0138908538692207,"Ifit1","15957","interferon-induced protein with tetratricopeptide repeats 1","Up_in_KO_treated"
"ENSMUSG00000029084",792.580735056318,-0.742732263072773,0.229896181812185,-3.23072900653719,0.00123474946527798,0.0139762643555862,"Cd38","12494","CD38 antigen","Down_in_KO_treated"
"ENSMUSG00000076617",308.90267789454,0.968111535446503,0.299691865776058,3.2303563960255,0.00123635995659619,0.0139858444286651,"Ighm","16019","immunoglobulin heavy constant mu","Up_in_KO_treated"
"ENSMUSG00000029651",17.0940567597162,-2.14069812844825,0.66282185023286,-3.229673444978,0.00123931683412189,0.0140106337337448,"Mtus2","77521","microtubule associated tumor suppressor candidate 2","Down_in_KO_treated"
"ENSMUSG00000029605",37.1696198457374,1.44102844691789,0.446260688685285,3.22911805465828,0.00124172624305008,0.0140292070534232,"Oas1b","23961","2'-5' oligoadenylate synthetase 1B","Up_in_KO_treated"
"ENSMUSG00000030144",274.175561562567,-0.952310773379944,0.294939019265965,-3.22883956063197,0.0012429360408248,0.0140342124338163,"Clec4d","17474","C-type lectin domain family 4, member d","Down_in_KO_treated"
"ENSMUSG00000060032",729.403964096034,-0.736529561780354,0.228195875044636,-3.22761996305273,0.00124824689011366,0.0140854887976266,"H2aj","232440","H2J.A histone","Down_in_KO_treated"
"ENSMUSG00000021770",734.33614469754,-0.653313942579954,0.202433332791968,-3.22730418735602,0.00124962537516053,0.0140923556633168,"Samd8","67630","sterile alpha motif domain containing 8","Down_in_KO_treated"
"ENSMUSG00000073530",7.65604932194222,-3.48672235884579,1.08055696716506,-3.22678254344472,0.00125190563523872,0.0141093773656246,"Pappa2","23850","pappalysin 2","Down_in_KO_treated"
"ENSMUSG00000036334",1608.82371108095,0.803962587672654,0.249228773330611,3.22580164773418,0.00125620382877294,0.0141404050910401,"Igsf10","242050","immunoglobulin superfamily, member 10","Up_in_KO_treated"
"ENSMUSG00000054484",82.397834212451,-0.800039746856085,0.248011397670743,-3.22581846790045,0.00125613000969537,0.0141404050910401,"Tmem62","96957","transmembrane protein 62","Down_in_KO_treated"
"ENSMUSG00000060012",390.275143480512,-0.657915542929682,0.204024025350225,-3.22469641406355,0.00126106318287603,0.014171019666067,"Kif13b","16554","kinesin family member 13B","Down_in_KO_treated"
"ENSMUSG00000020941",505.723503678321,0.588061240590628,0.18240861731164,3.22386765086839,0.00126471836553461,0.0142013130333619,"Map3k14","53859","mitogen-activated protein kinase kinase kinase 14","Up_in_KO_treated"
"ENSMUSG00000038143",122.310621505895,1.09246922096552,0.339031279455381,3.22232574740732,0.00127154482635125,0.014251736042074,"Stox2","71069","storkhead box 2","Up_in_KO_treated"
"ENSMUSG00000036553",185.639331277479,0.618601881245974,0.191970183429022,3.22238521731002,0.00127128090613455,0.014251736042074,"Sh3tc1","231147","SH3 domain and tetratricopeptide repeats 1","Up_in_KO_treated"
"ENSMUSG00000028337",183.966342990564,0.820967017654617,0.255088734637237,3.21835857950418,0.00128926530066571,0.0144281399892109,"Coro2a","107684","coronin, actin binding protein 2A","Up_in_KO_treated"
"ENSMUSG00000059866",228.401084847334,-0.631430964970357,0.196201782114984,-3.21827334167795,0.00128964852878485,0.0144281399892109,"Tnip2","231130","TNFAIP3 interacting protein 2","Down_in_KO_treated"
"ENSMUSG00000049404",54.7590098581351,-1.24677024499327,0.387529721944178,-3.21722483307452,0.00129437121871135,0.0144721297593609,"Rarres1","109222","retinoic acid receptor responder (tazarotene induced) 1","Down_in_KO_treated"
"ENSMUSG00000022220",169.962446401269,0.883746243738645,0.274758101899106,3.21645199042453,0.00129786246811207,0.0145023057105343,"Adcy4","104110","adenylate cyclase 4","Up_in_KO_treated"
"ENSMUSG00000028643",850.48934167315,0.790363237069053,0.245754557609885,3.21606746485528,0.00129960276491284,0.0145040423208534,"Svbp","69216","small vasohibin binding protein","Up_in_KO_treated"
"ENSMUSG00000089922",11.0441611932916,-2.02313924673828,0.629163495571121,-3.21560176485093,0.00130171332689876,0.0145187440720463,NA,NA,NA,"Down_in_KO_treated"
"ENSMUSG00000027514",320.695714333303,0.858981111047842,0.267258465761404,3.21404640485627,0.00130878519691899,0.0145798511620257,"Zbp1","58203","Z-DNA binding protein 1","Up_in_KO_treated"
"ENSMUSG00000084803",37.9797612541441,1.71567841944044,0.53395503849312,3.21315147485502,0.00131287029357738,0.0146164628852474,"5830444B04Rik","641454","RIKEN cDNA 5830444B04 gene","Up_in_KO_treated"
"ENSMUSG00000015335",461.969369735078,-0.667868188446565,0.207906015904792,-3.21235624443117,0.00131651016051588,0.0146391770765019,"Zdhhc12","66220","zinc finger, DHHC domain containing 12","Down_in_KO_treated"
"ENSMUSG00000045545",3.34699684026407,5.67218096614417,1.76801136485496,3.2082265300424,0.00133556256652022,0.0148150313060725,"Krt14","16664","keratin 14","Up_in_KO_treated"
"ENSMUSG00000026580",33.8500775081482,-2.3280462960359,0.725982713224857,-3.20675169480907,0.00134242812812122,0.0148691499042334,"Selp","20344","selectin, platelet","Down_in_KO_treated"
"ENSMUSG00000022865",133.781503127767,-1.4794868713474,0.461405129511011,-3.20648119563676,0.0013436908671585,0.0148691499042334,"Cxadr","13052","coxsackie virus and adenovirus receptor","Down_in_KO_treated"
"ENSMUSG00000046470",509.78643995331,1.02910937120206,0.320901973876086,3.20692751986452,0.00134160793214898,0.0148691499042334,"Sox18","20672","SRY (sex determining region Y)-box 18","Up_in_KO_treated"
"ENSMUSG00000032009",1733.63256247848,0.763116679607073,0.237984707397462,3.20657864092325,0.00134323584872654,0.0148691499042334,"Sesn3","75747","sestrin 3","Up_in_KO_treated"
"ENSMUSG00000002847",113.826833726914,-1.09671456816066,0.342155659543437,-3.20530886329364,0.0013491762023796,0.0149200677742089,"Pla1a","85031","phospholipase A1 member A","Down_in_KO_treated"
"ENSMUSG00000053886",10.3696170319449,2.88182587085607,0.899614364781189,3.20340135026302,0.00135814561168503,0.0149928462790538,"Sh2d4a","72281","SH2 domain containing 4A","Up_in_KO_treated"
"ENSMUSG00000022432",8.87229348745649,-2.71732854696556,0.848630165571796,-3.20201738897021,0.0013646875984184,0.0150107434578437,"Smc1b","140557","structural maintenance of chromosomes 1B","Down_in_KO_treated"
"ENSMUSG00000041817",29.1726725978539,-1.58113400171597,0.494059451859019,-3.20029096855968,0.00137288913212929,0.0150918857569744,"Fam169a","320557","family with sequence similarity 169, member A","Down_in_KO_treated"
"ENSMUSG00000030162",18.5508187255896,-1.64211375161256,0.51375661386301,-3.19628732225025,0.00139208411401369,0.0152845324167922,"Olr1","108078","oxidized low density lipoprotein (lectin-like) receptor 1","Down_in_KO_treated"
"ENSMUSG00000025746",27.869108194632,-1.81563594084964,0.568231651052548,-3.19523901473369,0.0013971508164975,0.0153217803441304,"Il6","16193","interleukin 6","Down_in_KO_treated"
"ENSMUSG00000033016",1277.37397223767,-0.702104759520162,0.219867852376442,-3.19330339534162,0.00140655080505439,0.0154156283741979,"Nfatc1","18018","nuclear factor of activated T cells, cytoplasmic, calcineurin dependent 1","Down_in_KO_treated"
"ENSMUSG00000062310",56.7795903304332,1.05074688673875,0.329118287382987,3.19261167495084,0.0014099241395996,0.0154433522005335,"Glrp1","14659","glutamine repeat protein 1","Up_in_KO_treated"
"ENSMUSG00000032841",91.3951942509689,0.937056793090088,0.29353306431549,3.19233812816037,0.00141126021079686,0.0154487414104156,"Prr5l","72446","proline rich 5 like","Up_in_KO_treated"
"ENSMUSG00000041477",117.359572926958,0.820733915907549,0.257220924360104,3.19077430403189,0.00141892075869298,0.0155233153893351,"Dcp1b","319618","decapping mRNA 1B","Up_in_KO_treated"
"ENSMUSG00000021379",28.9915202161677,-2.3369143188456,0.732445924848175,-3.19056225117234,0.0014199624672587,0.0155254319224826,"Id4","15904","inhibitor of DNA binding 4","Down_in_KO_treated"
"ENSMUSG00000048572",177.025460899599,0.764599832494905,0.239955359406299,3.18642531838709,0.001440426703627,0.015711638829848,"Tmem252","226040","transmembrane protein 252","Up_in_KO_treated"
"ENSMUSG00000112763",5.22558098725726,-3.77632149488336,1.18532761132395,-3.18588840655234,0.00144310249420824,0.0157314502391265,"Gm34304","102637514","predicted gene, 34304","Down_in_KO_treated"
"ENSMUSG00000063889",427.285242296746,-0.72682489836921,0.228188482082639,-3.185195377679,0.00144656309398453,0.0157504130334318,"Crem","12916","cAMP responsive element modulator","Down_in_KO_treated"
"ENSMUSG00000027313",104.9867115459,-1.03321456368268,0.324753144688475,-3.18153828710053,0.00146495158037063,0.0159316748517668,"Chac1","69065","ChaC, cation transport regulator 1","Down_in_KO_treated"
"ENSMUSG00000032456",161.661296483604,0.585049543727828,0.18396313367802,3.18025428264233,0.00147145870479872,0.0159929386424769,"Nmnat3","74080","nicotinamide nucleotide adenylyltransferase 3","Up_in_KO_treated"
"ENSMUSG00000034845",1705.34419571218,0.83951956672127,0.264205333527146,3.17752694661258,0.00148536886187209,0.0161092056495171,"Plvap","84094","plasmalemma vesicle associated protein","Up_in_KO_treated"
"ENSMUSG00000091649",173.144622696346,0.975429580472962,0.307060860262938,3.17666530223909,0.00148978860537122,0.0161442278532323,"Phf11b","236451","PHD finger protein 11B","Up_in_KO_treated"
"ENSMUSG00000037697",286.149151426409,-0.614162362003185,0.193508115176684,-3.17383258806702,0.00150440435011146,0.0162833310585985,"Ddhd1","114874","DDHD domain containing 1","Down_in_KO_treated"
"ENSMUSG00000029061",98.0238721764509,1.12071964613309,0.353402853069596,3.17122410415965,0.00151797986259376,0.0164205587618521,"Mmp23","26561","matrix metallopeptidase 23","Up_in_KO_treated"
"ENSMUSG00000038930",134.078836957295,0.75106066130639,0.236896155474861,3.1704214861608,0.00152217963012681,0.0164465488608094,"Rccd1","269955","RCC1 domain containing 1","Up_in_KO_treated"
"ENSMUSG00000033032",428.818647356647,0.746011577643785,0.235333401454581,3.17001995055837,0.00152428471378636,0.0164595770598417,"Afap1l1","106877","actin filament associated protein 1-like 1","Up_in_KO_treated"
"ENSMUSG00000032068",43.3406802083375,-1.20592942553528,0.380685149654212,-3.16778688801143,0.00153604073258211,0.0165430921532145,"Plet1","76509","placenta expressed transcript 1","Down_in_KO_treated"
"ENSMUSG00000022111",626.006656847592,0.782082892427764,0.246903392155889,3.16756641372499,0.00153720594343089,0.0165430921532145,"Uchl3","50933","ubiquitin carboxyl-terminal esterase L3 (ubiquitin thiolesterase)","Up_in_KO_treated"
"ENSMUSG00000034616",290.033401501859,-0.658917738571587,0.208134019006205,-3.16583392622589,0.00154639054471877,0.016619839189658,"Ssh3","245857","slingshot protein phosphatase 3","Down_in_KO_treated"
"ENSMUSG00000024968",391.658894541425,-0.624714589656127,0.197369551334313,-3.16520246123455,0.00154975073828983,0.0166461782646236,"Rcor2","104383","REST corepressor 2","Down_in_KO_treated"
"ENSMUSG00000034209",33.9261639943946,-1.53914931761191,0.486563402450528,-3.16330679590808,0.00155987851148439,0.0167451357159524,"Rasl10a","75668","RAS-like, family 10, member A","Down_in_KO_treated"
"ENSMUSG00000026104",760.180491720126,0.836502158624939,0.264504149938501,3.16252943033004,0.00156404925415342,0.0167800665291735,"Stat1","20846","signal transducer and activator of transcription 1","Up_in_KO_treated"
"ENSMUSG00000001542",1074.28914951184,-0.804805886201631,0.254587777378143,-3.16121180085657,0.0015711420950507,0.0168462880877053,"Ell2","192657","elongation factor for RNA polymerase II 2","Down_in_KO_treated"
"ENSMUSG00000048574",218.631947509565,-0.917394844263573,0.290660973777035,-3.15623673980843,0.00159819085924795,0.0171020828257476,"Ccnb1-ps","434175","cyclin B1, pseudogene","Down_in_KO_treated"
"ENSMUSG00000059659",100.004580939779,1.00721624643734,0.319226716963482,3.15517528112334,0.00160401707805489,0.0171385432455567,"Gm10069","791299","predicted gene 10069","Up_in_KO_treated"
"ENSMUSG00000032724",200.117768464328,-0.673992192380017,0.213829605701402,-3.15200596366997,0.00162152961486445,0.0172953709445594,"Abtb2","99382","ankyrin repeat and BTB domain containing 2","Down_in_KO_treated"
"ENSMUSG00000097101",67.1619219447258,-0.950808336912833,0.30190637409929,-3.14934833605114,0.00163635020077621,0.0174432834739702,"1810034E14Rik","66503","RIKEN cDNA 1810034E14 gene","Down_in_KO_treated"
"ENSMUSG00000118504",67.4112460991835,1.03758331564231,0.329533245866446,3.14864532989435,0.00164029139568464,0.0174751184023376,NA,NA,NA,"Up_in_KO_treated"
"ENSMUSG00000031278",1895.41704637161,-0.670626232126588,0.213207443677598,-3.14541659784016,0.00165850475507641,0.0176588787272621,"Acsl4","50790","acyl-CoA synthetase long-chain family member 4","Down_in_KO_treated"
"ENSMUSG00000021067",737.712075864634,-0.783175295674013,0.249198087790121,-3.14278212412937,0.00167350354508529,0.0177772114832827,"Sav1","64010","salvador family WW domain containing 1","Down_in_KO_treated"
"ENSMUSG00000046546",1047.51562560514,0.684914773573889,0.217990852537688,3.14194272649801,0.00167830861998876,0.0178113377286723,"Fam43a","224093","family with sequence similarity 43, member A","Up_in_KO_treated"
"ENSMUSG00000044645",461.195866478275,-0.719227908759513,0.228973559396044,-3.14109590057733,0.00168316907599834,0.0178488085735792,NA,NA,NA,"Down_in_KO_treated"
"ENSMUSG00000032487",4057.15468990197,-1.48533941266247,0.473375616720216,-3.13776071305414,0.00170243796623792,0.0180114000555218,"Ptgs2","19225","prostaglandin-endoperoxide synthase 2","Down_in_KO_treated"
"ENSMUSG00000086794",11.098280789605,3.15332111700896,1.00548964367976,3.13610501791829,0.00171207884225009,0.0181029341708281,NA,NA,NA,"Up_in_KO_treated"
"ENSMUSG00000027559",235.92398068497,2.94709338844068,0.94022023889904,3.13447133608995,0.00172164073018051,0.0181935278778833,"Car3","12350","carbonic anhydrase 3","Up_in_KO_treated"
"ENSMUSG00000033022",982.019277722957,-0.708107389029318,0.226018944439704,-3.13295591564106,0.0017305543208216,0.0182676460722243,"Cdo1","12583","cysteine dioxygenase 1, cytosolic","Down_in_KO_treated"
"ENSMUSG00000035151",386.459472594452,-0.62698418601252,0.200280190741056,-3.1305351951814,0.00174488089535193,0.0183860420423871,"Elmod2","244548","ELMO/CED-12 domain containing 2","Down_in_KO_treated"
"ENSMUSG00000021186",1005.73807776645,0.580296252473317,0.185549546116509,3.12744635930793,0.00176331993355951,0.0185696459976638,"Fbln5","23876","fibulin 5","Up_in_KO_treated"
"ENSMUSG00000079017",792.262386742599,1.01182821517157,0.323694201334698,3.12587686464407,0.00177275763167368,0.0186475763980019,"Ifi27l2a","76933","interferon, alpha-inducible protein 27 like 2A","Up_in_KO_treated"
"ENSMUSG00000025085",400.937148213179,0.64449889055754,0.206172551769017,3.12601694564851,0.00177191341197686,0.0186475763980019,"Ablim1","226251","actin-binding LIM protein 1","Up_in_KO_treated"
"ENSMUSG00000022130",334.911103668679,0.696683190204138,0.222900490429569,3.12553457761132,0.00177482203290706,0.0186585684481895,"Tgds","76355","TDP-glucose 4,6-dehydratase","Up_in_KO_treated"
"ENSMUSG00000010175",5.20453326422339,4.6555935079577,1.49069157793716,3.1231098215502,0.00178950961520649,0.0187784893286821,"Prox1","19130","prospero homeobox 1","Up_in_KO_treated"
"ENSMUSG00000006014",1017.33682161576,-1.4586538439873,0.467071976233345,-3.12297444122096,0.00179033294424686,0.0187784893286821,"Prg4","96875","proteoglycan 4 (megakaryocyte stimulating factor, articular superficial zone protein)","Down_in_KO_treated"
"ENSMUSG00000047686",205.52755418679,-0.837141871921635,0.268053517563144,-3.12304005383714,0.00178993387107386,0.0187784893286821,"Rtl3","213436","retrotransposon Gag like 3","Down_in_KO_treated"
"ENSMUSG00000048058",576.932110249864,-0.609035078762907,0.195031333435659,-3.12275503650715,0.00179166801542707,0.0187817294881796,"Ldlrad3","241576","low density lipoprotein receptor class A domain containing 3","Down_in_KO_treated"
"ENSMUSG00000019850",278.709000150329,-0.991299355278746,0.317770513942875,-3.11954480287919,0.00181130712540619,0.0189402824854813,"Tnfaip3","21929","tumor necrosis factor, alpha-induced protein 3","Down_in_KO_treated"
"ENSMUSG00000017740",49.7464115132484,1.29956006225645,0.417384844814323,3.11357750144131,0.00184833959005323,0.0192874341600595,"Slc12a5","57138","solute carrier family 12, member 5","Up_in_KO_treated"
"ENSMUSG00000039193",117.560698124229,0.890193017906258,0.285948176409756,3.11312710255104,0.00185116276199706,0.0192948929571937,"Nlrc4","268973","NLR family, CARD domain containing 4","Up_in_KO_treated"
"ENSMUSG00000055912",386.61446241125,-0.780445193689849,0.250929068062886,-3.11022234177453,0.00186946563841115,0.019463498054516,"Tmem150a","232086","transmembrane protein 150A","Down_in_KO_treated"
"ENSMUSG00000060969",20.2805436745895,-2.36147698252706,0.759679249409633,-3.10851847587285,0.00188027889165889,0.0195649485810305,"Irx1","16371","Iroquois homeobox 1","Down_in_KO_treated"
"ENSMUSG00000050860",15.8748949149951,-1.68822868673223,0.54369441058776,-3.10510583492512,0.00190210951454067,0.0197696254654389,"Phospho1","237928","phosphatase, orphan 1","Down_in_KO_treated"
"ENSMUSG00000070345",3.5938330979179,4.95945606978804,1.59860488482902,3.10236514153932,0.00191980997381142,0.0199083750428727,"Hsf5","327992","heat shock transcription factor family member 5","Up_in_KO_treated"
"ENSMUSG00000029054",4.37850359383916,4.53738160310657,1.46327905864205,3.10083136658658,0.00192978157221523,0.019977823595167,"Gabrd","14403","gamma-aminobutyric acid (GABA) A receptor, subunit delta","Up_in_KO_treated"
"ENSMUSG00000001627",4177.32075559026,-0.725848895810952,0.234146125626001,-3.09998251677392,0.00193532065860452,0.0200238405960648,"Ifrd1","15982","interferon-related developmental regulator 1","Down_in_KO_treated"
"ENSMUSG00000074634",210.930581470397,-0.948466785803666,0.306036316686082,-3.0991968406696,0.00194046051637,0.0200656773057175,"Tmem267","633640","transmembrane protein 267","Down_in_KO_treated"
"ENSMUSG00000020589",536.204652898331,0.595723953378757,0.192370620120334,3.09675122430916,0.00195653996055002,0.0202091145022274,"Cyria","76820","CYFIP related Rac1 interactor A","Up_in_KO_treated"
"ENSMUSG00000114319",70.6488394354438,-1.26678061049246,0.409091422644421,-3.09657093835852,0.00195773013267281,0.0202100026048001,NA,NA,NA,"Down_in_KO_treated"
"ENSMUSG00000063696",4346.30139753701,-0.693628199886859,0.224028232534394,-3.09616422912398,0.00196041749756205,0.0202263367857261,"Gm8730","667618","ribosomal protein, large, P0 pseudogene","Down_in_KO_treated"
"ENSMUSG00000030545",87.9110669240595,-0.761677449223903,0.246087273262615,-3.09515172859456,0.00196712239469523,0.0202691173066773,"Pex11a","18631","peroxisomal biogenesis factor 11 alpha","Down_in_KO_treated"
"ENSMUSG00000069170",54.9443111114247,-0.837733186337346,0.27074577161025,-3.09416904779328,0.0019736499460029,0.0202989425497048,"Adgrv1","110789","adhesion G protein-coupled receptor V1","Down_in_KO_treated"
"ENSMUSG00000068079",18.0511857485263,1.98122532969288,0.640411339382972,3.09367621691671,0.0019769311032265,0.0203051458935772,"Tcf15","21407","transcription factor 15","Up_in_KO_treated"
"ENSMUSG00000116864",137.316926994722,0.853723313774768,0.276081068833569,3.09229212050545,0.00198617290249082,0.0203886273888331,NA,NA,NA,"Up_in_KO_treated"
"ENSMUSG00000049929",494.186965488008,0.821285301603712,0.265686494156821,3.09118197449265,0.00199361413823824,0.0204535423610844,"Lpar4","78134","lysophosphatidic acid receptor 4","Up_in_KO_treated"
"ENSMUSG00000021071",4.95011172366314,-4.46822815919425,1.4481747494689,-3.08542056877661,0.00203264508566043,0.0208073283013663,"Trim9","94090","tripartite motif-containing 9","Down_in_KO_treated"
"ENSMUSG00000058897",23.0301612953902,-2.39159513669063,0.775218839954233,-3.08505806803125,0.00203512415791312,0.0208094287498792,"Col25a1","77018","collagen, type XXV, alpha 1","Down_in_KO_treated"
"ENSMUSG00000023852",2202.41422399132,-0.648180461295801,0.210224164965336,-3.08328236862151,0.00204730794884028,0.0208989834844527,"Chd1","12648","chromodomain helicase DNA binding protein 1","Down_in_KO_treated"
"ENSMUSG00000001131",4035.21761020577,-0.675008272092655,0.219038386054062,-3.08168939815898,0.00205829487135565,0.0209994264383626,"Timp1","21857","tissue inhibitor of metalloproteinase 1","Down_in_KO_treated"
"ENSMUSG00000052504",2004.73877192018,0.768462774663271,0.249388965087974,3.08138242761539,0.00206041829281412,0.0210093793946389,"Epha3","13837","Eph receptor A3","Up_in_KO_treated"
"ENSMUSG00000087635",229.132693121673,-0.807974776188978,0.262601105852403,-3.0768140658292,0.00209225764337969,0.0212984380682861,NA,NA,NA,"Down_in_KO_treated"
"ENSMUSG00000001946",797.545246738156,0.726241427094092,0.236136915501352,3.07550992419875,0.00210142934915762,0.0213799118274774,"Esam","69524","endothelial cell-specific adhesion molecule","Up_in_KO_treated"
"ENSMUSG00000033906",126.887861366846,1.0617792252529,0.345279285447495,3.07513155293052,0.00210409723350739,0.0213951620360477,"Zdhhc15","108672","zinc finger, DHHC domain containing 15","Up_in_KO_treated"
"ENSMUSG00000073557",1011.1852817779,0.826712335203411,0.268869229921532,3.0747748094666,0.0021066154655727,0.0214088744399651,"Ppp1r12b","329251","protein phosphatase 1, regulatory subunit 12B","Up_in_KO_treated"
"ENSMUSG00000062760",6.22575649959575,-4.09358711162646,1.33365074803568,-3.06945961501229,0.00214446396648474,0.0216971387388448,"Shisal1","72301","shisa like 1","Down_in_KO_treated"
"ENSMUSG00000027208",597.764074069592,-1.13198739291128,0.368725650262319,-3.06999904158,0.00214059457854797,0.0216971387388448,"Fgf7","14178","fibroblast growth factor 7","Down_in_KO_treated"
"ENSMUSG00000010830",638.139724754523,0.785551660785456,0.255884488507898,3.06994638622345,0.00214097200120572,0.0216971387388448,"Kdelr3","105785","KDEL (Lys-Asp-Glu-Leu) endoplasmic reticulum protein retention receptor 3","Up_in_KO_treated"
"ENSMUSG00000024727",28.2495479066608,-1.63255276033273,0.532034488682376,-3.06850926972023,0.00215129654133853,0.0217542434232702,"Trpm6","225997","transient receptor potential cation channel, subfamily M, member 6","Down_in_KO_treated"
"ENSMUSG00000022206",62.9595559460324,-1.34202775350644,0.437392336563379,-3.0682470663543,0.00215318518095242,0.0217577058962035,"Npr3","18162","natriuretic peptide receptor 3","Down_in_KO_treated"
"ENSMUSG00000040189",64.0624915030661,1.07187187023553,0.349371873288744,3.06799703177499,0.00215498758515332,0.0217577058962035,"Odad1","211535","outer dynein arm docking complex subunit 1","Up_in_KO_treated"
"ENSMUSG00000033191",838.185867347234,0.84953803885162,0.276905872386674,3.0679668564967,0.00215520520077675,0.0217577058962035,"Tie1","21846","tyrosine kinase with immunoglobulin-like and EGF-like domains 1","Up_in_KO_treated"
"ENSMUSG00000097756",64.9149488716434,1.02286872254594,0.333623615830092,3.06593620478853,0.00216989607213756,0.0218939403574056,"A730056A06Rik","319783","RIKEN cDNA A730056A06 gene","Up_in_KO_treated"
"ENSMUSG00000020099",1446.06727824756,-0.651504063791231,0.212515175631558,-3.06568254175296,0.0021717376483975,0.0219004485832614,"Unc5b","107449","unc-5 netrin receptor B","Down_in_KO_treated"
"ENSMUSG00000036533",339.958702107507,0.591878452932746,0.193098831173686,3.06515813345535,0.00217554936025744,0.0219268061347973,"Cdc42ep3","260409","CDC42 effector protein 3","Up_in_KO_treated"
"ENSMUSG00000109675",12.8647473176117,1.82230440138684,0.594638476962588,3.06455850400931,0.00217991533900607,0.0219495549813516,"Nxpe1-ps","640268","neurexophilin and PC-esterase domain family, member 1, pseudogene","Up_in_KO_treated"
"ENSMUSG00000016758",32.0507188312339,1.40950292671205,0.459967353304231,3.06435427772583,0.0021814041693208,0.0219495549813516,"Bik","12124","BCL2-interacting killer","Up_in_KO_treated"
"ENSMUSG00000001227",254.217946581598,0.688534307102368,0.224789119415182,3.06302328552947,0.00219113009184811,0.0220232037732542,"Sema6b","20359","sema domain, transmembrane domain (TM), and cytoplasmic domain, (semaphorin) 6B","Up_in_KO_treated"
"ENSMUSG00000020334",47.0165607365063,-1.14185748346924,0.373027787066992,-3.06105207991965,0.00220560726635932,0.0221443937444732,"Slc22a4","30805","solute carrier family 22 (organic cation transporter), member 4","Down_in_KO_treated"
"ENSMUSG00000010760",15.2033911524395,-3.25086519096114,1.06226343522906,-3.06031920439787,0.00221101206070687,0.0221864877999549,"Phlda2","22113","pleckstrin homology like domain, family A, member 2","Down_in_KO_treated"
"ENSMUSG00000022332",1584.29898648853,0.61987541086785,0.202612378529439,3.05941530012582,0.0022176948709379,0.0222413529987816,"Khdrbs3","13992","KH domain containing, RNA binding, signal transduction associated 3","Up_in_KO_treated"
"ENSMUSG00000046329",604.484146499608,0.741038008190252,0.242244262088306,3.05905288241717,0.00222037951866339,0.0222439005638183,"Slc25a23","66972","solute carrier family 25 (mitochondrial carrier; phosphate carrier), member 23","Up_in_KO_treated"
"ENSMUSG00000049881",1143.14699307615,0.762560622536423,0.249387448133629,3.05773457422694,0.00223017016694429,0.0223053576861101,NA,NA,NA,"Up_in_KO_treated"
"ENSMUSG00000083307",280.038390023614,-0.727016080138912,0.237762881251034,-3.05773582618775,0.00223016085029892,0.0223053576861101,"AA414768","245350","expressed sequence AA414768","Down_in_KO_treated"
"ENSMUSG00000051314",10.3488807094735,2.62669761628868,0.859296807434113,3.0567989937401,0.00223714240335538,0.0223628713318479,"Ffar2","233079","free fatty acid receptor 2","Up_in_KO_treated"
"ENSMUSG00000073002",171.757305927822,-0.873319511218816,0.285821321753468,-3.0554736289831,0.00224705362554635,0.0224496847753138,"Vamp5","53620","vesicle-associated membrane protein 5","Down_in_KO_treated"
"ENSMUSG00000022676",638.876707430292,0.750477381859235,0.245740705895466,3.05394004271508,0.00225857215245863,0.0225231792228305,"Snai2","20583","snail family zinc finger 2","Up_in_KO_treated"
"ENSMUSG00000021880",54.3858010396769,1.52507645154622,0.499492467867215,3.05325215024392,0.00226375635892083,0.0225549987138421,"Rnase6","78416","ribonuclease, RNase A family, 6","Up_in_KO_treated"
"ENSMUSG00000053519",38.7024506768406,-1.32679337219052,0.434882071823429,-3.05092681017493,0.00228136178222286,0.0227180439064336,"Kcnip1","70357","Kv channel-interacting protein 1","Down_in_KO_treated"
"ENSMUSG00000006342",40.4698947353853,1.28356687746279,0.421184949441953,3.04751363780554,0.00230743055465174,0.022867546394869,"Susd2","71733","sushi domain containing 2","Up_in_KO_treated"
"ENSMUSG00000073758",101.208887896926,0.88450105788955,0.290194217020258,3.04796238523183,0.00230398765021564,0.022867546394869,"Sh3d21","66938","SH3 domain containing 21","Up_in_KO_treated"
"ENSMUSG00000115406",3.59352092366733,-4.66764873999947,1.53309234435588,-3.04459725285535,0.00232992087006856,0.0230386502889599,NA,NA,NA,"Down_in_KO_treated"
"ENSMUSG00000040856",4461.28326484934,0.973172185854927,0.319717146098308,3.04385359913006,0.00233568774379907,0.023083203442092,"Dlk1","13386","delta like non-canonical Notch ligand 1","Up_in_KO_treated"
"ENSMUSG00000032698",727.16292970284,0.616329189411042,0.202580364314535,3.04239352859541,0.00234704831726957,0.0231829602541743,"Lmo2","16909","LIM domain only 2","Up_in_KO_treated"
"ENSMUSG00000083763",8.22081199280087,2.74403045588373,0.902091147513047,3.04185498710267,0.0023512513792099,0.0232119492954039,"Gm9050","668217","predicted gene 9050","Up_in_KO_treated"
"ENSMUSG00000039563",11.3673255206649,-1.90139415009886,0.625128632594306,-3.04160464096487,0.00235320755814896,0.0232187374322374,"2210406O10Rik","76710","RIKEN cDNA 2210406O10 gene","Down_in_KO_treated"
"ENSMUSG00000048355",40.6333690304106,1.85532100021861,0.610179331288221,3.04061593876284,0.00236094774835603,0.0232825574559054,"Arxes1","76219","adipocyte-related X-chromosome expressed sequence 1","Up_in_KO_treated"
"ENSMUSG00000040253",712.189149514601,0.847485679000566,0.278888931773425,3.03879280404387,0.00237528155900104,0.023360977095323,"Gbp7","229900","guanylate binding protein 7","Up_in_KO_treated"
"ENSMUSG00000032109",87.2152421240621,0.722317387544999,0.237720289639858,3.0385180357945,0.00237744873146431,0.023362792820764,"Nlrx1","270151","NLR family member X1","Up_in_KO_treated"
"ENSMUSG00000034656",125.920993374219,0.862346526309821,0.284145809661916,3.03487328331839,0.00240636766927273,0.023614309503385,"Cacna1a","12286","calcium channel, voltage-dependent, P/Q type, alpha 1A subunit","Up_in_KO_treated"
"ENSMUSG00000049502",430.962080675632,0.853284650954886,0.281248842124226,3.03391347146594,0.00241403658052342,0.0236502658867152,"Dtx3l","209200","deltex 3-like, E3 ubiquitin ligase","Up_in_KO_treated"
"ENSMUSG00000028186",50.869606931102,1.25487876882447,0.414019223600557,3.03096739786936,0.00243771567797498,0.0238214148713166,"Uox","22262","urate oxidase","Up_in_KO_treated"
"ENSMUSG00000040640",167.930641257931,-0.623836130753391,0.205932013761487,-3.02933050261882,0.00245096391934868,0.0239253293951141,"Erc2","238988","ELKS/RAB6-interacting/CAST family member 2","Down_in_KO_treated"
"ENSMUSG00000022707",372.454939596618,-0.759826063436278,0.25087385800248,-3.02871757737614,0.00245594157204183,0.0239611399749902,"Gbe1","74185","1,4-alpha-glucan branching enzyme 1","Down_in_KO_treated"
"ENSMUSG00000030847",1581.81956823608,-0.627057225489411,0.207230110874927,-3.02589822898792,0.00247895725497754,0.0241342311903478,"Bag3","29810","BCL2-associated athanogene 3","Down_in_KO_treated"
"ENSMUSG00000097789",136.828225553326,0.894391005908378,0.295718199479761,3.02447061926464,0.00249068662250667,0.0242226552878531,"Ctxnd1","100039239","cortexin domain containing 1","Up_in_KO_treated"
"ENSMUSG00000001029",264.819546280662,0.935723193246273,0.30940238530497,3.0242921117882,0.00249215682158825,0.0242240819466436,"Icam2","15896","intercellular adhesion molecule 2","Up_in_KO_treated"
"ENSMUSG00000024640",2299.07094282116,-0.728683212260715,0.241234002418824,-3.02064885113333,0.00252233694628051,0.02446546535653,"Psat1","107272","phosphoserine aminotransferase 1","Down_in_KO_treated"
"ENSMUSG00000049307",168.722390973707,0.63789054143452,0.211383338957071,3.01769545595108,0.00254704729289577,0.0246789870841034,"Fut4","14345","fucosyltransferase 4","Up_in_KO_treated"
"ENSMUSG00000104394",40.2865158380824,1.04224012259884,0.345560848074067,3.01608277791773,0.00256063344442703,0.0247974994356339,NA,NA,NA,"Up_in_KO_treated"
"ENSMUSG00000027966",2133.11670018043,-0.742578359432475,0.246292322634805,-3.01502844866808,0.0025695515295852,0.0248707042020085,"Col11a1","12814","collagen, type XI, alpha 1","Down_in_KO_treated"
"ENSMUSG00000044703",29.9524450906112,1.52464578087525,0.506103459411046,3.01251799908557,0.00259090071062264,0.0250244093438132,"Phf11a","219131","PHD finger protein 11A","Up_in_KO_treated"
"ENSMUSG00000111521",26.192608012348,1.37323356327182,0.455973997437269,3.01164884618392,0.00259832981039387,0.0250829274892611,NA,NA,NA,"Up_in_KO_treated"
"ENSMUSG00000082820",192.322087019018,-0.601040613057707,0.199785503748847,-3.00842954958975,0.00262601679152049,0.0253101555214321,NA,NA,NA,"Down_in_KO_treated"
"ENSMUSG00000063087",121.460668115506,0.70613683603572,0.234772591161456,3.00774818960916,0.00263191117680838,0.0253402789422008,"Zeb1os1","791318","zinc finger E-box binding homeobox 1, opposite strand 1","Up_in_KO_treated"
"ENSMUSG00000110588",6.24563302674149,-3.20667768884631,1.0667680505376,-3.00597462328412,0.00264731090121855,0.0254350296194242,NA,NA,NA,"Down_in_KO_treated"
"ENSMUSG00000103088",110.01381071256,-1.49848743325941,0.498684479686645,-3.00488083006114,0.00265684922811834,0.0255132798647691,"Pcdhgb6","93703","protocadherin gamma subfamily B, 6","Down_in_KO_treated"
"ENSMUSG00000112980",105.056874486297,0.681347020371768,0.226823499229196,3.00386433807414,0.002665741605458,0.0255852483506543,"D430020J02Rik","319545","RIKEN cDNA D430020J02 gene","Up_in_KO_treated"
"ENSMUSG00000022596",4.77607958947361,-3.26968723754987,1.08950272411009,-3.0010822049303,0.00269021928319751,0.0257796248902429,"Slurp1","57277","secreted Ly6/Plaur domain containing 1","Down_in_KO_treated"
"ENSMUSG00000033149",1127.10611201788,0.701685198879791,0.233907231909265,2.99984396870629,0.00270117940107779,0.0258305572507454,"Phldb2","208177","pleckstrin homology like domain, family B, member 2","Up_in_KO_treated"
"ENSMUSG00000087269",38.5178693501926,-1.03458196821254,0.345036488446893,-2.99847118451005,0.00271337813789832,0.0259066040990887,"D330023K18Rik","320973","RIKEN cDNA D330023K18 gene","Down_in_KO_treated"
"ENSMUSG00000107734",7.48073895543866,3.71043291586264,1.23838953277417,2.9961759346841,0.00273388650824952,0.0260752083170875,NA,NA,NA,"Up_in_KO_treated"
"ENSMUSG00000040929",190.359069001671,-0.588258600181074,0.196398453145572,-2.99523031245594,0.0027423768860219,0.0261425646587807,"Rfx3","19726","regulatory factor X, 3 (influences HLA class II expression)","Down_in_KO_treated"
"ENSMUSG00000032125",460.558676292711,0.732944755473301,0.244777304884157,2.99433297470193,0.00275045600393088,0.0261922977315021,"Robo4","74144","roundabout guidance receptor 4","Up_in_KO_treated"
"ENSMUSG00000020423",617.609895132318,-1.38453589826181,0.462808037164528,-2.99159864799325,0.00277520857737179,0.026367029888934,"Btg2","12227","BTG anti-proliferation factor 2","Down_in_KO_treated"
"ENSMUSG00000026463",558.308716471146,-0.623266163563113,0.208344951452593,-2.99151075760494,0.00277600757230923,0.026367029888934,"Atp2b4","381290","ATPase, Ca++ transporting, plasma membrane 4","Down_in_KO_treated"
"ENSMUSG00000025504",65.5412250420148,-1.18599598015223,0.396576195098152,-2.99058792436773,0.00278440956911576,0.0264331163607499,"Eps8l2","98845","EPS8-like 2","Down_in_KO_treated"
"ENSMUSG00000077575",4.01556521152096,-4.27823777791548,1.43251048347191,-2.98653156627973,0.00282161706475796,0.0267308784349197,"Gm24888","115485611","predicted gene, 24888","Down_in_KO_treated"
"ENSMUSG00000041216",94.7790311231924,1.01794885000487,0.340840526427833,2.98658396251599,0.00282113357262253,0.0267308784349197,"Clvs1","74438","clavesin 1","Up_in_KO_treated"
"ENSMUSG00000026211",587.532911638201,-0.70795312543439,0.237026205787744,-2.98681372838732,0.00281901427545748,0.0267308784349197,"Obsl1","98733","obscurin-like 1","Down_in_KO_treated"
"ENSMUSG00000021712",701.791342849202,-0.582405930927973,0.195021690604146,-2.98636489676493,0.00282315552955647,0.0267316169981749,"Trim23","81003","tripartite motif-containing 23","Down_in_KO_treated"
"ENSMUSG00000032121",210.153671830282,0.619500598206019,0.207659531852191,2.9832514437477,0.00285203582717703,0.0269835090749224,"Tmem218","66279","transmembrane protein 218","Up_in_KO_treated"
"ENSMUSG00000055633",105.739834465549,0.651090878728116,0.218278499325897,2.98284476363389,0.00285582803209539,0.0269990808220258,"Zfp580","68992","zinc finger protein 580","Up_in_KO_treated"
"ENSMUSG00000102692",12.9224571945724,2.04575858787174,0.686051062074869,2.98193341714917,0.00286434286539577,0.0270376830661881,"Dchs2","100534287","dachsous cadherin related 2","Up_in_KO_treated"
"ENSMUSG00000023809",544.742290577601,-0.774725345122519,0.25978205253614,-2.98221273394066,0.00286173071092096,0.0270376830661881,"Rps6ka2","20112","ribosomal protein S6 kinase, polypeptide 2","Down_in_KO_treated"
"ENSMUSG00000108179",23.9571780347379,-1.29358156580783,0.433895053771019,-2.98132360478693,0.00287005336084088,0.0270636716452708,NA,NA,NA,"Down_in_KO_treated"
"ENSMUSG00000052062",81.7252360196935,0.969526246055529,0.325357911441999,2.97987604407267,0.00288365046488039,0.0271778859210637,"Pard3b","72823","par-3 family cell polarity regulator beta","Up_in_KO_treated"
"ENSMUSG00000020524",8.30519617929031,-2.1750955946613,0.730138934599471,-2.9790160359747,0.0028917564390599,0.0272402563582673,"Gria1","14799","glutamate receptor, ionotropic, AMPA1 (alpha 1)","Down_in_KO_treated"
"ENSMUSG00000061288",663.343799672561,-0.727358194241789,0.244270347761431,-2.97767699152813,0.0029044189634579,0.0273033283452337,"Taok3","330177","TAO kinase 3","Down_in_KO_treated"
"ENSMUSG00000023132",34.843891051392,1.47953378837507,0.49731303188032,2.97505533442592,0.00292935701991474,0.0274834441562629,"Gzma","14938","granzyme A","Up_in_KO_treated"
"ENSMUSG00000042918",83.5518640889388,0.783561278681709,0.263379159764055,2.97503143143008,0.00292958528923504,0.0274834441562629,"Mamstr","74490","MEF2 activating motif and SAP domain containing transcriptional regulator","Up_in_KO_treated"
"ENSMUSG00000047443",20.897548400847,-1.47397815421302,0.495684343300575,-2.97362257681644,0.00294306830841355,0.0275957885496379,"Erfe","227358","erythroferrone","Down_in_KO_treated"
"ENSMUSG00000034156",52.0638772284198,1.44563156787127,0.486524363043197,2.97134465955391,0.00296498827054265,0.0277728660776572,"Tspoap1","207777","TSPO associated protein 1","Up_in_KO_treated"
"ENSMUSG00000034379",98.8737258335123,0.737610919122952,0.248365952703156,2.96985521201667,0.00297940137653736,0.0278650911572628,"Wdr5b","69544","WD repeat domain 5B","Up_in_KO_treated"
"ENSMUSG00000110945",15.3237060929823,1.91010617773505,0.64339522706491,2.96879133911005,0.00298973538111358,0.0279203959622276,"Gm9856","100126228","predicted gene 9856","Up_in_KO_treated"
"ENSMUSG00000046169",295.573395820634,-0.639078225491115,0.215294025309705,-2.96839740244434,0.00299357020142271,0.0279404973975726,"Adamts6","108154","ADAM metallopeptidase with thrombospondin type 1 motif 6","Down_in_KO_treated"
"ENSMUSG00000068231",63.557695021987,-1.01580615276108,0.34233101487859,-2.9673214187775,0.00300406736247387,0.0280099057235656,"Vmn1r43","113847","vomeronasal 1 receptor 43","Down_in_KO_treated"
"ENSMUSG00000055210",21.9848543170585,1.56558190118698,0.528198213804693,2.96400453517222,0.00303663811494313,0.0282560180060011,"Foxd2","17301","forkhead box D2","Up_in_KO_treated"
"ENSMUSG00000047238",86.3907191180582,-1.23425440487882,0.416400457562019,-2.96410434346121,0.00303565334721358,0.0282560180060011,"Mageh1","75625","MAGE family member H1","Down_in_KO_treated"
"ENSMUSG00000028640",17.6057262973435,2.28642389249044,0.771608957305142,2.96318993039663,0.00304468638880354,0.0282877639463305,"Tfap2c","21420","transcription factor AP-2, gamma","Up_in_KO_treated"
"ENSMUSG00000039217",207.221982110774,0.633515188472821,0.213883060822908,2.96196990091405,0.00305677664136886,0.028342544512145,"Il18","16173","interleukin 18","Up_in_KO_treated"
"ENSMUSG00000086233",74.2127533301384,1.37390427366952,0.464299403953851,2.95909118549305,0.00308547787825985,0.0285797072903796,NA,NA,NA,"Up_in_KO_treated"
"ENSMUSG00000107215",12.5535415546565,2.60221576823528,0.879705381816225,2.95805370982588,0.00309588176362881,0.0286615700150218,NA,NA,NA,"Up_in_KO_treated"
"ENSMUSG00000097261",4.0783448511321,4.16899592986375,1.40959330774649,2.95758777155994,0.00310056462861529,0.0286759142989114,NA,NA,NA,"Up_in_KO_treated"
"ENSMUSG00000030103",1464.44250966089,-0.963350983334896,0.326074144959145,-2.95439242340295,0.0031328535616576,0.0289452896209082,"Bhlhe40","20893","basic helix-loop-helix family, member e40","Down_in_KO_treated"
"ENSMUSG00000092116",223.642730330777,0.677944434233265,0.229612161343134,2.95256327133361,0.00315147478210977,0.0290933948910933,NA,NA,NA,"Up_in_KO_treated"
"ENSMUSG00000021044",115.6709921637,-0.675673225259947,0.228847391460192,-2.95250568926621,0.00315206261645839,0.0290933948910933,"Adck1","72113","aarF domain containing kinase 1","Down_in_KO_treated"
"ENSMUSG00000027133",1558.23053069331,-0.600453227385784,0.203482834357827,-2.95087902269869,0.00316871001174118,0.0292323081375498,"Nop10","66181","NOP10 ribonucleoprotein","Down_in_KO_treated"
"ENSMUSG00000031543",81.5987003156721,0.918649630756892,0.311463398665778,2.94946255223608,0.00318327148059395,0.0293518478132549,"Ank1","11733","ankyrin 1, erythroid","Up_in_KO_treated"
"ENSMUSG00000021214",51.7825409239698,-1.80858031282074,0.61356008961083,-2.947682457586,0.00320165751857001,0.0294472048052195,"Akr1c18","105349","aldo-keto reductase family 1, member C18","Down_in_KO_treated"
"ENSMUSG00000036832",12.725663018323,-1.92179705280726,0.652316233206919,-2.94611256776381,0.00321795267122194,0.0295673633239835,"Lpar3","65086","lysophosphatidic acid receptor 3","Down_in_KO_treated"
"ENSMUSG00000047648",770.112963281968,-0.671052775824972,0.227867782125697,-2.94492169785899,0.0032303640394177,0.0296665092892434,"Fbxo30","71865","F-box protein 30","Down_in_KO_treated"
"ENSMUSG00000049804",348.013774796934,0.827926186451603,0.281318769572081,2.94301794263844,0.00325029579664591,0.0298046913657365,"Armcx4","100503043","armadillo repeat containing, X-linked 4","Up_in_KO_treated"
"ENSMUSG00000047759",8.61461474789942,3.54340428504412,1.2041011664901,2.9427795468158,0.00325279960913822,0.0298127146950711,"Hs3st3a1","15478","heparan sulfate (glucosamine) 3-O-sulfotransferase 3A1","Up_in_KO_treated"
"ENSMUSG00000085457",97.5993684347738,0.678882326795064,0.230717256857878,2.94248612366805,0.00325588377251763,0.0298260463905857,"1110046J04Rik","68808","RIKEN cDNA 1110046J04 gene","Up_in_KO_treated"
"ENSMUSG00000020186",2299.03957980341,-0.749477027384082,0.254844036695026,-2.94092432808615,0.00327234464268815,0.0299318960495358,"Csrp2","13008","cysteine and glycine-rich protein 2","Down_in_KO_treated"
"ENSMUSG00000084950",9.50291420679513,-2.59201690503588,0.883029803609356,-2.93536740712612,0.00333152959631513,0.0303519095078924,"Gm5577","434064","predicted gene 5577","Down_in_KO_treated"
"ENSMUSG00000068686",7.74077836774777,-2.77329216462517,0.944855733840607,-2.93514879076027,0.00333387781503312,0.0303581918649509,"Cd59b","333883","CD59b antigen","Down_in_KO_treated"
"ENSMUSG00000039323",31.588244591963,-2.15249414341071,0.734039650436223,-2.93239492189765,0.00336358724372221,0.0305732185783622,"Igfbp2","16008","insulin-like growth factor binding protein 2","Down_in_KO_treated"
"ENSMUSG00000049285",78.6506466836287,0.730908066299345,0.249354182030831,2.93120436299309,0.00337650577311466,0.0306700670795621,"Mblac1","330216","metallo-beta-lactamase domain containing 1","Up_in_KO_treated"
"ENSMUSG00000064262",151.678380869264,0.717385835174813,0.244762751842574,2.93094365778425,0.00337934065859838,0.0306805913067094,"Gimap8","243374","GTPase, IMAP family member 8","Up_in_KO_treated"
"ENSMUSG00000075602",2620.49393262946,0.801535104238815,0.273528721398109,2.9303507878144,0.00338579554409916,0.030708729357605,"Ly6a","110454","lymphocyte antigen 6 family member A","Up_in_KO_treated"
"ENSMUSG00000026418",20.3813047407554,1.70911284723281,0.583302178045039,2.93006423010621,0.0033889194702461,0.0307218390608788,"Tnni1","21952","troponin I, skeletal, slow 1","Up_in_KO_treated"
"ENSMUSG00000118138",36.7775418104758,1.24948875177928,0.426635295687795,2.92870459713122,0.00340377738615262,0.0308259957935435,NA,NA,NA,"Up_in_KO_treated"
"ENSMUSG00000026700",11.4147172727872,2.16219437138077,0.739612562049813,2.92341488277094,0.00346214867793159,0.0313081557570069,"Tnfsf4","22164","tumor necrosis factor (ligand) superfamily, member 4","Up_in_KO_treated"
"ENSMUSG00000023861",63.0308365696968,0.738778647300958,0.252746514613265,2.92300231491376,0.00346673938996519,0.031334188175078,"Mpc1","55951","mitochondrial pyruvate carrier 1","Up_in_KO_treated"
"ENSMUSG00000026447",127.940083375754,0.812167531255402,0.277881181275869,2.92271512423547,0.00346993827878409,0.031347621084198,"Pik3c2b","240752","phosphatidylinositol-4-phosphate 3-kinase catalytic subunit type 2 beta","Up_in_KO_treated"
"ENSMUSG00000031325",19.1021468630711,1.43910480811483,0.492536136079328,2.92182583712609,0.00347986069692434,0.0314062575620346,NA,NA,NA,"Up_in_KO_treated"
"ENSMUSG00000078915",53.2183781164681,-1.29990880861105,0.445297057128581,-2.91919469891241,0.00350936961480917,0.0315946837480828,NA,NA,NA,"Down_in_KO_treated"
"ENSMUSG00000060568",67.7081163395262,1.02825944585305,0.352234211345178,2.91924921751963,0.00350875587101561,0.0315946837480828,"Fam78b","226610","family with sequence similarity 78, member B","Up_in_KO_treated"
"ENSMUSG00000038507",563.538341386933,0.804759209201495,0.275740899656584,2.91853406659573,0.00351681445777691,0.0316461430780191,"Parp12","243771","poly (ADP-ribose) polymerase family, member 12","Up_in_KO_treated"
"ENSMUSG00000097141",57.8387789261256,-0.985266481337045,0.337722004447391,-2.91738906071347,0.00352975188269639,0.031733298263506,"Gm10524","100038564","predicted gene 10524","Down_in_KO_treated"
"ENSMUSG00000082070",241.056850612684,-0.727031015541276,0.24920768127743,-2.91737000968244,0.00352996750611911,0.031733298263506,NA,NA,NA,"Down_in_KO_treated"
"ENSMUSG00000024109",11.0194844634954,2.02203540360666,0.693517982432014,2.91562072625116,0.00354981739688023,0.0318960764924393,"Nrxn1","18189","neurexin I","Up_in_KO_treated"
"ENSMUSG00000041313",1204.98725824585,-0.618170689016676,0.212409010884702,-2.91028467409147,0.00361099689734718,0.0324139657734897,"Slc7a1","11987","solute carrier family 7 (cationic amino acid transporter, y+ system), member 1","Down_in_KO_treated"
"ENSMUSG00000048186",9.55894463786841,-2.27390357580982,0.781634454834794,-2.90916497058773,0.00362395574753565,0.0325143441407574,"Bend7","209645","BEN domain containing 7","Down_in_KO_treated"
"ENSMUSG00000039081",1105.32625346042,0.850281144405285,0.292328966077009,2.90864485930311,0.00362998961168891,0.0325423073177079,"Zfp503","218820","zinc finger protein 503","Up_in_KO_treated"
"ENSMUSG00000006576",257.052599602428,0.826705217954916,0.284337890000092,2.9074746877901,0.00364359830576634,0.0326106502642745,"Slc4a3","20536","solute carrier family 4 (anion exchanger), member 3","Up_in_KO_treated"
"ENSMUSG00000011589",98.3712839002684,0.810226763843874,0.278915089625867,2.90492265918887,0.00367343858565239,0.0328295636880838,"Fsd1","240121","fibronectin type 3 and SPRY domain-containing protein","Up_in_KO_treated"
"ENSMUSG00000038233",6.77992714110021,4.58292572192124,1.58011101991387,2.90038210237345,0.00372708016675731,0.033227836479376,"Gask1a","245050","golgi associated kinase 1A","Up_in_KO_treated"
"ENSMUSG00000022043",1384.85414279987,-0.860800142782424,0.297163228986235,-2.89672496061852,0.00377080182820805,0.0335280017305124,"Trim35","66854","tripartite motif-containing 35","Down_in_KO_treated"
"ENSMUSG00000032921",4.69161051064279,4.68372931247161,1.61740130888511,2.8958362323202,0.00378149686525397,0.0335821140828449,"Odf4","252868","outer dense fiber of sperm tails 4","Up_in_KO_treated"
"ENSMUSG00000042608",461.511347725338,-0.824093053145275,0.284619235027002,-2.89542290796718,0.00378648023361097,0.0336100619378184,"Stk40","74178","serine/threonine kinase 40","Down_in_KO_treated"
"ENSMUSG00000037816",271.519979794348,0.625221514158008,0.215947101543615,2.89525309526662,0.00378852936020905,0.0336119500144965,"Fbxw17","109082","F-box and WD-40 domain protein 17","Up_in_KO_treated"
"ENSMUSG00000069835",209.949020939333,0.6439247135963,0.22247468804299,2.89437292512068,0.00379916651392286,0.0336736778229202,"Sat2","69215","spermidine/spermine N1-acetyl transferase 2","Up_in_KO_treated"
"ENSMUSG00000049303",8.53395524047047,-2.27671497494088,0.787029845584676,-2.89279369481793,0.00381832010237876,0.0338270633271241,"Syt12","171180","synaptotagmin XII","Down_in_KO_treated"
"ENSMUSG00000085101",6.5093059463821,3.16775926694877,1.09586298538547,2.89065267208976,0.00384442746775537,0.0339761255153677,"Gm42346","105247207","predicted gene, 42346","Up_in_KO_treated"
"ENSMUSG00000080059",65.6588756957212,1.00064367578139,0.346274321507448,2.88974265092848,0.00385557318692462,0.0340187383051177,"Rps19-ps3","277692","ribosomal protein S19, pseudogene 3","Up_in_KO_treated"
"ENSMUSG00000031790",206.820176858132,0.830552036206808,0.28742284695022,2.889652110191,0.00385668371213021,0.0340187383051177,"Mmp15","17388","matrix metallopeptidase 15","Up_in_KO_treated"
"ENSMUSG00000049577",167.160303478683,-0.757213664770262,0.262016215192899,-2.88994963236452,0.00385303555227326,0.0340187383051177,"Zfpm1","22761","zinc finger protein, multitype 1","Down_in_KO_treated"
"ENSMUSG00000027859",1045.84414864793,-0.589236959483658,0.203888046761405,-2.89000247362808,0.00385238795078093,0.0340187383051177,"Ngf","18049","nerve growth factor","Down_in_KO_treated"
"ENSMUSG00000036661",143.551737609452,0.956459233271175,0.331081358223397,2.88889485775821,0.00386598315835709,0.0340843399553997,"Dennd3","105841","DENN domain containing 3","Up_in_KO_treated"
"ENSMUSG00000038264",3946.57827194504,-0.595345580834995,0.206111371382789,-2.88846547786693,0.00387126520794725,0.0341144762162053,"Sema7a","20361","sema domain, immunoglobulin domain (Ig), and GPI membrane anchor, (semaphorin) 7A","Down_in_KO_treated"
"ENSMUSG00000115902",58.0289540432803,0.958733499459592,0.332484286102315,2.88354529682814,0.00393226089132366,0.0345521704723461,NA,NA,NA,"Up_in_KO_treated"
"ENSMUSG00000085037",75.9144466720907,0.835145043271994,0.289623430796114,2.88355483179091,0.00393214184665677,0.0345521704723461,NA,NA,NA,"Up_in_KO_treated"
"ENSMUSG00000047215",337.218621350514,-0.823183313397991,0.285656686934658,-2.8817225398483,0.00395507834975572,0.0347359880209112,"Rpl9","20005","ribosomal protein L9","Down_in_KO_treated"
"ENSMUSG00000037410",1173.64615921445,0.590510991380926,0.205001790478096,2.88051626282757,0.00397024469190975,0.0348524645544481,"Tbc1d2b","67016","TBC1 domain family, member 2B","Up_in_KO_treated"
"ENSMUSG00000028003",11.5618833533373,2.52037834110494,0.875109806217932,2.88007096160603,0.00397585673037801,0.0348849979559486,"Lrat","79235","lecithin-retinol acyltransferase (phosphatidylcholine-retinol-O-acyltransferase)","Up_in_KO_treated"
"ENSMUSG00000020340",95.8461385366509,0.690640465086751,0.239858563843236,2.87936546446652,0.00398476271092003,0.0349296512921309,"Cyfip2","76884","cytoplasmic FMR1 interacting protein 2","Up_in_KO_treated"
"ENSMUSG00000059049",9.30011304090031,2.45344918996086,0.852710904014976,2.87723445121768,0.00401177407181373,0.0351126431554597,"Frem1","329872","Fras1 related extracellular matrix protein 1","Up_in_KO_treated"
"ENSMUSG00000051498",97.6112583472261,0.639612238997923,0.222347042634891,2.87663929062556,0.00401934758571106,0.0351486473297991,"Tlr6","21899","toll-like receptor 6","Up_in_KO_treated"
"ENSMUSG00000089651",3.19159608291874,5.07564804182245,1.76611400069145,2.87390736941969,0.00405427852416571,0.0354202672209093,NA,NA,NA,"Up_in_KO_treated"
"ENSMUSG00000031647",482.322323009455,-0.598374273983131,0.208231364401919,-2.87360300261096,0.00405818723583166,0.0354375004663296,"Mfap3l","71306","microfibrillar-associated protein 3-like","Down_in_KO_treated"
"ENSMUSG00000046694",51.1738166959645,-0.952547164334819,0.331508505211267,-2.87337172157248,0.0040611596588203,0.0354465451766276,"Tent5b","100342","terminal nucleotidyltransferase 5B","Down_in_KO_treated"
"ENSMUSG00000016763",9.44986103905499,-2.91805093074572,1.01614608298777,-2.8716844748993,0.00408290400899702,0.0356193479869745,"Scube1","64706","signal peptide, CUB domain, EGF-like 1","Down_in_KO_treated"
"ENSMUSG00000097819",34.8109913794716,1.47014242773372,0.51249325023788,2.86860837103968,0.00412281933461604,0.0358820552931419,NA,NA,NA,"Up_in_KO_treated"
"ENSMUSG00000022323",935.125840833755,0.688123159743121,0.239835362134148,2.86914804230675,0.0041157910839094,0.0358820552931419,"Rida","15473","reactive intermediate imine deaminase A homolog","Up_in_KO_treated"
"ENSMUSG00000066456",1882.53937443342,0.666664579048734,0.232377121095526,2.86889077507196,0.00411914017118049,0.0358820552931419,"Hmgn3","94353","high mobility group nucleosomal binding domain 3","Up_in_KO_treated"
"ENSMUSG00000022485",19.0652253687728,-1.73282774429635,0.604460430774425,-2.86673478705012,0.00414730402423712,0.036060857746134,"Hoxc5","15424","homeobox C5","Down_in_KO_treated"
"ENSMUSG00000037509",37.8167204705308,0.917144165940379,0.320021494022928,2.86588302057821,0.00415847878681787,0.0361408533879998,"Arhgef4","226970","Rho guanine nucleotide exchange factor 4","Up_in_KO_treated"
"ENSMUSG00000028527",599.04824726401,-0.629924550818008,0.219849669082211,-2.86525130307316,0.00416678424986166,0.0361563322359236,"Ak4","11639","adenylate kinase 4","Down_in_KO_treated"
"ENSMUSG00000035456",11.5242880536099,-2.0324292179589,0.709413338943093,-2.86494361804204,0.00417083496555561,0.03616238388184,"Prdm8","77630","PR domain containing 8","Down_in_KO_treated"
"ENSMUSG00000026062",17.1183556939906,-2.12791303349816,0.743099581671243,-2.86356376182106,0.00418904493478095,0.0362002310865419,"Slc9a2","226999","solute carrier family 9 (sodium/hydrogen exchanger), member 2","Down_in_KO_treated"
"ENSMUSG00000051022",80.2177821139884,-1.16782565560491,0.407808305585385,-2.86366324474084,0.00418772964965078,0.0362002310865419,"Hs3st1","15476","heparan sulfate (glucosamine) 3-O-sulfotransferase 1","Down_in_KO_treated"
"ENSMUSG00000081975",526.040809256707,-0.777714920117967,0.271576883182138,-2.8637007355165,0.00418723407322736,0.0362002310865419,NA,NA,NA,"Down_in_KO_treated"
"ENSMUSG00000051335",668.071272505028,-0.750370964124581,0.262019277741086,-2.86380059739749,0.00418591429626852,0.0362002310865419,"Gfod1","328232","glucose-fructose oxidoreductase domain containing 1","Down_in_KO_treated"
"ENSMUSG00000005802",5188.68101813847,-0.615591554626026,0.214943460101563,-2.86396968921572,0.00418368043528876,0.0362002310865419,"Slc30a4","22785","solute carrier family 30 (zinc transporter), member 4","Down_in_KO_treated"
"ENSMUSG00000036225",63.6681069890681,0.752072656861602,0.262652094585953,2.86337962789589,0.00419148039789967,0.0362041839182433,"Kctd1","106931","potassium channel tetramerisation domain containing 1","Up_in_KO_treated"
"ENSMUSG00000046191",41.155253391053,1.23223633986523,0.430429838402762,2.86280417834834,0.00419909991260684,0.0362440402730756,"Pcdhb20","93891","protocadherin beta 20","Up_in_KO_treated"
"ENSMUSG00000097191",3.07007299082212,4.7900812555253,1.67448406940328,2.860631129941,0.00422798664354619,0.0364507016188535,"Mm2pr","433966","macrophage M2 polarization regulator","Up_in_KO_treated"
"ENSMUSG00000026308",9.74393143697724,3.40412956311453,1.19061273062145,2.85914090750376,0.00424790050343507,0.0365707069211534,"Klhl30","70788","kelch-like 30","Up_in_KO_treated"
"ENSMUSG00000017417",336.266123823336,-0.7678496348647,0.268704523666354,-2.85759846685025,0.00426860171037143,0.0366799141337692,"Plxdc1","72324","plexin domain containing 1","Down_in_KO_treated"
"ENSMUSG00000030170",93.6051456031345,0.686185384430031,0.24042942147563,2.85399923278351,0.00431726355849518,0.0370806545805431,"Wnt5b","22419","wingless-type MMTV integration site family, member 5B","Up_in_KO_treated"
"ENSMUSG00000044022",13.0858321043779,2.56059652298088,0.897497779454274,2.85303939641818,0.00433032527437121,0.0371673245658145,"Pcdhb21","93892","protocadherin beta 21","Up_in_KO_treated"
"ENSMUSG00000004371",54.4836820563889,-1.36096729576142,0.477270803083247,-2.85156202091004,0.00435049982857096,0.0372437784669478,"Il11","16156","interleukin 11","Down_in_KO_treated"
"ENSMUSG00000034449",171.106767571258,-0.655818395731179,0.230029733378171,-2.85101576261451,0.00435798090355789,0.0372903807750444,"Dhrs11","192970","dehydrogenase/reductase 11","Down_in_KO_treated"
"ENSMUSG00000027223",151.50872799561,-0.775820329705169,0.272230562908519,-2.84986491382997,0.0043737800987622,0.0374073265455268,"Mapk8ip1","19099","mitogen-activated protein kinase 8 interacting protein 1","Down_in_KO_treated"
"ENSMUSG00000062524",37.6858214921991,1.44519956809055,0.507272239753212,2.8489624600661,0.00438620555346332,0.0374542204303022,"Ncr1","17086","natural cytotoxicity triggering receptor 1","Up_in_KO_treated"
"ENSMUSG00000048534",55.0797058303702,1.21372063645227,0.426056691551658,2.84873036973557,0.00438940626252517,0.0374542204303022,"Jaml","270152","junction adhesion molecule like","Up_in_KO_treated"
"ENSMUSG00000042708",9.11750525670688,1.89800054420306,0.66661313868398,2.84722942597572,0.00441015662941664,0.0375612362904666,"Shcbp1l","71836","Shc SH2-domain binding protein 1-like","Up_in_KO_treated"
"ENSMUSG00000062609",23.3919089220076,1.39640660452312,0.490508105153537,2.84685735026951,0.00441531426372142,0.0375701984978583,"Kcnj15","16516","potassium inwardly-rectifying channel, subfamily J, member 15","Up_in_KO_treated"
"ENSMUSG00000112057",25.1400966739422,1.13139766450377,0.397683548905011,2.84496974445882,0.00444156416635848,0.037709672679926,NA,NA,NA,"Up_in_KO_treated"
"ENSMUSG00000050439",61.2341116648397,-0.878773966954412,0.308890376881996,-2.84493798681895,0.0044420070096662,0.037709672679926,"Enthd1","383075","ENTH domain containing 1","Down_in_KO_treated"
"ENSMUSG00000041729",109.64643428375,0.976662407141468,0.343380254603491,2.84425908027019,0.00445148357422632,0.0377550991005859,"Coro2b","235431","coronin, actin binding protein, 2B","Up_in_KO_treated"
"ENSMUSG00000072662",11.1837017356485,-2.30098679312047,0.809507090001068,-2.84245415703207,0.00447676688490558,0.0379343816177902,"Mansc4","545893","MANSC domain containing 4","Down_in_KO_treated"
"ENSMUSG00000117804",291.917740353771,-0.830769734897431,0.29226056825504,-2.84256524873538,0.00447520696580445,0.0379343816177902,"Gm6252","621699","ribosomal protein S7 pseudogene","Down_in_KO_treated"
"ENSMUSG00000066607",528.741559206864,0.963091236103415,0.338870033132003,2.84206669796693,0.00448221133483185,0.0379629403338395,"Insyn1","319477","inhibitory synaptic factor 1","Up_in_KO_treated"
"ENSMUSG00000109704",5.2547862664757,3.0916807248168,1.08802816142145,2.84154476367385,0.00448955487124272,0.0379907341365011,"Gm38414","330738","predicted gene, 38414","Up_in_KO_treated"
"ENSMUSG00000085399",65.8302474417162,0.871934677638941,0.306907921239086,2.841030215573,0.00449680515398766,0.0379986263773943,"Foxd2os","100040736","forkhead box D2, opposite strand","Up_in_KO_treated"
"ENSMUSG00000049516",548.678562565019,-0.736143879907051,0.259110946825415,-2.84103735842181,0.0044967044345178,0.0379986263773943,"Spty2d1","101685","SPT2 chromatin protein domain containing 1","Down_in_KO_treated"
"ENSMUSG00000023963",100.974098979767,-0.984978830520459,0.346724927342416,-2.84080766292214,0.00449994433568163,0.0380076055265255,"Cyp39a1","56050","cytochrome P450, family 39, subfamily a, polypeptide 1","Down_in_KO_treated"
"ENSMUSG00000043415",841.039610231822,-0.800107315221524,0.281701107513176,-2.84027039256173,0.00450753090266003,0.0380541227451045,"Otud1","71198","OTU domain containing 1","Down_in_KO_treated"
"ENSMUSG00000099966",118.008747369193,-0.689894606285717,0.243031755394715,-2.83870149053254,0.00452975107354574,0.0382064672346118,NA,NA,NA,"Down_in_KO_treated"
"ENSMUSG00000038903",61.0467986949751,0.9455284832489,0.333179081139515,2.83789870605043,0.00454115914811106,0.038285046470694,"Ccdc68","381175","coiled-coil domain containing 68","Up_in_KO_treated"
"ENSMUSG00000027857",3.08236307372883,4.52898207235562,1.59677833712058,2.83632484676778,0.00456360024101495,0.038456526340376,"Tshb","22094","thyroid stimulating hormone, beta subunit","Up_in_KO_treated"
"ENSMUSG00000030862",10.1977622378797,3.19456823009978,1.12774652823538,2.83270056711982,0.0046156599955332,0.0387732516258192,"Cpxm2","55987","carboxypeptidase X, M14 family member 2","Up_in_KO_treated"
"ENSMUSG00000026347",10.5571010439972,-2.55857542071078,0.903844098858905,-2.83077073130306,0.00464359935846416,0.0389334855968711,"Tmem163","72160","transmembrane protein 163","Down_in_KO_treated"
"ENSMUSG00000028348",33.8193140517115,-1.51214464520852,0.534520757224199,-2.82897272888183,0.00466976779961827,0.0391025003369053,"Cavin4","68016","caveolae associated 4","Down_in_KO_treated"
"ENSMUSG00000116775",2.88940498062331,-5.14020217624272,1.81924530922213,-2.82545852952649,0.00472129991111983,0.0394023889993422,NA,NA,NA,"Down_in_KO_treated"
"ENSMUSG00000069227",17.6536799821636,2.38385639371866,0.844573080349445,2.82255786880199,0.00476422230811649,0.0397264514375654,"Gprin1","26913","G protein-regulated inducer of neurite outgrowth 1","Up_in_KO_treated"
"ENSMUSG00000079259",49.0757038174508,0.98542347708705,0.349699976131117,2.81791119344422,0.00483371772206395,0.0402326218585432,"Trim71","636931","tripartite motif-containing 71","Up_in_KO_treated"
"ENSMUSG00000000142",137.225362100581,0.839006654350415,0.297868523782321,2.81670128718787,0.00485196288510623,0.0403661257664088,"Axin2","12006","axin 2","Up_in_KO_treated"
"ENSMUSG00000041378",367.282353242048,1.09274587847108,0.387986120082603,2.81645610992072,0.00485566769656997,0.040378594207324,"Cldn5","12741","claudin 5","Up_in_KO_treated"
"ENSMUSG00000031253",686.321422759005,0.858821215300311,0.304963169323433,2.81614733085842,0.00486033721990628,0.0403990699981583,"Srpx2","68792","sushi-repeat-containing protein, X-linked 2","Up_in_KO_treated"
"ENSMUSG00000059479",120.189536122851,0.669231216066863,0.237712051504043,2.81530200859623,0.00487314143058121,0.0404734230102494,"B3gnt8","232984","UDP-GlcNAc:betaGal beta-1,3-N-acetylglucosaminyltransferase 8","Up_in_KO_treated"
"ENSMUSG00000007908",30.4435416627458,1.54062009248085,0.547436793941638,2.81424286699497,0.00488922745878107,0.0405655168531596,"Hmgcll1","208982","3-hydroxymethyl-3-methylglutaryl-Coenzyme A lyase-like 1","Up_in_KO_treated"
"ENSMUSG00000047205",465.470925599951,-0.723706584339576,0.257392792437165,-2.81168162281097,0.00492832582455261,0.0408713853950097,"Dusp18","75219","dual specificity phosphatase 18","Down_in_KO_treated"
"ENSMUSG00000048782",7.69553155321378,-2.85503527271474,1.01587887251786,-2.81040914419109,0.00494785565348391,0.0409685528974131,"Insc","233752","INSC spindle orientation adaptor protein","Down_in_KO_treated"
"ENSMUSG00000010476",56.6609479596764,1.06817912357598,0.380089606727139,2.81033499645995,0.0049489958179632,0.0409685528974131,"Ebf3","13593","early B cell factor 3","Up_in_KO_treated"
"ENSMUSG00000061068",415.18732450842,1.63621229403006,0.582284142793804,2.80998944291956,0.00495431250529455,0.040994024314831,"Mcpt4","17227","mast cell protease 4","Up_in_KO_treated"
"ENSMUSG00000027605",114.327881663973,-0.659166906744906,0.234699682454757,-2.80855474472989,0.00497644206316592,0.041139936351457,"Acss2","60525","acyl-CoA synthetase short-chain family member 2","Down_in_KO_treated"
"ENSMUSG00000032925",441.317077536259,0.617921909588672,0.220054534343654,2.80803988625691,0.00498440528658838,0.0411871647676872,"Itgbl1","223272","integrin, beta-like 1","Up_in_KO_treated"
"ENSMUSG00000026413",4.09882082638356,-3.47295825977124,1.23686317860392,-2.80787585874395,0.0049869446898674,0.0411872478240338,"Pkp1","18772","plakophilin 1","Down_in_KO_treated"
"ENSMUSG00000039000",1066.51833479011,-0.668884597549487,0.238389287504485,-2.80585006378235,0.00501840376371055,0.0413987452739461,"Ube3c","100763","ubiquitin protein ligase E3C","Down_in_KO_treated"
"ENSMUSG00000047344",114.597852884029,-1.17118030059981,0.417566422700285,-2.80477604742765,0.00503515511301232,0.041475447359795,"Lancl3","236285","LanC lantibiotic synthetase component C-like 3 (bacterial)","Down_in_KO_treated"
"ENSMUSG00000052565",43.7946125882885,1.15308920642084,0.411355547898133,2.80314490059192,0.00506069268719013,0.0416295992151196,"H1f3","14957","H1.3 linker histone, cluster member","Up_in_KO_treated"
"ENSMUSG00000007122",22.9609684077122,2.29515833889788,0.818945688568362,2.80257698518464,0.00506961153245581,0.0416842317513651,"Casq1","12372","calsequestrin 1","Up_in_KO_treated"
"ENSMUSG00000033788",356.051981385116,0.614171561677876,0.219261888351111,2.80108671094899,0.00509308319540549,0.0418396327313765,"Dysf","26903","dysferlin","Up_in_KO_treated"
"ENSMUSG00000084898",3.02568867173993,-4.03330808653176,1.44003271532345,-2.8008447611038,0.00509690313492634,0.0418522288373965,"Gm12371","100042132","predicted gene 12371","Down_in_KO_treated"
"ENSMUSG00000024769",297.321804888112,-0.658491698833014,0.235157535199566,-2.80021517606989,0.00510685525532561,0.0419151442772308,"Cdc42bpg","240505","CDC42 binding protein kinase gamma","Down_in_KO_treated"
"ENSMUSG00000096052",3.1063373753276,-4.99749046563353,1.78694397572094,-2.79666880077608,0.00516324316469999,0.042358959947783,NA,NA,NA,"Down_in_KO_treated"
"ENSMUSG00000035547",240.021256592942,-0.687655379550808,0.24594845073771,-2.79593295866764,0.00517501341356866,0.0423985096278188,"Capn5","12337","calpain 5","Down_in_KO_treated"
"ENSMUSG00000072720",11.5011851580211,4.76305888613506,1.70522878837131,2.79320811296198,0.00521881042565807,0.042699994287358,"Myo18b","74376","myosin XVIIIb","Up_in_KO_treated"
"ENSMUSG00000027102",172.603439969965,0.910417592818655,0.326112230065692,2.79173091004671,0.00524269354571353,0.0428459440462431,"Hoxd8","15437","homeobox D8","Up_in_KO_treated"
"ENSMUSG00000022376",79.589179131919,-1.01148965774779,0.362412724122704,-2.79098825847332,0.00525473784702909,0.0429157131640835,"Adcy8","11514","adenylate cyclase 8","Down_in_KO_treated"
"ENSMUSG00000051735",232.771207638406,0.680322199471906,0.243908004909658,2.78925736662022,0.00528290647615697,0.0431087994797597,"Rinl","320435","Ras and Rab interactor-like","Up_in_KO_treated"
"ENSMUSG00000078452",227.263012612883,0.646333165813179,0.231736632829068,2.78908499671661,0.00528571908786575,0.0431125296190762,"Raet1a","19368","retinoic acid early transcript 1, alpha","Up_in_KO_treated"
"ENSMUSG00000081434",96.0937827704345,-0.635159009702424,0.227819681391689,-2.78799007101761,0.00530361692691569,0.0432199913683606,"Gm14165","628060","ribosomal protein, large, P0 pseudogene","Down_in_KO_treated"
"ENSMUSG00000063506",577.065177596184,-0.889257536823528,0.319130972279179,-2.78649712521665,0.00532810906895754,0.0433809520859118,"Arhgap22","239027","Rho GTPase activating protein 22","Down_in_KO_treated"
"ENSMUSG00000050751",61.4788651969333,-1.08530460687742,0.389544406979162,-2.78608699658594,0.005334855190911,0.0434165649440836,"Pgbd5","209966","piggyBac transposable element derived 5","Down_in_KO_treated"
"ENSMUSG00000032318",13.4593074481323,1.8606284832413,0.667916935317567,2.78571838032022,0.00534092506561799,0.0434466451004471,"Isl2","104360","insulin related protein 2 (islet 2)","Up_in_KO_treated"
"ENSMUSG00000114147",18.9336984375125,-2.35717664025617,0.846229538827579,-2.78550503392017,0.0053444410147242,0.0434559324266979,"Gm18939","100417999","ubiquitin specific peptidase 9, X chromosome pseudogene","Down_in_KO_treated"
"ENSMUSG00000035247",2704.09710334238,-0.60595818053691,0.217679081427354,-2.7837226092813,0.00537389715382406,0.0436575691377087,"Hectd1","207304","HECT domain E3 ubiquitin protein ligase 1","Down_in_KO_treated"
"ENSMUSG00000055862",155.826402938283,1.03981356143787,0.373851868140029,2.78135178676813,0.005413304246732,0.0438988514080354,"Izumo4","71564","IZUMO family member 4","Up_in_KO_treated"
"ENSMUSG00000035279",1710.99303984929,0.619987217804597,0.222903456038492,2.78141590454988,0.00541223507706834,0.0438988514080354,"Ssc5d","269855","scavenger receptor cysteine rich family, 5 domains","Up_in_KO_treated"
"ENSMUSG00000039262",2401.27307465135,-0.641443621284923,0.230766952683965,-2.77961646511569,0.00544231340464583,0.0440950253409617,"Prrc2b","227723","proline-rich coiled-coil 2B","Down_in_KO_treated"
"ENSMUSG00000007216",100.29860188968,0.669921495857143,0.241132502639965,2.77822976381332,0.00546559551779761,0.0442444912703448,"Zfp775","243372","zinc finger protein 775","Up_in_KO_treated"
"ENSMUSG00000030256",284.252964038935,-0.852538998604492,0.306907317021218,-2.77783862202788,0.0054721788551853,0.0442782005245166,"Bhlhe41","79362","basic helix-loop-helix family, member e41","Down_in_KO_treated"
"ENSMUSG00000078498",5.7745801881506,3.39196287950073,1.22155285922071,2.77676307979389,0.00549031830618862,0.044405345098617,"Zfp988","115489950","zinc finger protein 988","Up_in_KO_treated"
"ENSMUSG00000000037",32.3438095252614,-1.40674889808229,0.506950517194585,-2.77492348931234,0.00552146957211462,0.0446375696017729,"Scml2","107815","Scm polycomb group protein like 2","Down_in_KO_treated"
"ENSMUSG00000032712",1592.71119808426,-0.582468575386374,0.209923645038326,-2.77466873862652,0.00552579602189117,0.0446528232179577,"Resf1","67246","retroelement silencing factor 1","Down_in_KO_treated"
"ENSMUSG00000056073",63.2131588858858,-1.25560093969222,0.45290128170313,-2.77235015756756,0.00556531351676621,0.0449287885733609,"Grik2","14806","glutamate receptor, ionotropic, kainate 2 (beta 2)","Down_in_KO_treated"
"ENSMUSG00000031079",23.6320843835077,1.18225643090089,0.426495557004754,2.7720251981141,0.00557087239778356,0.0449287885733609,"Zfp300","245368","zinc finger protein 300","Up_in_KO_treated"
"ENSMUSG00000024339",440.485279551176,0.767780848238484,0.277193484887554,2.76983728008593,0.00560843037176395,0.0451610651537156,"Tap2","21355","transporter 2, ATP-binding cassette, sub-family B (MDR/TAP)","Up_in_KO_treated"
"ENSMUSG00000094595",20.0904925444406,1.40458040579827,0.507762295925068,2.76621643054321,0.00567108828038394,0.0455853881404775,"Fsbp","100503583","fibrinogen silencer binding protein","Up_in_KO_treated"
"ENSMUSG00000037321",504.053106944553,0.747556821772796,0.270734070318518,2.76122181775385,0.0057585550562627,0.0461870434683507,"Tap1","21354","transporter 1, ATP-binding cassette, sub-family B (MDR/TAP)","Up_in_KO_treated"
"ENSMUSG00000032609",157.032017305954,0.83945123077164,0.304057735292026,2.76082839979521,0.00576549609487416,0.0462224594938597,"Klhdc8b","78267","kelch domain containing 8B","Up_in_KO_treated"
"ENSMUSG00000027660",2466.94483828672,-0.672591451355233,0.243727595901005,-2.75960319088537,0.005787160705662,0.046355537153493,"Skil","20482","SKI-like proto-oncogene","Down_in_KO_treated"
"ENSMUSG00000087333",4.01654097007167,4.92361191270254,1.78585682117609,2.7570026075551,0.00583338863396751,0.0466645595137707,"Gm13652","102634853","predicted gene 13652","Up_in_KO_treated"
"ENSMUSG00000020176",7135.60505701331,0.864925439219801,0.313871880155754,2.75566399510079,0.00585731333354771,0.0468354766028501,"Grb10","14783","growth factor receptor bound protein 10","Up_in_KO_treated"
"ENSMUSG00000071550",10.3101095506247,2.71730002803455,0.986298566846022,2.75504813590464,0.00586835011637062,0.0469032367597954,"Cfap44","212517","cilia and flagella associated protein 44","Up_in_KO_treated"
"ENSMUSG00000009563",678.363592727176,-0.596768694489979,0.216686809038351,-2.75406102078119,0.00588607926543236,0.0469833880484991,"Tor2a","30933","torsin family 2, member A","Down_in_KO_treated"
"ENSMUSG00000038527",69.0780490696252,0.935861279342557,0.339898726293203,2.75335329893312,0.0058988200517696,0.047064561206425,"C1rl","232371","complement component 1, r subcomponent-like","Up_in_KO_treated"
"ENSMUSG00000074785",140.507147142801,0.678899721183326,0.246661532882413,2.75235345069783,0.00591686221774361,0.0471879429940572,"Plxnc1","54712","plexin C1","Up_in_KO_treated"
"ENSMUSG00000073274",16.1347804308024,-1.80125331358264,0.654997233022498,-2.75001667605636,0.00595922318754178,0.0474843979110044,NA,NA,NA,"Down_in_KO_treated"
"ENSMUSG00000031097",152.889323846752,1.25236893495474,0.455477740631539,2.74957220350281,0.00596731143661857,0.0475074820462939,"Tnni2","21953","troponin I, skeletal, fast 2","Up_in_KO_treated"
"ENSMUSG00000045455",239.148928596761,-0.634664583650057,0.230925022425276,-2.74835778723557,0.00598946112835348,0.0476630900140234,NA,NA,NA,"Down_in_KO_treated"
"ENSMUSG00000027371",35.9297930325818,-1.22990462279749,0.447889164374579,-2.7460021822919,0.00603263623423679,0.0479194266207989,"Fahd2a","68126","fumarylacetoacetate hydrolase domain containing 2A","Down_in_KO_treated"
"ENSMUSG00000074178",23.1851965931351,1.38695707409546,0.505560637459267,2.74340399811527,0.00608058250595395,0.0482204946301886,NA,NA,NA,"Up_in_KO_treated"
"ENSMUSG00000049038",159.197043523801,0.68420059783875,0.249639707437709,2.74075228200416,0.00612987030628796,0.0485482545287705,"Mterf2","74238","mitochondrial transcription termination factor 2","Up_in_KO_treated"
"ENSMUSG00000061086",57.3042399351114,1.16296213163555,0.424347311937926,2.74059031109326,0.00613289250867659,0.048551181481967,"Myl4","17896","myosin, light polypeptide 4","Up_in_KO_treated"
"ENSMUSG00000050896",16.6035647883822,-1.33092423810309,0.485662417518288,-2.7404307809199,0.00613587048119744,0.0485537559089308,"Rtn4rl2","269295","reticulon 4 receptor-like 2","Down_in_KO_treated"
"ENSMUSG00000025545",178.871355514143,0.754664568866762,0.275586374577268,2.73839579342182,0.00617397230482102,0.0488341465406825,"Clybl","69634","citrate lyase beta like","Up_in_KO_treated"
"ENSMUSG00000035725",548.590334979147,-0.58665222747089,0.214319421160832,-2.73727982416791,0.00619495734146755,0.0489495772404407,"Prkx","19108","protein kinase, X-linked","Down_in_KO_treated"
"ENSMUSG00000097145",15.0659097393896,-1.38162689833693,0.504804297352141,-2.73695550054547,0.00620106805763697,0.0489579227686731,"9230114K14Rik","414108","RIKEN cDNA 9230114K14 gene","Down_in_KO_treated"
"ENSMUSG00000001665",58.84842960153,0.940725183818205,0.343740438082166,2.73673120644984,0.00620529724984641,0.0489579227686731,"Gstt3","103140","glutathione S-transferase, theta 3","Up_in_KO_treated"
"ENSMUSG00000015437",186.675407534297,0.980878360697502,0.358712489001893,2.73444162322524,0.00624861743208699,0.0492330800083892,"Gzmb","14939","granzyme B","Up_in_KO_treated"
"ENSMUSG00000038204",6.26067699709065,3.55823137849964,1.30159776703035,2.73374115155244,0.00626192502607543,0.0493167012703351,"Asb10","117590","ankyrin repeat and SOCS box-containing 10","Up_in_KO_treated"
"ENSMUSG00000084166",43.5904117327214,-1.22022582364168,0.446613782220527,-2.73217234267787,0.00629182193072831,0.0494669974179403,"Gm6451","623804","NSA2 ribosome biogenesis homolog pseudogene","Down_in_KO_treated"
"ENSMUSG00000026768",70.9327351674809,-1.13591263898108,0.41588636991827,-2.7313052822681,0.00630840063557305,0.0495335293148407,"Itga8","241226","integrin alpha 8","Down_in_KO_treated"
"ENSMUSG00000038295",135.711620953635,-0.849148539422104,0.311014765476955,-2.7302515304053,0.00632860191359744,0.0496282779882493,"Atg9b","213948","autophagy related 9B","Down_in_KO_treated"
"ENSMUSG00000017721",1242.83233141739,-0.720838626211046,0.26419530919621,-2.72843082795123,0.00636364350113074,0.0498603454628407,"Pigt","78928","phosphatidylinositol glycan anchor biosynthesis, class T","Down_in_KO_treated"
