"ENSEMBL","baseMean","log2FoldChange","lfcSE","stat","pvalue","padj","SYMBOL","ENTREZID","GENENAME","regulated"
"ENSMUSG00000059430",1344.92880477996,-5.6651078643303,0.193522597531199,-29.2736245616845,2.24747680062805e-188,3.62652856549342e-184,"Actg2","11468","actin, gamma 2, smooth muscle, enteric","Up_in_Male"
"ENSMUSG00000001349",766.966334548747,-4.10776628253533,0.209614170612302,-19.5967966790422,1.64669162302981e-85,1.32855080146045e-81,"Cnn1","12797","calponin 1","Up_in_Male"
"ENSMUSG00000030772",2121.18647898383,-1.64851017508545,0.084426226453189,-19.5260435570869,6.59556896939946e-85,3.54753669634099e-81,"Dkk3","50781","dickkopf WNT signaling pathway inhibitor 3","Up_in_Male"
"ENSMUSG00000067818",2011.77431821311,-2.95988407214164,0.153662804511834,-19.2622025970747,1.11531826927938e-82,4.49919389827302e-79,"Myl9","98932","myosin, light polypeptide 9, regulatory","Up_in_Male"
"ENSMUSG00000023092",1989.41788816965,-2.44945959538799,0.131613998692722,-18.6109351567285,2.62004428464194e-77,8.45540691539648e-74,"Fhl1","14199","four and a half LIM domains 1","Up_in_Male"
"ENSMUSG00000025582",1519.64974337369,2.15729618615917,0.115996047378878,18.5980146298674,3.33429534621192e-77,8.96703161774592e-74,"Nptx1","18164","neuronal pentraxin 1","Up_in_Female"
"ENSMUSG00000023885",8893.17400444992,-1.64275229231892,0.0902756423327432,-18.1970712128967,5.44417942754398e-74,1.25496113204071e-70,"Thbs2","21826","thrombospondin 2","Up_in_Male"
"ENSMUSG00000070867",442.68764871448,-3.33358869604213,0.183362384747602,-18.1803301731203,7.38875855980218e-74,1.4903126015121e-70,"Trabd2b","666048","TraB domain containing 2B","Up_in_Male"
"ENSMUSG00000070738",2394.53068305628,2.19800435215685,0.123197153675859,17.8413566107215,3.37404045522207e-71,6.04927964282925e-68,"Dgkd","227333","diacylglycerol kinase, delta","Up_in_Female"
"ENSMUSG00000005501",1422.46291865446,2.40413175183163,0.137338566876845,17.5051466350853,1.30889530242074e-68,2.1120334599861e-65,"Usp40","227334","ubiquitin specific peptidase 40","Up_in_Female"
"ENSMUSG00000021319",305.651396236795,-3.03872288101598,0.183135750034999,-16.5927345176201,7.86561210341628e-62,1.15381379000659e-58,"Sfrp4","20379","secreted frizzled-related protein 4","Up_in_Male"
"ENSMUSG00000033022",532.131165430132,-2.7592690859622,0.17422578855223,-15.8373172472973,1.7200409839582e-56,2.31288177642913e-53,"Cdo1","12583","cysteine dioxygenase 1, cytosolic","Up_in_Male"
"ENSMUSG00000035783",10570.4494065065,-2.04405297556799,0.129158189496338,-15.8259649158828,2.06016403830225e-56,2.55713899400347e-53,"Acta2","11475","actin alpha 2, smooth muscle, aorta","Up_in_Male"
"ENSMUSG00000069049",231.02192503837,-6.45427449061826,0.409337822692316,-15.7675986259147,5.19892016790026e-56,5.99212684494561e-53,"Eif2s3y","26908","eukaryotic translation initiation factor 2, subunit 3, structural gene Y-linked","Up_in_Male"
"ENSMUSG00000027996",1387.25265567153,-3.23487462419069,0.206413557401077,-15.6718127671483,2.35758170572747e-55,2.37762115022615e-52,"Sfrp2","20319","secreted frizzled-related protein 2","Up_in_Male"
"ENSMUSG00000060572",1722.07293861551,-2.38668653830593,0.152277865275745,-15.6732334931548,2.30545972699855e-55,2.37762115022615e-52,"Mfap2","17150","microfibrillar-associated protein 2","Up_in_Male"
"ENSMUSG00000047067",682.857869613073,3.33733970751826,0.213404621130807,15.6385540755119,3.97655064218516e-55,3.77444830366469e-52,"Dusp28","67446","dual specificity phosphatase 28","Up_in_Female"
"ENSMUSG00000049866",8142.25151438177,1.96473293697651,0.12626547496429,15.5603337930038,1.35390973765713e-54,1.21370486260197e-51,"Arl4c","320982","ADP-ribosylation factor-like 4C","Up_in_Female"
"ENSMUSG00000029223",1348.39603251381,-2.12444166151822,0.141415328132908,-15.0227113960488,5.21309341166216e-51,4.42728817318846e-48,"Uchl1","22223","ubiquitin carboxy-terminal hydrolase L1","Up_in_Male"
"ENSMUSG00000026270",1280.81608783879,3.13681922759202,0.211117135764787,14.8581933732128,6.15630760735078e-50,4.96690897761061e-47,"Capn10","23830","calpain 10","Up_in_Female"
"ENSMUSG00000026574",5691.50162858862,-1.69457883884955,0.116163857837615,-14.5878319676538,3.35697215567062e-48,2.57943346209053e-45,"Dpt","56429","dermatopontin","Up_in_Male"
"ENSMUSG00000026269",2316.71777033047,2.57033388139823,0.176243334505213,14.5840061901587,3.55054739476963e-48,2.60416512554558e-45,"Rnpepl1","108657","arginyl aminopeptidase (aminopeptidase B)-like 1","Up_in_Female"
"ENSMUSG00000033491",205.25233888992,-3.42358522691107,0.236089948554871,-14.5011901093933,1.19067430815852e-47,8.35335679845476e-45,"Prss35","244954","serine protease 35","Up_in_Male"
"ENSMUSG00000033585",391.523511418003,2.22929212581192,0.154303801601071,14.447421921434,2.6024598445399e-47,1.74972050214566e-44,"Ndn","17984","necdin, MAGE family member","Up_in_Female"
"ENSMUSG00000024529",4632.12575913817,-1.81294701508076,0.128248576895727,-14.1361959638334,2.27240326910626e-45,1.46669996601194e-42,"Lox","16948","lysyl oxidase","Up_in_Male"
"ENSMUSG00000069045",232.511244175402,-7.19489337471755,0.515147327179152,-13.9666712707516,2.48995180715698e-44,1.5453023984725e-41,"Ddx3y","26900","DEAD box helicase 3, Y-linked","Up_in_Male"
"ENSMUSG00000024304",744.391806693527,1.79929683694477,0.129028738373697,13.9449308706219,3.3777515229566e-44,2.01864439164547e-41,"Cdh2","12558","cadherin 2","Up_in_Female"
"ENSMUSG00000069806",479.054674557655,-1.88431449931693,0.136969149276506,-13.757218390201,4.60922348402246e-43,2.65622964779237e-40,"Cacng7","81904","calcium channel, voltage-dependent, gamma subunit 7","Up_in_Male"
"ENSMUSG00000045573",1086.68924399194,-2.63195065952247,0.203095383778552,-12.9591850418041,2.08450319591169e-38,1.15984632997349e-35,"Penk","18619","preproenkephalin","Up_in_Male"
"ENSMUSG00000039004",355.522694917839,-2.35965770972185,0.183511117229627,-12.8583910628653,7.71661538321235e-38,4.15051019411715e-35,"Bmp6","12161","bone morphogenetic protein 6","Up_in_Male"
"ENSMUSG00000022421",1655.33860257985,1.26290300174909,0.0985807004208623,12.810854420363,1.42556146992792e-37,7.42027738024415e-35,"Nptxr","73340","neuronal pentraxin receptor","Up_in_Female"
"ENSMUSG00000026342",2521.50043837776,2.36137384757664,0.184529377524607,12.7967366456962,1.70986841212981e-37,8.62201146816456e-35,"Slc35f5","74150","solute carrier family 35, member F5","Up_in_Female"
"ENSMUSG00000034205",5117.19652169928,-1.10012109942884,0.086677628218823,-12.6920997036458,6.54084063966989e-37,3.19827286550647e-34,"Loxl2","94352","lysyl oxidase-like 2","Up_in_Male"
"ENSMUSG00000024190",1403.79934625946,-1.72091153966741,0.136957764969016,-12.5652717832883,3.27746844243884e-36,1.55544796432921e-33,"Dusp1","19252","dual specificity phosphatase 1","Up_in_Male"
"ENSMUSG00000055373",245.761739409945,3.33635876624662,0.274824966055534,12.139940610681,6.48731062336028e-34,2.99083554910118e-31,"Fut9","14348","fucosyltransferase 9","Up_in_Female"
"ENSMUSG00000027985",243.998028592699,2.55676752877471,0.21231648024226,12.0422471484896,2.13071303155973e-33,9.55032929923548e-31,"Lef1","16842","lymphoid enhancer binding factor 1","Up_in_Female"
"ENSMUSG00000013415",319.453730390035,3.03682387824702,0.252644383369155,12.0201519533079,2.78458913399382e-33,1.21438189908444e-30,"Igf2bp1","140486","insulin-like growth factor 2 mRNA binding protein 1","Up_in_Female"
"ENSMUSG00000036446",870.418439896044,-1.61828743822451,0.136779002422615,-11.8314025512804,2.68615488421891e-32,1.14062618978306e-29,"Lum","17022","lumican","Up_in_Male"
"ENSMUSG00000082082",285.056884592818,2.85445537260393,0.241894917027558,11.8003941863679,3.88487352204123e-32,1.60734151670916e-29,NA,NA,NA,"Up_in_Female"
"ENSMUSG00000022265",23132.3111845064,1.01495410143185,0.0877762177804924,11.5629737427285,6.34719648526198e-31,2.56045906215468e-28,"Ank","11732","progressive ankylosis","Up_in_Female"
"ENSMUSG00000027239",148.659563495829,-3.79988507157327,0.33060404196121,-11.4937647133156,1.41794924282367e-30,5.58049487370797e-28,"Mdk","17242","midkine","Up_in_Male"
"ENSMUSG00000034488",925.090440603475,1.31497350220732,0.114759644924604,11.4585009658337,2.13172367839063e-30,8.18987935107411e-28,"Edil3","13612","EGF-like repeats and discoidin I-like domains 3","Up_in_Female"
"ENSMUSG00000029661",47695.5082573805,-1.12450972422788,0.0983975755861065,-11.428225924569,3.02220255883917e-30,1.13409908114951e-27,"Col1a2","12843","collagen, type I, alpha 2","Up_in_Male"
"ENSMUSG00000035314",1353.94424781146,1.27279422216516,0.11171591310495,11.3931326951555,4.52425728642577e-30,1.65916853576742e-27,"Gdpd5","233552","glycerophosphodiester phosphodiesterase domain containing 5","Up_in_Female"
"ENSMUSG00000030029",3982.99959767698,0.949117278872985,0.0838221137308071,11.3229938572183,1.00963889255107e-29,3.62034070448979e-27,"Lrig1","16206","leucine-rich repeats and immunoglobulin-like domains 1","Up_in_Female"
"ENSMUSG00000004872",71.0383935744657,5.25710214803757,0.465081616825341,11.3036120066897,1.25929607182077e-29,4.41739161193476e-27,"Pax3","18505","paired box 3","Up_in_Female"
"ENSMUSG00000028364",16212.0533560623,-1.78940148126166,0.158818554011414,-11.2669548743849,1.91063974606729e-29,6.55959211543442e-27,"Tnc","21923","tenascin C","Up_in_Male"
"ENSMUSG00000033737",128.862331874834,3.85235431343161,0.34614738303506,11.1292313685972,9.04117356973068e-29,3.03934118169113e-26,"Fndc3c1","333564","fibronectin type III domain containing 3C1","Up_in_Female"
"ENSMUSG00000020681",5549.25431649808,1.16025705782229,0.10428587615428,11.1257353402853,9.40273195808163e-29,3.09637720154296e-26,"Ace","11421","angiotensin I converting enzyme","Up_in_Female"
"ENSMUSG00000031239",4084.60382338644,2.06049426773716,0.18541923883418,11.1126239148239,1.08911376788267e-28,3.51478795171096e-26,"Itm2a","16431","integral membrane protein 2A","Up_in_Female"
"ENSMUSG00000015441",91.2081883628935,3.82711953856796,0.348694279260121,10.9755730627086,5.00872490961067e-28,1.58472127728388e-25,"Gzmf","14943","granzyme F","Up_in_Female"
"ENSMUSG00000042312",2232.32462373526,-1.19420682213865,0.109294911358069,-10.9264631564247,8.61407514878904e-28,2.67301378078577e-25,"S100a13","20196","S100 calcium binding protein A13","Up_in_Male"
"ENSMUSG00000034220",9005.74904399898,3.67013175531785,0.339691566950279,10.8043063543437,3.2842984403851e-27,9.9991395535951e-25,"Gpc1","14733","glypican 1","Up_in_Female"
"ENSMUSG00000062310",181.175613352164,2.34906234708734,0.221288729374912,10.6153727472831,2.52783481934147e-26,7.55354493423963e-24,"Glrp1","14659","glutamine repeat protein 1","Up_in_Female"
"ENSMUSG00000027074",790.228162448218,-1.70970517653301,0.162365453659811,-10.5299812121068,6.28470231878889e-26,1.84381739301777e-23,"Slc43a3","58207","solute carrier family 43, member 3","Up_in_Male"
"ENSMUSG00000039542",1790.80636153917,1.19762340655147,0.114325636434207,10.4755455023483,1.11890640578976e-25,3.22404888639706e-23,"Ncam1","17967","neural cell adhesion molecule 1","Up_in_Female"
"ENSMUSG00000022221",373.934737145195,-1.47384261073734,0.142946092858075,-10.3104784556837,6.31859615785437e-25,1.78871697549365e-22,"Ripk3","56532","receptor-interacting serine-threonine kinase 3","Up_in_Male"
"ENSMUSG00000041324",2055.25302509364,0.943731481415663,0.0928175550268386,10.1675968640068,2.76649843547382e-24,7.69658944048373e-22,"Inhba","16323","inhibin beta-A","Up_in_Female"
"ENSMUSG00000005611",184.000126135029,-2.29814745436498,0.226899870693046,-10.1284652448037,4.13081984684943e-24,1.12721186770451e-21,"Irag1","17540","inositol 1,4,5-triphosphate receptor associated 1","Up_in_Male"
"ENSMUSG00000029869",293.322472046294,1.744539758926,0.172265498886545,10.1270409350799,4.19141745551998e-24,1.12721186770451e-21,"Ephb6","13848","Eph receptor B6","Up_in_Female"
"ENSMUSG00000026068",265.29446846357,2.01894722006338,0.19995503943052,10.0970059360015,5.69545433369581e-24,1.50658772341829e-21,"Il18rap","16174","interleukin 18 receptor accessory protein","Up_in_Female"
"ENSMUSG00000029307",252.95327977589,2.74903342940394,0.2726846417373,10.0813650959203,6.67916449373864e-24,1.73830642372527e-21,"Dmp1","13406","dentin matrix protein 1","Up_in_Female"
"ENSMUSG00000022951",4157.63450660626,-1.17954457695982,0.117073464524705,-10.0752513112048,7.1078850817051e-24,1.82052116949831e-21,"Rcan1","54720","regulator of calcineurin 1","Up_in_Male"
"ENSMUSG00000068457",68.2939449035819,-5.25065049915409,0.5215689402411,-10.0670306340077,7.72759159057567e-24,1.94831902977389e-21,"Uty","22290","ubiquitously transcribed tetratricopeptide repeat containing, Y-linked","Up_in_Male"
"ENSMUSG00000022382",893.969604290381,1.67761116820134,0.168504760494291,9.95586809108678,2.37738872437762e-23,5.90177607023958e-21,"Wnt7b","22422","wingless-type MMTV integration site family, member 7B","Up_in_Female"
"ENSMUSG00000028565",1065.45929679806,-1.08563314002642,0.109509599277081,-9.91358882867928,3.63354677831942e-23,8.88347133560033e-21,"Nfia","18027","nuclear factor I/A","Up_in_Male"
"ENSMUSG00000016918",742.542363659226,-2.20488541833468,0.222837078084323,-9.89460747416702,4.3933047638723e-23,1.0580651592514e-20,"Sulf1","240725","sulfatase 1","Up_in_Male"
"ENSMUSG00000057098",914.950290968043,-1.19418389264995,0.121425023752569,-9.83474291990561,7.97710812607743e-23,1.89292083415273e-20,"Ebf1","13591","early B cell factor 1","Up_in_Male"
"ENSMUSG00000020363",290.528402085537,-2.07172003647855,0.211697559564376,-9.78622540921898,1.29022782900564e-22,3.01726322446883e-20,"Gfpt2","14584","glutamine fructose-6-phosphate transaminase 2","Up_in_Male"
"ENSMUSG00000032291",14787.1251910864,-1.05863666865047,0.108509972962751,-9.75612323683724,1.7366738605722e-22,4.00328134488472e-20,"Crabp1","12903","cellular retinoic acid binding protein I","Up_in_Male"
"ENSMUSG00000029322",742.863830173953,-1.81163882041663,0.186072689213627,-9.73618873394533,2.11332153225148e-22,4.80289524569152e-20,"Plac8","231507","placenta-specific 8","Up_in_Male"
"ENSMUSG00000044786",1511.42176778857,-1.5959260379408,0.164077341863521,-9.72666926350063,2.32067367263299e-22,5.20088755300083e-20,"Zfp36","22695","zinc finger protein 36","Up_in_Male"
"ENSMUSG00000053522",187.18019894584,2.06720508024583,0.213364936643232,9.68858854115476,3.37155700475338e-22,7.45252655187678e-20,"Lgals7","16858","lectin, galactose binding, soluble 7","Up_in_Female"
"ENSMUSG00000027858",321.616153857259,-1.71171182199278,0.176819909594112,-9.6805378190838,3.64791885546247e-22,7.84837582023233e-20,"Tspan2","70747","tetraspanin 2","Up_in_Male"
"ENSMUSG00000046402",3675.25106007069,1.19608929339555,0.123555121382745,9.68061283101607,3.6452431760827e-22,7.84837582023233e-20,"Rbp1","19659","retinol binding protein 1, cellular","Up_in_Female"
"ENSMUSG00000028214",676.565254137261,-1.3546898715368,0.140298547620286,-9.65576546952735,4.64675823640625e-22,9.86580143455938e-20,"Gem","14579","GTP binding protein overexpressed in skeletal muscle","Up_in_Male"
"ENSMUSG00000039062",982.371081563665,-1.04646866260657,0.108669708308327,-9.62981017338741,5.98399203638489e-22,1.25399604544294e-19,"Anpep","16790","alanyl aminopeptidase, membrane","Up_in_Male"
"ENSMUSG00000031253",625.141885269267,-1.62870805789449,0.169324514818054,-9.61885560188734,6.65676228617214e-22,1.3770963621753e-19,"Srpx2","68792","sushi-repeat-containing protein, X-linked 2","Up_in_Male"
"ENSMUSG00000031383",798.585636452133,1.32044565885703,0.137336980855225,9.61464021295905,6.93513756499833e-22,1.41652379428877e-19,"Dusp9","75590","dual specificity phosphatase 9","Up_in_Female"
"ENSMUSG00000004655",5383.21390468768,1.08595191453573,0.113467189071605,9.57062498349564,1.06261352684397e-21,2.14329148364429e-19,"Aqp1","11826","aquaporin 1","Up_in_Female"
"ENSMUSG00000031075",461.858133898489,1.77105762735991,0.185150223171874,9.56551710832045,1.11641956874272e-21,2.2240180445966e-19,"Ano1","101772","anoctamin 1, calcium activated chloride channel","Up_in_Female"
"ENSMUSG00000038871",1055.67661832554,1.13158486342271,0.119159908012015,9.49635563086045,2.17364465301344e-21,4.27730855134449e-19,"Bpgm","12183","2,3-bisphosphoglycerate mutase","Up_in_Female"
"ENSMUSG00000019590",778.087165462783,1.03346637914439,0.109209251852909,9.46317607354678,2.98728789010731e-21,5.80757558973151e-19,"Cyb561","13056","cytochrome b-561","Up_in_Female"
"ENSMUSG00000032839",106.782914013768,-2.64955705579433,0.280971239056911,-9.42999384808088,4.10113023178889e-21,7.87807588335066e-19,"Trpc1","22063","transient receptor potential cation channel, subfamily C, member 1","Up_in_Male"
"ENSMUSG00000022799",1082.48602598906,-1.01894285558811,0.108089944765248,-9.42680522042146,4.22769631520299e-21,8.02565973436652e-19,"Arhgap31","12549","Rho GTPase activating protein 31","Up_in_Male"
"ENSMUSG00000048078",1327.53723695745,1.08420519656819,0.115706447687305,9.37030924584465,7.23203205877428e-21,1.35693103837653e-18,"Tenm4","23966","teneurin transmembrane protein 4","Up_in_Female"
"ENSMUSG00000036782",59.1846606248404,3.4907594645012,0.37266400976571,9.36704208892025,7.45936428001808e-21,1.38349772439508e-18,"Klhl13","67455","kelch-like 13","Up_in_Female"
"ENSMUSG00000018339",1489.41546953587,-1.76520845439188,0.189037558796624,-9.33787161466138,9.82900061718707e-21,1.80228129498785e-18,"Gpx3","14778","glutathione peroxidase 3","Up_in_Male"
"ENSMUSG00000079186",677.09268524031,1.62839948533566,0.175009765744306,9.30462067879569,1.34471460308516e-20,2.43801290285193e-18,"Gzmc","14940","granzyme C","Up_in_Female"
"ENSMUSG00000061048",90.0300645996606,-4.32731604459328,0.465464672986952,-9.29676578208243,1.44782705383351e-20,2.59579303785083e-18,"Cdh3","12560","cadherin 3","Up_in_Male"
"ENSMUSG00000044629",245.221446008717,-1.76596617975804,0.191032099449473,-9.24434262538756,2.36691128048486e-20,4.19697587053887e-18,"Cnrip1","380686","cannabinoid receptor interacting protein 1","Up_in_Male"
"ENSMUSG00000020875",658.167723424214,1.20106107581683,0.130071388070344,9.23386067939308,2.61049272320927e-20,4.57857723714183e-18,"Hoxb9","15417","homeobox B9","Up_in_Female"
"ENSMUSG00000060044",65.8347808235927,-3.39846946007174,0.37045438068215,-9.1737866719617,4.56688304983155e-20,7.92378762280451e-18,"Tmem26","327766","transmembrane protein 26","Up_in_Male"
"ENSMUSG00000042367",405.766597676417,2.16805162668778,0.23666201021088,9.16096176465297,5.1436819458794e-20,8.82962254028829e-18,"Gjb3","14620","gap junction protein, beta 3","Up_in_Female"
"ENSMUSG00000047181",429.318146953986,1.40997490848566,0.154045326179397,9.1529872632659,5.5380513423852e-20,9.40652594323448e-18,"Samd14","217125","sterile alpha motif domain containing 14","Up_in_Female"
"ENSMUSG00000031342",768.05840113129,1.51304166493728,0.165761063717744,9.12784722179193,6.98748978762584e-20,1.17448057513678e-17,"Gpm6b","14758","glycoprotein m6b","Up_in_Female"
"ENSMUSG00000009073",2116.57082734583,0.944487379302256,0.103978991288525,9.08344433426414,1.05192157964593e-19,1.74987697001719e-17,"Nf2","18016","neurofibromin 2","Up_in_Female"
"ENSMUSG00000027318",177.473631712968,-2.96411750846047,0.327309116606536,-9.05601878490811,1.35298786865533e-19,2.22773594373698e-17,"Adam33","110751","a disintegrin and metallopeptidase domain 33","Up_in_Male"
"ENSMUSG00000097451",426.480723675351,-2.04038774078005,0.225887247189669,-9.03277084547764,1.67378919595626e-19,2.72810731979296e-17,NA,NA,NA,"Up_in_Male"
"ENSMUSG00000027188",68.5189799685526,-4.14347465440587,0.459716886923159,-9.01310082850718,2.00310966661406e-19,3.23221775804846e-17,"Pamr1","210622","peptidase domain containing associated with muscle regeneration 1","Up_in_Male"
"ENSMUSG00000015222",82.5221693296602,3.01765806637794,0.335682979960865,8.98960699982392,2.48116034412916e-19,3.96396072404636e-17,"Map2","17756","microtubule-associated protein 2","Up_in_Female"
"ENSMUSG00000032243",301.663765684143,-2.29486157111309,0.256167971767636,-8.9584250336912,3.29348777314313e-19,5.17987228775302e-17,"Itga11","319480","integrin alpha 11","Up_in_Male"
"ENSMUSG00000025265",457.025359488693,1.19942773610102,0.133894706103265,8.95799222394922,3.30643806171642e-19,5.17987228775302e-17,"Fgd1","14163","FYVE, RhoGEF and PH domain containing 1","Up_in_Female"
"ENSMUSG00000029864",146.65268332055,-1.79452116706185,0.200425228780848,-8.95356925860886,3.44169767520415e-19,5.33992631606675e-17,"Gstk1","76263","glutathione S-transferase kappa 1","Up_in_Male"
"ENSMUSG00000051236",1502.79494489001,-0.887503339531047,0.0991942492438539,-8.94712492202301,3.64861255031516e-19,5.60704877256052e-17,"Msrb3","320183","methionine sulfoxide reductase B3","Up_in_Male"
"ENSMUSG00000096225",391.794974348738,2.0857731470421,0.233523259062653,8.931757613414,4.19293353661568e-19,6.38275241007836e-17,"Lhx8","16875","LIM homeobox protein 8","Up_in_Female"
"ENSMUSG00000092035",2215.57258097894,-1.12020768111918,0.12606452487162,-8.88598661883631,6.33559835508944e-19,9.5543191642732e-17,"Peg10","170676","paternally expressed 10","Up_in_Male"
"ENSMUSG00000000420",6904.32984686792,0.863592101148176,0.0974132925436421,8.86523880466599,7.63402743808304e-19,1.140580247601e-16,"Galnt1","14423","polypeptide N-acetylgalactosaminyltransferase 1","Up_in_Female"
"ENSMUSG00000026494",901.277550716502,1.40580806398123,0.158862554707802,8.84920972451283,8.81411999823016e-19,1.30481321368295e-16,"Kif26b","269152","kinesin family member 26B","Up_in_Female"
"ENSMUSG00000029334",424.405572538143,1.60192070644433,0.18165013839856,8.81871448360552,1.15781250975467e-18,1.6984056961274e-16,"Prkg2","19092","protein kinase, cGMP-dependent, type II","Up_in_Female"
"ENSMUSG00000022324",3994.87267015639,-0.768788523498752,0.0878706316734641,-8.74909521938623,2.15070133458801e-18,3.1264609671092e-16,"Matn2","17181","matrilin 2","Up_in_Male"
"ENSMUSG00000026341",39219.6218637562,2.65124040021577,0.303313410967404,8.74092705548285,2.3120526998016e-18,3.33100735392845e-16,"Actr3","74117","ARP3 actin-related protein 3","Up_in_Female"
"ENSMUSG00000030638",698.941789374685,1.34433428367828,0.153913921274405,8.73432547587125,2.45114388296322e-18,3.50014669871634e-16,"Sh3gl3","20408","SH3-domain GRB2-like 3","Up_in_Female"
"ENSMUSG00000033377",415.516638012532,-1.23247588942758,0.141492538579322,-8.71053627139948,3.02440526723203e-18,4.28085994667157e-16,"Palmd","114301","palmdelphin","Up_in_Male"
"ENSMUSG00000033327",223.692503390414,-1.86530050368037,0.215349357494433,-8.66174167122182,4.64610288759191e-18,6.51908836471157e-16,"Tnxb","81877","tenascin XB","Up_in_Male"
"ENSMUSG00000022636",987.848252892656,1.58720081854436,0.183287726533018,8.65961321342721,4.73367696976041e-18,6.58470789517707e-16,"Alcam","11658","activated leukocyte cell adhesion molecule","Up_in_Female"
"ENSMUSG00000029304",22665.5967815231,1.34245382401951,0.155264217962963,8.64625373207198,5.32177115754505e-18,7.33949567505529e-16,"Spp1","20750","secreted phosphoprotein 1","Up_in_Female"
"ENSMUSG00000031586",1176.13277625229,-1.10902794557655,0.128697026080357,-8.6173548787684,6.85185214643645e-18,9.36961747753378e-16,"Rbpms","19663","RNA binding protein gene with multiple splicing","Up_in_Male"
"ENSMUSG00000056673",67.2880151406733,-6.58567725791271,0.767090905889826,-8.58526311203405,9.06287672623512e-18,1.2288956206263e-15,"Kdm5d","20592","lysine demethylase 5D","Up_in_Male"
"ENSMUSG00000001036",1550.03520841681,0.833345302849149,0.0972237260713087,8.57141910234887,1.02217511202986e-17,1.37448480064282e-15,"Epn2","13855","epsin 2","Up_in_Female"
"ENSMUSG00000052415",58.6252204256464,-4.56926481727189,0.533454732661841,-8.56542183902297,1.07680888941858e-17,1.43598249914531e-15,"Tchh","99681","trichohyalin","Up_in_Male"
"ENSMUSG00000032431",3228.64613712763,-0.832415545804453,0.0975648979233729,-8.53191632976677,1.43943150915311e-17,1.90382515013889e-15,"Crtap","56693","cartilage associated protein","Up_in_Male"
"ENSMUSG00000043336",4739.05470167842,-0.899029923673968,0.10579529241459,-8.49782540560363,1.93175371278273e-17,2.53420958613513e-15,"Filip1l","78749","filamin A interacting protein 1-like","Up_in_Male"
"ENSMUSG00000022425",2302.78991817848,-1.39210654151492,0.16444601183539,-8.46543206477038,2.55204833855215e-17,3.32095580571592e-15,"Enpp2","18606","ectonucleotide pyrophosphatase/phosphodiesterase 2","Up_in_Male"
"ENSMUSG00000000938",43.3166358197224,4.02427435141599,0.480761392794141,8.37062711718026,5.73123990234014e-17,7.39834296513284e-15,"Hoxa10","15395","homeobox A10","Up_in_Female"
"ENSMUSG00000049553",1875.77717222842,0.845478421460333,0.101018617501572,8.36953070999193,5.78481513152234e-17,7.4082362668448e-15,"Polr1a","20019","polymerase (RNA) I polypeptide A","Up_in_Female"
"ENSMUSG00000023913",14412.8188913343,1.39350935356553,0.16680434834017,8.35415483728098,6.59028543319125e-17,8.37329494094284e-15,"Pla2g7","27226","phospholipase A2, group VII (platelet-activating factor acetylhydrolase, plasma)","Up_in_Female"
"ENSMUSG00000026748",334.341888901491,-1.34053195617457,0.160791878381363,-8.33706260334324,7.61587454499923e-17,9.60076184828966e-15,"Plxdc2","67448","plexin domain containing 2","Up_in_Male"
"ENSMUSG00000075590",191.892103587712,-1.94528361810147,0.234122888280996,-8.30881436831895,9.66629977873985e-17,1.20911173046315e-14,"Nrbp2","223649","nuclear receptor binding protein 2","Up_in_Male"
"ENSMUSG00000041695",632.24063219185,-1.12053070908349,0.134961596844381,-8.30258929416443,1.0186653543368e-16,1.2643987813522e-14,"Kcnj2","16518","potassium inwardly-rectifying channel, subfamily J, member 2","Up_in_Male"
"ENSMUSG00000001661",97.2544047367153,1.94186979407208,0.235064880266769,8.26099497240209,1.44463171868937e-16,1.77943339028791e-14,"Hoxc6","15425","homeobox C6","Up_in_Female"
"ENSMUSG00000028111",4538.7956406881,-1.43481447098448,0.173874324094789,-8.25202040873086,1.55738817490029e-16,1.90378905986296e-14,"Ctsk","13038","cathepsin K","Up_in_Male"
"ENSMUSG00000011589",96.3952607122401,-2.2778576818549,0.277377727274177,-8.21211459276009,2.17326714249521e-16,2.63667959483479e-14,"Fsd1","240121","fibronectin type 3 and SPRY domain-containing protein","Up_in_Male"
"ENSMUSG00000009185",559.776016119969,-1.74367731152482,0.212508868730425,-8.20519784393911,2.30211468147407e-16,2.77215839554221e-14,"Ccl8","20307","C-C motif chemokine ligand 8","Up_in_Male"
"ENSMUSG00000001128",2355.73444503491,-1.26748111727409,0.155396383847928,-8.15643894593107,3.45046803378742e-16,4.11569275758929e-14,"Cfp","18636","complement factor properdin","Up_in_Male"
"ENSMUSG00000070348",7310.61329506799,1.07672455459613,0.132019542214598,8.1557967595881,3.46885358844908e-16,4.11569275758929e-14,"Ccnd1","12443","cyclin D1","Up_in_Female"
"ENSMUSG00000055148",1767.10638107464,-1.07066704325255,0.131677585906956,-8.13097412044819,4.25854264622801e-16,5.0157550466814e-14,"Klf2","16598","Kruppel-like transcription factor 2 (lung)","Up_in_Male"
"ENSMUSG00000071656",310.487519427517,-1.33545777478595,0.164932117557521,-8.09701466617136,5.63242841765798e-16,6.58585977879197e-14,"Lrrn4cl","68852","LRRN4 C-terminal like","Up_in_Male"
"ENSMUSG00000037664",321.973880939078,-2.1306348267391,0.263410353790978,-8.0886525380464,6.03284006378847e-16,7.00330268124394e-14,"Cdkn1c","12577","cyclin dependent kinase inhibitor 1C","Up_in_Male"
"ENSMUSG00000050334",33.1880492273129,4.96969404435071,0.615253489727394,8.07747396370345,6.61221409837521e-16,7.62104904938446e-14,"2810049E08Rik","72677","RIKEN cDNA 2810049E08 gene","Up_in_Female"
"ENSMUSG00000040856",4056.09716340103,-1.44268219931604,0.178733829860616,-8.07167954964711,6.93376614118807e-16,7.93498230171707e-14,"Dlk1","13386","delta like non-canonical Notch ligand 1","Up_in_Male"
"ENSMUSG00000040327",160.664026298263,-1.49328247175478,0.185307423778494,-8.05840608706409,7.72956714492205e-16,8.78340108806071e-14,"Cul9","78309","cullin 9","Up_in_Male"
"ENSMUSG00000036617",304.20008251706,1.75728621338493,0.218841525642371,8.02994864994989,9.75134716733826e-16,1.10033383141378e-13,"Etl4","208618","enhancer trap locus 4","Up_in_Female"
"ENSMUSG00000003279",328.379800418661,1.50307692161233,0.187339173942921,8.02329213894305,1.02948121241351e-15,1.15359089191003e-13,"Dlgap1","224997","DLG associated protein 1","Up_in_Female"
"ENSMUSG00000026080",54.6775689734802,-3.18348756908584,0.397019949833549,-8.01845743625861,1.07081375642613e-15,1.19163108784083e-13,"Chst10","98388","carbohydrate sulfotransferase 10","Up_in_Male"
"ENSMUSG00000108841",73.2068481467643,8.34353837192053,1.04290883885969,8.00025664855166,1.24160145923257e-15,1.3722247360395e-13,"Frmpd2","268729","FERM and PDZ domain containing 2","Up_in_Female"
"ENSMUSG00000091243",377.341560184579,-1.48508342190573,0.1861661983534,-7.97719153659995,1.49700427704652e-15,1.6432422458791e-13,"Vgll3","73569","vestigial like family member 3","Up_in_Male"
"ENSMUSG00000039529",208.104465131732,-1.38869490626949,0.175089894741608,-7.93132526762255,2.16819504761058e-15,2.36391860055704e-13,"Atp8b1","54670","ATPase, class I, type 8B, member 1","Up_in_Male"
"ENSMUSG00000016494",7367.49404741302,-0.674057053154247,0.0852127547788658,-7.91028355911602,2.56803287565473e-15,2.78105895849427e-13,"Cd34","12490","CD34 antigen","Up_in_Male"
"ENSMUSG00000029413",840.823902541581,-1.03737810754517,0.131551307320371,-7.88573012823668,3.12701744526171e-15,3.36383689978286e-13,"Naaa","67111","N-acylethanolamine acid amidase","Up_in_Male"
"ENSMUSG00000032348",136.988714257676,-1.98960434954324,0.252630234272925,-7.87555913594176,3.39222381542665e-15,3.62171028232314e-13,"Gsta4","14860","glutathione S-transferase, alpha 4","Up_in_Male"
"ENSMUSG00000024672",2455.57593010041,-0.774537048776497,0.0983558333603721,-7.87484607993328,3.41162594765194e-15,3.62171028232314e-13,"Ms4a7","109225","membrane-spanning 4-domains, subfamily A, member 7","Up_in_Male"
"ENSMUSG00000042644",1790.78737341125,0.916874027931789,0.116936542508498,7.84078277211898,4.47746430752955e-15,4.72211529845077e-13,"Itpr3","16440","inositol 1,4,5-triphosphate receptor 3","Up_in_Female"
"ENSMUSG00000006014",311.757680144391,-1.65754392688206,0.211732325017352,-7.828487817088,4.93772785129132e-15,5.17371276678161e-13,"Prg4","96875","proteoglycan 4 (megakaryocyte stimulating factor, articular superficial zone protein)","Up_in_Male"
"ENSMUSG00000040213",198.606205181586,-1.48384595387621,0.190161876987113,-7.80306745697911,6.04202315382459e-15,6.2899410071041e-13,"Kyat3","229905","kynurenine aminotransferase 3","Up_in_Male"
"ENSMUSG00000052854",290.933785038426,1.23907416071749,0.158887337760143,7.79844497481602,6.26746706197862e-15,6.48281080205686e-13,"Nrk","27206","Nik related kinase","Up_in_Female"
"ENSMUSG00000037621",112.430844807786,-1.86636839004782,0.239512019564014,-7.79237882693814,6.57592241673548e-15,6.75854038958241e-13,"Atoh8","71093","atonal bHLH transcription factor 8","Up_in_Male"
"ENSMUSG00000057530",2095.93067748802,-0.994627228507605,0.127886376812485,-7.77742909994227,7.40132249151931e-15,7.55871770399719e-13,"Ece1","230857","endothelin converting enzyme 1","Up_in_Male"
"ENSMUSG00000025348",339.410252242665,-1.15438097985957,0.149228727043971,-7.73564850901279,1.02877330422973e-14,1.04404314698433e-12,"Itga7","16404","integrin alpha 7","Up_in_Male"
"ENSMUSG00000029061",96.3807745817069,-2.22429578303989,0.288621739944049,-7.70661206418851,1.29201786401146e-14,1.30300001585556e-12,"Mmp23","26561","matrix metallopeptidase 23","Up_in_Male"
"ENSMUSG00000031494",102.683864935043,-2.29401965134831,0.297844179684834,-7.70207983844352,1.33869198140491e-14,1.33340332172528e-12,"Cd209a","170786","CD209a antigen","Up_in_Male"
"ENSMUSG00000037419",1684.65839905025,0.708493530311475,0.0919810673085388,7.70260175319475,1.33323376141444e-14,1.33340332172528e-12,"Endod1","71946","endonuclease domain containing 1","Up_in_Female"
"ENSMUSG00000054196",1604.89289786471,-2.71025525245779,0.352179603159808,-7.69566217958386,1.40763262726211e-14,1.3934699431596e-12,"Cthrc1","68588","collagen triple helix repeat containing 1","Up_in_Male"
"ENSMUSG00000100798",63.1860559566342,2.84315737602368,0.370191311124065,7.68023800286019,1.58793291809367e-14,1.56237107111948e-12,"Gm19589","100503197","predicted gene, 19589","Up_in_Female"
"ENSMUSG00000034285",203.409160244192,-1.41849861177131,0.184744087199872,-7.67818138740564,1.61362906470059e-14,1.57803142957628e-12,"Nipsnap1","18082","nipsnap homolog 1","Up_in_Male"
"ENSMUSG00000078695",1666.55072327682,-1.00046876667461,0.1304512069662,-7.66929482633179,1.72944501444669e-14,1.68110390078987e-12,"Cisd3","217149","CDGSH iron sulfur domain 3","Up_in_Male"
"ENSMUSG00000000318",140.999261135565,-1.98452211538152,0.259417499977341,-7.64991612190721,2.0111045112666e-14,1.94318457447892e-12,"Clec10a","17312","C-type lectin domain family 10, member A","Up_in_Male"
"ENSMUSG00000058665",162.433066544374,1.76014993081506,0.23099242651173,7.61994649519677,2.53780888192926e-14,2.43750500707206e-12,"En1","13798","engrailed 1","Up_in_Female"
"ENSMUSG00000021940",32.0830921071543,8.60074447649718,1.1300027192568,7.61125998188208,2.7143659977848e-14,2.5916573810802e-12,"Ptpn20","19256","protein tyrosine phosphatase, non-receptor type 20","Up_in_Female"
"ENSMUSG00000021614",3749.8159029857,0.913331363373494,0.120683109243524,7.56801319669764,3.78975498722882e-14,3.59714626317201e-12,"Vcan","13003","versican","Up_in_Female"
"ENSMUSG00000085342",1182.42121238622,0.973401800815811,0.128883673294739,7.55256097170493,4.26781735097079e-14,4.02722226755934e-12,NA,NA,NA,"Up_in_Female"
"ENSMUSG00000030351",797.144155757555,0.87497376025075,0.116645469597663,7.50113796334085,6.3266157621776e-14,5.93524836851731e-12,"Tspan11","68498","tetraspanin 11","Up_in_Female"
"ENSMUSG00000038884",243.748310041152,-1.63816418812454,0.218486850698473,-7.49777015361585,6.49125935070014e-14,6.05450640941604e-12,"Shfl","319278","shiftless antiviral inhibitor of ribosomal frameshifting","Up_in_Male"
"ENSMUSG00000021250",2309.42750667229,-2.80258123735045,0.375264686853379,-7.46827861915355,8.12506668864026e-14,7.53483195907467e-12,"Fos","14281","Fos proto-oncogene, AP-1 transcription factor subunit","Up_in_Male"
"ENSMUSG00000031561",1158.59517126569,1.27479980150307,0.170852439878242,7.46140823280929,8.5602573466111e-14,7.8930464311381e-12,"Tenm3","23965","teneurin transmembrane protein 3","Up_in_Female"
"ENSMUSG00000004032",1074.80645277311,-0.959740419211554,0.128677500623185,-7.45849441093845,8.75167314130927e-14,8.02369305728218e-12,"Gstm5","14866","glutathione S-transferase, mu 5","Up_in_Male"
"ENSMUSG00000006356",1655.64726542336,-1.24022367057196,0.166615643379072,-7.44362081146422,9.79624299407123e-14,8.93063146623352e-12,"Crip2","68337","cysteine rich protein 2","Up_in_Male"
"ENSMUSG00000024593",105.561556340368,2.54389134513313,0.342592288889911,7.42541915749476,1.12423317389774e-13,1.01913631988842e-11,"Megf10","70417","multiple EGF-like-domains 10","Up_in_Female"
"ENSMUSG00000026043",107556.703776715,-0.772194031353241,0.104083393493859,-7.41899361110664,1.18013604652151e-13,1.06383660595928e-11,"Col3a1","12825","collagen, type III, alpha 1","Up_in_Male"
"ENSMUSG00000025081",49.9997259536571,-3.84932987147134,0.519987209608524,-7.40273952963062,1.33403261289957e-13,1.19588612454153e-11,"Tdrd1","83561","tudor domain containing 1","Up_in_Male"
"ENSMUSG00000046179",1263.32459256011,0.868658813282105,0.11737923058861,7.40044732723266,1.35726499514992e-13,1.20999049512371e-11,"E2f8","108961","E2F transcription factor 8","Up_in_Female"
"ENSMUSG00000042425",63.0895442338157,2.53837321372697,0.343635967394782,7.38680887501742,1.50394533598811e-13,1.33338801876396e-11,"Frmpd3","245643","FERM and PDZ domain containing 3","Up_in_Female"
"ENSMUSG00000050332",683.75396892275,0.946450890546177,0.128427610790332,7.36952813123132,1.71233031651352e-13,1.50984491733673e-11,"Amer1","72345","APC membrane recruitment 1","Up_in_Female"
"ENSMUSG00000048096",50.603185564059,-3.56654378422839,0.485187682634866,-7.35085393112182,1.96944551342116e-13,1.72711808720455e-11,"Lmod1","93689","leiomodin 1 (smooth muscle)","Up_in_Male"
"ENSMUSG00000052516",137.430300941228,1.9067262485946,0.25958058529152,7.34541162411383,2.05126829037916e-13,1.78914946667882e-11,"Robo2","268902","roundabout guidance receptor 2","Up_in_Female"
"ENSMUSG00000052430",227.27923986288,-1.31002558053581,0.178416782781409,-7.34250197830782,2.09637423904391e-13,1.8186610065168e-11,"Bmpr1b","12167","bone morphogenetic protein receptor, type 1B","Up_in_Male"
"ENSMUSG00000021359",731.179113163461,1.21841928742832,0.165999901108708,7.33987959806326,2.13786087347225e-13,1.8447338531737e-11,"Tfap2a","21418","transcription factor AP-2, alpha","Up_in_Female"
"ENSMUSG00000027661",74.2282982439614,-2.11867318002833,0.288862849349926,-7.33452981162623,2.22501238035479e-13,1.90972339198962e-11,"Slc2a10","170441","solute carrier family 2 (facilitated glucose transporter), member 10","Up_in_Male"
"ENSMUSG00000042428",464.444598780786,1.19307772907539,0.163922631738077,7.27829779466779,3.38058451451175e-13,2.8861963876276e-11,"Mgat3","17309","mannoside acetylglucosaminyltransferase 3","Up_in_Female"
"ENSMUSG00000047496",213.584397936452,1.3579606042242,0.186609561998734,7.27701512012236,3.41287020293649e-13,2.89842492603069e-11,"Rnf152","320311","ring finger protein 152","Up_in_Female"
"ENSMUSG00000025665",704.396019806132,0.948079810368684,0.130354153004961,7.27310782597468,3.51309676760332e-13,2.96792300743702e-11,"Rps6ka6","67071","ribosomal protein S6 kinase polypeptide 6","Up_in_Female"
"ENSMUSG00000002885",622.354185451426,-0.877755562999862,0.120754332829021,-7.26893638046673,3.62328982224843e-13,3.04507315478128e-11,"Adgre5","26364","adhesion G protein-coupled receptor E5","Up_in_Male"
"ENSMUSG00000029126",937.453276718831,-0.955939958815993,0.131633142348896,-7.26215253816745,3.80978206903388e-13,3.18521468735392e-11,"Nsg1","18196","neuron specific gene family member 1","Up_in_Male"
"ENSMUSG00000053475",254.203382880062,-1.86467631480207,0.25686670071107,-7.25931508303796,3.89055258850597e-13,3.23597714268724e-11,"Tnfaip6","21930","tumor necrosis factor alpha induced protein 6","Up_in_Male"
"ENSMUSG00000022665",1301.96843471448,-1.03541971360262,0.142783886067656,-7.25165662679896,4.11704557728861e-13,3.40680243257072e-11,"Ccdc80","67896","coiled-coil domain containing 80","Up_in_Male"
"ENSMUSG00000069833",15559.3807809559,0.682494826908369,0.0942075943284056,7.244583961344,4.33768632143268e-13,3.57106665727743e-11,"Ahnak","66395","AHNAK nucleoprotein","Up_in_Female"
"ENSMUSG00000034161",1210.90104770088,1.1743857312141,0.162192862479858,7.24067454793175,4.46458585560882e-13,3.65688108457380e-11,"Scx","20289","scleraxis scleraxis bHLH transcription factor","Up_in_Female"
"ENSMUSG00000073421",4076.22900109779,-1.31427471275032,0.182046022010943,-7.21946405767284,5.21928607552837e-13,4.25345455124877e-11,"H2-Ab1","14961","histocompatibility 2, class II antigen A, beta 1","Up_in_Male"
"ENSMUSG00000009216",34.1553685924528,-5.26385024861909,0.729902012033915,-7.21172179530106,5.52487649078798e-13,4.47986970127411e-11,"Fam163b","109349","family with sequence similarity 163, member B","Up_in_Male"
"ENSMUSG00000033906",264.192448063701,1.73789562563309,0.241072506223629,7.20901629496043,5.63575181757172e-13,4.54692456641686e-11,"Zdhhc15","108672","zinc finger, DHHC domain containing 15","Up_in_Female"
"ENSMUSG00000049971",28.2744070838678,3.85380885724488,0.537073354982077,7.17557261311815,7.20051673508229e-13,5.7804745292183e-11,"Glt1d1","319804","glycosyltransferase 1 domain containing 1","Up_in_Female"
"ENSMUSG00000030084",1819.42719495934,0.760774195232659,0.106189167976446,7.16432956138625,7.81681519184622e-13,6.24416484829855e-11,"Plxna1","18844","plexin A1","Up_in_Female"
"ENSMUSG00000028195",5716.88230738494,-1.2642021529496,0.176759519411121,-7.15210222997505,8.5458883820514e-13,6.79292881442273e-11,"Ccn1","16007","cellular communication network factor 1","Up_in_Male"
"ENSMUSG00000081281",391.194807748009,1.45788371704754,0.204295652856862,7.13614654379842,9.59836802417734e-13,7.59212090382968e-11,"Rpl7-ps9","621983","ribosomal protein L7, pseudogene 9","Up_in_Female"
"ENSMUSG00000047330",128.782565824579,-2.18241649873617,0.306736596632681,-7.11495309882969,1.1195089905949e-12,8.8119010108484e-11,"Kcne4","57814","potassium voltage-gated channel, Isk-related subfamily, gene 4","Up_in_Male"
"ENSMUSG00000021676",714.378420050803,-1.04254593979281,0.146881246206767,-7.09788326771959,1.26682111204913e-12,9.92302206991492e-11,"Iqgap2","544963","IQ motif containing GTPase activating protein 2","Up_in_Male"
"ENSMUSG00000094392",439.261805855992,1.10111434490862,0.155233684655724,7.09326939800898,1.30980127605883e-12,1.02101224108625e-10,NA,NA,NA,"Up_in_Female"
"ENSMUSG00000042515",656.316981104745,1.23471593789787,0.1741762943981,7.08888624691823,1.35195591621075e-12,1.04378759157783e-10,"Pwwp3b","245631","PWWP domain containing 3B","Up_in_Female"
"ENSMUSG00000044080",1735.22228070507,-0.833809656007132,0.117618676577109,-7.08909231316254,1.34994460318273e-12,1.04378759157783e-10,"S100a1","20193","S100 calcium binding protein A1","Up_in_Male"
"ENSMUSG00000093738",50.0851071809359,2.69749800309807,0.380921344979835,7.08150918463461,1.42592916187022e-12,1.09565680742562e-10,"AI606473","99686","expressed sequence AI606473","Up_in_Female"
"ENSMUSG00000027750",105748.247322538,-0.78432127409421,0.110940348592848,-7.0697567119847,1.55205561001504e-12,1.18431836874286e-10,"Postn","50706","periostin, osteoblast specific factor","Up_in_Male"
"ENSMUSG00000032014",6220.74742922434,0.641412228283189,0.0907307252213784,7.06940484293689,1.5559958736582e-12,1.18431836874286e-10,"Oaf","102644","out at first homolog","Up_in_Female"
"ENSMUSG00000048402",584.489325847686,1.68573765957825,0.238735204430958,7.06111888104784,1.65167210048417e-12,1.25123854523063e-10,"Gli2","14633","GLI-Kruppel family member GLI2","Up_in_Female"
"ENSMUSG00000086503",7780.47727735493,0.822604281635063,0.116658215185813,7.05140465525571,1.77120574958437e-12,1.33552224183614e-10,"Xist","213742","inactive X specific transcripts","Up_in_Female"
"ENSMUSG00000057421",2047.79243735966,0.660909739952901,0.0937623373476038,7.04877628533,1.80498071354301e-12,1.35465901366186e-10,"Las1l","76130","LAS1-like (S. cerevisiae)","Up_in_Female"
"ENSMUSG00000001497",45.6334988248588,3.57598460288725,0.507533547463634,7.04580932779321,1.84386602925438e-12,1.37743621518744e-10,"Pax9","18511","paired box 9","Up_in_Female"
"ENSMUSG00000039787",321.100476706771,-1.08110567066217,0.1537455632307,-7.03178451426231,2.03908555344184e-12,1.50929745368521e-10,"Cercam","99151","cerebral endothelial cell adhesion molecule","Up_in_Male"
"ENSMUSG00000053580",1007.44179743803,0.672901893141332,0.0956896644127708,7.03212721322415,2.03408211439131e-12,1.50929745368521e-10,"Tanc2","77097","tetratricopeptide repeat, ankyrin repeat and coiled-coil containing 2","Up_in_Female"
"ENSMUSG00000015619",203.478451829931,1.46513441725747,0.208601196291637,7.02361464509115,2.16200589767142e-12,1.59297384314274e-10,"Gata3","14462","GATA binding protein 3","Up_in_Female"
"ENSMUSG00000022686",55.7480735843257,-2.50120766386649,0.356363212693045,-7.01870331947232,2.23936710555021e-12,1.64247398250719e-10,"B3gnt5","108105","UDP-GlcNAc:betaGal beta-1,3-N-acetylglucosaminyltransferase 5","Up_in_Male"
"ENSMUSG00000063011",177.76936680928,1.77840540004199,0.253446420637046,7.01688899599337,2.26862699404202e-12,1.65640566406616e-10,"Msln","56047","mesothelin","Up_in_Female"
"ENSMUSG00000018001",2444.804939089,0.697249172838118,0.0994195560130969,7.01319942271988,2.32929068131515e-12,1.69303758710366e-10,"Cyth3","19159","cytohesin 3","Up_in_Female"
"ENSMUSG00000022469",351.350151324462,1.2402073384277,0.176967523206636,7.00810700152913,2.41564043504342e-12,1.74792708788613e-10,"Rapgef3","223864","Rap guanine nucleotide exchange factor (GEF) 3","Up_in_Female"
"ENSMUSG00000021180",278.993896219241,-1.16899444895952,0.167107188228362,-6.99547674371746,2.64358434482378e-12,1.90432486553913e-10,"Rps6ka5","73086","ribosomal protein S6 kinase, polypeptide 5","Up_in_Male"
"ENSMUSG00000058173",702.694430773238,0.827676538813022,0.11839777618744,6.99064260719469,2.73629997955621e-12,1.96235273200529e-10,"Smco4","170748","single-pass membrane protein with coiled-coil domains 4","Up_in_Female"
"ENSMUSG00000032334",4516.69286597565,-0.841676741471181,0.120425795821789,-6.98917317280367,2.76510948758227e-12,1.97423923414281e-10,"Loxl1","16949","lysyl oxidase-like 1","Up_in_Male"
"ENSMUSG00000009741",1320.79171815717,-0.764773871877237,0.10944000329953,-6.98806513907078,2.78702994632615e-12,1.9811240182343e-10,"Ubp1","22221","upstream binding protein 1","Up_in_Male"
"ENSMUSG00000026712",6801.20462744748,-0.852914711143196,0.122225627236194,-6.97819868410238,2.98988637100067e-12,2.11600028431872e-10,"Mrc1","17533","mannose receptor, C type 1","Up_in_Male"
"ENSMUSG00000028464",9688.11447827727,-1.13975849996536,0.163878283103232,-6.95490871873113,3.52790390474186e-12,2.48029133991185e-10,"Tpm2","22004","tropomyosin 2, beta","Up_in_Male"
"ENSMUSG00000083716",1358.03565276935,0.801469503415454,0.115242898907595,6.95461074836461,3.53536817166413e-12,2.48029133991185e-10,"Gm13436","624088","ribosomal protein L18 pseudogene","Up_in_Female"
"ENSMUSG00000021127",3700.17467305391,-0.611417529464371,0.0879425046304306,-6.95246891174854,3.58947954668713e-12,2.50735246603219e-10,"Zfp36l1","12192","zinc finger protein 36, C3H type-like 1","Up_in_Male"
"ENSMUSG00000030220",1711.5573599291,1.21616140829396,0.17513724929489,6.94404767227005,3.81021828851186e-12,2.65007251307876e-10,"Arhgdib","11857","Rho, GDP dissociation inhibitor beta","Up_in_Female"
"ENSMUSG00000116031",40.8492357551707,-3.72335918309427,0.537095068293017,-6.93240247937439,4.13752771098535e-12,2.85904573453756e-10,"D030024E09Rik","432956","RIKEN cDNA D030024E09 gene","Up_in_Male"
"ENSMUSG00000023443",59.8715525200884,2.25901519765259,0.325877028448712,6.93210935550226,4.14611243109686e-12,2.85904573453756e-10,"Esx1","13984","extraembryonic, spermatogenesis, homeobox 1","Up_in_Female"
"ENSMUSG00000058600",2396.01316785543,0.695864484023292,0.100629354074369,6.91512422418039,4.67453564463098e-12,3.209715198373e-10,"Rpl30","19946","ribosomal protein L30","Up_in_Female"
"ENSMUSG00000042757",43.7823804654816,-3.77424289499972,0.546053781612638,-6.9118519495523,4.7836697255119e-12,3.2707328258839e-10,"Tmem108","81907","transmembrane protein 108","Up_in_Male"
"ENSMUSG00000029478",3259.31123063512,0.621592112373433,0.0900473673234332,6.9029459810945,5.09350028522429e-12,3.4678785064295e-10,"Ncor2","20602","nuclear receptor co-repressor 2","Up_in_Female"
"ENSMUSG00000079852",529.987343153671,1.23711693546252,0.17929520490963,6.89988857251403,5.20433448608195e-12,3.52845131375707e-10,"Klra4","16635","killer cell lectin-like receptor, subfamily A, member 4","Up_in_Female"
"ENSMUSG00000018474",2824.73905007347,0.794108056454337,0.115209728988557,6.89271699036123,5.47367052160078e-12,3.69552918562971e-10,"Chd3","216848","chromodomain helicase DNA binding protein 3","Up_in_Female"
"ENSMUSG00000044609",272.504507458006,1.05807204500633,0.154039880311788,6.86881892445463,6.47356127733562e-12,4.33433131830239e-10,"Gm9294","668668","ribosomal protein S4, X-linked pseudogene","Up_in_Female"
"ENSMUSG00000032118",1858.51157125837,-0.776866300504152,0.11309396891067,-6.86921069255053,6.4558099084625e-12,4.33433131830239e-10,"Fez1","235180","fasciculation and elongation protein zeta 1","Up_in_Male"
"ENSMUSG00000026618",2052.9527423969,0.695268644846349,0.10133036502275,6.86140471999928,6.81866773189961e-12,4.54652985627818e-10,"Iars2","381314","isoleucine-tRNA synthetase 2, mitochondrial","Up_in_Female"
"ENSMUSG00000044783",4276.97031602548,0.785588715934385,0.114547244346076,6.85820702557385,6.97301593941502e-12,4.63031214808233e-10,"A730008H23Rik","212427","RIKEN cDNA A730008H23 gene","Up_in_Female"
"ENSMUSG00000025584",376.180931922413,-1.15492545774819,0.16844193773561,-6.85651966056688,7.05583741199502e-12,4.66610624917834e-10,"Pde8a","18584","phosphodiesterase 8A","Up_in_Male"
"ENSMUSG00000000340",593.531419606056,-0.876389191259164,0.12784106707139,-6.8553025356849,7.11617561990838e-12,4.68680040011598e-10,"Dbt","13171","dihydrolipoamide branched chain transacylase E2","Up_in_Male"
"ENSMUSG00000016526",263.964905333793,1.32667380594624,0.193875761310224,6.84290700900668,7.76020299145963e-12,5.09018843374767e-10,"Dyrk3","226419","dual-specificity tyrosine phosphorylation regulated kinase 3","Up_in_Female"
"ENSMUSG00000049103",1912.6688690207,-0.839234376910869,0.122744907376108,-6.83722359526768,8.07426698917553e-12,5.26084791038751e-10,"Ccr2","12772","C-C motif chemokine receptor 2","Up_in_Male"
"ENSMUSG00000033220",995.99033349162,-0.789250779650741,0.115437786423918,-6.83702281636281,8.08558677352568e-12,5.26084791038751e-10,"Rac2","19354","Rac family small GTPase 2","Up_in_Male"
"ENSMUSG00000022883",716.000170699565,1.36867417632044,0.200745201866599,6.8179670726574,9.23377986687899e-12,5.98378602136383e-10,"Robo1","19876","roundabout guidance receptor 1","Up_in_Female"
"ENSMUSG00000031432",934.140351444995,1.24952037196551,0.183908547040328,6.79424851141646,1.08878564529794e-11,7.02745806901102e-10,"Prps1","19139","phosphoribosyl pyrophosphate synthetase 1","Up_in_Female"
"ENSMUSG00000027408",1923.65290919879,-1.14519366659017,0.168594772790121,-6.79258109630592,1.10144861726067e-11,7.08086648929013e-10,"Cpxm1","56264","carboxypeptidase X, M14 family member 1","Up_in_Male"
"ENSMUSG00000048755",388.206091040696,0.996634335177137,0.14688130638377,6.78530413239339,1.15842215870942e-11,7.41757934640286e-10,"Mcat","223722","malonyl CoA:ACP acyltransferase (mitochondrial)","Up_in_Female"
"ENSMUSG00000062044",203.848142041952,-1.63419173289962,0.241166381200617,-6.77620041717258,1.23377501842019e-11,7.8130150214758e-10,"Lmtk3","381983","lemur tyrosine kinase 3","Up_in_Male"
"ENSMUSG00000059248",7895.70028868822,0.735333129982892,0.108501131425018,6.7771931990503,1.22532986766365e-11,7.8130150214758e-10,"Septin9","53860","septin 9","Up_in_Female"
"ENSMUSG00000081485",2119.46648392809,0.699160739574479,0.103180532762071,6.77609158296077,1.23470428264522e-11,7.8130150214758e-10,NA,NA,NA,"Up_in_Female"
"ENSMUSG00000021149",2058.48609336341,0.808327669825576,0.11935805207607,6.7722927424319,1.26757321248825e-11,7.98967240496503e-10,"Gtpbp4","69237","GTP binding protein 4","Up_in_Female"
"ENSMUSG00000023008",2588.13709439168,0.639561591024534,0.0944473821885389,6.77161797611098,1.27350050176411e-11,7.99579925932518e-10,"Fmnl3","22379","formin-like 3","Up_in_Female"
"ENSMUSG00000050148",3677.41146671989,0.674190059553914,0.0995830350861951,6.77012966084396,1.28667031669498e-11,8.04717528301948e-10,"Ubqln2","54609","ubiquilin 2","Up_in_Female"
"ENSMUSG00000022407",1991.51564903605,0.706032182786957,0.104331937085276,6.76717218630648,1.31323756120025e-11,8.18162211873635e-10,"Adsl","11564","adenylosuccinate lyase","Up_in_Female"
"ENSMUSG00000032561",1016.05923432284,0.683233173769014,0.101028052573679,6.76280653109428,1.35343920925698e-11,8.39965195406562e-10,"Acp3","56318","acid phosphatase 3","Up_in_Female"
"ENSMUSG00000021156",2037.7793607808,0.648554826234116,0.096072080948725,6.75071071459625,1.47122680624988e-11,9.09567653089966e-10,"Zmynd11","66505","zinc finger, MYND domain containing 11","Up_in_Female"
"ENSMUSG00000020893",877.557462461932,0.918917710745832,0.13617871760332,6.74788048322338,1.50020438733454e-11,9.23942671527868e-10,"Per1","18626","period circadian clock 1","Up_in_Female"
"ENSMUSG00000100826",38.860204779547,2.79959706349409,0.41569954955893,6.73466465495223,1.64308442590124e-11,1.00809164624876e-09,"Ipw","16353","imprinted gene in the Prader-Willi syndrome region","Up_in_Female"
"ENSMUSG00000000296",97.0100328664843,-1.56951789576635,0.233376803873329,-6.72525233749557,1.75288400330275e-11,1.07138394989747e-09,"Tpd52l1","21987","tumor protein D52-like 1","Up_in_Male"
"ENSMUSG00000028496",1268.51386495651,0.795362480113442,0.118331062189277,6.72150207560223,1.79860674112069e-11,1.09518182546126e-09,"Mllt3","70122","myeloid/lymphoid or mixed-lineage leukemia; translocated to, 3","Up_in_Female"
"ENSMUSG00000002489",245.022563280791,1.59107288798985,0.236742327189728,6.72069463402185,1.80860268851167e-11,1.09712830758738e-09,"Tiam1","21844","T cell lymphoma invasion and metastasis 1","Up_in_Female"
"ENSMUSG00000068740",35.3032264817135,-3.44815091409731,0.513343318863139,-6.71704644317502,1.85444877677214e-11,1.12072604726574e-09,"Celsr2","53883","cadherin, EGF LAG seven-pass G-type receptor 2","Up_in_Male"
"ENSMUSG00000061838",2720.17421094995,0.701082329149201,0.104393452061017,6.71576919153347,1.87076714402205e-11,1.12636935208731e-09,"Suclg2","20917","succinate-Coenzyme A ligase, GDP-forming, beta subunit","Up_in_Female"
"ENSMUSG00000052949",549.633270560032,0.978157668615389,0.146027365880342,6.69845451719587,2.10635259675317e-11,1.26349834576986e-09,"Rnf157","217340","ring finger protein 157","Up_in_Female"
"ENSMUSG00000063171",95.8929981494365,-1.81940813953503,0.272337275121652,-6.68071654430083,2.37776747698273e-11,1.41578066452374e-09,NA,NA,NA,"Up_in_Male"
"ENSMUSG00000032327",662.004844379436,1.37824248606352,0.206298232277806,6.68082547700913,2.37600050188362e-11,1.41578066452374e-09,"Stra6","20897","stimulated by retinoic acid gene 6","Up_in_Female"
"ENSMUSG00000017754",1195.26628868434,-1.02128747279703,0.152918999354079,-6.67861728830877,2.41207143067287e-11,1.430925904608e-09,"Pltp","18830","phospholipid transfer protein","Up_in_Male"
"ENSMUSG00000061762",55.0567089678738,-2.61435650360812,0.391688846023122,-6.67457480638545,2.47949979686794e-11,1.4655387810352e-09,"Tac1","21333","tachykinin 1","Up_in_Male"
"ENSMUSG00000034403",2230.19920476877,0.583586423762289,0.0875772060695776,6.66367939733823,2.67055703721024e-11,1.57270468439505e-09,"Pja1","18744","praja ring finger ubiquitin ligase 1","Up_in_Female"
"ENSMUSG00000054580",101.281308105717,-1.65820192184918,0.249119123126467,-6.65626107317092,2.80881144071478e-11,1.64213700751354e-09,"Pla2r1","18779","phospholipase A2 receptor 1","Up_in_Male"
"ENSMUSG00000056952",1304.78343163396,0.639876528303526,0.0961259879803062,6.6566444907138,2.80149713276412e-11,1.64213700751354e-09,"Tatdn2","381801","TatD DNase domain containing 2","Up_in_Female"
"ENSMUSG00000028031",8848.58374481848,-0.718487427434294,0.107975520357249,-6.65416962156884,2.84903952122531e-11,1.65964266117298e-09,"Dkk2","56811","dickkopf WNT signaling pathway inhibitor 2","Up_in_Male"
"ENSMUSG00000034751",2535.35201592404,0.629049041496162,0.0946798721864372,6.64395744279715,3.05370779732693e-11,1.77246866970026e-09,"Mast4","328329","microtubule associated serine/threonine kinase family member 4","Up_in_Female"
"ENSMUSG00000025869",2485.49207481331,0.59381841742714,0.089420307142723,6.64075573436973,3.12078854709245e-11,1.80491197117863e-09,"Nop16","28126","NOP16 nucleolar protein","Up_in_Female"
"ENSMUSG00000022156",30.1483367762856,3.2194859282652,0.486136270697319,6.62259971601613,3.52935814792025e-11,2.03391868124433e-09,"Gzme","14942","granzyme E","Up_in_Female"
"ENSMUSG00000060703",872.23350965604,-0.790474817588782,0.119526713002961,-6.61337367797608,3.75658575771146e-11,2.1571625546773e-09,"Cd302","66205","CD302 antigen","Up_in_Male"
"ENSMUSG00000031245",1625.81473819249,0.695550025705622,0.10546451538039,6.59510948490026,4.24942151351945e-11,2.43151296248758e-09,"Hmgn5","50887","high-mobility group nucleosome binding domain 5","Up_in_Female"
"ENSMUSG00000001865",237.334552545175,-3.55310282776139,0.538909599834774,-6.59313329888861,4.30639590233871e-11,2.45540651166564e-09,"Cpa3","12873","carboxypeptidase A3, mast cell","Up_in_Male"
"ENSMUSG00000058297",274.476451124573,1.39509798419944,0.212031235250117,6.57968144435769,4.714572587223e-11,2.67867405871233e-09,"Spock2","94214","sparc/osteonectin, cwcv and kazal-like domains proteoglycan 2","Up_in_Female"
"ENSMUSG00000004768",1659.61585146945,-0.716998876972707,0.108992927156968,-6.57839821055643,4.75543245465745e-11,2.69240905573167e-09,"Rab23","19335","RAB23, member RAS oncogene family","Up_in_Male"
"ENSMUSG00000039693",600.077805042685,0.774774964028989,0.118089917332181,6.56089005337847,5.3487548822993e-11,3.00723027110737e-09,"Msantd3","66665","Myb/SANT-like DNA-binding domain containing 3","Up_in_Female"
"ENSMUSG00000008489",24.4362613380022,4.08253804256053,0.622888026079911,6.55420857622454,5.59377378984879e-11,3.13406714836806e-09,"Elavl2","15569","ELAV like RNA binding protein 1","Up_in_Female"
"ENSMUSG00000024803",1960.76496861037,-0.829765721761883,0.12698421563832,-6.53440049687157,6.38648370600294e-11,3.5658235667842e-09,"Ankrd1","107765","ankyrin repeat domain 1","Up_in_Male"
"ENSMUSG00000024044",3417.27821930934,-0.618646659005837,0.09516873612157,-6.50052406092237,8.00406856472405e-11,4.45357415035818e-09,"Epb41l3","13823","erythrocyte membrane protein band 4.1 like 3","Up_in_Male"
"ENSMUSG00000031838",2850.87857215649,-0.741064864337255,0.11401543188791,-6.49968913914923,8.04861515968579e-11,4.46297093528144e-09,"Ifi30","65972","interferon gamma inducible protein 30","Up_in_Male"
"ENSMUSG00000029373",2022.84783747168,-1.01957713679623,0.157117552702943,-6.48926309795518,8.62572221063462e-11,4.76659772571234e-09,"Pf4","56744","platelet factor 4","Up_in_Male"
"ENSMUSG00000029471",992.162960970735,0.727160535917107,0.112068654337208,6.48852741400039,8.66793866732642e-11,4.77357878279792e-09,"Camkk2","207565","calcium/calmodulin-dependent protein kinase kinase 2, beta","Up_in_Female"
"ENSMUSG00000038217",107.976008630337,-1.66510095135921,0.256816198093376,-6.48362900674121,8.95422445145902e-11,4.91446822274635e-09,"Tlcd2","380712","TLC domain containing 2","Up_in_Male"
"ENSMUSG00000021583",1394.43800040447,0.717464723510607,0.110718393304343,6.48008611846849,9.16702805274002e-11,5.01420897149196e-09,"Erap1","80898","endoplasmic reticulum aminopeptidase 1","Up_in_Female"
"ENSMUSG00000022947",144.568039429618,-1.32895530035195,0.205251531512971,-6.47476435647432,9.4960020124896e-11,5.17660434032203e-09,"Cbr3","109857","carbonyl reductase 3","Up_in_Male"
"ENSMUSG00000034640",1523.78054413481,0.603031148042206,0.0931955065711935,6.47060325361869,9.76124239080589e-11,5.30327970431124e-09,"Tiparp","99929","TCDD-inducible poly(ADP-ribose) polymerase","Up_in_Female"
"ENSMUSG00000024899",296.033482314876,-1.02844107758816,0.159693290642261,-6.44010198206782,1.19393252372499e-10,6.46486416202232e-09,"Papss2","23972","3'-phosphoadenosine 5'-phosphosulfate synthase 2","Up_in_Male"
"ENSMUSG00000030103",1465.04458602354,0.866856942280508,0.134930135136042,6.42448732009723,1.32314689380177e-10,7.14056798608209e-09,"Bhlhe40","20893","basic helix-loop-helix family, member e40","Up_in_Female"
"ENSMUSG00000016487",5077.82924979638,0.632732214947581,0.0985483618719224,6.42052493749116,1.35805220261224e-10,7.30451011378371e-09,"Ppfibp1","67533","PTPRF interacting protein, binding protein 1 (liprin beta 1)","Up_in_Female"
"ENSMUSG00000030214",718.062704095415,-0.974976468293924,0.151988301581876,-6.41481257535274,1.4099621639118e-10,7.53349320426517e-09,"Plbd1","66857","phospholipase B domain containing 1","Up_in_Male"
"ENSMUSG00000004098",2261.70335422281,-0.919292797932242,0.143472194021834,-6.40746316176317,1.47960821284335e-10,7.8795241328186e-09,"Col5a3","53867","collagen, type V, alpha 3","Up_in_Male"
"ENSMUSG00000042745",832.203541960485,-1.16592467861548,0.182032878800743,-6.40502246790112,1.50347238789986e-10,7.98027317472113e-09,"Id1","15901","inhibitor of DNA binding 1, HLH protein","Up_in_Male"
"ENSMUSG00000028197",272.277276317064,-1.28764355708118,0.201056782765164,-6.40437760602762,1.50984016123943e-10,7.98779699729816e-09,"Col24a1","71355","collagen, type XXIV, alpha 1","Up_in_Male"
"ENSMUSG00000017493",30337.902965902,0.881594855332971,0.137672704075165,6.40355589189013,1.51799248436774e-10,8.00468193717578e-09,"Igfbp4","16010","insulin-like growth factor binding protein 4","Up_in_Female"
"ENSMUSG00000032440",3663.51095824394,-0.722269414160934,0.112929432849799,-6.39575880206169,1.59752009561583e-10,8.39660725174498e-09,"Tgfbr2","21813","transforming growth factor, beta receptor II","Up_in_Male"
"ENSMUSG00000022887",2425.05505182753,-0.619086182720862,0.0968716171082025,-6.39079021494358,1.6503066570017e-10,8.64589227836992e-09,"Masp1","17174","MBL associated serine protease 1","Up_in_Male"
"ENSMUSG00000046733",466.200833690605,1.00921579154638,0.158083518343818,6.38406711920102,1.72445448433864e-10,9.0051124787341e-09,"Gprc5a","232431","G protein-coupled receptor, family C, group 5, member A","Up_in_Female"
"ENSMUSG00000025289",3759.142200622,0.598136227395807,0.0937563250783096,6.37968933718568,1.77447577104593e-10,9.2364325940636e-09,"Prdx4","53381","peroxiredoxin 4","Up_in_Female"
"ENSMUSG00000070526",186.286424238155,1.45416287801467,0.228005353716124,6.37775760224105,1.79699630989922e-10,9.32357956801729e-09,"Peg12","27412","paternally expressed 12","Up_in_Female"
"ENSMUSG00000032011",7588.34173111293,-1.91924971591363,0.301425720261896,-6.36723937906187,1.92460684633017e-10,9.95367181807166e-09,"Thy1","21838","thymus cell antigen 1, theta","Up_in_Male"
"ENSMUSG00000038070",848.114177386444,0.830512405799144,0.130489240547574,6.36460448627067,1.95793599932368e-10,1.00936917843728e-08,"Cntln","338349","centlein, centrosomal protein","Up_in_Female"
"ENSMUSG00000000628",1037.55354545729,0.902000769734246,0.14176040353456,6.36285413447165,1.98038746834299e-10,1.01769210793575e-08,"Hk2","15277","hexokinase 2","Up_in_Female"
"ENSMUSG00000029838",39913.4940337717,-0.954952009825198,0.150193302069725,-6.35815310446985,2.04193897902143e-10,1.04599134493619e-08,"Ptn","19242","pleiotrophin","Up_in_Male"
"ENSMUSG00000022225",205.418059098029,-3.44667731525437,0.542182784209183,-6.35703938899798,2.05679266864564e-10,1.05026602852108e-08,"Cma1","17228","chymase 1, mast cell","Up_in_Male"
"ENSMUSG00000050244",1613.93487965036,0.648855191710009,0.102108835413958,6.35454502129509,2.09044417378648e-10,1.06408224568513e-08,"Heatr1","217995","HEAT repeat containing 1","Up_in_Female"
"ENSMUSG00000016087",668.537410479654,-0.787110850461508,0.124016282463111,-6.34683474482987,2.1979000219837e-10,1.1152614702745e-08,"Fli1","14247","Fli1 proto-oncogene, ETS transcription factor","Up_in_Male"
"ENSMUSG00000015354",683.967294004142,-0.922682068953841,0.145604025357682,-6.33692692689806,2.34393086519664e-10,1.18563223952392e-08,"Pcolce2","76477","procollagen C-endopeptidase enhancer 2","Up_in_Male"
"ENSMUSG00000027261",178.527035544151,1.1954523225293,0.188943341757099,6.32704127815282,2.49906521362315e-10,1.26015363396947e-08,"Hao1","15112","hydroxyacid oxidase 1, liver","Up_in_Female"
"ENSMUSG00000039202",2612.65378984841,0.918662246161293,0.145427535335021,6.31697597050635,2.66731036767814e-10,1.34019917995962e-08,"Abhd2","54608","abhydrolase domain containing 2","Up_in_Female"
"ENSMUSG00000040675",1422.3977542967,0.695712666239479,0.110140989537662,6.31656451571633,2.67441829416831e-10,1.34019917995962e-08,"Mthfd1l","270685","methylenetetrahydrofolate dehydrogenase (NADP+ dependent) 1-like","Up_in_Female"
"ENSMUSG00000028906",949.362768296874,-0.673072562719148,0.106568525842787,-6.31586631602734,2.68652212073389e-10,1.34209662353443e-08,"Epb41","269587","erythrocyte membrane protein band 4.1","Up_in_Male"
"ENSMUSG00000049047",539.070710826991,-0.973978151507461,0.154374437533358,-6.30919319979383,2.80493797717806e-10,1.39692837036251e-08,"Armcx3","71703","armadillo repeat containing, X-linked 3","Up_in_Male"
"ENSMUSG00000040152",4624.22952218727,-1.02873708216654,0.163339868432792,-6.2981383053448,3.01241676846481e-10,1.4956417531061e-08,"Thbs1","21825","thrombospondin 1","Up_in_Male"
"ENSMUSG00000019843",1263.90813585847,-0.895509491526994,0.142627033404854,-6.27867992588085,3.41459717721264e-10,1.67981524547266e-08,"Fyn","14360","Fyn proto-oncogene, Src family tyrosine kinase","Up_in_Male"
"ENSMUSG00000051323",1064.86983634717,0.72977827259762,0.116285564651159,6.27574260646074,3.47969428666174e-10,1.70663668722109e-08,"Pcdh19","279653","protocadherin 19","Up_in_Female"
"ENSMUSG00000024397",1397.87426150483,-0.764425604713086,0.121942256260127,-6.26875070346752,3.63956275248495e-10,1.77963589618476e-08,"Aif1","11629","allograft inflammatory factor 1","Up_in_Male"
"ENSMUSG00000020598",103.748459549442,-2.13406522608408,0.340491931517004,-6.26759411471546,3.66669014410006e-10,1.78748375121446e-08,"Nrcam","319504","neuronal cell adhesion molecule","Up_in_Male"
"ENSMUSG00000041594",484.741615964492,0.906524773015133,0.14477037512392,6.2618113149128,3.80531214014965e-10,1.84947339438117e-08,"Tmtc4","70551","transmembrane and tetratricopeptide repeat containing 4","Up_in_Female"
"ENSMUSG00000015533",218.068480726244,1.17295682131395,0.187383551735971,6.25965732022565,3.85824339409072e-10,1.86515061855216e-08,"Itga2","16398","integrin alpha 2","Up_in_Female"
"ENSMUSG00000053007",464.572697830173,-0.951980499066283,0.152084285438631,-6.25955861462376,3.8606860845093e-10,1.86515061855216e-08,"Creb5","231991","cAMP responsive element binding protein 5","Up_in_Male"
"ENSMUSG00000020227",155.063823354288,-1.1947753287226,0.19107675095371,-6.25285558164032,4.03014787208073e-10,1.94120794220581e-08,"Irak3","73914","interleukin-1 receptor-associated kinase 3","Up_in_Male"
"ENSMUSG00000025499",818.328226590862,0.776906943849423,0.124627251418282,6.23384480527391,4.55123986700954e-10,2.17919307104053e-08,"Hras","15461","Hras proto-oncogene, GTPase","Up_in_Female"
"ENSMUSG00000052337",3213.13164086068,0.581430865448139,0.0932693156280755,6.23389226706323,4.54986043642986e-10,2.17919307104053e-08,"Immt","76614","inner membrane protein, mitochondrial","Up_in_Female"
"ENSMUSG00000078920",983.480504644682,0.737362514836403,0.118305110986036,6.23271901518638,4.58407979130346e-10,2.18842341752878e-08,"Ifi47","15953","interferon gamma inducible protein 47","Up_in_Female"
"ENSMUSG00000052105",573.479018493365,-0.894788758699894,0.143697234414929,-6.22690312964669,4.7574506385506e-10,2.26449036883931e-08,"Mtcl1","68617","microtubule crosslinking factor 1","Up_in_Male"
"ENSMUSG00000018774",2769.69484153931,-0.760512132050076,0.122248499752687,-6.22103447967558,4.93887603145155e-10,2.343932460103e-08,"Cd68","12514","CD68 antigen","Up_in_Male"
"ENSMUSG00000074743",613.714613641161,-1.02800023757048,0.165355723238678,-6.21690146210809,5.07067962238548e-10,2.39942775327895e-08,"Thbd","21824","thrombomodulin","Up_in_Male"
"ENSMUSG00000073409",720.638723940782,-1.38868533848226,0.223607104479085,-6.21038111341472,5.28562523427234e-10,2.49382598772569e-08,"H2-Q6","110557","histocompatibility 2, Q region locus 6","Up_in_Male"
"ENSMUSG00000020715",679.588131825532,0.737593270232071,0.118874349638288,6.20481434789279,5.47615099976297e-10,2.57618578811007e-08,"Ern1","78943","endoplasmic reticulum to nucleus signalling 1","Up_in_Female"
"ENSMUSG00000040389",362.065640937259,-0.883311852406297,0.14238921292593,-6.20350259865393,5.52201280440863e-10,2.59020926197493e-08,"Wdr47","99512","WD repeat domain 47","Up_in_Male"
"ENSMUSG00000095609",218.502894763113,-1.2638509899281,0.203797749328185,-6.20149630746345,5.59288328314791e-10,2.6158482509239e-08,"Anxa2r1","100861753","annexin A2 receptor 1","Up_in_Male"
"ENSMUSG00000071856",622.842105774755,-0.805871688842933,0.130030751095544,-6.19754698064303,5.7349923354113e-10,2.6745617434739e-08,"Mcc","328949","mutated in colorectal cancers","Up_in_Male"
"ENSMUSG00000030148",690.130351500863,-0.732871662779922,0.118344826325076,-6.19268020020436,5.91496642343818e-10,2.75054461696249e-08,"Clec4a2","26888","C-type lectin domain family 4, member a2","Up_in_Male"
"ENSMUSG00000060636",3054.9946537979,0.764398798168129,0.123448493111782,6.19204640656057,5.93880599096318e-10,2.75369463994775e-08,"Rpl35a","57808","ribosomal protein L35A","Up_in_Female"
"ENSMUSG00000021388",16664.7455481158,-0.873635347188271,0.141120134404506,-6.19072077046135,5.9889720839495e-10,2.76899866895728e-08,"Aspn","66695","asporin","Up_in_Male"
"ENSMUSG00000113233",12.8669205369096,7.28380529336616,1.17899390795152,6.17798382522741,6.49253643074566e-10,2.99324479561463e-08,NA,NA,NA,"Up_in_Female"
"ENSMUSG00000059751",226.324574485192,1.61215493344765,0.261432928543621,6.16661008400346,6.97695142929347e-10,3.20740992202506e-08,"Rps3a3","668144","ribosomal protein S3A3","Up_in_Female"
"ENSMUSG00000041147",339.101968911479,1.00481264699766,0.162978733070321,6.16529916553048,7.03500069313605e-10,3.21610287715629e-08,"Brca2","12190","breast cancer 2, early onset","Up_in_Female"
"ENSMUSG00000019539",5255.6497284374,-0.699856326073198,0.113515687105518,-6.16528291303606,7.03572332446808e-10,3.21610287715629e-08,"Rcn3","52377","reticulocalbin 3, EF-hand calcium binding domain","Up_in_Male"
"ENSMUSG00000033016",932.443737668185,-0.825983865972768,0.134139676485033,-6.15764021217787,7.3836863756518e-10,3.3603894952129e-08,"Nfatc1","18018","nuclear factor of activated T cells, cytoplasmic, calcineurin dependent 1","Up_in_Male"
"ENSMUSG00000059878",942.144062397272,0.796000730129661,0.12928397913746,6.1569943580041,7.41384891110432e-10,3.3603894952129e-08,"Zfp422","67255","zinc finger protein 422","Up_in_Female"
"ENSMUSG00000028517",1618.3355570751,-0.706155634395612,0.11469145945142,-6.15700277747987,7.41345493452573e-10,3.3603894952129e-08,"Plpp3","67916","phospholipid phosphatase 3","Up_in_Male"
"ENSMUSG00000059327",93.6426514416976,-1.78747761014118,0.290358899319728,-6.15609721048329,7.45594681067084e-10,3.37000441840293e-08,"Eda","13607","ectodysplasin-A","Up_in_Male"
"ENSMUSG00000033965",197.621673947956,-1.44058882129904,0.234511097312594,-6.14294520731696,8.10052326357671e-10,3.64094828359537e-08,"Slc16a2","20502","solute carrier family 16 (monocarboxylic acid transporters), member 2","Up_in_Male"
"ENSMUSG00000027932",365.099305271132,-1.1462502040094,0.186616452142355,-6.14227840498764,8.13461171716262e-10,3.64611374078156e-08,"Slc27a3","26568","solute carrier family 27 (fatty acid transporter), member 3","Up_in_Male"
"ENSMUSG00000021756",2355.83768105164,0.650146909778484,0.105976453818262,6.13482416474714,8.52534359663824e-10,3.81066327632561e-08,"Il6st","16195","interleukin 6 signal transducer","Up_in_Female"
"ENSMUSG00000017404",1709.24152871482,0.801574091072573,0.130818588519935,6.12737150080491,8.93427011665799e-10,3.98241388404401e-08,"Rpl19","19921","ribosomal protein L19","Up_in_Female"
"ENSMUSG00000020392",1487.12925330722,0.632838653789349,0.10344878528448,6.11741019528714,9.51083259210948e-10,4.22773539135754e-08,"Cdkn2aipnl","52626","CDKN2A interacting protein N-terminal like","Up_in_Female"
"ENSMUSG00000000031",29849.5139789861,-0.825262210087782,0.135340488003625,-6.09767426038598,1.07622770228413e-09,4.74481153116305e-08,"H19","14955","H19, imprinted maternally expressed transcript","Up_in_Male"
"ENSMUSG00000060467",2804.3925074569,-0.690115002406435,0.113207484701697,-6.09601921838379,1.08742345985603e-09,4.78110761532341e-08,NA,NA,NA,"Up_in_Male"
"ENSMUSG00000073758",104.088482282814,-1.68775394232314,0.277069294702068,-6.09145067531926,1.118920622161e-09,4.89405922886128e-08,"Sh3d21","66938","SH3 domain containing 21","Up_in_Male"
"ENSMUSG00000003038",4507.99014554412,-0.788466363742631,0.12943897872775,-6.09141366451153,1.11917938488461e-09,4.89405922886128e-08,"Hmgn2","15331","high mobility group nucleosomal binding domain 2","Up_in_Male"
"ENSMUSG00000051855",988.998411349463,-1.19081675112736,0.195524555570241,-6.09036930248674,1.12650518800093e-09,4.91278046313052e-08,"Mest","17294","mesoderm specific transcript","Up_in_Male"
"ENSMUSG00000031748",575.855840707377,0.899654580004148,0.147745742128975,6.08920816965943,1.13470498329893e-09,4.9352020513508e-08,"Gnao1","14681","guanine nucleotide binding protein, alpha O","Up_in_Female"
"ENSMUSG00000033147",421.085311383868,0.979824598478994,0.16097385042133,6.08685569683785,1.15149666168541e-09,4.98138073269593e-08,"Slc22a15","242126","solute carrier family 22 (organic anion/cation transporter), member 15","Up_in_Female"
"ENSMUSG00000038463",2633.5811751398,-0.706045412209415,0.115988672286877,-6.08719281192511,1.14907558678183e-09,4.98138073269593e-08,"Olfml2b","320078","olfactomedin-like 2B","Up_in_Male"
"ENSMUSG00000090124",203.606370335376,1.59242818195082,0.261837610410024,6.08173966855702,1.18885488403992e-09,5.12924128579364e-08,"Ugt1a7c","394432","UDP glucuronosyltransferase 1 family, polypeptide A7C","Up_in_Female"
"ENSMUSG00000003228",583.45887552149,-0.84660950611848,0.139299372061474,-6.07762614855767,1.21974717948622e-09,5.24849079685059e-08,"Grk5","14773","G protein-coupled receptor kinase 5","Up_in_Male"
"ENSMUSG00000076613",97.4009878433413,-8.99950500363323,1.48127295485925,-6.07552104027199,1.2358577353585e-09,5.29160931173836e-08,"Ighg2b","16016","immunoglobulin heavy constant gamma 2B","Up_in_Male"
"ENSMUSG00000061013",110.811612719778,1.6113465283389,0.26522213688508,6.07546016808203,1.23632666740541e-09,5.29160931173836e-08,"Mkx","210719","mohawk homeobox","Up_in_Female"
"ENSMUSG00000084817",2841.28071386317,-0.846169597385283,0.139719745373383,-6.05619195142391,1.39381669911377e-09,5.93420217860153e-08,NA,NA,NA,"Up_in_Male"
"ENSMUSG00000073940",140.720897575089,2.13376269770139,0.352479090346742,6.05358659885997,1.41655863260175e-09,6.01515528833207e-08,"Hbb-bt","101488143","hemoglobin, beta adult t chain","Up_in_Female"
"ENSMUSG00000031373",874.391563309193,0.800676378766416,0.132522223671372,6.04182722402793,1.52378592245983e-09,6.4365993834586e-08,"Car5b","56078","carbonic anhydrase 5b, mitochondrial","Up_in_Female"
"ENSMUSG00000021268",218.090144020759,-1.86986395628863,0.310110875948378,-6.02966261847549,1.64302315985995e-09,6.92214665992173e-08,"Meg3","17263","maternally expressed 3","Up_in_Male"
"ENSMUSG00000001493",269.292019031315,-0.993165328901685,0.164907522435232,-6.02255927586175,1.71680462993925e-09,7.21415612205721e-08,"Meox1","17285","mesenchyme homeobox 1","Up_in_Male"
"ENSMUSG00000041696",126.961451901035,-1.60051963699231,0.265961657226433,-6.01785856534074,1.76739508281558e-09,7.40745118345773e-08,"Rasl12","70784","RAS-like, family 12","Up_in_Male"
"ENSMUSG00000045871",21.4747497433659,3.22126623031446,0.536210654372424,6.00746405176264,1.88447571375982e-09,7.87769433088821e-08,"Slitrk6","239250","SLIT and NTRK-like family, member 6","Up_in_Female"
"ENSMUSG00000114319",98.3531476092648,1.68115123256864,0.279882290588197,6.00663667942534,1.894113081148e-09,7.89752162206823e-08,NA,NA,NA,"Up_in_Female"
"ENSMUSG00000047205",462.558126262084,0.743837335608761,0.124179485354777,5.99001786393012,2.09817989785714e-09,8.72583268861413e-08,"Dusp18","75219","dual specificity phosphatase 18","Up_in_Female"
"ENSMUSG00000081344",2106.70621074158,0.989871622596923,0.165520556587343,5.98035460371704,2.22652386807619e-09,9.21209977827627e-08,NA,NA,NA,"Up_in_Female"
"ENSMUSG00000021326",1873.74572906028,0.622438613063138,0.104149060397552,5.97642082115002,2.2809333540186e-09,9.41307943745373e-08,"Trim27","19720","tripartite motif-containing 27","Up_in_Female"
"ENSMUSG00000032437",3013.45922133908,-0.692542343591484,0.11613805160303,-5.96309593653815,2.47503005262308e-09,1.0188031869675e-07,"Stt3b","68292","STT3, subunit of the oligosaccharyltransferase complex, homolog B (S. cerevisiae)","Up_in_Male"
"ENSMUSG00000039242",963.636865626229,0.701763423926329,0.117819926854386,5.95623713799825,2.58111729649456e-09,1.0570789009197e-07,"B3galnt2","97884","UDP-GalNAc:betaGlcNAc beta 1,3-galactosaminyltransferase, polypeptide 2","Up_in_Female"
"ENSMUSG00000021549",2074.03090853973,0.750656662542803,0.126451304647145,5.93632991480371,2.91472991617111e-09,1.19068561841359e-07,"Rasa1","218397","RAS p21 protein activator 1","Up_in_Female"
"ENSMUSG00000052504",1901.91001062777,-0.76825862456758,0.129589482493095,-5.92840259708972,3.05895772424694e-09,1.24644802622345e-07,"Epha3","13837","Eph receptor A3","Up_in_Male"
"ENSMUSG00000024205",157.397640833631,1.33485448835462,0.225642699189095,5.91578851499189,3.30289381959595e-09,1.34245578521411e-07,NA,NA,NA,"Up_in_Female"
"ENSMUSG00000034875",487.82125203686,0.762915733154173,0.129009945761487,5.91361951709248,3.34670480571524e-09,1.35684494334224e-07,"Nudt19","110959","nudix hydrolase 19","Up_in_Female"
"ENSMUSG00000040913",179.871628740853,1.12486296048579,0.19024239459589,5.91278806637821,3.36364861725055e-09,1.36029659368308e-07,"Fbxw4","30838","F-box and WD-40 domain protein 4","Up_in_Female"
"ENSMUSG00000031429",747.866987958412,0.728171227907548,0.123179880374248,5.91144613629435,3.39117160739451e-09,1.36531812506983e-07,"Psmd10","53380","proteasome (prosome, macropain) 26S subunit, non-ATPase, 10","Up_in_Female"
"ENSMUSG00000058006",1315.77967565785,0.60725972840665,0.102727619350569,5.91135794098676,3.39298815166709e-09,1.36531812506983e-07,"Mdn1","100019","midasin AAA ATPase 1","Up_in_Female"
"ENSMUSG00000046873",1136.32340121492,0.70344336767873,0.119032025819794,5.90969835919361,3.42734744433028e-09,1.37571339208242e-07,"Mbtps2","270669","membrane-bound transcription factor peptidase, site 2","Up_in_Female"
"ENSMUSG00000024598",117.620347013773,1.64459747055039,0.27830923566017,5.90924504050066,3.43679151407883e-09,1.37608108861479e-07,"Fbn2","14119","fibrillin 2","Up_in_Female"
"ENSMUSG00000058715",3299.16298245327,-0.657327112323269,0.111248635694238,-5.90863077305421,3.4496290908995e-09,1.37780235175134e-07,"Fcer1g","14127","Fc receptor, IgE, high affinity I, gamma polypeptide","Up_in_Male"
"ENSMUSG00000036863",356.161877048733,1.01689074770039,0.172352811897664,5.90005313231662,3.63384532357697e-09,1.44779575657378e-07,"Syde2","214804","synapse defective 1, Rho GTPase, homolog 2 (C. elegans)","Up_in_Female"
"ENSMUSG00000090877",1298.12021471887,-0.75313128551621,0.12792454371399,-5.88730874975831,3.92534994199771e-09,1.55625176078808e-07,"Hspa1b","15511","heat shock protein 1B","Up_in_Male"
"ENSMUSG00000029402",319.253020073485,0.790204643681459,0.13450050993439,5.87510518783107,4.22574938522194e-09,1.67124245293974e-07,"Snrnp35","76167","small nuclear ribonucleoprotein 35 (U11/U12)","Up_in_Female"
"ENSMUSG00000029553",165.245612789422,-1.21433504327782,0.206834566311649,-5.87104498504428,4.33056732354214e-09,1.70850939688694e-07,"Tfec","21426","transcription factor EC","Up_in_Male"
"ENSMUSG00000031737",348.525266434585,-1.05598855481033,0.180191029004387,-5.86038361978954,4.61799090965392e-09,1.81746100776038e-07,"Irx5","54352","Iroquois homeobox 5","Up_in_Male"
"ENSMUSG00000060036",3014.1612449532,0.79360279430535,0.135459072375193,5.85861677914962,4.66738350537428e-09,1.83243066283989e-07,"Rpl3","27367","ribosomal protein L3","Up_in_Female"
"ENSMUSG00000024084",254.96037303052,-1.35228318572891,0.231184963115682,-5.84935614974335,4.93479445586276e-09,1.93271464416994e-07,"Qpct","70536","glutaminyl-peptide cyclotransferase (glutaminyl cyclase)","Up_in_Male"
"ENSMUSG00000068335",2455.88102631524,0.884163395286404,0.151171570532539,5.84874121616732,4.95306972506819e-09,1.93517513519855e-07,"Dok1","13448","docking protein 1","Up_in_Female"
"ENSMUSG00000067288",717.250235727724,0.907943458136479,0.155644840475213,5.83343113311276,5.42990242604512e-09,2.1061756141025e-07,"Rps28","54127","ribosomal protein S28","Up_in_Female"
"ENSMUSG00000032085",71.1044239026581,-2.47473211198075,0.424314033272214,-5.83231266921854,5.46643612591497e-09,2.11526171049794e-07,"Tagln","21345","transgelin","Up_in_Male"
"ENSMUSG00000071723",65.5481431943671,-1.65719051576875,0.284214966724428,-5.83076442056462,5.51740327410823e-09,2.12987605815815e-07,"Gspt2","14853","G1 to S phase transition 2","Up_in_Male"
"ENSMUSG00000028266",2288.59941293701,-0.631165117577535,0.108320450982753,-5.82683243885338,5.64892784829487e-09,2.17544390835528e-07,"Lmo4","16911","LIM domain only 4","Up_in_Male"
"ENSMUSG00000019966",1860.25269873252,-0.701741896127819,0.120515203825449,-5.82284951485625,5.78526437209426e-09,2.22264347400269e-07,"Kitl","17311","kit ligand","Up_in_Male"
"ENSMUSG00000041263",203.965207077539,-1.13545408361511,0.195014757818079,-5.82240080863175,5.80082285445682e-09,2.22332725842079e-07,"Rusc1","72296","RUN and SH3 domain containing 1","Up_in_Male"
"ENSMUSG00000025650",3383.90080718318,0.828842578605595,0.14257116659296,5.81353578295349,6.11668893765756e-09,2.33883631985882e-07,"Col7a1","12836","collagen, type VII, alpha 1","Up_in_Female"
"ENSMUSG00000022321",14.7598538694094,6.74195902091885,1.15996827427059,5.81219260083499,6.16598397465392e-09,2.35211152281361e-07,"Cdh10","320873","cadherin 10","Up_in_Female"
"ENSMUSG00000022504",135.384323352495,-1.45863323687179,0.251497272334279,-5.79979744246703,6.63950708366229e-09,2.52677090334846e-07,"Ciita","12265","class II transactivator","Up_in_Male"
"ENSMUSG00000039883",958.724233732273,-0.601949546472703,0.103843288493536,-5.79671113275823,6.76280298237431e-09,2.56763738643746e-07,"Lrrc17","74511","leucine rich repeat containing 17","Up_in_Male"
"ENSMUSG00000025128",161.596465776524,1.24521931129884,0.215046268431591,5.790471605858,7.01890636342645e-09,2.65861673897299e-07,"Bhlhe22","59058","basic helix-loop-helix family, member e22","Up_in_Female"
"ENSMUSG00000031165",456.053912779771,-0.794656319620284,0.137286632099602,-5.78830077966919,7.11020103753253e-09,2.68689002205211e-07,"Was","22376","Wiskott-Aldrich syndrome","Up_in_Male"
"ENSMUSG00000025876",241.615171366882,1.37056108708606,0.23686522395872,5.7862486699395,7.19756424403566e-09,2.71354898695699e-07,"Unc5a","107448","unc-5 netrin receptor A","Up_in_Female"
"ENSMUSG00000022769",895.886319395789,-0.844729928536841,0.146029964153772,-5.7846342251192,7.26702783695193e-09,2.73335107638826e-07,"Sdf2l1","64136","stromal cell-derived factor 2-like 1","Up_in_Male"
"ENSMUSG00000018604",940.549183524006,0.710703352349997,0.122872298781913,5.78408119157459,7.29097239864582e-09,2.73597978196626e-07,"Tbx3","21386","T-box 3","Up_in_Female"
"ENSMUSG00000048915",325.299902870978,0.945337820979499,0.163508893299514,5.7815682187258,7.40074584785279e-09,2.7700314452592e-07,"Efna5","13640","ephrin A5","Up_in_Female"
"ENSMUSG00000021238",359.094406236635,-0.821121108871807,0.142096583097047,-5.77861262371811,7.53191183895762e-09,2.80681130331224e-07,"Aldh6a1","104776","aldehyde dehydrogenase family 6, subfamily A1","Up_in_Male"
"ENSMUSG00000028795",168.213395448669,-1.24277293899967,0.215205812300112,-5.77481121776848,7.70394111162097e-09,2.86430400408101e-07,"Ccdc28b","66264","coiled coil domain containing 28B","Up_in_Male"
"ENSMUSG00000053930",70.4619189906819,1.72439510043148,0.298732525476985,5.77237144726088,7.81635731070362e-09,2.89941934633364e-07,"Shisa6","380702","shisa family member 6","Up_in_Female"
"ENSMUSG00000075054",565.209393129024,0.709922915878237,0.123125302036526,5.76585725383748,8.1243804069599e-09,3.0067661065758e-07,"Yae1d1","67008","Yae1 domain containing 1","Up_in_Female"
"ENSMUSG00000030786",3306.40696252963,-0.659926764541889,0.114528347345416,-5.76212597001475,8.30609656325968e-09,3.05998114485749e-07,"Itgam","16409","integrin alpha M","Up_in_Male"
"ENSMUSG00000020099",1451.45793908771,0.800377780503678,0.139075285541941,5.75499649261771,8.66435936666614e-09,3.18469482324658e-07,"Unc5b","107449","unc-5 netrin receptor B","Up_in_Female"
"ENSMUSG00000033825",306.919178298782,-2.89465276394519,0.504055437105025,-5.74272699163854,9.31638666413806e-09,3.41657307301208e-07,"Tpsb2","17229","tryptase beta 2","Up_in_Male"
"ENSMUSG00000033460",761.498882701222,-0.811122217766743,0.141362653583063,-5.73788194553195,9.58679003251928e-09,3.50776516926828e-07,"Armcx1","78248","armadillo repeat containing, X-linked 1","Up_in_Male"
"ENSMUSG00000006369",3865.37268820091,-0.611123084649812,0.106565882375885,-5.7346973630287,9.76866140008133e-09,3.56622444234643e-07,"Fbln1","14114","fibulin 1","Up_in_Male"
"ENSMUSG00000031242",756.993157436148,0.641585910703975,0.111914491727709,5.73282245042022,9.87730142234534e-09,3.59774572801274e-07,"Chmp1b2","67028","charged multivesicular body protein 1B2","Up_in_Female"
"ENSMUSG00000002870",1800.6343080762,0.587611720088577,0.102540813308025,5.73051550043237,1.00125877159201e-08,3.63880890504698e-07,"Mcm2","17216","minichromosome maintenance complex component 2","Up_in_Female"
"ENSMUSG00000042286",5097.48905027203,-0.662333324064393,0.115638518582812,-5.72761854943757,1.01850260909725e-08,3.69315912368388e-07,"Stab1","192187","stabilin 1","Up_in_Male"
"ENSMUSG00000025150",1434.24780314857,-1.12040122899054,0.195655830085547,-5.72638816078553,1.02591340452769e-08,3.71169029046163e-07,"Cbr2","12409","carbonyl reductase 2","Up_in_Male"
"ENSMUSG00000038112",96.2889333090716,1.93415837389547,0.337884627332517,5.72431598668748,1.0385130066768e-08,3.74886932343107e-07,"AW551984","244810","expressed sequence AW551984","Up_in_Female"
"ENSMUSG00000051483",534.529718672647,-0.818650292527216,0.143068544015478,-5.7220844607089,1.05224970864536e-08,3.78997796846017e-07,"Cbr1","12408","carbonyl reductase 1","Up_in_Male"
"ENSMUSG00000032698",771.358071332972,-0.677341124757545,0.118521436603866,-5.71492503100029,1.09752399130155e-08,3.94424212107835e-07,"Lmo2","16909","LIM domain only 2","Up_in_Male"
"ENSMUSG00000085101",16.8443837973569,3.92537923977597,0.687121664144366,5.71278631516301,1.11141202618272e-08,3.98527654544098e-07,"Gm42346","105247207","predicted gene, 42346","Up_in_Female"
"ENSMUSG00000079481",383.226891307839,-0.877568971762684,0.153663440951011,-5.71098087047562,1.12326873109933e-08,4.01886125166714e-07,"Nhsl2","100042480","NHS like 2","Up_in_Male"
"ENSMUSG00000031779",125.238394794843,-2.09067281802877,0.366575178896766,-5.70325799013669,1.17538875170211e-08,4.18677105904312e-07,"Ccl22","20299","C-C motif chemokine ligand 22","Up_in_Male"
"ENSMUSG00000103735",378.380993554286,0.868591729034106,0.152409377127185,5.69907013207771,1.20462665678398e-08,4.28146602067539e-07,NA,NA,NA,"Up_in_Female"
"ENSMUSG00000031304",486.653486641613,-0.833662987425911,0.146454532744918,-5.69229898044818,1.25340124049245e-08,4.44502910254642e-07,"Il2rg","16186","interleukin 2 receptor, gamma chain","Up_in_Male"
"ENSMUSG00000000159",26.8947378850669,-3.36424525504979,0.591248028124299,-5.69007437660751,1.26984049117419e-08,4.49345310648831e-07,"Igsf5","72058","immunoglobulin superfamily, member 5","Up_in_Male"
"ENSMUSG00000031283",136.936838916543,1.14453603355856,0.201797123329155,5.67171629940276,1.41373957118611e-08,4.99170715988163e-07,"Chrdl1","83453","chordin-like 1","Up_in_Female"
"ENSMUSG00000068744",183.11846530099,-1.23306690459019,0.21744340424088,-5.67074871226824,1.42174805729206e-08,5.00902328656434e-07,"Psrc1","56742","proline/serine-rich coiled-coil 1","Up_in_Male"
"ENSMUSG00000021595",4761.61490089756,0.59445362404843,0.104927029746318,5.66540028327918,1.46681707790792e-08,5.15654910002661e-07,"Nsun2","28114","NOL1/NOP2/Sun domain family member 2","Up_in_Female"
"ENSMUSG00000036002",493.893040838911,-0.705828987070627,0.12479694368009,-5.65581949570802,1.55104409623559e-08,5.44079294279511e-07,"Atosb","230088","atos homolog B","Up_in_Male"
"ENSMUSG00000000881",1169.71157162146,0.607373369941486,0.107840742589332,5.63213267414544,1.77994665187263e-08,6.2167141070599e-07,"Dlg3","53310","discs large MAGUK scaffold protein 3","Up_in_Female"
"ENSMUSG00000020697",567.287201569319,0.851538195391867,0.151940470465756,5.6044198940649,2.08953599501982e-08,7.2665415550948e-07,"Lig3","16882","ligase III, DNA, ATP-dependent","Up_in_Female"
"ENSMUSG00000115354",32.2941620793471,-2.9386385161715,0.524525459552344,-5.60247069547297,2.1131777145367e-08,7.3329538928525e-07,NA,NA,NA,"Up_in_Male"
"ENSMUSG00000076617",351.383626308573,-1.48680229917504,0.265477095001175,-5.60049182084226,2.13744493578057e-08,7.40124709951832e-07,"Ighm","16019","immunoglobulin heavy constant mu","Up_in_Male"
"ENSMUSG00000054555",770.420920472533,-0.638842098499054,0.114102225011672,-5.59885750197862,2.15769060152392e-08,7.45535236535118e-07,"Adam12","11489","ADAM metallopeptidase domain 12","Up_in_Male"
"ENSMUSG00000026664",466.997144137709,-0.766390306688275,0.137010862164702,-5.59364633270454,2.2234965472257e-08,7.65993180103683e-07,"Phyh","16922","phytanoyl-CoA hydroxylase","Up_in_Male"
"ENSMUSG00000020034",577.482747494817,-0.75663146160351,0.135271695476632,-5.59342040430194,2.22639316725723e-08,7.65993180103683e-07,"Tcp11l2","216198","t-complex 11 (mouse) like 2","Up_in_Male"
"ENSMUSG00000022090",1513.28909186191,0.680380595102288,0.122020770635369,5.57594081367877,2.46195628081205e-08,8.43442177222573e-07,"Pdlim2","213019","PDZ and LIM domain 2","Up_in_Female"
"ENSMUSG00000033207",103.988199311897,-1.51028224593029,0.271147993791752,-5.56995545056557,2.54804477968433e-08,8.71085817054796e-07,"Mamdc2","71738","MAM domain containing 2","Up_in_Male"
"ENSMUSG00000028289",262.348173584242,0.937766869248625,0.168399745108669,5.56869530083599,2.56653846526979e-08,8.73706005814204e-07,"Epha7","13841","Eph receptor A7","Up_in_Female"
"ENSMUSG00000073755",406.365915216931,-0.848035038390346,0.152280806757462,-5.56888984533036,2.56367489355105e-08,8.73706005814204e-07,"5730409E04Rik","230757","RIKEN cDNA 5730409E04Rik gene","Up_in_Male"
"ENSMUSG00000078249",7247.92883944984,0.606906353671015,0.109028364463786,5.56649965956886,2.59907288895473e-08,8.82918739708915e-07,"Hmga1b","111241","high mobility group AT-hook 1B","Up_in_Female"
"ENSMUSG00000039678",786.91237558593,0.691186273280801,0.124608557935606,5.54686038207734,2.90844802355937e-08,9.85939439246934e-07,"Tbc1d13","70296","TBC1 domain family, member 13","Up_in_Female"
"ENSMUSG00000036564",792.299455447558,-0.880561019696687,0.158771602162161,-5.54608637631136,2.92134548759127e-08,9.88235446284542e-07,"Ndrg4","234593","N-myc downstream regulated gene 4","Up_in_Male"
"ENSMUSG00000031229",3702.39421138702,0.580606837100847,0.104702937371224,5.54527744567764,2.93488421350048e-08,9.90738319436063e-07,"Atrx","22589","ATRX, chromatin remodeler","Up_in_Female"
"ENSMUSG00000028545",57.9918112683478,2.23784732535886,0.403649685106187,5.54403337332011,2.95582459998829e-08,9.95724128296683e-07,"Bend5","67621","BEN domain containing 5","Up_in_Female"
"ENSMUSG00000058135",1164.65103726236,-0.902665969393078,0.162904997541006,-5.54105756740741,3.00650352322876e-08,1.0106862677254e-06,"Gstm1","14862","glutathione S-transferase, mu 1","Up_in_Male"
"ENSMUSG00000031327",634.955380858239,0.70613048985009,0.127535249830959,5.53674761123709,3.08140092124529e-08,1.03371071237451e-06,"Chic1","12212","cysteine-rich hydrophobic domain 1","Up_in_Female"
"ENSMUSG00000043415",570.926225521877,-1.03641868003072,0.187713197664072,-5.52128828941202,3.36523114491489e-08,1.12425196178771e-06,"Otud1","71198","OTU domain containing 1","Up_in_Male"
"ENSMUSG00000022996",839.51037884482,0.846520491689413,0.153506199314017,5.51456876316602,3.49636188396825e-08,1.16564659834115e-06,"Wnt10b","22410","wingless-type MMTV integration site family, member 10B","Up_in_Female"
"ENSMUSG00000036136",124.512027226121,1.25151753935524,0.227268921986818,5.50676937442346,3.65478547415643e-08,1.21595089507192e-06,"Fam110c","104943","family with sequence similarity 110, member C","Up_in_Female"
"ENSMUSG00000047446",1170.80099292669,-0.661509567446527,0.120234088607689,-5.50184706439587,3.75832903679423e-08,1.24526483239654e-06,"Arl4a","11861","ADP-ribosylation factor-like 4A","Up_in_Male"
"ENSMUSG00000046245",541.183111270798,-0.686225043597515,0.124890023402618,-5.49463459851613,3.91520218854262e-08,1.29458406791647e-06,"Pilra","231805","paired immunoglobin-like type 2 receptor alpha","Up_in_Male"
"ENSMUSG00000012428",109.395198902221,-1.68425657561344,0.306738927438668,-5.49084718290344,4.00010349401519e-08,1.31725857100876e-06,"Steap4","117167","STEAP family member 4","Up_in_Male"
"ENSMUSG00000031202",27.0732754224353,-2.55738701441184,0.466498756480708,-5.48208752731713,4.20336167504139e-08,1.38137360465311e-06,"Rab39b","67790","RAB39B, member RAS oncogene family","Up_in_Male"
"ENSMUSG00000015568",561.522530227075,-2.67175513797341,0.48743884385981,-5.48121096959975,4.22424390075409e-08,1.38317643579566e-06,"Lpl","16956","lipoprotein lipase","Up_in_Male"
"ENSMUSG00000026676",212.749353605023,1.26481887479784,0.230758451990541,5.48113780399984,4.22599146534e-08,1.38317643579566e-06,"Ccdc3","74186","coiled-coil domain containing 3","Up_in_Female"
"ENSMUSG00000024338",870.423512537697,-0.794712046637972,0.145056709850073,-5.47863003000253,4.28631538074436e-08,1.40008066768605e-06,"Psmb8","16913","proteasome (prosome, macropain) subunit, beta type 8 (large multifunctional peptidase 7)","Up_in_Male"
"ENSMUSG00000025872",1044.07130456151,0.624150536076646,0.114010752341227,5.47448835534917,4.38777491374573e-08,1.43032597996366e-06,"Thoc3","73666","THO complex 3","Up_in_Female"
"ENSMUSG00000060240",35.1201907027938,-2.41672455611414,0.441989413035619,-5.46783358342427,4.5556929169155e-08,1.47883266961984e-06,"Cend1","57754","cell cycle exit and neuronal differentiation 1","Up_in_Male"
"ENSMUSG00000030254",805.907688018508,0.59739232416261,0.10926227254991,5.46750777025734,4.56407207158328e-08,1.47883266961984e-06,"Rad18","58186","RAD18 E3 ubiquitin protein ligase","Up_in_Female"
"ENSMUSG00000020644",878.236849661525,-0.743017663275582,0.135908686076287,-5.46703588068328,4.5762344661474e-08,1.47980199089688e-06,"Id2","15902","inhibitor of DNA binding 2","Up_in_Male"
"ENSMUSG00000061068",294.454489812978,-3.31199370343364,0.606116301202224,-5.46428745913011,4.6476986572334e-08,1.49990531066236e-06,"Mcpt4","17227","mast cell protease 4","Up_in_Male"
"ENSMUSG00000022894",283.545384705719,-1.00295777066755,0.183950130755036,-5.4523351875361,4.9712639326447e-08,1.6011240482466e-06,"Adamts5","23794","ADAM metallopeptidase with thrombospondin type 1 motif 5","Up_in_Male"
"ENSMUSG00000033985",163.956876834038,-1.08935685725151,0.199989437658384,-5.44707195543155,5.12057522167847e-08,1.64592832225107e-06,"Tesk2","230661","testis-specific kinase 2","Up_in_Male"
"ENSMUSG00000074457",1640.73936156268,-0.935803009975181,0.171992647604796,-5.44094775565911,5.29978563131152e-08,1.69744852015401e-06,"S100a16","67860","S100 calcium binding protein A16","Up_in_Male"
"ENSMUSG00000030844",1043.61011299391,-0.723992046367195,0.133065325841028,-5.44087681588921,5.30189671639578e-08,1.69744852015401e-06,"Rgs10","67865","regulator of G-protein signalling 10","Up_in_Male"
"ENSMUSG00000000359",581.950046464846,-0.77744397582686,0.14292734823894,-5.43943468766497,5.3449898867231e-08,1.7078565705379e-06,"Rem1","19700","rad and gem related GTP binding protein 1","Up_in_Male"
"ENSMUSG00000001864",382.645670595391,0.772691145413691,0.142217500954888,5.43316497776735,5.53631770972092e-08,1.76549451707622e-06,"Aif1l","108897","allograft inflammatory factor 1-like","Up_in_Female"
"ENSMUSG00000066721",108.656548841957,-1.67112301585393,0.307923489225146,-5.4270722251788,5.72859516394034e-08,1.82320732870496e-06,"Zfp575","101544","zinc finger protein 575","Up_in_Male"
"ENSMUSG00000035187",20.0935742214701,3.6215346648872,0.667691286701047,5.42396574138418,5.8291058630099e-08,1.85154433475448e-06,"Nkx6-1","18096","NK6 homeobox 1","Up_in_Female"
"ENSMUSG00000028776",648.566857301051,0.811062641719425,0.149619204000969,5.42084585421384,5.93176923782517e-08,1.87676526316759e-06,"Tinagl1","94242","tubulointerstitial nephritis antigen-like 1","Up_in_Female"
"ENSMUSG00000002808",1470.43011754837,0.728036002155744,0.134294977094575,5.42117075341572,5.92099687659748e-08,1.87676526316759e-06,"Epdr1","105298","ependymin related 1","Up_in_Female"
"ENSMUSG00000038418",3268.30580084451,-0.950931002658092,0.175761130156039,-5.41036008253854,6.28981495294528e-08,1.98615370020988e-06,"Egr1","13653","early growth response 1","Up_in_Male"
"ENSMUSG00000003992",314.108022641291,0.962281901644073,0.177883129668893,5.40962992631869,6.3155118507683e-08,1.9903730317187e-06,"Ssbp2","66970","single-stranded DNA binding protein 2","Up_in_Female"
"ENSMUSG00000025261",5252.43128739663,0.59615682136023,0.110244816590799,5.40757234485694,6.38847412371499e-08,2.00944285497593e-06,"Huwe1","59026","HECT, UBA and WWE domain containing 1","Up_in_Female"
"ENSMUSG00000050751",73.5375102179481,1.70721327121614,0.316008929294869,5.40242098546252,6.57474217117169e-08,2.06000077036945e-06,"Pgbd5","209966","piggyBac transposable element derived 5","Up_in_Female"
"ENSMUSG00000029380",128.675759564808,-1.56860822966242,0.290443039509667,-5.40074305898526,6.63654241542242e-08,2.07533427161349e-06,"Cxcl1","14825","C-X-C motif chemokine ligand 1","Up_in_Male"
"ENSMUSG00000049680",1066.21172087312,0.592444664838282,0.109901764288327,5.39067474189044,7.01936223638948e-08,2.19080133551993e-06,"Urgcp","72046","upregulator of cell proliferation","Up_in_Female"
"ENSMUSG00000032827",395.816398612208,1.05772901138538,0.196243917410477,5.38986902291072,7.05090532203171e-08,2.19216586274188e-06,"Ppp1r9a","243725","protein phosphatase 1, regulatory subunit 9A","Up_in_Female"
"ENSMUSG00000022548",363.269994129491,1.27023730178879,0.235808477897463,5.38673296700186,7.17499108996594e-08,2.22645492745558e-06,"Apod","11815","apolipoprotein D","Up_in_Female"
"ENSMUSG00000024376",64.0676783326107,-1.84149272634786,0.341879172804284,-5.38638464356546,7.18890317425318e-08,2.22649024222168e-06,"Epb41l4a","13824","erythrocyte membrane protein band 4.1 like 4a","Up_in_Male"
"ENSMUSG00000021186",1128.640234717,-0.810108528810767,0.150469487103221,-5.38387246747931,7.2900164386768e-08,2.25348094357258e-06,"Fbln5","23876","fibulin 5","Up_in_Male"
"ENSMUSG00000031290",1231.47585350607,0.706584751989378,0.131472070161619,5.37440956942998,7.68340319991431e-08,2.36601897011102e-06,"Lrch2","210297","leucine-rich repeats and calponin homology (CH) domain containing 2","Up_in_Female"
"ENSMUSG00000063060",314.559900072217,-1.10595451696474,0.205872753270179,-5.37202956387981,7.78553401918574e-08,2.3929024177825e-06,"Sox7","20680","SRY (sex determining region Y)-box 7","Up_in_Male"
"ENSMUSG00000032925",647.690771734475,1.12526698952531,0.209510214147855,5.37094095436887,7.83268548165448e-08,2.40281773634937e-06,"Itgbl1","223272","integrin, beta-like 1","Up_in_Female"
"ENSMUSG00000013736",1394.02298843796,0.590396908930883,0.109941189506768,5.37011570985901,7.86861385536523e-08,2.40925907343782e-06,"Trnt1","70047","tRNA nucleotidyl transferase, CCA-adding, 1","Up_in_Female"
"ENSMUSG00000032349",2124.38811515684,-0.599870375244288,0.111839377642083,-5.36367769466709,8.15443538500339e-08,2.49204487447755e-06,"Elovl5","68801","ELOVL fatty acid elongase 5","Up_in_Male"
"ENSMUSG00000038042",474.806567048237,0.75931432446485,0.141801081760492,5.3547851330737,8.56581449825258e-08,2.61281630895659e-06,"Ptpdc1","218232","protein tyrosine phosphatase domain containing 1","Up_in_Female"
"ENSMUSG00000024589",600.456421526844,-0.651474127730694,0.121841823112689,-5.34688427247316,8.9481188184013e-08,2.72428009912686e-06,"Nedd4l","83814","neural precursor cell expressed, developmentally down-regulated gene 4-like","Up_in_Male"
"ENSMUSG00000031078",4207.277973977,0.62276467075466,0.116656413470398,5.3384520595834,9.37434863005984e-08,2.84331747170386e-06,"Cttn","13043","cortactin","Up_in_Female"
"ENSMUSG00000024481",29.9779486455348,-2.34783292550657,0.440185395488486,-5.33373653367376,9.6212093089046e-08,2.91271732473705e-06,"Lvrn","74574","laeverin","Up_in_Male"
"ENSMUSG00000005397",11800.8177024063,0.655234065190116,0.123108031719958,5.32243149399563,1.02389348314369e-07,3.09392233033831e-06,"Nid1","18073","nidogen 1","Up_in_Female"
"ENSMUSG00000087412",9007.22443832468,-0.612365928922951,0.115223899602872,-5.31457389511652,1.06907192899116e-07,3.22440086844886e-06,"Gm15501","100040298","predicted pseudogene 15501","Up_in_Male"
"ENSMUSG00000021733",1328.46293013871,0.630124938975983,0.118633840704562,5.31151090813291,1.08720061851131e-07,3.27296066796612e-06,"Slc4a7","218756","solute carrier family 4, sodium bicarbonate cotransporter, member 7","Up_in_Female"
"ENSMUSG00000054342",1464.63810205656,0.747845241503541,0.140848526156559,5.309570940574,1.0988360788385e-07,3.30182848568679e-06,"Kcnn4","16534","potassium intermediate/small conductance calcium-activated channel, subfamily N, member 4","Up_in_Female"
"ENSMUSG00000039182",465.129569322542,0.745968776403595,0.140523462255243,5.30849983648023,1.10531184676578e-07,3.31511374710273e-06,"AW209491","105351","expressed sequence AW209491","Up_in_Female"
"ENSMUSG00000015355",492.756582279732,-0.730159354024716,0.137584339208421,-5.30699466396847,1.11447439145456e-07,3.33639309471444e-06,"Cd48","12506","CD48 antigen","Up_in_Male"
"ENSMUSG00000033706",1357.91098456424,0.670928281036114,0.126894159235573,5.28730624859231,1.24130726175047e-07,3.70920999548253e-06,"Smyd5","232187","SET and MYND domain containing 5","Up_in_Female"
"ENSMUSG00000046731",652.900932469876,0.832680499545943,0.157657361902384,5.28158336216173,1.28072184534398e-07,3.81991269805368e-06,"Kctd11","216858","potassium channel tetramerisation domain containing 11","Up_in_Female"
"ENSMUSG00000053553",693.535075185907,0.826555077639479,0.1565296533392,5.28050155358315,1.28830731961944e-07,3.83544776925818e-06,"Chlsn","73212","cholesin","Up_in_Female"
"ENSMUSG00000007827",392.119225172455,0.86089322021818,0.163134905769911,5.27718587358858,1.31182808955548e-07,3.88782200311238e-06,"Ankrd26","232339","ankyrin repeat domain 26","Up_in_Female"
"ENSMUSG00000008734",952.658774798993,0.813934108999249,0.154233829341736,5.27727355582811,1.31120077572597e-07,3.88782200311238e-06,"Gprc5b","64297","G protein-coupled receptor, family C, group 5, member B","Up_in_Female"
"ENSMUSG00000031256",1384.19386534489,0.603850019222022,0.11455105562133,5.2714487522329,1.3535108280347e-07,4.00004591962781e-06,"Cstf2","108062","cleavage stimulation factor, 3' pre-RNA subunit 2","Up_in_Female"
"ENSMUSG00000016757",1507.49202987536,0.663673289760982,0.126015988624395,5.26658003484889,1.38988667185149e-07,4.10003863564819e-06,"Ttll12","223723","tubulin tyrosine ligase-like family, member 12","Up_in_Female"
"ENSMUSG00000047793",337.115124597971,1.26952850394048,0.24109486266579,5.26568044587628,1.3967105232141e-07,4.11264981798953e-06,"Sned1","208777","sushi, nidogen and EGF-like domains 1","Up_in_Female"
"ENSMUSG00000056167",855.966293610037,-0.670191524360346,0.127405489614878,-5.26030335416634,1.43817936092347e-07,4.2270422892279e-06,"Cnot10","78893","CCR4-NOT transcription complex, subunit 10","Up_in_Male"
"ENSMUSG00000032418",1891.24395581813,-0.654838784519073,0.124514595198053,-5.25913274245069,1.44736384266838e-07,4.24630235732673e-06,"Me1","17436","malic enzyme 1, NADP(+)-dependent, cytosolic","Up_in_Male"
"ENSMUSG00000028121",313.592693830335,0.892178101147922,0.16967594818466,5.25812945613809,1.45528063267454e-07,4.2540594726153e-06,"Bcar3","29815","breast cancer anti-estrogen resistance 3","Up_in_Female"
"ENSMUSG00000022231",1342.75547329829,0.604123505264328,0.11494666048676,5.25568557369194,1.47474062257238e-07,4.30314912944447e-06,"Sema5a","20356","sema domain, seven thrombospondin repeats (type 1 and type 1-like), transmembrane domain (TM) and short cytoplasmic domain, (semaphorin) 5A","Up_in_Female"
"ENSMUSG00000021366",535.686009509188,0.791920765635006,0.151342149770057,5.23265175523288,1.67095367654878e-07,4.84066580337364e-06,"Hivep1","110521","human immunodeficiency virus type I enhancer binding protein 1","Up_in_Female"
"ENSMUSG00000056643",21.6536691646131,-3.20676527567487,0.613987684675367,-5.22284950612712,1.76190579862011e-07,5.06775614376722e-06,"Chst13","71797","carbohydrate sulfotransferase 13","Up_in_Male"
"ENSMUSG00000020564",221.030488927916,-0.859958454823583,0.164824595544582,-5.217415835193,1.81436621928607e-07,5.20936179971532e-06,"Atxn7l1","380753","ataxin 7-like 1","Up_in_Male"
"ENSMUSG00000060550",700.999077877018,-1.09924648842247,0.210809173751288,-5.21441486089858,1.84398369768762e-07,5.28499483941163e-06,"H2-Q7","15018","histocompatibility 2, Q region locus 7","Up_in_Male"
"ENSMUSG00000059493",217.362184402885,0.996898096234293,0.191251773721135,5.21249072276774,1.86321888883883e-07,5.32750941494655e-06,"Nhs","195727","NHS actin remodeling regulator","Up_in_Female"
"ENSMUSG00000043079",2397.13015396394,0.661088630409551,0.126864542629637,5.21098028421941,1.87845416203014e-07,5.35525377358981e-06,"Synpo","104027","synaptopodin","Up_in_Female"
"ENSMUSG00000022044",23.000044634541,-6.91134953796087,1.32702908069495,-5.20813721304545,1.90745854024034e-07,5.42533503617582e-06,"Stmn4","56471","stathmin-like 4","Up_in_Male"
"ENSMUSG00000079547",538.536760370858,-0.78968993742253,0.151689724902252,-5.20595536666312,1.93001035248428e-07,5.47322443720323e-06,"H2-DMb1","14999","histocompatibility 2, class II, locus Mb1","Up_in_Male"
"ENSMUSG00000024777",694.385885684954,-0.651073069508948,0.125134209861574,-5.20299820671883,1.96098762593785e-07,5.55131514598826e-06,"Ppp2r5b","225849","protein phosphatase 2, regulatory subunit B', beta","Up_in_Male"
"ENSMUSG00000022415",317.113897933514,0.973934804050461,0.1872350844987,5.20166830195344,1.97507498548376e-07,5.58140279610613e-06,"Syngr1","20972","synaptogyrin 1","Up_in_Female"
"ENSMUSG00000063727",115.432953372551,1.24395369666506,0.23923467058963,5.19972165238069,1.99587188710813e-07,5.63031272209383e-06,"Tnfrsf11b","18383","tumor necrosis factor receptor superfamily, member 11b (osteoprotegerin)","Up_in_Female"
"ENSMUSG00000020766",1554.51825186968,0.638866407053681,0.122880320737779,5.19909455979522,2.00261634633852e-07,5.63947947024754e-06,"Galk1","14635","galactokinase 1","Up_in_Female"
"ENSMUSG00000083041",449.682357792429,-0.826756531925859,0.159042146462462,-5.1983486787321,2.0106670744826e-07,5.65228639614132e-06,"Gmfg-ps","100040018","glia maturation factor, gamma, pseudogene","Up_in_Male"
"ENSMUSG00000091971",140.632626730547,-1.54094152736037,0.296794697990106,-5.19194425572837,2.08109318994604e-07,5.84009038486422e-06,"Hspa1a","193740","heat shock protein 1A","Up_in_Male"
"ENSMUSG00000053560",1822.70569761881,-0.749435261629331,0.144364723388628,-5.19126310110996,2.0887222486557e-07,5.85132329935908e-06,"Ier2","15936","immediate early response 2","Up_in_Male"
"ENSMUSG00000047428",68.701978213673,1.46193749076387,0.281643729277576,5.19073332296011,2.09467454114584e-07,5.85782814487509e-06,"Dlk2","106565","delta like non-canonical Notch ligand 2","Up_in_Female"
"ENSMUSG00000019823",306.578264732763,-0.89892192761024,0.173220835416309,-5.18945613817082,2.10909175180268e-07,5.88794195624361e-06,"Mical1","171580","microtubule associated monooxygenase, calponin and LIM domain containing 1","Up_in_Male"
"ENSMUSG00000021390",2410.23843919515,-0.731575458865376,0.141221589668767,-5.18033723158953,2.21485118994642e-07,6.16186875878886e-06,"Ogn","18295","osteoglycin","Up_in_Male"
"ENSMUSG00000032911",2167.03842217011,0.925971002940844,0.178898949933355,5.17594431541266,2.26761087732392e-07,6.29779158631649e-06,"Cspg4","121021","chondroitin sulfate proteoglycan 4","Up_in_Female"
"ENSMUSG00000027208",329.159590479081,-0.973108291155965,0.18824569708327,-5.16935210861958,2.3490694300105e-07,6.51281517571297e-06,"Fgf7","14178","fibroblast growth factor 7","Up_in_Male"
"ENSMUSG00000082878",104.005339606697,1.22750563572366,0.237811035945065,5.16168491022938,2.44736979587846e-07,6.76211627162582e-06,NA,NA,NA,"Up_in_Female"
"ENSMUSG00000031216",481.144480298685,-0.819114528671672,0.158756424078173,-5.15956776822039,2.47520618285921e-07,6.80407614422764e-06,"Stard8","236920","StAR related lipid transfer domain containing 8","Up_in_Male"
"ENSMUSG00000057278",158.854355433484,1.13110527575504,0.219351613061888,5.15658517375894,2.5149411226235e-07,6.88982851522119e-06,"Snrpg","68011","small nuclear ribonucleoprotein polypeptide G","Up_in_Female"
"ENSMUSG00000021998",4800.70138506169,-0.614305773045783,0.119322568474678,-5.14827815809333,2.62888455702437e-07,7.18977647663479e-06,"Lcp1","18826","lymphocyte cytosolic protein 1","Up_in_Male"
"ENSMUSG00000034930",261.837682366549,0.841380633515467,0.163677596782039,5.14047523947881,2.74044437531302e-07,7.46956257433291e-06,"Rtkn","20166","rhotekin","Up_in_Female"
"ENSMUSG00000028992",241.236957816591,-0.829405230341618,0.161422025620576,-5.13811685334157,2.7750530999094e-07,7.55113943004016e-06,"Nmnat1","66454","nicotinamide nucleotide adenylyltransferase 1","Up_in_Male"
"ENSMUSG00000039001",3395.16999111662,0.921701297792056,0.179464957941,5.1358287900141,2.80903305186401e-07,7.63073355637672e-06,"Rps21","66481","ribosomal protein S21","Up_in_Female"
"ENSMUSG00000042249",192.889661130933,-1.37196792552931,0.267260105077761,-5.13345575887628,2.84469922489959e-07,7.71463305764367e-06,"Grk3","320129","G protein-coupled receptor kinase 3","Up_in_Male"
"ENSMUSG00000027834",125.168365282139,-1.47649319825233,0.287725905410443,-5.13159632305649,2.87295136718093e-07,7.77817839946837e-06,"Serpini1","20713","serine (or cysteine) peptidase inhibitor, clade I, member 1","Up_in_Male"
"ENSMUSG00000038236",107.107943275572,1.15333415112986,0.224810407830553,5.13025247478385,2.89353818488481e-07,7.82079265515934e-06,"Hoxa7","15404","homeobox A7","Up_in_Female"
"ENSMUSG00000061132",301.653411006896,-0.85801222287872,0.167367042632488,-5.1265303454204,2.95130506422388e-07,7.96358838065493e-06,"Blnk","17060","B cell linker","Up_in_Male"
"ENSMUSG00000032852",216.014325641628,-1.06549365275253,0.207919701668742,-5.12454396673806,2.98258747886667e-07,8.03414832563344e-06,"Rspo4","228770","R-spondin 4","Up_in_Male"
"ENSMUSG00000022014",702.758427561408,-0.682491277020735,0.133221129929838,-5.12299570931558,3.00719195047115e-07,8.07388507700541e-06,"Epsti1","108670","epithelial stromal interaction 1","Up_in_Male"
"ENSMUSG00000023243",106.440041927914,1.25982624254342,0.246255102928518,5.11593963967161,3.12182889695452e-07,8.36774602678707e-06,"Kcnk5","16529","potassium channel, subfamily K, member 5","Up_in_Female"
"ENSMUSG00000075012",426.013590388258,-1.03376299639698,0.20232632019878,-5.10938465831502,3.23209730353668e-07,8.60612575740395e-06,"Fjx1","14221","four jointed box 1","Up_in_Male"
"ENSMUSG00000087143",355.436779193915,0.713696345051218,0.139678700131814,5.10955746565301,3.22914265677474e-07,8.60612575740395e-06,"A830082K12Rik","320174","RIKEN cDNA A830082K12 gene","Up_in_Female"
"ENSMUSG00000060586",4478.50960907629,-1.48422032712485,0.290524814392257,-5.10875578814035,3.24287172557992e-07,8.62058948335381e-06,"H2-Eb1","14969","histocompatibility 2, class II antigen E beta","Up_in_Male"
"ENSMUSG00000106820",73.1057301324719,1.33166794417518,0.260801191739629,5.10606541056241,3.28935868803517e-07,8.72978483390386e-06,"D5Ertd605e","100039805","DNA segment, Chr 5, ERATO Doi 605, expressed","Up_in_Female"
"ENSMUSG00000085711",323.97646451389,1.18267618048962,0.231774017502076,5.10271251814941,3.34819422630666e-07,8.87134023574453e-06,NA,NA,NA,"Up_in_Female"
"ENSMUSG00000068246",248.038449449497,0.906427561631422,0.177675200292511,5.10159864820271,3.3679639208224e-07,8.90909275842463e-06,"Apol9b","71898","apolipoprotein L 9b","Up_in_Female"
"ENSMUSG00000048416",96.9660125064338,-1.19287374961375,0.234039309789022,-5.09689483655151,3.45270003157539e-07,9.09934477212007e-06,"Mlf1","17349","myeloid leukemia factor 1","Up_in_Male"
"ENSMUSG00000030263",322.863282552773,-0.74298540239556,0.145803916126895,-5.09578495648176,3.47299184193074e-07,9.12706781130202e-06,"Irag2","16970","inositol 1,4,5-triphosphate receptor associated 2","Up_in_Male"
"ENSMUSG00000030255",616.791208967707,0.813036410274911,0.159627943103195,5.09332134756198,3.51844589600102e-07,9.23047561328093e-06,"Sspn","16651","sarcospan","Up_in_Female"
"ENSMUSG00000027966",1513.53388878083,-0.716459144158582,0.140693183582237,-5.09235149789473,3.53649687027284e-07,9.23380477325608e-06,"Col11a1","12814","collagen, type XI, alpha 1","Up_in_Male"
"ENSMUSG00000021639",397.047904495346,0.766159782519747,0.150462934812847,5.09201673802744,3.5427481928322e-07,9.23518333433609e-06,"Gtf2h2","23894","general transcription factor II H, polypeptide 2","Up_in_Female"
"ENSMUSG00000038213",371.471009169078,0.757728389561585,0.14912873805826,5.08103534856954,3.75383250734218e-07,9.76965182878604e-06,"Tapbpl","213233","TAP binding protein-like","Up_in_Female"
"ENSMUSG00000028601",436.576265631398,-0.719969769548164,0.141751177911623,-5.07910960709645,3.79207896768352e-07,9.85329890862179e-06,"Echdc2","52430","enoyl Coenzyme A hydratase domain containing 2","Up_in_Male"
"ENSMUSG00000052613",64.362158072003,1.50965555522711,0.2974163570548,5.07589955769968,3.85666995406378e-07,1.00050203181307e-05,"Pcdh15","11994","protocadherin 15","Up_in_Female"
"ENSMUSG00000001507",601.403350851253,1.09992483186718,0.216970508156545,5.06946700366108,3.98931288270885e-07,1.03159539543894e-05,"Itga3","16400","integrin alpha 3","Up_in_Female"
"ENSMUSG00000031360",1378.14078585804,0.606094748721256,0.119592107925211,5.0680162699389,4.01983052698087e-07,1.03782376613381e-05,"Ctps2","55936","cytidine 5'-triphosphate synthase 2","Up_in_Female"
"ENSMUSG00000087651",77.7125702392282,-1.40181884022358,0.277077442773045,-5.05930337090563,4.20790940231631e-07,1.08119149865885e-05,"1500009L16Rik","69784","RIKEN cDNA 1500009L16 gene","Up_in_Male"
"ENSMUSG00000034551",72.5800507626763,1.38416613347156,0.27362312484865,5.05865918400423,4.22214709077283e-07,1.08312504700652e-05,"Hdx","245596","highly divergent homeobox","Up_in_Female"
"ENSMUSG00000020354",424.243981758883,-0.707630050262418,0.139955530088404,-5.05610639190489,4.27902678108427e-07,1.09423733977141e-05,"Sgcd","24052","sarcoglycan, delta (dystrophin-associated glycoprotein)","Up_in_Male"
"ENSMUSG00000036273",631.834457350435,0.704877771758846,0.139403477989498,5.05638583717366,4.27276450839299e-07,1.09423733977141e-05,"Lrrk2","66725","leucine-rich repeat kinase 2","Up_in_Female"
"ENSMUSG00000004864",23.3556714301034,-2.58164358553714,0.511043612458144,-5.05170893951557,4.3787459671618e-07,1.11796590072979e-05,"Mapk13","26415","mitogen-activated protein kinase 13","Up_in_Male"
"ENSMUSG00000021193",2621.24382956574,0.667736050272589,0.132197820130621,5.05103676908454,4.39418467034385e-07,1.120135289742e-05,"Pitrm1","69617","pitrilysin metallepetidase 1","Up_in_Female"
"ENSMUSG00000038721",583.426037177994,0.596329556544457,0.118119967860488,5.04850760921969,4.45274739671547e-07,1.13327337529023e-05,"Hoxb7","15415","homeobox B7","Up_in_Female"
"ENSMUSG00000052331",418.057885115709,0.754468470766846,0.149627932705022,5.04229696372409,4.5997670571029e-07,1.16517804134085e-05,"Ankrd44","329154","ankyrin repeat domain 44","Up_in_Female"
"ENSMUSG00000021957",6880.84106740455,-0.595701776726055,0.118169783571903,-5.04106683383732,4.62943738294595e-07,1.17085582462721e-05,"Tkt","21881","transketolase","Up_in_Male"
"ENSMUSG00000046688",454.306628888518,-0.680360406837007,0.135055837921394,-5.03762308470512,4.71348456107149e-07,1.19024705598513e-05,"Tifa","211550","TRAF-interacting protein with forkhead-associated domain","Up_in_Male"
"ENSMUSG00000017314",56.4583264568417,-1.80881915276619,0.359383458012593,-5.03311744722208,4.82567271732318e-07,1.21494399448301e-05,"Mpp2","50997","membrane protein, palmitoylated 2 (MAGUK p55 subfamily member 2)","Up_in_Male"
"ENSMUSG00000035929",2036.12695557645,-0.83663809899031,0.166267372517715,-5.03188380450994,4.85683616668907e-07,1.22071508388933e-05,"H2-Q4","15015","histocompatibility 2, Q region locus 4","Up_in_Male"
"ENSMUSG00000052040",1299.43593485676,0.689505027567352,0.137155362178874,5.02718243467667,4.97738788921914e-07,1.24906891104883e-05,"Klf13","50794","Kruppel-like transcription factor 13","Up_in_Female"
"ENSMUSG00000038429",1678.13185043423,0.607718226065643,0.12094637258869,5.02469163033394,5.04242088248365e-07,1.26342396521361e-05,"Usp5","22225","ubiquitin specific peptidase 5 (isopeptidase T)","Up_in_Female"
"ENSMUSG00000041297",1698.45225982026,0.618657090418345,0.123161230427119,5.02314801721989,5.08313387847849e-07,1.27165036066867e-05,"Cdk13","69562","cyclin dependent kinase 13","Up_in_Female"
"ENSMUSG00000030707",2725.80163893068,-0.636669657632801,0.126804204976639,-5.0208875782163,5.14332573794551e-07,1.28471678184967e-05,"Coro1a","12721","coronin, actin binding protein 1A","Up_in_Male"
"ENSMUSG00000039046",612.381348899236,0.738827692251941,0.147363388547932,5.01364483764994,5.34085301734628e-07,1.32993833777623e-05,"Usp6nl","98910","USP6 N-terminal like","Up_in_Female"
"ENSMUSG00000024664",445.203293646207,-0.797721872107199,0.15924029857286,-5.00954770404555,5.45581025161674e-07,1.35647078921553e-05,"Fads3","60527","fatty acid desaturase 3","Up_in_Male"
"ENSMUSG00000097251",20.249824377164,2.85635957305351,0.570551117333139,5.00631667571639,5.54814521006306e-07,1.37519003240519e-05,"5033417F24Rik","75995","RIKEN cDNA 5033417F24 gene","Up_in_Female"
"ENSMUSG00000026915",254.266923704571,-1.07580702468254,0.215047882571923,-5.00263946715555,5.65506419341384e-07,1.39954165375653e-05,"Strbp","20744","spermatid perinuclear RNA binding protein","Up_in_Male"
"ENSMUSG00000066278",311.35342835906,0.834746602004398,0.166878739626215,5.00211473237461,5.67048247508101e-07,1.40120834943196e-05,"Vps37b","330192","vacuolar protein sorting 37B","Up_in_Female"
"ENSMUSG00000028597",144.610791028631,-1.44376751080089,0.288816655587819,-4.99890668653592,5.7656294588144e-07,1.42254123772828e-05,"Gpx7","67305","glutathione peroxidase 7","Up_in_Male"
"ENSMUSG00000027796",82.453539775323,-1.43966220552417,0.288040054564579,-4.99813197057077,5.78883632858849e-07,1.42608645798632e-05,"Smad9","55994","SMAD family member 9","Up_in_Male"
"ENSMUSG00000066456",1812.78233138464,-0.762736198210842,0.152628353210798,-4.99734277521432,5.81256950950384e-07,1.42975032934991e-05,"Hmgn3","94353","high mobility group nucleosomal binding domain 3","Up_in_Male"
"ENSMUSG00000039195",250.671506432682,-0.887303989805428,0.177570396229401,-4.99691394875941,5.82550475213265e-07,1.43075106058466e-05,"Bbln","73737","bublin coiled coil protein","Up_in_Male"
"ENSMUSG00000038188",250.805659550837,-0.808520557072156,0.16220494074834,-4.98456183481225,6.21023835144416e-07,1.51830918240762e-05,"Scarf1","380713","scavenger receptor class F, member 1","Up_in_Male"
"ENSMUSG00000027863",62.9001068126931,-1.82899149423614,0.367088536384028,-4.98242607152065,6.27919837267773e-07,1.52822239730811e-05,"Cd2","12481","CD2 antigen","Up_in_Male"
"ENSMUSG00000113010",77.8956751056029,-1.36132796762411,0.273324509936444,-4.98062895252481,6.33779541080405e-07,1.53784461276292e-05,NA,NA,NA,"Up_in_Male"
"ENSMUSG00000000317",412.612755802811,-0.981112859753612,0.196985618384452,-4.98063192531546,6.33769804591764e-07,1.53784461276292e-05,"Bcl6b","12029","B cell CLL/lymphoma 6, member B","Up_in_Male"
"ENSMUSG00000018507",436.229087104557,-0.783692022696224,0.157389535398993,-4.9793146711407,6.38098227710596e-07,1.54599894930003e-05,"Trpv2","22368","transient receptor potential cation channel, subfamily V, member 2","Up_in_Male"
"ENSMUSG00000071415",3117.21215273217,0.601599278363252,0.120955684647025,4.97371644928347,6.56813608736322e-07,1.5889571799954e-05,"Rpl23","65019","ribosomal protein L23","Up_in_Female"
"ENSMUSG00000084235",1026.76577964062,0.640704811177688,0.128876298580583,4.9714712343098,6.64467243782492e-07,1.60100425870769e-05,NA,NA,NA,"Up_in_Female"
"ENSMUSG00000002699",653.712803492503,-0.771538065556132,0.155301945465041,-4.9679871249894,6.76514531735497e-07,1.62686117497526e-05,"Lcp2","16822","lymphocyte cytosolic protein 2","Up_in_Male"
"ENSMUSG00000002111",1564.31946882534,-0.689515208543852,0.138886504658637,-4.96459472602167,6.88446785158933e-07,1.65309186388758e-05,"Spi1","20375","Spi-1 proto-oncogene","Up_in_Male"
"ENSMUSG00000039831",2043.2176998563,-0.599969185449231,0.120897326987422,-4.96263400026743,6.954355504839e-07,1.66739198255694e-05,"Arhgap29","214137","Rho GTPase activating protein 29","Up_in_Male"
"ENSMUSG00000062997",788.770591427115,0.857271509203985,0.172812256885389,4.96071010618498,7.02359451669653e-07,1.68149437865601e-05,"Rpl35","66489","ribosomal protein L35","Up_in_Female"
"ENSMUSG00000094006",49.1384388872774,-7.03058696931898,1.4182477518373,-4.95723470050353,7.1503580917299e-07,1.70930634323191e-05,"Igkv4-59","667683","immunoglobulin kappa variable 4-59","Up_in_Male"
"ENSMUSG00000092274",5995.5073885418,-0.752565893629772,0.151854881518686,-4.95582286261352,7.20248127353872e-07,1.71921949452398e-05,"Neat1","66961","nuclear paraspeckle assembly transcript 1 (non-protein coding)","Up_in_Male"
"ENSMUSG00000032436",791.440109069349,-0.644752978548377,0.130116045078856,-4.95521500179035,7.22503524987966e-07,1.72069116568996e-05,"Cmtm7","102545","CKLF-like MARVEL transmembrane domain containing 7","Up_in_Male"
"ENSMUSG00000057706",1043.24571066314,-0.635375904917182,0.128392759538871,-4.94868953046236,7.47148142004922e-07,1.77033515703251e-05,"Mex3b","108797","mex3 RNA binding family member B","Up_in_Male"
"ENSMUSG00000067786",42.9574412550927,-2.02576584310921,0.409417913449956,-4.94791697324406,7.50118902708804e-07,1.77046638599732e-05,"Nnat","18111","neuronatin","Up_in_Male"
"ENSMUSG00000071984",147.929128537468,-1.16946262701714,0.236359201529804,-4.94781933365803,7.50495171059846e-07,1.77046638599732e-05,"Fndc1","68655","fibronectin type III domain containing 1","Up_in_Male"
"ENSMUSG00000031353",6659.26017237774,0.678474271911877,0.137113850524013,4.94825482122287,7.48818358183608e-07,1.77046638599732e-05,"Rbbp7","245688","retinoblastoma binding protein 7, chromatin remodeling factor","Up_in_Female"
"ENSMUSG00000008140",1441.05497690906,0.607454817850991,0.122784688839184,4.94731732102688,7.52432622225383e-07,1.77244566309909e-05,"Emc10","69683","ER membrane protein complex subunit 10","Up_in_Female"
"ENSMUSG00000020437",330.305084456598,-0.725731418379793,0.146852622040379,-4.94190303377928,7.73636926434582e-07,1.81444846583552e-05,"Myo1g","246177","myosin IG","Up_in_Male"
"ENSMUSG00000039741",666.703561443956,0.728743164276822,0.147546698339466,4.9390679186882,7.84968706884832e-07,1.83835341862027e-05,"Bahcc1","268515","BAH domain and coiled-coil containing 1","Up_in_Female"
"ENSMUSG00000072940",3095.48587164983,0.787458963385012,0.159454217521931,4.93846431673535,7.87401825611171e-07,1.84137910986404e-05,NA,NA,NA,"Up_in_Female"
"ENSMUSG00000031434",889.696254737807,0.877176357188906,0.17774451775117,4.93504029427727,8.01342140257121e-07,1.86856311780186e-05,"Morc4","75746","microrchidia 4","Up_in_Female"
"ENSMUSG00000033717",103.86822701114,-1.3562283666709,0.274890955479063,-4.93369585153265,8.06880544603882e-07,1.87876254945573e-05,"Adra2a","11551","adrenergic receptor, alpha 2a","Up_in_Male"
"ENSMUSG00000017969",1410.55065108669,-0.81809718114617,0.165882995388628,-4.93177241723628,8.14868238272857e-07,1.89462736207072e-05,"Ptgis","19223","prostaglandin I2 (prostacyclin) synthase","Up_in_Male"
"ENSMUSG00000026944",513.657936009606,0.657985180818897,0.133469399950203,4.92985793795722,8.22894342649105e-07,1.91053569971021e-05,"Abca2","11305","ATP-binding cassette, sub-family A member 2","Up_in_Female"
"ENSMUSG00000024480",2287.17940197269,-0.606417346747563,0.123328697700691,-4.91708222054926,8.78436633850002e-07,2.0365594143396e-05,"Ap3s1","11777","adaptor-related protein complex 3, sigma 1 subunit","Up_in_Male"
"ENSMUSG00000026480",677.133483227576,-0.634157273744628,0.128986817284512,-4.916450278371,8.81275676885038e-07,2.04021008927073e-05,"Ncf2","17970","neutrophil cytosolic factor 2","Up_in_Male"
"ENSMUSG00000070469",147.345544392845,1.06292746763296,0.216249361525765,4.91528603892003,8.86529251264419e-07,2.0494320914617e-05,"Adamtsl3","269959","ADAMTS-like 3","Up_in_Female"
"ENSMUSG00000030890",75.130931601467,-1.55522159035889,0.316509486327353,-4.91366501650567,8.93894287383799e-07,2.06055403160357e-05,"Ilk","16202","integrin linked kinase","Up_in_Male"
"ENSMUSG00000019647",245.799224447786,0.939473759426908,0.191185576991278,4.91393636597267,8.92657332133222e-07,2.06055403160357e-05,"Sema6a","20358","sema domain, transmembrane domain (TM), and cytoplasmic domain, (semaphorin) 6A","Up_in_Female"
"ENSMUSG00000000253",298.584592391444,0.904410536962805,0.184182069990829,4.91041574789466,9.08834986141958e-07,2.09200589677413e-05,"Gmpr","66355","guanosine monophosphate reductase","Up_in_Female"
"ENSMUSG00000079067",113.557880210453,-1.54706323650781,0.315164966527004,-4.90874113819136,9.16628733456741e-07,2.10694034801396e-05,NA,NA,NA,"Up_in_Male"
"ENSMUSG00000022676",590.656460897402,-0.727815202605134,0.14840414229479,-4.9042782185918,9.37715020220316e-07,2.14820144713356e-05,"Snai2","20583","snail family zinc finger 2","Up_in_Male"
"ENSMUSG00000051306",443.998504725449,0.681006754729002,0.138864817072779,4.9040985980782,9.38573388838099e-07,2.14820144713356e-05,"Usp42","76800","ubiquitin specific peptidase 42","Up_in_Female"
"ENSMUSG00000030499",748.181144276608,0.630936062459565,0.128684356781512,4.90297405403212,9.43964566386988e-07,2.15748048770828e-05,"Kctd15","233107","potassium channel tetramerisation domain containing 15","Up_in_Female"
"ENSMUSG00000073293",20.0257556987949,-3.15555073453487,0.643707195668103,-4.9021523384708,9.47922792329217e-07,2.16040708715032e-05,"Nudt10","102954","nudix hydrolase 10","Up_in_Male"
"ENSMUSG00000058997",865.24576174305,0.591720805179173,0.120786925366395,4.89888126040337,9.63838660825173e-07,2.19358259958745e-05,"Vwa8","219189","von Willebrand factor A domain containing 8","Up_in_Female"
"ENSMUSG00000031574",117.409490592261,-1.18290046297968,0.241737553166738,-4.89332520944223,9.91463709061215e-07,2.25327583231152e-05,"Star","20845","steroidogenic acute regulatory protein","Up_in_Male"
"ENSMUSG00000025270",44.6055899175151,1.87906533978492,0.384160405164678,4.89135609636662,1.00143597271357e-06,2.26954646849805e-05,"Alas2","11656","aminolevulinic acid synthase 2, erythroid","Up_in_Female"
"ENSMUSG00000052676",327.93340252246,0.757631737435858,0.154967943866992,4.88895779688557,1.01371223070096e-06,2.2941459403353e-05,"Zmat1","215693","zinc finger, matrin type 1","Up_in_Female"
"ENSMUSG00000021830",442.480571036615,-0.896130682198368,0.183347932576806,-4.88759632903397,1.02074554518506e-06,2.30682774749386e-05,"Txndc16","70561","thioredoxin domain containing 16","Up_in_Male"
"ENSMUSG00000034430",481.863018795638,0.721427652940606,0.147616158139774,4.8871862134327,1.02287338318759e-06,2.30840348407203e-05,"Zxdc","80292","ZXD family zinc finger C","Up_in_Female"
"ENSMUSG00000003534",718.300957260685,0.600997978164375,0.123083151760487,4.88286146046928,1.04557334176463e-06,2.35305041042036e-05,"Ddr1","12305","discoidin domain receptor family, member 1","Up_in_Female"
"ENSMUSG00000022964",472.670386646628,-0.785539506686912,0.161129306342726,-4.87521186875869,1.08691735776178e-06,2.43252406169821e-05,"Tmem50b","77975","transmembrane protein 50B","Up_in_Male"
"ENSMUSG00000022687",799.18374304704,-0.834693467205144,0.171339918280577,-4.8715645226251,1.1071799285171e-06,2.47443979592131e-05,"Boc","117606","BOC cell adhesion associated, oncogene regulated","Up_in_Male"
"ENSMUSG00000039081",1102.94803296279,-0.763727486289797,0.156874078966843,-4.86841096578625,1.1249918730806e-06,2.50799009620389e-05,"Zfp503","218820","zinc finger protein 503","Up_in_Male"
"ENSMUSG00000045273",352.897396164246,0.701520433646237,0.144097992187156,4.8683567549997,1.1253004645833e-06,2.50799009620389e-05,"Cenph","26886","centromere protein H","Up_in_Female"
"ENSMUSG00000027230",248.819569198851,-1.0788783282996,0.221723570486956,-4.86587116529889,1.13953734529635e-06,2.53621718671751e-05,"Creb3l1","26427","cAMP responsive element binding protein 3-like 1","Up_in_Male"
"ENSMUSG00000082319",2385.89018533455,3.38297775403838,0.695802300551845,4.86198127162748,1.16216620759644e-06,2.57592224255168e-05,"Actr3-ps","667799","actin related protein 3, pseudogene","Up_in_Female"
"ENSMUSG00000029664",185.293558629064,-1.2491454752372,0.257006021422657,-4.86037435357566,1.17163986335348e-06,2.58980559384545e-05,"Tfpi2","21789","tissue factor pathway inhibitor 2","Up_in_Male"
"ENSMUSG00000027670",56.572025884427,-2.52733516545198,0.520224405334253,-4.85816339936632,1.18479616682713e-06,2.61173100381456e-05,"Ocstamp","74614","osteoclast stimulatory transmembrane protein","Up_in_Male"
"ENSMUSG00000017756",794.742070791923,0.594616799044395,0.12243698118676,4.85651306721938,1.19470900777237e-06,2.62998970660505e-05,"Slc12a7","20499","solute carrier family 12, member 7","Up_in_Female"
"ENSMUSG00000034394",132.535110522709,1.13292317727569,0.233536361535697,4.85116394648683,1.22739034454866e-06,2.6903947813967e-05,"Lif","16878","leukemia inhibitory factor","Up_in_Female"
"ENSMUSG00000067369",618.780040766114,0.604562264144679,0.124628028426437,4.85093338776141,1.22881814197407e-06,2.6903947813967e-05,"Trmt2b","215201","TRM2 tRNA methyltransferase 2B","Up_in_Female"
"ENSMUSG00000021806",1504.57430018396,-0.975828465259853,0.201443884112784,-4.84417022416778,1.27141896598827e-06,2.77613212925395e-05,"Nid2","18074","nidogen 2","Up_in_Male"
"ENSMUSG00000049687",42.1394755234631,-1.75669440951646,0.362894798115483,-4.84078145688226,1.29329540113518e-06,2.8200830530699e-05,"Pheta2","338368","PH domain containing endocytic trafficking adaptor 2","Up_in_Male"
"ENSMUSG00000002797",336.099578875676,-0.894959270962975,0.184971980272638,-4.83835048770013,1.30921124916664e-06,2.83562855255743e-05,"Ggct","110175","gamma-glutamyl cyclotransferase","Up_in_Male"
"ENSMUSG00000036390",1021.91806418459,0.752042948704551,0.155416969284442,4.83887282171982,1.30577565434285e-06,2.83562855255743e-05,"Gadd45a","13197","growth arrest and DNA-damage-inducible 45 alpha","Up_in_Female"
"ENSMUSG00000001700",298.919469403971,-0.749322664043747,0.154870932015177,-4.83836866152724,1.30909156695342e-06,2.83562855255743e-05,"Gramd2b","107022","GRAM domain containing 2B","Up_in_Male"
"ENSMUSG00000050856",729.10487661544,0.718342825867366,0.148442388852549,4.83920281410259,1.30360963712401e-06,2.83562855255743e-05,"Atp5me","11958","ATP synthase membrane subunit e","Up_in_Female"
"ENSMUSG00000113198",382.232078992633,0.759727851329944,0.157097273819959,4.83603459726887,1.32454877682485e-06,2.86500255534126e-05,"Gm6988","629595","predicted gene 6988","Up_in_Female"
"ENSMUSG00000046818",25.4783077257154,-2.63993827868135,0.546371455466784,-4.83176463972841,1.35328180646393e-06,2.92242648525748e-05,"Ddit4l","73284","DNA-damage-inducible transcript 4-like","Up_in_Male"
"ENSMUSG00000040621",248.533122336159,0.861255524854563,0.178589823088538,4.82253417333632,1.41745735381493e-06,3.05368382658981e-05,"Gemin8","237221","gem nuclear organelle associated protein 8","Up_in_Female"
"ENSMUSG00000046329",687.711083438347,-0.656645433092315,0.136196557473444,-4.82130712606556,1.42620576334351e-06,3.0678793292434e-05,"Slc25a23","66972","solute carrier family 25 (mitochondrial carrier; phosphate carrier), member 23","Up_in_Male"
"ENSMUSG00000039607",573.5053315299,-0.619558664071373,0.128510415464012,-4.82107743434129,1.42784914245277e-06,3.0678793292434e-05,"Rbms3","207181","RNA binding motif, single stranded interacting protein","Up_in_Male"
"ENSMUSG00000019326",141.076675850136,-1.05591639894537,0.219063575257185,-4.82013679227915,1.43459818711042e-06,3.07828142915076e-05,"Aoc3","11754","amine oxidase, copper containing 3","Up_in_Male"
"ENSMUSG00000022199",181.677593527263,-1.09019408556197,0.226593244799218,-4.81123824555309,1.49998085807227e-06,3.19738636889832e-05,"Slc22a17","59049","solute carrier family 22 (organic cation transporter), member 17","Up_in_Male"
"ENSMUSG00000026725",111.692504994826,1.13955811322729,0.236943220347425,4.80941430422182,1.51373173453699e-06,3.21812585882594e-05,"Tnn","329278","tenascin N","Up_in_Female"
"ENSMUSG00000022844",1687.08605574686,-0.582737135385367,0.121239848170253,-4.80648189667021,1.5360938541071e-06,3.26136979340423e-05,"Pdia5","72599","protein disulfide isomerase associated 5","Up_in_Male"
"ENSMUSG00000058427",61.8601614471189,-2.22674026255434,0.463627613364939,-4.80286376040675,1.56412313768818e-06,3.3165165505567e-05,"Cxcl2","20310","C-X-C motif chemokine ligand 2","Up_in_Male"
"ENSMUSG00000002279",358.998931880348,-0.746837577098365,0.155602475030619,-4.79965101423613,1.58942349493097e-06,3.36132863882125e-05,"Lmf1","76483","lipase maturation factor 1","Up_in_Male"
"ENSMUSG00000054003",15.3502431811793,-3.75710549688703,0.783492385811351,-4.7953312181794,1.62406262639654e-06,3.42560451497183e-05,"Tdrd9","74691","tudor domain containing 9","Up_in_Male"
"ENSMUSG00000025921",758.791764331247,0.619324896496709,0.1291990629404,4.79357111732619,1.63838341390722e-06,3.45129957791213e-05,"Rdh10","98711","retinol dehydrogenase 10 (all-trans)","Up_in_Female"
"ENSMUSG00000023043",1857.34497578982,2.02616577889097,0.422789207815647,4.79237819091745,1.64815840256929e-06,3.46736427429701e-05,"Krt18","16668","keratin 18","Up_in_Female"
"ENSMUSG00000030086",310.047632394359,0.823739593370007,0.172249928940238,4.78223473552666,1.73357071724933e-06,3.6328437783812e-05,"Chchd6","66098","coiled-coil-helix-coiled-coil-helix domain containing 6","Up_in_Female"
"ENSMUSG00000046032",1492.49926945425,0.66338952225339,0.138768755578234,4.78053953491994,1.74825373308412e-06,3.6588615093444e-05,"Snx12","55988","sorting nexin 12","Up_in_Female"
"ENSMUSG00000000706",13.2952631767221,4.18958322658595,0.876998434578748,4.77718438414129,1.77766757405245e-06,3.71079482211001e-05,"Btn1a1","12231","butyrophilin, subfamily 1, member A1","Up_in_Female"
"ENSMUSG00000047676",13173.9926730508,-0.791642497111691,0.165896154855864,-4.77191588798122,1.82481714342479e-06,3.80429579151194e-05,"Rpsa-ps10","100040633","ribosomal protein SA, pseudogene 10","Up_in_Male"
"ENSMUSG00000002228",251.109239054586,-0.891228929562421,0.186781917967037,-4.77149468890081,1.82863803581136e-06,3.80734236720672e-05,"Ppm1j","71887","protein phosphatase 1J","Up_in_Male"
"ENSMUSG00000040722",673.841300188807,-0.71157411067115,0.149418708791277,-4.76228255770267,1.91415405069861e-06,3.96598652863442e-05,"Scamp5","56807","secretory carrier membrane protein 5","Up_in_Male"
"ENSMUSG00000031451",1583.51445975727,-0.707342812533369,0.148650180071681,-4.75843898872021,1.95095841931259e-06,4.03081498771165e-05,"Gas6","14456","growth arrest specific 6","Up_in_Male"
"ENSMUSG00000073412",363.819146814902,-0.802915825272096,0.168880996912639,-4.75432902428589,1.99106556000422e-06,4.10317163170218e-05,"Lst1","16988","leukocyte specific transcript 1","Up_in_Male"
"ENSMUSG00000017778",449.560566275915,0.644187083111524,0.135566120058662,4.75182946028676,2.01584365510487e-06,4.14893535953726e-05,"Cox7c","12867","cytochrome c oxidase subunit 7C","Up_in_Female"
"ENSMUSG00000026069",965.669747681047,0.753455296923092,0.158763171931672,4.74578132797297,2.07703007285902e-06,4.26136908308874e-05,"Il1rl1","17082","interleukin 1 receptor-like 1","Up_in_Female"
"ENSMUSG00000014748",1323.77738969981,0.582048403752324,0.122648867616535,4.7456484113014,2.07839456395069e-06,4.26136908308874e-05,"Tex261","21766","testis expressed gene 261","Up_in_Female"
"ENSMUSG00000024268",234.952228802475,-0.929857667081087,0.196027885944735,-4.74349688871937,2.10060171392334e-06,4.30143518475469e-05,"Celf4","108013","CUGBP, Elav-like family member 4","Up_in_Male"
"ENSMUSG00000035373",1832.07375146743,-0.659992172828883,0.139243771834433,-4.73983262686709,2.13894831124825e-06,4.37440683780757e-05,"Ccl7","20306","C-C motif chemokine ligand 7","Up_in_Male"
"ENSMUSG00000038065",162.851781228894,-0.866155829792175,0.182874533897287,-4.73633923397262,2.17613215689512e-06,4.43919955545634e-05,"Mturn","68235","maturin, neural progenitor differentiation regulator homolog (Xenopus)","Up_in_Male"
"ENSMUSG00000111964",191.253483456053,1.34608296941629,0.284282143830092,4.73502468808173,2.19028435854949e-06,4.45680055605985e-05,"Gm8942","668041","predicted gene 8942","Up_in_Female"
"ENSMUSG00000038860",81.9509825818417,-1.34193732443746,0.283395835150681,-4.73520481952021,2.18833987796905e-06,4.45680055605985e-05,"Garnl3","99326","GTPase activating RANGAP domain-like 3","Up_in_Male"
"ENSMUSG00000008090",579.579775512245,0.597645570296732,0.126316111428576,4.7313487055423,2.23033014885911e-06,4.52686884050197e-05,"Fgfrl1","116701","fibroblast growth factor receptor-like 1","Up_in_Female"
"ENSMUSG00000000631",894.523278976144,0.61057345886953,0.129157773615117,4.7273458018021,2.27473686757138e-06,4.6112002632075e-05,"Myo18a","360013","myosin XVIIIA","Up_in_Female"
"ENSMUSG00000110744",736.576823650063,0.771759407489736,0.16333212691004,4.72509249766156,2.30010636692496e-06,4.65677745755346e-05,NA,NA,NA,"Up_in_Female"
"ENSMUSG00000031358",1160.31263543187,0.624351113950528,0.132183925440438,4.72335128397939,2.319896194564e-06,4.69095801948429e-05,"Msl3","17692","MSL complex subunit 3","Up_in_Female"
"ENSMUSG00000099974",169.162334781502,-0.899246061410392,0.190394931586292,-4.72305672172177,2.32326017981911e-06,4.69188063348701e-05,"Bcl2a1d","12047","B cell leukemia/lymphoma 2 related protein A1d","Up_in_Male"
"ENSMUSG00000059187",286.007749255863,0.832956705550704,0.176389635715251,4.72225424228077,2.33244850184832e-06,4.70454862822805e-05,"Tafa1","320265","TAFA chemokine like family member 1","Up_in_Female"
"ENSMUSG00000038253",980.924490764424,-0.605269966509203,0.128196781573768,-4.72141312035135,2.34211672484516e-06,4.71815174433227e-05,"Hoxa5","15402","homeobox A5","Up_in_Male"
"ENSMUSG00000022401",366.040507325769,0.798935886955671,0.1693134270309,4.71868003008329,2.37379841534853e-06,4.77601137531969e-05,"Xpnpep3","321003","X-prolyl aminopeptidase 3, mitochondrial","Up_in_Female"
"ENSMUSG00000026958",728.335885392178,-0.643664712444482,0.136583526543931,-4.7126086778661,2.44565572465151e-06,4.90834586728566e-05,"Dpp7","83768","dipeptidylpeptidase 7","Up_in_Male"
"ENSMUSG00000091387",110.907920476358,1.08400706950771,0.230166037032672,4.70967430070421,2.48112954479191e-06,4.96718440877943e-05,"Gcnt4","218476","glucosaminyl (N-acetyl) transferase 4, core 2 (beta-1,6-N-acetylglucosaminyltransferase)","Up_in_Female"
"ENSMUSG00000036533",367.206390297291,-0.638193008414902,0.135541586542524,-4.7084664175351,2.49587475133062e-06,4.99051239002117e-05,"Cdc42ep3","260409","CDC42 effector protein 3","Up_in_Male"
"ENSMUSG00000026051",41.4739332088211,-2.30097980472554,0.488933283774381,-4.70612224834203,2.52473153588574e-06,5.02331295475366e-05,"Ecrg4","78896","ECRG4 augurin precursor","Up_in_Male"
"ENSMUSG00000022995",2253.33649302298,-0.663136414371389,0.140906429696867,-4.70621827405603,2.52354319195798e-06,5.02331295475366e-05,"Enah","13800","ENAH actin regulator","Up_in_Male"
"ENSMUSG00000053604",688.690488120853,0.632880979708057,0.134560461308158,4.70332052636688,2.55964102444239e-06,5.08024201357964e-05,"Rpia","19895","ribose 5-phosphate isomerase A","Up_in_Female"
"ENSMUSG00000027977",260.44127000824,0.964947214078895,0.205255921474584,4.70119062654365,2.58648910658615e-06,5.12722214052507e-05,"Ndst3","83398","N-deacetylase/N-sulfotransferase (heparan glucosaminyl) 3","Up_in_Female"
"ENSMUSG00000062554",500.777467524614,0.715895562808901,0.152467052450881,4.69541157450745,2.6607044992484e-06,5.26786844170211e-05,NA,NA,NA,"Up_in_Female"
"ENSMUSG00000081164",109.990385339737,-1.23876293481081,0.264162838376938,-4.68939137095128,2.74018853768494e-06,5.41858851030443e-05,NA,NA,NA,"Up_in_Male"
"ENSMUSG00000037202",76.0377891254483,1.26489727920727,0.270039511248491,4.68411927335815,2.8116625607423e-06,5.53280330245582e-05,"Prf1","18646","perforin 1 (pore forming protein)","Up_in_Female"
"ENSMUSG00000000682",1686.25775882529,-0.598149874713964,0.127707614475434,-4.68374479603974,2.8168068418441e-06,5.53617481120542e-05,"Cd52","23833","CD52 antigen","Up_in_Male"
"ENSMUSG00000020669",113.683177093913,-1.09310650007755,0.233396126382672,-4.68348175704218,2.82042566770531e-06,5.53654362215241e-05,"Sh3yl1","24057","Sh3 domain YSC-like 1","Up_in_Male"
"ENSMUSG00000025877",342.996189597847,-1.01417286751343,0.216640487178828,-4.68136349174783,2.84973130208247e-06,5.58727391134905e-05,"Hk3","212032","hexokinase 3","Up_in_Male"
"ENSMUSG00000005672",328.183016510341,-1.27469516978309,0.272830895026855,-4.67210712942763,2.98125384519596e-06,5.82391186998571e-05,"Kit","16590","Kit proto-oncogene receptor tyrosine kinase","Up_in_Male"
"ENSMUSG00000010142",226.246883492409,-0.718290134141575,0.153906535814459,-4.66705413347425,3.05548849558592e-06,5.96171249876354e-05,"Tnfrsf13b","57916","tumor necrosis factor receptor superfamily, member 13b","Up_in_Male"
"ENSMUSG00000113521",62.5458293746821,1.53169004205353,0.328421706521272,4.66379052187989,3.10437396027585e-06,6.03520219554351e-05,"Gm29787","101056142","predicted gene, 29787","Up_in_Female"
"ENSMUSG00000115009",159.894384670974,1.09848427021485,0.23551622054666,4.66415547797573,3.09887026887737e-06,6.03520219554351e-05,NA,NA,NA,"Up_in_Female"
"ENSMUSG00000050425",18.9612605901313,-4.64595903397024,0.996640570188041,-4.66161941721243,3.13730944250227e-06,6.09189231819695e-05,"Mrgprb2","243979","MAS-related GPR, member B2","Up_in_Male"
"ENSMUSG00000037703",149.853095079522,-0.871068077475597,0.186946046535497,-4.65946241505674,3.17036275451803e-06,6.13392966509627e-05,"Lzts3","241638","leucine zipper, putative tumor suppressor family member 3","Up_in_Male"
"ENSMUSG00000059326",696.314851450965,-0.755972324641104,0.162244532904713,-4.65946254771548,3.17036071145815e-06,6.13392966509627e-05,"Csf2ra","12982","colony stimulating factor 2 receptor, alpha, low-affinity (granulocyte-macrophage)","Up_in_Male"
"ENSMUSG00000079487",1060.88966494874,0.596098832748678,0.127973523549803,4.65798562244554,3.19318507274429e-06,6.1706867465631e-05,"Med12","59024","mediator complex subunit 12","Up_in_Female"
"ENSMUSG00000063455",360.851618297798,0.80909310672761,0.173845290669713,4.65409850109082,3.25401228480183e-06,6.273206956698e-05,"D630045J12Rik","330286","RIKEN cDNA D630045J12 gene","Up_in_Female"
"ENSMUSG00000038058",223.152713095195,-0.718822303266721,0.15456830912642,-4.65051540855507,3.31106504812125e-06,6.37557823585734e-05,"Nod1","107607","nucleotide-binding oligomerization domain containing 1","Up_in_Male"
"ENSMUSG00000039917",323.834270908092,0.658965293193168,0.141740658050006,4.64909153279567,3.33400241565933e-06,6.4120933228938e-05,"Rhbdd2","215160","rhomboid domain containing 2","Up_in_Female"
"ENSMUSG00000072568",122.195269058174,-1.00019224069168,0.215263097077396,-4.64637113500261,3.37824998319073e-06,6.48681775632118e-05,"Lratd2","399603","LRAT domain containing 1","Up_in_Male"
"ENSMUSG00000096727",522.261452589665,-0.852475616644578,0.183618102609218,-4.64265562344277,3.43959384678105e-06,6.59160169972198e-05,"Psmb9","16912","proteasome (prosome, macropain) subunit, beta type 9 (large multifunctional peptidase 2)","Up_in_Male"
"ENSMUSG00000028893",305.027043230481,-0.731979889519182,0.157724409471131,-4.64087893543935,3.46930347359001e-06,6.64065016012437e-05,"Sesn2","230784","sestrin 2","Up_in_Male"
"ENSMUSG00000087107",283.730251394765,-0.683684692467241,0.147326928685587,-4.6405955690986,3.47406459591746e-06,6.6418846350384e-05,"Slfnlnc","100043636","schlafen long noncoding RNA","Up_in_Male"
"ENSMUSG00000001739",45.3549008231211,-1.89978541080025,0.409829596411983,-4.6355495733658,3.55990393363942e-06,6.79794199682907e-05,"Cldn15","60363","claudin 15","Up_in_Male"
"ENSMUSG00000040616",227.639245525078,-0.926803233956846,0.200039802238365,-4.63309413219914,3.60240636480787e-06,6.86286057881226e-05,"Tmem51","214359","transmembrane protein 51","Up_in_Male"
"ENSMUSG00000021318",1874.96366559394,0.61469973110266,0.132819811112632,4.62807261923742,3.69084604662448e-06,7.01478113172351e-05,"Gli3","14634","GLI-Kruppel family member GLI3","Up_in_Female"
"ENSMUSG00000036594",5260.67647712861,-1.47340866514075,0.318504832873271,-4.62601666621178,3.72765316412804e-06,7.06954441898534e-05,"H2-Aa","14960","histocompatibility 2, class II antigen A, alpha","Up_in_Male"
"ENSMUSG00000027962",3045.28661132208,0.650196053106629,0.140636086023128,4.6232519084732,3.77770491895878e-06,7.15458293102334e-05,"Vcam1","22329","vascular cell adhesion molecule 1","Up_in_Female"
"ENSMUSG00000050541",46.6902808304293,1.64438251355124,0.356066146162343,4.61819392625298,3.87094413370681e-06,7.31399936083057e-05,"Adra1b","11548","adrenergic receptor, alpha 1b","Up_in_Female"
"ENSMUSG00000040669",483.584796099536,0.620042223348286,0.1343484925392,4.61517812094075,3.92758319520359e-06,7.41233712722867e-05,"Phc1","13619","polyhomeotic 1","Up_in_Female"
"ENSMUSG00000055629",370.16239242962,0.679869747654583,0.147356291240564,4.61378161686134,3.95407884740517e-06,7.45146969217827e-05,"B4galnt4","330671","beta-1,4-N-acetyl-galactosaminyl transferase 4","Up_in_Female"
"ENSMUSG00000059412",40.1509801574881,-1.71926493456899,0.372737535352102,-4.61253501862887,3.9778750048028e-06,7.48100129108367e-05,"Fxyd2","11936","FXYD domain-containing ion transport regulator 2","Up_in_Male"
"ENSMUSG00000046275",36.6607015310508,-2.08107005293659,0.451420007178045,-4.61005276648226,4.0256678046671e-06,7.56206934762611e-05,"Trarg1","237858","trafficking regulator of GLUT4 (SLC2A4) 1","Up_in_Male"
"ENSMUSG00000019055",1888.74708125643,-0.613546488957115,0.133283591591476,-4.60331599434746,4.15816584455725e-06,7.79281812633865e-05,"Plod1","18822","procollagen-lysine, 2-oxoglutarate 5-dioxygenase 1","Up_in_Male"
"ENSMUSG00000034652",425.164104000646,-0.723137940641088,0.157100681401739,-4.60302230511575,4.16403612883544e-06,7.79476647040472e-05,"Cd300a","217303","CD300A molecule","Up_in_Male"
"ENSMUSG00000018819",5402.00644207203,0.606610963391227,0.131798999494499,4.6025460414557,4.17357261082005e-06,7.80356519677779e-05,"Lsp1","16985","lymphocyte specific 1","Up_in_Female"
"ENSMUSG00000114179",353.049153225388,0.760842797980055,0.165379848369123,4.60057743118663,4.21321365707539e-06,7.86856661696395e-05,NA,NA,NA,"Up_in_Female"
"ENSMUSG00000047045",1791.46621722978,0.598561822180752,0.130136045973368,4.59950828921946,4.23489342419064e-06,7.89991217257111e-05,"Tmem164","209497","transmembrane protein 164","Up_in_Female"
"ENSMUSG00000036995",181.718911506085,-0.786378199016306,0.171120547132871,-4.59546332799943,4.31788731633687e-06,8.04543068549788e-05,"Asap3","230837","ArfGAP with SH3 domain, ankyrin repeat and PH domain 3","Up_in_Male"
"ENSMUSG00000058589",422.818369720428,-0.750239726210803,0.1633110829469,-4.59393026286367,4.34974794199046e-06,8.09544784220969e-05,"Anks1b","77531","ankyrin repeat and sterile alpha motif domain containing 1B","Up_in_Male"
"ENSMUSG00000055301",68.2581202051835,-1.4013079994851,0.305112257130667,-4.59276206293139,4.37417691647629e-06,8.12217706838451e-05,"Adh7","11529","alcohol dehydrogenase 7 (class IV), mu or sigma polypeptide","Up_in_Male"
"ENSMUSG00000062393",23.787879415209,-2.74540678457984,0.598204434123058,-4.58941229448505,4.4449571004605e-06,8.23465301642142e-05,"Dgkk","331374","diacylglycerol kinase kappa","Up_in_Male"
"ENSMUSG00000044288",202.089938719673,1.22689611770186,0.267819012777784,4.58106429777577,4.62615572964913e-06,8.53115986898496e-05,"Cnr1","12801","cannabinoid receptor 1","Up_in_Female"
"ENSMUSG00000090946",609.851196501268,-0.59439521025712,0.129791489164982,-4.57961622970181,4.6582986683463e-06,8.58062868863424e-05,"Ccdc71l","72123","coiled-coil domain containing 71 like","Up_in_Male"
"ENSMUSG00000073987",470.07004533123,-0.735449692811952,0.160670231568687,-4.57738615069803,4.70821877098762e-06,8.65282666157817e-05,"Ggh","14590","gamma-glutamyl hydrolase","Up_in_Male"
"ENSMUSG00000082241",163.10616900441,-1.09134514942457,0.238441482713797,-4.57699363803453,4.71705799587387e-06,8.65920908093524e-05,NA,NA,NA,"Up_in_Male"
"ENSMUSG00000114608",290.551367486045,-0.980582866659585,0.214393166096373,-4.57375990342341,4.79048775487123e-06,8.77404204456323e-05,"Gm36161","102639975","predicted gene, 36161","Up_in_Male"
"ENSMUSG00000047686",112.682753321266,-1.12092776898268,0.245117086701389,-4.57302991018428,4.8072148380726e-06,8.79469598947159e-05,"Rtl3","213436","retrotransposon Gag like 3","Up_in_Male"
"ENSMUSG00000070720",270.478768623079,-0.819425148951759,0.17922720951349,-4.57199077738295,4.83112207466578e-06,8.82842421254892e-05,"Tmem200b","623230","transmembrane protein 200B","Up_in_Male"
"ENSMUSG00000080746",120.580969271659,1.58797908428296,0.348017253226535,4.56293206604126,5.04441406408409e-06,9.18698254379919e-05,"Rpsa-ps12","666774","ribosomal protein SA, pseudogene 12","Up_in_Female"
"ENSMUSG00000021044",120.277105407823,0.939698182441745,0.206190642772212,4.55742399270694,5.17848208552111e-06,9.39932361439467e-05,"Adck1","72113","aarF domain containing kinase 1","Up_in_Female"
"ENSMUSG00000026727",3320.38690809067,-0.6199624514277,0.136193228662965,-4.55207984650919,5.31181671389406e-06,9.61969410722723e-05,"Rsu1","20163","Ras suppressor protein 1","Up_in_Male"
"ENSMUSG00000001029",301.19199637164,-0.927736509005286,0.203960645858026,-4.54860546799341,5.40025770708991e-06,9.76889667730973e-05,"Icam2","15896","intercellular adhesion molecule 2","Up_in_Male"
"ENSMUSG00000115338",1064.59053939693,-0.599887621241685,0.13190229146459,-4.54796967195017,5.41659388535085e-06,9.78747580448167e-05,"Pnp","18950","purine-nucleoside phosphorylase","Up_in_Male"
"ENSMUSG00000027868",430.716974481949,0.793439082094944,0.174498527024415,4.54696721872002,5.44244711741303e-06,9.81221527224321e-05,"Tbx15","21384","T-box 15","Up_in_Female"
"ENSMUSG00000022969",1702.54086607613,-0.648608177835972,0.14268129762146,-4.54585281076404,5.47132631400492e-06,9.85327247798922e-05,"Il10rb","16155","interleukin 10 receptor, beta","Up_in_Male"
"ENSMUSG00000063632",419.990586351023,0.890242390008999,0.195961512143332,4.54294509300301,5.54737043492191e-06,9.96796985945434e-05,"Sox11","20666","SRY (sex determining region Y)-box 11","Up_in_Female"
"ENSMUSG00000025279",40.9035417375848,-2.79712926644201,0.615848686413419,-4.54190993364286,5.57468586129072e-06,0.000100059100175514,"Dnase1l3","13421","deoxyribonuclease 1-like 3","Up_in_Male"
"ENSMUSG00000054428",2454.73678768114,-0.624491957954755,0.137507381986187,-4.54151587307135,5.58511799307037e-06,0.000100134959929093,"Atp5if1","11983","ATP synthase inhibitory factor subunit 1","Up_in_Male"
"ENSMUSG00000023868",55.3875528101566,-1.46953174841809,0.324011841366487,-4.53542605795049,5.74873164363939e-06,0.000102953977582425,"Pde10a","23984","phosphodiesterase 10A","Up_in_Male"
"ENSMUSG00000035566",125.026878349368,1.20308986017912,0.265441360268631,4.53241295539464,5.83137081965801e-06,0.000104089834922602,"Pcdh17","219228","protocadherin 17","Up_in_Female"
"ENSMUSG00000029426",1963.61586882872,0.721600995789319,0.159217389518404,4.53217451920293,5.83795863937498e-06,0.000104089834922602,"Scarb2","12492","scavenger receptor class B, member 2","Up_in_Female"
"ENSMUSG00000028080",214.097578428063,-0.963255869740846,0.212563764398318,-4.53160900903046,5.85361177082605e-06,0.000104253730170032,"Lrba","80877","LPS-responsive beige-like anchor","Up_in_Male"
"ENSMUSG00000028434",49.1679324951546,1.53366941176734,0.338755335263819,4.52736607254595,5.97234280881277e-06,0.000106017297649068,"Epb41l4b","54357","erythrocyte membrane protein band 4.1 like 4b","Up_in_Female"
"ENSMUSG00000046714",333.957177409427,0.910765704426727,0.201215386270597,4.52632237179874,6.00190019274471e-06,0.000106325593870325,"Foxc2","14234","forkhead box C2","Up_in_Female"
"ENSMUSG00000056666",420.620290607214,0.684357742432396,0.15119625872676,4.52628754306123,6.00288894495946e-06,0.000106325593870325,"Retsat","67442","retinol saturase (all trans retinol 13,14 reductase)","Up_in_Female"
"ENSMUSG00000037405",350.68776317827,-0.892945666050606,0.197312368290292,-4.52554329861815,6.02405457647185e-06,0.000106583491936349,"Icam1","15894","intercellular adhesion molecule 1","Up_in_Male"
"ENSMUSG00000038587",318.223148753856,-0.948461482588715,0.209693543270338,-4.52308386704093,6.09450770685313e-06,0.000107711912768655,"Akap12","83397","A kinase anchor protein 12","Up_in_Male"
"ENSMUSG00000055435",3972.8817372838,-0.608890714751197,0.134657866213083,-4.52176120025316,6.13272231402305e-06,0.00010826871691365,"Maf","17132","MAF bZIP transcription factor","Up_in_Male"
"ENSMUSG00000022376",20.0202586621477,-2.94650801277666,0.651680133590185,-4.52140223539421,6.14313305347575e-06,0.000108333983552879,"Adcy8","11514","adenylate cyclase 8","Up_in_Male"
"ENSMUSG00000040749",382.48871212358,0.612969906518182,0.135760375377254,4.51508700395715,6.32907762924368e-06,0.00011124836233712,"Siah1b","20438","siah E3 ubiquitin protein ligase 1B","Up_in_Female"
"ENSMUSG00000033227",35.6171582890857,2.03853519108702,0.452084792293101,4.50918771398392,6.50763099146595e-06,0.000113861541755193,"Wnt6","22420","wingless-type MMTV integration site family, member 6","Up_in_Female"
"ENSMUSG00000026126",190.117787131593,-0.980307260672627,0.217493494859743,-4.50729462646598,6.5659432285584e-06,0.000114662402528158,"Ptpn18","19253","protein tyrosine phosphatase, non-receptor type 18","Up_in_Male"
"ENSMUSG00000029859",44.780166793058,-1.63926465411419,0.363948491377782,-4.50411168874064,6.66511480685005e-06,0.000116024669716103,"Epha1","13835","Eph receptor A1","Up_in_Male"
"ENSMUSG00000027220",34.6832679372293,2.04015170043676,0.453642440425991,4.49726815357259,6.88321538720639e-06,0.000119299208902215,"Syt13","80976","synaptotagmin XIII","Up_in_Female"
"ENSMUSG00000004530",2460.18577005932,0.740145691851623,0.164619029187024,4.49611260318356,6.92070953466214e-06,0.000119820353059344,"Coro1c","23790","coronin, actin binding protein 1C","Up_in_Female"
"ENSMUSG00000079259",76.0971935751923,1.17946310900026,0.262457731799332,4.4939164143278,6.99250841400024e-06,0.000120804192471422,"Trim71","636931","tripartite motif-containing 71","Up_in_Female"
"ENSMUSG00000041482",1786.44206498414,0.670807164509029,0.14961211280835,4.48364207895599,7.33797051398401e-06,0.000126231868031606,"Piezo2","667742","piezo-type mechanosensitive ion channel component 2","Up_in_Female"
"ENSMUSG00000047878",1072.92902661426,0.663484741101814,0.147996509844205,4.48311072876152,7.35627330322008e-06,0.000126411955293673,"A4galt","239559","alpha 1,4-galactosyltransferase","Up_in_Female"
"ENSMUSG00000030353",168.034525929107,0.883622176107929,0.197247805003956,4.47975670041149,7.47281699005812e-06,0.000128278058459125,"Tead4","21679","TEA domain family member 4","Up_in_Female"
"ENSMUSG00000052316",2619.07908563718,-0.671067168942901,0.149809633104782,-4.47946607327671,7.48299822207081e-06,0.00012831632232873,"Lrrc15","74488","leucine rich repeat containing 15","Up_in_Male"
"ENSMUSG00000006221",874.810920894036,-0.804324400313228,0.179815311647023,-4.47305845617928,7.71086867873052e-06,0.000131823197683983,"Hspb7","29818","heat shock protein family, member 7 (cardiovascular)","Up_in_Male"
"ENSMUSG00000030281",453.537803880371,0.701425129301148,0.156812195804105,4.47302663995211,7.71201652291028e-06,0.000131823197683983,"Il17rc","171095","interleukin 17 receptor C","Up_in_Female"
"ENSMUSG00000033799",605.334691728492,0.810494560441391,0.181274048625945,4.47110089163303,7.7817973722836e-06,0.000132734759407155,"Tasor2","105203","transcription activation suppressor family member 2","Up_in_Female"
"ENSMUSG00000027907",7973.63808317232,-0.725682512998549,0.162336729068934,-4.4702299791343,7.81355336072662e-06,0.000133135688520258,"S100a11","20195","S100 calcium binding protein A11","Up_in_Male"
"ENSMUSG00000092341",4809.11636482357,0.811421762117957,0.181707337721795,4.46554207601838,7.98662734821517e-06,0.000135530542486948,"Malat1","72289","metastasis associated lung adenocarcinoma transcript 1 (non-coding RNA)","Up_in_Female"
"ENSMUSG00000031379",721.200536030261,0.648982782990551,0.145332180228573,4.46551329492101,7.98770115921465e-06,0.000135530542486948,"Pir","69656","pirin","Up_in_Female"
"ENSMUSG00000019997",1567.09370083482,-0.684310658678747,0.153277575255965,-4.46451907616615,8.02487990304047e-06,0.000135969138959065,"Ccn2","14219","cellular communication network factor 2","Up_in_Male"
"ENSMUSG00000032125",502.971205232747,-0.814352735827491,0.182614449291439,-4.45941018899247,8.21855019447367e-06,0.000139008937041957,"Robo4","74144","roundabout guidance receptor 4","Up_in_Male"
"ENSMUSG00000041688",1743.83384777798,0.683676449838765,0.153390383420135,4.45710112064965,8.30754213282398e-06,0.000140367015555233,"Amot","27494","angiomotin","Up_in_Female"
"ENSMUSG00000022562",174.026387492663,-0.875073796740785,0.196516253767293,-4.45293343408129,8.47050208474632e-06,0.000142821339226193,"Oplah","75475","5-oxoprolinase (ATP-hydrolysing)","Up_in_Male"
"ENSMUSG00000028640",43.6182565824395,1.87311198732559,0.420693776042403,4.45243570025337,8.49016687314211e-06,0.000143003478773508,"Tfap2c","21420","transcription factor AP-2, gamma","Up_in_Female"
"ENSMUSG00000048503",39.9277886575843,-1.80248529334234,0.405360882670569,-4.44661873012349,8.72324623842086e-06,0.000146318400523034,"Tlcd5","235300","TLC domain containing 5","Up_in_Male"
"ENSMUSG00000024300",808.542129827912,-0.631360709301121,0.142035293017977,-4.44509738309345,8.78520631377096e-06,0.000146899574175138,"Myo1f","17916","myosin IF","Up_in_Male"
"ENSMUSG00000053158",785.665264529545,-0.582248168094136,0.131435835164266,-4.42990427508947,9.4274925593694e-06,0.000156504135738667,"Fes","14159","Fes proto-oncogene, tyrosine kinase","Up_in_Male"
"ENSMUSG00000074227",88.1585536977495,-1.10360164899216,0.249166732869181,-4.42916932081613,9.45967350437448e-06,0.000156876969852607,"Spint2","20733","serine protease inhibitor, Kunitz type 2","Up_in_Male"
"ENSMUSG00000028036",359.610886628933,-0.851373221437604,0.192246950199368,-4.42853954538522,9.48733251996962e-06,0.000157012920556133,"Ptgfr","19220","prostaglandin F receptor","Up_in_Male"
"ENSMUSG00000026832",238.528993538101,-0.701394212102622,0.158553933798436,-4.42369479772277,9.70270649593939e-06,0.000160412778707457,"Cytip","227929","cytohesin 1 interacting protein","Up_in_Male"
"ENSMUSG00000019899",184.722313347168,-1.04678918748469,0.236963829855301,-4.41750619967569,9.98462075627596e-06,0.000164736033254876,"Lama2","16773","laminin, alpha 2","Up_in_Male"
"ENSMUSG00000037649",766.261887040291,-0.761177832579003,0.172390985905032,-4.41541550785216,1.00816152650563e-05,0.000165996881547907,"H2-DMa","14998","histocompatibility 2, class II, locus DMa","Up_in_Male"
"ENSMUSG00000025504",83.7097215984748,1.4758520419108,0.334476678166393,4.4124213682145,1.02220924434932e-05,0.000167967091311818,"Eps8l2","98845","EPS8-like 2","Up_in_Female"
"ENSMUSG00000071657",400.570946718823,-0.718880022260862,0.162979728708802,-4.41085543555722,1.02963044530413e-05,0.000168842651071418,"Bscl2","14705","BSCL2 lipid droplet biogenesis associated, seipin","Up_in_Male"
"ENSMUSG00000025316",660.127864559673,-0.621018422319,0.140789904737958,-4.41095846662341,1.0291405877656e-05,0.000168842651071418,"Banp","53325","BTG3 associated nuclear protein","Up_in_Male"
"ENSMUSG00000025867",733.688159285552,0.943617809289728,0.213966387157174,4.41012171036272,1.03312536041007e-05,0.000169072117805039,"Cplx2","12890","complexin 2","Up_in_Female"
"ENSMUSG00000035697",1081.08318638519,-0.656974338341038,0.149158597829667,-4.40453549376534,1.06010783610845e-05,0.00017243850850248,"Arhgap45","70719","Rho GTPase activating protein 45","Up_in_Male"
"ENSMUSG00000023947",676.948983396337,0.649355173534311,0.147426690236042,4.40459710853334,1.05980658819854e-05,0.00017243850850248,"Nfkbie","18037","nuclear factor of kappa light polypeptide gene enhancer in B cells inhibitor, epsilon","Up_in_Female"
"ENSMUSG00000049630",40.7030332666517,-1.6226810831553,0.368600588595755,-4.40227480193989,1.0712175568131e-05,0.000173786427928143,"C1ql3","227580","C1q-like 3","Up_in_Male"
"ENSMUSG00000102278",57.3970912040054,1.27675990915419,0.290337917281916,4.39749627298753,1.0950676459983e-05,0.000177054223805897,NA,NA,NA,"Up_in_Female"
"ENSMUSG00000037362",527.728705247281,-0.761188838637191,0.173124671739965,-4.39676697137948,1.09875195636916e-05,0.000177294615679728,"Ccn3","18133","cellular communication network factor 3","Up_in_Male"
"ENSMUSG00000032816",630.727649106115,0.589567470031304,0.134089163279246,4.39683159781902,1.09842499705264e-05,0.000177294615679728,"Igdcc4","56741","immunoglobulin superfamily, DCC subclass, member 4","Up_in_Female"
"ENSMUSG00000037266",5324.15956546364,-0.665924914357538,0.151624967653222,-4.39192122949408,1.12353407444402e-05,0.000180931595062163,"Rsrp1","27981","arginine/serine rich protein 1","Up_in_Male"
"ENSMUSG00000038543",202.904191484575,-0.951532011525776,0.216681869191916,-4.39137808379805,1.12634485804357e-05,0.000181203396105594,"BC028528","229600","cDNA sequence BC028528","Up_in_Male"
"ENSMUSG00000031389",230.701327687205,-0.796175143170057,0.181330924927371,-4.39073006156536,1.12970716127301e-05,0.000181563294365551,"Arhgap4","171207","Rho GTPase activating protein 4","Up_in_Male"
"ENSMUSG00000027412",162.19285830134,-0.868214663778239,0.197930802475612,-4.38645553354546,1.15212704729642e-05,0.000184982308807712,"Lpin3","64899","lipin 3","Up_in_Male"
"ENSMUSG00000100441",21.5621122104597,2.28556890735749,0.522757130068538,4.37214296256052,1.23032915138019e-05,0.000196560308778919,"Gm7266","639456","predicted gene 7266","Up_in_Female"
"ENSMUSG00000067058",1031.61504696848,-0.711159092184357,0.162752839123115,-4.36956489371223,1.24494341052342e-05,0.000198698386470879,"Rps15a-ps5","100042335","ribosomal protein S15A, pseudogene 5","Up_in_Male"
"ENSMUSG00000027864",8182.95827931716,0.632891752536067,0.144897787971822,4.36784965039731,1.25475819295009e-05,0.000200066978275125,"Ptgfrn","19221","prostaglandin F2 receptor negative regulator","Up_in_Female"
"ENSMUSG00000024968",390.202946343267,0.598153305178079,0.137013955263829,4.36563782153649,1.26752351245004e-05,0.000201902856830147,"Rcor2","104383","REST corepressor 2","Up_in_Female"
"ENSMUSG00000025888",248.561031820085,-0.808317287826168,0.185257732889137,-4.36320403591404,1.28171300117123e-05,0.000203961745432929,"Casp1","12362","caspase 1","Up_in_Male"
"ENSMUSG00000066684",61.3799516206399,-1.34441751596898,0.308270434274745,-4.36116268863713,1.2937312402522e-05,0.000205320237674478,"Pilrb1","170741","paired immunoglobin-like type 2 receptor beta 1","Up_in_Male"
"ENSMUSG00000001665",63.6483784398966,-1.31168865915258,0.300762314685823,-4.36121347357886,1.29343094887436e-05,0.000205320237674478,"Gstt3","103140","glutathione S-transferase, theta 3","Up_in_Male"
"ENSMUSG00000090958",555.790702034784,-1.00641206079548,0.230830193901164,-4.3599671420213,1.30081975260122e-05,0.000206188875520366,"Lrrc32","434215","leucine rich repeat containing 32","Up_in_Male"
"ENSMUSG00000068923",637.184351182237,-0.629706731631979,0.144588813955575,-4.35515524614135,1.3297264365524e-05,0.000210357507649113,"Syt11","229521","synaptotagmin XI","Up_in_Male"
"ENSMUSG00000009876",56.0386976059366,-1.50392357861026,0.345372227862689,-4.35450061493705,1.3337060632965e-05,0.000210574178447674,"Cox4i2","84682","cytochrome c oxidase subunit 4I2","Up_in_Male"
"ENSMUSG00000084353",348.671236540497,0.635513224789562,0.145965308949165,4.35386482832638,1.33758200455359e-05,0.000210979699173771,NA,NA,NA,"Up_in_Female"
"ENSMUSG00000031442",366.979834347751,-0.645870268977451,0.148416386932553,-4.35174499478257,1.35058291958685e-05,0.000212614692589789,"Mcf2l","17207","mcf.2 transforming sequence-like","Up_in_Male"
"ENSMUSG00000045455",256.766446612635,0.7126248684801,0.163870525530919,4.34870679868322,1.36942649974759e-05,0.000215371013644513,NA,NA,NA,"Up_in_Female"
"ENSMUSG00000029299",256.239244693189,-0.834359619604189,0.191880792544401,-4.34832277134314,1.37182610026841e-05,0.000215538324770507,"Abcg3","27405","ATP binding cassette subfamily G member 3","Up_in_Male"
"ENSMUSG00000078867",73.0948735490263,1.14470215853293,0.263470760081993,4.34470283600616,1.39464326902183e-05,0.000218132210301791,"Gm14418","668066","novel KRAB box and zinc finger, C2H2 type domain containing protein","Up_in_Female"
"ENSMUSG00000042097",248.995913361078,0.786149809656371,0.180947394623058,4.34463182680273,1.39509445359103e-05,0.000218132210301791,"Zfp239","22685","zinc finger protein 239","Up_in_Female"
"ENSMUSG00000036278",201.894872295434,0.827468147384392,0.190532549741056,4.34292276311299,1.40599574612803e-05,0.000219411483167523,"Macrod1","107227","mono-ADP ribosylhydrolase 1","Up_in_Female"
"ENSMUSG00000033715",116.462011458315,1.03323222876451,0.238251894855622,4.33672197818462,1.44623365123829e-05,0.000224821061622169,"Akr1c14","105387","aldo-keto reductase family 1, member C14","Up_in_Female"
"ENSMUSG00000022748",349.698935074727,0.631449527449764,0.145672662591733,4.33471535575269,1.45948847899914e-05,0.000226663196315015,"Cmss1","66497","cms small ribosomal subunit 1","Up_in_Female"
"ENSMUSG00000044167",270.829084494597,-0.742173744049738,0.171384772845,-4.33045323531139,1.48802746313697e-05,0.000230430049377909,"Foxo1","56458","forkhead box O1","Up_in_Male"
"ENSMUSG00000034786",358.47134846046,-0.71399090743339,0.164957883477266,-4.32832243226368,1.50249398130868e-05,0.000232447199255962,"Gpsm3","106512","G-protein signalling modulator 3 (AGS3-like, C. elegans)","Up_in_Male"
"ENSMUSG00000050288",1355.47099480034,0.624029058279135,0.144211619846216,4.3271759858504,1.5103328581012e-05,0.000233436120673572,"Fzd2","57265","frizzled class receptor 2","Up_in_Female"
"ENSMUSG00000040022",255.655956676919,0.659017672956786,0.15240452858918,4.32413445359768,1.53131886375602e-05,0.000236227162385919,"Rab11fip2","74998","RAB11 family interacting protein 2 (class I)","Up_in_Female"
"ENSMUSG00000033446",421.263703476918,-0.632355548171336,0.146258595253049,-4.32354452110843,1.53542135019776e-05,0.000236633800446906,"Lpar6","67168","lysophosphatidic acid receptor 6","Up_in_Male"
"ENSMUSG00000021779",51.4071402584699,-1.53943755445386,0.356360462725914,-4.31988875162586,1.56107878058341e-05,0.000239690492407135,"Thrb","21834","thyroid hormone receptor beta","Up_in_Male"
"ENSMUSG00000036452",164.838573844908,-0.875129352966761,0.202582238003717,-4.31987207560962,1.56119674962753e-05,0.000239690492407135,"Arhgap26","71302","Rho GTPase activating protein 26","Up_in_Male"
"ENSMUSG00000042225",898.281649100623,0.651311052909059,0.150750763922516,4.32044943562492,1.5571173467802e-05,0.000239690492407135,"Ammecr1","56068","AMMECR nuclear protein 1","Up_in_Female"
"ENSMUSG00000074896",866.605626136562,0.881885342706336,0.204547937069923,4.3113871268468,1.62233583849849e-05,0.000248132806540395,"Ifit3","15959","interferon-induced protein with tetratricopeptide repeats 3","Up_in_Female"
"ENSMUSG00000033191",974.730118597881,-0.724881142277371,0.168249838337778,-4.30836159748399,1.64468342612163e-05,0.000250837540301499,"Tie1","21846","tyrosine kinase with immunoglobulin-like and EGF-like domains 1","Up_in_Male"
"ENSMUSG00000003545",432.459859098181,-1.91641951440001,0.444960273007172,-4.30694520535123,1.65524592148069e-05,0.000252210086770655,"Fosb","14282","Fos B proto-oncogene, AP-1 transcription factor subunit","Up_in_Male"
"ENSMUSG00000049872",107.75004288801,-1.07699990822127,0.250327275657491,-4.30236739241659,1.68982807837424e-05,0.000256752032699122,"Calhm5","103511","calcium homeostasis modulator family member 5","Up_in_Male"
"ENSMUSG00000038816",229.184131584525,0.686030386158355,0.159622426232042,4.29783209259755,1.72476734791877e-05,0.000261568100808432,"Ctnnal1","54366","catenin alpha like 1","Up_in_Female"
"ENSMUSG00000034059",117.423697946636,-1.10525448768294,0.257599506359085,-4.29059241341188,1.78197110939867e-05,0.000269483465991162,"Ypel4","241525","yippee like 4","Up_in_Male"
"ENSMUSG00000032584",50.2670635101479,-1.6874746045862,0.393640337143726,-4.28684371330082,1.81229700918613e-05,0.000273556824511014,"Mst1r","19882","macrophage stimulating 1 receptor (c-met-related tyrosine kinase)","Up_in_Male"
"ENSMUSG00000020333",727.391739319451,0.645867119148809,0.151078641910348,4.2750392178669,1.91103652414885e-05,0.000286318341259664,"Acsl6","216739","acyl-CoA synthetase long-chain family member 6","Up_in_Female"
"ENSMUSG00000035473",299.666129650849,-0.645037771470169,0.150926646394702,-4.27384949496109,1.9212674827514e-05,0.000287584156787352,"Galm","319625","galactose mutarotase","Up_in_Male"
"ENSMUSG00000023349",1349.30068715633,-0.645957730606504,0.151208226234857,-4.27197479059904,1.93749483977241e-05,0.000288674208075416,"Clec4n","56620","C-type lectin domain family 4, member n","Up_in_Male"
"ENSMUSG00000054293",128.625743822791,1.01208188089181,0.236994733856695,4.27048257327014,1.95050462311766e-05,0.000290076890309923,"P2ry10b","213438","purinergic receptor P2Y, G-protein coupled 10B","Up_in_Female"
"ENSMUSG00000037944",77.3729101682032,-1.47534227006268,0.345695869541246,-4.2677463055041,1.97457700733579e-05,0.000293386506357001,"Ccr7","12775","C-C motif chemokine receptor 7","Up_in_Male"
"ENSMUSG00000060206",882.643053203863,0.610828335583206,0.143183675272351,4.26604732991624,1.98966587799035e-05,0.000295085005581362,"Zfp462","242466","zinc finger protein 462","Up_in_Female"
"ENSMUSG00000024986",248.617378902674,-0.733233816744839,0.171941321727099,-4.26444213281442,2.00402271395758e-05,0.000296941327019463,"Hhex","15242","hematopoietically expressed homeobox","Up_in_Male"
"ENSMUSG00000028108",7727.81177524018,-0.588313855392876,0.137976556795294,-4.26386821832142,2.00917968709875e-05,0.00029743232505528,"Ecm1","13601","extracellular matrix protein 1","Up_in_Male"
"ENSMUSG00000017697",150.551278744237,-0.833644971570201,0.19577880085693,-4.25809621839193,2.06175211635107e-05,0.000303267385136197,"Ada","11486","adenosine deaminase","Up_in_Male"
"ENSMUSG00000031428",65.8447158457414,-1.17660001101682,0.276804423942124,-4.25065464727843,2.13146606370786e-05,0.000312666694581727,"Zcchc18","66995","zinc finger, CCHC domain containing 18","Up_in_Male"
"ENSMUSG00000046743",576.989325552391,-0.782265165220097,0.184321149514369,-4.24403367319015,2.19537387082649e-05,0.000321165483043121,"Fat4","329628","FAT atypical cadherin 4","Up_in_Male"
"ENSMUSG00000026433",352.136280386356,-0.66694221654358,0.15753793045946,-4.23353420092825,2.30047178261843e-05,0.000335021775129341,"Rab29","226422","RAB29, member RAS oncogene family","Up_in_Male"
"ENSMUSG00000020577",308.590358882959,-0.650089587623984,0.153550308810624,-4.23372373953184,2.29853279799404e-05,0.000335021775129341,"Tspan13","66109","tetraspanin 13","Up_in_Male"
"ENSMUSG00000002289",1041.27752618176,-1.56166108228449,0.369045856783343,-4.23161797803709,2.32016240552563e-05,0.00033728054572578,"Angptl4","57875","angiopoietin-like 4","Up_in_Male"
"ENSMUSG00000049422",44.2754075281603,-1.60456642446989,0.379459420621868,-4.22855867391641,2.35193183709768e-05,0.000341283921973095,"Chchd10","103172","coiled-coil-helix-coiled-coil-helix domain containing 10","Up_in_Male"
"ENSMUSG00000022102",246.804974761348,-0.973005702694321,0.230415517589051,-4.22283061868119,2.41253127440051e-05,0.000349135467656741,"Dok2","13449","docking protein 2","Up_in_Male"
"ENSMUSG00000024053",922.826193590374,-0.896080110378472,0.212355383046367,-4.21971930978936,2.44606672940694e-05,0.000353671440373749,"Emilin2","246707","elastin microfibril interfacer 2","Up_in_Male"
"ENSMUSG00000050382",84.0460975080848,1.0133327061903,0.240228810030913,4.21819808398459,2.46262434163631e-05,0.000355428500685541,"Kif7","16576","kinesin family member 7","Up_in_Female"
"ENSMUSG00000042389",383.87052230468,0.580715941874229,0.137835227781578,4.21311700369129,2.51870504505157e-05,0.000362549728875577,"Tsen2","381802","tRNA splicing endonuclease subunit 2","Up_in_Female"
"ENSMUSG00000054942",513.100075589389,-0.670520441504497,0.159533759405492,-4.20300031794658,2.63400218583371e-05,0.000377462338104909,"Miga1","215708","mitoguardin 1","Up_in_Male"
"ENSMUSG00000034641",563.044689241478,-0.651338020648984,0.15502826814038,-4.20141454498601,2.65252372196031e-05,0.00037977926155769,"Cd300ld","217305","CD300 molecule like family member d","Up_in_Male"
"ENSMUSG00000006362",160.800936185721,-0.935640397130954,0.222845709831648,-4.19860179420908,2.68568119804215e-05,0.00038418574301071,"Cbfa2t3","12398","CBFA2/RUNX1 translocation partner 3","Up_in_Male"
"ENSMUSG00000073062",157.284465913334,0.846832081424219,0.201747174918876,4.19749164648643,2.69887609186022e-05,0.000385389952373951,"Zxdb","668166","zinc finger, X-linked, duplicated B","Up_in_Female"
"ENSMUSG00000047842",22.3468939623536,-2.27377949779169,0.541793460362936,-4.19676438373496,2.70755352048121e-05,0.000386287211374755,"Diras2","68203","DIRAS family, GTP-binding RAS-like 2","Up_in_Male"
"ENSMUSG00000075585",274.500410517491,0.616273925704767,0.14689399736416,4.19536493500807,2.72432591828308e-05,0.000388336775772224,"6330403L08Rik","70744","RIKEN cDNA 6330403L08 gene","Up_in_Female"
"ENSMUSG00000042453",18.8565283853152,3.82376115560548,0.911582056093579,4.19464285200119,2.73301867798445e-05,0.000388888795308264,"Reln","19699","reelin","Up_in_Female"
"ENSMUSG00000053702",22.4177409463481,2.60922165927399,0.622525530825747,4.19134883642924,2.77300917667186e-05,0.000393538048151074,"Nebl","74103","nebulette","Up_in_Female"
"ENSMUSG00000028064",256.508123151717,-0.676915447345626,0.161522026604146,-4.19085533767227,2.77904813170648e-05,0.000394048511891176,"Sema4a","20351","sema domain, immunoglobulin domain (Ig), transmembrane domain (TM) and short cytoplasmic domain, (semaphorin) 4A","Up_in_Male"
"ENSMUSG00000021236",442.892119015136,-0.699560609969502,0.167095129940855,-4.1866008316168,2.83163170504065e-05,0.000400098154050227,"Entpd5","12499","ectonucleoside triphosphate diphosphohydrolase 5","Up_in_Male"
"ENSMUSG00000042208",686.999043633649,0.62599448967463,0.149551599443391,4.18580939290845,2.84151726480459e-05,0.000400793029588172,"Sanbr","71675","SANT and BTB domain regulator of CSR","Up_in_Female"
"ENSMUSG00000032899",208.653714794333,0.811930243527604,0.194085635304705,4.18336082550834,2.87230957801303e-05,0.000404429208994924,"Styk1","243659","serine/threonine/tyrosine kinase 1","Up_in_Female"
"ENSMUSG00000025932",278.373070722925,0.887522649064503,0.212223895940608,4.18201091413797,2.88942095837937e-05,0.000406129761188235,"Eya1","14048","EYA transcriptional coactivator and phosphatase 1","Up_in_Female"
"ENSMUSG00000029166",373.168858806831,-0.649690582867486,0.155370433382399,-4.18155867061568,2.8951752028416e-05,0.000406584395761985,"Mapre3","100732","microtubule-associated protein, RP/EB family, member 3","Up_in_Male"
"ENSMUSG00000028689",262.257123091455,-0.808389367804452,0.193377521813154,-4.18036884651742,2.91036633107881e-05,0.000408362357550328,"Ccdc163","68394","coiled-coil domain containing 163","Up_in_Male"
"ENSMUSG00000104452",13.8222136174468,-4.61532644059291,1.10443894456306,-4.17888780843277,2.92938141186774e-05,0.000410673314178087,NA,NA,NA,"Up_in_Male"
"ENSMUSG00000038807",117.034294064061,-0.971920056740527,0.233064143804423,-4.17018268394009,3.04355563924616e-05,0.000424100291838308,"Rap1gap2","380711","RAP1 GTPase activating protein 2","Up_in_Male"
"ENSMUSG00000023927",205.777313234623,-1.0286335198841,0.24678238553632,-4.16818047061431,3.07040796850832e-05,0.000427217968450021,"Satb1","20230","special AT-rich sequence binding protein 1","Up_in_Male"
"ENSMUSG00000075254",1047.02852891455,-0.584390399969931,0.140204798575389,-4.16811982120354,3.07122485995305e-05,0.000427217968450021,"Heg1","77446","heart development protein with EGF-like domains 1","Up_in_Male"
"ENSMUSG00000040998",257.786092111343,0.896095153160562,0.2150249652001,4.16740052638382,3.08092885894858e-05,0.00042819869136946,"Npnt","114249","nephronectin","Up_in_Female"
"ENSMUSG00000031066",166.306884133337,0.773408636577109,0.185711502854343,4.1645704476567,3.11939300598106e-05,0.000433171476286665,"Usp11","236733","ubiquitin specific peptidase 11","Up_in_Female"
"ENSMUSG00000029659",1468.18993350655,-0.667626519227022,0.160475636761466,-4.16029830259778,3.1783219642212e-05,0.000439463609380233,"Medag","70717","mesenteric estrogen dependent adipogenesis","Up_in_Male"
"ENSMUSG00000031264",290.606980743656,-0.693186592812226,0.16682945347786,-4.15506122187361,3.25200454740385e-05,0.000448882338553537,"Btk","12229","Bruton agammaglobulinemia tyrosine kinase","Up_in_Male"
"ENSMUSG00000025762",276.119176176155,-0.825563070533666,0.198730317636516,-4.15418784789368,3.26444919584157e-05,0.000450214976274355,"Larp1b","214048","La ribonucleoprotein 1B","Up_in_Male"
"ENSMUSG00000046916",264.605122135457,-0.90929590329389,0.218998633718695,-4.15206199168296,3.2949297379443e-05,0.000453643227401614,"Myct1","68632","myc target 1","Up_in_Male"
"ENSMUSG00000020420",68.5225794456025,1.0681425656318,0.257447370677907,4.1489744595922,3.33968065255004e-05,0.000458630527740829,"Zfp607a","545938","zinc finger protein 607A","Up_in_Female"
"ENSMUSG00000048087",504.805060713894,0.720423117682551,0.173652805204057,4.14864082866956,3.34455073971121e-05,0.000458832627275179,"Ahcyl","11615","adenosylhomocysteinase like","Up_in_Female"
"ENSMUSG00000003134",154.119489939516,-0.875217249773484,0.211021220769676,-4.14753192395168,3.36078619481708e-05,0.000460353531745063,"Tbc1d8","54610","TBC1 domain family, member 8","Up_in_Male"
"ENSMUSG00000071076",1915.97604472624,-0.623741770662439,0.15039656755525,-4.14731387026703,3.36398751030086e-05,0.00046040120836484,"Jund","16478","jun D proto-oncogene, AP-1 transcription factor subunit","Up_in_Male"
"ENSMUSG00000028238",263.644408869204,-2.11060776862958,0.508990962513253,-4.14665077393123,3.37374044488473e-05,0.000460954071284166,"Atp6v0d2","242341","ATPase, H+ transporting, lysosomal V0 subunit D2","Up_in_Male"
"ENSMUSG00000029417",558.408144622532,-3.33941412124077,0.806863007064902,-4.13876220870311,3.49184635356117e-05,0.000475480445241039,"Cxcl9","17329","C-X-C motif chemokine ligand 9","Up_in_Male"
"ENSMUSG00000041605",338.814836076639,0.80202912573392,0.193952179447823,4.13519006601151,3.5466097766361e-05,0.000482123802491997,"Inava","67313","innate immunity activator","Up_in_Female"
"ENSMUSG00000022831",1341.82122479622,-0.632278631052322,0.152899717986399,-4.13525047252584,3.54567696085879e-05,0.000482123802491997,"Hcls1","15163","hematopoietic cell specific Lyn substrate 1","Up_in_Male"
"ENSMUSG00000027200",640.709046923658,-0.717242312805776,0.173512648207411,-4.13366011190382,3.5703136392375e-05,0.00048452969623832,"Sema6d","214968","sema domain, transmembrane domain (TM), and cytoplasmic domain, (semaphorin) 6D","Up_in_Male"
"ENSMUSG00000035125",182.227072878219,0.766087658141611,0.185376499729455,4.13260396684404,3.5867643745394e-05,0.000486353192836703,"Gcfc2","330361","GC-rich sequence DNA binding factor 2","Up_in_Female"
"ENSMUSG00000090307",33.3335279051017,2.07444055796352,0.502471568395651,4.12847350664444,3.65179505925624e-05,0.000493925943639217,"1700071M16Rik","73504","RIKEN cDNA 1700071M16 gene","Up_in_Female"
"ENSMUSG00000055413",123.924693483829,-1.29693957789016,0.314641011704109,-4.12196608085475,3.75652522104165e-05,0.000507240928591866,"H2-Q5","15016","histocompatibility 2, Q region locus 5","Up_in_Male"
"ENSMUSG00000000739",22.9696569222393,-2.07375556902494,0.503560847971914,-4.11818269306872,3.81871912643846e-05,0.000513918697449633,"Sult5a1","57429","sulfotransferase family 5A, member 1","Up_in_Male"
"ENSMUSG00000082045",32.6540753948915,-1.7231081907833,0.418599988882891,-4.1163598579678,3.84903186320537e-05,0.000516705309023975,"Gm11585","666411","Ppih pseudogene","Up_in_Male"
"ENSMUSG00000040987",54.245533538738,1.4635401149216,0.356340155655289,4.10714339008532,4.00582566404896e-05,0.000535526121914615,"Mill2","243864","MHC I like leukocyte 2","Up_in_Female"
"ENSMUSG00000091449",706.948762655672,0.628421090660162,0.152999357294641,4.10734464361161,4.00233805089839e-05,0.000535526121914615,"Gm10269","100040823","ribosomal protein L35 pseudogene","Up_in_Female"
"ENSMUSG00000047694",612.34985325872,0.622502032745062,0.151561504732122,4.10725687796058,4.00385862699567e-05,0.000535526121914615,"Yipf6","77929","Yip1 domain family, member 6","Up_in_Female"
"ENSMUSG00000028834",20.0291946197,3.66092412582256,0.891655999834555,4.10575841636443,4.02990483125122e-05,0.000537738819915117,"Trim63","433766","tripartite motif-containing 63","Up_in_Female"
"ENSMUSG00000040808",48.6164290775858,-1.61804544182425,0.394105324316498,-4.10561680340261,4.03237464115822e-05,0.000537738819915117,"S100g","12309","S100 calcium binding protein G","Up_in_Male"
"ENSMUSG00000036931",50.8730361341448,-1.4480047157042,0.352957849222445,-4.10248622857974,4.08734190450683e-05,0.000544169545966355,"Nfkbid","243910","nuclear factor of kappa light polypeptide gene enhancer in B cells inhibitor, delta","Up_in_Male"
"ENSMUSG00000024339",514.169183014991,-0.688909771728213,0.167989389626755,-4.10091240440161,4.11524326759629e-05,0.000546081952022481,"Tap2","21355","transporter 2, ATP-binding cassette, sub-family B (MDR/TAP)","Up_in_Male"
"ENSMUSG00000032593",76.8719021183424,-1.15508227159873,0.281772606076039,-4.0993419753765,4.14326451608209e-05,0.000548897506005752,"Amigo3","320844","adhesion molecule with Ig like domain 3","Up_in_Male"
"ENSMUSG00000020312",50.8685027596645,-1.66890681032743,0.407306488825259,-4.09742259481511,4.17775799776471e-05,0.000553013150549068,"Shc2","216148","SHC (Src homology 2 domain containing) transforming protein 2","Up_in_Male"
"ENSMUSG00000103726",58.5986603786455,1.18644454899549,0.289627108421724,4.09645545771192,4.19524162792023e-05,0.000554872286132138,NA,NA,NA,"Up_in_Female"
"ENSMUSG00000003541",934.661353533693,-0.604984556299787,0.147752129979308,-4.09459109919101,4.22914105018354e-05,0.000557983810186112,"Ier3","15937","immediate early response 3","Up_in_Male"
"ENSMUSG00000001240",506.634486604421,-0.734239300993945,0.179350547229994,-4.09387823083906,4.24217160779623e-05,0.000559245760321895,"Ramp2","54409","receptor (calcitonin) activity modifying protein 2","Up_in_Male"
"ENSMUSG00000090150",273.9383360154,-0.738164558459929,0.180329339075456,-4.0934246320897,4.25048278236202e-05,0.000559884001438314,"Acad11","102632","acyl-Coenzyme A dehydrogenase family, member 11","Up_in_Male"
"ENSMUSG00000026249",513.229590872387,0.697067731125849,0.170308184627883,4.09297845930843,4.25867296171061e-05,0.000560505276591864,"Serpine2","20720","serine (or cysteine) peptidase inhibitor, clade E, member 2","Up_in_Female"
"ENSMUSG00000038412",709.411648505679,-0.758616465629621,0.185459184871246,-4.09047665208001,4.3048754836883e-05,0.000565203179860004,"Higd1a","56295","HIG1 domain family, member 1A","Up_in_Male"
"ENSMUSG00000047759",12.6020419216572,-3.22515025630449,0.788743770398711,-4.08897081326446,4.33291361983685e-05,0.000567499140987722,"Hs3st3a1","15478","heparan sulfate (glucosamine) 3-O-sulfotransferase 3A1","Up_in_Male"
"ENSMUSG00000034858",616.247755298192,0.631760375124291,0.15484781106758,4.07987927480984,4.50590958869145e-05,0.000589200624984808,"Atosa","235493","atos homolog A","Up_in_Female"
"ENSMUSG00000005339",19.3703498458292,-2.8640788068033,0.702348359593162,-4.07786074770976,4.54519740957725e-05,0.000592896567509608,"Fcer1a","14125","Fc receptor, IgE, high affinity I, alpha polypeptide","Up_in_Male"
"ENSMUSG00000100215",1163.31864149588,0.633345394786532,0.155443798726213,4.07443333202414,4.6126524253535e-05,0.000599273426211787,"Gm8292","666793","predicted gene 8292","Up_in_Female"
"ENSMUSG00000030793",262.426302712831,-0.883124446845303,0.216774242147639,-4.07393626703966,4.62251363530864e-05,0.000600071440219953,"Pycard","66824","PYD and CARD domain containing","Up_in_Male"
"ENSMUSG00000058443",703.714182338846,-0.933454674166559,0.22922171971341,-4.07227847052902,4.65554717488481e-05,0.000602288273695796,"Rpl10-ps3","100043346","ribosomal protein L10, pseudogene 3","Up_in_Male"
"ENSMUSG00000038777",139.885130539362,-0.909502978853832,0.223349185260214,-4.07211236429724,4.65886934635579e-05,0.000602288273695796,"Sema6c","20360","sema domain, transmembrane domain (TM), and cytoplasmic domain, (semaphorin) 6C","Up_in_Male"
"ENSMUSG00000000126",266.293778915599,0.722794026885976,0.177503413254126,4.07200072176175,4.66110349160539e-05,0.000602288273695796,"Wnt9a","216795","wingless-type MMTV integration site family, member 9A","Up_in_Female"
"ENSMUSG00000023903",34.2537907339412,-1.6355145719468,0.40184495211616,-4.07001397761499,4.70103171570069e-05,0.000605877378311074,"Mmp25","240047","matrix metallopeptidase 25","Up_in_Male"
"ENSMUSG00000006720",115.159953548768,0.899386479964756,0.220974691394706,4.07008818199124,4.69953459449436e-05,0.000605877378311074,"Zfp184","193452","zinc finger protein 184 (Kruppel-like)","Up_in_Female"
"ENSMUSG00000022707",299.873530156778,0.750476821651078,0.184390436555066,4.0700420025686,4.7004662410284e-05,0.000605877378311074,"Gbe1","74185","1,4-alpha-glucan branching enzyme 1","Up_in_Female"
"ENSMUSG00000034771",314.019848760296,-0.992842360381456,0.244058060062342,-4.06805806834589,4.74065689268025e-05,0.000610221978734835,"Tle2","21886","transducin-like enhancer of split 2","Up_in_Male"
"ENSMUSG00000042333",89.5838077522494,1.1956544950705,0.293932825181509,4.0677814542563,4.74628637026856e-05,0.000610247624467359,"Tnfrsf14","230979","tumor necrosis factor receptor superfamily, member 14 (herpesvirus entry mediator)","Up_in_Female"
"ENSMUSG00000032744",70.3666782058901,-1.20224779050263,0.295850355042898,-4.06370237523734,4.83004066525764e-05,0.000620028131858371,"Heyl","56198","hairy/enhancer-of-split related with YRPW motif-like","Up_in_Male"
"ENSMUSG00000037922",84.3947494556677,-1.15651120564512,0.284732802113347,-4.06174208612863,4.87078727338019e-05,0.000624263324789157,"Bank1","242248","B cell scaffold protein with ankyrin repeats 1","Up_in_Male"
"ENSMUSG00000079363",190.967293897555,-1.08661612521353,0.267536802079375,-4.06155757551123,4.87463924909728e-05,0.000624263324789157,"Gbp4","17472","guanylate binding protein 4","Up_in_Male"
"ENSMUSG00000029816",422.856907915419,0.803382518427444,0.197862181018464,4.06031367031415,4.90068336400989e-05,0.000626261486117535,"Gpnmb","93695","glycoprotein (transmembrane) nmb","Up_in_Female"
"ENSMUSG00000082064",28.5204441433904,1.90989450033094,0.470877136949783,4.05603574788688,4.99126236421744e-05,0.000634665165555655,"Rpl5-ps2","668936","ribisomal protein L5, pseudogene 2","Up_in_Female"
"ENSMUSG00000049404",30.6398899292084,-1.88871975429339,0.465616134061545,-4.05638811915341,4.98374183400321e-05,0.000634665165555655,"Rarres1","109222","retinoic acid receptor responder (tazarotene induced) 1","Up_in_Male"
"ENSMUSG00000059159",166.311315580796,0.883003914691084,0.217693999106652,4.05617021284305,4.98839125980771e-05,0.000634665165555655,NA,NA,NA,"Up_in_Female"
"ENSMUSG00000021108",329.815165718665,-0.755169354419474,0.18620683818949,-4.05554039670117,5.00185265401785e-05,0.000635510979726237,"Prkch","18755","protein kinase C, eta","Up_in_Male"
"ENSMUSG00000066068",186.225729928213,0.941345277267421,0.232436243927333,4.04990745574823,5.12378917276918e-05,0.000649980047891538,"Gm13611","100504319","60S ribosomal protein L36 pseudogene","Up_in_Female"
"ENSMUSG00000026073",264.834210588253,-0.644095914522007,0.159202542040236,-4.04576400770801,5.21527521012298e-05,0.000660546944980726,"Il1r2","16178","interleukin 1 receptor, type II","Up_in_Male"
"ENSMUSG00000026358",313.117657291517,-0.991085463993191,0.245158220812811,-4.04263606052978,5.28536242196911e-05,0.000667851276749362,"Rgs1","50778","regulator of G-protein signaling 1","Up_in_Male"
"ENSMUSG00000020682",108.274407367051,0.83513163224229,0.206719712514444,4.0399225699578,5.34688507224473e-05,0.000674568706221587,"Mmp28","118453","matrix metallopeptidase 28 (epilysin)","Up_in_Female"
"ENSMUSG00000109933",216.074355144215,0.756575117820118,0.187530343827781,4.03441439063814,5.47386422478894e-05,0.000689332497757814,"Gm7600","665363","ribosomal protein S3A pseudogene","Up_in_Female"
"ENSMUSG00000046623",55.0566671972414,1.3585337710515,0.337176981098978,4.02914151085746,5.59809137224175e-05,0.00070405925473494,"Gjb4","14621","gap junction protein, beta 4","Up_in_Female"
"ENSMUSG00000019775",443.307193766498,0.680767104514031,0.168972487155299,4.02886360954344,5.60471215849613e-05,0.000704342954746834,"Rgs17","56533","regulator of G-protein signaling 17","Up_in_Female"
"ENSMUSG00000028339",1356.72816683439,-0.659705004249795,0.163778348400239,-4.02803551686587,5.62448484279563e-05,0.000706277723138913,"Col15a1","12819","collagen, type XV, alpha 1","Up_in_Male"
"ENSMUSG00000038085",60.5379267359532,-1.27921562945793,0.317677072450089,-4.02677983523318,5.65459333835552e-05,0.00070895507465194,"Cnbd2","70873","cyclic nucleotide binding domain containing 2","Up_in_Male"
"ENSMUSG00000113302",16.2279830162063,-2.49817971816971,0.620804867369817,-4.0240981498,5.71940623570588e-05,0.000715968495107448,NA,NA,NA,"Up_in_Male"
"ENSMUSG00000056145",199.281211673148,-0.73122946195481,0.181705361743141,-4.0242591354485,5.71549564985344e-05,0.000715968495107448,"AI504432","229694","expressed sequence AI504432","Up_in_Male"
"ENSMUSG00000020733",371.234860594395,-0.630991690170871,0.156903804978899,-4.02151936503852,5.78239531931025e-05,0.000722732229840358,"Nherf1","26941","NHERF family PDZ scaffold protein 1","Up_in_Male"
"ENSMUSG00000005686",149.835471424949,-0.905659806570224,0.225442831966269,-4.01724818070832,5.88817028000345e-05,0.000734246643262254,"Ampd3","11717","adenosine monophosphate deaminase 3","Up_in_Male"
"ENSMUSG00000032735",56.8264968797611,-1.26882029729479,0.315862883815004,-4.01699712853225,5.89444420686459e-05,0.000734461403258432,"Ablim3","319713","actin binding LIM protein family, member 3","Up_in_Male"
"ENSMUSG00000040896",9.40798535976616,-5.61463059255473,1.39842421784798,-4.01496950703201,5.94534808596098e-05,0.000740156778069243,"Kcnd3","56543","potassium voltage-gated channel, Shal-related family, member 3","Up_in_Male"
"ENSMUSG00000046334",306.64691066395,0.677326827284943,0.168792398463675,4.01278039443647,6.00077345000937e-05,0.000745982129347852,"Gm6195","108167613","predicted pseudogene 6195","Up_in_Female"
"ENSMUSG00000023224",439.425102249599,-0.624021651565193,0.155570202910795,-4.01119006011074,6.04134500613838e-05,0.000750447598299068,"Serping1","12258","serine (or cysteine) peptidase inhibitor, clade G, member 1","Up_in_Male"
"ENSMUSG00000022303",22.2954167347954,-2.38762295062722,0.595490047566034,-4.00950941226681,6.08450278709162e-05,0.000755227207480849,"Dcstamp","75766","dendrocyte expressed seven transmembrane protein","Up_in_Male"
"ENSMUSG00000027605",76.3620982180379,-1.08586915956877,0.270845875105565,-4.00917739339965,6.09306324290324e-05,0.000755708443408814,"Acss2","60525","acyl-CoA synthetase short-chain family member 2","Up_in_Male"
"ENSMUSG00000054000",212.141051040316,0.742705786733204,0.185262731181818,4.0089325143561,6.09938427466472e-05,0.000755911402887788,"Tusc1","69136","tumor suppressor candidate 1","Up_in_Female"
"ENSMUSG00000056708",2189.75090996929,-0.629210124101246,0.157043803845211,-4.00658993666137,6.16016753563047e-05,0.000762858506177538,"Ier5","15939","immediate early response 5","Up_in_Male"
"ENSMUSG00000022240",34.6197278380119,-1.62416174072857,0.405448166243833,-4.00584310387981,6.17966598779412e-05,0.000764686275912929,"Ctnnd2","18163","catenin delta 2","Up_in_Male"
"ENSMUSG00000071847",668.304981655457,0.746136323599379,0.186599216666864,3.99860372903632,6.37172556535274e-05,0.000786642415627634,"Apcdd1","494504","adenomatosis polyposis coli down-regulated 1","Up_in_Female"
"ENSMUSG00000081087",1649.32858283795,0.660766727244502,0.165594885704692,3.99026047472781,6.60007725197155e-05,0.000811729013245525,"Rps15a-ps7","100043843","ribosomal protein S15A, pseudogene 7","Up_in_Female"
"ENSMUSG00000117458",328.403122614911,0.621459070597489,0.155807498980801,3.98863388901498,6.6454891667845e-05,0.000816691646574522,"Gm6552","625074","eukaryotic translation initiation factor 3, subunit H pseudogene","Up_in_Female"
"ENSMUSG00000036144",136.518002717585,-1.31220407867799,0.329100104026635,-3.98724905468821,6.68438461473848e-05,0.000820222282459469,"Meox2","17286","mesenchyme homeobox 2","Up_in_Male"
"ENSMUSG00000020387",531.126312198007,0.667196614216039,0.16734725638932,3.98689903026471,6.69424970345768e-05,0.000820808611056179,"Jade2","76901","jade family PHD finger 2","Up_in_Female"
"ENSMUSG00000081669",300.290065072439,0.637924148361013,0.160140181707285,3.98353580943885,6.78974349911393e-05,0.000830623965896152,NA,NA,NA,"Up_in_Female"
"ENSMUSG00000028457",12.1836143075438,-3.72428806618198,0.935246595535478,-3.98214554745279,6.82959330694551e-05,0.000834866042430855,"Atp8b5","320571","ATPase, class I, type 8B, member 5","Up_in_Male"
"ENSMUSG00000049037",784.29449127517,-0.581781009966132,0.146249880539155,-3.97799306106355,6.94993994467616e-05,0.000848934375074145,"Clec4a1","269799","C-type lectin domain family 4, member a1","Up_in_Male"
"ENSMUSG00000049804",371.607966204553,-0.964004086099412,0.24242406714487,-3.97651973029285,6.99311992209797e-05,0.000853380122834991,"Armcx4","100503043","armadillo repeat containing, X-linked 4","Up_in_Male"
"ENSMUSG00000107035",590.297262025339,-0.602426941043977,0.151714460111936,-3.97079448194657,7.16333534717002e-05,0.000872359088014607,NA,NA,NA,"Up_in_Male"
"ENSMUSG00000070498",17.531201030086,-2.36517372899514,0.595794897694771,-3.96977842231679,7.19395002401863e-05,0.00087542667863925,"Tmem132b","208151","transmembrane protein 132B","Up_in_Male"
"ENSMUSG00000071632",241.866043786675,-0.806264010133998,0.20316548478631,-3.96850877983546,7.23237931636828e-05,0.000879439884317397,"2510002D24Rik","72307","RIKEN cDNA 2510002D24 gene","Up_in_Male"
"ENSMUSG00000040950",331.740390333406,-2.16883569921632,0.546603373178315,-3.96784177639679,7.25264576595556e-05,0.000880577066060639,"Mgl2","216864","macrophage galactose N-acetyl-galactosamine specific lectin 2","Up_in_Male"
"ENSMUSG00000027286",313.287574557078,-0.615038826626393,0.155053794402297,-3.96661577355944,7.29003721752834e-05,0.000883664311253694,"Lrrc57","66606","leucine rich repeat containing 57","Up_in_Male"
"ENSMUSG00000022534",129.272105880515,-0.964234358943913,0.243168715375811,-3.96528952111999,7.33069142118434e-05,0.000885389496798133,"Mefv","54483","Mediterranean fever","Up_in_Male"
"ENSMUSG00000068250",293.334185457243,0.649564074150743,0.163812431022265,3.96529170647894,7.33062425637893e-05,0.000885389496798133,"Amn1","232566","antagonist of mitotic exit network 1","Up_in_Female"
"ENSMUSG00000041078",19.4371839364588,-2.38798349619572,0.602454177652869,-3.9637595435045,7.37785685401626e-05,0.000889754097133082,"Grid1","14803","glutamate receptor, ionotropic, delta 1","Up_in_Male"
"ENSMUSG00000068747",70.0300320525962,-1.19957870324291,0.303047913175393,-3.95837968548769,7.54599359205175e-05,0.000907995172269553,"Sort1","20661","sortilin 1","Up_in_Male"
"ENSMUSG00000031837",114.176502508716,1.2950909493295,0.327195901355806,3.95815150484164,7.5532044160245e-05,0.000908185592078774,"Necab2","117148","N-terminal EF-hand calcium binding protein 2","Up_in_Female"
"ENSMUSG00000066682",86.7466506512786,-0.94691165124703,0.239441463406119,-3.95466866004309,7.66407909872627e-05,0.0009201456870316,"Pilrb2","545812","paired immunoglobin-like type 2 receptor beta 2","Up_in_Male"
"ENSMUSG00000031506",306.492569285546,-0.732977727847786,0.185359903707066,-3.95434888122378,7.67433587569041e-05,0.000920692072045654,"Ptpn7","320139","protein tyrosine phosphatase, non-receptor type 7","Up_in_Male"
"ENSMUSG00000024867",42.5429047694498,-2.47673873998101,0.626366359659355,-3.95413754552203,7.681121504993e-05,0.000920821520093366,"Pip5k1b","18719","phosphatidylinositol-4-phosphate 5-kinase, type 1 beta","Up_in_Male"
"ENSMUSG00000033318",68.196646007095,-1.31839395625739,0.333734874667765,-3.9504230942896,7.80131628629357e-05,0.000932459552560244,"Gstt2","14872","glutathione S-transferase, theta 2","Up_in_Male"
"ENSMUSG00000045027",40.510890862493,1.47209635375924,0.372703935129221,3.94977411024341,7.82249820104979e-05,0.000933608217249552,"Prss22","70835","serine protease 22","Up_in_Female"
"ENSMUSG00000053062",243.492619317522,-0.722091787699609,0.182900633485946,-3.94800047401199,7.88066486518867e-05,0.000939855197817328,"Jam2","67374","junction adhesion molecule 2","Up_in_Male"
"ENSMUSG00000038836",172.054348820651,0.966786358332608,0.24510352971976,3.94439998248082,8.00000339413929e-05,0.000953382974651636,"Agbl3","76223","ATP/GTP binding protein-like 3","Up_in_Female"
"ENSMUSG00000041268",124.55838781293,-0.806538147276624,0.204587821072024,-3.94225884537225,8.07177941904395e-05,0.000960517940307472,"Dmxl2","235380","Dmx-like 2","Up_in_Male"
"ENSMUSG00000032198",834.684740262107,-0.595174325069526,0.151128149240309,-3.93820957949494,8.20918772259042e-05,0.000975430435137842,"Dock6","319899","dedicator of cytokinesis 6","Up_in_Male"
"ENSMUSG00000039530",689.680642120445,0.692931847824605,0.176042531478797,3.9361615741595,8.27952400865065e-05,0.000983064013271427,NA,NA,NA,"Up_in_Female"
"ENSMUSG00000026678",1661.75214942998,-0.710704912029218,0.18060077485022,-3.93522626145229,8.31183530734258e-05,0.000985477998146356,"Rgs5","19737","regulator of G-protein signaling 5","Up_in_Male"
"ENSMUSG00000044033",119.489506314968,0.844965511544385,0.214898703248462,3.93192466390758,8.42684761908865e-05,0.000996185522547793,"Ccdc141","545428","coiled-coil domain containing 141","Up_in_Female"
"ENSMUSG00000037411",703.704081279877,0.787699431932498,0.200357412312917,3.93147137827012,8.44275489749111e-05,0.000996578588338819,"Serpine1","18787","serine (or cysteine) peptidase inhibitor, clade E, member 1","Up_in_Female"
"ENSMUSG00000022464",42.8265863417901,-1.37192760923173,0.349205455319282,-3.92871184666162,8.54020978832948e-05,0.00100587463609113,"Slc38a4","69354","solute carrier family 38, member 4","Up_in_Male"
"ENSMUSG00000116912",130.406125659307,1.04144378741995,0.265236134918347,3.92647776948098,8.61988550637389e-05,0.00101377895430648,"Gm5487","433027","minichromosome maintenance deficient 7 pseudogene","Up_in_Female"
"ENSMUSG00000028989",1597.5484354427,-1.25512085392192,0.319885707847979,-3.9236540524605,8.72159511768128e-05,0.0010249938734079,"Angptl7","654812","angiopoietin-like 7","Up_in_Male"
"ENSMUSG00000025964",20.9555407502737,-2.62254770818792,0.668589361321486,-3.92250888199056,8.76316617997942e-05,0.00102832821281923,"Adam23","23792","a disintegrin and metallopeptidase domain 23","Up_in_Male"
"ENSMUSG00000017446",245.280010678428,0.69610265735849,0.177470986648411,3.92234624095229,8.76908540430874e-05,0.00102832821281923,"C1qtnf1","56745","C1q and tumor necrosis factor related protein 1","Up_in_Female"
"ENSMUSG00000020018",1667.86180815172,-0.607766839178497,0.154983078874549,-3.92150448676048,8.79978096422527e-05,0.0010304300844611,"Snrpf","69878","small nuclear ribonucleoprotein polypeptide F","Up_in_Male"
"ENSMUSG00000059325",372.319675964491,-0.704488357846723,0.179702975903223,-3.92029321888424,8.84412945714179e-05,0.00103487217491255,"Hopx","74318","HOP homeobox","Up_in_Male"
"ENSMUSG00000078915",35.7035015655162,-1.64420289505773,0.419588351068853,-3.91860949158695,8.90612709659648e-05,0.00104137149877305,NA,NA,NA,"Up_in_Male"
"ENSMUSG00000116694",343.709445006891,-0.791167141691848,0.201937650759119,-3.91787830906081,8.93317811474806e-05,0.0010430228803153,"Gm6440","623568","Rps20 pseudogene","Up_in_Male"
"ENSMUSG00000028807",31.0973776290532,-1.58365765728253,0.404467768195609,-3.91541126836253,9.02502325337183e-05,0.00105146408098489,"Zbtb8a","73680","zinc finger and BTB domain containing 8a","Up_in_Male"
"ENSMUSG00000002033",50.5846662980493,-1.3728283131945,0.350736614788519,-3.91412887993534,9.07311675300111e-05,0.00105630455935372,"Cd3g","12502","CD3 antigen, gamma polypeptide","Up_in_Male"
"ENSMUSG00000037541",35.1654903048231,1.51007937069824,0.385902911363882,3.91310696610509,9.11161486822946e-05,0.00106002175568674,"Shank2","210274","SH3 and multiple ankyrin repeat domains 2","Up_in_Female"
"ENSMUSG00000031325",42.2543447710665,1.28614761975079,0.328780212273636,3.91187660247739,9.15817053780336e-05,0.00106390381424042,NA,NA,NA,"Up_in_Female"
"ENSMUSG00000031722",637.637132622673,-4.82100834207618,1.23441369961012,-3.90550456755206,9.40289822110078e-05,0.00108919716938752,"Hp","15439","haptoglobin","Up_in_Male"
"ENSMUSG00000035769",176.959011281678,-0.7474557903366,0.191518726816249,-3.90278174235013,9.50934462866603e-05,0.00110073733807859,"Xylb","102448","xylulokinase homolog (H. influenzae)","Up_in_Male"
"ENSMUSG00000078866",156.559097010596,0.974813582054521,0.249894189729,3.90090535162769,9.58336162667083e-05,0.00110743830681175,"Zfp970","628308","zinc finger protein 970","Up_in_Female"
"ENSMUSG00000075702",1271.62146736724,-0.613695802144355,0.157325922121967,-3.90079265938505,9.58782421056037e-05,0.00110743830681175,"Selenom","114679","selenoprotein M","Up_in_Male"
"ENSMUSG00000020205",1327.05886577351,-0.703343050175894,0.180638262001638,-3.89365487899522,9.87451078279572e-05,0.00113810789993708,"Phlda1","21664","pleckstrin homology like domain, family A, member 1","Up_in_Male"
"ENSMUSG00000048574",192.232376080739,0.89514600429997,0.2299208795682,3.89327844422433,9.88985260191197e-05,0.00113906253807603,"Ccnb1-ps","434175","cyclin B1, pseudogene","Up_in_Female"
"ENSMUSG00000030301",258.566709098687,0.707756293987347,0.182214679990068,3.88418921036397,0.000102671930990039,0.00117747994204355,"Ccdc91","67015","coiled-coil domain containing 91","Up_in_Female"
"ENSMUSG00000098973",288.594397345706,1.68098399960472,0.433116311084182,3.88113759880541,0.000103968992931829,0.00119066264723065,"Mir6236","102465959","microRNA 6236","Up_in_Female"
"ENSMUSG00000046589",44.6209649343682,-1.47560263995693,0.380347589918375,-3.87961611712487,0.000104621448427621,0.00119643635140191,"Lrrc8e","72267","leucine rich repeat containing 8 family, member E","Up_in_Male"
"ENSMUSG00000018509",566.156196094974,0.588954112211737,0.151957527789643,3.87578108685101,0.000106283207349708,0.00121371962759723,"Cenpv","73139","centromere protein V","Up_in_Female"
"ENSMUSG00000026200",129.041704878483,-0.841430863404317,0.217116381335447,-3.87548308528731,0.000106413372063643,0.00121434665602471,"Glb1l","74577","galactosidase, beta 1-like","Up_in_Male"
"ENSMUSG00000086158",77.7334863770149,-1.05380183757175,0.272093841560643,-3.87293527676877,0.00010753239162637,0.00122193145865007,"Pierce2","546143","piercer of microtubule wall 2","Up_in_Male"
"ENSMUSG00000045092",1483.28108839421,-0.70995782767611,0.183353283008544,-3.87207589647045,0.000107912336489052,0.00122452423459026,"S1pr1","13609","sphingosine-1-phosphate receptor 1","Up_in_Male"
"ENSMUSG00000020846",2060.73465803986,0.637763940936929,0.164702594589115,3.87221550776394,0.000107850526199117,0.00122452423459026,"Rflnb","76566","refilin B","Up_in_Female"
"ENSMUSG00000022358",218.222842078519,0.765435748485303,0.197730642266063,3.87110333387449,0.000108343848714675,0.00122855681156711,"Fbxo32","67731","F-box protein 32","Up_in_Female"
"ENSMUSG00000028439",288.850750886833,-0.593526371409997,0.153333788071279,-3.87081268176905,0.000108473122570096,0.00122915892260609,"Fam219a","71901","family with sequence similarity 219, member A","Up_in_Male"
"ENSMUSG00000114759",537.886198697085,-0.690745234737991,0.17861439950483,-3.86724271197023,0.000110072862097993,0.00124292211533465,NA,NA,NA,"Up_in_Male"
"ENSMUSG00000030188",825.246340169889,0.609404643192975,0.157683972344882,3.86472153212948,0.000111216009936049,0.00125378157619894,"Magohb","66441","mago homolog B, exon junction complex core component","Up_in_Female"
"ENSMUSG00000080772",153.850049621954,-0.965859768573865,0.249967438690759,-3.86394233438041,0.000111571571531023,0.00125545249527516,"Gm12543","100416087","sorting nexin 2 pseudogene","Up_in_Male"
"ENSMUSG00000018849",584.782588675315,0.595109870357651,0.15414599735132,3.86068973948972,0.000113067400552174,0.00126962809694494,"Wwc1","211652","WW, C2 and coiled-coil domain containing 1","Up_in_Female"
"ENSMUSG00000024164",482.212411436727,-1.5119775921262,0.391697341165188,-3.86006600817994,0.000113356400113332,0.00127141212965616,"C3","12266","complement component 3","Up_in_Male"
"ENSMUSG00000062939",46.7235073238807,-1.50436903079508,0.389846028729257,-3.85887996781376,0.000113907862967804,0.00127640088670034,"Stat4","20849","signal transducer and activator of transcription 4","Up_in_Male"
"ENSMUSG00000112964",272.304908248345,0.643705152687084,0.166876215046026,3.85738106841376,0.000114608413193652,0.00128246973321274,NA,NA,NA,"Up_in_Female"
"ENSMUSG00000022540",389.02041476718,-0.705019999220012,0.183213658306716,-3.8480755514403,0.000119049342268114,0.00132756059905894,"Rogdi","66049","rogdi homolog","Up_in_Male"
"ENSMUSG00000006678",1146.11153371483,0.61336642040912,0.159430966483674,3.84722261890026,0.000119464410558692,0.00133126914970653,"Pola1","18968","polymerase (DNA directed), alpha 1","Up_in_Female"
"ENSMUSG00000030589",155.356323488837,-0.935092486013038,0.243281163653697,-3.84366990016586,0.00012120801739268,0.00134976712812165,"Rasgrp4","233046","RAS guanyl releasing protein 4","Up_in_Male"
"ENSMUSG00000019932",9.90185276208027,-4.12102157883586,1.07287310242938,-3.84110811381547,0.000122480151459497,0.00136205356578252,"Kera","16545","keratocan","Up_in_Male"
"ENSMUSG00000051212",285.849372519869,-0.645640047072161,0.168192950800574,-3.83868672259454,0.000123694130530334,0.00137460639823518,"Gpr183","321019","G protein-coupled receptor 183","Up_in_Male"
"ENSMUSG00000030200",9.65643340512293,-3.3664743394543,0.877386206030626,-3.83693556647595,0.000124579141445042,0.00138210399587883,"Bcl2l14","66813","BCL2 like 14","Up_in_Male"
"ENSMUSG00000037443",2179.40931572049,-0.712530136133921,0.185707368488889,-3.83684364240266,0.000124625763138554,0.00138210399587883,"Cep85","70012","centrosomal protein 85","Up_in_Male"
"ENSMUSG00000000441",332.235057528144,0.913271780451692,0.238048755828146,3.83649045874875,0.00012480504248012,0.00138314159715605,"Raf1","110157","Raf1 proto-oncogene, serine/threonine kinase","Up_in_Female"
"ENSMUSG00000062488",229.639100250103,0.988954904721917,0.258035410297998,3.83263251962124,0.000126779264987622,0.00140219293279781,"Ifit3b","667370","interferon-induced protein with tetratricopeptide repeats 3B","Up_in_Female"
"ENSMUSG00000067925",226.598204665677,-0.801221697664199,0.209120168492195,-3.83139370746109,0.000127419420294757,0.00140634871315788,"Rtl8a","66158","retrotransposon Gag like 8A","Up_in_Male"
"ENSMUSG00000020642",332.702210432144,-0.774744413463021,0.202209819717008,-3.8313886761151,0.000127422026440061,0.00140634871315788,"Rnf144a","108089","ring finger protein 144A","Up_in_Male"
"ENSMUSG00000050549",108.147134962827,-0.935674073822582,0.244242074138587,-3.83092911867291,0.000127660280776206,0.00140801523623026,"Fam241a","70617","family with sequence similarity 241, member A","Up_in_Male"
"ENSMUSG00000038143",108.298856259932,-0.940641055311328,0.245634705779619,-3.8294305860641,0.000128440104580443,0.0014146822713379,"Stox2","71069","storkhead box 2","Up_in_Male"
"ENSMUSG00000025889",28.6271295558596,2.01382965835284,0.52636799514856,3.82589685716828,0.000130296840202462,0.00143122519639682,"Snca","20617","synuclein, alpha","Up_in_Female"
"ENSMUSG00000021694",158.859942847344,0.760954517681196,0.198931509611095,3.82520858143005,0.000130661413248252,0.00143425344501619,"Ercc8","71991","excision repaiross-complementing rodent repair deficiency, complementation group 8","Up_in_Female"
"ENSMUSG00000030043",44.518688938023,1.6951698699746,0.443222762570656,3.82464533216379,0.000130960475954329,0.00143655896668869,"Tacr1","21336","tachykinin receptor 1","Up_in_Female"
"ENSMUSG00000033032",453.941896849091,-0.65669441310816,0.171892672611134,-3.82037467410711,0.000133249100118257,0.00145572612018159,"Afap1l1","106877","actin filament associated protein 1-like 1","Up_in_Male"
"ENSMUSG00000037994",246.772449113277,-0.972899572047292,0.254828874764691,-3.81785452274853,0.000134617262245457,0.00146868434319993,"Slc9b2","97086","solute carrier family 9, subfamily B (NHA2, cation proton antiporter 2), member 2","Up_in_Male"
"ENSMUSG00000032724",138.778636585611,-0.744545423999049,0.195179936386151,-3.81466167980511,0.000136369631031473,0.00148479107039396,"Abtb2","99382","ankyrin repeat and BTB domain containing 2","Up_in_Male"
"ENSMUSG00000056290",190.870501088678,-0.880652752391033,0.230914361676357,-3.81376344891588,0.00013686647835806,0.00148919588320004,"Ms4a4b","60361","membrane-spanning 4-domains, subfamily A, member 4B","Up_in_Male"
"ENSMUSG00000074766",81.878180869659,-1.22711894956153,0.321805811417573,-3.81322805873517,0.000137163434645216,0.00149142128129057,"Ism1","319909","isthmin 1, angiogenesis inhibitor","Up_in_Male"
"ENSMUSG00000030562",319.738711173046,-0.745542622388322,0.19587794617371,-3.80615907483099,0.000141141621999875,0.00153055189018145,"Nox4","50490","NADPH oxidase 4","Up_in_Male"
"ENSMUSG00000095427",318.338560462517,-1.06215137236716,0.279173933116466,-3.80462230305738,0.000142020727883353,0.00153698622744854,"Rps2-ps6","100043752","ribosomal protein S2, pseudogene 6","Up_in_Male"
"ENSMUSG00000116657",163.837906645376,0.72693721344794,0.191195542138624,3.80206151940971,0.000143497082692198,0.00155192287286951,NA,NA,NA,"Up_in_Female"
"ENSMUSG00000059743",39.9529508361549,-1.39359288016227,0.366625417682759,-3.80113547219507,0.000144034521047944,0.0015556499542367,"Fdps","110196","farnesyl diphosphate synthetase","Up_in_Male"
"ENSMUSG00000024990",127.425095622118,-1.08069646779999,0.28440099053014,-3.79990402208343,0.000144752138986282,0.00156231649338376,"Rbp4","19662","retinol binding protein 4, plasma","Up_in_Male"
"ENSMUSG00000033036",426.079182842807,-0.580115377765333,0.152672738868532,-3.79973125565578,0.000144853086170525,0.00156231649338376,"Ppihl","665989","peptidyl prolyl isomerase H like","Up_in_Male"
"ENSMUSG00000003559",178.781489887478,-0.694685481652121,0.18296165867952,-3.79689103534501,0.000146522155667695,0.00157723916201063,"As3mt","57344","arsenite methyltransferase","Up_in_Male"
"ENSMUSG00000038793",157.620548620538,-0.725613322152949,0.191210891628321,-3.79483258497328,0.000147743114289408,0.00158932192811593,"Lefty1","13590","left right determination factor 1","Up_in_Male"
"ENSMUSG00000001666",110.184245651907,-0.830297690694063,0.218811321753906,-3.79458285813878,0.00014789188827418,0.001589862431174,"Ddt","13202","D-dopachrome tautomerase","Up_in_Male"
"ENSMUSG00000028348",31.8982063129867,1.90951964578601,0.504059917891106,3.78827908748445,0.000151694391644986,0.00162532583239276,"Cavin4","68016","caveolae associated 4","Up_in_Female"
"ENSMUSG00000038984",53.9013981139566,1.25958083263908,0.332466002365856,3.78860040929237,0.000151498361341276,0.00162532583239276,"Tspyl5","239364","testis-specific protein, Y-encoded-like 5","Up_in_Female"
"ENSMUSG00000034212",9.88174266282187,4.00368471263655,1.05715292831742,3.78723324260085,0.000152334089837225,0.00162786344187229,"Ankmy1","241158","ankyrin repeat and MYND domain containing 1","Up_in_Female"
"ENSMUSG00000035834",274.75043969817,0.603547497663628,0.159363745255106,3.78723213800907,0.000152334766808823,0.00162786344187229,"Polr3g","67486","polymerase (RNA) III (DNA directed) polypeptide G","Up_in_Female"
"ENSMUSG00000025262",76.7090228304174,1.32863976033823,0.351179390316511,3.78336484706792,0.000154722355975692,0.00164792074985067,"Fam120c","207375","family with sequence similarity 120, member C","Up_in_Female"
"ENSMUSG00000032262",208.460573246481,-0.814224314764422,0.215258398669811,-3.78254376970153,0.00015523378560045,0.00165227728525651,"Elovl4","83603","ELOVL fatty acid elongase 4","Up_in_Male"
"ENSMUSG00000047139",49.909034811855,1.38789123408222,0.367105938994647,3.7806286596264,0.0001564328527881,0.00166394232866763,"Cd24a","12484","CD24a antigen","Up_in_Female"
"ENSMUSG00000033174",274.837775107487,-0.711342424606478,0.188390350939402,-3.77589627631878,0.000159433330825332,0.00169474059696809,"Mgll","23945","monoglyceride lipase","Up_in_Male"
"ENSMUSG00000031841",1913.38521346893,-0.602752497046657,0.159742203037262,-3.77328273672334,0.000161113526390905,0.00170809977782105,"Cdh13","12554","cadherin 13","Up_in_Male"
"ENSMUSG00000021360",288.402748596691,-0.791568934094124,0.209803531718198,-3.77290566851532,0.000161357307363299,0.00170956107131596,"Gcnt2","14538","glucosaminyl (N-acetyl) transferase 2 (I blood group)","Up_in_Male"
"ENSMUSG00000026928",274.351480961818,-0.708920412524203,0.187945959171215,-3.77193750613384,0.000161984831383522,0.00171508349029167,"Card9","332579","caspase recruitment domain family, member 9","Up_in_Male"
"ENSMUSG00000102252",38.2019760890342,1.94744064141866,0.516588407466714,3.76981096221007,0.000163371242202684,0.00172749565149574,"Snrpn","20646","small nuclear ribonucleoprotein N","Up_in_Female"
"ENSMUSG00000094344",90.694775226952,0.971057665685507,0.257796659671647,3.76675813768236,0.000165381076067281,0.00174620321018568,NA,NA,NA,"Up_in_Female"
"ENSMUSG00000052726",17.9023427220694,2.24064899307675,0.595231850087953,3.76432980316102,0.000166996362192203,0.00175776470993698,"Kcnt2","240776","potassium channel, subfamily T, member 2","Up_in_Female"
"ENSMUSG00000034845",1850.79870591841,-0.705533180726461,0.187456017699507,-3.76372649640641,0.000167399966899363,0.00176086431935341,"Plvap","84094","plasmalemma vesicle associated protein","Up_in_Male"
"ENSMUSG00000080929",63.3157337006117,-1.19644283666433,0.318057095117058,-3.76172346107855,0.000168746563250161,0.00177041257776632,NA,NA,NA,"Up_in_Male"
"ENSMUSG00000063894",375.420911997202,0.664796463888518,0.176735085786791,3.7615420895572,0.000168868997103068,0.00177054589815147,"Zkscan8","93681","zinc finger with KRAB and SCAN domains 8","Up_in_Female"
"ENSMUSG00000031273",17.6989060629619,2.47258313424219,0.657817520053018,3.75876752878657,0.000170752396812927,0.00178796928940518,"Col4a6","94216","collagen, type IV, alpha 6","Up_in_Female"
"ENSMUSG00000069917",21.8250010420723,2.37613244443181,0.632946034316124,3.75408378535643,0.000173976667303479,0.00181701456544268,"Hba-a2","110257","hemoglobin alpha, adult chain 2","Up_in_Female"
"ENSMUSG00000021322",522.573548685932,-0.626661785158292,0.166938474307042,-3.7538487623033,0.000174139955411055,0.00181754354496299,"Aoah","27052","acyloxyacyl hydrolase","Up_in_Male"
"ENSMUSG00000024173",30.227126805778,-2.10065074264717,0.559921372995743,-3.75168879767543,0.000175647408539936,0.00182854618335511,"Tpsab1","100503895","tryptase alpha/beta 1","Up_in_Male"
"ENSMUSG00000036745",318.777766833064,-0.804578271010584,0.214556578694167,-3.74995852332939,0.000176863821666329,0.00184002232521462,"Ttll7","70892","tubulin tyrosine ligase-like family, member 7","Up_in_Male"
"ENSMUSG00000024610",11319.1915006793,-1.40637779195926,0.375244024284849,-3.74790190100849,0.000178319966394748,0.001852782342399,"Cd74","16149","CD74 antigen (invariant polypeptide of major histocompatibility complex, class II antigen-associated)","Up_in_Male"
"ENSMUSG00000026170",190.342127801912,-0.948478619047636,0.253747791897772,-3.73787930115172,0.000185578993982501,0.00191832328437005,"Cyp27a1","104086","cytochrome P450, family 27, subfamily a, polypeptide 1","Up_in_Male"
"ENSMUSG00000000567",916.855335305014,0.604597445465979,0.161982766966294,3.73248004580504,0.000189603721080351,0.00195491734399524,"Sox9","20682","SRY (sex determining region Y)-box 9","Up_in_Female"
"ENSMUSG00000069763",170.857651244613,-0.894215041660868,0.239904672621395,-3.72737651121982,0.0001934833085031,0.00198351122363788,"Tmem100","67888","transmembrane protein 100","Up_in_Male"
"ENSMUSG00000001552",2022.00525845191,0.594569096471587,0.159615229881259,3.72501481790867,0.000195303749398312,0.00199709841590061,"Jup","16480","junction plakoglobin","Up_in_Female"
"ENSMUSG00000097336",101.78267643089,1.30808685872156,0.351189746237188,3.72472964469214,0.000195524652504793,0.00199809106574879,"Fendrr","68790","Foxf1 adjacent non-coding developmental regulatory RNA","Up_in_Female"
"ENSMUSG00000058914",3612.01545339143,-1.19768371780235,0.321619380823922,-3.72391649636952,0.000196155829703796,0.00200327244816484,"C1qtnf3","81799","C1q and tumor necrosis factor related protein 3","Up_in_Male"
"ENSMUSG00000026921",935.696752937614,-0.618932755736789,0.166276250583338,-3.722316046732,0.000197403717708985,0.00201346800818722,"Egfl7","353156","EGF-like domain 7","Up_in_Male"
"ENSMUSG00000028167",286.256747886087,-0.686019487672917,0.184310955597438,-3.72207656050182,0.000197591088073472,0.00201410599946528,"Bdh2","69772","3-hydroxybutyrate dehydrogenase, type 2","Up_in_Male"
"ENSMUSG00000040653",33.1274366353725,1.54432281240831,0.415711669242155,3.71488925298542,0.00020329270950834,0.00206439972349061,"Ppp1r14c","76142","protein phosphatase 1, regulatory inhibitor subunit 14C","Up_in_Female"
"ENSMUSG00000054728",113.059890917724,0.818115681857365,0.220515419654766,3.71001575825487,0.000207246347067741,0.00209794671034195,"Phactr1","218194","phosphatase and actin regulator 1","Up_in_Female"
"ENSMUSG00000048583",46.6277837505394,1.62058123520193,0.436983064323706,3.70856760252256,0.00020843501523625,0.00210271439074879,"Igf2","16002","insulin-like growth factor 2","Up_in_Female"
"ENSMUSG00000023284",96.1747162136578,0.871724057050767,0.235035416238948,3.70890511311084,0.000208157410529545,0.00210271439074879,"Zfp605","675812","zinc finger protein 605","Up_in_Female"
"ENSMUSG00000032840",458.316817671186,0.631053716470436,0.170164616619126,3.70848963203028,0.000208499195909647,0.00210271439074879,"Spring1","76792","SREBF pathway regulator in golgi 1","Up_in_Female"
"ENSMUSG00000045672",1256.80981082972,-0.628711416906913,0.169652747157487,-3.70587230351941,0.000210664425376158,0.00212189835697234,"Col27a1","373864","collagen, type XXVII, alpha 1","Up_in_Male"
"ENSMUSG00000037754",160.85563559471,-0.843508603836317,0.227646009355342,-3.70535203417359,0.00021109733541641,0.00212415341094959,"Ppp1r16b","228852","protein phosphatase 1, regulatory subunit 16B","Up_in_Male"
"ENSMUSG00000047261",335.480954986671,-0.937168322453636,0.253076763680645,-3.70309904719756,0.000212981680018871,0.00213989563436146,"Gap43","14432","growth associated protein 43","Up_in_Male"
"ENSMUSG00000066363",23.2636621844197,-2.48340413673266,0.671062945499132,-3.70070222680157,0.00021500365718558,0.0021588668402903,"Serpina3f","238393","serine (or cysteine) peptidase inhibitor, clade A, member 3F","Up_in_Male"
"ENSMUSG00000031778",855.141908764572,0.609985555470221,0.164925348575409,3.69855550246916,0.000216829939920351,0.00217585069064352,"Cx3cl1","20312","C-X3-C motif chemokine ligand 1","Up_in_Female"
"ENSMUSG00000022853",43.1056299325997,-1.30002929846865,0.351571409205275,-3.69776740778596,0.000217504043258111,0.00218125869609253,"Ehhadh","74147","enoyl-Coenzyme A, hydratase/3-hydroxyacyl Coenzyme A dehydrogenase","Up_in_Male"
"ENSMUSG00000037548",77.1394980089416,-0.949938666020598,0.257099633402814,-3.69482699546393,0.000220036555532262,0.00220528562737179,"H2-DMb2","15000","histocompatibility 2, class II, locus Mb2","Up_in_Male"
"ENSMUSG00000023017",125.183008949859,0.799782022128552,0.216512296936044,3.69393347835944,0.000220811589732195,0.00221030757563194,"Asic1","11419","acid-sensing ion channel 1","Up_in_Female"
"ENSMUSG00000020053",623.32095116334,-0.865235906597596,0.234304403613993,-3.69278551001132,0.000221811096024099,0.00221893604801293,"Igf1","16000","insulin-like growth factor 1","Up_in_Male"
"ENSMUSG00000032507",86.2826109877585,-1.11082068293019,0.300956348569694,-3.69096943197711,0.000223400986739142,0.0022320732644104,"Fbxl2","72179","F-box and leucine-rich repeat protein 2","Up_in_Male"
"ENSMUSG00000039157",268.801720498893,-0.609714669972537,0.165250505914977,-3.68963874934362,0.000224572720835737,0.00224100520927981,"Eeig1","98952","estrogen-induced osteoclastogenesis regulator 1","Up_in_Male"
"ENSMUSG00000024680",9.85661708772453,-4.18229794733553,1.13406971759986,-3.68786670028269,0.000226142058690693,0.00225096090108277,"Ms4a2","14126","membrane-spanning 4-domains, subfamily A, member 2","Up_in_Male"
"ENSMUSG00000010311",50.8714579655421,-1.31429057838753,0.356389046479148,-3.68779734217904,0.000226203691503975,0.00225096090108277,"Optc","269120","opticin","Up_in_Male"
"ENSMUSG00000036169",11.353167970108,3.13529060123816,0.851898448149868,3.68035721634111,0.000232907447640698,0.00230989217893688,"Sostdc1","66042","sclerostin domain containing 1","Up_in_Female"
"ENSMUSG00000091695",53.0301475628904,-1.60804315882866,0.437205594920926,-3.67800224313117,0.000235067893102954,0.00232845642916468,NA,NA,NA,"Up_in_Male"
"ENSMUSG00000022584",94.5260036341473,-1.2801091115392,0.348229933937515,-3.67604558592857,0.000236877212947092,0.00234493908473268,"Ly6c2","100041546","lymphocyte antigen 6 family memberC2","Up_in_Male"
"ENSMUSG00000018427",268.087799011301,-0.599608525594622,0.163198950795989,-3.67409546856817,0.000238693480814681,0.00236002328825103,"Ypel2","77864","yippee like 2","Up_in_Male"
"ENSMUSG00000034203",526.909847875011,0.586800566801985,0.159753543269234,3.6731615136263,0.000239567952075299,0.00236432322610827,"Chchd4","72170","coiled-coil-helix-coiled-coil-helix domain containing 4","Up_in_Female"
"ENSMUSG00000001467",1967.57805568972,-0.626614824453486,0.17061240705234,-3.67273890146368,0.000239964635003068,0.00236679055648502,"Cyp51","13121","cytochrome P450, family 51","Up_in_Male"
"ENSMUSG00000002781",230.552357882088,0.66099241262578,0.180128101925345,3.66956852129453,0.000242960209025649,0.00239341021540774,"Tmem143","70209","transmembrane protein 143","Up_in_Female"
"ENSMUSG00000021550",739.937983365016,-0.614282430990699,0.167667624512922,-3.66369138213297,0.000248606305070623,0.00244306415263068,"Qng1","70153","Q-nucleotide N-glycosylase 1","Up_in_Male"
"ENSMUSG00000042686",14.9035736073948,-3.08343742404249,0.841756865430298,-3.66309744615658,0.000249183688357782,0.00244724771475421,"Jph1","57339","junctophilin 1","Up_in_Male"
"ENSMUSG00000027488",273.460625324984,-0.685978481425766,0.18760842786431,-3.65643744918489,0.000255744779857559,0.00250254564450065,"Snta1","20648","syntrophin, acidic 1","Up_in_Male"
"ENSMUSG00000035711",539.854633813158,-0.631985269390943,0.172840921323257,-3.65645626367016,0.000255726018689861,0.00250254564450065,"Dok3","27261","docking protein 3","Up_in_Male"
"ENSMUSG00000025505",192.330183496562,0.713045138327345,0.195055547146847,3.65560041104871,0.00025658075318789,0.00250806139082142,"Tmem80","71448","transmembrane protein 80","Up_in_Female"
"ENSMUSG00000031145",124.197492163589,-0.818121751633885,0.224087592605418,-3.65090160558092,0.000261321345745075,0.00254784364649095,"Prickle3","54630","prickle planar cell polarity protein 3","Up_in_Male"
"ENSMUSG00000002944",370.512173775599,-0.967221456978236,0.265089720624328,-3.64865697055426,0.000263614813609618,0.00256400761446944,"Cd36","12491","CD36 molecule","Up_in_Male"
"ENSMUSG00000039018",245.851986282322,0.649918058880311,0.178163505041543,3.64787423063308,0.000264419010218994,0.00257028021017692,"Mtg1","212508","mitochondrial ribosome-associated GTPase 1","Up_in_Female"
"ENSMUSG00000021943",11.9155005493205,-2.7921165752434,0.765571081316882,-3.64710298414172,0.000265213647441567,0.00257645238718671,"Gdf10","14560","growth differentiation factor 10","Up_in_Male"
"ENSMUSG00000084345",24.0856898012903,1.59629299910368,0.437998278346443,3.64451888973195,0.000267892460409333,0.00259778409925782,"Rpl17-ps4","435787","ribosomal protein L17, pseudogene 4","Up_in_Female"
"ENSMUSG00000034459",974.323045139788,0.657622672735126,0.180480612722063,3.64373027560503,0.000268715018734964,0.0025998392931797,"Ifit1","15957","interferon-induced protein with tetratricopeptide repeats 1","Up_in_Female"
"ENSMUSG00000052270",52.0903032296696,-1.22806237161353,0.3373091843071,-3.64076173655399,0.000271832609071783,0.0026249497187207,"Fpr2","14289","formyl peptide receptor 2","Up_in_Male"
"ENSMUSG00000026017",150.617305894499,0.717065795687483,0.197308980739786,3.63422786433204,0.000278814370433255,0.00268593951123045,"Carf","241066","calcium response factor","Up_in_Female"
"ENSMUSG00000078994",85.6660243033714,-0.915727860402113,0.252266534546122,-3.6300013477796,0.000283419739858357,0.00272542367244007,"Zfp429","72807","zinc finger protein 429","Up_in_Male"
"ENSMUSG00000069014",410.360993022138,-0.64912325049245,0.179094715986978,-3.62446902419861,0.000289555719750413,0.00277945930630141,NA,NA,NA,"Up_in_Male"
"ENSMUSG00000117810",34.8218790331307,1.49022675933882,0.411239451334396,3.62374464439954,0.000290368292020146,0.00278394697566077,"Gm8934","668032","60S ribosomal protein L5 pseudogene","Up_in_Female"
"ENSMUSG00000040283",132.719600117231,-0.994168764076269,0.274382514977493,-3.62329488873524,0.000290873879331503,0.00278713831169426,"Btnl9","237754","butyrophilin-like 9","Up_in_Male"
"ENSMUSG00000057614",142.53815813619,0.818212791646116,0.225830997313024,3.62311994979145,0.000291070757471904,0.00278736958015824,"Gnai1","14677","G protein subunit alpha i1","Up_in_Female"
"ENSMUSG00000041245",36.1815383992344,-1.41388441883806,0.390430053945821,-3.62135139072635,0.000293068134847889,0.0027998504582034,"Wnk3","279561","WNK lysine deficient protein kinase 3","Up_in_Male"
"ENSMUSG00000003873",1250.28934657775,-0.594820581143699,0.164474954479196,-3.61648120242487,0.000298634993409034,0.00284797532721524,"Bax","12028","BCL2-associated X protein","Up_in_Male"
"ENSMUSG00000045620",27.3416960704187,2.16395009884578,0.599304911684651,3.61076650074984,0.000305293423666019,0.00290289610151731,"Cimap1c","382075","ciliary microtubule associated protein 1C","Up_in_Female"
"ENSMUSG00000020491",128.280474019943,0.919891419954554,0.254757607373531,3.61084965995064,0.000305195542584713,0.00290289610151731,"2810021J22Rik","69944","RIKEN cDNA 2810021J22 gene","Up_in_Female"
"ENSMUSG00000052572",102.4423604552,-0.952233321322995,0.26375301424702,-3.61032204330061,0.000305817063117816,0.00290576383372617,"Dlg2","23859","discs large MAGUK scaffold protein 2","Up_in_Male"
"ENSMUSG00000028179",202.299023961799,-1.04316762732756,0.289084551737637,-3.60852083259815,0.000307947789711186,0.00291127515696842,"Cth","107869","cystathionine gamma lyase","Up_in_Male"
"ENSMUSG00000022793",140.239516595864,-0.686259887328614,0.190178994642737,-3.60849466376554,0.000307978848100216,0.00291127515696842,"B4galt4","56375","UDP-Gal:betaGlcNAc beta 1,4-galactosyltransferase, polypeptide 4","Up_in_Male"
"ENSMUSG00000034023",237.875177604976,0.581135412037081,0.161167313313916,3.60578953689676,0.000311205288013937,0.0029383314964265,"Fancd2","211651","Fanconi anemia, complementation group D2","Up_in_Female"
"ENSMUSG00000044469",135.441781159658,-0.756584113892228,0.209878763932949,-3.60486263457287,0.000312318076680182,0.00294023598909651,"Tnfaip8l1","66443","tumor necrosis factor, alpha-induced protein 8-like 1","Up_in_Male"
"ENSMUSG00000020182",11.4540327684868,-3.23386901291491,0.897180390440678,-3.60448026658998,0.000312778211400567,0.0029428508566528,"Ddc","13195","dopa decarboxylase","Up_in_Male"
"ENSMUSG00000039706",219.507419529232,-0.88901662895317,0.246741242445154,-3.60303214875308,0.000314526609927153,0.00295413351442639,"Ldb2","16826","LIM domain binding 2","Up_in_Male"
"ENSMUSG00000045730",109.763976314441,-0.976889164325892,0.27114862284654,-3.60278121301311,0.000314830508065041,0.00295489352544903,"Adrb2","11555","adrenergic receptor, beta 2","Up_in_Male"
"ENSMUSG00000071722",115.094546868602,0.832843015529477,0.231174277901593,3.60266299126932,0.000314973776882271,0.00295489352544903,"Spin4","270624","spindlin family, member 4","Up_in_Female"
"ENSMUSG00000007682",675.917843921919,-0.659751884080019,0.183282990655093,-3.59963508736912,0.000318664055253755,0.00298426262545943,"Dio2","13371","deiodinase, iodothyronine, type II","Up_in_Male"
"ENSMUSG00000031952",10.5194414988962,-2.92441580185812,0.812639024439407,-3.59866523008233,0.000319854607315504,0.00299131075273841,"Chst5","56773","carbohydrate sulfotransferase 5","Up_in_Male"
"ENSMUSG00000042817",71.6678371596073,-1.13851450349687,0.316488678521887,-3.59733090236951,0.000321499372039961,0.00300214922872501,"Flt3","14255","FMS-like tyrosine kinase 3","Up_in_Male"
"ENSMUSG00000040254",209.423670936051,1.02693751619908,0.286027337182198,3.59034743432559,0.000330237481025691,0.00307484823648618,"Sema3d","108151","sema domain, immunoglobulin domain (Ig), short basic domain, secreted, (semaphorin) 3D","Up_in_Female"
"ENSMUSG00000099398",345.089308891117,-0.746569191864302,0.207934348767263,-3.59040820475468,0.00033016049216141,0.00307484823648618,"Ms4a14","383435","membrane-spanning 4-domains, subfamily A, member 14","Up_in_Male"
"ENSMUSG00000071078",59.4779117588209,1.04647213700753,0.29151211729747,3.58980664923672,0.000330923331365405,0.00307768234865255,"Nr2c2ap","75692","nuclear receptor 2C2-associated protein","Up_in_Female"
"ENSMUSG00000052305",785.401320779545,1.2882296132996,0.359245118800782,3.58593491151647,0.000335872731594008,0.00311307853619196,"Hbb-b1","15129","hemoglobin, beta adult major chain","Up_in_Female"
"ENSMUSG00000059252",80.5150923683762,1.14825511504194,0.320193222154099,3.58613185912261,0.000335619302529382,0.00311307853619196,NA,NA,NA,"Up_in_Female"
"ENSMUSG00000028874",192.028647090319,-0.723665094920084,0.201825096954135,-3.58560508995835,0.000336297541804748,0.00311330874042537,"Fgr","14191","FGR proto-oncogene, Src family tyrosine kinase","Up_in_Male"
"ENSMUSG00000060791",128.763729485638,-0.967508444910905,0.269931787647381,-3.58427013484898,0.000338022104708621,0.00312568749660648,"Gmfg","63986","glia maturation factor, gamma","Up_in_Male"
"ENSMUSG00000022208",113.215316880301,0.753943821709137,0.210342769362011,3.58435815975951,0.000337908135327516,0.00312568749660648,"Jph4","319984","junctophilin 4","Up_in_Female"
"ENSMUSG00000074093",72.0197550232137,1.04743412521035,0.292564094921992,3.58018684927703,0.000343348600720737,0.00317130682382931,"Svip","75744","small VCP/p97-interacting protein","Up_in_Female"
"ENSMUSG00000109783",59.5268884645412,-1.16743597536022,0.32619704736752,-3.57892870208873,0.000345005566231592,0.00318478822466417,NA,NA,NA,"Up_in_Male"
"ENSMUSG00000059256",101.444131131717,2.89359611914921,0.808933169863661,3.57705213106406,0.000347490892971837,0.00320223475099575,"Gzmd","14941","granzyme D","Up_in_Female"
"ENSMUSG00000026357",144.840433196944,-0.791608676649354,0.221325119880034,-3.5766779526808,0.000347988452336552,0.00320498953590331,"Rgs18","64214","regulator of G-protein signaling 18","Up_in_Male"
"ENSMUSG00000083367",326.093392053242,0.637279186550723,0.178189851427024,3.5764056226946,0.000348350998893417,0.00320649841308852,NA,NA,NA,"Up_in_Female"
"ENSMUSG00000040938",16.2051316316598,-2.13572476939903,0.597452425803085,-3.5747193871181,0.000350603723194302,0.00322172077304286,"Slc16a11","216867","solute carrier family 16 (monocarboxylic acid transporters), member 11","Up_in_Male"
"ENSMUSG00000027435",3347.95044075354,-0.694575450738589,0.194320090560473,-3.57438826183768,0.000351047687094178,0.00322396441602257,"Cd93","17064","CD93 antigen","Up_in_Male"
"ENSMUSG00000058755",52.3183120805405,-1.23813217993108,0.346800190844922,-3.57016003051951,0.00035676320649645,0.00326901254970285,"Osm","18413","oncostatin M","Up_in_Male"
"ENSMUSG00000041949",249.013600240181,0.662151523581974,0.185549522568453,3.56859729098841,0.000358897580719731,0.00328483911655903,"Tango6","272538","transport and golgi organization 6","Up_in_Female"
"ENSMUSG00000050708",5632.42213544815,-1.05410059159596,0.295967128417803,-3.561546166397,0.000368677263904039,0.00336593988520568,"Ftl1","14325","ferritin light polypeptide 1","Up_in_Male"
"ENSMUSG00000045441",103.405571772,0.869693322543269,0.24434547772629,3.55927734221248,0.00037187666046572,0.00339017050467506,"Gprin3","243385","GPRIN family member 3","Up_in_Female"
"ENSMUSG00000028525",444.254102767088,-0.706401068716988,0.198556217213886,-3.55768798695458,0.000374133339215431,0.00340689365777663,"Pde4b","18578","phosphodiesterase 4B, cAMP specific","Up_in_Male"
"ENSMUSG00000021118",46.9856015849516,1.2947587880809,0.364079044735573,3.55625737543139,0.000376175563570711,0.00342355831572307,"Plek2","27260","pleckstrin 2","Up_in_Female"
"ENSMUSG00000103548",34.7550351707304,1.80753176729601,0.508553852801411,3.55425832945532,0.000379046696556886,0.00343998734288072,NA,NA,NA,"Up_in_Female"
"ENSMUSG00000105703",74.9583876695583,-1.50535985246318,0.423623305144341,-3.55353408129956,0.000380091944237698,0.00344753435200646,"Gm43305","108168162","predicted gene 43305","Up_in_Male"
"ENSMUSG00000104861",106.382396069289,0.860829855887574,0.242262839724444,3.55328888601614,0.000380446424383296,0.00344759056370185,"3110039M20Rik","67293","RIKEN cDNA 3110039M20 gene","Up_in_Female"
"ENSMUSG00000113440",31.5377308838178,1.35733678120517,0.382040478758161,3.55286116700842,0.000381065519794773,0.00344861089591052,NA,NA,NA,"Up_in_Female"
"ENSMUSG00000055900",306.456874159835,0.638255746773214,0.179644068080918,3.55289074441201,0.000381022678141944,0.00344861089591052,"Tmem69","230657","transmembrane protein 69","Up_in_Female"
"ENSMUSG00000097084",63.5788355449904,1.09209737278607,0.307536459632315,3.55111512336379,0.000383602584954929,0.00346605158826961,"Foxl1","14241","forkhead box L1","Up_in_Female"
"ENSMUSG00000027500",1608.01710206032,-1.42177877140073,0.400432071685505,-3.55061163162121,0.000384337104054017,0.0034704328545135,"Stmn2","20257","stathmin-like 2","Up_in_Male"
"ENSMUSG00000042436",1498.80078999706,-0.610807519810959,0.172187418200681,-3.54734118319304,0.000389140289984208,0.0035079149269191,"Mfap4","76293","microfibrillar-associated protein 4","Up_in_Male"
"ENSMUSG00000015850",300.025209157169,-0.64457646574833,0.181832132257145,-3.54489857071453,0.000392764193874276,0.00353860582487734,"Adamtsl4","229595","ADAMTS-like 4","Up_in_Male"
"ENSMUSG00000061780",440.16282051636,-4.85329421291146,1.37035209966024,-3.54164029384475,0.000397647333557937,0.00357860422436747,"Cfd","11537","complement factor D","Up_in_Male"
"ENSMUSG00000053175",480.608408977896,0.641406909148333,0.181127690775628,3.54118636637881,0.000398332113309974,0.00358276866241345,"Bcl3","12051","B cell leukemia/lymphoma 3","Up_in_Female"
"ENSMUSG00000028358",28.2016717600811,1.78102947443018,0.502969982765931,3.54102538015478,0.000398575236272085,0.00358295822422638,"Zfp618","72701","zinc finger protein 618","Up_in_Female"
"ENSMUSG00000054065",81.6656107481969,1.01943490972297,0.288046233437271,3.53913640028547,0.000401438368522269,0.00360267492462477,"Pkp3","56460","plakophilin 3","Up_in_Female"
"ENSMUSG00000026888",123.361387407674,-0.871404136668879,0.24632546898951,-3.53761281869715,0.000403761651990767,0.00361905839173491,"Grb14","50915","growth factor receptor bound protein 14","Up_in_Male"
"ENSMUSG00000050370",166.472279795775,-0.92901738815928,0.262967277006099,-3.53282506757574,0.00041114442435097,0.00367750910827453,"Ch25h","12642","cholesterol 25-hydroxylase","Up_in_Male"
"ENSMUSG00000028524",29.7027950729487,-1.75935558806057,0.498025621527749,-3.53266079496783,0.000411399958209907,0.0036777560807064,"Sgip1","73094","SH3-domain GRB2-like (endophilin) interacting protein 1","Up_in_Male"
"ENSMUSG00000021947",187.06398866254,-0.752369870146271,0.213021839614685,-3.53189077470724,0.000412599739938951,0.00368236139582683,"Cryl1","68631","crystallin, lambda 1","Up_in_Male"
"ENSMUSG00000049044",184.598379750535,-0.650935262703049,0.184297710191406,-3.53197694115139,0.000412465320323682,0.00368236139582683,"Rapgef4","56508","Rap guanine nucleotide exchange factor (GEF) 4","Up_in_Male"
"ENSMUSG00000022151",463.665020480323,0.67638236879325,0.191598486226846,3.5302072689261,0.000415234231156477,0.00369565336676278,"Ttc33","67515","tetratricopeptide repeat domain 33","Up_in_Female"
"ENSMUSG00000116845",280.337031526498,0.783172520337982,0.222021585346697,3.52746116606195,0.000419565302019422,0.00373008579249884,"Gm46546","108168279","predicted gene, 46546","Up_in_Female"
"ENSMUSG00000084131",34.7993436729472,1.55347051080504,0.440570442815398,3.52604341970337,0.00042181780617652,0.0037459835555665,"Rpl3-ps2","628388","ribosomal protein L3, pseudogene 2","Up_in_Female"
"ENSMUSG00000081382",25.8410296500285,1.59587720665253,0.452895634448317,3.52371956200572,0.000425534372981447,0.00377483377813558,"Rpl18-ps1","667100","ribosomal protein L18, pseudogene 1","Up_in_Female"
"ENSMUSG00000039715",190.185058290746,0.753950583468479,0.214643825024385,3.51256591417353,0.000443801906161526,0.00392393838784788,"Dync2i2","71820","dynein 2 intermediate chain 2","Up_in_Female"
"ENSMUSG00000022836",417.014522099413,-0.629728335016645,0.179466314328167,-3.50889434250676,0.00044997362320333,0.00397197723414056,"Mylk","107589","myosin, light polypeptide kinase","Up_in_Male"
"ENSMUSG00000036553",188.323181564301,-0.617896575585141,0.176127603527873,-3.50823245878864,0.000451094700588228,0.00397969605723983,"Sh3tc1","231147","SH3 domain and tetratricopeptide repeats 1","Up_in_Male"
"ENSMUSG00000041731",101.937409040177,-1.16711470748749,0.332693112221984,-3.50808196686907,0.00045134996242119,0.00397977212766575,"Pgm5","226041","phosphoglucomutase 5","Up_in_Male"
"ENSMUSG00000018570",65.1616423937693,1.13523263126506,0.323707209392432,3.50697358083493,0.000453234144651391,0.00399227923892334,"2810408A11Rik","70419","RIKEN cDNA 2810408A11 gene","Up_in_Female"
"ENSMUSG00000057143",380.589286084822,-0.593460284895406,0.169240792209007,-3.50660308988923,0.000453865589612895,0.00399540379377724,"Trim12c","319236","tripartite motif-containing 12C","Up_in_Male"
"ENSMUSG00000080904",26.7037706587042,1.57445605116395,0.449037419612349,3.5062914189271,0.000454397420640094,0.00399790445989561,NA,NA,NA,"Up_in_Female"
"ENSMUSG00000039519",103.904206894673,0.755178159181614,0.215458300889181,3.50498521553845,0.000456632640235133,0.00401538108056354,"Cyp7b1","13123","cytochrome P450, family 7, subfamily b, polypeptide 1","Up_in_Female"
"ENSMUSG00000034037",242.799275354602,-0.646331485246766,0.184478407911102,-3.50356170440405,0.000459080282174022,0.00403360468432729,"Fgd5","232237","FYVE, RhoGEF and PH domain containing 5","Up_in_Male"
"ENSMUSG00000070547",14.9385079352529,-2.72396690649511,0.778020240574265,-3.50115172387356,0.000463252025637249,0.0040611480774611,"Mrgprb1","233231","MAS-related GPR, member B1","Up_in_Male"
"ENSMUSG00000086502",24.7478923498214,1.79975717636395,0.51402569645001,3.50129806504523,0.000462997699679244,0.0040611480774611,"B130055M24Rik","654803","RIKEN cDNA B130055M24 gene","Up_in_Female"
"ENSMUSG00000063611",225.516943148782,-0.610553524445026,0.174517796360702,-3.49851726974081,0.000467852789869094,0.00409363321736365,NA,NA,NA,"Up_in_Male"
"ENSMUSG00000018634",13.6265132900117,2.16644848791241,0.619855491548473,3.49508638295736,0.000473908348861173,0.00413797895953674,"Crhr1","12921","corticotropin releasing hormone receptor 1","Up_in_Female"
"ENSMUSG00000113606",313.726375955105,0.957752411477201,0.274062868372697,3.49464492276552,0.000474692819309401,0.00414083344028908,NA,NA,NA,"Up_in_Female"
"ENSMUSG00000033526",215.578902671956,-0.619036646505153,0.1772091121602,-3.4932551659394,0.000477170319734172,0.00415746235379622,"Ppip5k1","327655","diphosphoinositol pentakisphosphate kinase 1","Up_in_Male"
"ENSMUSG00000052920",248.676392299847,0.743736478858987,0.21299855291963,3.49174428025161,0.000479877435731436,0.0041765384589873,"Prkg1","19091","protein kinase, cGMP-dependent, type I","Up_in_Female"
"ENSMUSG00000024907",17.0479847523669,-3.00251025138374,0.86013371032899,-3.49074825847172,0.000481669876014211,0.00418762129276148,"Gal","14419","galanin and GMAP prepropeptide","Up_in_Male"
"ENSMUSG00000026437",197.639494107295,0.805672431393834,0.230904144716671,3.48920731753182,0.00048445526011581,0.00420504038581426,"Cdk18","18557","cyclin dependent kinase 18","Up_in_Female"
"ENSMUSG00000019139",391.819229418985,-0.672618335721389,0.192917103478748,-3.48656663194969,0.000489263485003565,0.00423993318690522,"Isyna1","71780","myo-inositol 1-phosphate synthase A1","Up_in_Male"
"ENSMUSG00000040729",19.1240696307577,-2.15469225178764,0.618058251694312,-3.48622843539566,0.000489882486286562,0.00424074238128754,"Cep126","234915","centrosomal protein 126","Up_in_Male"
"ENSMUSG00000016995",12.284698717513,3.13650161279078,0.900249369551096,3.48403644465175,0.000493912227834831,0.00426972752373164,"Matn4","17183","matrilin 4","Up_in_Female"
"ENSMUSG00000021298",84.3919598974394,-1.01329369067161,0.290844087999276,-3.48397554731844,0.000494024621145697,0.00426972752373164,"Gpr132","56696","G protein-coupled receptor 132","Up_in_Male"
"ENSMUSG00000045062",21.576458981312,1.64198892049987,0.472196540236055,3.47734212469881,0.000506411183967234,0.00436509127376885,"Pcdhb7","93878","protocadherin beta 7","Up_in_Female"
"ENSMUSG00000032094",30.7124653855797,-1.75124396676855,0.503894045162885,-3.47542104055319,0.000510052120226991,0.00439039663724289,"Cd3d","12500","CD3 antigen, delta polypeptide","Up_in_Male"
"ENSMUSG00000031209",32.5300035928992,1.32261863880731,0.380631937601662,3.47479680013465,0.000511240455507012,0.00439732195632257,"Heph","15203","hephaestin","Up_in_Female"
"ENSMUSG00000054150",670.557452258034,0.700075039369533,0.201609977906388,3.47242257868107,0.000515783757064072,0.00442931703245655,"Syne3","212073","spectrin repeat containing, nuclear envelope family member 3","Up_in_Female"
"ENSMUSG00000031340",64.1044273829891,-1.24461151221313,0.359123702341271,-3.46569024572595,0.000528872208909042,0.00452245996977016,"Gabre","14404","gamma-aminobutyric acid (GABA) A receptor, subunit epsilon","Up_in_Male"
"ENSMUSG00000004933",121.734887553267,-1.08417122803007,0.312980700849937,-3.46401942703136,0.00053216807647312,0.00454256514235631,"Matk","17179","megakaryocyte-associated tyrosine kinase","Up_in_Male"
"ENSMUSG00000026939",160.435651064545,-0.681611788883369,0.196774250402233,-3.46392776234727,0.000532349447458836,0.00454256514235631,"Tmem141","51875","transmembrane protein 141","Up_in_Male"
"ENSMUSG00000001021",40.8513034322032,-1.25830758675819,0.363429192014149,-3.46231842242655,0.000535543142108415,0.00456498898101499,"S100a3","20197","S100 calcium binding protein A3","Up_in_Male"
"ENSMUSG00000004187",50.1387272068794,-1.3354152921664,0.386041249544669,-3.45925543900168,0.000541670934443058,0.00460748666218934,"Kifc2","16581","kinesin family member C2","Up_in_Male"
"ENSMUSG00000034911",255.678998754645,-0.766847204358035,0.221784745715991,-3.45761924194745,0.000544971010150013,0.00463311497354089,"Ushbp1","234395","USH1 protein network component harmonin binding protein 1","Up_in_Male"
"ENSMUSG00000039765",258.960665433193,0.592353432004697,0.17137596074407,3.45645579130731,0.000547328979084625,0.00465071111453898,"Cc2d2a","231214","coiled-coil and C2 domain containing 2A","Up_in_Female"
"ENSMUSG00000055865",27.0830348894942,-1.56291107522916,0.452256382063554,-3.45580767284679,0.000548646641215408,0.00465945379086938,"Tafa3","329731","TAFA chemokine like family member 3","Up_in_Male"
"ENSMUSG00000027559",324.405359349193,-3.32724990396507,0.963342819367351,-3.45385862340278,0.000552626997785358,0.00468357263297712,"Car3","12350","carbonic anhydrase 3","Up_in_Male"
"ENSMUSG00000028978",281.652823494527,-0.839065582587348,0.242933957960823,-3.45388347364209,0.000552576079673144,0.00468357263297712,"Nos3","18127","nitric oxide synthase 3, endothelial cell","Up_in_Male"
"ENSMUSG00000034795",288.074581400274,0.699951543758553,0.202658435517492,3.45384855049934,0.000552647638397895,0.00468357263297712,"Ccdc122","108811","coiled-coil domain containing 122","Up_in_Female"
"ENSMUSG00000038068",95.5596828355559,-1.12205442632806,0.324955119570649,-3.45295198860257,0.000554487682676464,0.00469423570181921,"Rnf144b","218215","ring finger protein 144B","Up_in_Male"
"ENSMUSG00000026211",474.376001719647,-0.72564553587348,0.210338293693893,-3.44989741587196,0.000560799613695101,0.00473730792358338,"Obsl1","98733","obscurin-like 1","Up_in_Male"
"ENSMUSG00000089993",53.0771069586157,1.36534753722059,0.395838159783645,3.44925698413427,0.000562131451695378,0.00474401312999823,NA,NA,NA,"Up_in_Female"
"ENSMUSG00000056498",75.6481128816436,-0.986383242657136,0.285999380729264,-3.44889992468507,0.000562875268804957,0.0047478072856439,"Tmem154","320782","transmembrane protein 154","Up_in_Male"
"ENSMUSG00000030223",215.774504597971,-0.644163250441217,0.186797649090311,-3.44845480432029,0.000563803815771082,0.00475315484393008,"Ptpro","19277","protein tyrosine phosphatase receptor type O","Up_in_Male"
"ENSMUSG00000056071",50.5215148801487,1.64344102410814,0.476784561823951,3.44692583547823,0.000567004210850633,0.0047701668124535,"S100a9","20202","S100 calcium binding protein A9 (calgranulin B)","Up_in_Female"
"ENSMUSG00000053965",285.656746408101,-0.633402003805789,0.183780913151563,-3.4465059126321,0.000567886138341517,0.00477509678388678,"Pde5a","242202","phosphodiesterase 5A, cGMP-specific","Up_in_Male"
"ENSMUSG00000027313",78.9041080900495,-0.937291686882298,0.272047617614081,-3.44532216493038,0.000570379141830124,0.00478755343162627,"Chac1","69065","ChaC, cation transport regulator 1","Up_in_Male"
"ENSMUSG00000043614",136.790104670394,0.905301582720155,0.262768865855799,3.44523914494863,0.000570554365952982,0.00478755343162627,"Vps37d","194309","vacuolar protein sorting 37D","Up_in_Female"
"ENSMUSG00000068874",157.909291902968,-0.684844857484525,0.198765913871134,-3.44548441001072,0.000570036847813561,0.00478755343162627,"Selenbp1","20341","selenium binding protein 1","Up_in_Male"
"ENSMUSG00000081657",19.1284442727342,1.88744643535213,0.548041870096184,3.44398218154551,0.000573213477722155,0.00480486892286997,NA,NA,NA,"Up_in_Female"
"ENSMUSG00000007379",200.489777853454,-0.801981399696028,0.23293373174947,-3.44295947895855,0.000575385519069608,0.00482057151386667,"Dennd2c","329727","DENN domain containing 2C","Up_in_Male"
"ENSMUSG00000053581",384.290587773814,0.601301401313136,0.174698530553645,3.44193737295629,0.000577563948174103,0.0048363112961792,"Zfand2a","100494","zinc finger, AN1-type domain 2A","Up_in_Female"
"ENSMUSG00000051379",116.711201975511,0.899545965814128,0.261609075345571,3.43851208000288,0.000584920439821509,0.00488776603674773,"Flrt3","71436","fibronectin leucine rich transmembrane protein 3","Up_in_Female"
"ENSMUSG00000033488",69.9911057227102,-0.94037730821581,0.273552874041833,-3.43764367861111,0.000586799314976467,0.00489333010152986,"Cryzl2","226527","crystallin zeta like 2","Up_in_Male"
"ENSMUSG00000020098",115.79207671816,-0.870255872247615,0.253148804275647,-3.4377246012982,0.000586623993372413,0.00489333010152986,"Pcbd1","13180","pterin 4 alpha carbinolamine dehydratase/dimerization cofactor of hepatocyte nuclear factor 1 alpha (TCF1) 1","Up_in_Male"
"ENSMUSG00000049946",45.3515512788918,-1.63084251298964,0.475887493905464,-3.42694971789617,0.000610402086586651,0.00505099900982677,"BC030500","234290","cDNA sequence BC030500","Up_in_Male"
"ENSMUSG00000031673",642.115261895762,1.27537840051935,0.372226940702875,3.42634629860767,0.000611759882613428,0.00505963991073822,"Cdh11","12552","cadherin 11","Up_in_Female"
"ENSMUSG00000026023",89.7551174961766,-0.977256331539841,0.285272527586292,-3.42569380868346,0.00061323125833932,0.00506921085274757,"Cdk15","271697","cyclin dependent kinase 15","Up_in_Male"
"ENSMUSG00000031489",11.2295277145951,-4.45406282670988,1.30098088725817,-3.42361895576871,0.00061793200071859,0.00510023056961389,"Adrb3","11556","adrenergic receptor, beta 3","Up_in_Male"
"ENSMUSG00000096971",92.3883298160966,0.799486185941068,0.233583988371841,3.42269258913574,0.000620041564943283,0.00511502591611698,"4930556M19Rik","75259","RIKEN cDNA 4930556M19 gene","Up_in_Female"
"ENSMUSG00000052889",212.274771703504,-0.604025008427843,0.176622256660824,-3.41986915945582,0.000626512615159536,0.00516049390414205,"Prkcb","18751","protein kinase C, beta","Up_in_Male"
"ENSMUSG00000040570",81.4343462117468,-0.91011097828287,0.26615706805961,-3.41945072102702,0.000627476967480943,0.00516580017717984,"Rundc3b","242819","RUN domain containing 3B","Up_in_Male"
"ENSMUSG00000006386",239.848508561473,-0.633646867286058,0.185482922944166,-3.41620057107251,0.000635014566429567,0.00522135699662929,"Tek","21687","TEK receptor tyrosine kinase","Up_in_Male"
"ENSMUSG00000050394",67.5468182453803,-1.2072425806417,0.353602045046712,-3.41412782406906,0.000639865481538181,0.0052497558778699,"Armcx6","278097","armadillo repeat containing, X-linked 6","Up_in_Male"
"ENSMUSG00000073016",111.580322095394,1.04296468583508,0.305488261544023,3.41409087394601,0.000639952268949559,0.0052497558778699,"Uprt","331487","uracil phosphoribosyltransferase","Up_in_Female"
"ENSMUSG00000027009",366.091167801806,-0.6070546270675,0.177839675719252,-3.4134937809144,0.000641356223187915,0.00525859960231718,"Itga4","16401","integrin alpha 4","Up_in_Male"
"ENSMUSG00000084284",76.7855674765999,1.01260209622544,0.296932843916725,3.41020576527879,0.000649138846865796,0.00530892267259325,NA,NA,NA,"Up_in_Female"
"ENSMUSG00000034842",74.4984155594791,-0.941625325347189,0.276152214747419,-3.40980544446634,0.000650092367572606,0.00531402758011731,"Art3","109979","ADP-ribosyltransferase 3","Up_in_Male"
"ENSMUSG00000001946",936.284680438582,-0.582252903249895,0.17088034146552,-3.40737207250597,0.000655916475355395,0.00535567626421152,"Esam","69524","endothelial cell-specific adhesion molecule","Up_in_Male"
"ENSMUSG00000074506",506.62718612088,0.607787514010016,0.178440547191313,3.40610653563164,0.000658964594510315,0.00537565859303258,NA,NA,NA,"Up_in_Female"
"ENSMUSG00000032281",101.536527301007,0.99988332652138,0.294041256712215,3.40048650893908,0.000672660551201147,0.00547631213631771,"Acsbg1","94180","acyl-CoA synthetase bubblegum family member 1","Up_in_Female"
"ENSMUSG00000031958",34.7954455792403,-1.35647828764782,0.399156159850034,-3.39836491100993,0.000677899327143392,0.00550507475731544,"Ldhd","52815","lactate dehydrogenase D","Up_in_Male"
"ENSMUSG00000027637",240.418931610378,0.820863256216941,0.241541169356009,3.39844035037797,0.000677712399245441,0.00550507475731544,"Rab5if","67388","RAB5 interacting factor","Up_in_Female"
"ENSMUSG00000027890",135.116873587887,-0.715653609088883,0.210684673917081,-3.39679956678074,0.000681788856733493,0.0055338757506296,"Gstm4","14865","glutathione S-transferase, mu 4","Up_in_Male"
"ENSMUSG00000074109",7.93304784814963,-5.35723781133265,1.57742187434657,-3.39619850495089,0.000683287865044022,0.00554325439434406,"Mrgprx2","243978","MAS-related GPR, member X2","Up_in_Male"
"ENSMUSG00000049916",17.5848071664508,-1.84881627656836,0.544767852641001,-3.39376904787134,0.000689378040563498,0.00558423898721516,"2610318N02Rik","70458","RIKEN cDNA 2610318N02 gene","Up_in_Male"
"ENSMUSG00000036256",6214.43044520736,-0.589783092356154,0.173803516840196,-3.39338986390265,0.000690333120194702,0.00558636671387247,"Igfbp7","29817","insulin-like growth factor binding protein 7","Up_in_Male"
"ENSMUSG00000041445",503.503934153699,-0.769898544032526,0.227221386199136,-3.38831901746162,0.000703224205479805,0.00567929218199306,"Mmrn2","105450","multimerin 2","Up_in_Male"
"ENSMUSG00000053897",115.952363954272,-0.770894672171831,0.22755050978822,-3.387795847565,0.000704566859739115,0.00568728906890963,"Slc39a8","67547","solute carrier family 39 (metal ion transporter), member 8","Up_in_Male"
"ENSMUSG00000074264",59.34610230581,-1.21212236199922,0.35799117342747,-3.38590013377744,0.000709451967157876,0.00572050915606788,"Amy1","11722","amylase 1, salivary","Up_in_Male"
"ENSMUSG00000064105",60.186766472464,-0.965669737707116,0.28524747429069,-3.38537524340363,0.000710810121826755,0.00572622672281404,"Cnnm2","94219","cyclin M2","Up_in_Male"
"ENSMUSG00000039601",449.789145649653,0.694747724092885,0.205335073301409,3.38348297211297,0.000715726455881799,0.00576008084394449,"Rcan2","53901","regulator of calcineurin 2","Up_in_Female"
"ENSMUSG00000024180",143.426118610329,-0.730907783418072,0.216089463035611,-3.38243139276819,0.000718472215955278,0.00577641638099371,"Pgap6","60455","post-glycosylphosphatidylinositol attachment to proteins 6","Up_in_Male"
"ENSMUSG00000039347",126.534284107668,-0.929406423150964,0.274821859837034,-3.38185042376938,0.000719993367479189,0.00578288351301354,"Atp6v0e2","76252","ATPase, H+ transporting, lysosomal V0 subunit E2","Up_in_Male"
"ENSMUSG00000041046",221.625728405959,-0.809914192309867,0.239507308859444,-3.38158445421458,0.000720690753706273,0.00578432477619579,"Ramp3","56089","receptor (calcitonin) activity modifying protein 3","Up_in_Male"
"ENSMUSG00000022040",17.5686534150176,-3.04752653077623,0.901977874996999,-3.37871539341957,0.000728253583831946,0.00583470696559696,"Ephx2","13850","epoxide hydrolase 2, cytoplasmic","Up_in_Male"
"ENSMUSG00000030222",127.903476801782,-0.9125607685556,0.270144304837366,-3.37804925817328,0.000730020026960182,0.00584595690075905,"Rerg","232441","RAS-like, estrogen-regulated, growth-inhibitor","Up_in_Male"
"ENSMUSG00000023959",134.250623371404,-0.938287223261962,0.278400833442928,-3.37027447676197,0.000750933451421359,0.00599261235021516,"Clic5","224796","chloride intracellular channel 5","Up_in_Male"
"ENSMUSG00000059552",648.240145140532,-0.585725611089337,0.173876143803769,-3.36863699801375,0.000755408453472896,0.0060223669986357,"Trp53","22059","transformation related protein 53","Up_in_Male"
"ENSMUSG00000075122",122.710505136432,-0.800013151594777,0.237500893462788,-3.36846375578004,0.000755883346194116,0.00602317712305593,"Cd80","12519","CD80 antigen","Up_in_Male"
"ENSMUSG00000045382",1108.9653355344,-0.584000158276263,0.173381724611817,-3.36829132126686,0.000756356300060076,0.00602397100580918,"Cxcr4","12767","C-X-C motif chemokine receptor 4","Up_in_Male"
"ENSMUSG00000082793",16.5849577150403,1.83982986011537,0.546501617188619,3.36655885773963,0.0007611233790796,0.00605297528084201,"Btf3-ps4","668700","basic transcription factor 3, pseudogene 4","Up_in_Female"
"ENSMUSG00000040594",112.770040590073,-0.808912164119173,0.240309207948541,-3.36613054083383,0.00076230623734082,0.00605939578607461,"Ranbp17","66011","RAN binding protein 17","Up_in_Male"
"ENSMUSG00000030431",135.475194651775,0.77690420366277,0.230885063895932,3.3648958947511,0.000765725446652691,0.00608058356652944,"Tmem238","664968","transmembrane protein 238","Up_in_Female"
"ENSMUSG00000040138",159.167606016712,-0.773889982642725,0.230039090614447,-3.36416728381086,0.00076774992562108,0.00609066509332436,"Ndp","17986","Norrie disease (pseudoglioma) (human)","Up_in_Male"
"ENSMUSG00000056679",137.940299623768,0.766870640427325,0.228007673291646,3.36335452818913,0.000770014067194866,0.00610562505565423,"Gpr173","70771","G-protein coupled receptor 173","Up_in_Female"
"ENSMUSG00000101597",36.5020578656494,1.39763107721416,0.415695955286452,3.36214740470848,0.000773388265516126,0.00612335282255555,"Gm5621","434434","predicted gene 5621","Up_in_Female"
"ENSMUSG00000020871",8.98989739914417,2.55736312699477,0.760736607944059,3.36169325925594,0.000774661260148898,0.00613042378311065,"Dlx4","13394","distal-less homeobox 4","Up_in_Female"
"ENSMUSG00000074158",143.176680650221,0.816581829787663,0.242964260512881,3.36091336258227,0.000776851892781845,0.00614173549335025,"Zfp976","208111","zinc finger protein 976","Up_in_Female"
"ENSMUSG00000081769",45.1940939978824,1.12769367326897,0.3357911962958,3.35831816232485,0.000784182962642098,0.00618756786561999,"Carinh","622459","colitis associated IRF1 antisense regulator of intestinal homeostasis","Up_in_Female"
"ENSMUSG00000053063",417.360439190842,-0.77547644204628,0.230936391580152,-3.35796552782429,0.000785184045714325,0.00619243878868346,"Clec12a","232413","C-type lectin domain family 12, member a","Up_in_Male"
"ENSMUSG00000039155",35.0184108107336,1.6403753241934,0.488607781157504,3.35724355495809,0.000787237333485026,0.00620559922477498,"Cdh26","381409","cadherin-like 26","Up_in_Female"
"ENSMUSG00000037347",97.2942143572453,-0.862751304212498,0.257050527984697,-3.35634908426977,0.000789788116451194,0.00622266652688304,"Chst7","60322","carbohydrate sulfotransferase 7","Up_in_Male"
"ENSMUSG00000041849",221.500687363328,0.651157723748783,0.194028311104961,3.35599336014699,0.000790804673585599,0.00622763504781709,"Card6","239319","caspase recruitment domain family, member 6","Up_in_Female"
"ENSMUSG00000112854",19.6073925457202,-1.86910805243719,0.557010818237119,-3.35560457937375,0.000791917085961905,0.00623031404148284,"Gm38403","216377","predicted gene, 38403","Up_in_Male"
"ENSMUSG00000107962",38.702140519,1.34713339290551,0.401762491852456,3.35305913375366,0.000799236288088606,0.00628177142941926,NA,NA,NA,"Up_in_Female"
"ENSMUSG00000013495",254.746803436459,0.602435214895721,0.179938477122966,3.3480066327561,0.000813950633116366,0.00636949923179713,"Tmem175","72392","transmembrane protein 175","Up_in_Female"
"ENSMUSG00000028518",75.5734896801774,-1.31279107836026,0.392388506589631,-3.34564100709811,0.000820926063293695,0.00641475203743683,"Prkaa2","108079","protein kinase, AMP-activated, alpha 2 catalytic subunit","Up_in_Male"
"ENSMUSG00000046191",80.7981170188536,0.890815914895935,0.266275955961203,3.34546133420221,0.00082145811760605,0.00641580260682053,"Pcdhb20","93891","protocadherin beta 20","Up_in_Female"
"ENSMUSG00000028972",12.3015616436372,-2.47828950281078,0.740916120632413,-3.34489888098996,0.000823125744773006,0.00642571698967452,"Car6","12353","carbonic anhydrase 6","Up_in_Male"
"ENSMUSG00000000204",366.621742917518,-0.778631461188992,0.233135205943305,-3.33982788244494,0.000838303275411546,0.00652525887700951,"Slfn4","20558","schlafen 4","Up_in_Male"
"ENSMUSG00000060260",164.86574236438,0.666263001155225,0.199730929229224,3.33580284098402,0.000850534600474549,0.00660771608726881,"Pwwp2b","101631","PWWP domain containing 2B","Up_in_Female"
"ENSMUSG00000062300",548.879211956168,-0.709166952660756,0.213116390005986,-3.32760400380674,0.000875962849051529,0.00678240716520896,"Nectin2","19294","nectin cell adhesion molecule 2","Up_in_Male"
"ENSMUSG00000070527",28.1699925497765,1.49737480532666,0.450332063305924,3.32504595461028,0.000884039624155932,0.00683838129212853,"Mkrn3","22652","makorin, ring finger protein, 3","Up_in_Female"
"ENSMUSG00000060487",129.904107724464,0.95859842722648,0.288861770045113,3.3185368457611,0.000904903831935884,0.00697303162947346,"Samd5","320825","sterile alpha motif domain containing 5","Up_in_Female"
"ENSMUSG00000056055",24.9815659813788,1.64501138289887,0.495942026596851,3.31694289791677,0.000910082147988122,0.00700629354887533,"Sag","20215","S-antigen, retina and pineal gland (arrestin)","Up_in_Female"
"ENSMUSG00000072640",157.882363754971,0.622891788470078,0.187791042965981,3.31694088616845,0.000910088700944638,0.00700629354887533,"Lyrm9","66274","LYR motif containing 9","Up_in_Female"
"ENSMUSG00000118164",19.0219913741775,1.68798641670422,0.50906091374398,3.31588297418009,0.000913540748296875,0.00702616468756834,NA,NA,NA,"Up_in_Female"
"ENSMUSG00000024793",26.7989373053773,-2.13681856176487,0.644469470005126,-3.31562418580957,0.000914387039640452,0.00702824606513358,"Tnfrsf25","85030","tumor necrosis factor receptor superfamily, member 25","Up_in_Male"
"ENSMUSG00000020027",148.169343451064,-0.794099012023809,0.239543666043377,-3.31504908954684,0.000916270324870704,0.00703709565069665,"Socs2","216233","suppressor of cytokine signaling 2","Up_in_Male"
"ENSMUSG00000072421",41.4494506608615,-1.53632042772623,0.463613703384307,-3.31379425696725,0.000920392047658569,0.00706202856919575,NA,NA,NA,"Up_in_Male"
"ENSMUSG00000044349",12.5691452065074,-2.38306865727313,0.720787897607577,-3.30619959794408,0.000945706950405519,0.00722695748068161,"Snhg11","319317","small nucleolar RNA host gene 11","Up_in_Male"
"ENSMUSG00000063972",81.8286082743392,-0.812231184908566,0.245886910957465,-3.30327133618377,0.00095563871542553,0.0072908682326744,"Nr6a1","14536","nuclear receptor subfamily 6, group A, member 1","Up_in_Male"
"ENSMUSG00000038879",17.1119672966864,-2.16262001805969,0.654801555790959,-3.30271056770379,0.000957551657273333,0.00730201018041706,"Nipal2","223473","NIPA-like domain containing 2","Up_in_Male"
"ENSMUSG00000047281",201.789471657911,0.754602268361735,0.228573849900261,3.30134995184711,0.000962207859788744,0.00733058830290424,"Sfn","55948","stratifin","Up_in_Female"
"ENSMUSG00000073433",165.098379998008,-0.734702389832226,0.222607632508701,-3.30043665418125,0.000965345034276993,0.00734755069485546,"Arhgdig","14570","Rho GDP dissociation inhibitor gamma","Up_in_Male"
"ENSMUSG00000038903",60.9162335360051,-1.07074767654688,0.324807110426208,-3.29656476775357,0.00097875044572793,0.00743555423364683,"Ccdc68","381175","coiled-coil domain containing 68","Up_in_Male"
"ENSMUSG00000038578",48.5267048869046,-1.23504957894771,0.374854171530486,-3.294746791546,0.000985104008257695,0.00747678188017223,"Susd1","634731","sushi domain containing 1","Up_in_Male"
"ENSMUSG00000051000",136.83404144526,-0.687605300302916,0.209131129171321,-3.28791463531776,0.00100932438858963,0.00763905175153954,"Fhip1a","229488","FHF complex subunit HOOK interacting protein 1A","Up_in_Male"
"ENSMUSG00000082229",62.4205970246793,1.12945794187481,0.343603166407441,3.28709992309998,0.00101224908828465,0.00765759554081625,"Nap1l2","17954","nucleosome assembly protein 1-like 2","Up_in_Female"
"ENSMUSG00000030218",10617.360722299,0.600780293849236,0.182814840902801,3.28627747551776,0.00101520951189983,0.00766561566870176,"Mgp","17313","matrix Gla protein","Up_in_Female"
"ENSMUSG00000029720",28.4387634993269,-1.50324488791791,0.457782844679456,-3.28375103040504,0.00102435371767596,0.00773104377381635,NA,NA,NA,"Up_in_Male"
"ENSMUSG00000112148",287.915673306148,-0.685080548392843,0.208652318729476,-3.2833593825577,0.00102577805176744,0.00773817421380056,"Lilrb4a","14728","leukocyte immunoglobulin-like receptor, subfamily B, member 4A","Up_in_Male"
"ENSMUSG00000022667",90.121635606946,-1.01155697401241,0.308123852873837,-3.28295574840355,0.00102724789510573,0.00774197465447298,"Cd200r1","57781","CD200 receptor 1","Up_in_Male"
"ENSMUSG00000098134",189.281717688659,-0.643451609721105,0.19600519973788,-3.28282928504755,0.0010277088152868,0.00774197465447298,"Rnf113a2","66381","ring finger protein 113A2","Up_in_Male"
"ENSMUSG00000020042",336.713282875311,0.673352850788061,0.205360119746567,3.27888808995165,0.0010421695551725,0.00783253280962434,"Abtb3","74007","ankyrin repeat and BTB domain containing 3","Up_in_Female"
"ENSMUSG00000027219",86.6886085164443,-1.0522469919539,0.321229286661238,-3.27568822535032,0.00105404850301615,0.0079181222740543,"Slc28a2","269346","solute carrier family 28 (sodium-coupled nucleoside transporter), member 2","Up_in_Male"
"ENSMUSG00000030474",246.609012162657,-0.637076655077669,0.194704794468351,-3.2720131870262,0.00106784595219391,0.0079920047702231,"Siglece","83382","sialic acid binding Ig-like lectin E","Up_in_Male"
"ENSMUSG00000038349",169.177108544753,-0.633565394783183,0.193781453155786,-3.2694841764544,0.00107743763347033,0.00805631772644915,"Plcl1","227120","phospholipase C-like 1","Up_in_Male"
"ENSMUSG00000117468",18.5758974387257,1.75750095163471,0.538766093045021,3.2620852988383,0.00110595859506494,0.00823523206735939,"Gm7059","631266","predicted gene 7059","Up_in_Female"
"ENSMUSG00000057457",69.5235771048394,1.13427669185632,0.348136364755523,3.2581390704555,0.00112145432857346,0.0083382369577395,"Phex","18675","phosphate regulating endopeptidase homolog, X-linked","Up_in_Female"
"ENSMUSG00000073910",112.026052362214,0.701791448244139,0.215478333049954,3.25690030320331,0.001126359862887,0.00836398653821661,"Mob3b","214944","MOB kinase activator 3B","Up_in_Female"
"ENSMUSG00000057440",192.531851039459,0.600369372525908,0.184491649683459,3.25418182099836,0.00113719470204391,0.00843280041920064,"Mpp7","75739","membrane protein, palmitoylated 7 (MAGUK p55 subfamily member 7)","Up_in_Female"
"ENSMUSG00000028681",10.5660832825155,2.69987261047712,0.829839238802766,3.25348872918122,0.0011399724744764,0.00844951577774518,"Ptch2","19207","patched 2","Up_in_Female"
"ENSMUSG00000081434",111.114459678937,0.729280915606758,0.224430124054103,3.24947873499794,0.00115616722099102,0.00855867820038673,"Gm14165","628060","ribosomal protein, large, P0 pseudogene","Up_in_Female"
"ENSMUSG00000107476",271.711784560071,0.719152911669447,0.221351125813266,3.24892366834462,0.0011584255897129,0.00856661563501712,NA,NA,NA,"Up_in_Female"
"ENSMUSG00000031901",143.241695182364,0.643457529957766,0.198229751646757,3.24601894827775,0.00117031049766997,0.00863096562363101,"Dus2","66369","dihydrouridine synthase 2","Up_in_Female"
"ENSMUSG00000103206",36.476006160953,1.58437600392146,0.488191339416477,3.24539965378171,0.0011728589220725,0.00864561515146728,NA,NA,NA,"Up_in_Female"
"ENSMUSG00000063234",27.2944999825009,-1.6201290172482,0.499293376373298,-3.24484380108601,0.00117515064654855,0.00865460101903581,"Gpr84","80910","G protein-coupled receptor 84","Up_in_Male"
"ENSMUSG00000086370",222.035045082444,0.705412743822057,0.21741303853564,3.24457423792649,0.00117626351746397,0.00865884494425119,"Ftx","78878","Ftx transcript, Xist regulator, non-protein coding","Up_in_Female"
"ENSMUSG00000044162",55.8620091497646,-1.08846606991055,0.335592242874546,-3.24341844312966,0.00118104617599935,0.00868612629714017,"Tnip3","414084","TNFAIP3 interacting protein 3","Up_in_Male"
"ENSMUSG00000034121",42.4919626077287,-1.2768895878404,0.393849983866413,-3.24207094108578,0.00118664479868076,0.00871935358447757,"Mks1","380718","MKS transition zone complex subunit 1","Up_in_Male"
"ENSMUSG00000022206",74.6808599754386,1.25888730063583,0.38833571727665,3.2417499720712,0.00118798197688331,0.00872520581656308,"Npr3","18162","natriuretic peptide receptor 3","Up_in_Female"
"ENSMUSG00000059013",303.04075349111,-0.76349470068579,0.235608924559478,-3.24051689516138,0.00119313201522514,0.00875904376600219,"Sh2d3c","27387","SH2 domain containing 3C","Up_in_Male"
"ENSMUSG00000042473",739.575633503722,0.591241860289914,0.182598869501907,3.23792727689225,0.00120401496360894,0.00883090247854264,"Tbc1d8b","245638","TBC1 domain family, member 8B","Up_in_Female"
"ENSMUSG00000044026",262.285511262369,0.758612714121652,0.234365597984583,3.23687742845072,0.00120845304949853,0.00884716841567089,"Slc35g1","240660","solute carrier family 35, member G1","Up_in_Female"
"ENSMUSG00000024273",220.323805649936,-0.619474213345892,0.191367033428196,-3.23709994479446,0.00120751113300635,0.00884716841567089,"2700062C07Rik","68046","RIKEN cDNA 2700062C07 gene","Up_in_Male"
"ENSMUSG00000006930",45.3944256843457,1.23002399668299,0.380185164806955,3.23532875699543,0.00121502743226171,0.00888340853963523,"Hap1","15114","huntingtin-associated protein 1","Up_in_Female"
"ENSMUSG00000085492",74.5130753310613,0.827764834629205,0.255892800537224,3.23481095556962,0.00121723294956598,0.00889147617663947,"Spdyaos","68789","speedy/RINGO cell cycle regulator family member A, opposite strand","Up_in_Female"
"ENSMUSG00000051977",104.117565869911,-0.7083991460533,0.21905009601858,-3.2339595322214,0.00122086753282089,0.00890593061012559,"Prdm9","213389","PR domain containing 9","Up_in_Male"
"ENSMUSG00000066057",208.6624874032,0.585866636034517,0.181154535165407,3.23407104050461,0.00122039095292945,0.00890593061012559,"Gm1976","100038746","predicted gene 1976","Up_in_Female"
"ENSMUSG00000117962",62.4709432731464,1.1449558665362,0.354263453943159,3.23193333603051,0.00122955737221956,0.00895313075728107,NA,NA,NA,"Up_in_Female"
"ENSMUSG00000029254",78.1150588630358,-0.965402310686841,0.298861934041112,-3.23026187254091,0.00123676881287433,0.00899346623007669,"Stap1","56792","signal transducing adaptor family member 1","Up_in_Male"
"ENSMUSG00000096914",26.443116754083,-1.4337163547262,0.443956733374617,-3.22940558605382,0.00124047832726994,0.0090126089235342,"Galntl6","270049","UDP-N-acetyl-alpha-D-galactosamine:polypeptide N-acetylgalactosaminyltransferase-like 6","Up_in_Male"
"ENSMUSG00000057880",61.3491892814157,-0.998887811399137,0.30946159430305,-3.22782480859626,0.00124735340980868,0.00905818839814263,"Abat","268860","4-aminobutyrate aminotransferase","Up_in_Male"
"ENSMUSG00000051098",125.35300999303,0.628234173472891,0.194851152114611,3.22417479524762,0.00126336259468049,0.00915384769993911,"Mblac2","72852","metallo-beta-lactamase domain containing 2","Up_in_Female"
"ENSMUSG00000112550",431.899187835337,0.595877005049377,0.184835036496787,3.22383145719093,0.00126487821705729,0.0091607158484903,"Gm6627","625811","Ewing sarcoma breakpoint region 1 pseudogene","Up_in_Female"
"ENSMUSG00000117877",78.117272213367,1.20744720678706,0.374712638178453,3.22232848258517,0.00127153268685401,0.00919652686466889,"Gm8184","666601","calpastatin pseudogene","Up_in_Female"
"ENSMUSG00000010154",198.711610486166,0.71153532232929,0.221143052506852,3.21753414481445,0.00129297636027317,0.00932237111231812,"Spire2","234857","spire type actin nucleation factor 2","Up_in_Female"
"ENSMUSG00000042476",50.7646457937663,-1.12870645955801,0.351254231897835,-3.21336045820596,0.00131191529335024,0.00944296482644439,"Abcb4","18670","ATP-binding cassette, sub-family B member 4","Up_in_Male"
"ENSMUSG00000040537",63.0160886550063,-1.11914342870065,0.348281241805995,-3.21333248640491,0.00131204308012446,0.00944296482644439,"Adam22","11496","a disintegrin and metallopeptidase domain 22","Up_in_Male"
"ENSMUSG00000029669",119.810649745614,-0.810476384494804,0.252410088594326,-3.21095083405086,0.00132296567555726,0.00951309008056682,"Tspan12","269831","tetraspanin 12","Up_in_Male"
"ENSMUSG00000045136",470.948386013342,-0.622553790175948,0.193957836886263,-3.20973774594637,0.00132856126410334,0.00954907107241494,"Tubb2b","73710","tubulin, beta 2B class IIB","Up_in_Male"
"ENSMUSG00000102692",11.0648673012506,-2.34288209958838,0.730062802714032,-3.20915144680518,0.00133127349528696,0.00956004856250575,"Dchs2","100534287","dachsous cadherin related 2","Up_in_Male"
"ENSMUSG00000001741",325.483675823656,-0.598372549409952,0.186454601796997,-3.20921309339113,0.00133098807683479,0.00956004856250575,"Il16","16170","interleukin 16","Up_in_Male"
"ENSMUSG00000042684",339.213341119005,-0.643529688558993,0.200593541604303,-3.20812765661439,0.00133602182093004,0.0095898790491669,"Npl","74091","N-acetylneuraminate pyruvate lyase","Up_in_Male"
"ENSMUSG00000054690",651.510902267571,-0.586015155720858,0.182945172373863,-3.20322831215951,0.00135896197770294,0.00974154174687457,"Emcn","59308","endomucin","Up_in_Male"
"ENSMUSG00000086413",34.4873807911446,-1.27616205428201,0.398471942495428,-3.20263967969752,0.00136174244130004,0.00975713855808944,NA,NA,NA,"Up_in_Male"
"ENSMUSG00000034881",22.3649374121348,-1.48864973530327,0.465400494421211,-3.19864235888836,0.00138076342837799,0.00987588593985253,"Tbxa2r","21390","thromboxane A2 receptor","Up_in_Male"
"ENSMUSG00000074243",67.0267873686458,1.22061897566541,0.38168305305599,3.19799101870619,0.00138388590366519,0.00988945214417247,NA,NA,NA,"Up_in_Female"
"ENSMUSG00000022217",90.0981759399567,-0.823824510548683,0.257674167064794,-3.19715600493831,0.00138789842155426,0.00990496635568314,"Emc9","85308","ER membrane protein complex subunit 9","Up_in_Male"
"ENSMUSG00000029314",126.754985204169,-0.746784701704146,0.233602084707712,-3.19682378964442,0.00138949780742116,0.00991199673764275,"Gpat3","231510","glycerol-3-phosphate acyltransferase 3","Up_in_Male"
"ENSMUSG00000033578",9.36496033707501,-3.23045289973783,1.0106666873872,-3.1963583444996,0.00139174146134728,0.0099194305282813,"Tmem35a","67564","transmembrane protein 35A","Up_in_Male"
"ENSMUSG00000059149",109.03592347222,1.20646643031695,0.377450987883517,3.19635255714119,0.00139176938002162,0.0099194305282813,"Mfsd4a","213006","major facilitator superfamily domain containing 4A","Up_in_Female"
"ENSMUSG00000084911",75.0107727452152,0.830500324380745,0.26010167121624,3.19298342258744,0.00140811030016285,0.0100181956805237,NA,NA,NA,"Up_in_Female"
"ENSMUSG00000043153",81.3773671649074,0.845725435587047,0.265154945823732,3.18955180322853,0.001424935978807,0.0101200558776539,"Crppa","75847","CDP-L-ribitol pyrophosphorylase A","Up_in_Female"
"ENSMUSG00000061100",22.7957148873505,-2.67911806415436,0.840719187326795,-3.18669789454081,0.00143907002533737,0.0102037667779985,"Retnla","57262","resistin like alpha","Up_in_Male"
"ENSMUSG00000073565",59.2859245069335,-0.980706284058649,0.307933591491135,-3.18479799267656,0.00144855086189352,0.010260674586266,"Prr16","71373","proline rich 16","Up_in_Male"
"ENSMUSG00000030094",283.17693712995,0.633510692758706,0.198945205944074,3.18434761849348,0.00145080673143089,0.0102631378423362,"Xpc","22591","xeroderma pigmentosum, complementation group C","Up_in_Female"
"ENSMUSG00000094796",57.0837645425502,-1.12256306788297,0.352605888486543,-3.18361974243039,0.00145445942040297,0.0102754628754914,"Tcstv4","625360","Tcstv family member 4","Up_in_Male"
"ENSMUSG00000024521",278.212714313175,-0.637264887745498,0.200159925218236,-3.18377860628537,0.00145366147410697,0.0102754628754914,"Pmaip1","58801","phorbol-12-myristate-13-acetate-induced protein 1","Up_in_Male"
"ENSMUSG00000031828",91.9389523452346,-0.799067022612323,0.251118326804997,-3.18203387534048,0.0014624471211582,0.0103228550949294,"Klhl36","234796","kelch-like 36","Up_in_Male"
"ENSMUSG00000091475",22.6019693341269,-1.68206809973141,0.528690307844184,-3.18157544175587,0.00146476368205136,0.0103256560828225,"Cerox1","72834","cytoplasmic endogenous regulator of oxidative phosphorylation 1","Up_in_Male"
"ENSMUSG00000034275",44.1986454601044,-1.23180021094856,0.387187305172063,-3.18140650402046,0.00146561821217035,0.0103271683282012,"Igsf9b","235086","immunoglobulin superfamily, member 9B","Up_in_Male"
"ENSMUSG00000074412",9.66714640620859,2.41529675314365,0.759396932986716,3.18054583608109,0.0014699788266933,0.0103488561725668,"Gm10689","100113396","predicted gene 10689","Up_in_Female"
"ENSMUSG00000061751",263.282360066976,0.698798460401242,0.219725070820704,3.18033102818504,0.00147106902376164,0.0103520147263052,"Kalrn","545156","kalirin, RhoGEF kinase","Up_in_Female"
"ENSMUSG00000082193",15.340101199277,1.75724896351874,0.553120584531913,3.17697263971081,0.00148821075137081,0.0104407689930954,"Rpl5-ps1","665407","ribosomal protein L5, pseudogene 1","Up_in_Female"
"ENSMUSG00000063296",91.9883740493047,0.864063392613013,0.272325910524121,3.17290187683585,0.00150923522813854,0.0105653013627954,"Tmem117","320709","transmembrane protein 117","Up_in_Female"
"ENSMUSG00000084331",14.2123743697435,-2.1384816538973,0.67401713615022,-3.17274077942833,0.00151007285735802,0.0105665809307585,"Gm8163","666559","farnesyl diphosphate synthetase pseudogene","Up_in_Male"
"ENSMUSG00000051498",94.2176520482114,-0.738563822331276,0.232840667421093,-3.17197090401559,0.00151408175691139,0.0105900404115831,"Tlr6","21899","toll-like receptor 6","Up_in_Male"
"ENSMUSG00000022220",199.960241071902,-0.583035458188501,0.183826209850805,-3.17166664460796,0.00151566879932343,0.0105954554427866,"Adcy4","104110","adenylate cyclase 4","Up_in_Male"
"ENSMUSG00000111356",88.4775136894742,0.916768958684431,0.289116927363634,3.17092799458045,0.00151952803727318,0.0106097379530247,"Rpl32l","621697","ribosomal protein L32-like","Up_in_Female"
"ENSMUSG00000082423",16.043141608862,1.71372278351315,0.541020373262934,3.16757532286181,0.00153715884269229,0.0107137723029137,NA,NA,NA,"Up_in_Female"
"ENSMUSG00000001023",39.8999369211448,-1.15209073846277,0.36398195332283,-3.16524137514294,0.00154954347275254,0.0107819894248965,"S100a5","20199","S100 calcium binding protein A5","Up_in_Male"
"ENSMUSG00000044562",219.72695906789,-0.656419476874903,0.207434549540599,-3.16446550648704,0.00155368077303973,0.0108061176524867,"Rasip1","69903","Ras interacting protein 1","Up_in_Male"
"ENSMUSG00000022878",47.0062235898151,-4.25839665450792,1.34579574614875,-3.16422210925701,0.00155498077737922,0.0108104997086562,"Adipoq","11450","adiponectin, C1Q and collagen domain containing","Up_in_Male"
"ENSMUSG00000027347",77.8057028774497,-0.856122367198654,0.270656845622006,-3.16312844491766,0.00156083449870584,0.0108465225973805,"Rasgrp1","19419","RAS guanyl releasing protein 1","Up_in_Male"
"ENSMUSG00000020607",86.9799429123547,-1.12827656636227,0.356759940684139,-3.1625651809411,0.00156385721897849,0.0108628498000159,"Lratd1","105005","LRAT domain containing 1","Up_in_Male"
"ENSMUSG00000023945",53.7282707427096,1.39036409992622,0.439952782804403,3.16025754187434,0.0015762973793262,0.0109398428012075,"Slc5a7","63993","solute carrier family 5 (choline transporter), member 7","Up_in_Female"
"ENSMUSG00000116757",200.780733999254,0.71801251162232,0.227481558746252,3.15635480774614,0.00159754400394409,0.011068256783015,NA,NA,NA,"Up_in_Female"
"ENSMUSG00000032572",273.016953571657,0.741064984046088,0.234970511551374,3.15386377274862,0.00161124278987418,0.0111399839534145,"Col6a4","68553","collagen, type VI, alpha 4","Up_in_Female"
"ENSMUSG00000021185",163.768784060418,-0.690215005093161,0.218839290482715,-3.15398118669955,0.00161059468264469,0.0111399839534145,"Dglucy","217830","D-glutamate cyclase","Up_in_Male"
"ENSMUSG00000020178",70.5444244619748,-0.842718201454119,0.267707045351542,-3.14791192868121,0.00164441229983407,0.0113491175663484,"Adora2a","11540","adenosine A2a receptor","Up_in_Male"
"ENSMUSG00000025784",23.9581751591998,-2.56098105486563,0.813808329389416,-3.14690936720577,0.00165006100082936,0.0113832339928955,"Clec3b","21922","C-type lectin domain family 3, member b","Up_in_Male"
"ENSMUSG00000025902",139.663878929262,-0.796309214922258,0.253133575985896,-3.14580636654312,0.00165629622670359,0.0114145129540436,"Sox17","20671","SRY (sex determining region Y)-box 17","Up_in_Male"
"ENSMUSG00000055675",231.182477456285,-0.743665956319388,0.236404738111927,-3.14573202829503,0.0016567172371325,0.0114145129540436,"Kbtbd11","74901","kelch repeat and BTB (POZ) domain containing 11","Up_in_Male"
"ENSMUSG00000100164",82.4578217175285,0.848742120400924,0.269912803942804,3.1445048475017,0.00166368155030279,0.0114576037113469,"2610306M01Rik","67170","RIKEN cDNA 2610306M01 gene","Up_in_Female"
"ENSMUSG00000096842",1790.1091211912,0.962346925677869,0.306111658360018,3.14377744001521,0.00166782232916842,0.011476324564376,NA,NA,NA,"Up_in_Female"
"ENSMUSG00000040875",56.3713536979025,-1.01517822896764,0.323000805686469,-3.14295881340017,0.0016724937131414,0.0114937642909922,"Osbpl10","74486","oxysterol binding protein-like 10","Up_in_Male"
"ENSMUSG00000032537",67.399978798826,-0.965572300151761,0.307285797959199,-3.14226139497657,0.00167648293123515,0.0115162744054535,"Ephb1","270190","Eph receptor B1","Up_in_Male"
"ENSMUSG00000027386",71.1045769964513,-0.971479665779375,0.30934644305135,-3.14042617137225,0.00168702223113863,0.0115738906129476,"Fbln7","70370","fibulin 7","Up_in_Male"
"ENSMUSG00000059852",24.6715852860339,-1.55096933294116,0.493945969621308,-3.13995746160301,0.00168972368515945,0.0115874974006515,"Kcng2","240444","potassium voltage-gated channel, subfamily G, member 2","Up_in_Male"
"ENSMUSG00000031662",239.204197848491,-0.615637211727247,0.196137596764075,-3.13880266651666,0.00169639644630358,0.0116184435728161,"Snx20","71607","sorting nexin 20","Up_in_Male"
"ENSMUSG00000023032",69.2098633196773,-0.929953729083914,0.296554352843439,-3.13586268475671,0.00171349411857005,0.0117255899479416,"Slc4a8","59033","solute carrier family 4 (anion exchanger), member 8","Up_in_Male"
"ENSMUSG00000021069",178.273871622811,-0.720278707139625,0.229712865356436,-3.13556102320172,0.00171525738845654,0.0117326804663564,"Pygl","110095","liver glycogen phosphorylase","Up_in_Male"
"ENSMUSG00000041992",233.088120422961,-0.696250682306999,0.222180674910683,-3.13371395863702,0.00172609027695728,0.0117967779368838,"Rapgef5","217944","Rap guanine nucleotide exchange factor (GEF) 5","Up_in_Male"
"ENSMUSG00000047022",263.788767356403,0.614552789963183,0.196353286157684,3.12983195743238,0.00174906327025849,0.0119184480274033,"Mipol1","73490","mirror-image polydactyly 1","Up_in_Female"
"ENSMUSG00000028005",47.7260696550343,-1.26406969079151,0.404018261455523,-3.12874394894318,0.00175555216207717,0.0119576148954315,"Gucy1b1","54195","guanylate cyclase 1, soluble, beta 1","Up_in_Male"
"ENSMUSG00000043017",88.1877750444904,-0.947934994551892,0.303065270102831,-3.12782455815625,0.00176105266227893,0.0119870581509746,"Ptgir","19222","prostaglandin I receptor (IP)","Up_in_Male"
"ENSMUSG00000044566",53.8880050070175,1.19385242927641,0.382343434900374,3.12246090896654,0.00179345920844455,0.0121644631305007,"Cage1","71213","cancer antigen 1","Up_in_Female"
"ENSMUSG00000014846",269.597124406882,0.616740933335694,0.19762213212458,3.12080902429949,0.00180354955667947,0.0122174960732913,"Tppp3","67971","tubulin polymerization-promoting protein family member 3","Up_in_Female"
"ENSMUSG00000030187",289.757345866632,-0.859596704416722,0.275517844664372,-3.11993114443769,0.00180893319249892,0.0122428392066687,"Klra2","16633","killer cell lectin-like receptor, subfamily A, member 2","Up_in_Male"
"ENSMUSG00000081992",37.5340183811568,1.24559720242809,0.399298750773496,3.11946180651756,0.0018118174822965,0.0122529282876515,"Gm13408","623448","ribosomal protein S3A pseudogene","Up_in_Female"
"ENSMUSG00000004296",21.4801387053201,-1.8921446160402,0.607435964263559,-3.11496968793113,0.0018396381360104,0.0124098666231872,"Il12b","16160","interleukin 12b","Up_in_Male"
"ENSMUSG00000001098",1167.90697345343,0.582353661740821,0.186984530275276,3.11444834972972,0.00184289218993366,0.0124266228068406,"Kctd10","330171","potassium channel tetramerisation domain containing 10","Up_in_Female"
"ENSMUSG00000021469",17.7799527698747,-1.9099292613395,0.614069572024997,-3.11028155171601,0.00186909090315247,0.0125717594052807,"Msx2","17702","msh homeobox 2","Up_in_Male"
"ENSMUSG00000028246",182.632302544739,0.66216829202597,0.212940938046173,3.10963358244617,0.001873195608809,0.0125941184765592,"Faxc","76132","failed axon connections homolog","Up_in_Female"
"ENSMUSG00000091997",21.4921550790684,-1.66703707887273,0.536236213997961,-3.1087737742365,0.00187865503947118,0.0126148460999476,NA,NA,NA,"Up_in_Male"
"ENSMUSG00000035759",89.4958402759004,-0.741983114075397,0.238682947630407,-3.10865573532439,0.00187940567825199,0.0126148460999476,"Bbs10","71769","Bardet-Biedl syndrome 10","Up_in_Male"
"ENSMUSG00000021194",197.418124934903,-1.53197125139987,0.493283337030095,-3.10566187097133,0.00189853675797497,0.0127168074415459,"Chga","12652","chromogranin A","Up_in_Male"
"ENSMUSG00000015342",159.450177502389,0.648800341578472,0.209104652140247,3.10275421870251,0.00191728798423539,0.0128211184888613,"Xk","22439","X-linked Kx blood group","Up_in_Female"
"ENSMUSG00000030147",9.87218882667916,-2.72738215937927,0.879146731320797,-3.10230597716237,0.00192019374272589,0.0128299156242754,"Clec4b1","69810","C-type lectin domain family 4, member b1","Up_in_Male"
"ENSMUSG00000062345",7.93963708244515,3.71506637646357,1.197956062245,3.1011708138122,0.00192757061998629,0.0128632256096356,"Serpinb2","18788","serine (or cysteine) peptidase inhibitor, clade B, member 2","Up_in_Female"
"ENSMUSG00000075334",68.5764055551716,-1.02782695417218,0.331685545396033,-3.09879935510893,0.00194306562065421,0.0129505604522413,"Rprm","67874","reprimo, TP53 dependent G2 arrest mediator candidate","Up_in_Male"
"ENSMUSG00000019817",653.28074619046,-1.22326162034647,0.395033767999316,-3.09660013760794,0.00195753732639677,0.0130201246078888,"Plagl1","22634","pleiomorphic adenoma gene-like 1","Up_in_Male"
"ENSMUSG00000027840",32.0331119156119,-1.47574755518052,0.476728004448121,-3.09557555128087,0.00196431323371566,0.0130598097813086,"Wnt2b","22414","wingless-type MMTV integration site family, member 2B","Up_in_Male"
"ENSMUSG00000069170",38.7874049701648,-1.24818765870895,0.403380959631897,-3.09431476351283,0.00197268076145488,0.0130938612780074,"Adgrv1","110789","adhesion G protein-coupled receptor V1","Up_in_Male"
"ENSMUSG00000064262",179.202249502395,-0.702491266544147,0.227024662379023,-3.09433899904373,0.00197251960844625,0.0130938612780074,"Gimap8","243374","GTPase, IMAP family member 8","Up_in_Male"
"ENSMUSG00000080848",6026.16270804936,-0.590832788260373,0.190992698286887,-3.09348364392911,0.00197821457086287,0.0131197987322003,NA,NA,NA,"Up_in_Male"
"ENSMUSG00000001348",1771.52068195152,-1.82518829585869,0.590181141713668,-3.0925899979776,0.00198418059190966,0.0131506393771886,"Acp5","11433","acid phosphatase 5, tartrate resistant","Up_in_Male"
"ENSMUSG00000057346",251.916307275517,0.623549130750139,0.201629897535104,3.09254301258363,0.00198449472505294,0.0131506393771886,"Apol9a","223672","apolipoprotein L 9a","Up_in_Female"
"ENSMUSG00000045107",128.250281577,-0.631858534086581,0.204462904283259,-3.09033336047705,0.00199931958832283,0.013227150831151,"Saysd1","67509","SAYSVFN motif domain containing 1","Up_in_Male"
"ENSMUSG00000105081",177.871354383375,0.58400256231929,0.189202876285236,3.08664737970932,0.00202427570672442,0.013364857939323,NA,NA,NA,"Up_in_Female"
"ENSMUSG00000045555",89.7219559185317,0.726194042307203,0.235321906672975,3.08596021753465,0.00202895966516408,0.0133793596882254,"Mettl24","327747","methyltransferase like 24","Up_in_Female"
"ENSMUSG00000073234",107.001968215332,-0.834600134332049,0.270582470066102,-3.08445751910004,0.0020392373014014,0.0134306665695563,"Fam237b","667705","family with sequence similarity 237, member B","Up_in_Male"
"ENSMUSG00000088609",838.705258457209,1.19232994854571,0.387265746910038,3.07884174642145,0.00207807036545211,0.0136529899906088,NA,NA,NA,"Up_in_Female"
"ENSMUSG00000076614",57.2627122486536,-5.920482051796,1.92350991674261,-3.07795764412908,0.00208424536835598,0.0136794459778528,NA,NA,NA,"Up_in_Male"
"ENSMUSG00000003123",149.55202292661,-0.807583605037522,0.262483226592519,-3.07670556904278,0.00209301927195104,0.0137178904308504,"Lipe","16890","lipase, hormone sensitive","Up_in_Male"
"ENSMUSG00000020135",113.691856074757,-0.746293008605266,0.242553773781674,-3.07681466657787,0.00209225342693628,0.0137178904308504,"Apc2","23805","APC regulator of WNT signaling pathway 2","Up_in_Male"
"ENSMUSG00000033597",30.3682604831356,-1.21934397492317,0.396393210921385,-3.07609702015053,0.00209729589449692,0.0137289925166744,"Caskin1","268932","CASK interacting protein 1","Up_in_Male"
"ENSMUSG00000044330",313.600228807726,-0.752332885570321,0.244630358093128,-3.07538643786769,0.00210229970630786,0.0137561670969114,NA,NA,NA,"Up_in_Male"
"ENSMUSG00000005202",23.8913778972903,1.39233432193277,0.453754008848217,3.06847828290705,0.00215151965885928,0.0140270388748902,"Shbg","20415","sex hormone binding globulin","Up_in_Female"
"ENSMUSG00000095762",545.783771844625,-0.624705433251445,0.203715429188775,-3.06655924756959,0.00216537889889245,0.0141116938257385,NA,NA,NA,"Up_in_Male"
"ENSMUSG00000027694",282.528971498681,0.778608939256173,0.253935115887547,3.0661727762023,0.00216817987011839,0.0141242431910498,NA,NA,NA,"Up_in_Female"
"ENSMUSG00000034656",202.70577861145,0.673394227119918,0.219848368469829,3.06299397083009,0.00219134474899165,0.0142578785765037,"Cacna1a","12286","calcium channel, voltage-dependent, P/Q type, alpha 1A subunit","Up_in_Female"
"ENSMUSG00000051515",9.80889583932811,-2.31565841609031,0.756293683672514,-3.06185079431792,0.00219973071637779,0.0143066726479129,"Fam181b","58238","family with sequence similarity 181, member B","Up_in_Male"
"ENSMUSG00000031937",44.1872334025768,-1.06936651557701,0.349647283561631,-3.05841505383387,0.00222511153602054,0.0144542672082236,"Vstm5","69137","V-set and transmembrane domain containing 5","Up_in_Male"
"ENSMUSG00000032093",24.7530800676541,-1.79548598088886,0.587413317382186,-3.05659733574047,0.00223864783553236,0.0145335914701977,"Cd3e","12501","CD3 antigen, epsilon polypeptide","Up_in_Male"
"ENSMUSG00000034040",187.30338269036,0.655691116069632,0.214555490824484,3.05604444589124,0.00224278007231328,0.0145514673288488,"Galnt17","212996","polypeptide N-acetylgalactosaminyltransferase 17","Up_in_Female"
"ENSMUSG00000071414",41.7856793841847,-1.20825366644339,0.395557885068792,-3.0545558868919,0.00225394015850215,0.0146062563845746,NA,NA,NA,"Up_in_Male"
"ENSMUSG00000035273",256.972399566659,-0.860722414999042,0.281877780268148,-3.05353055561968,0.0022616568834559,0.014644588702859,"Hpse","15442","heparanase","Up_in_Male"
"ENSMUSG00000075394",29.2089090418442,1.34830900156196,0.441814559861135,3.05175321063602,0.00227509069067505,0.0147019877391801,"Hoxc4","15423","homeobox C4","Up_in_Female"
"ENSMUSG00000027875",15.1745181351994,2.23082402915003,0.732722065957864,3.04457055791509,0.00233012765771252,0.0150011753046527,"Hmgcs2","15360","3-hydroxy-3-methylglutaryl-Coenzyme A synthase 2","Up_in_Female"
"ENSMUSG00000040328",71.141503665262,0.825198352513068,0.271074008673108,3.04418102108855,0.00233314704865046,0.015011029017952,"Or2v1","18356","olfactory receptor family 2 subfamily V member 1","Up_in_Female"
"ENSMUSG00000021139",13.3185691449603,-2.0610259387387,0.677371141765725,-3.04268341483542,0.00234478874152838,0.0150523275724346,"S2bpcox16","105940408","synaptojanin 2 binding protein Cox16 readthrough","Up_in_Male"
"ENSMUSG00000073538",16.6044065583493,-1.6664705294803,0.547869981413063,-3.04172629641462,0.00235225676893949,0.0150861976341383,"Gm46246","108167838","predicted gene, 46246","Up_in_Male"
"ENSMUSG00000002459",17.3046041276348,1.5726937877623,0.517041032938615,3.04171949143738,0.00235230994344893,0.0150861976341383,"Rgs20","58175","regulator of G-protein signaling 20","Up_in_Female"
"ENSMUSG00000091021",63.4469815457931,-1.02566606715743,0.337401811012654,-3.03989496701,0.00236660666334201,0.015159811480622,NA,NA,NA,"Up_in_Male"
"ENSMUSG00000052087",110.861352343581,-0.698936265631969,0.230236749759286,-3.03572851146792,0.0023995531780715,0.0153464883398184,"Rgs14","51791","regulator of G-protein signaling 14","Up_in_Male"
"ENSMUSG00000072941",139.071223291248,-1.05604524964763,0.348059998756089,-3.03408967827893,0.0024126270111359,0.0153874108504699,"Sod3","20657","superoxide dismutase 3, extracellular","Up_in_Male"
"ENSMUSG00000020641",328.082413842776,0.831620795909117,0.274083372024046,3.03418915845853,0.00241183155051124,0.0153874108504699,"Rsad2","58185","radical S-adenosyl methionine domain containing 2","Up_in_Female"
"ENSMUSG00000079298",129.354573122564,-0.723083162605788,0.238283503586878,-3.03454981868751,0.00240894966169996,0.0153874108504699,"Klrb1b","80782","killer cell lectin-like receptor subfamily B member 1B","Up_in_Male"
"ENSMUSG00000082675",157.389640297857,0.629190058340001,0.207369399962623,3.03415093284452,0.0024121371806911,0.0153874108504699,NA,NA,NA,"Up_in_Female"
"ENSMUSG00000028341",53.698248984499,-1.0660988537744,0.351496095495525,-3.03303185280469,0.00242110043118761,0.0154207918327183,"Nr4a3","18124","nuclear receptor subfamily 4, group A, member 3","Up_in_Male"
"ENSMUSG00000018822",8.23365267323928,3.21811441587819,1.0613268414993,3.03216152653981,0.00242809235487064,0.0154555022635868,"Sfrp5","54612","secreted frizzled-related sequence protein 5","Up_in_Female"
"ENSMUSG00000097183",313.447325248902,-0.664681035179843,0.21927011770652,-3.03133432923805,0.00243475491872518,0.015485693878025,NA,NA,NA,"Up_in_Male"
"ENSMUSG00000042549",217.579752431445,0.589096324994149,0.194461497497896,3.02937256255842,0.00245062268335305,0.0155743393535191,"Map2k3os","24082","mitogen-activated protein kinase kinase 3, opposite strand","Up_in_Female"
"ENSMUSG00000002688",173.549601960392,0.604234940887157,0.199551588387478,3.02796357458147,0.00246207762437756,0.015640978168093,"Prkd1","18760","protein kinase D1","Up_in_Female"
"ENSMUSG00000024331",20.1526820328527,-1.59263785547444,0.526177056279838,-3.02680977147628,0.00247149440131792,0.0156946216685029,"Dsc2","13506","desmocollin 2","Up_in_Male"
"ENSMUSG00000091639",27.5710549508009,1.4728977224124,0.486717711860477,3.02618476073585,0.00247660918324029,0.0157023834109098,"Gm3756","100042266","tubulin, alpha 1B pseudogene","Up_in_Female"
"ENSMUSG00000049414",79.969332400465,0.856505456163739,0.283013900544818,3.02637239554282,0.00247507265543233,0.0157023834109098,NA,NA,NA,"Up_in_Female"
"ENSMUSG00000079355",75.9719033197938,-1.11332925853158,0.368049674329903,-3.02494292532275,0.00248680050574384,0.0157515822989783,"Ackr4","252837","atypical chemokine receptor 4","Up_in_Male"
"ENSMUSG00000019856",20.0102838658033,-1.48802859089788,0.491976593785208,-3.02459224624727,0.0024896853493969,0.015760518947771,"Fam184a","75906","family with sequence similarity 184, member A","Up_in_Male"
"ENSMUSG00000073650",38.4919349200717,-1.07980882877459,0.357032765767801,-3.02439700863996,0.00249129278818973,0.015764509972639,"Catip","241112","ciliogenesis associated TTC17 interacting protein","Up_in_Male"
"ENSMUSG00000070407",51.7357232931877,-1.0794634005243,0.357076874648669,-3.02305603404419,0.00250235904065137,0.0158159285076187,"Hs3st3b1","54710","heparan sulfate (glucosamine) 3-O-sulfotransferase 3B1","Up_in_Male"
"ENSMUSG00000022586",11.4148132049082,-2.56315208489211,0.849486749791159,-3.01729495548017,0.00255041517801257,0.0160881545396446,"Ly6i","57248","lymphocyte antigen 6 family member I","Up_in_Male"
"ENSMUSG00000050954",94.3421066022444,0.799311576360508,0.265221683829555,3.01374896961361,0.00258041219776642,0.016239286748502,"Zfp169","67911","zinc finger protein 169","Up_in_Female"
"ENSMUSG00000053101",52.9032763675291,-1.03671147012175,0.344035831448605,-3.01338225659971,0.00258353271698463,0.0162525863240796,"Gpr141","353346","G protein-coupled receptor 141","Up_in_Male"
"ENSMUSG00000057580",9.59290958963478,2.26062848764271,0.750487256886263,3.01221435394114,0.00259349391265808,0.0162898473237255,NA,NA,NA,"Up_in_Female"
"ENSMUSG00000050947",115.605895721727,-0.820553126466511,0.27240318058411,-3.01227439674901,0.00259298094458298,0.0162898473237255,"Amigo1","229715","adhesion molecule with Ig like domain 1","Up_in_Male"
"ENSMUSG00000035020",20.8513783084204,-1.68769102983831,0.560640931410976,-3.01028864515986,0.00260999525075122,0.0163743714487254,"Epgn","71920","epithelial mitogen","Up_in_Male"
"ENSMUSG00000117123",228.259577882676,-0.665139727683988,0.221062612392331,-3.00882958219788,0.00262256176949295,0.0164468156675236,"Gm49890","106557447","predicted gene, 49890","Up_in_Male"
"ENSMUSG00000107061",10.9185920681794,-2.12236748781314,0.705797014554734,-3.00705081495999,0.00263795662552253,0.0164984760114076,NA,NA,NA,"Up_in_Male"
"ENSMUSG00000107770",143.162704009007,0.84102874159502,0.27974706862203,3.00638982827501,0.00264369834624832,0.0165279800523297,"Gm44126","118567384","predicted gene, 44126","Up_in_Female"
"ENSMUSG00000022871",78.7842885609837,-0.737741657285445,0.245679537567132,-3.00286163264149,0.00267454001904445,0.01667557099973,"Fetub","59083","fetuin beta","Up_in_Male"
"ENSMUSG00000022226",67.3675437620065,-2.64367565552314,0.881341301930783,-2.99960486332769,0.00270330051153004,0.0168029495585704,"Mcpt2","17225","mast cell protease 2","Up_in_Male"
"ENSMUSG00000118220",28.9119277342773,1.25839324732517,0.419546778680891,2.9994110580034,0.00270502088057536,0.0168034049813876,"Gm6192","620946","eukaryotic translation elongation factor 1 alpha 1 pseudogene","Up_in_Female"
"ENSMUSG00000023259",110.606336689682,-0.744039735878653,0.248187700278088,-2.99789125345444,0.00271854658706219,0.0168717183572444,"Slc26a6","171429","solute carrier family 26, member 6","Up_in_Male"
"ENSMUSG00000041440",61.3394353547328,-0.933925745700694,0.311542241361511,-2.99774997322747,0.0027198070635098,0.0168730514328313,"Gk5","235533","glycerol kinase 5","Up_in_Male"
"ENSMUSG00000110446",25.3120242976629,1.77728791755765,0.592922391226231,2.99750514377103,0.00272199265183684,0.0168736355858775,NA,NA,NA,"Up_in_Female"
"ENSMUSG00000049036",81.9326282004873,0.82618129367277,0.275650181469817,2.99720932258206,0.00272463558319821,0.0168835329379748,"Tmem121","69195","transmembrane protein 121","Up_in_Female"
"ENSMUSG00000037638",106.260831155,-0.68095150078956,0.227357391969047,-2.99507086570674,0.0027438108679445,0.0169632690287941,"Zbtb42","382639","zinc finger and BTB domain containing 42","Up_in_Male"
"ENSMUSG00000024512",76.219293594219,1.04577363413319,0.3496244260707,2.99113436062307,0.00277943170344733,0.0171440787334962,"Dynap","75577","dynactin associated protein","Up_in_Female"
"ENSMUSG00000107868",24.4797140577159,1.35734274675543,0.454693571468033,2.98518129995347,0.00283410292795107,0.0174147314719796,"Gm5112","330414","predicted gene 5112","Up_in_Female"
"ENSMUSG00000101589",122.436732262524,-0.652279804480626,0.218503957786149,-2.98520819068648,0.00283385377877384,0.0174147314719796,NA,NA,NA,"Up_in_Male"
"ENSMUSG00000027513",32.6991565175462,-4.96988495049699,1.66524482500337,-2.98447704257958,0.00284063516913092,0.0174482257666907,"Pck1","18534","phosphoenolpyruvate carboxykinase 1, cytosolic","Up_in_Male"
"ENSMUSG00000071537",40.4992028458112,-1.1110762332157,0.372648675123176,-2.98156496289283,0.00286779195786852,0.017555497456726,"Klrg2","74253","killer cell lectin-like receptor subfamily G, member 2","Up_in_Male"
"ENSMUSG00000051043",29.6003500571466,-1.33126307533554,0.446669269083262,-2.98042235604837,0.00287851200030193,0.0176071530086702,"Gprc5c","70355","G protein-coupled receptor, family C, group 5, member C","Up_in_Male"
"ENSMUSG00000053977",41.2012736670453,-1.39080993460409,0.466736732644391,-2.97985960248763,0.00288380523974938,0.0176328462859401,"Cd8a","12525","CD8 subunit alpha","Up_in_Male"
"ENSMUSG00000085957",13.8042321983751,1.75720027544562,0.589719543083574,2.9797219645417,0.00288510120884813,0.0176340882977172,"Syna","214292","syncytin a","Up_in_Female"
"ENSMUSG00000043020",21.8784800460427,1.4179270150145,0.476130943343136,2.97801904043157,0.00290117961245525,0.0177122339109262,"Dnai3","242253","dynein axonemal intermediate chain 3","Up_in_Female"
"ENSMUSG00000029814",91.4834610841444,0.800346402411364,0.268794364372408,2.9775416024069,0.00290570206868986,0.0177285672721328,"Igf2bp3","140488","insulin-like growth factor 2 mRNA binding protein 3","Up_in_Female"
"ENSMUSG00000027861",25.6118424070049,-1.38693125056185,0.466156759054751,-2.9752464672489,0.00292753231950852,0.017825799310913,"Casq2","12373","calsequestrin 2","Up_in_Male"
"ENSMUSG00000113389",33.6332696457173,1.09688070535412,0.368657233317949,2.97534025165352,0.00292663736112174,0.017825799310913,NA,NA,NA,"Up_in_Female"
"ENSMUSG00000057657",568.121796066755,-1.10059083639328,0.370396597102044,-2.97138484803646,0.00296460025704469,0.0180095099565832,"Rps18-ps3","100042791","ribosomal protein S18, pseudogene 3","Up_in_Male"
"ENSMUSG00000003418",79.4552105218633,-0.86885191493736,0.292415534348405,-2.97129192152339,0.00296549751825988,0.0180095099565832,"St8sia6","241230","ST8 alpha-N-acetyl-neuraminide alpha-2,8-sialyltransferase 6","Up_in_Male"
"ENSMUSG00000082706",12.8834258472241,2.0543666864612,0.692304988886978,2.96743013475031,0.00300300522020371,0.0181962043684593,NA,NA,NA,"Up_in_Female"
"ENSMUSG00000064325",319.153904879255,0.82815776616158,0.279094342132214,2.96730403000883,0.00300423728048675,0.0181968366208461,"Hhip","15245","Hedgehog-interacting protein","Up_in_Female"
"ENSMUSG00000063543",109.010921322065,0.796904741436376,0.26861445195898,2.9667232556723,0.00300991747827913,0.0182175650523301,NA,NA,NA,"Up_in_Female"
"ENSMUSG00000022454",26.6464550933134,-1.29448800665994,0.43636020454635,-2.96655834600161,0.00301153214360927,0.0182205034380499,"Nell2","54003","NEL-like 2","Up_in_Male"
"ENSMUSG00000078202",58.8177449887146,-1.43672736627121,0.484718277641404,-2.96404619454872,0.00303622704342295,0.0183561482100684,"Nrarp","67122","Notch-regulated ankyrin repeat protein","Up_in_Male"
"ENSMUSG00000079465",9.32040308777973,2.19701336848249,0.741278345520406,2.9638170084951,0.0030384891523462,0.0183629441806211,"Col4a3","12828","collagen, type IV, alpha 3","Up_in_Female"
"ENSMUSG00000036882",65.4180995184188,-0.927923223721445,0.313125563528745,-2.96342212773778,0.00304239030501191,0.0183796368257852,"Arhgap33","233071","Rho GTPase activating protein 33","Up_in_Male"
"ENSMUSG00000104649",42.667584668279,1.05215586817669,0.355209655997614,2.96207000685748,0.00305578296468552,0.0184467317314499,NA,NA,NA,"Up_in_Female"
"ENSMUSG00000094845",27.4699097181268,1.42534248879869,0.482496217584187,2.95410085479063,0.00313581506619028,0.0188382397274931,"Tmem95","100503361","transmembrane protein 95","Up_in_Female"
"ENSMUSG00000032109",82.5451332140816,-0.726797744911447,0.246148153021608,-2.9526841294139,0.00315024131096824,0.0189148884550401,"Nlrx1","270151","NLR family member X1","Up_in_Male"
"ENSMUSG00000030411",87.4289245572957,-0.887242642499824,0.300562567434172,-2.95193992410298,0.00315784362459897,0.0189282929890524,"Nova2","384569","NOVA alternative splicing regulator 2","Up_in_Male"
"ENSMUSG00000024670",17.836928083523,-2.1250632317293,0.720122610957536,-2.95097418049911,0.00316773395902649,0.0189557464132402,"Cd6","12511","CD6 antigen","Up_in_Male"
"ENSMUSG00000066487",38.2774317264646,1.05444817468958,0.357666340160891,2.94813365500162,0.0031969881085448,0.0191203113860189,"Gm5786","544872","ribosomal protein S2 pseudogene","Up_in_Female"
"ENSMUSG00000094707",22.4984625530138,-1.39238669727603,0.472601484332764,-2.94621735951983,0.0032168626035712,0.0192249240634166,"A830019P07Rik","329056","RIKEN cDNA A830019P07 gene","Up_in_Male"
"ENSMUSG00000034266",75.8659788054275,-0.877273166826136,0.29789516852023,-2.94490565652313,0.0032305315211904,0.0192901195622937,"Batf","53314","basic leucine zipper transcription factor, ATF-like","Up_in_Male"
"ENSMUSG00000055862",180.035857846047,-0.675035178429043,0.229227486679696,-2.94482650491336,0.00323135803029746,0.0192901195622937,"Izumo4","71564","IZUMO family member 4","Up_in_Male"
"ENSMUSG00000053198",124.273739640381,0.691864721146151,0.234954166487427,2.94467951553936,0.00323289341935574,0.0192921480084039,"Prx","19153","periaxin","Up_in_Female"
"ENSMUSG00000117804",288.835317872137,0.623492391934835,0.211827535585789,2.94339633518667,0.00324632523837994,0.0193508326732541,"Gm6252","621699","ribosomal protein S7 pseudogene","Up_in_Female"
"ENSMUSG00000037217",78.7566818317026,1.03059430640175,0.350179021556324,2.94304982012174,0.0032499611284365,0.0193653518347309,"Syn1","20964","synapsin I","Up_in_Female"
"ENSMUSG00000084304",40.3482886334,1.01201479139703,0.344003767208057,2.94187124638361,0.0032623553750927,0.01943202891565,NA,NA,NA,"Up_in_Female"
"ENSMUSG00000033910",85.2007263504753,-1.16503780754718,0.396238783042346,-2.94024173656587,0.00327956273809847,0.0195273152553347,"Gucy1a1","60596","guanylate cyclase 1, soluble, alpha 1","Up_in_Male"
"ENSMUSG00000076137",58.7321256264922,1.00219966951559,0.341015172935935,2.93887119710028,0.00329409938518668,0.0195921812308781,NA,NA,NA,"Up_in_Female"
"ENSMUSG00000008206",92.5407289927181,-0.912906548062331,0.311083912119694,-2.93459903420231,0.00333978956482394,0.0198128104477938,"Cers4","67260","ceramide synthase 4","Up_in_Male"
"ENSMUSG00000021950",162.154077708938,0.665553876620404,0.227355361648748,2.92737269002104,0.00341838979618052,0.0201826336447745,"Anxa8","11752","annexin A8","Up_in_Female"
"ENSMUSG00000083161",44.6351560736226,-1.20376418389942,0.411565041968408,-2.92484555574042,0.00344627216659901,0.0203043961425954,NA,NA,NA,"Up_in_Male"
"ENSMUSG00000093651",192.638537805911,-0.678904411214553,0.232209938278694,-2.92366647287829,0.00345935190892439,0.0203648677133907,"Gm5873","545826","farnesyl diphosphate synthetase pseudogene","Up_in_Male"
"ENSMUSG00000095524",31.6561980441287,1.25452237587567,0.429681995386888,2.919653114034,0.00350421204298002,0.020591393126557,"Gm15682","108169053","predicted gene 15682","Up_in_Female"
"ENSMUSG00000056054",36.2847722549943,1.35123223126055,0.462915883422968,2.91895845368071,0.00351203027695442,0.0206298218234206,"S100a8","20201","S100 calcium binding protein A8 (calgranulin A)","Up_in_Female"
"ENSMUSG00000060429",17.678098001968,-1.61403350113769,0.553220831594318,-2.91752119399812,0.00352825670122047,0.0207025273203249,"Sntb1","20649","syntrophin, basic 1","Up_in_Male"
"ENSMUSG00000070271",210.738193219479,-0.635998795299581,0.218034092070316,-2.91696949435996,0.0035345033948716,0.0207316418682836,NA,NA,NA,"Up_in_Male"
"ENSMUSG00000025019",117.775612395884,0.742884361778997,0.254790861039763,2.9156632963498,0.00354933313208492,0.020780856102802,"Lcor","212391","ligand dependent nuclear receptor corepressor","Up_in_Female"
"ENSMUSG00000061815",25.3074491529079,-1.57889351393891,0.541670563954114,-2.91485936103527,0.00355848861891728,0.0208269032843124,"Rufy4","435626","RUN and FYVE domain containing 4","Up_in_Male"
"ENSMUSG00000048572",206.396044869527,-0.628302247534404,0.215589772932535,-2.91434161735966,0.00356439622690881,0.0208539149809284,"Tmem252","226040","transmembrane protein 252","Up_in_Male"
"ENSMUSG00000028028",153.462429776952,-0.594423281239387,0.204060572119196,-2.91297468720303,0.00358003620069794,0.0209226599545317,"Alpk1","71481","alpha-kinase 1","Up_in_Male"
"ENSMUSG00000115681",10.5084999137372,-2.17430371794945,0.747515520514037,-2.90870712149798,0.0036292668205229,0.0211490969360627,"Gm2682","100040266","predicted gene 2682","Up_in_Male"
"ENSMUSG00000076609",257.973296721506,-2.52808994899751,0.869374645557715,-2.90794073868546,0.003638172743771,0.0211933412972884,"Igkc","16071","immunoglobulin kappa constant","Up_in_Male"
"ENSMUSG00000025494",139.213116592022,0.689502729118141,0.237421339628434,2.90413123857029,0.00368273752202373,0.0214297340985845,"Sigirr","24058","single immunoglobulin and toll-interleukin 1 receptor (TIR) domain","Up_in_Female"
"ENSMUSG00000099492",116.990819766426,0.717169174569312,0.2470739541758,2.90264984409901,0.0037002009723214,0.0215080846143293,"Gm5525","433283","eukaryotic translation elongation factor 1 gamma pseudogene","Up_in_Female"
"ENSMUSG00000117438",1859.11030910893,1.20334312507423,0.414717618860851,2.90159634013038,0.00371266599791285,0.0215650030749898,"Rpsa-ps7","433141","ribosomal protein SA, pseudogene 7","Up_in_Female"
"ENSMUSG00000003378",255.486347796329,-0.667244639383313,0.230092925098823,-2.89989202882591,0.00373291220585548,0.0216748007749852,"Grik5","14809","glutamate receptor, ionotropic, kainate 5 (gamma 2)","Up_in_Male"
"ENSMUSG00000025922",28.7813628181265,1.31842718345812,0.455113704666143,2.89691822052531,0.00376847976304712,0.0218263422313454,"Rpl7-ps8","268809","ribosomal protein L7, pseudogene 8","Up_in_Female"
"ENSMUSG00000054594",20.2202612341314,-1.63087646533349,0.563173278605292,-2.89586975676897,0.00378109292918094,0.0218915376768079,"Oscar","232790","osteoclast associated receptor","Up_in_Male"
"ENSMUSG00000034413",70.8936048522468,-0.77369893325036,0.26728209145483,-2.89469050858992,0.00379532528469256,0.0219503113956269,"Neurl1b","240055","neuralized E3 ubiquitin protein ligase 1B","Up_in_Male"
"ENSMUSG00000063087",133.412816073779,-0.706310414908333,0.244050484717846,-2.89411600933684,0.00380227654118296,0.0219826349940983,"Zeb1os1","791318","zinc finger E-box binding homeobox 1, opposite strand 1","Up_in_Male"
"ENSMUSG00000041481",163.15460525842,0.813495695282859,0.281306009264864,2.89185324340836,0.00382976794593706,0.022117800850265,"Serpina3g","20715","serine (or cysteine) peptidase inhibitor, clade A, member 3G","Up_in_Female"
"ENSMUSG00000070732",81.5484529019448,0.870693596957105,0.301568317635988,2.88721840471348,0.00388664336595582,0.0224061726877682,"Rbm44","329207","RNA binding motif protein 44","Up_in_Female"
"ENSMUSG00000023019",32.8842042187028,-1.85628661051986,0.643634965204241,-2.88406738426774,0.00392574740850573,0.0226154445496781,"Gpd1","14555","glycerol-3-phosphate dehydrogenase 1 (soluble)","Up_in_Male"
"ENSMUSG00000104291",13.884888817557,-2.6127871595657,0.906091129658838,-2.8835809931717,0.00393181523682573,0.0226276735908836,NA,NA,NA,"Up_in_Male"
"ENSMUSG00000111864",18.6544762653894,1.49306169836159,0.517786051956379,2.88354947515537,0.00393220872421753,0.0226276735908836,"Rpl26-ps6","628726","ribosomal protein L26, pseudogene 6","Up_in_Female"
"ENSMUSG00000043439",156.653471169592,0.675053495537616,0.234131541680903,2.88322321158097,0.00393628407099716,0.0226276735908836,"Epop","103551","elongin BC and polycomb repressive complex 2 associated protein","Up_in_Female"
"ENSMUSG00000085995",46.1315498845694,0.920214396580368,0.319387827960214,2.88118179849671,0.00396187049277662,0.0227479982894796,"Gm2788","108167326","predicted gene 2788","Up_in_Female"
"ENSMUSG00000022018",287.084851689524,-0.589132175058803,0.204489389705159,-2.88099140942342,0.00396426445153797,0.0227479982894796,"Rgcc","66214","regulator of cell cycle","Up_in_Male"
"ENSMUSG00000019880",8.91034290205631,2.11748512956464,0.735391387743756,2.87939886821528,0.00398434062401499,0.0228272785841457,"Rspo3","72780","R-spondin 3","Up_in_Female"
"ENSMUSG00000062309",48.9989805020246,-1.1154495477707,0.3873806762586,-2.87946615857025,0.00398349047211406,0.0228272785841457,"Rpp25","102614","ribonuclease P/MRP 25 subunit","Up_in_Male"
"ENSMUSG00000054944",16.7172556861986,1.48367200837209,0.515469078243094,2.87829487935335,0.00399831205350955,0.0228782848565355,NA,NA,NA,"Up_in_Female"
"ENSMUSG00000060441",64.9964271484178,-0.893985532543134,0.310683418966932,-2.87748066992364,0.00400864468966146,0.0229211519179225,"Trim5","667823","tripartite motif-containing 5","Up_in_Male"
"ENSMUSG00000104671",43.4438678105509,-1.16226535248335,0.403996121076417,-2.87692205902023,0.00401574769561803,0.0229536325952861,NA,NA,NA,"Up_in_Male"
"ENSMUSG00000024168",169.773794437276,-0.603238638496874,0.20969098918275,-2.87679809632229,0.00401732548918751,0.0229545198631479,"Tmem204","407831","transmembrane protein 204","Up_in_Male"
"ENSMUSG00000107768",50.5337971167707,0.973335268144103,0.338660682164464,2.87407224813722,0.00405216256100615,0.0231290042746358,"Gm36582","102640545","predicted gene, 36582","Up_in_Female"
"ENSMUSG00000002565",55.5200538932843,0.983449057087813,0.342250823858751,2.87347462308429,0.00405983692506506,0.02316461408163,"Scin","20259","scinderin","Up_in_Female"
"ENSMUSG00000078439",63.6815419443918,-1.01494918282326,0.353450952532788,-2.871541795404,0.00408474762429126,0.0232738303903827,"Smim24","72273","small integral membrane protein 24","Up_in_Male"
"ENSMUSG00000006575",190.042600431665,0.583266999509354,0.203153272275802,2.87106869102019,0.0040908661909549,0.0233004648278321,"Rundc3a","51799","RUN domain containing 3A","Up_in_Female"
"ENSMUSG00000028024",56.7366641317785,-1.11825299430858,0.389534278454457,-2.8707434907794,0.00409507676464139,0.0233162168928206,"Enpep","13809","glutamyl aminopeptidase","Up_in_Male"
"ENSMUSG00000029851",100.03124972844,-0.779989068669198,0.271730646639893,-2.87044938918085,0.00409888807095097,0.0233286790187551,"Tcaf2","232748","TRPM8 channel-associated factor 2","Up_in_Male"
"ENSMUSG00000025993",326.0245411683,-0.659415543059583,0.229767891481508,-2.86992033050298,0.0041057523259719,0.023352280413071,"Slc40a1","53945","solute carrier family 40 (iron-regulated transporter), member 1","Up_in_Male"
"ENSMUSG00000029059",152.331690859863,-0.585415891882832,0.204054979920043,-2.86891254559052,0.00411885666830858,0.0233938300597773,"Prxl2b","66469","peroxiredoxin like 2B","Up_in_Male"
"ENSMUSG00000026576",144.323038232533,-0.665131540741376,0.231931396998967,-2.86779431050613,0.00413344161916269,0.0234597459704334,"Atp1b1","11931","ATPase, Na+/K+ transporting, beta 1 polypeptide","Up_in_Male"
"ENSMUSG00000049086",46.615818922986,-1.17680012368761,0.410878887593259,-2.86410462844846,0.00418189853784096,0.0236703334191749,"Bmyc","107771","brain expressed myelocytomatosis oncogene","Up_in_Male"
"ENSMUSG00000001270",741.608997485723,-0.644167541951919,0.224965736434398,-2.86340289931114,0.0041911725256398,0.0237044373900188,"Ckb","12709","creatine kinase, brain","Up_in_Male"
"ENSMUSG00000064267",112.8263265269,-0.732070679851382,0.25570814294375,-2.86291500702197,0.00419763145639134,0.0237326493273759,"Hvcn1","74096","hydrogen voltage-gated channel 1","Up_in_Male"
"ENSMUSG00000066191",68.0754740366282,-0.864878729590737,0.302300714580427,-2.86098804229136,0.00422322980547898,0.0238439594615846,"Anks6","75691","ankyrin repeat and sterile alpha motif domain containing 6","Up_in_Male"
"ENSMUSG00000111264",10.4980346525678,2.1730435833959,0.759642557872099,2.86061327248832,0.00422822477079174,0.0238554667487746,NA,NA,NA,"Up_in_Female"
"ENSMUSG00000042961",57.6541502706063,-1.01854554217979,0.356294871541111,-2.85871513607308,0.00425360569544536,0.0239818943052782,"Egflam","268780","EGF-like, fibronectin type III and laminin G domains","Up_in_Male"
"ENSMUSG00000042501",13.8664861941251,1.83751216611879,0.643062960515787,2.85743741895033,0.00427076841215054,0.0240534447115048,"Cpa6","329093","carboxypeptidase A6","Up_in_Female"
"ENSMUSG00000117465",27.878252884984,-1.43412553641207,0.502110140270435,-2.85619711969898,0.00428748856271132,0.0241223554560355,NA,NA,NA,"Up_in_Male"
"ENSMUSG00000059708",58.1271169127164,-0.84770394481878,0.296881294900327,-2.85536326936118,0.00429876282585447,0.0241773569041435,"Akap17b","338351","A kinase anchor protein 17B","Up_in_Male"
"ENSMUSG00000083538",16.1541257328322,-1.91698406266286,0.671650168444072,-2.85414067133147,0.00431534184671617,0.0242621449611889,NA,NA,NA,"Up_in_Male"
"ENSMUSG00000038489",142.955005338685,0.601730330217007,0.210965173353608,2.85227329540512,0.00434077628557713,0.0243542302309015,"Polr2l","66491","polymerase (RNA) II (DNA directed) polypeptide L","Up_in_Female"
"ENSMUSG00000038859",112.3011662976,-0.90472306633784,0.317552745087361,-2.84904816706575,0.00438502412117087,0.024568504921549,"Baiap2l1","66898","BAI1-associated protein 2-like 1","Up_in_Male"
"ENSMUSG00000074220",110.572467047685,0.656004930378557,0.230414610976583,2.84706307294561,0.00441246190445121,0.0246791976742547,"Zfp382","233060","zinc finger protein 382","Up_in_Female"
"ENSMUSG00000107068",10.9146395764098,-2.02377415239566,0.711161420640641,-2.84573107266219,0.00443095982065706,0.0247569140118152,"Pagr1a","67278","PAXIP1 associated glutamate rich protein 1A","Up_in_Male"
"ENSMUSG00000118365",38.0088863801465,-1.19262461310817,0.419477300576465,-2.84312073971395,0.00446741430037114,0.0249002408120168,"Gm41724","105246434","predicted gene, 41724","Up_in_Male"
"ENSMUSG00000073633",101.172271908038,0.727483015191855,0.255942971333211,2.8423637164263,0.00447803719077482,0.0249422188851718,"Fbxo36","66153","F-box protein 36","Up_in_Female"
"ENSMUSG00000024534",75.3228218953199,-0.993363359317679,0.349501846938388,-2.84222635164728,0.00447996720646133,0.0249443584691029,"Sncaip","67847","synuclein, alpha interacting protein (synphilin)","Up_in_Male"
"ENSMUSG00000063694",293.697720529556,-0.623529243124396,0.219563205571251,-2.83986217773658,0.00451330287594474,0.0250779895772048,"Cycs","13063","cytochrome c, somatic","Up_in_Male"
"ENSMUSG00000026672",112.429976858403,-0.634062350504596,0.223448504525402,-2.83762181291536,0.00454510000688501,0.0252373481455941,"Optn","71648","optineurin","Up_in_Male"
"ENSMUSG00000059022",26.8298706116108,-1.5505478888032,0.546664206514546,-2.83638085377726,0.00456279993671206,0.0253172035641495,"Kcp","333088","kielin/chordin-like protein","Up_in_Male"
"ENSMUSG00000041552",39.3374248043793,1.12316890508519,0.396229675055745,2.83464105743006,0.00458771996151218,0.0254215141823353,"Ptchd1","211612","patched domain containing 1","Up_in_Female"
"ENSMUSG00000022574",122.782041872891,-0.652462496970942,0.230460586288448,-2.83112400032824,0.00463847345360413,0.0256060238273542,"Naprt","223646","nicotinate phosphoribosyltransferase","Up_in_Male"
"ENSMUSG00000054932",13.1167628194414,1.96672945735871,0.694806714079663,2.83061377719101,0.00464587839508303,0.0256381305687619,"Afp","11576","alpha fetoprotein","Up_in_Female"
"ENSMUSG00000002668",206.488335273393,-0.735374991539588,0.259859505221772,-2.82989452670587,0.0046563351606657,0.0256870509923083,"Dennd1c","70785","DENN domain containing 1C","Up_in_Male"
"ENSMUSG00000032263",188.611058977581,-0.641616558704733,0.226825556022068,-2.82867843446313,0.00467406370476378,0.025734626716574,"Bckdhb","12040","branched chain ketoacid dehydrogenase E1, beta polypeptide","Up_in_Male"
"ENSMUSG00000028931",347.407754981949,-0.591216970573773,0.209174767714828,-2.82642584969803,0.00470706405545814,0.0258571443675748,"Kcnab2","16498","potassium voltage-gated channel, shaker-related subfamily, beta member 2","Up_in_Male"
"ENSMUSG00000081453",48.5293553851664,1.29051699936578,0.457194168203726,2.82268910917237,0.0047622726822277,0.0260841928039464,NA,NA,NA,"Up_in_Female"
"ENSMUSG00000044674",284.151669601437,-0.78442737080937,0.277918811996198,-2.8225054834363,0.00476500071444997,0.0260900805247385,"Fzd1","14362","frizzled class receptor 1","Up_in_Male"
"ENSMUSG00000083022",90.2686084053701,-0.678865543378601,0.240527831834908,-2.82239913027844,0.00476658139482704,0.0260900805247385,NA,NA,NA,"Up_in_Male"
"ENSMUSG00000028549",144.07569926367,-0.69979214723015,0.247960784909129,-2.82218878879015,0.00476970900568175,0.0260983467330216,"Itgb3bp","67733","integrin beta 3 binding protein (beta3-endonexin)","Up_in_Male"
"ENSMUSG00000007021",19.650796200499,-1.516548392577,0.53767451972442,-2.82056957684045,0.00479384764916038,0.0262037688573346,"Syngr3","20974","synaptogyrin 3","Up_in_Male"
"ENSMUSG00000045609",17.9958579265481,1.50918084528205,0.535971437921093,2.81578595146004,0.0048658073532559,0.0265431600581938,NA,NA,NA,"Up_in_Female"
"ENSMUSG00000030790",228.481645136504,-0.710934265133737,0.252669871848826,-2.81368831167608,0.00489766907792911,0.0266898980889781,"Adm","11535","adrenomedullin","Up_in_Male"
"ENSMUSG00000006218",11.3131453608584,-1.95071139951613,0.693365236529035,-2.81339660073143,0.00490211488531616,0.0267051066135927,"Fam131c","277743","family with sequence similarity 131, member C","Up_in_Male"
"ENSMUSG00000015437",237.335196039957,0.594164900802486,0.211245646130432,2.81267288432361,0.00491316041928594,0.0267562458743159,"Gzmb","14939","granzyme B","Up_in_Female"
"ENSMUSG00000085183",106.079533009166,0.73110243447302,0.260177857061323,2.81001020890375,0.00495399285400277,0.0269331633059935,"Wincr1","100040617","WNT induced non-coding RNA 1","Up_in_Female"
"ENSMUSG00000030278",37.6153992614466,-3.87583864329987,1.37938076580803,-2.80983955944133,0.00495662021850549,0.0269383711168086,"Cidec","14311","cell death-inducing DFFA-like effector c","Up_in_Male"
"ENSMUSG00000037031",122.209872429044,-0.610912490826831,0.217428260483125,-2.80971981043028,0.0049584646584722,0.0269393217943123,"Tspan15","70423","tetraspanin 15","Up_in_Male"
"ENSMUSG00000059659",120.966557519549,-0.683089335387278,0.243203612447601,-2.80871377078928,0.00497398476229155,0.0270054569731953,"Gm10069","791299","predicted gene 10069","Up_in_Male"
"ENSMUSG00000039166",151.754392938236,0.647069880889744,0.230621813027071,2.80576183317833,0.00501977798746095,0.027199173138237,"Akap7","432442","A kinase anchor protein 7","Up_in_Female"
"ENSMUSG00000024340",12.6309457253053,-1.89783687777392,0.676582257474953,-2.805034948532,0.00503111243481479,0.0272422920295877,"Btnl2","547431","butyrophilin-like 2","Up_in_Male"
"ENSMUSG00000110569",34.9928748542772,1.11606819792289,0.398034105284137,2.80395117681231,0.005048054860694,0.0273248618692246,NA,NA,NA,"Up_in_Female"
"ENSMUSG00000044757",105.613816641473,0.904294291650169,0.322773262824086,2.80163940389021,0.00508436690415547,0.0274845374758635,NA,NA,NA,"Up_in_Female"
"ENSMUSG00000034538",39.5297162593316,-1.03976464121759,0.371287373199146,-2.80043092297646,0.00510344287509844,0.0275507374481728,"Zfp418","232854","zinc finger protein 418","Up_in_Male"
"ENSMUSG00000038156",297.178845736604,0.636301455885817,0.227304093799902,2.79934006136273,0.00512071774322957,0.0276255103660155,"Spon1","233744","spondin 1, (f-spondin) extracellular matrix protein","Up_in_Female"
"ENSMUSG00000059033",36.1811613916572,1.12472111423438,0.401945237458942,2.79819490173526,0.00513890931926513,0.0277012965732948,"Rpl18a-ps1","665366","ribosomal protein L18A, pseudogene 1","Up_in_Female"
"ENSMUSG00000074657",40.191467618591,-1.48126921313032,0.529881456902003,-2.79547282479121,0.00518238585458319,0.027911541438436,"Kif5a","16572","kinesin family member 5A","Up_in_Male"
"ENSMUSG00000045333",95.7055373732995,-0.69523307754612,0.248852138421811,-2.79375970789402,0.00520991758517555,0.0280411041208782,"Zfp423","94187","zinc finger protein 423","Up_in_Male"
"ENSMUSG00000020102",173.798825706418,-0.592171407454049,0.212202510748285,-2.79059566904222,0.00526111494518673,0.0282789309645346,"Slc16a7","20503","solute carrier family 16 (monocarboxylic acid transporters), member 7","Up_in_Male"
"ENSMUSG00000043155",27.0684101795318,-1.32093346726932,0.473527543233549,-2.78955994460034,0.00527797248917829,0.0283600946005264,"Hpdl","242642","4-hydroxyphenylpyruvate dioxygenase-like","Up_in_Male"
"ENSMUSG00000034738",176.992361915864,-0.651260848534683,0.233630069740388,-2.78757288930475,0.00531045063744267,0.0284987571417575,"Nostrin","329416","nitric oxide synthase trafficker","Up_in_Male"
"ENSMUSG00000104045",7.70457458192396,-2.41637674761977,0.867098030966118,-2.78673997786323,0.00532411806804457,0.028528635820203,NA,NA,NA,"Up_in_Male"
"ENSMUSG00000090610",412.673204570699,-0.735758885420867,0.264020072318277,-2.78675359399912,0.00532389438263259,0.028528635820203,"Gm3571","100041907","farnesyl diphosphate synthetase pseudogene","Up_in_Male"
"ENSMUSG00000078122",157.030225656558,-0.845210334068318,0.303761068210914,-2.78248407225594,0.00539445130901593,0.0287941999081313,"Mir223hg","100038363","Mir223 host gene","Up_in_Male"
"ENSMUSG00000042377",30.3020834237456,1.41062892135969,0.507074413277863,2.78189726087936,0.00540421450422732,0.0288117213764207,"Fam83g","69640","family with sequence similarity 83, member G","Up_in_Female"
"ENSMUSG00000043467",150.958977326823,0.59758392738228,0.214917083566123,2.7805324614803,0.00542698336517312,0.0288628225380466,"Zbtb37","240869","zinc finger and BTB domain containing 37","Up_in_Female"
"ENSMUSG00000039063",120.692901180907,0.691914728870834,0.24906999951996,2.77799305498207,0.00546957872763974,0.0290606263909104,"Echdc3","67856","enoyl Coenzyme A hydratase domain containing 3","Up_in_Female"
"ENSMUSG00000045777",13.3235385547623,1.92634386439008,0.693544713426825,2.77753377265607,0.00547731476064885,0.0290696975402444,"Ifitm10","320802","interferon induced transmembrane protein 10","Up_in_Female"
"ENSMUSG00000006342",47.4915903262562,-0.923832968854481,0.332613171880694,-2.77749965111379,0.0054778898890415,0.0290696975402444,"Susd2","71733","sushi domain containing 2","Up_in_Male"
"ENSMUSG00000030117",58.7872395465174,1.04574871509815,0.376663917008224,2.77634428963716,0.00549739603799141,0.0291412557388401,"Gdf3","14562","growth differentiation factor 3","Up_in_Female"
"ENSMUSG00000023911",40.109367883648,-0.983376825458102,0.354444570367502,-2.77441639023698,0.00553008468937608,0.0292872221233686,"Flywch2","76917","FLYWCH family member 2","Up_in_Male"
"ENSMUSG00000114936",10.0166297938731,2.22223355890028,0.801402452506869,2.77293081890242,0.00555539296254023,0.0293715009317003,NA,NA,NA,"Up_in_Female"
"ENSMUSG00000021070",284.526238531496,-0.614013336288146,0.221493386399181,-2.77215200990948,0.00556870251076984,0.029432225258363,"Bdkrb2","12062","bradykinin receptor, beta 2","Up_in_Male"
"ENSMUSG00000076928",63.5474343633316,-0.94037674281548,0.339319088503835,-2.77136410734185,0.00558219673675981,0.0294649416239308,NA,NA,NA,"Up_in_Male"
"ENSMUSG00000058905",340.389516756139,-0.635638575106542,0.229347968575123,-2.77150296580167,0.0055798164002496,0.0294649416239308,"Gm10051","100039731","predicted pseudogene 10051","Up_in_Male"
"ENSMUSG00000020251",61.0158435271545,-1.06822799366633,0.385556555271249,-2.77061297249843,0.00559508871463315,0.0295069191363872,"Glt8d2","74782","glycosyltransferase 8 domain containing 2","Up_in_Male"
"ENSMUSG00000037169",70.8563730028595,1.09480196855653,0.395278271685258,2.76969934089438,0.00561080588461833,0.0295772504914085,"Mycn","18109","Mycn proto-oncogene, bHLH transcription factor","Up_in_Female"
"ENSMUSG00000030247",190.569119447198,-0.743972999054737,0.26867022375202,-2.76909360726709,0.00562124824518174,0.029603283839508,"Kcnj8","16523","potassium inwardly-rectifying channel, subfamily J, member 8","Up_in_Male"
"ENSMUSG00000096687",193.245422783015,0.622794357919497,0.225056046446597,2.76728560619801,0.00565252108044348,0.0297388588699172,"Mfsd4b4","213332","major facilitator superfamily domain containing 4B4","Up_in_Female"
"ENSMUSG00000081665",11.1160159381753,-2.18956829447603,0.791632461588791,-2.76588998142094,0.00567676831664465,0.0298275263944572,"Pira1","18722","paired-Ig-like receptor A1","Up_in_Male"
"ENSMUSG00000112546",22.79543401253,1.35621331069754,0.490530200456787,2.76479064782274,0.00569593387647765,0.0299087500913906,NA,NA,NA,"Up_in_Female"
"ENSMUSG00000000530",370.854939667452,-0.647560601022847,0.234545286989289,-2.76091926354682,0.0057638923240173,0.030236074948096,"Acvrl1","11482","activin A receptor, type II-like 1","Up_in_Male"
"ENSMUSG00000060131",122.411060724614,-0.703820649843889,0.254990835059623,-2.76018018325763,0.00577694897909112,0.0302848761295043,"Atp8b4","241633","ATPase, class I, type 8B, member 4","Up_in_Male"
"ENSMUSG00000102070",146.258519965946,0.785787842401308,0.284912832844264,2.75799385572368,0.00581572910373228,0.030458489067778,NA,NA,NA,"Up_in_Female"
"ENSMUSG00000074570",103.167862239934,-0.602675337916442,0.21878714551654,-2.75461950240984,0.00587604269647535,0.0307245058166968,"Cass4","320664","Cas scaffolding protein family member 4","Up_in_Male"
"ENSMUSG00000025089",39.7693518213472,0.973007603567482,0.353316668275014,2.75392499402297,0.00588852616448003,0.0307598763969083,"Gfra1","14585","glial cell line derived neurotrophic factor family receptor alpha 1","Up_in_Female"
"ENSMUSG00000041347",57.7662448852654,-1.21578205045998,0.44155649514923,-2.75340089844923,0.00589796236085207,0.0307991976228832,"Bdkrb1","12061","bradykinin receptor, beta 1","Up_in_Male"
"ENSMUSG00000046057",133.63583217479,0.662830413653769,0.240791858651333,2.75271106492661,0.00591040339799639,0.0308242628410051,NA,NA,NA,"Up_in_Female"
"ENSMUSG00000004359",20.2319560021688,-1.54289228451309,0.560791238430996,-2.75127744297478,0.0059363342220217,0.0309394990331208,"Spic","20728","Spi-C transcription factor (Spi-1/PU.1 related)","Up_in_Male"
"ENSMUSG00000070423",11.8918068935576,-2.10074361725958,0.763610369083711,-2.75106743217794,0.00594014141707555,0.0309493451423736,"Or51e1","259097","olfactory receptor family 51 subfamily E member 1","Up_in_Male"
"ENSMUSG00000049999",119.255222840712,0.58726864638158,0.213561249993378,2.74988391573748,0.00596163804612084,0.0310112803069652,"Ppp1r3d","228966","protein phosphatase 1, regulatory subunit 3D","Up_in_Female"
"ENSMUSG00000028626",9.51724676007654,-2.42536811717624,0.882104359696756,-2.74952514463256,0.00596816836500144,0.0310252463716698,"Col9a2","12840","collagen, type IX, alpha 2","Up_in_Male"
"ENSMUSG00000001588",84.2936126238351,-0.822555955286194,0.299750958786959,-2.74413119015511,0.0060671286052069,0.0314283104891231,"Acap1","216859","ArfGAP with coiled-coil, ankyrin repeat and PH domains 1","Up_in_Male"
"ENSMUSG00000078180",47.8554422975537,1.12152432597501,0.408826465090579,2.7432772135398,0.00608293091759443,0.0315000556117791,"Gm20900","105243593","60S ribosomal protein L23a pseudogene","Up_in_Female"
"ENSMUSG00000000037",20.2118366614194,-1.63340267581299,0.595571950923074,-2.74257824479711,0.00609589248389946,0.0315570488034012,"Scml2","107815","Scm polycomb group protein like 2","Up_in_Male"
"ENSMUSG00000099032",17.1848634216924,-1.47113488319163,0.536489702200197,-2.74214934072054,0.00610385832396648,0.0315780243396996,"Tcf24","100039596","transcription factor 24","Up_in_Male"
"ENSMUSG00000073408",9.53810061202947,-2.33910445086183,0.853930458364941,-2.73922124213793,0.00615849151451568,0.0317893215221449,"Mucl3","268949","mucin like 3","Up_in_Male"
"ENSMUSG00000020895",200.110183921339,0.637761854175889,0.232842886328902,2.73902228335642,0.00616221966520762,0.031798393513844,"Tmem107","66910","transmembrane protein 107","Up_in_Female"
"ENSMUSG00000067878",9.46567791537745,-2.30865261520289,0.843249463301706,-2.73780502173516,0.00618507337422788,0.0318552007553594,"Map7d3","320923","MAP7 domain containing 3","Up_in_Male"
"ENSMUSG00000108608",118.406338442344,-0.638638073669792,0.233249343157109,-2.73800588257017,0.00618129702461947,0.0318552007553594,NA,NA,NA,"Up_in_Male"
"ENSMUSG00000087701",51.4817880234303,0.977422716008023,0.357427271640951,2.7346058724637,0.00624550070446661,0.0321356503084417,NA,NA,NA,"Up_in_Female"
"ENSMUSG00000040957",85.6240573505032,-0.655196133558004,0.239667921842368,-2.73376649040639,0.00626144319292325,0.0322074106984411,"Cables1","63955","CDK5 and Abl enzyme substrate 1","Up_in_Male"
"ENSMUSG00000107951",67.3241203390703,0.777485863460392,0.28451748421543,2.73264704840317,0.00628276190081,0.0322964785063619,"Gm6210","621306","heat shock protein 8 pseudogene","Up_in_Female"
"ENSMUSG00000027499",105.208020412557,-0.797138204890369,0.291869174831747,-2.73114899971843,0.00631139302854063,0.0324333241746916,"Pkia","18767","protein kinase inhibitor, alpha","Up_in_Male"
"ENSMUSG00000038917",10.6975065334028,1.78482014815416,0.653571345117456,2.73087270653429,0.00631668643028586,0.0324346020503935,NA,NA,NA,"Up_in_Female"
"ENSMUSG00000046550",24.4320205748492,1.41061315052036,0.516553104118563,2.73081923092382,0.00631771141168638,0.0324346020503935,"Spin2c","278240","spindlin family, member 2C","Up_in_Female"
"ENSMUSG00000033544",34.0810253944989,-1.1445942248416,0.419468659709094,-2.72867638224841,0.00635890735208377,0.0325772508323788,"Angptl1","72713","angiopoietin-like 1","Up_in_Male"
"ENSMUSG00000060336",69.5434774787699,0.729175719386977,0.267230361733134,2.72864099220566,0.00635958974479383,0.0325772508323788,"Zfp937","245174","zinc finger protein 937","Up_in_Female"
"ENSMUSG00000085024",35.0966993145992,1.06498813010969,0.390746232537024,2.72552373235942,0.00641995609227568,0.0328239580180483,"C230035I16Rik","320842","RIKEN cDNA C230035I16 gene","Up_in_Female"
"ENSMUSG00000032607",136.968381121422,-0.645980997867322,0.237100363001684,-2.72450446591148,0.00643980594294458,0.0328941781245184,"Amt","434437","aminomethyltransferase","Up_in_Male"
"ENSMUSG00000026628",208.072859781947,-0.707561106856698,0.260298067064358,-2.71827261276495,0.00656237446594746,0.0333934009405639,"Atf3","11910","activating transcription factor 3","Up_in_Male"
"ENSMUSG00000028194",451.173431295584,-0.5871710567705,0.216324222396767,-2.714310261999,0.00664139328099957,0.033721057892451,"Ddah1","69219","dimethylarginine dimethylaminohydrolase 1","Up_in_Male"
"ENSMUSG00000030747",120.634454787056,-0.638714518307072,0.235728055996219,-2.70953966683251,0.00673766479938497,0.0341346810684068,"Dgat2","67800","diacylglycerol O-acyltransferase 2","Up_in_Male"
"ENSMUSG00000075581",27.7098002026102,1.15999847905934,0.428238816617452,2.70876537587571,0.00675340790970969,0.0341915887943802,"Gm16409","100043734","ribosomal protein S6 pseudogene","Up_in_Female"
"ENSMUSG00000027398",168.238205901687,-0.741728171845907,0.273977279528382,-2.70726161352759,0.00678407733315062,0.034294446067581,"Il1b","16176","interleukin 1 beta","Up_in_Male"
"ENSMUSG00000049115",14.737211827595,-1.90308283504794,0.703447462423316,-2.70536598211895,0.00682291729523749,0.0344368450034258,"Agtr1a","11607","angiotensin II receptor, type 1a","Up_in_Male"
"ENSMUSG00000057696",39.955576124853,1.06868577988653,0.395073209044746,2.70503227103283,0.00682977541369298,0.0344499081198343,NA,NA,NA,"Up_in_Female"
"ENSMUSG00000070522",89.2946743148056,0.840349110142841,0.310890866178875,2.70303570018469,0.0068709366196628,0.0346358741939641,NA,NA,NA,"Up_in_Female"
"ENSMUSG00000097440",17.8983306563521,-1.59640453820325,0.590842033027256,-2.70191430021297,0.00689415296504089,0.034709532681404,NA,NA,NA,"Up_in_Male"
"ENSMUSG00000053821",35.2226815606161,1.00597431084244,0.372291368023515,2.70211559344803,0.00688998040820774,0.034709532681404,NA,NA,NA,"Up_in_Female"
"ENSMUSG00000092187",48.1176987267866,-0.966711081254946,0.357846541016274,-2.70146828444817,0.00690340640230414,0.0347452793847722,NA,NA,NA,"Up_in_Male"
"ENSMUSG00000032718",90.0630113406517,-0.761955755078549,0.282173449672673,-2.7003098837344,0.00692749175093094,0.0348242396818719,"Mansc1","67729","MANSC domain containing 1","Up_in_Male"
"ENSMUSG00000021508",509.4082192424,-0.650046904386195,0.240740730453146,-2.70019494899186,0.00692988557377856,0.0348242396818719,"Cxcl14","57266","C-X-C motif chemokine ligand 14","Up_in_Male"
"ENSMUSG00000002265",129.841901744295,-2.17301472075366,0.805552983464317,-2.69754412851717,0.00698530258330143,0.0350535456184318,"Peg3","18616","paternally expressed 3","Up_in_Male"
"ENSMUSG00000037580",118.260135965247,-0.588408590371005,0.218126162946149,-2.69756081720591,0.00698495245473363,0.0350535456184318,"Gch1","14528","GTP cyclohydrolase 1","Up_in_Male"
"ENSMUSG00000052485",79.2671253878708,-0.663511312389399,0.246012472981527,-2.69706370716912,0.00699538858026294,0.0350769391333508,"Tmem171","380863","transmembrane protein 171","Up_in_Male"
"ENSMUSG00000046280",146.63419471822,-0.668759051937613,0.248024687007961,-2.69634067481415,0.00701059262361808,0.0351056344173474,"She","214547","src homology 2 domain-containing transforming protein E","Up_in_Male"
"ENSMUSG00000028370",15.7372730437145,-2.04560369816491,0.758818702048635,-2.69577396108221,0.00702253031209944,0.0351381212103492,"Pappa","18491","pregnancy-associated plasma protein A","Up_in_Male"
"ENSMUSG00000078139",105.078978279295,0.929125562414526,0.34475748223201,2.69501203106379,0.00703860895413073,0.0351952259323996,"AK157302","432732","cDNA sequence AK157302","Up_in_Female"
"ENSMUSG00000026009",18.7877346559868,-1.66051172763793,0.616343310951577,-2.69413441848545,0.00705716975093961,0.0352661787244229,"Icos","54167","inducible T cell co-stimulator","Up_in_Male"
"ENSMUSG00000082809",54.6009940542988,1.04279945981823,0.387093192904027,2.69392352780735,0.00706163646259705,0.0352775746007635,"Gm14150","100043840","tubulin, alpha 1B pseudogene","Up_in_Female"
"ENSMUSG00000054474",79.4769001746786,0.828577533908468,0.307608007921476,2.69361496635673,0.0070681764373762,0.0352883957281876,"Thnsl2","232078","threonine synthase-like 2 (bacterial)","Up_in_Female"
"ENSMUSG00000043342",117.855918124993,-0.676697376515155,0.25131519463795,-2.6926242063876,0.00708921242450954,0.0353605971195938,"Hoxd9","15438","homeobox D9","Up_in_Male"
"ENSMUSG00000063564",31.7300190180183,1.29685996956159,0.481864186503972,2.69133919034446,0.0071165798328059,0.0354642162390846,"Col23a1","237759","collagen, type XXIII, alpha 1","Up_in_Female"
"ENSMUSG00000029019",13.7638827277427,1.94818278766719,0.724278016137723,2.68982730976159,0.00714890026813456,0.0356142805577707,"Nppb","18158","natriuretic peptide type B","Up_in_Female"
"ENSMUSG00000040429",100.281939166602,-0.729825398879644,0.271400885471867,-2.68910470800692,0.00716439427543641,0.035669443390448,"Mterf1a","545725","mitochondrial transcription termination factor 1a","Up_in_Male"
"ENSMUSG00000082381",14.7611062308694,1.75043222705878,0.651107811974248,2.68839076243185,0.00717973227409482,0.0357127496839685,NA,NA,NA,"Up_in_Female"
"ENSMUSG00000115353",13.1927810051437,-1.72160331591452,0.640453773371534,-2.68809926257676,0.00718600315948009,0.0357127712600784,NA,NA,NA,"Up_in_Male"
"ENSMUSG00000031772",58.0985977564301,0.810982745394031,0.301695695460634,2.6880819235946,0.00718637631888167,0.0357127712600784,"Cntnap4","170571","contactin associated protein-like 4","Up_in_Female"
"ENSMUSG00000067750",9.04965868226812,2.17689479761577,0.809997917831451,2.68753135001114,0.0071982344888803,0.0357496804286157,"Khdc1a","368204","KH domain containing 1A","Up_in_Female"
"ENSMUSG00000059479",120.494503498413,-0.586043184849698,0.218141274888097,-2.68653048420262,0.00721983597350893,0.0358459302364739,"B3gnt8","232984","UDP-GlcNAc:betaGal beta-1,3-N-acetylglucosaminyltransferase 8","Up_in_Male"
"ENSMUSG00000042500",84.6734895965509,-0.916473491805407,0.341165658362249,-2.68630053858556,0.00722480705462355,0.0358485506252785,"Ago4","76850","argonaute RISC catalytic subunit 4","Up_in_Male"
"ENSMUSG00000067924",214.769270238471,-0.643251700812339,0.239468486314076,-2.68616430793603,0.00722775360681425,0.0358521463878127,"Rtl8b","553127","retrotransposon Gag like 8B","Up_in_Male"
"ENSMUSG00000041362",160.573300539171,-0.639768429960328,0.238338931141169,-2.68428001626553,0.00726861998982696,0.0359867080474947,"Shtn1","71653","shootin 1","Up_in_Male"
"ENSMUSG00000006344",90.0488725077965,-0.692172697885674,0.257914761770547,-2.68372656583908,0.00728066251413106,0.0360039136769901,"Ggt5","23887","gamma-glutamyltransferase 5","Up_in_Male"
"ENSMUSG00000000142",146.857808268844,-0.723978532276872,0.270075090833511,-2.68065644277862,0.00734779099256561,0.0362580903535286,"Axin2","12006","axin 2","Up_in_Male"
"ENSMUSG00000090084",70.9182103003373,-0.8488311948706,0.317602619910749,-2.67262025454681,0.0075261393958657,0.0370362260724882,"Srpx","51795","sushi-repeat-containing protein","Up_in_Male"
"ENSMUSG00000009281",65.1884010899286,-1.37518767112419,0.51606925203601,-2.66473475352149,0.00770490683472895,0.0376746596015716,"Rarres2","71660","retinoic acid receptor responder (tazarotene induced) 2","Up_in_Male"
"ENSMUSG00000058571",192.146210667154,0.611433119494617,0.229453554359953,2.66473588173508,0.00770488098778792,0.0376746596015716,"Gpc6","23888","glypican 6","Up_in_Female"
"ENSMUSG00000022203",106.941636300068,-1.06869100903118,0.401190281053601,-2.66380084339182,0.00772632903179892,0.0377450939319126,"Efs","13644","embryonal Fyn-associated substrate","Up_in_Male"
"ENSMUSG00000027603",23.1792545395955,-1.31040117284566,0.493437707645002,-2.65565673750335,0.00791541401397689,0.0385870454771997,"Ggt7","207182","gamma-glutamyltransferase 7","Up_in_Male"
"ENSMUSG00000032690",206.142053182542,-0.726070569570871,0.273569798516674,-2.6540596714539,0.00795297615866425,0.0387233624913115,"Oas2","246728","2'-5' oligoadenylate synthetase 2","Up_in_Male"
"ENSMUSG00000090963",34.3713283068539,-0.966759549570993,0.364685847144611,-2.65093794327488,0.00802685881929987,0.0390359836974752,NA,NA,NA,"Up_in_Male"
"ENSMUSG00000031822",133.613916444447,0.652230888222514,0.246051136379246,2.65079404964508,0.00803027915167354,0.0390408509766207,"Gse1","382034","genetic suppressor element 1, coiled-coil protein","Up_in_Female"
"ENSMUSG00000017817",264.779668009582,-0.649180852586337,0.244916296738495,-2.65062334042837,0.00803433857929457,0.0390488214805714,"Jph2","59091","junctophilin 2","Up_in_Male"
"ENSMUSG00000114172",36.8957596848517,-1.11725840552039,0.421608383013567,-2.6499909644454,0.00804939235554891,0.0390984331875789,NA,NA,NA,"Up_in_Male"
"ENSMUSG00000042265",60.6044236047845,0.922873099327518,0.348372960017032,2.64909509418412,0.00807076186943101,0.0391668612105681,"Trem1","58217","triggering receptor expressed on myeloid cells 1","Up_in_Female"
"ENSMUSG00000031433",151.642622329569,0.736441339074141,0.278572138017157,2.64362884355931,0.00820225419683961,0.0396262196767078,"Rbm41","237073","RNA binding motif protein 41","Up_in_Female"
"ENSMUSG00000041378",479.574774149339,-0.580724430080976,0.219696372267155,-2.64330459391839,0.00821011402106376,0.039652319618044,"Cldn5","12741","claudin 5","Up_in_Male"
"ENSMUSG00000028825",13.8457395388852,-2.02989571669846,0.768046389871287,-2.64293373872722,0.00821911182809167,0.0396720276572202,"Rhd","19746","Rh blood group, D antigen","Up_in_Male"
"ENSMUSG00000017652",119.741897552995,-0.584006745331766,0.221030225943595,-2.64220308710538,0.0082368649545802,0.0397458292186322,"Cd40","21939","CD40 antigen","Up_in_Male"
"ENSMUSG00000097134",8.73395342259312,-2.2802929131936,0.863428252082917,-2.64097556188677,0.0082667682098742,0.0398344258973429,"1110002J07Rik","68488","RIKEN cDNA 1110002J07 gene","Up_in_Male"
"ENSMUSG00000110679",37.9284990077689,1.03704583690555,0.392819943448404,2.64000301970859,0.00829052885107608,0.0399331264301384,"Rpl10-ps5","100041555","ribosomal protein L10, pseudogene 5","Up_in_Female"
"ENSMUSG00000042604",14.3268579597361,-1.8069499714157,0.684852051570076,-2.63845303123956,0.00832852366709435,0.0400563510856139,"Kcna4","16492","potassium voltage-gated channel, shaker-related subfamily, member 4","Up_in_Male"
"ENSMUSG00000040710",398.9716995178,-0.60049833921533,0.227853701987847,-2.63545570678223,0.00840243912844594,0.0403277090352777,"St8sia4","20452","ST8 alpha-N-acetyl-neuraminide alpha-2,8-sialyltransferase 4","Up_in_Male"
"ENSMUSG00000092060",51.0822789674951,-0.886473641022568,0.336648877842269,-2.63322915764451,0.00845772614191941,0.0405448214575198,"Bend4","666938","BEN domain containing 4","Up_in_Male"
"ENSMUSG00000109602",9.00198998465036,-1.96472501059596,0.746295171213662,-2.63263797808154,0.00847246015959142,0.0405913352539095,NA,NA,NA,"Up_in_Male"
"ENSMUSG00000115457",18.564282818615,1.32343044054472,0.502690852584841,2.63269250621854,0.00847110018998253,0.0405913352539095,"Gm2387","100039720","ribosomal protein 10; DNA segment, Chr X, human DXS648E; 24.6 kDa protein","Up_in_Female"
"ENSMUSG00000105957",40.0972340952507,0.985069023172246,0.374271723228861,2.63196218692132,0.00848933107220175,0.0406526685830852,NA,NA,NA,"Up_in_Female"
"ENSMUSG00000090516",35.7124342337357,0.9472934230272,0.360110834081108,2.6305607423459,0.0085244134696573,0.0407434643798549,"Rps11-ps1","621119","ribosomal protein S11, pseudogene 1","Up_in_Female"
"ENSMUSG00000070390",73.7438177314928,-0.729238038896409,0.277235526885033,-2.63039173618905,0.00852865295201792,0.0407516565098493,"Nlrp1b","637515","NLR family, pyrin domain containing 1B","Up_in_Male"
"ENSMUSG00000002108",94.0730182241194,-0.750608669510543,0.285475652815157,-2.62932639651955,0.00855542018630965,0.0408070529489484,"Nr1h3","22259","nuclear receptor subfamily 1, group H, member 3","Up_in_Male"
"ENSMUSG00000007888",26.6613374355697,1.61489122692843,0.614549043771075,2.6277662349272,0.00859475563282992,0.0409704510757293,"Crlf1","12931","cytokine receptor-like factor 1","Up_in_Female"
"ENSMUSG00000040284",34.2316863192905,3.12186037042088,1.18916579580041,2.62525240924844,0.00865847545138614,0.0411890211920892,"Gzmg","14944","granzyme G","Up_in_Female"
"ENSMUSG00000041216",96.730071857992,-0.760576256574391,0.289801662356585,-2.62447168311458,0.00867835085253002,0.0412430422572227,"Clvs1","74438","clavesin 1","Up_in_Male"
"ENSMUSG00000118377",18.0325492315666,1.46192316881476,0.55772977029534,2.62120339755329,0.00876199686154474,0.0415159811787785,"Gm9276","668626","eukaryotic translation elongation factor 1 gamma pseudogene","Up_in_Female"
"ENSMUSG00000037661",102.864189136162,-0.834840196315576,0.31850082303646,-2.6211555384898,0.00876322706339362,0.0415159811787785,"Gpr160","71862","G protein-coupled receptor 160","Up_in_Male"
"ENSMUSG00000052364",138.864787701314,0.6800539956776,0.25994528697951,2.61614281828162,0.00889293522582768,0.0420440676249503,"B630019K06Rik","102941","F-box and leucine-rich repeat protein 17 pseudogene","Up_in_Female"
"ENSMUSG00000107355",49.0178968835261,-0.832151493441636,0.318135227984162,-2.6157162748511,0.0089040511555224,0.0420842909916548,"AI839979","100740","expressed sequence AI839979","Up_in_Male"
"ENSMUSG00000115662",20.0096344981757,1.45959362531673,0.558310073255936,2.61430644946941,0.00894088024661416,0.0422212594847428,"Gm7232","638252","heat shock protein 8 pseudogene","Up_in_Female"
"ENSMUSG00000010601",83.9118365817812,0.694980542595511,0.265850230671346,2.61418070182031,0.00894417177176342,0.0422244457896941,"Apol7a","75761","apolipoprotein L 7a","Up_in_Female"
"ENSMUSG00000033857",152.085058530831,-0.600212140674816,0.229701485142953,-2.61300940349288,0.00897488328244704,0.0423199055071787,"Engase","217364","endo-beta-N-acetylglucosaminidase","Up_in_Male"
"ENSMUSG00000030835",2034.43803222472,0.830735387064776,0.317970016331953,2.61262177059332,0.00898506776042622,0.0423555516746239,"Nomo1","211548","nodal modulator 1","Up_in_Female"
"ENSMUSG00000104554",8.68410656665564,2.06902401588153,0.792033499507315,2.61229356734099,0.00899369887998727,0.042383856637697,"Gm4610","100043726","predicted gene 4610","Up_in_Female"
"ENSMUSG00000038248",31.2107401125115,-1.1337568314132,0.434136484579772,-2.61152165662978,0.00901402785053791,0.0424672564660671,"Sobp","109205","sine oculis binding protein","Up_in_Male"
"ENSMUSG00000101609",168.161154359536,0.701800619461362,0.268936744797552,2.60953786731396,0.00906646109740713,0.0426395850386947,"Kcnq1ot1","63830","KCNQ1 overlapping transcript 1","Up_in_Female"
"ENSMUSG00000039521",19.3177541285091,-1.55487645549164,0.595992080661084,-2.60888777878885,0.00908370263618889,0.04269578378606,"Foxp3","20371","forkhead box P3","Up_in_Male"
"ENSMUSG00000103793",9.72921594799587,-2.25864923008971,0.866475877389754,-2.60670757147199,0.00914173963337593,0.0429185658202368,"Pcdhga6","93714","protocadherin gamma subfamily A, 6","Up_in_Male"
"ENSMUSG00000081810",122.394576419462,0.580074259431143,0.222945386181553,2.6018670732157,0.0092717781910135,0.04346583756252,"Gm11878","664911","predicted gene 11878","Up_in_Female"
"ENSMUSG00000081642",33.7475237849546,1.16275869866944,0.447187246509908,2.60016068826703,0.00931801171163199,0.0436445390359634,NA,NA,NA,"Up_in_Female"
"ENSMUSG00000066809",37.3574511181598,-1.13578954111009,0.437180548229538,-2.59798736634036,0.00937719439557138,0.0438326792488238,NA,NA,NA,"Up_in_Male"
"ENSMUSG00000068079",25.4956385035842,-1.21085825809789,0.466513681070615,-2.59554715591417,0.00944404427653338,0.04406856519553,"Tcf15","21407","transcription factor 15","Up_in_Male"
"ENSMUSG00000087263",10.7500798379304,1.88133547217376,0.724918125676685,2.59523855941332,0.00945252852419933,0.0440926748641784,NA,NA,NA,"Up_in_Female"
"ENSMUSG00000051811",17.0485408471417,-1.3647825335224,0.526290090674938,-2.59321343438585,0.0095083741992918,0.0443174829808702,"Cox6b2","333182","cytochrome c oxidase subunit 6B2","Up_in_Male"
"ENSMUSG00000041538",38.7347853478519,-0.917420025978347,0.353828602459353,-2.5928373783285,0.00951877680707449,0.0443531569618695,"H2-Ob","15002","histocompatibility 2, O region beta locus","Up_in_Male"
"ENSMUSG00000035757",146.092271144,0.595401318330467,0.22972564432019,2.59179300635936,0.0095477198793674,0.0444623399634841,"Selenoo","223776","selenoprotein O","Up_in_Female"
"ENSMUSG00000055809",82.0284329346999,-0.708893588394283,0.273681813726578,-2.59021079530883,0.00959171779958761,0.0446285923916222,"Dnaaf3","436022","dynein, axonemal assembly factor 3","Up_in_Male"
"ENSMUSG00000037161",77.006958692452,-1.12644027135933,0.435115649036862,-2.58882959933234,0.00963027360670208,0.0447454132378475,"Mgarp","67749","mitochondria localized glutamic acid rich protein","Up_in_Male"
"ENSMUSG00000045362",43.2946898041558,-1.09562645428887,0.423231688730661,-2.58871555099011,0.00963346341028025,0.0447454132378475,"Tnfrsf26","244237","tumor necrosis factor receptor superfamily, member 26","Up_in_Male"
"ENSMUSG00000041827",247.630450187293,0.710740777524636,0.274531486168693,2.58892263122017,0.00962767230703129,0.0447454132378475,"Oasl1","231655","2'-5' oligoadenylate synthetase-like 1","Up_in_Female"
"ENSMUSG00000005362",379.817576794598,0.611733559540462,0.236301645767697,2.58878247569145,0.00963159148764829,0.0447454132378475,"Crbn","58799","cereblon","Up_in_Female"
"ENSMUSG00000033213",408.558644350462,-0.640546052166939,0.247582247835798,-2.58720509150463,0.00967579819387473,0.0449032728376079,"Coxfa4l3","433470","cytochrome c oxidase associated subunit FA4L3","Up_in_Male"
"ENSMUSG00000097697",18.7095143474457,-1.83465596484513,0.709620845020036,-2.58540314552532,0.00972651956686907,0.0450738425419297,"4833412C05Rik","73904","RIKEN cDNA 4833412C05 gene","Up_in_Male"
"ENSMUSG00000021556",501.423950855646,0.630174633922032,0.243804174000915,2.58475736317651,0.00974475472162624,0.0451324231309302,"Golm1","105348","golgi membrane protein 1","Up_in_Female"
"ENSMUSG00000072872",370.868965520419,0.628513841513348,0.243695491566405,2.57909507259836,0.0099059519288152,0.0456415665274419,"Rybp","56353","RING1 and YY1 binding protein","Up_in_Female"
"ENSMUSG00000024892",86.4871944298515,-0.88882467492183,0.345078152757822,-2.57571992842332,0.0100031635180231,0.0459598651841744,"Pcx","18563","pyruvate carboxylase","Up_in_Male"
"ENSMUSG00000081308",34.690369748887,0.983574627555445,0.382081680155237,2.57425225715042,0.0100457001111085,0.0461027920912532,NA,NA,NA,"Up_in_Female"
"ENSMUSG00000070354",36.3661541759785,-1.00981392733003,0.392312132829463,-2.57400636591832,0.0100528423557145,0.0461093417429815,NA,NA,NA,"Up_in_Male"
"ENSMUSG00000020928",50.407763166927,-1.00967219548552,0.392561326687566,-2.57201136954864,0.0101109571212908,0.0463447276581203,"Higd1b","75689","HIG1 domain family, member 1B","Up_in_Male"
"ENSMUSG00000015579",7.96053883483971,2.53064450089121,0.98528338397631,2.568443294637,0.0102156424353055,0.0467364917312418,"Nkx2-5","18091","NK2 homeobox 5","Up_in_Female"
"ENSMUSG00000086382",37.8366739874997,0.999845380706903,0.389715672432502,2.56557652522962,0.0103004497379566,0.047057773774538,"Chrna1os","102633437","cholinergic receptor nicotinic alpha 1 subunit, opposite strand","Up_in_Female"
"ENSMUSG00000070858",39.1701492931639,-0.899842198132799,0.350727412571,-2.56564547246685,0.010298402748238,0.047057773774538,"Nicol1","381633","NELL2 interacting cell ontogeny regulator 1","Up_in_Male"
"ENSMUSG00000024440",226.659536399922,-0.588491256718689,0.229604687907375,-2.56306289772312,0.0103753250732465,0.0473462232414893,"Pcdh12","53601","protocadherin 12","Up_in_Male"
"ENSMUSG00000098176",37.6925858205591,-1.06669063831213,0.416256452952828,-2.56258042546914,0.0103897521198492,0.0473986542849554,"Ccdc166","223648","coiled-coil domain containing 166","Up_in_Male"
"ENSMUSG00000047104",128.880154607667,0.671239629853939,0.262111997463993,2.56088861383062,0.010440482383331,0.0475897242196128,"Pbp2","76400","phosphatidylethanolamine binding protein 2","Up_in_Female"
"ENSMUSG00000024401",36.5176005616586,-1.15912390721162,0.453737699135684,-2.55461230005709,0.0106306131635166,0.0482790807786389,"Tnf","21926","tumor necrosis factor","Up_in_Male"
"ENSMUSG00000002204",116.931691240615,-0.622731305925468,0.244073137366595,-2.55141271441983,0.0107287194220501,0.0486972198577216,"Napsa","16541","napsin A aspartic peptidase","Up_in_Male"
"ENSMUSG00000094017",31.1455898704989,-1.15256397470525,0.45177747037251,-2.55117629870944,0.0107360002790186,0.0487165636957944,NA,NA,NA,"Up_in_Male"
"ENSMUSG00000078783",14.4400869344737,-1.76811027992484,0.693449682235454,-2.5497311848569,0.0107806007924107,0.0488777112633717,"Sirpd","751864","signal regulatory protein delta","Up_in_Male"
"ENSMUSG00000022490",11.4744281105658,-1.8918604382357,0.74231828931366,-2.54858389651816,0.0108161267395895,0.0490112387166574,"Ppp1r1a","58200","protein phosphatase 1, regulatory inhibitor subunit 1A","Up_in_Male"
"ENSMUSG00000083763",14.1964333777895,1.55581191503319,0.610709627855317,2.54754771182644,0.0108483017443898,0.0491156557091676,"Gm9050","668217","predicted gene 9050","Up_in_Female"
"ENSMUSG00000005763",32.5215309064016,-1.261742387648,0.495297835814373,-2.54744175405781,0.0108515966731538,0.049116792122864,"Cd247","12503","CD247 antigen","Up_in_Male"
"ENSMUSG00000038227",16.0805668296041,1.52927047116119,0.600516545147146,2.54659173593039,0.0108780615734666,0.0491905874781914,"Hoxa9","15405","homeobox A9","Up_in_Female"
"ENSMUSG00000032380",112.782819330348,-0.729491111015755,0.286461208974665,-2.54656158726283,0.0108790012900362,0.0491905874781914,"Dapk2","13143","death-associated protein kinase 2","Up_in_Male"
"ENSMUSG00000040473",191.782296504207,-0.699639370380249,0.274868793743993,-2.54535758989024,0.0109165882172241,0.049288744882648,"Cfap69","207686","cilia and flagella associated protein 69","Up_in_Male"
"ENSMUSG00000047415",39.9452220646886,-1.08703774423613,0.427156424975755,-2.54482358376754,0.0109332959720001,0.049348157707467,"Gpr68","238377","G protein-coupled receptor 68","Up_in_Male"
"ENSMUSG00000055214",14.3637450885469,1.84361053327579,0.725128376459336,2.54246088434407,0.0110074921085019,0.0495998024749474,"Pld5","319455","phospholipase D family member 5","Up_in_Female"
"ENSMUSG00000058838",36.2433758080268,1.07609172179659,0.423236665033752,2.54252953654376,0.0110053299200636,0.0495998024749474,"Rps27a-ps2","619900","ribosomal protein S27A, pseudogene 2","Up_in_Female"
"ENSMUSG00000114771",15.618347539303,-1.44843793080109,0.570054818431801,-2.54087481408487,0.0110575503017007,0.0497420216527022,NA,NA,NA,"Up_in_Male"
"ENSMUSG00000035934",29.1403685556828,1.15254188095812,0.453706024485142,2.54028339664655,0.0110762678168601,0.0497940219382653,"Pknox2","208076","Pbx/knotted 1 homeobox 2","Up_in_Female"
"ENSMUSG00000044317",88.2355535834909,-0.735677905329159,0.2896652278627,-2.53975221933738,0.0110931028052011,0.0498047598399347,"Gpr4","319197","G protein-coupled receptor 4","Up_in_Male"
