"ID","Description","setSize","enrichmentScore","NES","pvalue","p.adjust","qvalue","rank","leading_edge","core_enrichment","log2err"
"GO:0002715","regulation of natural killer cell mediated immunity",69,0.641808456624746,2.08687567885641,1.39585490186733e-06,0.00174582323091926,0.00174582323091926,2486,"tags=42%, list=12%, signal=37%","27278/17057/545378/58179/225825/71183/13482/26904/17059/100043861/243655/503550/16642/16643/320407/20400/16160/27007/83408/80782/232408/20726/16002/21354/20723/215900/71740/16641/54215",0.643551836150722
"GO:0002228","natural killer cell mediated immunity",94,0.616825747717661,2.08360632186757,1.77001091932735e-07,0.000568350506196013,0.000568350506196013,2689,"tags=37%, list=13%, signal=33%","27278/12481/17057/545378/58179/225825/71183/13482/26904/17059/100043861/243655/503550/16642/16643/320407/20400/16160/27007/83408/80782/232408/72310/20726/14939/14940/16002/21354/20723/246256/215900/71740/16641/54215/19368",0.690132458796796
"GO:0042267","natural killer cell mediated cytotoxicity",88,0.602018396327085,2.01918349006451,1.65315217368832e-06,0.00174582323091926,0.00174582323091926,2689,"tags=36%, list=13%, signal=32%","12481/17057/545378/58179/225825/71183/26904/17059/100043861/243655/503550/16642/16643/320407/20400/16160/27007/83408/80782/232408/72310/20726/14939/14940/16002/21354/20723/246256/71740/16641/54215/19368",0.643551836150722
"GO:0045214","sarcomere organization",55,0.647492577885129,2.0016620454576,8.03195969405369e-06,0.00377282387547272,0.00377282387547272,1460,"tags=36%, list=7%, signal=34%","17930/53311/233199/19130/21393/242702/12391/12335/109272/16691/21957/68802/13009/17996/22138/68760/11472/12372/93677/59011",0.593325476396405
"GO:0030239","myofibril assembly",78,0.60909430988647,1.99499807208423,3.16956157730006e-06,0.00254436555617762,0.00254436555617762,2366,"tags=40%, list=11%, signal=35%","17930/53311/233199/19130/234072/320502/21393/242702/11459/12391/12335/109272/16691/21957/226041/68802/13009/17996/22138/68760/11472/12372/93677/93689/228003/59011/18175/13007/98932/238564/22437",0.627256739718528
"GO:0042269","regulation of natural killer cell mediated cytotoxicity",64,0.624525587603313,1.98674257816566,7.15808135968081e-06,0.00377282387547272,0.00377282387547272,2486,"tags=41%, list=12%, signal=36%","17057/545378/58179/225825/71183/26904/17059/100043861/243655/503550/16642/16643/320407/20400/16160/27007/83408/80782/232408/20726/16002/21354/20723/71740/16641/54215",0.610526878385931
"GO:0007218","neuropeptide signaling pathway",82,-0.607159117112792,-1.89985666827811,8.22477954790067e-06,0.00377282387547272,0.00377282387547272,3147,"tags=51%, list=15%, signal=44%","114229/20661/18386/14829/78896/207911/241070/68039/18166/12209/230777/387285/13599/14764/30052/18168/18162/18619/246313/12854/19065/18155/50501/381073/381853/225642/11516/18241/14763/11604/17202/237362/18389/21333/56183/20606/100043254/57260/14654/18387/229214/14652",0.593325476396405
"GO:0002717","positive regulation of natural killer cell mediated immunity",41,0.643753513159108,1.89394514829771,0.000248396606896643,0.0469177355732424,0.0469177355732424,1436,"tags=39%, list=7%, signal=36%","27278/545378/58179/225825/13482/26904/17059/243655/503550/16642/16643/320407/20400/16160/27007/83408",0.49849310876659
"GO:0018149","peptide cross-linking",21,-0.767196874253909,-1.88294574621534,0.000140784358211709,0.0291650693043741,0.0291650693043741,690,"tags=43%, list=3%, signal=41%","20754/241636/109620/76770/20753/268885/433016/13828/16447",0.518848077743792
"GO:0045063","T-helper 1 cell differentiation",32,0.674517096757614,1.87246084219853,0.000441042945144912,0.0658692510167588,0.0658692510167588,4013,"tags=44%, list=19%, signal=35%","16162/103743/12775/12772/16160/16842/57765/16182/20849/20351/22164/20737/16362/16161",0.49849310876659
"GO:0006702","androgen biosynthetic process",11,-0.872138029704487,-1.86457911215916,0.000162040036252142,0.0315339731154926,0.0315339731154926,1708,"tags=36%, list=8%, signal=33%","22417/103142/107605/94224",0.518848077743792
"GO:0061029","eyelid development in camera-type eye",16,0.772270575467606,1.85004918322946,0.000818472822505703,0.0922146046689758,0.0922146046689758,23,"tags=12%, list=0%, signal=12%","20666/21418",0.477270815362862
"GO:0008209","androgen metabolic process",26,-0.722138668764355,-1.84178008218367,0.000425918507981615,0.0651249680537602,0.0651249680537602,2368,"tags=27%, list=11%, signal=24%","20423/22417/20750/11535/103142/107605/94224",0.49849310876659
"GO:0002396","MHC protein complex assembly",17,0.763727041550824,1.84172639822991,0.000353018955519074,0.0596602034827236,0.0596602034827236,2573,"tags=65%, list=12%, signal=57%","14969/14961/14960/15000/15001/21354/14999/15002/80898/213233/14998",0.49849310876659
"GO:0002501","peptide antigen assembly with MHC protein complex",17,0.763727041550824,1.84172639822991,0.000353018955519074,0.0596602034827236,0.0596602034827236,2573,"tags=65%, list=12%, signal=57%","14969/14961/14960/15000/15001/21354/14999/15002/80898/213233/14998",0.49849310876659
"GO:0002223","stimulatory C-type lectin receptor signaling pathway",13,0.822888302082697,1.84110504402897,0.000520217066964077,0.0696007084175688,0.0696007084175688,2430,"tags=69%, list=12%, signal=61%","58179/243655/503550/16642/16643/320407/27007/56644/16641",0.477270815362862
"GO:1990840","response to lectin",13,0.822888302082697,1.84110504402897,0.000520217066964077,0.0696007084175688,0.0696007084175688,2430,"tags=69%, list=12%, signal=61%","58179/243655/503550/16642/16643/320407/27007/56644/16641",0.477270815362862
"GO:1990858","cellular response to lectin",13,0.822888302082697,1.84110504402897,0.000520217066964077,0.0696007084175688,0.0696007084175688,2430,"tags=69%, list=12%, signal=61%","58179/243655/503550/16642/16643/320407/27007/56644/16641",0.477270815362862
"GO:0001911","negative regulation of leukocyte mediated cytotoxicity",32,0.663188359816309,1.84101224524505,0.000704269785265414,0.0869773184802787,0.0869773184802787,4562,"tags=59%, list=22%, signal=46%","545378/71183/26904/243655/16643/80782/20726/16002/21354/20723/71740/13051/16197/93694/16331/26365/16859/171285/19264",0.477270815362862
"GO:0046641","positive regulation of alpha-beta T cell proliferation",26,0.679689110354642,1.82295242270222,0.00151992130033043,0.122534303592379,0.122534303592379,4013,"tags=62%, list=19%, signal=50%","16162/16963/12501/12772/16160/13136/22637/19260/18106/12487/22164/12144/16173/15944/320484/16161",0.45505986738723
"GO:0002507","tolerance induction",32,0.654673634867402,1.81737535134635,0.00104687976687766,0.108436481659489,0.108436481659489,4355,"tags=53%, list=21%, signal=42%","12773/70673/16184/12775/12501/15223/54167/19885/230979/15930/18566/208154/20371/12524/73914/12267/171285",0.45505986738723
"GO:0072674","multinuclear osteoclast differentiation",11,-0.849693220252648,-1.81659344767155,0.000639638470474575,0.0818669025419879,0.0818669025419879,1564,"tags=36%, list=7%, signal=34%","73737/74614/75766/232790",0.477270815362862
"GO:0002716","negative regulation of natural killer cell mediated immunity",28,0.662586052905423,1.80689707562387,0.0018590053805659,0.132650361711047,0.132650361711047,4669,"tags=61%, list=22%, signal=47%","545378/71183/26904/243655/16643/80782/20726/16002/21354/20723/71740/93694/16331/26365/16859/171285/84544",0.45505986738723
"GO:0045953","negative regulation of natural killer cell mediated cytotoxicity",27,0.675311445987344,1.79887057838846,0.00220371738333904,0.145012375624512,0.145012375624512,4355,"tags=59%, list=21%, signal=47%","545378/71183/26904/243655/16643/80782/20726/16002/21354/20723/71740/93694/16331/26365/16859/171285",0.431707695803346
"GO:1903902","positive regulation of viral life cycle",25,0.677118952919075,1.78129043805219,0.0022128951745877,0.145012375624512,0.145012375624512,1011,"tags=24%, list=5%, signal=23%","170776/170780/170786/16149/214523/75863",0.431707695803346
"GO:0032924","activin receptor signaling pathway",45,-0.623176105179137,-1.77587395473592,0.000741827109836802,0.0889577788794087,0.0889577788794087,3251,"tags=36%, list=16%, signal=30%","23863/17684/16322/21815/17130/50791/18119/14313/11481/16324/14165/269275/14180/238057/240025/22772",0.477270815362862
"GO:0002478","antigen processing and presentation of exogenous peptide antigen",31,0.646593983779594,1.77375153452661,0.00160230994514012,0.122534303592379,0.122534303592379,5061,"tags=71%, list=24%, signal=54%","14969/14961/14960/16149/15000/15001/14999/14972/15002/14998/73149/269799/14129/13040/14991/17476/21356/98682/13034/14131/21355/381091",0.45505986738723
"GO:0070106","interleukin-27-mediated signaling pathway",13,0.78931373034473,1.76598632716128,0.00211302643250696,0.14459077379371,0.14459077379371,2845,"tags=69%, list=14%, signal=60%","23960/246727/246728/246729/23961/246730/114643/231655/23962",0.431707695803346
"GO:0019886","antigen processing and presentation of exogenous peptide antigen via MHC class II",19,0.703506229873138,1.76430908307538,0.00319432667643855,0.17384716878041,0.17384716878041,3201,"tags=53%, list=15%, signal=45%","14969/14961/14960/16149/15000/15001/14999/15002/14998/13040",0.431707695803346
"GO:0019884","antigen processing and presentation of exogenous antigen",38,0.61373330192637,1.76280365894615,0.00147154768609899,0.122534303592379,0.122534303592379,5435,"tags=66%, list=26%, signal=49%","14969/14961/14960/16149/15000/15001/14999/14972/15002/14998/73149/269799/14129/13040/14991/15064/17476/21356/98682/13034/14131/21355/381091/12480/54445",0.45505986738723
"GO:0055002","striated muscle cell development",203,0.478780619590824,1.76136287580578,5.36552035614257e-07,0.00114857905757159,0.00114857905757159,2524,"tags=25%, list=12%, signal=22%","17930/53311/233199/19130/12292/74376/234072/320502/21393/242702/11459/18741/12391/12335/17878/109272/11609/16691/21957/226041/68802/13009/11548/17996/22138/433766/68760/230899/11472/12372/237560/241593/93677/17928/93689/228003/59011/116904/18175/11474/65256/13007/98932/22410/238564/723910/20190/22437/231602/381339/13405",0.659444398037935
"GO:0003333","amino acid transmembrane transport",108,-0.540392598443325,-1.75600314876208,0.00012426656545795,0.0285014244061056,0.0285014244061056,3803,"tags=36%, list=18%, signal=30%","214663/13853/212555/20512/20513/20532/14664/14580/30805/240332/20502/57776/72401/11606/19736/72267/224022/26570/70008/328059/70026/83885/76257/11846/71803/241919/104245/74338/20511/20510/245128/11989/14816/74087/232333/30962/11847/69354/242607",0.518848077743792
"GO:0090311","regulation of protein deacetylation",27,0.656529302964394,1.74883937473594,0.00371234968313568,0.192263787621753,0.192263787621753,2098,"tags=19%, list=10%, signal=17%","17984/18113/328660/17762/72948",0.431707695803346
"GO:0052548","regulation of endopeptidase activity",22,-0.714979648527914,-1.74820591568982,0.00162183366635818,0.122534303592379,0.122534303592379,3793,"tags=55%, list=18%, signal=45%","232345/21857/14433/20704/18787/20319/59083/241196/433180/20701/380839/72902",0.45505986738723
"GO:0010927","cellular component assembly involved in morphogenesis",146,0.493941357265903,1.74680746513828,1.0114231550643e-05,0.00405959968863932,0.00405959968863932,2098,"tags=26%, list=10%, signal=24%","17930/53311/233199/19130/234072/320502/21393/242702/11459/12391/12335/76426/109272/14733/67652/23966/16691/21957/269116/226041/68802/13009/69376/17996/22138/68760/237625/11472/12372/93677/93689/228003/59011/18175/69993/13007/98932/72948",0.593325476396405
"GO:0032989","cellular anatomical entity morphogenesis",146,0.493941357265903,1.74680746513828,1.0114231550643e-05,0.00405959968863932,0.00405959968863932,2098,"tags=26%, list=10%, signal=24%","17930/53311/233199/19130/234072/320502/21393/242702/11459/12391/12335/76426/109272/14733/67652/23966/16691/21957/269116/226041/68802/13009/69376/17996/22138/68760/237625/11472/12372/93677/93689/228003/59011/18175/69993/13007/98932/72948",0.593325476396405
"GO:0045954","positive regulation of natural killer cell mediated cytotoxicity",38,0.60679838823905,1.74288476064926,0.00181778682706959,0.132650361711047,0.132650361711047,1436,"tags=37%, list=7%, signal=34%","545378/58179/225825/26904/17059/243655/503550/16642/16643/320407/20400/16160/27007/83408",0.45505986738723
"GO:0042832","defense response to protozoan",41,0.591658602440096,1.74068011534575,0.00185049884060435,0.132650361711047,0.132650361711047,3001,"tags=41%, list=14%, signal=36%","14468/626578/15978/76074/100039796/16160/72310/21822/60440/16364/54396/384059/16145/12183/236573/27027/100702",0.45505986738723
"GO:0061515","myeloid cell development",103,-0.53845508140794,-1.73799691216451,0.000136367766422809,0.0291650693043741,0.0291650693043741,2233,"tags=20%, list=11%, signal=18%","100504069/14380/216635/16596/12608/544763/14729/14460/19746/19743/56492/97086/21943/620235/54368/20533/101488143/15129/15122/106722/13828",0.518848077743792
"GO:1901857","positive regulation of cellular respiration",23,0.66791827519843,1.73575694482258,0.00530993849417946,0.227336166730803,0.227336166730803,2165,"tags=30%, list=10%, signal=27%","15978/17928/23960/246729/23961/246730/114643",0.407017918923954
"GO:0071612","IP-10 production",8,0.875938645680375,1.73563848947792,0.001191152318172,0.112436516432022,0.112436516432022,2165,"tags=75%, list=10%, signal=67%","23960/246727/246729/23961/246730/114643",0.45505986738723
"GO:0071658","regulation of IP-10 production",8,0.875938645680375,1.73563848947792,0.001191152318172,0.112436516432022,0.112436516432022,2165,"tags=75%, list=10%, signal=67%","23960/246727/246729/23961/246730/114643",0.45505986738723
"GO:0045721","negative regulation of gluconeogenesis",22,-0.707901196800433,-1.73089830251596,0.00206129282563515,0.14459077379371,0.14459077379371,3007,"tags=41%, list=14%, signal=35%","11450/227358/227627/16193/15235/68054/16847/103988/17844",0.431707695803346
"GO:2000342","negative regulation of chemokine (C-X-C motif) ligand 2 production",9,0.8504088601028,1.73051063815252,0.00225158420617316,0.146057310828727,0.146057310828727,2165,"tags=67%, list=10%, signal=60%","23960/246727/246729/23961/246730/114643",0.431707695803346
"GO:0010951","negative regulation of endopeptidase activity",17,-0.736247277258123,-1.72938037759229,0.0038830774081424,0.199496984920724,0.199496984920724,3793,"tags=65%, list=18%, signal=53%","232345/21857/14433/20704/18787/59083/241196/433180/20701/380839/72902",0.431707695803346
"GO:0002643","regulation of tolerance induction",20,0.684268338070321,1.72614489750328,0.00789064860354011,0.299390313489817,0.299390313489817,4355,"tags=60%, list=21%, signal=48%","16184/12775/12501/15223/230979/15930/18566/208154/20371/12524/73914/171285",0.380730400722792
"GO:0061303","cornea development in camera-type eye",9,0.847372219368696,1.72433132918579,0.00252600542700669,0.157495212157641,0.157495212157641,42,"tags=33%, list=0%, signal=33%","20666/21418/654812",0.431707695803346
"GO:0002399","MHC class II protein complex assembly",10,0.827503522606139,1.71696501683171,0.00159829323056257,0.122534303592379,0.122534303592379,2573,"tags=80%, list=12%, signal=70%","14969/14961/14960/15000/15001/14999/15002/14998",0.45505986738723
"GO:0002503","peptide antigen assembly with MHC class II protein complex",10,0.827503522606139,1.71696501683171,0.00159829323056257,0.122534303592379,0.122534303592379,2573,"tags=80%, list=12%, signal=70%","14969/14961/14960/15000/15001/14999/15002/14998",0.45505986738723
"GO:0002021","response to dietary excess",41,-0.613757518456189,-1.71646594068025,0.00235393476468648,0.151169690588165,0.151169690588165,3862,"tags=44%, list=18%, signal=36%","216190/11554/319229/69847/381677/353504/193034/224796/30052/23886/19016/269275/66797/17202/12164/67445/19017/22227",0.431707695803346
"GO:0002449","lymphocyte mediated immunity",336,0.439708260519875,1.71602006605592,1.32672752776289e-07,0.000568350506196013,0.000568350506196013,3228,"tags=30%, list=15%, signal=26%","27278/12458/404711/380795/629860/20592/12481/17057/545378/58179/668469/225825/15978/16016/209588/71183/109828/13482/26904/110786/16149/17059/380808/16963/15006/75863/667277/100043861/243655/238447/110557/11628/503550/16642/15015/16185/16643/50908/320407/20400/15223/12772/317677/12525/16160/780932/27007/83408/80782/232408/72310/14125/18646/777686/629822/20726/13136/230979/14347/12516/14939/57765/15018/18566/14940/16002/21354/16019/50909/20723/224840/246256/215900/14972/18439/16182/71740/16641/208154/54215/14964/14998/232371/74131/19368/73747/12487/15042/26909/54123/22164/22256/237877/12268/20371/246177/50723/14129/16197/14991",0.690132458796796
"GO:0060008","Sertoli cell differentiation",32,-0.6367263291676,-1.71148895401421,0.00258972278962652,0.158392378618871,0.158392378618871,4804,"tags=44%, list=23%, signal=34%","14609/68328/14158/13039/12638/319448/16175/20681/18211/20682/14463/14460/22431/26423",0.431707695803346
"GO:0071377","cellular response to glucagon stimulus",11,-0.798602633456586,-1.70736481903329,0.00481826928671502,0.221020895423456,0.221020895423456,1614,"tags=36%, list=8%, signal=34%","14527/14526/18534/14652",0.407017918923954
"GO:0006476","protein deacetylation",37,0.593167637574526,1.70591929359488,0.00269129447204892,0.160471089595899,0.160471089595899,2098,"tags=14%, list=10%, signal=12%","17984/18113/328660/17762/72948",0.431707695803346
"GO:0015804","neutral amino acid transport",55,-0.583028811850647,-1.70122596197586,0.000749051618102211,0.0889577788794087,0.0889577788794087,3579,"tags=36%, list=17%, signal=30%","20512/20513/217325/20532/14664/240332/72401/19736/26570/70008/76257/229706/104245/74338/20511/20510/74087/30962/69354/242607",0.477270815362862
"GO:0006865","amino acid transport",182,-0.490273220365362,-1.70093830637341,2.90904367056631e-05,0.00889613259636991,0.00889613259636991,3694,"tags=33%, list=18%, signal=27%","13853/16181/212555/20512/15567/20513/217325/20532/14664/102857/14580/54140/30805/240332/20502/26557/57776/24115/72401/11606/19736/64051/72267/224022/26570/193034/70008/328059/70026/83885/76257/18168/11846/16523/18155/13162/71803/12298/12424/229706/241919/104245/74338/20511/20510/245128/20617/11989/22066/14816/74087/14411/20614/232333/30962/14812/11847/20538/69354/242607",0.575610261071129
"GO:0035458","cellular response to interferon-beta",62,0.541266545753385,1.70018274375429,0.00154847778373334,0.122534303592379,0.122534303592379,3992,"tags=47%, list=19%, signal=38%","240328/225594/545384/100039796/23960/246729/15953/240327/23961/620913/21822/246730/60440/114643/54396/16145/15950/215243/100040462/623121/102639543/100702/236312/15944/72512/432555/14469/16362/100033459",0.45505986738723
"GO:0032096","negative regulation of response to food",16,-0.744644311969059,-1.69998728804726,0.00161492622179843,0.122534303592379,0.122534303592379,1825,"tags=31%, list=9%, signal=29%","23886/12424/17202/93690/14526",0.45505986738723
"GO:0032099","negative regulation of appetite",16,-0.744644311969059,-1.69998728804726,0.00161492622179843,0.122534303592379,0.122534303592379,1825,"tags=31%, list=9%, signal=29%","23886/12424/17202/93690/14526",0.45505986738723
"GO:0032108","negative regulation of response to nutrient levels",16,-0.744644311969059,-1.69998728804726,0.00161492622179843,0.122534303592379,0.122534303592379,1825,"tags=31%, list=9%, signal=29%","23886/12424/17202/93690/14526",0.45505986738723
"GO:0048821","erythrocyte development",54,-0.572660543598784,-1.69970056511737,0.00174872146587351,0.130584758765577,0.130584758765577,2233,"tags=24%, list=11%, signal=22%","100504069/14380/216635/16596/544763/14460/19746/19743/20533/101488143/15129/15122/13828",0.45505986738723
"GO:0015695","organic cation transport",136,-0.505342957915173,-1.69919556579741,7.14495998246278e-05,0.0191187220864067,0.0191187220864067,3193,"tags=31%, list=15%, signal=26%","14664/102857/30805/240332/72401/11606/19736/19224/18429/22353/56293/70008/70026/83885/76257/11551/11846/242259/75288/13162/72022/19743/229706/104245/20511/20510/245128/18430/20617/328258/11989/20524/103988/14411/110834/63993/110877/70129/11847/20538/213603/69354",0.538434096309916
"GO:0032095","regulation of response to food",21,-0.689281508364453,-1.69171659540703,0.00426751404533979,0.209205917550932,0.209205917550932,1825,"tags=29%, list=9%, signal=26%","23886/12424/11604/17202/93690/14526",0.407017918923954
"GO:0055001","muscle cell development",238,0.444300940592985,1.68904178952398,3.65630764962174e-06,0.00260897863620787,0.00260897863620787,2524,"tags=22%, list=12%, signal=20%","17930/53311/233199/19130/12292/74376/234072/320502/21393/242702/11459/278507/18741/12391/12335/17878/109272/11609/17306/16691/21957/226041/68802/13009/11548/17996/22138/433766/68760/230899/11472/12372/237560/241593/93677/17928/93689/228003/59011/116904/18175/11474/65256/13007/98932/22410/238564/723910/20190/22437/231602/381339/13405",0.627256739718528
"GO:0002706","regulation of lymphocyte mediated immunity",219,0.450222913663203,1.68644604519245,1.67662030892074e-05,0.00598180867993833,0.00598180867993833,5423,"tags=47%, list=26%, signal=36%","27278/380795/17057/545378/58179/225825/15978/16016/209588/71183/13482/26904/17059/16963/15006/75863/100043861/243655/110557/503550/16642/15015/16643/320407/20400/15223/12772/16160/27007/83408/80782/232408/14125/20726/13136/230979/14347/12516/57765/15018/18566/16002/21354/20723/215900/14972/18439/16182/71740/16641/208154/54215/14964/74131/19368/73747/12487/15042/22164/237877/20371/14129/16197/14991/20737/16173/15013/667977/14462/15064/15216/93694/14367/30925/12266/16331/26365/16859/171285/233046/16176/19264/22042/84544/15510/240095/20850/20851/329260/257632/83433/14131/21355/216799/22324/104709/69583/17350/50931/21938/12480/67278/14082/15039",0.575610261071129
"GO:1902475","L-alpha-amino acid transmembrane transport",74,-0.545893957616298,-1.68216320049763,0.000650142016449919,0.0818669025419879,0.0818669025419879,3981,"tags=35%, list=19%, signal=29%","268706/214663/13853/212555/20512/20513/20532/57776/72401/11606/26570/70008/328059/83885/76257/11846/71803/20511/20510/245128/11989/14816/74087/11847/69354/242607",0.477270815362862
"GO:0019755","one-carbon compound transport",15,-0.752928421949109,-1.68210539498188,0.00450291656932215,0.211078322687495,0.211078322687495,1782,"tags=53%, list=9%, signal=49%","20495/11832/19743/11830/22270/27411/11828/15129",0.407017918923954
"GO:0035601","protein deacylation",48,0.549069874256876,1.67178854632503,0.00471062011139023,0.217637427016893,0.217637427016893,2098,"tags=10%, list=10%, signal=9%","17984/18113/328660/17762/72948",0.407017918923954
"GO:0060900","embryonic camera-type eye formation",10,0.804467186842324,1.66916753737459,0.00310531742666816,0.170543077521097,0.170543077521097,58,"tags=30%, list=0%, signal=30%","20666/21418/19130",0.431707695803346
"GO:0006821","chloride transport",116,-0.505770144343952,-1.66498625533078,0.000119934978860658,0.0285014244061056,0.0285014244061056,3217,"tags=32%, list=15%, signal=27%","69847/12724/54670/57776/12638/18671/216225/59033/24115/14408/80797/224796/20497/20495/320091/12740/14409/216643/14404/19092/12733/110886/99663/20510/212989/240215/20533/110304/14654/232333/13487/328563/20538/23844/229927/209195/242607",0.538434096309916
"GO:0007492","endoderm development",81,-0.525423260936671,-1.66367855962964,0.00110951859594257,0.111333256611612,0.111333256611612,3873,"tags=31%, list=19%, signal=25%","16777/12814/12816/19227/11838/18511/19252/17387/13537/14465/17390/240672/14179/22370/12159/18119/14463/11601/17395/100038489/71950/319520/14042/18091/20674",0.45505986738723
"GO:0035795","negative regulation of mitochondrial membrane permeability",18,-0.705910781132874,-1.66347882972605,0.00914300756488731,0.316426379544108,0.316426379544108,1459,"tags=22%, list=7%, signal=21%","12176/15937/193740/12716",0.380730400722792
"GO:0002287","alpha-beta T cell activation involved in immune response",79,0.508485282210792,1.66197178475549,0.000789540024346263,0.0905433220777089,0.0905433220777089,5115,"tags=42%, list=24%, signal=32%","15978/16162/103743/12775/12772/19885/16160/16842/57765/16364/16182/16950/20849/20351/22164/16194/20371/14991/20737/16173/53314/14462/16362/16161/16852/17085/30925/214162/381305/20850/12051/17863/216799",0.477270815362862
"GO:0046635","positive regulation of alpha-beta T cell activation",74,0.514338144300879,1.66104996121884,0.00120460259451549,0.112436516432022,0.112436516432022,4303,"tags=43%, list=21%, signal=34%","16162/16963/12775/12501/12772/16160/83408/13136/22637/235320/19260/18106/54215/74131/12487/14634/22778/22164/20371/320404/14744/12144/12522/16173/15944/18761/16362/320484/16147/16161/207952/16186",0.45505986738723
"GO:0031424","keratinization",51,-0.577249049206391,-1.65996724170031,0.00282082116700293,0.163829326019009,0.163829326019009,3020,"tags=49%, list=14%, signal=42%","72383/19041/16175/110310/12560/232174/545975/14027/71529/406219/20761/76585/16681/20754/20765/67718/332131/20753/630994/20764/20758/66195/20759/16447/20762",0.431707695803346
"GO:0019184","nonribosomal peptide biosynthetic process",17,-0.705941147526597,-1.65819393290532,0.00914869490994661,0.316426379544108,0.316426379544108,3893,"tags=53%, list=19%, signal=43%","14651/14630/69772/207182/26570/211666/71522/20511/20510",0.380730400722792
"GO:0032925","regulation of activin receptor signaling pathway",26,-0.649581971295794,-1.65672770096264,0.00642601155115779,0.26285252344927,0.26285252344927,3251,"tags=35%, list=16%, signal=29%","23863/16322/17130/50791/14313/11481/14165/14180/240025",0.407017918923954
"GO:0001910","regulation of leukocyte mediated cytotoxicity",118,0.468523913957297,1.65047305067331,0.000308006256409328,0.0549448938516863,0.0549448938516863,3228,"tags=36%, list=15%, signal=30%","17057/545378/58179/225825/71183/26904/17059/16963/15006/100043861/243655/110557/503550/16642/15015/16643/320407/20400/16160/27007/83408/80782/232408/20726/15018/16002/56792/21354/20343/20723/14972/18439/71740/16641/54215/14964/19368/15042/13051/16197/18976/14991",0.49849310876659
"GO:1905709","negative regulation of membrane permeability",20,-0.685561780602632,-1.64896677421512,0.0104447114885027,0.327384694700559,0.327384694700559,1459,"tags=20%, list=7%, signal=19%","12176/15937/193740/12716",0.380730400722792
"GO:1990708","conditioned place preference",12,-0.760945285801793,-1.64880032845454,0.00970672402083985,0.319674777752992,0.319674777752992,3871,"tags=75%, list=19%, signal=61%","12064/15567/94109/14800/56013/108071/18389/20510/18387",0.380730400722792
"GO:0046942","carboxylic acid transport",353,-0.445066716878105,-1.64768440901127,1.31894502820945e-06,0.00174582323091926,0.00174582323091926,3694,"tags=30%, list=18%, signal=25%","13853/16181/212555/18779/20512/20513/20503/26399/217325/20532/17319/71781/18782/12904/14664/102857/114229/14580/54140/30805/54670/240332/26457/21825/13614/26557/57776/18671/18126/216225/227358/16175/24115/72401/11606/19736/108096/64051/68039/14079/27413/11770/18429/72267/224022/26570/193034/234564/70008/11611/328059/28253/70026/83885/76257/244595/18168/11846/12062/16523/19016/12780/18155/240638/71803/26970/19225/12298/12424/18670/229706/241877/241919/26458/20525/104245/26367/20511/13491/28254/20510/80879/245128/18784/20617/21943/11989/102570/14077/22066/13490/20524/14816/74087/14411/20614/232333/30962/20494/14812/14725/11847/13487/18778/12140/69354/242607",0.643551836150722
"GO:0098543","detection of other organism",18,0.66789812509864,1.63951958443111,0.0190001360190299,0.396165173747434,0.396165173747434,4950,"tags=50%, list=24%, signal=38%","57757/69165/56644/17951/17948/269855/21897/17952/257632",0.352487857583619
"GO:0042492","gamma-delta T cell differentiation",19,0.652551050256574,1.63651961596085,0.012016791064701,0.342023882564033,0.342023882564033,2381,"tags=42%, list=11%, signal=37%","244234/244233/19885/83408/16818/16842/12769/110168",0.380730400722792
"GO:2000252","negative regulation of feeding behavior",17,-0.696251216694179,-1.63543313397345,0.012939958416345,0.349887734557605,0.349887734557605,1507,"tags=35%, list=7%, signal=33%","12424/26367/17202/56183/16847/57264",0.380730400722792
"GO:0001958","endochondral ossification",39,-0.588004195233026,-1.63387173800416,0.00401870138898605,0.201625783750535,0.201625783750535,4055,"tags=41%, list=19%, signal=33%","17937/234356/12817/17300/19227/12393/17387/12159/12824/14172/12161/11647/237928/14042/12813/13395",0.407017918923954
"GO:0036075","replacement ossification",39,-0.588004195233026,-1.63387173800416,0.00401870138898605,0.201625783750535,0.201625783750535,4055,"tags=41%, list=19%, signal=33%","17937/234356/12817/17300/19227/12393/17387/12159/12824/14172/12161/11647/237928/14042/12813/13395",0.407017918923954
"GO:0001963","synaptic transmission, dopaminergic",28,-0.625455405128154,-1.63307235037728,0.00825574149778406,0.301240749424825,0.301240749424825,3536,"tags=36%, list=17%, signal=30%","15567/14251/14573/12919/50873/19225/13491/20617/13490/20538",0.380730400722792
"GO:0002418","immune response to tumor cell",38,0.568497163754228,1.63287355797859,0.00792531194227171,0.299390313489817,0.299390313489817,2486,"tags=34%, list=12%, signal=30%","225825/16963/243655/16160/27007/72310/18646/230979/14939/18566/14940/208154/54215",0.380730400722792
"GO:1902476","chloride transmembrane transport",98,-0.513217208976566,-1.63185042506775,0.000869605772848777,0.0930768045539141,0.0930768045539141,2891,"tags=30%, list=14%, signal=26%","57776/12638/59033/24115/14408/80797/224796/320091/12740/14409/216643/14404/12733/110886/99663/20510/212989/240215/20533/110304/14654/232333/13487/328563/20538/23844/229927/209195/242607",0.477270815362862
"GO:0000101","sulfur amino acid transport",14,-0.74025762555062,-1.63109517182057,0.00683425561369893,0.269261285590028,0.269261285590028,3343,"tags=50%, list=16%, signal=42%","20532/30805/26570/20511/20510/74087/30962",0.407017918923954
"GO:0002517","T cell tolerance induction",15,0.70147550959569,1.63068512293456,0.014869779453115,0.358998961082348,0.358998961082348,4025,"tags=53%, list=19%, signal=43%","16184/12501/54167/230979/15930/208154/20371/12524",0.380730400722792
"GO:0002708","positive regulation of lymphocyte mediated immunity",151,0.454546032514798,1.63028421309093,0.000256548890535194,0.0470730564290575,0.0470730564290575,5423,"tags=49%, list=26%, signal=37%","27278/380795/545378/58179/225825/15978/16016/209588/13482/26904/17059/16963/15006/243655/110557/503550/16642/15015/16643/320407/20400/16160/27007/83408/14125/13136/12516/57765/15018/14972/18439/16182/16641/54215/14964/74131/19368/73747/12487/15042/22164/237877/20371/14129/14991/16173/15013/667977/14462/15064/14367/30925/12266/233046/16176/19264/22042/15510/240095/20850/20851/329260/257632/83433/14131/21355/216799/22324/69583/17350/12480/67278/14082/15039",0.49849310876659
"GO:0031032","actomyosin structure organization",220,0.433440156458241,1.62971512656759,1.61894379333443e-05,0.00598180867993833,0.00598180867993833,3321,"tags=25%, list=16%, signal=22%","17930/53311/233199/19130/74376/234072/320502/21393/242702/11459/12391/12335/109272/16691/21957/226041/68802/13009/53814/100034363/12797/17996/22138/68760/11472/12372/93677/54357/218194/93689/228003/59011/11806/18175/21336/223864/13007/98932/385354/268970/238564/22437/404710/228564/56363/230837/68743/54324/50876/208177/21754/26934/77569/235041/14744/24131",0.575610261071129
"GO:0002705","positive regulation of leukocyte mediated immunity",176,0.443165741368219,1.62871664137081,7.75235257041624e-05,0.0199142432828852,0.0199142432828852,5423,"tags=48%, list=26%, signal=36%","27278/380795/545378/58179/225825/15978/16016/209588/13482/26904/17059/16963/15006/243655/110557/503550/16642/15015/16643/320407/327957/20400/16160/27007/83408/14125/13136/12516/57765/56644/15018/56792/20343/68891/14972/18439/16182/16641/54215/14964/74131/19368/73747/12487/15042/22164/237877/20371/14129/18976/230073/14991/16173/15013/667977/14462/15064/14367/30925/12266/234779/233046/16176/19264/22042/15510/240095/20850/20296/20851/329260/19204/257632/83433/14131/21355/216799/22324/69583/17350/12480/67278/14082/15039",0.538434096309916
"GO:0045780","positive regulation of bone resorption",24,-0.640479373734665,-1.62835480575888,0.0131800317879883,0.352675683926921,0.352675683926921,1517,"tags=33%, list=7%, signal=31%","20750/12349/17202/21943/11625/435626/75766/232790",0.380730400722792
"GO:0035809","regulation of urine volume",26,-0.63831352677869,-1.62798807301237,0.00931936691976934,0.31834560829127,0.31834560829127,2941,"tags=38%, list=14%, signal=33%","13614/18429/193034/18162/13618/18389/20533/11535/12223/223780",0.380730400722792
"GO:0002765","immune response-inhibiting signal transduction",12,0.728583467778559,1.6254856318357,0.0279259140076081,0.447439791123365,0.447439791123365,2718,"tags=42%, list=13%, signal=36%","71183/17086/233274/18726/52855",0.352487857583619
"GO:0070098","chemokine-mediated signaling pathway",80,0.498852008431929,1.62504554711911,0.00218897805163734,0.145012375624512,0.145012375624512,3105,"tags=34%, list=15%, signal=29%","12458/12773/12776/20304/243979/233231/13349/16963/12775/20299/23832/12772/243978/80901/235854/20307/17329/12766/12769/12145/20290/20315/19876/20306/12774/20305/13051",0.431707695803346
"GO:0014075","response to amine",54,-0.547500530687527,-1.62502371049267,0.0043692446699731,0.210972099778701,0.210972099778701,2941,"tags=33%, list=14%, signal=29%","13614/19739/18429/18742/13166/20310/18227/16193/15559/108071/14810/268345/14811/13491/20510/18430/13490/279028",0.407017918923954
"GO:0002495","antigen processing and presentation of peptide antigen via MHC class II",24,0.632448229816437,1.62304424983062,0.0088203783528176,0.311233350449421,0.311233350449421,6305,"tags=75%, list=30%, signal=52%","14969/14961/14960/16149/15000/15001/14999/15002/14998/13040/72925/83433/13034/381091/54445/14127/66824/12010",0.380730400722792
"GO:0033210","leptin-mediated signaling pathway",11,-0.758936453219608,-1.62256089051515,0.0168895283112986,0.377766145736897,0.377766145736897,834,"tags=18%, list=4%, signal=17%","16847/78245",0.352487857583619
"GO:0052547","regulation of peptidase activity",34,-0.591422263193404,-1.62254139610629,0.00853878619303882,0.307415678438253,0.307415678438253,3793,"tags=41%, list=18%, signal=34%","232345/21857/13601/14433/20704/18787/20319/59083/241196/433180/20701/70835/380839/72902",0.380730400722792
"GO:0001662","behavioral fear response",54,-0.546163574564689,-1.62105552182851,0.00444267563943509,0.211078322687495,0.211078322687495,1821,"tags=28%, list=9%, signal=25%","18619/12290/12424/225642/11516/241118/110886/17450/56710/13491/20510/72585/21907/14812/383348",0.407017918923954
"GO:0043627","response to estrogen",81,-0.511874306220493,-1.62077770779732,0.00245760696761205,0.154732862215731,0.154732862215731,3341,"tags=35%, list=16%, signal=29%","13982/17684/17387/14466/17130/14465/17390/12919/20845/28253/20531/11835/20928/14463/12780/16531/15368/17700/12349/56492/11608/16008/13115/12484/387161/18387/74614/16669",0.431707695803346
"GO:0006750","glutathione biosynthetic process",14,-0.735375324830649,-1.62033743443719,0.00799399491249626,0.300218920047082,0.300218920047082,3893,"tags=57%, list=19%, signal=47%","14651/14630/207182/26570/211666/71522/20511/20510",0.380730400722792
"GO:0002883","regulation of hypersensitivity",12,0.726062373104143,1.61986101454613,0.0293860722432819,0.459166316171184,0.459166316171184,3307,"tags=58%, list=16%, signal=49%","380795/16016/12775/14125/14347/14129/20737",0.352487857583619
"GO:0060795","cell fate commitment involved in formation of primary germ layer",26,-0.634198207773001,-1.61749214902387,0.00995657357084598,0.321596959078184,0.321596959078184,2934,"tags=23%, list=14%, signal=20%","14465/12159/18119/20319/71950/20674",0.380730400722792
"GO:0015849","organic acid transport",354,-0.440672344396382,-1.61478388276008,1.90295275870988e-06,0.00174582323091926,0.00174582323091926,3694,"tags=30%, list=18%, signal=25%","13853/16181/212555/18779/20512/20513/20503/26399/217325/20532/17319/71781/18782/12904/14664/102857/114229/14580/54140/30805/54670/240332/26457/21825/13614/26557/57776/18671/18126/216225/227358/16175/24115/72401/11606/19736/108096/64051/68039/14079/27413/11770/18429/72267/224022/26570/193034/234564/70008/11611/328059/28253/70026/83885/76257/244595/18168/11846/12062/16523/19016/12780/18155/240638/71803/26970/19225/12298/12424/18670/229706/241877/241919/26458/20525/104245/26367/20511/13491/28254/20510/80879/245128/18784/20617/21943/11989/102570/14077/22066/13490/20524/14816/74087/14411/20614/232333/30962/20494/14812/14725/11847/13487/18778/12140/69354/242607",0.643551836150722
"GO:0071360","cellular response to exogenous dsRNA",21,0.634630018434961,1.61444219696606,0.0108327639897462,0.328625989327043,0.328625989327043,3757,"tags=62%, list=18%, signal=51%","12265/67917/23960/246727/246729/23961/246730/214763/114643/19368/230073/72512/13211",0.380730400722792
"GO:0042596","fear response",61,-0.534293396801642,-1.61426742940757,0.00288270224854375,0.163829326019009,0.163829326019009,2960,"tags=33%, list=14%, signal=28%","14829/218461/13166/11551/18619/12290/12424/225642/11516/241118/110886/17450/56710/13491/20510/14042/72585/21907/14812/383348",0.431707695803346
"GO:0019236","response to pheromone",26,-0.632230682592348,-1.61247407030068,0.0105937810953022,0.327384694700559,0.327384694700559,1379,"tags=31%, list=7%, signal=29%","171192/404289/113854/56552/171261/56544/113855/252905",0.380730400722792
"GO:0045058","T cell selection",63,0.507137320064434,1.61198961620293,0.00457761436706862,0.213024923661701,0.213024923661701,4154,"tags=43%, list=20%, signal=34%","16149/12775/58208/12501/210757/12502/57765/108723/12500/16364/16950/22637/14998/12487/94176/14634/16194/20371/320404/20737/12043/53314/14462/14102/16852/17085/30925",0.407017918923954
"GO:0046631","alpha-beta T cell activation",207,0.430993558038494,1.61130540784178,6.32526910286735e-05,0.0176612513820062,0.0176612513820062,4303,"tags=36%, list=21%, signal=29%","18089/93675/15978/16162/94071/103743/16428/16963/12775/381409/58208/12501/54167/12772/19885/16160/83408/72310/16818/16842/13136/230979/14347/57765/16364/16182/16950/22637/235320/110168/19260/16145/18106/208154/54215/74131/20849/545030/12487/20351/94176/14634/22778/22164/16194/73149/22165/20371/320404/269799/14991/14744/20737/12144/12522/16173/21949/15944/18761/12043/53314/14462/19208/16362/320484/15216/16147/16161/93694/16852/17085/30925/16859/207952/16186",0.538434096309916
"GO:0016045","detection of bacterium",16,0.672589794179602,1.61125418849088,0.0169434080286157,0.377766145736897,0.377766145736897,4950,"tags=50%, list=24%, signal=38%","57757/69165/17951/17948/269855/21897/17952/257632",0.352487857583619
"GO:1901029","negative regulation of mitochondrial outer membrane permeabilization involved in apoptotic signaling pathway",13,-0.728973408395283,-1.61118726765893,0.0160409176258338,0.369381150691092,0.369381150691092,1005,"tags=23%, list=5%, signal=22%","15937/193740/12716",0.352487857583619
"GO:0046579","positive regulation of Ras protein signal transduction",22,-0.658601290908299,-1.6103544698334,0.00816915138520312,0.301240749424825,0.301240749424825,2136,"tags=23%, list=10%, signal=20%","18211/320127/14165/75104/19417",0.380730400722792
"GO:0002504","antigen processing and presentation of peptide or polysaccharide antigen via MHC class II",26,0.599504617083549,1.6078945174852,0.0151168302985981,0.360893249730845,0.360893249730845,3201,"tags=38%, list=15%, signal=33%","14969/14961/14960/16149/15000/15001/14999/15002/14998/13040",0.380730400722792
"GO:0089718","amino acid import across plasma membrane",57,-0.543858782634264,-1.60602947346909,0.00420320082991985,0.20763812099804,0.20763812099804,3579,"tags=40%, list=17%, signal=34%","20512/20513/14664/14580/30805/240332/20502/72401/11606/19736/26570/70008/70026/76257/11846/104245/74338/20511/20510/11989/14816/11847/69354",0.407017918923954
"GO:0060700","regulation of ribonuclease activity",8,0.810153856983885,1.60528847940945,0.0104910150904797,0.327384694700559,0.327384694700559,2165,"tags=75%, list=10%, signal=67%","23960/246727/246729/23961/246730/114643",0.380730400722792
"GO:0015669","gas transport",17,-0.683074766688264,-1.60448280683415,0.0173809751506099,0.379661981010941,0.379661981010941,2190,"tags=47%, list=10%, signal=42%","216635/544763/19743/64242/11830/101488143/15129/15122",0.352487857583619
"GO:0002220","innate immune response activating cell surface receptor signaling pathway",100,0.474020545392599,1.60177297926568,0.000859759510966532,0.0930768045539141,0.0930768045539141,3280,"tags=26%, list=16%, signal=22%","66873/233079/58179/243655/503550/16642/16643/320407/327957/27007/23960/414084/246729/56644/23961/66166/246730/114643/19260/16641/16803/12491/17002/225471/17174/53791",0.477270815362862
"GO:0042711","maternal behavior",17,-0.681666609426779,-1.60117516874597,0.0173809751506099,0.379661981010941,0.379661981010941,3115,"tags=59%, list=15%, signal=50%","54140/77128/12919/18429/27386/13166/56710/15165/18430/18387",0.352487857583619
"GO:2000243","positive regulation of reproductive process",93,-0.503539861689679,-1.59973730188264,0.00158111124590295,0.122534303592379,0.122534303592379,2480,"tags=29%, list=12%, signal=26%","18429/625662/20423/22353/105511/18426/11835/20682/17701/16324/13618/207686/22417/665270/12173/268491/22339/100038489/75002/13491/21333/22431/18430/14654/17702/26423/57264",0.45505986738723
"GO:0046459","short-chain fatty acid metabolic process",14,-0.725749264122384,-1.59912722247453,0.00955101466347298,0.319461542545956,0.319461542545956,2228,"tags=36%, list=11%, signal=32%","234564/244595/104158/12623/171282",0.380730400722792
"GO:0060405","regulation of penile erection",11,-0.746712884892976,-1.59642763018065,0.0208455371784255,0.410644293741867,0.410644293741867,3138,"tags=73%, list=15%, signal=62%","11486/18429/20423/22353/11835/13618/13491/18430",0.352487857583619
"GO:0015698","inorganic anion transport",154,-0.472021935576388,-1.59229073995368,0.00037570126144448,0.0603188375249112,0.0603188375249112,3217,"tags=30%, list=15%, signal=25%","69847/16535/12724/269356/54670/21819/57776/12638/18671/216225/59033/24115/14408/193034/80797/224796/12608/20531/20497/20495/320091/12740/14409/216643/14404/56857/19092/12733/110886/99663/20510/212989/240215/20533/110304/19886/14654/232333/13487/328563/243755/20538/23844/229927/209195/242607",0.49849310876659
"GO:0006620","post-translational protein targeting to endoplasmic reticulum membrane",18,-0.675649004586877,-1.59216695012368,0.019899754642343,0.403805764945829,0.403805764945829,3,"tags=6%, list=0%, signal=6%","14652",0.352487857583619
"GO:1903900","regulation of viral life cycle",116,0.45813309913997,1.59042957280214,0.00103734059502287,0.108436481659489,0.108436481659489,3467,"tags=26%, list=17%, signal=22%","19130/170776/20304/170780/170786/16149/214523/75863/11628/23960/434219/246727/246728/246729/80287/69097/23961/246730/114643/231655/214158/319278/23962/17858/17002/667823/213002/20128/12043/319415",0.45505986738723
"GO:0043457","regulation of cellular respiration",55,0.513864352169103,1.58856302818197,0.00448471884780671,0.211078322687495,0.211078322687495,2165,"tags=18%, list=10%, signal=16%","207728/70673/15978/17928/23960/246729/11474/23961/246730/114643",0.407017918923954
"GO:0002703","regulation of leukocyte mediated immunity",286,0.414692636328964,1.58661782357946,6.48096722573967e-06,0.00377282387547272,0.00377282387547272,3344,"tags=28%, list=16%, signal=24%","27278/14126/380795/17057/545378/58179/225825/15978/16016/209588/71183/13482/378460/237625/26904/17059/16963/15006/75863/100043861/243655/110557/503550/16642/15015/16643/320407/327957/20400/15223/12772/16160/27007/83408/80782/232408/14125/20726/13136/230979/14347/12516/57765/56644/15018/18566/16002/56792/21354/16019/20343/20723/68891/215900/14972/18439/16182/71740/16641/208154/54215/14964/11542/74131/14461/19368/73747/14191/12487/15042/22164/237877/20371/13051/14129/16197/18976/230073/14991/20737/16173",0.610526878385931
"GO:0002209","behavioral defense response",55,-0.543653161918622,-1.58633133486231,0.00347998978792001,0.183967592387588,0.183967592387588,1821,"tags=27%, list=9%, signal=25%","18619/12290/12424/225642/11516/241118/110886/17450/56710/13491/20510/72585/21907/14812/383348",0.431707695803346
"GO:0043084","penile erection",12,-0.73202059753266,-1.58612691893556,0.0200636800486807,0.403805764945829,0.403805764945829,3138,"tags=67%, list=15%, signal=57%","11486/18429/20423/22353/11835/13618/13491/18430",0.352487857583619
"GO:0031341","regulation of cell killing",132,0.449131319254109,1.58588801362833,0.000854128866422623,0.0930768045539141,0.0930768045539141,3228,"tags=34%, list=15%, signal=29%","17057/545378/58179/225825/71183/26904/17059/16963/15006/100043861/243655/110557/503550/16642/15015/16643/320407/20400/16160/27007/83408/80782/232408/18646/20726/13136/15018/16002/56792/21354/20343/20723/14972/18439/71740/16641/54215/14964/19368/15042/12774/13051/16197/18976/14991",0.477270815362862
"GO:0048570","notochord morphogenesis",12,0.71082903897507,1.58587511334629,0.0384907807441755,0.522475602622211,0.522475602622211,2101,"tags=33%, list=10%, signal=30%","14633/14632/18121/22411",0.321775918075361
"GO:0031342","negative regulation of cell killing",37,0.551369680774841,1.58571054244151,0.0081792120960287,0.301240749424825,0.301240749424825,4562,"tags=51%, list=22%, signal=40%","545378/71183/26904/243655/16643/80782/20726/16002/21354/20723/71740/13051/16197/93694/16331/26365/16859/171285/19264",0.380730400722792
"GO:0038110","interleukin-2-mediated signaling pathway",15,0.682085329185521,1.58560973784505,0.0203166480674463,0.40519724810292,0.40519724810292,1931,"tags=33%, list=9%, signal=30%","15978/209588/16184/16185/12516",0.352487857583619
"GO:0071352","cellular response to interleukin-2",15,0.682085329185521,1.58560973784505,0.0203166480674463,0.40519724810292,0.40519724810292,1931,"tags=33%, list=9%, signal=30%","15978/209588/16184/16185/12516",0.352487857583619
"GO:2000644","regulation of receptor catabolic process",13,0.70856832045628,1.58532902403575,0.021776160733563,0.417452251435647,0.417452251435647,5059,"tags=62%, list=24%, signal=47%","209200/100102/16792/11305/18552/77116/11816/18550",0.352487857583619
"GO:0051346","negative regulation of hydrolase activity",65,-0.521082648538856,-1.58505524553373,0.00611956877128237,0.255193965254386,0.255193965254386,3793,"tags=34%, list=18%, signal=28%","232345/11983/13853/18984/21857/13601/18762/14433/112405/20704/18787/19733/57875/208213/59083/11516/241196/433180/16847/20701/380839/72902",0.407017918923954
"GO:0021527","spinal cord association neuron differentiation",6,-0.867054878668337,-1.5818552071432,0.00914300756488731,0.316426379544108,0.316426379544108,510,"tags=33%, list=2%, signal=33%","22408/238057",0.380730400722792
"GO:0048730","epidermis morphogenesis",36,0.553186360175794,1.58142658320603,0.0123229754586782,0.342589386994075,0.342589386994076,704,"tags=17%, list=3%, signal=16%","66042/14633/21418/16667/22409/18053",0.380730400722792
"GO:0035456","response to interferon-beta",72,0.490712814672605,1.5812283940047,0.00349486861901054,0.183967592387588,0.183967592387588,3992,"tags=44%, list=19%, signal=36%","240328/225594/545384/100039796/23960/246729/15953/240327/23961/620913/21822/246730/60440/114643/54396/16145/15950/215243/100040462/319278/623121/213002/102639543/100702/327959/236312/15944/72512/432555/14469/16362/100033459",0.431707695803346
"GO:0001975","response to amphetamine",35,-0.583472591343891,-1.58027384252846,0.00723430482924076,0.281567912808389,0.281567912808389,2941,"tags=40%, list=14%, signal=34%","13614/19739/18429/13166/20310/18227/16193/108071/14810/14811/13491/20510/18430/13490",0.407017918923954
"GO:0001909","leukocyte mediated cytotoxicity",166,0.434111270875549,1.57988613599247,0.000363297314785235,0.0598229578346353,0.0598229578346353,5204,"tags=46%, list=25%, signal=35%","12481/17057/545378/58179/225825/71183/13035/26904/17059/16963/15006/100043861/243655/110557/503550/16642/15015/16643/320407/20400/16160/27007/83408/80782/232408/72310/18646/20726/14939/15018/14940/16002/56792/21354/20343/20723/246256/14972/18439/71740/16641/54215/14964/19368/15042/13051/14129/16197/18976/14991/16173/15013/667977/58218/15064/11891/93694/30925/16331/26365/16859/171285/12721/19264/14130/240095/20850/20296/58217/20851/14131/21355/17969/13032/22324/104709/70450",0.49849310876659
"GO:0002837","regulation of immune response to tumor cell",36,0.552329962851011,1.57897834949548,0.0125170340851223,0.346484452132137,0.346484452132137,2486,"tags=33%, list=12%, signal=29%","225825/16963/243655/16160/27007/18646/230979/14939/18566/14940/208154/54215",0.380730400722792
"GO:0015813","L-glutamate transmembrane transport",33,-0.590755446357126,-1.57876636801216,0.00856857777023471,0.307415678438253,0.307415678438253,3694,"tags=36%, list=18%, signal=30%","13853/20512/20513/20532/57776/26570/71803/20511/20510/14816/74087/242607",0.380730400722792
"GO:2001204","regulation of osteoclast development",12,-0.727610410323853,-1.57657101754015,0.0228632106705902,0.418842309345592,0.418842309345592,1205,"tags=33%, list=6%, signal=31%","56492/97086/21943/620235",0.352487857583619
"GO:0032735","positive regulation of interleukin-12 production",42,0.526482338037465,1.57584903281001,0.0186393809653791,0.396026863972501,0.396026863972501,5519,"tags=52%, list=26%, signal=39%","15978/12775/327957/16160/56644/15930/654459/16994/12491/22164/16792/209590/16362/27056/234779/17242/15510/257632/26416/54445/117149/81897",0.352487857583619
"GO:0015807","L-amino acid transport",99,-0.488129257118142,-1.57305509377464,0.00242485280094748,0.154182224630542,0.154182224630542,3803,"tags=31%, list=18%, signal=26%","214663/13853/212555/20512/20513/217325/20532/240332/57776/72401/11606/26570/70008/328059/83885/76257/11846/16523/71803/229706/20511/20510/245128/11989/14816/74087/20614/30962/11847/69354/242607",0.431707695803346
"GO:0010819","regulation of T cell chemotaxis",15,0.676676052889309,1.57303506308961,0.022833692826791,0.418842309345592,0.418842309345592,1306,"tags=27%, list=6%, signal=25%","20304/16963/12775/12772",0.352487857583619
"GO:0002664","regulation of T cell tolerance induction",13,0.702259916088627,1.57121479362116,0.0263055138638488,0.435855943404158,0.435855943404158,4025,"tags=54%, list=19%, signal=43%","16184/12501/230979/15930/208154/20371/12524",0.352487857583619
"GO:0051923","sulfation",18,-0.666384354585761,-1.57033480142502,0.0258539030597166,0.434643365051047,0.434643365051047,1595,"tags=28%, list=8%, signal=26%","29859/330440/14042/381334/69083",0.352487857583619
"GO:0016064","immunoglobulin mediated immune response",143,0.438544692755483,1.57030956581736,0.00113036298533742,0.111679862951337,0.111679862951337,3179,"tags=30%, list=15%, signal=26%","12458/404711/380795/629860/668469/225825/15978/16016/109828/110786/16149/380808/16963/667277/238447/11628/16185/50908/15223/317677/780932/83408/14125/777686/629822/13136/57765/16019/50909/246256/14998/232371/73747/12487/26909/54123/22164/22256/237877/12268/20371/50723/14129",0.45505986738723
"GO:0015671","oxygen transport",11,-0.734268640844198,-1.5698225783085,0.0275403497864587,0.443268487039193,0.443268487039193,2190,"tags=55%, list=10%, signal=49%","216635/544763/64242/101488143/15129/15122",0.352487857583619
"GO:0070269","pyroptotic inflammatory response",51,0.503796007870441,1.56980104236507,0.0135799184222151,0.355637112214949,0.355637112214949,5401,"tags=47%, list=26%, signal=35%","74548/14468/14938/18646/637515/14939/14940/17951/17948/20821/57911/13211/14469/69146/54722/17952/12370/65964/83433/12362/26416/216799/383619/229898",0.380730400722792
"GO:0097107","postsynaptic density assembly",33,-0.587244198674126,-1.56938272240066,0.00916463821164809,0.316426379544108,0.316426379544108,2634,"tags=36%, list=13%, signal=32%","18164/268932/107065/19229/192167/227580/18190/272381/19266/12404/329942/18191",0.380730400722792
"GO:0047484","regulation of response to osmotic stress",15,-0.702458827488151,-1.56935207786635,0.0219023688429839,0.418227185590535,0.418227185590535,1852,"tags=33%, list=9%, signal=30%","12062/19225/98363/14934/170790",0.352487857583619
"GO:0008356","asymmetric cell division",21,0.616555821800968,1.56846305183495,0.0172048558925327,0.378388988157004,0.378388988157004,3790,"tags=33%, list=18%, signal=27%","14168/233752/74117/235320/26357/12316/21678",0.352487857583619
"GO:0002349","histamine production involved in inflammatory response",10,0.755464219734618,1.56749258621558,0.0139708753294986,0.355637112214949,0.355637112214949,2593,"tags=30%, list=12%, signal=26%","237625/442827/11542",0.380730400722792
"GO:0002441","histamine secretion involved in inflammatory response",10,0.755464219734618,1.56749258621558,0.0139708753294986,0.355637112214949,0.355637112214949,2593,"tags=30%, list=12%, signal=26%","237625/442827/11542",0.380730400722792
"GO:0002553","histamine secretion by mast cell",10,0.755464219734618,1.56749258621558,0.0139708753294986,0.355637112214949,0.355637112214949,2593,"tags=30%, list=12%, signal=26%","237625/442827/11542",0.380730400722792
"GO:0015810","aspartate transmembrane transport",21,-0.638593019536421,-1.56731088205784,0.0194176418069904,0.399679793860552,0.399679793860552,3579,"tags=43%, list=17%, signal=36%","20512/20513/20532/14580/72267/71803/20511/20510/74087",0.352487857583619
"GO:0002720","positive regulation of cytokine production involved in immune response",71,0.477692797700575,1.5672464669223,0.00998587850812379,0.321596959078184,0.321596959078184,5213,"tags=48%, list=25%, signal=36%","27278/233079/225825/15978/209588/16149/16963/327957/67313/83408/13136/230979/12516/57765/56644/16182/54215/74131/12491/22164/230073/16792/16173/14462/14367/27056/234779/16176/21687/210808/329260/257632/216799/18124",0.380730400722792
"GO:0015711","organic anion transport",437,-0.41725034164867,-1.56679900321923,7.27975679596743e-06,0.00377282387547272,0.00377282387547272,3415,"tags=27%, list=16%, signal=23%","20503/26399/217325/56017/20532/17319/71781/18782/12904/14664/102857/114229/14580/269356/54140/30805/228993/54670/240332/26457/21825/13614/26557/57776/12638/18671/18126/216225/227358/16175/59033/24115/72401/11606/19736/108096/64051/68039/14079/103775/27413/11770/18429/72267/224022/26570/193034/234564/70008/11611/328059/28253/232156/70026/83885/76257/244595/76157/18168/11846/12062/16523/19016/12780/18155/240638/71803/26970/19225/12298/12424/56857/18670/229706/240726/241877/241919/26458/20525/104245/240669/26367/20511/13491/28254/20510/80879/245128/18784/20617/21943/11989/212989/102570/14077/22066/13490/240215/20524/14816/20533/74087/14411/20614/70129/232333/30962/20494/14812/14725/11847/13487/18778/12140/69354/242607",0.610526878385931
"GO:0045823","positive regulation of heart contraction",41,-0.560169393198112,-1.56659862490094,0.0106545314843377,0.327384694700559,0.327384694700559,4090,"tags=49%, list=20%, signal=39%","15214/238871/30878/11554/16535/11486/54140/13614/20271/14219/19736/70008/14528/11549/100038489/20510/56183/11535/18091/223780",0.380730400722792
"GO:1990868","response to chemokine",91,0.462516263754776,1.56572262110232,0.00270844687854059,0.160471089595899,0.160471089595899,3105,"tags=30%, list=15%, signal=25%","12458/12773/12776/20304/243979/233231/13349/16963/12775/20299/23832/12772/243978/80901/235854/20307/17329/12766/12769/12145/20290/20315/19876/20306/12774/20305/13051",0.431707695803346
"GO:1990869","cellular response to chemokine",91,0.462516263754776,1.56572262110232,0.00270844687854059,0.160471089595899,0.160471089595899,3105,"tags=30%, list=15%, signal=25%","12458/12773/12776/20304/243979/233231/13349/16963/12775/20299/23832/12772/243978/80901/235854/20307/17329/12766/12769/12145/20290/20315/19876/20306/12774/20305/13051",0.431707695803346
"GO:0046850","regulation of bone remodeling",59,-0.528763535168179,-1.56524344538866,0.00638270658207954,0.262754754295608,0.262754754295608,1888,"tags=27%, list=9%, signal=25%","23892/27273/16193/83924/20750/12349/22339/56492/17202/21943/16847/11625/620235/435626/75766/232790",0.407017918923954
"GO:0070669","response to interleukin-2",17,0.648741758498579,1.56443959328028,0.0129668764909234,0.349887734557605,0.349887734557605,1931,"tags=29%, list=9%, signal=27%","15978/209588/16184/16185/12516",0.380730400722792
"GO:0002834","regulation of response to tumor cell",37,0.543833296774582,1.56403629378804,0.00926976114240091,0.318344417414431,0.318344417414431,2486,"tags=32%, list=12%, signal=29%","225825/16963/243655/16160/27007/18646/230979/14939/18566/14940/208154/54215",0.380730400722792
"GO:0034698","response to gonadotropin",29,-0.592368177645029,-1.56391812300942,0.0130238542001647,0.349954776876392,0.349954776876392,4080,"tags=52%, list=20%, signal=42%","238871/13039/13640/18984/14630/13614/14465/20845/16324/14463/14460/22431/19017/94224/105349",0.380730400722792
"GO:0030539","male genitalia development",21,-0.636913366017962,-1.56318847677461,0.0194176418069904,0.399679793860552,0.399679793860552,2545,"tags=43%, list=12%, signal=38%","14179/20423/104271/11835/12161/14165/22431/94224/20674",0.352487857583619
"GO:0046629","gamma-delta T cell activation",23,0.60111221912131,1.56214427378492,0.0312112713376216,0.473675661506728,0.473675661506728,2381,"tags=43%, list=11%, signal=39%","244234/16428/244233/19885/83408/16818/16842/270152/12769/110168",0.352487857583619
"GO:0051580","regulation of neurotransmitter uptake",19,-0.661211255188953,-1.56150591905496,0.0162329683163991,0.3696741933614,0.3696741933614,3427,"tags=42%, list=16%, signal=35%","14251/14580/14573/20974/50873/20617/13490/110877",0.352487857583619
"GO:0048521","negative regulation of behavior",26,-0.612109843069329,-1.56115683294276,0.0164833269568076,0.372732132804995,0.372732132804995,4158,"tags=42%, list=20%, signal=34%","58991/242864/13983/105171/11486/12424/26367/17202/56183/16847/57264",0.352487857583619
"GO:1903727","positive regulation of phospholipid metabolic process",15,-0.698512771625517,-1.56053625731563,0.0247386006981657,0.425681717877776,0.425681717877776,5324,"tags=73%, list=25%, signal=55%","66826/72433/53357/224792/20186/15558/11813/15559/18784/73472/14077",0.352487857583619
"GO:0014819","regulation of skeletal muscle contraction",19,0.621758599373831,1.55929584952402,0.0198324518686455,0.403805764945829,0.403805764945829,3501,"tags=47%, list=17%, signal=39%","12391/243277/11937/12372/19700/11474/13405/74492/110880",0.352487857583619
"GO:0002699","positive regulation of immune effector process",269,0.407724635806514,1.55920337701819,2.42140137490991e-05,0.0081843366471955,0.0081843366471955,3238,"tags=29%, list=16%, signal=25%","27278/14126/380795/233079/545378/58179/225825/15978/16016/209588/23993/13482/237625/26904/16149/109820/15000/17059/16963/15006/12775/243655/110557/21940/503550/16642/15015/16643/320407/327957/22163/20400/12772/16191/16160/67313/27007/83408/14125/239447/13136/230979/12516/57765/56644/15018/56792/16019/14999/20343/68891/14972/18439/16182/19260/16641/54215/14964/11542/74131/14461/19368/73747/14191/12487/15042/16803/12491/22164/237877/20371/17174/14129/18976/230073/14991/16792",0.575610261071129
"GO:0001906","cell killing",243,0.409507995324492,1.55869171903004,9.1558775375182e-05,0.02261501751767,0.02261501751767,3228,"tags=32%, list=15%, signal=27%","14945/12481/14468/17057/545378/58179/14962/225825/71183/109828/13035/26904/17059/16963/15006/667277/100043861/243655/20299/110557/503550/16642/15015/16643/14938/50908/320407/20400/317677/16160/27007/83408/17110/80782/232408/72310/18158/18646/20297/20726/13136/20307/17329/14939/14190/15018/14940/16002/56792/21354/20295/20343/67405/50909/20723/246256/14972/54396/18439/20290/71740/16145/16641/54215/14964/19368/19946/15042/20315/17002/12774/13051/17174/14129/16197/18976/14991",0.538434096309916
"GO:1905198","manchette assembly",13,-0.705187254982487,-1.55861477724444,0.0306415176364179,0.470864793172478,0.470864793172478,1814,"tags=38%, list=9%, signal=35%","75172/104362/77058/74453/117229",0.352487857583619
"GO:0015846","polyamine transport",15,0.670019934580465,1.5575619169081,0.0260699015242332,0.435855943404158,0.435855943404158,4118,"tags=47%, list=20%, signal=37%","53814/20518/76306/18987/18245/20519/67473",0.352487857583619
"GO:0071871","response to epinephrine",13,-0.704651017028352,-1.55742957658528,0.0309657634904999,0.473481269371406,0.473481269371406,4323,"tags=62%, list=21%, signal=49%","381290/238871/18578/16535/11450/20845/18619/238161",0.352487857583619
"GO:0045124","regulation of bone resorption",49,-0.534309541194747,-1.55696910905863,0.0112429024373282,0.330954782031604,0.330954782031604,1856,"tags=29%, list=9%, signal=26%","27273/16193/83924/20750/12349/22339/56492/17202/21943/11625/620235/435626/75766/232790",0.380730400722792
"GO:0070166","enamel mineralization",21,-0.634077099795492,-1.5562273751357,0.0213120060052842,0.41241827196588,0.41241827196588,4662,"tags=48%, list=22%, signal=37%","20535/56458/208659/27060/381651/12638/546144/435529/16420/17702",0.352487857583619
"GO:0001711","endodermal cell fate commitment",14,-0.706261000698279,-1.55618647957495,0.0137958226135588,0.355637112214949,0.355637112214949,960,"tags=14%, list=5%, signal=14%","71950/20674",0.380730400722792
"GO:0098581","detection of external biotic stimulus",27,0.5840437785515,1.55575501639996,0.0232182905834679,0.418842309345592,0.418842309345592,4981,"tags=41%, list=24%, signal=31%","57757/69165/56644/17951/17948/16803/269855/21897/17952/257632/83433",0.352487857583619
"GO:1903524","positive regulation of blood circulation",45,-0.545236149988631,-1.55376733783296,0.0128228951073431,0.349887734557605,0.349887734557605,4158,"tags=49%, list=20%, signal=39%","58991/15214/238871/30878/11554/16535/11486/54140/13614/20271/14219/19736/240672/70008/14528/11549/100038489/20510/56183/11535/18091/223780",0.380730400722792
"GO:0048002","antigen processing and presentation of peptide antigen",71,0.473537631033477,1.55361391832657,0.0113503377444053,0.331326677248048,0.331326677248048,5061,"tags=55%, list=24%, signal=42%","14969/14961/14960/16149/15000/15006/110557/15015/15001/15018/21354/14999/14972/15002/80898/213233/14964/14998/19368/15042/73149/269799/14129/13040/14991/15013/667977/15064/15216/17476/21356/72925/240095/98682/83433/13034/14131/21355/381091",0.380730400722792
"GO:0044029","positive regulation of gene expression via chromosomal CpG island demethylation",10,0.74856552128389,1.5531786605609,0.0155328174711493,0.366579459604175,0.366579459604175,1186,"tags=20%, list=6%, signal=19%","11811/11628",0.380730400722792
"GO:1901978","positive regulation of cell cycle checkpoint",16,0.648247115012632,1.55293893585653,0.0254692807193194,0.431566545592267,0.431566545592267,5534,"tags=56%, list=26%, signal=41%","19130/11799/20877/209334/65964/56150/16319/76464/52276",0.352487857583619
"GO:0006820","monoatomic anion transport",161,-0.454701057108073,-1.55214672647286,0.00109018066270357,0.11112920977591,0.11112920977591,3217,"tags=29%, list=15%, signal=25%","69847/16535/12724/269356/54670/21819/57776/12638/18671/216225/59033/24115/72267/14408/193034/80797/232156/224796/20855/20497/20495/320091/12740/14409/216643/14404/19092/12349/12733/59020/110886/99663/20511/20510/212989/240215/20533/110304/14654/232333/13487/328563/20538/23844/229927/209195/242607",0.45505986738723
"GO:0042219","modified amino acid catabolic process",29,-0.586991946176669,-1.54972427171192,0.0150275022523605,0.360099326360669,0.360099326360669,5571,"tags=45%, list=27%, signal=33%","107747/75475/107585/212647/68044/100039707/216188/207182/67432/241850/69065/268782/12116",0.380730400722792
"GO:0032107","regulation of response to nutrient levels",36,-0.56803952522273,-1.54948475362184,0.0211105834633671,0.41241827196588,0.41241827196588,1825,"tags=19%, list=9%, signal=18%","23886/12424/11604/17202/93690/13115/14526",0.352487857583619
"GO:0098656","monoatomic anion transmembrane transport",131,-0.459702696402174,-1.54655412381147,0.00310706011678112,0.170543077521097,0.170543077521097,2891,"tags=25%, list=14%, signal=22%","57776/12638/59033/24115/72267/14408/193034/80797/232156/224796/320091/12740/14409/216643/14404/12733/110886/99663/20511/20510/212989/240215/20533/110304/14654/232333/13487/328563/20538/23844/229927/209195/242607",0.431707695803346
"GO:1905039","carboxylic acid transmembrane transport",156,-0.451645559287052,-1.54651899322475,0.00120805350884607,0.112436516432022,0.112436516432022,3993,"tags=30%, list=19%, signal=25%","216867/268706/214663/13853/212555/20512/20513/20503/20532/71781/14664/102857/14580/240332/26457/21825/57776/18671/216225/72401/11606/19736/72267/224022/26570/70008/328059/70026/83885/76257/11846/240638/71803/241919/20525/104245/20511/20510/80879/245128/11989/14816/74087/14725/11847/69354/242607",0.45505986738723
"GO:0060746","parental behavior",19,-0.654729749022128,-1.54619929781331,0.0186157267863911,0.396026863972501,0.396026863972501,3115,"tags=53%, list=15%, signal=45%","54140/77128/12919/18429/27386/13166/56710/15165/18430/18387",0.352487857583619
"GO:0097501","stress response to metal ion",11,-0.722871653384651,-1.54545649858851,0.0368852142624546,0.511482386061858,0.511482386061858,4301,"tags=55%, list=21%, signal=43%","67547/17750/17831/17748/17752/17751",0.321775918075361
"GO:0072173","metanephric tubule morphogenesis",8,-0.775403680633919,-1.54535286230024,0.0319867662221895,0.480040877082476,0.480040877082476,3505,"tags=62%, list=17%, signal=52%","15205/20681/20682/12765/22417",0.321775918075361
"GO:0009750","response to fructose",9,-0.780601473385995,-1.54509769719311,0.0199414317593948,0.403805764945829,0.403805764945829,1559,"tags=33%, list=7%, signal=31%","16819/231103/18534",0.352487857583619
"GO:0010820","positive regulation of T cell chemotaxis",14,0.678946704236656,1.5449103652164,0.0226606490737709,0.418842309345592,0.418842309345592,1306,"tags=29%, list=6%, signal=27%","20304/16963/12775/12772",0.352487857583619
"GO:0090026","positive regulation of monocyte chemotaxis",23,0.594389801781301,1.54467434817096,0.0348616729968969,0.500853834420742,0.500853834420742,4971,"tags=52%, list=24%, signal=40%","20304/12772/66166/654459/20290/20315/13051/12770/14289/105722/20296/27226",0.321775918075361
"GO:0002024","diet induced thermogenesis",17,-0.657110270645678,-1.54349447946492,0.0281016979030843,0.447439791123365,0.447439791123365,3862,"tags=59%, list=18%, signal=48%","216190/11554/319229/353504/193034/224796/19016/17202/12164/22227",0.352487857583619
"GO:0070874","negative regulation of glycogen metabolic process",10,0.743715654724925,1.54311580162367,0.0167476625238531,0.377380662204157,0.377380662204157,2638,"tags=40%, list=13%, signal=35%","241113/11548/14783/269224",0.352487857583619
"GO:0032536","regulation of cell projection size",12,-0.711955907046358,-1.54265116728636,0.0340250783848798,0.494364374180312,0.494364374180312,2017,"tags=42%, list=10%, signal=38%","22349/102502/18039/23925/18040",0.321775918075361
"GO:0045475","locomotor rhythm",22,-0.630574338572305,-1.54182540893856,0.014337985357984,0.356701928213589,0.356701928213589,2653,"tags=32%, list=13%, signal=28%","229599/16531/66797/18389/16508/16847/17844",0.380730400722792
"GO:0016553","base conversion or substitution editing",8,0.777596263019496,1.54077686836448,0.0271486393082029,0.439165142663172,0.439165142663172,1904,"tags=38%, list=9%, signal=34%","11811/11628/80287",0.352487857583619
"GO:0051145","smooth muscle cell differentiation",82,-0.492204390713402,-1.54015276637756,0.00488659242976664,0.221804413929189,0.221804413929189,4449,"tags=40%, list=21%, signal=32%","81702/214384/13805/11477/18591/18132/114249/15214/20471/15205/241226/17130/14465/407831/244723/21385/11606/18018/12159/20423/20682/13618/22417/50501/14165/22339/11537/13874/107869/387161/225518/12845/11535",0.407017918923954
"GO:0030728","ovulation",22,-0.629545029985047,-1.53930863330023,0.014978782649241,0.360099326360669,0.360099326360669,5205,"tags=55%, list=25%, signal=41%","229357/93759/268903/13615/238871/14453/11504/17390/11606/16324/13874/11576",0.380730400722792
"GO:0050870","positive regulation of T cell activation",242,0.401257803603652,1.53760748996135,0.000132329732219577,0.0291650693043741,0.0291650693043741,4624,"tags=37%, list=22%, signal=29%","67596/170776/12511/20304/15978/16162/170780/170786/14969/16184/14961/13482/14960/16149/15000/16963/12775/12501/21940/320832/54167/12772/16160/83408/15001/16818/16842/13136/230979/16002/108723/14999/24099/58205/15002/22637/235320/668101/19260/18106/74015/54215/21838/14998/74131/12487/13641/547431/14634/22778/22164/238555/16408/20371/320404/16196/50723/16197/14744/20737/12144/12522/16173/15944/107527/18761/209590/14462/13846/16362/320484/16147/16161/12524/102657/16852/16859/74734/207952/50930/16186/171285/12721/16176/17242/78317/19264/22042/83797/67155",0.518848077743792
"GO:0001504","neurotransmitter uptake",42,-0.548374561166735,-1.53545843647981,0.0154926133425092,0.366579459604175,0.366579459604175,3536,"tags=40%, list=17%, signal=34%","15567/20513/14251/14664/14580/14573/20974/50873/13162/104245/20511/20617/13490/110877/232333/20538/242607",0.380730400722792
"GO:0048333","mesodermal cell differentiation",26,-0.60143757196559,-1.53393771672487,0.022762525957726,0.418842309345592,0.418842309345592,5507,"tags=46%, list=26%, signal=34%","12166/15227/14182/216850/14609/241226/192897/12159/18119/16400/20319/71950",0.352487857583619
"GO:0046632","alpha-beta T cell differentiation",146,0.433584496425606,1.53335739958447,0.000761862011580112,0.0889577788794087,0.0889577788794087,4303,"tags=34%, list=21%, signal=27%","18089/15978/16162/103743/16428/12775/58208/54167/12772/19885/16160/83408/16842/14347/57765/16364/16182/16950/22637/235320/110168/16145/74131/20849/20351/14634/22778/22164/16194/22165/20371/320404/14744/20737/12144/12522/16173/21949/12043/53314/14462/19208/16362/16147/16161/16852/17085/30925/207952/16186",0.477270815362862
"GO:0001562","response to protozoan",45,0.514439810158956,1.53320483749643,0.0169371249457541,0.377766145736897,0.377766145736897,3457,"tags=44%, list=17%, signal=37%","14468/626578/100124677/15978/76074/100039796/16160/72310/21822/60440/16364/54396/384059/16145/12183/236573/27027/100702/20737/53314",0.352487857583619
"GO:0098732","macromolecule deacylation",54,0.503806980928409,1.53316946831409,0.0158546755244847,0.369381150691092,0.369381150691092,2636,"tags=11%, list=13%, signal=10%","17984/18113/328660/17762/72948/211286",0.352487857583619
"GO:0032098","regulation of appetite",26,-0.600339305585341,-1.53113664093213,0.0230764868895323,0.418842309345592,0.418842309345592,1825,"tags=27%, list=9%, signal=25%","23886/12424/11604/17202/93690/110834/14526",0.352487857583619
"GO:2000833","positive regulation of steroid hormone secretion",12,-0.706544856994146,-1.53092661721707,0.0364772721798114,0.510232464549975,0.510232464549975,2936,"tags=42%, list=14%, signal=36%","78896/12161/20750/21333/57264",0.321775918075361
"GO:0071895","odontoblast differentiation",16,-0.670133921489202,-1.52988363640148,0.014205584351076,0.356701928213589,0.356701928213589,2410,"tags=38%, list=12%, signal=33%","12159/18787/12608/17701/12156/13393",0.380730400722792
"GO:2000406","positive regulation of T cell migration",37,0.531825668076594,1.52950297779329,0.0118214004282978,0.342023882564033,0.342023882564033,4373,"tags=35%, list=21%, signal=28%","20304/16963/12775/12772/20297/230979/20315/22164/16401/20737/16859/50930/232341",0.380730400722792
"GO:0010466","negative regulation of peptidase activity",22,-0.625008700894142,-1.52821679681431,0.0175232817188521,0.381472932876163,0.381472932876163,3793,"tags=55%, list=18%, signal=45%","232345/21857/13601/14433/20704/18787/59083/241196/433180/20701/380839/72902",0.352487857583619
"GO:0043383","negative T cell selection",14,0.671124425412974,1.5271111483428,0.0272278278707728,0.439339473834429,0.439339473834429,4562,"tags=79%, list=22%, signal=61%","16149/12775/12501/210757/22637/12487/94176/14634/20737/14102/19264",0.352487857583619
"GO:0072567","chemokine (C-X-C motif) ligand 2 production",27,0.5727812646851,1.52575433308067,0.0306480042893329,0.470864793172478,0.470864793172478,2165,"tags=33%, list=10%, signal=30%","20304/16149/23960/246727/246729/23961/654459/246730/114643",0.352487857583619
"GO:2000341","regulation of chemokine (C-X-C motif) ligand 2 production",27,0.5727812646851,1.52575433308067,0.0306480042893329,0.470864793172478,0.470864793172478,2165,"tags=33%, list=10%, signal=30%","20304/16149/23960/246727/246729/23961/654459/246730/114643",0.352487857583619
"GO:0060009","Sertoli cell development",26,-0.598222803957798,-1.52573860491754,0.0243323312501869,0.424625628501903,0.424625628501903,4804,"tags=42%, list=23%, signal=33%","14609/68328/14158/12638/319448/16175/20681/18211/20682/14460/22431",0.352487857583619
"GO:0071394","cellular response to testosterone stimulus",8,-0.765416023166247,-1.52544780453378,0.0369554386690598,0.511482386061858,0.511482386061858,1976,"tags=38%, list=9%, signal=34%","11835/20750/105349",0.321775918075361
"GO:0000097","sulfur amino acid biosynthetic process",12,-0.701881446992059,-1.52082203796988,0.0383164201243923,0.522475602622211,0.522475602622211,837,"tags=17%, list=4%, signal=16%","107869/12116",0.321775918075361
"GO:0097084","vascular associated smooth muscle cell development",13,-0.688062801349579,-1.52076606926524,0.0450529197678511,0.568221738674497,0.568221738674497,4304,"tags=54%, list=21%, signal=43%","13805/15214/15205/17130/22339/12845/11535",0.321775918075361
"GO:0022602","ovulation cycle process",55,-0.520975745387078,-1.52016066032645,0.00938081176785192,0.318749064408175,0.318749064408175,4532,"tags=36%, list=22%, signal=29%","268903/13615/238871/19275/12167/14453/18159/11705/13982/19288/11504/17390/11606/18168/17700/21930/13874/11576/26423/57264",0.380730400722792
"GO:1901861","regulation of muscle tissue development",50,0.496191109795787,1.51991461968995,0.0191624417714784,0.397058511933816,0.397058511933816,2548,"tags=26%, list=12%, signal=23%","320502/59091/17878/329278/20670/17928/16842/11474/16002/53376/22410/117606/108000",0.352487857583619
"GO:0006020","inositol metabolic process",10,-0.742915323057707,-1.51929757059188,0.0189734774759538,0.396165173747434,0.396165173747434,2571,"tags=30%, list=12%, signal=26%","71780/228550/56727",0.352487857583619
"GO:0045824","negative regulation of innate immune response",105,0.443169790348591,1.51923534456983,0.00406995201710794,0.202614200417575,0.202614200417575,5127,"tags=41%, list=25%, signal=31%","545378/71183/26904/243655/16643/434341/23960/80782/246727/246729/20726/74748/23961/16002/246730/21354/114643/20723/54396/71740/16145/547253/20821/11545/15944/93694/20877/56045/16331/26365/16859/73914/14302/171285/12258/84544/55948/80861/223723/56417/24110/21355/100038882",0.407017918923954
"GO:0045861","negative regulation of proteolysis",70,-0.499712708304323,-1.517584027078,0.0144017509273234,0.356701928213589,0.356701928213589,3517,"tags=31%, list=17%, signal=26%","21857/13601/14433/21825/17872/13024/22370/20704/18787/69065/59083/241196/433180/241197/385643/20701/76770/380839/268885/16644/433016/72902",0.380730400722792
"GO:0019682","glyceraldehyde-3-phosphate metabolic process",18,-0.643831873137401,-1.51718987652824,0.0386018310750395,0.522475602622211,0.522475602622211,5737,"tags=67%, list=27%, signal=48%","225913/74637/21991/21881/14555/13806/16548/18655/14433/18648/74419/18534",0.321775918075361
"GO:2000241","regulation of reproductive process",180,-0.434646496816035,-1.51714161403231,0.00126289678701925,0.11586175951768,0.11586175951768,3341,"tags=28%, list=16%, signal=24%","13982/54611/13164/17684/19252/11486/78803/12638/16175/18429/17451/12159/625662/20423/18119/22353/105511/14764/434438/21463/18426/14748/11835/20682/17701/16324/13618/16336/207686/22417/665270/50915/19733/12173/269275/240725/268491/22339/381759/67981/100038489/75002/13491/21333/22431/18430/19215/14654/17702/26423/57264",0.45505986738723
"GO:2000508","regulation of dendritic cell chemotaxis",10,0.730498396629607,1.51569166487,0.0230880065057245,0.418842309345592,0.418842309345592,1862,"tags=30%, list=9%, signal=27%","12458/12775/74748",0.352487857583619
"GO:0046166","glyceraldehyde-3-phosphate biosynthetic process",11,-0.708843521329139,-1.51546518858661,0.0488245931283906,0.581728269147541,0.581728269147541,4971,"tags=73%, list=24%, signal=55%","21991/21881/14555/13806/18655/14433/18648/18534",0.276500599254472
"GO:0032354","response to follicle-stimulating hormone",19,-0.641298185359287,-1.51447953200912,0.023381261544815,0.419425870505034,0.419425870505034,4080,"tags=58%, list=20%, signal=47%","238871/13640/18984/14630/13614/20845/14463/14460/19017/94224/105349",0.352487857583619
"GO:0002885","positive regulation of hypersensitivity",9,0.744112270169379,1.51420600127834,0.0353642508543462,0.50180026725535,0.50180026725535,1551,"tags=44%, list=7%, signal=41%","380795/16016/12775/14125",0.321775918075361
"GO:0141156","cAMP/PKA signal transduction",80,-0.481381453159561,-1.51398062965374,0.00999968486486847,0.321596959078184,0.321596959078184,4080,"tags=38%, list=20%, signal=30%","238871/230857/12916/18573/319229/11517/18583/18767/18578/17319/54611/18576/11450/230784/218461/13614/110789/22353/21463/14748/110385/56089/16336/238161/11516/18389/100043254/14812/12311/14652",0.380730400722792
"GO:0045719","negative regulation of glycogen biosynthetic process",8,0.762733497336105,1.51132687399855,0.0386237362804956,0.522475602622211,0.522475602622211,2638,"tags=38%, list=13%, signal=33%","241113/14783/269224",0.321775918075361
"GO:0048546","digestive tract morphogenesis",50,0.492932702054191,1.50993358321914,0.0213293653459662,0.41241827196588,0.41241827196588,2101,"tags=20%, list=10%, signal=18%","14633/20666/18089/54612/18741/22061/15433/22062/230103/22411",0.352487857583619
"GO:0002726","positive regulation of T cell cytokine production",29,0.555496752417478,1.50751847508982,0.0219749013474914,0.418227185590535,0.418227185590535,5115,"tags=52%, list=24%, signal=39%","15978/209588/16963/13136/12516/57765/16182/74131/22164/16173/14462/14367/16176/329260/216799",0.352487857583619
"GO:0035457","cellular response to interferon-alpha",21,0.59259425900623,1.50750697198157,0.0299612565041643,0.464761326738509,0.464761326738509,3752,"tags=43%, list=18%, signal=35%","23960/246729/23961/246730/114643/667373/215243/112419/14462",0.352487857583619
"GO:0060350","endochondral bone morphogenesis",72,-0.492691043708558,-1.50737681599451,0.0136764023959286,0.355637112214949,0.355637112214949,4055,"tags=35%, list=19%, signal=28%","17937/12167/234356/12817/18159/18984/17300/19227/14284/12393/17387/21825/12159/15431/20855/20682/12824/14172/12161/11647/237928/14042/12845/12813/13395",0.380730400722792
"GO:0010455","positive regulation of cell fate commitment",9,-0.761426916619674,-1.50714419016752,0.0309657634904999,0.473481269371406,0.473481269371406,3077,"tags=44%, list=15%, signal=38%","14173/83430/30051/14581",0.352487857583619
"GO:0042755","eating behavior",51,-0.523969413799235,-1.50675356461031,0.0171265017924539,0.377960118594979,0.377960118594979,1909,"tags=25%, list=9%, signal=23%","18168/22223/23886/12424/11604/17202/67445/18389/56183/18430/16847/244813/18387",0.352487857583619
"GO:0090183","regulation of kidney development",34,-0.548864996756318,-1.50578737652229,0.0248568427599137,0.425681717877776,0.425681717877776,4254,"tags=56%, list=20%, signal=45%","20474/19055/23967/20471/11450/14573/11606/12159/20681/20682/23892/22417/19713/22339/15229/11608/22431/56753/58198",0.352487857583619
"GO:0045061","thymic T cell selection",28,0.552028456143605,1.50540235293696,0.0313472681626221,0.473675661506728,0.473675661506728,4028,"tags=54%, list=19%, signal=43%","16149/12775/12501/12502/108723/12500/22637/14998/12487/94176/14634/320404/20737/14462/14102",0.321775918075361
"GO:0002460","adaptive immune response based on somatic recombination of immune receptors built from immunoglobulin superfamily domains",353,0.384223506459468,1.50516618110307,3.85119448396875e-05,0.0112419868072942,0.0112419868072942,4237,"tags=32%, list=20%, signal=26%","12458/404711/380795/629860/20592/70673/668469/225825/15978/16016/209588/16162/109828/103743/13482/110786/16149/380808/16963/15006/75863/667277/12775/238447/110557/21940/11628/15015/16185/16643/50908/15223/12772/317677/19885/12525/16160/780932/83408/14125/18646/16842/777686/629822/13136/230979/14347/12516/14939/57765/56644/15018/18566/16019/16364/24099/50909/20723/224840/246256/14972/18439/16182/16950/208154/14964/14998/232371/74131/19368/20849/73747/12487/15042/20351/26909/54123/22164/22256/237877/16194/12268/20371/246177/50723/14129/16197/14991/20737/16173/18761/53314/110787/15013/667977/209590/380823/14462/16068/12983/15064/16362/15216/16161/14102/11891/70238/16852/14367/17085/30925/12266/16331/26365",0.557332238758646
"GO:1905939","regulation of gonad development",18,-0.638554948127399,-1.50475480218909,0.0416899141259274,0.547196028839965,0.547196028839965,1973,"tags=33%, list=9%, signal=30%","20682/16336/22417/22431/26423/57264",0.321775918075361
"GO:0051930","regulation of sensory perception of pain",20,-0.624687092150201,-1.50254621593879,0.042346653595074,0.551623142773966,0.551623142773966,2895,"tags=45%, list=14%, signal=39%","23945/20302/193034/108071/21333/56183/14816/665615/68073",0.321775918075361
"GO:0051931","regulation of sensory perception",20,-0.624687092150201,-1.50254621593879,0.042346653595074,0.551623142773966,0.551623142773966,2895,"tags=45%, list=14%, signal=39%","23945/20302/193034/108071/21333/56183/14816/665615/68073",0.321775918075361
"GO:2000242","negative regulation of reproductive process",64,-0.495841733318413,-1.50222516944571,0.0102141555086196,0.326344809335099,0.326344809335099,3599,"tags=33%, list=17%, signal=27%","18159/21857/19252/11486/78803/16175/17451/12159/18119/14764/18426/22417/50915/19733/269275/240725/381759/67981/22431/19215/26423",0.380730400722792
"GO:0050792","regulation of viral process",145,0.421562108708384,1.50170207160209,0.00184377549238664,0.132650361711047,0.132650361711047,4491,"tags=28%, list=22%, signal=22%","19130/170776/20304/170780/170786/16149/214523/75863/11628/23960/434219/246727/246728/246729/80287/69097/23961/246730/114643/231655/214158/20821/20684/319278/23962/17858/17002/667823/213002/20128/12043/319415/13211/57874/16852/21973/74735/68280/69550/19720/20846",0.45505986738723
"GO:0007094","mitotic spindle assembly checkpoint signaling",48,0.493108707148214,1.50139996265367,0.0222073295369624,0.418227185590535,0.418227185590535,6868,"tags=58%, list=33%, signal=39%","327799/11799/11920/208628/66977/69716/66991/67629/70385/20877/12236/68014/22137/209334/18817/56150/16319/26951/14841/229841/76464/52276/66468/12237/11789/214444/224023/12235",0.352487857583619
"GO:0071173","spindle assembly checkpoint signaling",48,0.493108707148214,1.50139996265367,0.0222073295369624,0.418227185590535,0.418227185590535,6868,"tags=58%, list=33%, signal=39%","327799/11799/11920/208628/66977/69716/66991/67629/70385/20877/12236/68014/22137/209334/18817/56150/16319/26951/14841/229841/76464/52276/66468/12237/11789/214444/224023/12235",0.352487857583619
"GO:0071174","mitotic spindle checkpoint signaling",48,0.493108707148214,1.50139996265367,0.0222073295369624,0.418227185590535,0.418227185590535,6868,"tags=58%, list=33%, signal=39%","327799/11799/11920/208628/66977/69716/66991/67629/70385/20877/12236/68014/22137/209334/18817/56150/16319/26951/14841/229841/76464/52276/66468/12237/11789/214444/224023/12235",0.352487857583619
"GO:0002367","cytokine production involved in immune response",105,0.437842500128943,1.50097280102844,0.00521056177641113,0.224578709584646,0.224578709584646,4669,"tags=40%, list=22%, signal=31%","27278/66873/233079/225825/15978/209588/16149/16963/56460/327957/12772/67313/83408/11806/13136/230979/12516/57765/56644/215900/16182/170744/54215/74131/12491/22164/20371/230073/16792/16173/14462/15216/170743/14367/73914/27056/234779/69550/16176/21687/210808/84544",0.407017918923954
"GO:0002718","regulation of cytokine production involved in immune response",105,0.437842500128943,1.50097280102844,0.00521056177641113,0.224578709584646,0.224578709584646,4669,"tags=40%, list=22%, signal=31%","27278/66873/233079/225825/15978/209588/16149/16963/56460/327957/12772/67313/83408/11806/13136/230979/12516/57765/56644/215900/16182/170744/54215/74131/12491/22164/20371/230073/16792/16173/14462/15216/170743/14367/73914/27056/234779/69550/16176/21687/210808/84544",0.407017918923954
"GO:0048524","positive regulation of viral process",62,0.477708272259224,1.50053863002622,0.0145524611012084,0.356701928213589,0.356701928213589,1011,"tags=10%, list=5%, signal=9%","170776/170780/170786/16149/214523/75863",0.380730400722792
"GO:0016338","calcium-independent cell-cell adhesion",21,-0.611338950453293,-1.50042070670742,0.0339135245389717,0.494364374180312,0.494364374180312,1878,"tags=38%, list=9%, signal=35%","60363/12740/12156/58187/56173/56492/71908/54419",0.321775918075361
"GO:0009820","alkaloid metabolic process",4,0.86927047214478,1.50015390727976,0.0352481608246019,0.50180026725535,0.50180026725535,1113,"tags=75%, list=5%, signal=71%","18113/234673/72361",0.321775918075361
"GO:0071514","genomic imprinting",24,0.584443231399246,1.49984960247306,0.0264499579484311,0.435855943404158,0.435855943404158,969,"tags=12%, list=5%, signal=12%","17984/18109/14402",0.352487857583619
"GO:0055003","cardiac myofibril assembly",19,0.598048806399019,1.49983453798618,0.0306148650446945,0.470864793172478,0.470864793172478,751,"tags=32%, list=4%, signal=30%","19130/234072/21393/13009/17996/22138",0.352487857583619
"GO:0036376","sodium ion export across plasma membrane",21,0.589470316394135,1.49955994043978,0.0331905767743192,0.487757171726951,0.487757171726951,3717,"tags=43%, list=18%, signal=35%","57780/230899/56188/14167/98660/108017/59095/54403/11944",0.321775918075361
"GO:0032926","negative regulation of activin receptor signaling pathway",17,-0.637920714748243,-1.49841989318282,0.0406579984568823,0.536676398309829,0.536676398309829,3251,"tags=35%, list=16%, signal=30%","23863/16322/17130/50791/14313/240025",0.321775918075361
"GO:1904861","excitatory synapse assembly",44,-0.534505731204914,-1.49787440452216,0.0196134050213469,0.401137856837867,0.401137856837867,2634,"tags=32%, list=13%, signal=28%","18164/268932/107065/19229/319387/192167/227580/18190/272381/66797/19266/12404/329942/18191",0.352487857583619
"GO:0034101","erythrocyte homeostasis",171,-0.429236973552189,-1.49684358824549,0.00213242219686884,0.14459077379371,0.14459077379371,3248,"tags=18%, list=16%, signal=15%","17684/16535/15251/22761/74443/16598/12159/100504069/14380/216635/70026/16596/544763/14460/19746/15368/19743/22339/14008/14582/20277/193740/11656/20533/101488143/15129/15122/106722/13828/19824",0.431707695803346
"GO:0010831","positive regulation of myotube differentiation",16,0.62476089048986,1.49667540351984,0.0390416848595367,0.52343569972431,0.52343569972431,2324,"tags=38%, list=11%, signal=33%","666794/12391/13009/17928/12180/21380",0.321775918075361
"GO:0009595","detection of biotic stimulus",42,0.499763540866725,1.49587523760862,0.0383772294430487,0.522475602622211,0.522475602622211,5115,"tags=36%, list=24%, signal=27%","57757/69165/56644/17951/17948/16803/269855/319757/18016/21897/17952/12257/257632/83433/216799",0.321775918075361
"GO:1903998","regulation of eating behavior",22,-0.61168247051788,-1.49563265987336,0.0257322000199954,0.433732778289792,0.433732778289792,1507,"tags=27%, list=7%, signal=25%","12424/11604/17202/56183/16847/18387",0.352487857583619
"GO:0033490","cholesterol biosynthetic process via lathosterol",21,0.587906339726271,1.49558132320718,0.0342670175939648,0.496377296819012,0.496377296819012,4600,"tags=43%, list=22%, signal=33%","676527/319554/74754/110196/235293/20775/68603/110460/17855",0.321775918075361
"GO:0045453","bone resorption",77,-0.478875347011847,-1.49532049730174,0.0183662451883862,0.39579874697925,0.39579874697925,2672,"tags=27%, list=13%, signal=24%","227326/19228/19229/27273/16193/83924/73737/20750/12349/22339/56492/17202/13038/14042/21943/11625/620235/435626/75766/11433/232790",0.352487857583619
"GO:0001771","immunological synapse formation",16,0.623970318818543,1.4947815122837,0.039785313728845,0.531187702217553,0.531187702217553,1553,"tags=25%, list=7%, signal=23%","93675/12511/12775/18646",0.321775918075361
"GO:0032228","regulation of synaptic transmission, GABAergic",45,-0.524099700250144,-1.49353449149272,0.0238112198101694,0.423577401662806,0.423577401662806,2239,"tags=27%, list=11%, signal=24%","192167/18168/18155/66797/11549/18389/13491/21333/18430/338370/100043254/232333",0.352487857583619
"GO:0072273","metanephric nephron morphogenesis",21,-0.608335519484755,-1.49304932948204,0.0351580232548684,0.50180026725535,0.50180026725535,3932,"tags=52%, list=19%, signal=43%","16878/15205/14573/12159/20681/14260/20682/23892/22417/22431/58198",0.321775918075361
"GO:0015840","urea transport",7,-0.808819122808841,-1.49051059922996,0.0295324116124762,0.460332881978937,0.460332881978937,1782,"tags=71%, list=9%, signal=65%","20495/11832/22270/27411/11828",0.352487857583619
"GO:0072529","pyrimidine-containing compound catabolic process",16,-0.652796582599232,-1.49030332235386,0.0485611510791367,0.581728269147541,0.581728269147541,2430,"tags=25%, list=12%, signal=22%","104776/72269/103149/75467",0.276500599254472
"GO:0002863","positive regulation of inflammatory response to antigenic stimulus",16,0.622033192671792,1.49014093842338,0.0405289430028519,0.536669399176431,0.536669399176431,3179,"tags=44%, list=15%, signal=37%","380795/16016/12775/14125/12801/12487/14129",0.321775918075361
"GO:0007530","sex determination",21,-0.606917726871808,-1.48956961435395,0.0364025231218893,0.510232464549975,0.510232464549975,3577,"tags=48%, list=17%, signal=40%","11705/14714/17684/11835/20682/22417/22431/14180/26423/231832",0.321775918075361
"GO:0034103","regulation of tissue remodeling",79,-0.478363389420102,-1.48922994018295,0.0110846103521506,0.328625989327043,0.328625989327043,1888,"tags=23%, list=9%, signal=21%","23892/27273/16193/14463/19016/83924/20750/12349/22339/56492/17202/21943/16847/11625/620235/435626/75766/232790",0.380730400722792
"GO:0032331","negative regulation of chondrocyte differentiation",24,0.580301746013413,1.48922135857208,0.0285801251142468,0.450962072441506,0.450962072441506,783,"tags=12%, list=4%, signal=12%","12020/14633/216616",0.352487857583619
"GO:0035812","renal sodium excretion",9,-0.752029764269932,-1.48854376607047,0.0481695568400771,0.581475364712359,0.581475364712359,3621,"tags=56%, list=17%, signal=46%","110784/13614/193034/13618/53419",0.287857117255149
"GO:0060287","epithelial cilium movement involved in determination of left/right asymmetry",10,-0.727670216322415,-1.48812059401397,0.026562704517947,0.435855943404158,0.435855943404158,1811,"tags=40%, list=9%, signal=37%","71870/74453/207607/54562",0.352487857583619
"GO:0045010","actin nucleation",60,0.471651519296372,1.48807430551745,0.0146850575577114,0.357233279735941,0.357233279735941,1244,"tags=12%, list=6%, signal=11%","27385/320502/330319/74117/242253/93677/93689",0.380730400722792
"GO:2000510","positive regulation of dendritic cell chemotaxis",8,0.750901781536778,1.48788278754439,0.0499625328194759,0.588095238095238,0.588095238095238,1064,"tags=25%, list=5%, signal=24%","12458/12775",0.321775918075361
"GO:1903039","positive regulation of leukocyte cell-cell adhesion",269,0.389018399641725,1.48766777666933,0.000150677354832589,0.0302390616479653,0.0302390616479653,4624,"tags=36%, list=22%, signal=28%","67596/170776/12511/20304/15978/16162/170780/170786/14969/16184/14961/13482/14960/16149/15000/16963/12775/12501/21940/320832/54167/12772/16160/83408/15001/16818/16842/13136/230979/14347/16002/108723/14999/20343/24099/58205/15002/22637/235320/668101/19260/18106/74015/54215/21838/14998/74131/12487/13641/547431/78473/14634/22778/22164/114774/238555/16408/11689/20371/320404/16401/16196/50723/16197/14744/20737/12144/12522/16173/14723/15944/107527/18761/209590/14462/13846/16362/320484/16147/16161/12524/102657/16852/16859/74734/207952/50930/16186/171285/12721/16176/17242/78317/19264/22042/83797/67155",0.518848077743792
"GO:0071456","cellular response to hypoxia",152,-0.434172748082532,-1.48625990590626,0.00331784851839715,0.177560193209554,0.177560193209554,3861,"tags=29%, list=18%, signal=24%","407790/170770/110876/19878/56295/13806/16478/13804/231207/17684/18655/228026/15251/112405/11639/18386/13614/14465/12177/70186/54418/66214/20203/20855/13838/69573/19016/112407/19225/16819/17700/12176/67749/17988/22359/22339/108071/16508/50527/64242/11828/17751/23844/18534",0.431707695803346
"GO:0031343","positive regulation of cell killing",88,0.442868746239584,1.48539191846671,0.0108588002702704,0.328625989327043,0.328625989327043,3228,"tags=36%, list=15%, signal=31%","545378/58179/225825/26904/17059/16963/15006/243655/110557/503550/16642/15015/16643/320407/20400/16160/27007/83408/18646/15018/56792/20343/14972/18439/16641/54215/14964/19368/15042/12774/18976/14991",0.380730400722792
"GO:0010745","negative regulation of macrophage derived foam cell differentiation",9,-0.750090874878274,-1.48470599015497,0.0481695568400771,0.581475364712359,0.581475364712359,5161,"tags=78%, list=25%, signal=59%","18035/11307/16410/73389/11450/217265/19016",0.287857117255149
"GO:0050854","regulation of antigen receptor-mediated signaling pathway",83,0.448629675495659,1.48394391113994,0.014010618092554,0.355637112214949,0.355637112214949,5040,"tags=40%, list=24%, signal=30%","67596/225825/12775/12477/20400/16818/14525/77799/18566/108723/56792/58205/77647/19260/54215/21838/12487/547431/114774/238555/16792/12988/12524/227059/107321/26365/19264/217303/381305/101540/19247/102640920/12517",0.380730400722792
"GO:0141163","positive regulation of cAMP/PKA signal transduction",27,-0.573408782928367,-1.48385047482103,0.0365498429978166,0.510232464549975,0.510232464549975,4019,"tags=44%, list=19%, signal=36%","230857/11517/17319/11450/110789/22353/14748/56089/16336/11516/100043254/12311",0.321775918075361
"GO:0019626","short-chain fatty acid catabolic process",7,-0.804243335667045,-1.48207823278074,0.0321721539135581,0.481607394948415,0.481607394948415,3503,"tags=71%, list=17%, signal=59%","16922/234564/244595/104158/12623",0.321775918075361
"GO:0006071","glycerol metabolic process",21,-0.60354592278541,-1.48129413204346,0.0388915258673475,0.52343569972431,0.52343569972431,5787,"tags=52%, list=28%, signal=38%","14718/225913/14933/14571/21991/20280/67800/74551/235533/233549/18534",0.321775918075361
"GO:0071604","transforming growth factor beta production",39,-0.532849333996101,-1.48061438079629,0.0209613920607992,0.411663791481505,0.411663791481505,3366,"tags=33%, list=16%, signal=28%","14284/15251/21825/14465/17470/66277/19225/17022/12484/15977/16420/16165/116872",0.352487857583619
"GO:0046688","response to copper ion",31,-0.550609198307192,-1.48060000024134,0.0296705216924315,0.461365836098778,0.461365836098778,4114,"tags=45%, list=20%, signal=36%","16816/17750/66734/20322/17831/94352/16175/12870/17748/11979/13115/20617/17752/17751",0.352487857583619
"GO:0015802","basic amino acid transport",23,-0.596818940583806,-1.47880280023065,0.0346381264230034,0.498757954907013,0.498757954907013,2107,"tags=26%, list=10%, signal=23%","83885/76257/245128/11989/30962/69354",0.321775918075361
"GO:0032814","regulation of natural killer cell activation",45,0.49584847217011,1.47779635476019,0.0266650215981607,0.435855943404158,0.435855943404158,4912,"tags=47%, list=24%, signal=36%","27278/545378/58179/16162/16642/16643/16160/19260/16641/18106/14191/52023/16169/16173/16362/16161/16859/171285/20850/232946/20851",0.352487857583619
"GO:0001556","oocyte maturation",38,-0.542603828464369,-1.47690143543769,0.0233645124455668,0.419425870505034,0.419425870505034,3599,"tags=34%, list=17%, signal=28%","18159/54611/13164/13614/19229/17451/16336/50915/12173/381759/13874/140498/317755",0.352487857583619
"GO:0007622","rhythmic behavior",64,-0.486921645049127,-1.47520045528516,0.0141821858205434,0.356701928213589,0.356701928213589,3200,"tags=30%, list=15%, signal=25%","16535/11486/13654/229599/192167/387285/16193/12854/16531/66797/18389/16508/56183/16847/19215/13490/100043254/17844/20473",0.380730400722792
"GO:0071371","cellular response to gonadotropin stimulus",22,-0.603258043827339,-1.47503398604114,0.0487804878048781,0.581728269147541,0.581728269147541,4080,"tags=55%, list=20%, signal=44%","238871/13640/18984/14630/13614/14465/20845/14463/14460/22431/19017/105349",0.282013350011725
"GO:0002697","regulation of immune effector process",415,0.372151071440776,1.47484928929221,2.58113409992403e-05,0.00828802159485605,0.00828802159485605,3238,"tags=26%, list=16%, signal=22%","27278/14126/380795/17057/66873/233079/545378/58179/225825/15978/16016/209588/71183/69376/23993/72432/214403/13482/378460/237625/26904/16149/109820/15000/17059/16963/15006/75863/100043861/12775/243655/110557/56460/21940/503550/16642/15015/16643/320407/327957/22163/20400/15223/12772/16191/16160/67313/27007/83408/80782/232408/14125/11806/239447/20726/13136/74748/230979/14347/12516/57765/14190/56644/15018/18566/16002/56792/214763/21354/16019/14999/20343/20723/68891/215900/14972/18439/16182/16950/71740/170744/19260/16641/208154/54215/243958/14964/11542/74131/14461/19368/73747/14191/12487/15042/16803/12491/22164/237877/20371/13051/17174/14129/16197/18976/230073/14991/16792",0.575610261071129
"GO:0010172","embryonic body morphogenesis",9,0.724620602914867,1.4745420947485,0.0429175637418142,0.555678617640989,0.555678617640989,23,"tags=11%, list=0%, signal=11%","21418",0.321775918075361
"GO:0036035","osteoclast development",20,-0.612689005228397,-1.47368747957398,0.05,0.588095238095238,0.588095238095238,1205,"tags=20%, list=6%, signal=19%","56492/97086/21943/620235",0.271288554688953
"GO:0098751","bone cell development",20,-0.612689005228397,-1.47368747957398,0.05,0.588095238095238,0.588095238095238,1205,"tags=20%, list=6%, signal=19%","56492/97086/21943/620235",0.271288554688953
"GO:0046640","regulation of alpha-beta T cell proliferation",42,0.492013455732066,1.47267794630124,0.0457054302313289,0.570093959973263,0.570093959973263,4562,"tags=50%, list=22%, signal=39%","16162/16963/12501/12772/16160/13136/230979/22637/19260/18106/208154/12487/22164/12144/16173/15944/16362/320484/16161/16859/19264",0.321775918075361
"GO:0001542","ovulation from ovarian follicle",14,-0.668263561473597,-1.47246233068175,0.0478011472275335,0.581399559650038,0.581399559650038,4806,"tags=57%, list=23%, signal=44%","93759/268903/13615/238871/11504/17390/11606/11576",0.287857117255149
"GO:0031295","T cell costimulation",30,0.537344762945596,1.47071298936565,0.0406978209244607,0.536676398309829,0.536676398309829,4292,"tags=57%, list=21%, signal=45%","13482/12775/12501/54167/230979/108723/24099/58205/54215/12487/13641/22164/20737/13846/12524/16852/50930",0.321775918075361
"GO:0070170","regulation of tooth mineralization",9,0.722724586610509,1.47068386074044,0.0449775638639643,0.568221738674497,0.568221738674497,150,"tags=22%, list=1%, signal=22%","21418/22420",0.321775918075361
"GO:1904036","negative regulation of epithelial cell apoptotic process",26,-0.57591139840089,-1.46883443382454,0.0361987776566548,0.508683917091985,0.508683917091985,1822,"tags=19%, list=9%, signal=18%","15235/15368/241196/50500/241035",0.321775918075361
"GO:0010818","T cell chemotaxis",22,0.567003924623429,1.46869164004183,0.0357022724963768,0.503890677261645,0.503890677261645,4373,"tags=41%, list=21%, signal=32%","20304/16963/12775/12772/12766/20315/18810/50930/232341",0.321775918075361
"GO:0043368","positive T cell selection",50,0.478993207819141,1.46723462981053,0.0268083303713239,0.435855943404158,0.435855943404158,4154,"tags=42%, list=20%, signal=34%","16149/58208/12501/210757/12502/57765/12500/16364/16950/22637/14998/94176/16194/20371/320404/20737/12043/53314/16852/17085/30925",0.352487857583619
"GO:0060079","excitatory postsynaptic potential",120,-0.442998524435054,-1.46618510585019,0.00738005336190176,0.282111325536507,0.282111325536507,2689,"tags=23%, list=13%, signal=20%","228139/19736/64051/18440/19229/193034/192167/116838/14800/50873/320127/18155/108013/108071/14810/66797/116837/14811/13491/20617/110304/110834/14654/12404/14812/380785/207683/242607",0.407017918923954
"GO:0007193","adenylate cyclase-inhibiting G protein-coupled receptor signaling pathway",89,-0.463029395120369,-1.46512788779349,0.0143983140120301,0.356701928213589,0.356701928213589,2990,"tags=28%, list=14%, signal=24%","18386/13614/207911/12767/108072/18166/14764/11551/18162/16336/12854/108071/14763/18389/100038489/243764/13491/70045/15552/20606/140498/13490/14816/18387/12672",0.380730400722792
"GO:0061436","establishment of skin barrier",41,0.497881083033899,1.46478340291124,0.0263789063150327,0.435855943404158,0.435855943404158,2435,"tags=27%, list=12%, signal=24%","16666/22061/11686/69073/433619/68723/14246/12550/23801/73712/12737",0.352487857583619
"GO:0001706","endoderm formation",50,-0.507399542833212,-1.46403446401918,0.0242719334669018,0.424625628501903,0.424625628501903,3873,"tags=32%, list=19%, signal=26%","16777/12814/12816/19252/17387/13537/14465/17390/240672/22370/18119/14463/17395/71950/319520/20674",0.352487857583619
"GO:0014850","response to muscle activity",34,0.517946376271223,1.46312370076988,0.024488000848059,0.425404192267245,0.425404192267245,2177,"tags=24%, list=10%, signal=21%","17884/12335/241113/67470/17928/17882/17189/384061",0.352487857583619
"GO:0032094","response to food",49,-0.501857983987382,-1.46240581153687,0.0256338148577889,0.433211471096632,0.433211471096632,2596,"tags=27%, list=12%, signal=23%","14079/18429/23886/19016/102638002/12424/11604/17202/93690/20277/78245/14459/14526",0.352487857583619
"GO:0031577","spindle checkpoint signaling",49,0.481398564950979,1.46155615723463,0.0261822651353848,0.435855943404158,0.435855943404158,6868,"tags=57%, list=33%, signal=38%","327799/11799/11920/208628/66977/69716/66991/67629/70385/20877/12236/68014/22137/209334/18817/56150/16319/26951/14841/229841/76464/52276/66468/12237/11789/214444/224023/12235",0.352487857583619
"GO:0061326","renal tubule development",107,-0.445836164962198,-1.46082887325298,0.0139217997454979,0.355637112214949,0.355637112214949,4254,"tags=39%, list=20%, signal=31%","20474/13388/114249/16776/23967/16878/20471/18514/19197/15205/69847/66398/14173/66333/15478/14573/11606/14179/12159/15431/20423/20681/14260/20682/14160/23892/12780/22417/12156/56198/22339/15229/11608/22431/12484/18654/271127/56753/58198/22408/16371/16372",0.380730400722792
"GO:0019724","B cell mediated immunity",147,0.411736964581857,1.4602594476183,0.0021389167720963,0.14459077379371,0.14459077379371,3179,"tags=29%, list=15%, signal=25%","12458/404711/380795/629860/668469/225825/15978/16016/109828/110786/16149/380808/16963/667277/238447/11628/16185/50908/15223/317677/780932/83408/14125/777686/629822/13136/57765/16019/50909/246256/14998/232371/73747/12487/26909/54123/22164/22256/237877/12268/20371/50723/14129",0.431707695803346
"GO:0010666","positive regulation of cardiac muscle cell apoptotic process",28,-0.558942067247218,-1.45940514383615,0.0381752915051496,0.522475602622211,0.522475602622211,4433,"tags=32%, list=21%, signal=25%","67731/26419/11554/14465/11606/16009/12765/12176/18997",0.321775918075361
"GO:0021884","forebrain neuron development",37,0.507306642094267,1.45898753353466,0.0221429599833786,0.418227185590535,0.418227185590535,786,"tags=14%, list=4%, signal=13%","21418/94229/16875/268902/14472",0.352487857583619
"GO:0048512","circadian behavior",62,-0.487465082111607,-1.45853270797893,0.0281478784823792,0.447439791123365,0.447439791123365,2239,"tags=24%, list=11%, signal=22%","192167/387285/16193/12854/16531/66797/18389/16508/56183/16847/19215/13490/100043254/17844/20473",0.352487857583619
"GO:0043367","CD4-positive, alpha-beta T cell differentiation",109,0.421175225129291,1.45845000674392,0.00968248192669243,0.319674777752992,0.319674777752992,5115,"tags=37%, list=24%, signal=28%","18089/16162/103743/12775/54167/12772/19885/16160/83408/16842/14347/57765/16364/16182/16950/74131/20849/20351/22164/16194/20371/14744/20737/12522/16173/53314/14462/16362/16161/16852/17085/30925/207952/16186/214162/381305/20850/12051/17863/216799",0.380730400722792
"GO:0072329","monocarboxylic acid catabolic process",129,-0.434014960060621,-1.45832097874384,0.0118555177878485,0.342023882564033,0.342023882564033,3819,"tags=25%, list=18%, signal=20%","20322/14073/52430/102448/16922/69772/56050/216188/11450/230784/67432/15112/27413/232174/227627/234564/11611/244595/74121/69123/66253/52815/106861/328845/26458/104158/666168/80879/20524/66387/268782/12623",0.380730400722792
"GO:0042093","T-helper cell differentiation",86,0.44160123862169,1.45823094232504,0.0106476568638042,0.327384694700559,0.327384694700559,5115,"tags=38%, list=24%, signal=29%","16162/103743/12775/54167/12772/19885/16160/16842/57765/16364/16182/16950/20849/20351/22164/16194/20371/14744/20737/16173/53314/14462/16362/16161/16852/17085/30925/214162/381305/20850/12051/17863/216799",0.380730400722792
"GO:0031294","lymphocyte costimulation",32,0.525168941753401,1.4578700580001,0.0333929292205725,0.488495196935118,0.488495196935118,4292,"tags=53%, list=21%, signal=42%","13482/12775/12501/54167/230979/108723/24099/58205/54215/12487/13641/22164/20737/13846/12524/16852/50930",0.321775918075361
"GO:0007631","feeding behavior",122,-0.437408255611385,-1.45778801720967,0.00870868606181485,0.309386188590852,0.309386188590852,2480,"tags=24%, list=12%, signal=21%","18429/18166/230777/70008/387285/11835/18168/22223/23886/18619/18155/381073/12424/26367/11604/14810/17202/67445/18389/11608/56183/18430/16847/244813/18387/14812/57264/223780/14652",0.380730400722792
"GO:0097186","amelogenesis",26,-0.571532077992168,-1.45766518690402,0.0466417910447761,0.574102189079818,0.574102189079818,4662,"tags=42%, list=22%, signal=33%","20535/56458/208659/27060/381651/64058/12638/546144/435529/16420/17702",0.287857117255149
"GO:0006081","aldehyde metabolic process",80,-0.463007127397048,-1.4561920025581,0.0213851268397132,0.41241827196588,0.41241827196588,3531,"tags=31%, list=17%, signal=26%","13806/11670/16548/12724/18655/14433/216188/11674/18648/67432/11611/26358/13885/13618/12161/22417/16531/11647/12156/20277/74419/56847/268782/19892/18534",0.352487857583619
"GO:0050856","regulation of T cell receptor signaling pathway",67,0.457482930924694,1.45527093351489,0.0161625822709743,0.369381150691092,0.369381150691092,5031,"tags=42%, list=24%, signal=32%","67596/225825/12775/12477/20400/16818/77799/18566/108723/58205/77647/19260/54215/21838/12487/547431/114774/238555/16792/12988/12524/26365/19264/217303/381305/101540/19247/102640920",0.352487857583619
"GO:0034314","Arp2/3 complex-mediated actin nucleation",43,0.501533835212036,1.45515695280133,0.0267148962695234,0.435855943404158,0.435855943404158,616,"tags=9%, list=3%, signal=9%","27385/330319/74117/242253",0.352487857583619
"GO:2000516","positive regulation of CD4-positive, alpha-beta T cell activation",41,0.494382373195102,1.45449007729974,0.0283043408988314,0.447710535104175,0.447710535104175,4303,"tags=41%, list=21%, signal=33%","16963/12775/12772/83408/13136/54215/74131/22164/20371/14744/12522/16173/15944/18761/16362/207952/16186",0.352487857583619
"GO:0044786","cell cycle DNA replication",41,0.494089596926627,1.45362871937023,0.0290745153232013,0.455406188794143,0.455406188794143,7212,"tags=71%, list=35%, signal=46%","11628/18968/237877/52679/17219/19361/17215/17216/12190/21877/17218/327762/12544/16881/12545/108961/57441/12566/22589/17220/17217/22687/67444/269400/69270/56371/75826/12534/170472",0.352487857583619
"GO:0051952","regulation of amine transport",100,-0.455119747001311,-1.452115490609,0.00723319164516823,0.281567912808389,0.281567912808389,3115,"tags=30%, list=15%, signal=26%","54140/229521/26557/15558/72401/11606/19736/64051/19224/18429/70008/76257/11551/18168/11846/18155/12424/108071/18389/18430/20617/13490/103988/20614/110834/110877/232333/18387/14812/11847",0.407017918923954
"GO:0072009","nephron epithelium development",124,-0.436717470008078,-1.45146768502827,0.00815500210464039,0.301240749424825,0.301240749424825,4254,"tags=39%, list=20%, signal=31%","20474/13388/18591/114249/16776/23967/16878/20471/18514/19197/17300/15205/69847/66398/14173/13614/66333/15478/14573/50791/11606/14179/12159/15431/20423/20681/14260/20682/23892/13618/66277/12780/22417/12156/56198/22339/15229/11608/22431/12484/14042/18654/271127/56753/58198/22408/16371/16372",0.380730400722792
"GO:0015800","acidic amino acid transport",91,-0.455746674623343,-1.45057208815478,0.0100154767697971,0.321596959078184,0.321596959078184,3694,"tags=30%, list=18%, signal=25%","13853/16181/20512/20513/20532/14580/54140/26557/57776/24115/72267/26570/193034/18168/16523/71803/12424/241919/20511/20510/20617/14816/74087/20614/232333/14812/242607",0.380730400722792
"GO:0002768","immune response-regulating cell surface receptor signaling pathway",343,0.371821716500216,1.45025905841578,0.00045823818989936,0.0668819467166747,0.0668819467166747,4403,"tags=31%, list=21%, signal=25%","67596/14756/93675/66873/233079/58179/225825/15978/102639802/71183/14762/94071/16428/378460/17086/12775/243655/12501/12477/17441/233274/503550/16642/16643/210757/12502/320407/327957/20400/12525/195564/27007/23960/16818/14125/14525/414084/18726/246729/12047/77799/56644/18566/23961/66166/108723/246730/56792/12500/16019/114643/58205/246256/77647/27028/22637/19260/16641/208154/12143/74015/54215/21838/14747/52855/12487/12231/16803/230787/547431/78473/12491/17002/225471/114774/238555/240754/22165/20371/246177/17174/50723/14129/16792/53791/12043/14462/23880/12988/319430/14289/68614/12503/18019/12524/93694/21897/227059/102657/107321/12266/26365/12267/226421/232341/242627/234779",0.49849310876659
"GO:0071453","cellular response to oxygen levels",184,-0.420212397494206,-1.4502270320407,0.00326495301056896,0.176197716251041,0.176197716251041,3994,"tags=28%, list=19%, signal=23%","26419/66734/66290/407790/170770/110876/67579/19878/56295/11964/13806/16478/13804/231207/17684/18655/228026/15251/112405/11639/18386/13614/14465/12177/70186/54418/66214/20203/17927/20855/13838/69573/19016/112407/19225/16819/17700/12176/67749/17988/22359/22339/108071/16508/50527/64242/11828/17751/18997/23844/18534",0.431707695803346
"GO:0030218","erythrocyte differentiation",160,-0.424461890379192,-1.4501274242358,0.00354963111326736,0.185331146417911,0.185331146417911,3248,"tags=18%, list=16%, signal=15%","17684/16535/15251/22761/74443/16598/12159/100504069/14380/216635/70026/16596/544763/14460/19746/19743/22339/14008/14582/193740/11656/20533/101488143/15129/15122/106722/13828/19824",0.431707695803346
"GO:0007628","adult walking behavior",44,-0.517062043754164,-1.44899101295578,0.033343819207909,0.488495196935118,0.488495196935118,1839,"tags=23%, list=9%, signal=21%","22223/13838/20265/22771/16531/12298/93688/13131/20273/14654",0.321775918075361
"GO:0002429","immune response-activating cell surface receptor signaling pathway",319,0.371594193183125,1.4488403368801,0.000418557895773267,0.0651249680537602,0.0651249680537602,4403,"tags=31%, list=21%, signal=25%","67596/14756/93675/66873/233079/58179/225825/15978/102639802/14762/94071/16428/378460/12775/243655/12501/12477/17441/503550/16642/16643/210757/12502/320407/327957/20400/12525/195564/27007/23960/16818/14525/414084/246729/12047/77799/56644/18566/23961/66166/108723/246730/56792/12500/16019/114643/58205/77647/27028/22637/19260/16641/12143/74015/54215/21838/14747/12487/12231/16803/230787/547431/78473/12491/17002/225471/114774/238555/240754/22165/20371/246177/17174/50723/16792/53791/12043/14462/23880/12988/319430/14289/68614/12503/18019/12524/93694/21897/227059/102657/107321/12266/26365/12267/226421/232341/242627/234779",0.49849310876659
"GO:0048169","regulation of long-term neuronal synaptic plasticity",37,-0.532934604103117,-1.44827642497644,0.031992758547384,0.480040877082476,0.480040877082476,2685,"tags=22%, list=13%, signal=19%","11606/20203/108071/14810/116837/14811/20617/14812",0.321775918075361
"GO:0006835","dicarboxylic acid transport",113,-0.439478763169325,-1.44743081389724,0.0135971121480788,0.355637112214949,0.355637112214949,3694,"tags=27%, list=18%, signal=22%","13853/16181/20512/20513/20532/14580/54140/26557/57776/24115/72267/26570/193034/11611/28253/18168/16523/12780/71803/12424/20511/20510/20617/14816/74087/20614/14812/14725/13487/242607",0.380730400722792
"GO:0051938","L-glutamate import",45,-0.507681204613822,-1.4467464671539,0.0400187583067117,0.532092061792344,0.532092061792344,3694,"tags=31%, list=18%, signal=26%","13853/20512/20513/20532/57776/26570/16523/71803/20511/20510/14816/74087/20614/242607",0.321775918075361
"GO:0003009","skeletal muscle contraction",51,0.463589708494225,1.44452039368106,0.042881524930995,0.555678617640989,0.555678617640989,4597,"tags=41%, list=22%, signal=32%","21393/12391/243277/11937/21957/12372/12350/21953/19700/17189/11474/71912/13405/74492/233335/110880/21954/226594/228785/21955/17885",0.321775918075361
"GO:0120162","positive regulation of cold-induced thermogenesis",101,-0.446588477620266,-1.4431826275603,0.0119829059948031,0.342023882564033,0.342023882564033,3110,"tags=25%, list=15%, signal=21%","170826/11450/12767/14373/11770/18429/13166/18935/12608/14748/213527/11647/16819/66402/11516/22339/22229/333050/13592/18430/16847/19116/12686/19017/22227",0.380730400722792
"GO:0015718","monocarboxylic acid transport",165,-0.417941027923338,-1.44303385407497,0.00560237568333,0.236700372620693,0.236700372620693,3415,"tags=31%, list=16%, signal=26%","20503/26399/17319/71781/18782/12904/102857/114229/54670/26457/21825/13614/18126/216225/227358/16175/108096/68039/14079/27413/11770/18429/234564/28253/70026/244595/12062/16523/19016/12780/240638/26970/19225/18670/241877/26458/20525/26367/13491/28254/80879/18784/21943/102570/14077/13490/20524/14411/20494/18778/12140",0.407017918923954
"GO:0051336","regulation of hydrolase activity",223,-0.411161289756458,-1.44224774684526,0.00154533123011236,0.122534303592379,0.122534303592379,5213,"tags=31%, list=25%, signal=23%","193385/66725/140571/213027/380916/26395/11853/16413/56349/16007/433693/20354/76041/217692/217463/109905/14681/19395/76483/74694/18003/216831/232345/11983/13853/18984/218397/21857/13601/53972/18762/13836/19152/14433/21844/112405/213649/14063/19736/19229/20704/15444/18787/18211/243621/18720/13838/23828/50779/20319/19733/12156/57875/208213/59083/11516/241196/433180/218038/18784/16847/20701/70835/110351/65079/380839/69312/19417/72902",0.45505986738723
"GO:0031646","positive regulation of nervous system process",53,-0.494830548816395,-1.44170940531997,0.0195849986220973,0.401137856837867,0.401137856837867,3240,"tags=38%, list=16%, signal=32%","21960/235086/14466/13654/20203/193034/116838/72514/56508/16193/108071/15234/66797/116837/14811/21333/56183/387216/68073/14812",0.352487857583619
"GO:1901976","regulation of cell cycle checkpoint",46,0.482086564366577,1.43852500671758,0.0324601937981958,0.483664418960588,0.483664418960588,5873,"tags=39%, list=28%, signal=28%","19130/327799/11799/241627/19361/12190/12189/20877/12021/209334/65964/56150/16319/14155/76464/19891/52276/66468",0.321775918075361
"GO:0045071","negative regulation of viral genome replication",50,0.469546229559687,1.43829698847644,0.0311132465686779,0.47348168119443,0.47348168119443,2960,"tags=34%, list=14%, signal=29%","19130/20304/11628/23960/246727/246728/246729/80287/23961/246730/114643/231655/319278/23962/17858/17002/213002",0.352487857583619
"GO:0046633","alpha-beta T cell proliferation",47,0.482274324728691,1.43818688538634,0.0465565285517432,0.574102189079818,0.574102189079818,4562,"tags=47%, list=22%, signal=37%","16162/16963/12501/12772/16160/13136/230979/22637/19260/18106/208154/12487/94176/22164/12144/16173/15944/16362/320484/16161/16859/19264",0.321775918075361
"GO:0072078","nephron tubule morphogenesis",81,-0.454076820639356,-1.43777013140943,0.0329915957655719,0.486381343794294,0.486381343794294,4108,"tags=42%, list=20%, signal=34%","114249/16776/23967/20471/18514/19197/15205/69847/66398/14173/15478/14573/11606/14179/12159/15431/20423/20681/14260/20682/23892/22417/12156/22339/15229/11608/22431/18654/271127/56753/58198/22408/16371/16372",0.321775918075361
"GO:0061333","renal tubule morphogenesis",86,-0.453598406278453,-1.4374220155343,0.0170000647956966,0.377766145736897,0.377766145736897,4108,"tags=41%, list=20%, signal=33%","114249/16776/23967/20471/18514/19197/15205/69847/66398/14173/15478/14573/11606/14179/12159/15431/20423/20681/14260/20682/14160/23892/22417/12156/22339/15229/11608/22431/18654/271127/56753/58198/22408/16371/16372",0.352487857583619
"GO:0003208","cardiac ventricle morphogenesis",77,-0.460306342257445,-1.43733753034173,0.0322688418556902,0.481931400923819,0.481931400923819,3770,"tags=27%, list=18%, signal=22%","333654/12814/17300/20348/54485/13857/15251/21924/252973/18168/14463/20319/56198/17906/14180/109620/17897/14725/57246/17888/18091",0.321775918075361
"GO:0046364","monosaccharide biosynthetic process",108,-0.442217249930792,-1.43698282610142,0.015938411529263,0.369381150691092,0.369381150691092,5054,"tags=36%, list=24%, signal=28%","11911/21991/18604/14381/93759/67800/56458/213053/14120/14751/14555/14873/20322/13806/14711/18655/14433/18648/15251/11450/108682/230784/74551/227358/11910/227627/14380/16193/15235/19733/11676/68054/268756/16847/19017/103988/17844/14526/18534",0.352487857583619
"GO:0007213","G protein-coupled acetylcholine receptor signaling pathway",18,-0.609549454641741,-1.43640335375008,0.0484171322160149,0.581728269147541,0.581728269147541,1661,"tags=17%, list=8%, signal=15%","14675/243764/12672",0.282013350011725
"GO:0098930","axonal transport",74,-0.465670213236247,-1.43495505921041,0.0212790848884419,0.41241827196588,0.41241827196588,5574,"tags=36%, list=27%, signal=27%","11774/71703/16573/16564/15185/73689/70612/117197/56444/52822/30957/16563/23859/11777/11775/16560/15251/278097/319613/12794/16574/22223/15507/67749/18039/68566/435626",0.352487857583619
"GO:0032729","positive regulation of type II interferon production",77,0.443116963121143,1.43395993840761,0.0181785250023974,0.394400295829042,0.394400295829042,4454,"tags=36%, list=21%, signal=29%","12481/225825/16162/243655/12501/21940/12772/16160/27007/56644/16182/170744/19260/54215/74131/22164/225471/22165/14991/16173/209590/170743/16161/102657/14367/30925/171285/16176",0.352487857583619
"GO:0072073","kidney epithelium development",160,-0.419396161651136,-1.43282091847216,0.00447848230794379,0.211078322687495,0.211078322687495,4474,"tags=38%, list=21%, signal=30%","20377/20971/13642/20474/13388/18591/114249/16776/23967/16878/12064/20471/18514/19197/17300/15205/69847/66398/73230/14173/17130/13614/66333/15478/14573/50791/11606/14179/12931/12159/15431/20423/20681/14260/20682/23892/13838/20563/13618/66277/12780/12765/22417/19713/12156/56198/22339/15229/11608/22431/12484/14042/18654/271127/56753/58198/22408/16371/16372/20464/11847",0.407017918923954
"GO:0042102","positive regulation of T cell proliferation",108,0.41728556358328,1.43235186453731,0.0154969717976811,0.366579459604175,0.366579459604175,4583,"tags=44%, list=22%, signal=34%","170776/12511/20304/15978/16162/170780/170786/16184/15000/16963/12775/12501/12772/16160/13136/16002/108723/14999/24099/58205/22637/19260/18106/74131/12487/13641/547431/22164/16408/20371/50723/20737/12144/16173/15944/18761/209590/320484/16161/12524/102657/171285/12721/16176/78317/19264/22042",0.380730400722792
"GO:0016202","regulation of striated muscle tissue development",48,0.470204085180593,1.43166077924792,0.0376909939640574,0.519423955444585,0.519423955444585,2548,"tags=25%, list=12%, signal=22%","320502/59091/17878/20670/17928/16842/11474/16002/53376/22410/117606/108000",0.321775918075361
"GO:0072080","nephron tubule development",102,-0.445447587173038,-1.43075810919052,0.0109599434833686,0.328625989327043,0.328625989327043,4254,"tags=40%, list=20%, signal=32%","20474/13388/114249/16776/23967/16878/20471/18514/19197/15205/69847/66398/14173/66333/15478/14573/11606/14179/12159/15431/20423/20681/14260/20682/23892/12780/22417/12156/56198/22339/15229/11608/22431/12484/18654/271127/56753/58198/22408/16371/16372",0.380730400722792
"GO:0019882","antigen processing and presentation",118,0.406072256197227,1.43047408150167,0.00871985364916602,0.309386188590852,0.309386188590852,4107,"tags=37%, list=20%, signal=30%","20592/15978/14969/14961/14960/16149/15000/15006/12775/110557/15015/15001/381809/14190/15018/21354/16019/14999/224840/246256/14972/15002/16912/80898/213233/14964/14998/16913/19368/545030/15042/73149/269799/14129/13040/14991/15013/667977/15064/15216/17476/11891/235442/21356",0.380730400722792
"GO:0072088","nephron epithelium morphogenesis",83,-0.452536058062719,-1.43018237849458,0.0223012400173294,0.418767729214296,0.418767729214296,4108,"tags=42%, list=20%, signal=34%","114249/16776/23967/16878/20471/18514/19197/15205/69847/66398/14173/15478/14573/11606/14179/12159/15431/20423/20681/14260/20682/23892/22417/12156/22339/15229/11608/22431/18654/271127/56753/58198/22408/16371/16372",0.352487857583619
"GO:0042698","ovulation cycle",78,-0.460808560383312,-1.4297035394911,0.0185897282185431,0.396026863972501,0.396026863972501,4532,"tags=35%, list=22%, signal=27%","268903/14400/13615/238871/19275/12167/14453/15117/18159/11705/13983/14714/13982/19288/11504/17390/11606/15116/18168/17700/12349/21930/13874/11576/18387/26423/57264",0.352487857583619
"GO:0001912","positive regulation of leukocyte mediated cytotoxicity",84,0.442263822295991,1.42942558765995,0.010511104695114,0.327384694700559,0.327384694700559,2806,"tags=33%, list=13%, signal=29%","545378/58179/225825/26904/17059/16963/15006/243655/110557/503550/16642/15015/16643/320407/20400/16160/27007/83408/15018/56792/20343/14972/18439/16641/54215/14964/19368/15042",0.380730400722792
"GO:0002381","immunoglobulin production involved in immunoglobulin-mediated immune response",61,0.448551171141152,1.42883983608585,0.0239531771378982,0.423577401662806,0.423577401662806,5602,"tags=41%, list=27%, signal=30%","12458/15978/16963/11628/57765/16019/73747/12487/26909/22164/22256/237877/20371/50723/53314/70238/19264/22042/15510/69583/17350/50931/67278/71675/17685",0.352487857583619
"GO:0030317","flagellated sperm motility",198,-0.40755280863051,-1.4258615410342,0.00301062477838301,0.168123759363267,0.168123759363267,3543,"tags=30%, list=17%, signal=25%","67752/83984/226265/114606/233899/18952/72873/71099/382562/381229/69707/75563/380654/332934/227736/69315/320277/110083/70918/101100/21959/69327/102638083/329831/69310/75504/211482/74446/69306/75172/71870/269701/207686/12290/67077/76856/104362/77058/19733/11497/73721/79455/666504/381738/66722/21333/97086/22431/74288/21689/381107/74469/74453/73287/207607/54562/68625/106757/76486/252967",0.431707695803346
"GO:0097722","sperm motility",198,-0.40755280863051,-1.4258615410342,0.00301062477838301,0.168123759363267,0.168123759363267,3543,"tags=30%, list=17%, signal=25%","67752/83984/226265/114606/233899/18952/72873/71099/382562/381229/69707/75563/380654/332934/227736/69315/320277/110083/70918/101100/21959/69327/102638083/329831/69310/75504/211482/74446/69306/75172/71870/269701/207686/12290/67077/76856/104362/77058/19733/11497/73721/79455/666504/381738/66722/21333/97086/22431/74288/21689/381107/74469/74453/73287/207607/54562/68625/106757/76486/252967",0.431707695803346
"GO:0099505","regulation of presynaptic membrane potential",40,-0.506178113642162,-1.42493883319453,0.046534689778796,0.574102189079818,0.574102189079818,2371,"tags=38%, list=11%, signal=33%","14408/14800/58802/16523/20265/16531/110886/14810/268345/14811/16492/16519/20264/14654/14812",0.321775918075361
"GO:0036294","cellular response to decreased oxygen levels",166,-0.416738637200584,-1.4237816091086,0.00497230585019085,0.222484295740863,0.222484295740863,3994,"tags=28%, list=19%, signal=23%","26419/66734/407790/170770/110876/67579/19878/56295/13806/16478/13804/231207/17684/18655/228026/15251/112405/11639/18386/13614/14465/12177/70186/54418/66214/20203/20855/13838/69573/19016/112407/19225/16819/17700/12176/67749/17988/22359/22339/108071/16508/50527/64242/11828/17751/23844/18534",0.407017918923954
"GO:0070482","response to oxygen levels",360,-0.386046519635978,-1.42375161110337,0.000621968581173214,0.0815159638427425,0.0815159638427425,4578,"tags=30%, list=22%, signal=24%","18792/56458/12494/74142/14004/20377/13685/22340/231002/74747/214384/723827/20677/13805/54195/230857/26419/66734/16878/66290/407790/170770/18822/110876/67579/19878/18159/56295/11964/15567/13806/11670/11596/16478/94352/13804/56017/231207/14284/16439/17684/17387/60596/18655/228026/11486/15251/112405/11864/11639/18386/13614/14465/12177/17390/18126/16992/228139/70186/54418/66214/171210/20203/17927/20855/18227/14254/387150/16523/18619/13838/69573/20928/19016/16531/112407/12156/57875/19225/16819/11601/15368/17700/12176/67749/17988/22359/22339/108071/20525/22229/16508/20510/50527/18430/12484/64242/18654/11656/19357/230099/11828/234889/17751/14812/18997/23844/18534/20674",0.477270815362862
"GO:0140894","endolysosomal toll-like receptor signaling pathway",57,0.459324375214782,1.42341824931364,0.0390134849803401,0.52343569972431,0.52343569972431,5634,"tags=44%, list=27%, signal=32%","327957/23960/246729/23961/246730/114643/224840/170744/19260/104759/71398/13649/16362/69035/170743/12524/56085/11513/226421/171285/279572/54445/117149/81897/83490",0.321775918075361
"GO:0071772","response to BMP",170,-0.411103150594407,-1.42180187685105,0.00736815005002773,0.282111325536507,0.282111325536507,2959,"tags=25%, list=14%, signal=21%","17130/319922/14465/23893/227358/15901/14362/207667/12159/18935/20682/12824/17701/16400/14313/23892/11481/12161/14463/19016/20319/12156/56198/240725/21930/14008/15229/12164/71950/231014/14042/211739/12845/387216/22408/238057/12163/17702/14725/13393/57246/13395",0.407017918923954
"GO:0071773","cellular response to BMP stimulus",170,-0.411103150594407,-1.42180187685105,0.00736815005002773,0.282111325536507,0.282111325536507,2959,"tags=25%, list=14%, signal=21%","17130/319922/14465/23893/227358/15901/14362/207667/12159/18935/20682/12824/17701/16400/14313/23892/11481/12161/14463/19016/20319/12156/56198/240725/21930/14008/15229/12164/71950/231014/14042/211739/12845/387216/22408/238057/12163/17702/14725/13393/57246/13395",0.407017918923954
"GO:0141091","transforming growth factor beta receptor superfamily signaling pathway",349,-0.383305911856822,-1.42168181004859,0.00148126526400706,0.122534303592379,0.122534303592379,3251,"tags=22%, list=16%, signal=19%","23863/17684/241226/320910/16322/21815/73230/353310/21825/434215/17130/319922/14465/23893/14573/227358/15901/50791/14538/11910/12560/14362/19272/207667/77794/66214/257630/12159/231162/18119/16948/17701/16400/72789/14313/23892/11481/16324/23886/12161/14463/19016/20319/12156/17826/17700/14165/269275/240725/21930/14008/15229/12164/12577/71950/193740/50527/231014/14042/68371/387161/14180/170676/12845/387216/16420/22408/16165/238057/12163/17702/14725/13393/57246/13395/240025/22772",0.45505986738723
"GO:0060349","bone morphogenesis",107,-0.433721275178495,-1.42113316845566,0.0201211218907919,0.403805764945829,0.403805764945829,4055,"tags=32%, list=19%, signal=26%","17937/12167/15117/234356/12817/18159/18984/17300/19227/14284/12393/17684/17387/21825/232174/12159/15431/20855/20682/12824/17701/213948/14172/12161/11647/23850/237928/14042/12590/12845/17702/11433/12813/13395",0.352487857583619
"GO:0051966","regulation of synaptic transmission, glutamatergic",81,-0.448134405164388,-1.41895431194897,0.0370789492969455,0.512088198677385,0.512088198677385,2927,"tags=28%, list=14%, signal=25%","26557/15558/108072/19229/192167/18211/14800/50873/54377/320127/18155/19225/11516/108071/14810/14811/18430/12300/13490/14816/100043254/20614/14812",0.321775918075361
"GO:0007188","adenylate cyclase-modulating G protein-coupled receptor signaling pathway",251,-0.394963307132323,-1.41878662486099,0.00258917481594127,0.158392378618871,0.158392378618871,2990,"tags=25%, list=14%, signal=22%","18386/13614/207911/238377/53978/12767/11606/108072/237175/19228/18166/319387/19762/22353/236798/77037/116838/14764/21463/11551/14748/11550/213527/210044/56089/18162/56508/16336/12854/432530/14675/14527/381853/11516/108071/14763/11604/17202/11549/381628/18389/100038489/229714/243764/13491/21333/70045/15552/20606/140498/13490/14816/435529/217674/11535/235712/18387/14526/94226/65086/12311/223780/12672/14652",0.431707695803346
"GO:0002836","positive regulation of response to tumor cell",22,0.546981503373163,1.41682822000785,0.0491488374939572,0.58242499475686,0.58242499475686,2486,"tags=36%, list=12%, signal=32%","225825/16963/16160/27007/18646/14939/14940/54215",0.321775918075361
"GO:0002839","positive regulation of immune response to tumor cell",22,0.546981503373163,1.41682822000785,0.0491488374939572,0.58242499475686,0.58242499475686,2486,"tags=36%, list=12%, signal=32%","225825/16963/16160/27007/18646/14939/14940/54215",0.321775918075361
"GO:0035710","CD4-positive, alpha-beta T cell activation",130,0.400625149795927,1.41228705332939,0.0121513434957752,0.342262841797669,0.342262841797669,4303,"tags=32%, list=21%, signal=26%","18089/16162/103743/16963/12775/381409/54167/12772/19885/16160/83408/72310/16842/13136/14347/57765/16364/16182/16950/54215/74131/20849/20351/22164/16194/20371/14744/20737/12522/16173/15944/18761/53314/14462/16362/16161/16852/17085/30925/16859/207952/16186",0.380730400722792
"GO:0036293","response to decreased oxygen levels",325,-0.385177820271746,-1.40968508654454,0.00213811384806272,0.14459077379371,0.14459077379371,4578,"tags=31%, list=22%, signal=24%","18792/12494/74142/14004/20377/13685/22340/231002/74747/214384/723827/20677/13805/230857/26419/66734/16878/407790/170770/18822/110876/67579/19878/18159/56295/15567/13806/11670/11596/16478/94352/13804/56017/231207/14284/16439/17684/17387/18655/228026/11486/15251/112405/11864/11639/18386/13614/14465/12177/17390/18126/16992/228139/70186/54418/66214/171210/20203/20855/18227/14254/16523/18619/13838/69573/20928/19016/16531/112407/12156/57875/19225/16819/11601/15368/17700/12176/67749/17988/22359/22339/108071/20525/22229/16508/20510/50527/18430/12484/64242/18654/11656/19357/230099/11828/17751/14812/23844/18534/20674",0.431707695803346
"GO:0002707","negative regulation of lymphocyte mediated immunity",67,0.443043949889836,1.40933997524475,0.0246419121026807,0.425404192267245,0.425404192267245,5035,"tags=42%, list=24%, signal=32%","545378/71183/26904/75863/243655/16643/15223/80782/20726/57765/18566/16002/21354/20723/71740/20371/16197/20737/15216/93694/16331/26365/16859/171285/19264/84544/257632/21355",0.352487857583619
"GO:0015837","amine transport",110,-0.429488053537289,-1.4091054078062,0.0163090759786705,0.370095003303963,0.370095003303963,3115,"tags=28%, list=15%, signal=24%","54140/229521/26557/15558/72401/11606/19736/64051/19224/18429/70008/76257/11551/18168/11846/18155/12424/19743/108071/18389/18430/20617/13490/103988/20614/110834/110877/232333/18387/14812/11847",0.352487857583619
"GO:0042044","fluid transport",35,-0.519502272706034,-1.4070169959493,0.0405301554968186,0.536669399176431,0.536669399176431,3778,"tags=43%, list=18%, signal=35%","15117/319229/269356/13614/12638/66333/13618/11832/56492/20277/18772/14042/11830/22270/11828",0.321775918075361
"GO:0050805","negative regulation of synaptic transmission",78,-0.453118212816479,-1.40584348548717,0.0227828282569062,0.418842309345592,0.418842309345592,3536,"tags=31%, list=17%, signal=26%","15567/11596/20620/11838/21960/11450/23945/15558/19229/14800/50873/18168/56508/320127/382864/19225/108071/66797/13491/13490/12404/232333/76376/14812",0.352487857583619
"GO:0006749","glutathione metabolic process",64,-0.46388925048963,-1.40542044183546,0.0316825600795524,0.477618311809591,0.477618311809591,4987,"tags=44%, list=24%, signal=33%","14854/14871/14381/20656/14782/232223/68044/14866/14873/14651/68214/14630/14862/14872/207182/26570/75886/14380/211666/14860/12780/69065/14867/71522/20511/20510/20617/107869",0.321775918075361
"GO:0045005","DNA-templated DNA replication maintenance of fidelity",65,0.440975234827444,1.40484564828012,0.0366267776638958,0.510232464549975,0.510232464549975,6336,"tags=52%, list=30%, signal=37%","11920/26909/98415/11545/12144/19361/72749/18973/66991/77782/19691/12190/12189/59035/56045/327762/74729/12021/209334/17535/226409/69928/22589/18971/66131/18975/19360/67968/212377/268465/54380/71567/269400/21853",0.321775918075361
"GO:0051968","positive regulation of synaptic transmission, glutamatergic",40,-0.49885226490406,-1.4043158823563,0.0459183673469388,0.571354195842216,0.571354195842216,2450,"tags=32%, list=12%, signal=29%","19229/192167/18211/54377/19225/11516/14810/14811/18430/12300/100043254/20614/14812",0.276500599254472
"GO:0048806","genitalia development",45,-0.492592919505275,-1.40374916298384,0.0486111111111111,0.581728269147541,0.581728269147541,2545,"tags=22%, list=12%, signal=20%","14179/20423/104271/11835/12161/14165/22431/94224/14725/20674",0.271288554688953
"GO:0010665","regulation of cardiac muscle cell apoptotic process",68,-0.46164437695851,-1.40323515416948,0.0287703879738844,0.451744331462801,0.451744331462801,4806,"tags=31%, list=23%, signal=24%","93759/18607/67731/214384/15214/26419/106628/11554/11983/243912/14465/11606/16009/14528/14463/12765/20319/12176/26897/18997/18091",0.352487857583619
"GO:0002832","negative regulation of response to biotic stimulus",141,0.395078825612033,1.40121930067166,0.0106044126157832,0.327384694700559,0.327384694700559,5127,"tags=36%, list=25%, signal=27%","545378/71183/72432/26904/243655/16643/434341/23960/80782/246727/246729/20726/74748/14190/18566/23961/16002/246730/21354/114643/20723/214158/54396/71740/16145/547253/20821/17002/20371/11545/15944/93694/20877/213211/56045/16331/26365/16859/73914/14302/171285/12258/84544/55948/80861/223723/56417/56213/24110/21355/100038882",0.380730400722792
"GO:0072028","nephron morphogenesis",84,-0.440171370077238,-1.40104925221162,0.0227298310472365,0.418842309345592,0.418842309345592,4108,"tags=42%, list=20%, signal=34%","114249/16776/23967/16878/20471/18514/19197/15205/69847/66398/14173/15478/14573/11606/14179/12159/15431/20423/20681/14260/20682/23892/22417/12156/22339/15229/11608/22431/18654/271127/56753/58198/22408/16371/16372",0.352487857583619
"GO:0002714","positive regulation of B cell mediated immunity",49,0.461177167149167,1.40016272855223,0.0452990155266339,0.568221738674497,0.568221738674497,5385,"tags=45%, list=26%, signal=33%","380795/225825/15978/16016/16963/83408/14125/57765/73747/12487/22164/237877/14129/12266/19264/22042/257632/83433/14131/69583/17350/67278",0.321775918075361
"GO:0002891","positive regulation of immunoglobulin mediated immune response",49,0.461177167149167,1.40016272855223,0.0452990155266339,0.568221738674497,0.568221738674497,5385,"tags=45%, list=26%, signal=33%","380795/225825/15978/16016/16963/83408/14125/57765/73747/12487/22164/237877/14129/12266/19264/22042/257632/83433/14131/69583/17350/67278",0.321775918075361
"GO:0046660","female sex differentiation",151,-0.408850438282424,-1.39778377706147,0.0188319808038291,0.396165173747434,0.396165173747434,4861,"tags=36%, list=23%, signal=28%","16590/100040608/93759/217715/218454/268903/20377/13615/11819/238871/19275/12167/242523/13134/14453/238330/18159/11705/13983/17300/14714/13982/14178/17387/16322/19288/11504/381677/18671/12841/17390/11606/94109/12159/18787/11839/12608/14313/16324/54003/22417/14165/11516/21930/22339/227631/22431/13874/11576/94224/26423/14725/20758/57264",0.352487857583619
"GO:0031960","response to corticosteroid",158,-0.409047860532007,-1.39607778261047,0.0120896015792643,0.342023882564033,0.342023882564033,3663,"tags=32%, list=18%, signal=26%","16181/94180/110784/18984/11670/20393/16601/14284/12091/19252/14466/54140/13614/14573/19273/74551/21385/74155/20845/18429/12159/20203/17927/11611/28253/20855/11839/20310/50873/20497/16193/394435/12161/11647/18491/17700/108071/22229/20277/11608/16008/433294/18039/20606/19215/15977/394433/12311/93721/18534",0.380730400722792
"GO:0072348","sulfur compound transport",67,-0.461920035628729,-1.39592568135458,0.0356171534145983,0.503817971869054,0.503817971869054,1011,"tags=12%, list=5%, signal=11%","20511/20510/20524/74087/70129/30962/13487/243755",0.321775918075361
"GO:0098815","modulation of excitatory postsynaptic potential",70,-0.459594848349998,-1.3957495760915,0.0457175941118391,0.570093959973263,0.570093959973263,3416,"tags=31%, list=16%, signal=26%","18762/20620/668137/13542/19736/64051/19229/193034/192167/116838/14800/50873/18155/108013/108071/14810/116837/14811/13491/12404/14812/207683",0.321775918075361
"GO:2000107","negative regulation of leukocyte apoptotic process",52,0.449755468769528,1.39569015015018,0.0417511762895644,0.547196028839965,0.547196028839965,4071,"tags=40%, list=19%, signal=33%","209488/20304/16149/12775/21940/22163/19885/15930/20723/20440/20315/22164/12774/320404/16197/12144/16173/18761/19208/227059/20877",0.321775918075361
"GO:0008089","anterograde axonal transport",50,-0.483567283683995,-1.39526962328821,0.0431977419858914,0.558180883366992,0.558180883366992,5245,"tags=34%, list=25%, signal=26%","16573/16564/73689/117197/30957/16563/23859/11777/11775/16560/319613/12794/16574/15507/67749/18039/68566",0.321775918075361
"GO:0051384","response to glucocorticoid",142,-0.414384017839123,-1.39523385062852,0.0110461218794569,0.328625989327043,0.328625989327043,3663,"tags=33%, list=18%, signal=27%","16181/94180/110784/18984/11670/16601/14284/12091/19252/14466/54140/13614/14573/19273/74551/21385/74155/20845/18429/12159/20203/17927/11611/28253/20855/11839/20310/50873/16193/394435/12161/11647/18491/17700/108071/22229/11608/16008/433294/18039/20606/19215/15977/394433/12311/93721/18534",0.380730400722792
"GO:0051155","positive regulation of striated muscle cell differentiation",56,0.450806867902119,1.3938582214789,0.0386446451643647,0.522475602622211,0.522475602622211,2324,"tags=20%, list=11%, signal=18%","19130/320502/666794/12391/17878/13009/241593/17928/11474/12180/21380",0.321775918075361
"GO:0060348","bone development",246,-0.387851967576106,-1.39325064317048,0.00392934678806531,0.200271945023455,0.200271945023455,4161,"tags=26%, list=20%, signal=21%","18590/58991/17937/15412/12167/16878/15117/234356/12817/18159/18984/17300/13601/19227/71982/26399/14284/12393/69480/52076/17684/17387/21825/54725/238377/14179/232174/12159/15431/20855/16948/20682/12824/17701/18675/23892/213948/14172/12161/19733/11647/12156/73737/240725/56492/17926/23850/97086/12643/237928/14042/12590/21943/16847/620235/12902/12845/16420/22408/17702/94224/11433/12813/13395/223332",0.407017918923954
"GO:0048477","oogenesis",115,-0.423786945690283,-1.39323614996598,0.0207677222135353,0.410644293741867,0.410644293741867,3614,"tags=30%, list=17%, signal=25%","70891/18159/11705/54611/13164/622554/75033/384619/332397/19288/13614/74090/330149/54418/19229/17451/434438/14160/16324/16336/22417/50915/100009600/12173/268491/21930/381759/67981/227631/13874/140498/317755/214575/75801",0.352487857583619
"GO:0001659","temperature homeostasis",214,-0.393547757558519,-1.39257706033386,0.00509902886404361,0.224287420307453,0.224287420307453,3110,"tags=24%, list=15%, signal=20%","170826/11450/26457/12767/12919/15558/14373/16175/15901/23794/353504/11770/18429/13198/212933/20203/13166/18935/193034/224796/12608/14748/213527/18162/11481/13618/19016/11647/12709/19225/16819/66402/11516/22339/108071/104158/224480/17202/12164/22229/333050/13592/56183/18430/21943/16847/19116/12686/19017/17844/22227",0.407017918923954
"GO:0030216","keratinocyte differentiation",140,-0.413559098987191,-1.39072224375312,0.0122826017723777,0.342589386994075,0.342589386994076,3522,"tags=33%, list=17%, signal=28%","17300/195733/16939/14284/381867/13836/12575/72383/19041/252973/16175/110310/74155/12560/19224/232174/15218/545975/14027/71529/19225/320051/406219/20761/76585/16681/18772/13115/20754/20765/67718/332131/109620/76770/20753/17702/268885/16673/630994/20764/20758/433016/66195/20759/16447/20762",0.380730400722792
"GO:0046661","male sex differentiation",177,-0.401652092624328,-1.38967401922249,0.0110461218794569,0.328625989327043,0.328625989327043,3341,"tags=23%, list=16%, signal=20%","13982/17684/17387/16322/14465/12638/57816/12841/319448/16175/20845/14179/218630/94109/56622/20423/20681/18211/104271/11835/20682/16324/12161/16336/14463/22417/20319/14460/11497/14165/239789/22431/140498/71078/11625/14180/54562/94224/26423/14725/20674",0.380730400722792
"GO:0033555","multicellular organismal response to stress",120,-0.419599497039572,-1.38874172045204,0.0191666363593091,0.397058511933816,0.397058511933816,2991,"tags=28%, list=14%, signal=24%","21825/14829/218461/228139/13166/193034/28253/18211/11551/18227/14528/18619/13618/12290/19713/12424/225642/11516/241118/110886/17450/66797/56710/15165/13491/21333/20510/14042/20264/72585/21907/14812/20538/383348",0.352487857583619
"GO:0014904","myotube cell development",49,0.457219675652386,1.38814753680584,0.0460868048075225,0.571369614814497,0.571369614814497,2524,"tags=27%, list=12%, signal=23%","12292/320502/11459/17878/433766/17928/11474/22410/723910/20190/231602/381339/13405",0.321775918075361
"GO:0050795","regulation of behavior",106,-0.427775239731123,-1.38759089724547,0.0235043184825234,0.420458867116338,0.420458867116338,2239,"tags=20%, list=11%, signal=18%","192167/387285/15394/16193/18619/12854/15559/12424/225642/26367/11604/17202/18389/56183/15552/16847/19215/13490/100043254/18387/57264",0.352487857583619
"GO:0030316","osteoclast differentiation",134,-0.412501732657374,-1.38626543999978,0.0156265965137717,0.366579459604175,0.366579459604175,3423,"tags=23%, list=16%, signal=19%","71982/14284/13836/170826/238377/20302/227358/83430/227326/18018/70564/98952/12608/277203/83924/12156/73737/70080/12349/21930/56492/97086/21943/217154/620235/15977/74614/75766/18997/232790/12311",0.352487857583619
"GO:0051955","regulation of amino acid transport",54,-0.465908220695827,-1.38285145512722,0.0474576271186441,0.580363358860387,0.580363358860387,3115,"tags=30%, list=15%, signal=25%","54140/26557/72401/11606/19736/64051/70008/76257/18168/11846/12424/20617/20614/232333/14812/11847",0.271288554688953
"GO:0043954","cellular component maintenance",112,-0.419598524971751,-1.382541920597,0.028737533512356,0.451744331462801,0.451744331462801,4123,"tags=34%, list=20%, signal=27%","13823/17528/20346/18003/14360/218952/238988/23859/19339/19152/20661/14062/54725/239659/14063/50791/241514/319387/192167/116838/69697/16400/23829/73750/228550/227580/210933/243743/327814/14810/66797/116837/18772/109620/12404/14812/329942/240479",0.352487857583619
"GO:0008038","neuron recognition",50,0.451059682922303,1.38166966898798,0.0466647995483751,0.574102189079818,0.574102189079818,1088,"tags=16%, list=5%, signal=15%","17984/13508/58916/268902/329278/13837/68802/19283",0.321775918075361
"GO:0002262","myeloid cell homeostasis",210,-0.392676373838762,-1.37920949626805,0.00855180553456737,0.307415678438253,0.307415678438253,3248,"tags=17%, list=16%, signal=14%","17684/16535/15251/22761/14013/74443/16598/12159/26570/100504069/14380/216635/70026/16596/544763/16193/12765/14460/19746/15368/19743/22339/14008/80885/14582/20277/193740/11656/20533/101488143/15129/15122/106722/13828/19824",0.380730400722792
"GO:0009913","epidermal cell differentiation",225,-0.387860540454183,-1.37908631950469,0.0049887478334918,0.222484295740863,0.222484295740863,3522,"tags=30%, list=17%, signal=25%","17300/15205/195733/16939/14284/381867/13836/12575/100503041/16535/72383/14465/19041/21683/252973/16175/110310/74155/12560/19224/13409/232174/12159/15218/224796/545975/14027/18426/102502/73750/71529/16531/19225/320051/406219/110886/20761/76585/667663/751532/229320/16681/18772/13115/20754/20765/67718/332131/109620/76770/14581/70129/20753/17702/268885/140476/13393/16673/630994/20764/20758/433016/66195/209195/20759/16447/20762",0.407017918923954
"GO:0006814","sodium ion transport",238,-0.386251444129264,-1.37797150363715,0.00648195246393108,0.263462650147882,0.263462650147882,3279,"tags=27%, list=16%, signal=23%","80297/69847/16535/14664/102857/230612/171209/269356/30805/215929/240332/13614/20271/12638/57816/216225/59033/11606/83814/232156/12291/76257/20531/74446/20497/57442/20265/13618/20495/76856/13162/17178/229706/241877/241118/104245/14810/114304/20277/74338/15165/14811/97086/338370/20264/269513/12789/13490/240215/76560/432450/20273/14411/12805/63993/232333/223604/20494/76376/226999/243755/20538/270028/18091/69354",0.407017918923954
"GO:0008217","regulation of blood pressure",194,-0.394829626021967,-1.37597896609345,0.00664272248451831,0.26576916273924,0.26576916273924,3217,"tags=27%, list=15%, signal=23%","69847/16535/60596/54140/14062/11450/13614/66259/14063/18126/11606/83814/19224/74574/18429/18166/193034/70008/232156/11550/11835/14528/18162/12061/12062/16523/13618/20928/19016/14675/19225/53419/15368/11549/18389/100038489/20277/11608/15937/21333/56183/18430/16612/14042/18654/271127/13490/11535/13850/17888/223780/14652",0.407017918923954
"GO:0048661","positive regulation of smooth muscle cell proliferation",117,-0.413586109173001,-1.37472905558989,0.031041429015548,0.47348168119443,0.47348168119443,4206,"tags=23%, list=20%, signal=19%","18591/238871/12554/59027/11596/54598/15251/14173/21825/11504/13614/17390/11606/66214/12159/14254/18168/16193/19225/15368/240725/17395/22339/13874/14180/19017/57264",0.352487857583619
"GO:0002821","positive regulation of adaptive immune response",156,0.379257275115222,1.3740015877236,0.00675561501872861,0.26780592376713,0.267805923767131,5423,"tags=41%, list=26%, signal=31%","380795/225825/15978/16016/209588/16149/16963/15006/110557/15015/12772/16160/83408/14125/13136/12516/57765/56644/15018/24099/14972/18439/16182/14964/14998/74131/19368/73747/12487/15042/78473/22164/237877/20371/14129/14991/16173/18761/15013/667977/209590/14462/15064/16161/14367/12266/16176/19264/22042/15510/240095/329260/257632/83433/14131/21355/216799/69583/17350/50931/12480/67278/14082/15039",0.407017918923954
"GO:0042303","molting cycle",115,0.393280946451044,1.37394476218778,0.0240731153155506,0.423577401662806,0.423577401662806,1248,"tags=10%, list=6%, signal=9%","66042/14633/16664/13607/16666/16667/22409/21420/18053/56460/12614",0.352487857583619
"GO:0042633","hair cycle",115,0.393280946451044,1.37394476218778,0.0240731153155506,0.423577401662806,0.423577401662806,1248,"tags=10%, list=6%, signal=9%","66042/14633/16664/13607/16666/16667/22409/21420/18053/56460/12614",0.352487857583619
"GO:0002702","positive regulation of production of molecular mediator of immune response",123,0.396186673239814,1.37314680916524,0.0135892461198456,0.355637112214949,0.355637112214949,3344,"tags=26%, list=16%, signal=22%","27278/233079/225825/15978/209588/23993/16149/109820/16963/21940/327957/22163/16191/67313/83408/13136/230979/12516/57765/56644/16182/19260/54215/74131/73747/12487/12491/22164/237877/230073/16792/16173",0.380730400722792
"GO:0008306","associative learning",125,-0.41076296392534,-1.37268645973086,0.0266547611423899,0.435855943404158,0.435855943404158,3240,"tags=24%, list=16%, signal=20%","21960/27403/15251/218461/11606/94109/26570/13166/14800/12290/56013/53324/12424/108071/110886/14810/66797/18389/14811/13491/21333/20510/268354/13490/100043254/20614/232333/18387/14812/14652",0.352487857583619
"GO:0046888","negative regulation of hormone secretion",88,-0.432405145175709,-1.37250438656058,0.0432962458547056,0.558330302969718,0.558330302969718,4806,"tags=43%, list=23%, signal=33%","93759/14609/215445/56458/16500/13615/14681/58991/19055/14226/223775/16878/18641/16535/16322/18576/11450/218461/13614/12919/16156/68039/18166/207227/16009/11551/27359/110385/50873/13924/16193/16324/19016/269275/26950/17844/223604/18387",0.321775918075361
"GO:0048525","negative regulation of viral process",75,0.419755179601853,1.37136982239484,0.0265608039084265,0.435855943404158,0.435855943404158,2960,"tags=27%, list=14%, signal=23%","19130/20304/11628/23960/246727/246728/246729/80287/69097/23961/246730/114643/231655/20821/20684/319278/23962/17858/17002/213002",0.352487857583619
"GO:0006094","gluconeogenesis",97,-0.422803782244315,-1.37035026077018,0.0384821448825808,0.522475602622211,0.522475602622211,3231,"tags=23%, list=15%, signal=19%","14711/18655/14433/18648/15251/11450/108682/230784/74551/227358/11910/227627/16193/15235/11676/68054/16847/19017/103988/17844/14526/18534",0.321775918075361
"GO:0031644","regulation of nervous system process",157,-0.402697208956233,-1.36831824157142,0.016109684481378,0.369381150691092,0.369381150691092,3606,"tags=31%, list=17%, signal=26%","19878/230822/18762/20620/668137/13542/21960/235086/14466/54140/23945/13654/20302/11606/19736/64051/19229/20203/193034/192167/116838/72514/14800/50873/56508/16193/67374/18155/225642/108013/108071/15234/14810/66797/116837/14811/13491/21333/56183/338370/14816/387216/665615/14654/12404/68073/14812/270028/207683",0.352487857583619
"GO:0009994","oocyte differentiation",66,-0.446379550144004,-1.36747359769265,0.0339822676840922,0.494364374180312,0.494364374180312,3301,"tags=29%, list=16%, signal=24%","54611/13164/13614/19229/17451/14160/16324/16336/22417/50915/100009600/12173/268491/381759/227631/13874/140498/317755/214575",0.321775918075361
"GO:0003014","renal system process",128,-0.408940772034917,-1.36656233814714,0.024854009772876,0.425681717877776,0.425681717877776,4206,"tags=37%, list=20%, signal=30%","18591/279561/14787/19055/13731/93835/11554/15117/224792/319229/110784/22393/333669/69847/16535/14062/11450/13614/14063/11606/18429/12159/193034/232156/20855/52428/16400/18162/20497/13618/20495/12740/16531/11832/53419/240725/18389/20277/321003/18302/217733/20533/11828/11535/110834/12223/223780",0.352487857583619
"GO:0032946","positive regulation of mononuclear cell proliferation",150,0.381473897686447,1.36481757378833,0.00822964027099755,0.301240749424825,0.301240749424825,4583,"tags=39%, list=22%, signal=31%","170776/12511/20304/15978/16162/170780/170786/16184/16149/15000/16963/12775/12501/22163/12772/16191/16160/13136/21336/16002/108723/16019/14999/24099/58205/22637/19260/18106/74131/20440/12487/13641/547431/22164/237877/16408/11444/20371/16196/50723/20737/12144/16173/15944/18761/12043/209590/320484/16161/18019/12524/227059/102657/171285/12721/16176/78317/19264/22042",0.380730400722792
"GO:0001894","tissue homeostasis",278,-0.376005929230534,-1.36429739040508,0.0066628519465926,0.26576916273924,0.26576916273924,3718,"tags=26%, list=18%, signal=22%","12815/17152/67307/22295/17831/17300/12215/71313/71982/14284/14255/20404/114229/11486/64058/332397/14062/110789/234404/71769/14219/227326/14538/74155/12560/19224/19228/19229/231162/104271/20682/12824/27273/12062/16193/100039795/73750/83924/17063/11647/14460/73737/19225/15507/20750/12349/22339/20525/56492/17202/56710/114304/13038/229320/20510/14042/21943/68371/13052/11625/620235/15977/435626/12845/242022/75766/19892/11433/620292/232790/18260/320827",0.407017918923954
"GO:0060249","anatomical structure homeostasis",278,-0.376005929230534,-1.36429739040508,0.0066628519465926,0.26576916273924,0.26576916273924,3718,"tags=26%, list=18%, signal=22%","12815/17152/67307/22295/17831/17300/12215/71313/71982/14284/14255/20404/114229/11486/64058/332397/14062/110789/234404/71769/14219/227326/14538/74155/12560/19224/19228/19229/231162/104271/20682/12824/27273/12062/16193/100039795/73750/83924/17063/11647/14460/73737/19225/15507/20750/12349/22339/20525/56492/17202/56710/114304/13038/229320/20510/14042/21943/68371/13052/11625/620235/15977/435626/12845/242022/75766/19892/11433/620292/232790/18260/320827",0.407017918923954
"GO:0048286","lung alveolus development",69,-0.443291883628442,-1.36401516109603,0.0459965928449744,0.571354195842216,0.571354195842216,4524,"tags=36%, list=22%, signal=28%","74318/69721/13615/214384/18590/106522/16878/30957/114142/19227/14284/52076/11486/14465/14726/74155/17381/12159/26570/20390/14165/22339/56492/16420/20674",0.276500599254472
"GO:0099565","chemical synaptic transmission, postsynaptic",133,-0.40902642803488,-1.3620083772527,0.0225716074316296,0.418842309345592,0.418842309345592,2689,"tags=21%, list=13%, signal=18%","228139/19736/64051/18440/19229/193034/192167/116838/14800/50873/320127/18155/108013/108071/14810/66797/116837/14811/13491/20617/110304/110834/14654/12404/14812/380785/207683/242607",0.352487857583619
"GO:0002562","somatic diversification of immune receptors via germline recombination within a single locus",76,0.415795042688126,1.36157622569187,0.0328014026734939,0.485646805521791,0.485646805521791,5602,"tags=38%, list=27%, signal=28%","12458/15978/58208/11628/16842/57765/73747/11920/12487/26909/22164/22256/237877/20371/50723/53314/14056/70238/19264/22042/15510/14211/14375/69583/17350/50931/67278/71675/17685",0.321775918075361
"GO:0016444","somatic cell DNA recombination",76,0.415795042688126,1.36157622569187,0.0328014026734939,0.485646805521791,0.485646805521791,5602,"tags=38%, list=27%, signal=28%","12458/15978/58208/11628/16842/57765/73747/11920/12487/26909/22164/22256/237877/20371/50723/53314/14056/70238/19264/22042/15510/14211/14375/69583/17350/50931/67278/71675/17685",0.321775918075361
"GO:0008037","cell recognition",157,0.379369900907142,1.36025898342322,0.00989449922944574,0.321596959078184,0.321596959078184,1553,"tags=17%, list=7%, signal=16%","17984/14945/13508/58916/93675/268902/64931/380795/12511/11434/329278/13837/22157/16016/68802/69376/22141/69165/667277/12775/19283/11495/50908/317677/69363/22635/18646",0.380730400722792
"GO:0002824","positive regulation of adaptive immune response based on somatic recombination of immune receptors built from immunoglobulin superfamily domains",147,0.382966791397637,1.35822363151289,0.0095389012232017,0.319461542545956,0.319461542545956,5423,"tags=42%, list=26%, signal=31%","380795/225825/15978/16016/209588/16963/15006/110557/15015/12772/16160/83408/14125/13136/12516/57765/56644/15018/24099/14972/18439/16182/14964/14998/74131/19368/73747/12487/15042/22164/237877/20371/14129/14991/16173/18761/15013/667977/209590/14462/15064/16161/14367/12266/16176/19264/22042/15510/240095/329260/257632/83433/14131/21355/216799/69583/17350/50931/12480/67278/14082/15039",0.380730400722792
"GO:0051251","positive regulation of lymphocyte activation",322,0.348394950271024,1.35703510858194,0.00287079088739323,0.163829326019009,0.163829326019009,5419,"tags=39%, list=26%, signal=29%","67596/170776/12511/20304/15978/16162/170780/170786/14969/16184/14961/13482/14960/16149/15000/16963/12775/12501/21940/320832/22163/54167/12772/16191/16160/83408/15001/16818/16842/13136/230979/21336/57765/56644/16002/108723/16019/14999/24099/58205/15002/22637/235320/668101/19260/18106/74015/54215/21838/14998/74131/73747/12487/13641/547431/14634/22778/22164/238555/237877/16408/11444/20371/320404/16196/50723/16197/14744/20737/16169/12144/12522/16173/15944/107527/18761/12043/209590/14462/13846/16362/320484/16147/16161/18019/12524/227059/102657/16852/16331/16859/74734/207952/50930/16186/171285/12721/16176/17242/78317/19264/22042/83797/67155/15510/20850/232946/20296/20851/257632/14375/12389/381091/216799/22324/104709/69583/17350/56484/12480/15284/67278/14082/26362",0.431707695803346
"GO:0034331","cell junction maintenance",83,-0.429145226164098,-1.35625864357068,0.0487804878048781,0.581728269147541,0.581728269147541,4123,"tags=37%, list=20%, signal=30%","13823/17528/20346/218952/238988/23859/19339/19152/20661/14062/54725/239659/14063/50791/319387/192167/116838/69697/23829/73750/227580/210933/243743/327814/66797/116837/18772/109620/12404/329942/240479",0.261663521711573
"GO:0001666","response to hypoxia",304,-0.372377606582225,-1.35566861273055,0.00582975955062027,0.244697489111656,0.244697489111656,5174,"tags=36%, list=25%, signal=27%","107585/22084/12192/20856/11911/20657/26395/12894/11731/27368/11931/93759/110893/20656/11501/18792/12494/74142/14004/20377/13685/22340/231002/74747/214384/20677/13805/230857/16878/407790/170770/18822/110876/19878/18159/56295/15567/13806/11670/11596/16478/94352/13804/56017/231207/14284/16439/17684/17387/18655/228026/11486/15251/112405/11864/11639/18386/13614/14465/12177/17390/18126/16992/228139/70186/54418/66214/171210/20203/20855/18227/14254/16523/18619/13838/69573/20928/19016/16531/112407/12156/57875/19225/16819/11601/15368/17700/12176/67749/17988/22359/22339/108071/20525/22229/16508/50527/12484/64242/18654/11656/19357/230099/11828/17751/14812/23844/18534",0.407017918923954
"GO:0019395","fatty acid oxidation",113,-0.411355408162487,-1.35480606376481,0.0369430427155495,0.511482386061858,0.511482386061858,3862,"tags=25%, list=18%, signal=20%","216190/52430/18984/16922/69772/216188/11450/230784/15112/55990/12870/27413/239126/227627/20682/74121/69123/27273/23886/20928/19016/328845/26458/11687/11529/14077/20524/19017",0.321775918075361
"GO:0098773","skin epidermis development",143,0.378339194570889,1.35473001081228,0.0313249512491013,0.473675661506728,0.473675661506728,2561,"tags=16%, list=12%, signal=14%","66042/14633/13607/16666/16667/22409/22061/21420/18053/11686/69073/433619/68723/56460/12614/14246/12550/23801/73712/14977/22410/12737/16870",0.321775918075361
"GO:0010660","regulation of muscle cell apoptotic process",116,-0.411492003605153,-1.35462430482092,0.0161006214854184,0.369381150691092,0.369381150691092,4806,"tags=30%, list=23%, signal=23%","93759/20656/18607/56458/67731/214384/230738/15214/26419/106628/18573/11554/11983/13982/243912/13614/14465/12638/11606/19229/16009/14528/11818/14463/19016/12765/20319/225642/15368/12176/11516/72434/26897/18997/18091",0.352487857583619
"GO:0060993","kidney morphogenesis",102,-0.421516790192736,-1.35389343908139,0.0453020134228188,0.568221738674497,0.568221738674497,4305,"tags=39%, list=21%, signal=31%","20677/20474/114249/16776/19055/23967/16878/20471/18514/19197/15205/69847/66398/14173/15478/14573/11606/14179/72077/12159/15431/20423/20681/14260/20682/23892/22417/12156/14165/22339/15229/11608/22431/18654/271127/56753/58198/22408/16371/16372",0.276500599254472
"GO:0055013","cardiac muscle cell development",110,0.392936182388271,1.35340978726397,0.0200730848247181,0.403805764945829,0.403805764945829,997,"tags=14%, list=5%, signal=13%","19130/74376/234072/21393/18741/12391/11609/13009/11548/17996/22138/230899/11472/237560/241593",0.352487857583619
"GO:0050671","positive regulation of lymphocyte proliferation",148,0.378605786976975,1.35250406399598,0.0119413659153247,0.342023882564033,0.342023882564033,4583,"tags=39%, list=22%, signal=31%","170776/12511/20304/15978/16162/170780/170786/16184/16149/15000/16963/12775/12501/22163/12772/16191/16160/13136/21336/16002/108723/16019/14999/24099/58205/22637/19260/18106/74131/12487/13641/547431/22164/237877/16408/11444/20371/16196/50723/20737/12144/16173/15944/18761/12043/209590/320484/16161/18019/12524/227059/102657/171285/12721/16176/78317/19264/22042",0.380730400722792
"GO:0030217","T cell differentiation",335,0.347059610189701,1.35197785987386,0.0050960436559408,0.224287420307453,0.224287420307453,4460,"tags=28%, list=21%, signal=22%","18089/67596/12458/22780/244234/70673/15978/16162/16184/103743/14025/16428/14960/16149/12775/58208/12501/12477/244233/21940/210757/12502/15223/54167/12772/19885/12525/16160/83408/15001/16818/16842/12047/14347/12769/57765/14190/108723/12500/16364/16182/16950/22637/235320/110168/19260/16145/327799/14998/74131/20849/12487/20351/94176/14634/22778/22164/238555/16194/22165/20371/320404/16196/16197/14357/14744/20737/12144/12522/16173/21949/107527/12043/53314/14462/19208/15064/16362/16147/16161/14102/16852/14367/17085/30925/16859/74734/207952/16186/16205/214162/16176/17242",0.407017918923954
"GO:0007548","sex differentiation",313,-0.368225949000745,-1.35129101354991,0.00952205002345143,0.319461542545956,0.319461542545956,4263,"tags=28%, list=20%, signal=22%","11819/14158/20474/69260/21414/20346/238871/13039/19275/12167/23967/242523/13134/18514/14453/238330/18159/11705/13983/17300/14714/13982/17684/14178/17387/16322/19288/11504/14465/381677/12638/18671/57816/12841/17390/319448/16175/11606/20845/14179/218630/94109/12159/56622/20423/18787/20681/18211/104271/11839/12608/11835/20682/14313/16324/12161/16336/54003/14463/22417/20319/14460/11497/14165/11516/21930/22339/226049/239789/227631/71950/22431/13874/140498/71078/11625/11576/14180/54562/94224/26423/14725/20473/56296/20758/57264/20674",0.380730400722792
"GO:0007189","adenylate cyclase-activating G protein-coupled receptor signaling pathway",164,-0.388066602402363,-1.34983127915082,0.0243016352484101,0.424625628501903,0.424625628501903,3813,"tags=32%, list=18%, signal=26%","215798/11554/224792/224129/319197/319229/11517/18578/19227/105171/54611/54598/238377/53978/11606/237175/19228/319387/19762/22353/236798/77037/21463/11551/14748/11550/210044/56089/56508/432530/14527/381853/11516/11604/17202/11549/381628/18389/229714/21333/140498/13490/435529/217674/11535/235712/14526/94226/65086/12311/223780/14652",0.352487857583619
"GO:0048511","rhythmic process",329,-0.367168995091636,-1.34971460729793,0.00635816090771712,0.262754754295608,0.262754754295608,4158,"tags=25%, list=20%, signal=21%","58991/18626/83603/238871/19275/26419/12167/12916/12064/11554/14453/15117/17777/353187/59027/18030/19878/18159/11705/13983/15567/14714/16478/16601/217082/13982/11486/19288/11504/20893/17390/18126/15901/11606/229599/20845/84653/192167/387285/18211/23957/79362/15116/18168/16193/246313/12854/432530/19016/12740/16531/50501/225998/246691/17700/19092/12349/21930/104158/11604/14810/66797/242443/18389/16508/14811/13491/56183/20264/13874/16847/19215/13490/11576/19017/100043254/17844/18387/26423/19892/14812/20473/57264",0.407017918923954
"GO:0008016","regulation of heart contraction",194,-0.386545499677969,-1.34710883363493,0.011286063105718,0.330954782031604,0.330954782031604,4538,"tags=35%, list=22%, signal=28%","20688/12287/74318/13506/13615/14681/381290/72745/230738/20346/15214/238871/74166/14226/30878/14873/11554/21834/20648/18578/16518/80297/52076/16535/11486/54140/13614/20271/14219/21385/11606/19736/668940/18429/193034/70008/12291/20855/11550/14528/16523/57442/13618/20928/12290/23828/238161/14463/17906/13511/11549/100038489/16508/243764/21333/20510/56183/16511/20264/13052/353155/109620/11535/17897/17888/18091/223780/14652",0.380730400722792
"GO:0072006","nephron development",166,-0.393937508344575,-1.3458818776362,0.0144515973162374,0.356701928213589,0.356701928213589,4254,"tags=37%, list=20%, signal=29%","20474/13388/18591/114249/12388/16776/19055/23967/16878/20471/18514/13809/19197/319197/17300/15205/69847/66398/74055/14173/12828/13614/66333/15478/14573/50791/11606/67703/14179/12159/15431/20423/20681/14260/20682/16400/23892/12630/13618/66277/12780/22417/19713/12156/11601/56198/240725/22339/15229/11608/22431/12484/14042/18654/271127/56753/58198/22408/16371/16372/116872",0.380730400722792
"GO:0002833","positive regulation of response to biotic stimulus",466,0.334652395016594,1.34579420481912,0.000498195135422373,0.0696007084175688,0.0696007084175688,5335,"tags=32%, list=26%, signal=24%","27278/14468/66873/233079/545378/58179/225825/99439/23993/13482/26904/16149/109820/17059/16963/243655/545384/67917/503550/16642/16643/320407/327957/20400/16160/434341/67313/27007/239081/83408/23960/434219/18646/246727/56496/414084/246729/19695/637515/14939/56644/69097/23961/66166/14940/100061/246730/57775/214763/114643/16364/70572/231655/224840/54396/18439/100952/170744/384059/19260/16145/16641/246746/54215/15950/215243/104759/100040462/623121/54123/16803/71398/12491/17002/225471/667823/102639543/22165/236312/17174/13649/230073/14991/53791/20128/11545/65221/212937/17084/15944/72512/58218/13211/17079/14469/15064/75083/69146/14289/68614/16362/69035/170743/100033459/12524/54722/21897/20877/30925/56085/11513/16859/73914/226421/27056/14302/171285/234779/233046/210808/53610/108089/217303/384309/15510/80861/76457/20850/52150/20851/65964/257632/19247/83433/12362/14375/12389/26416/216799/22324/11651/15951/223664/20509/383619/211007/279572",0.477270815362862
"GO:0030509","BMP signaling pathway",158,-0.394175815285743,-1.34531958545652,0.0189253478351997,0.396165173747434,0.396165173747434,2959,"tags=23%, list=14%, signal=20%","17130/319922/14465/23893/227358/15901/14362/207667/12159/17701/16400/14313/23892/11481/12161/14463/19016/20319/12156/240725/21930/14008/15229/12164/71950/231014/14042/12845/387216/22408/238057/12163/17702/14725/13393/57246/13395",0.352487857583619
"GO:1990845","adaptive thermogenesis",174,-0.392128094133155,-1.34526373567641,0.0135630382888859,0.355637112214949,0.355637112214949,3110,"tags=23%, list=15%, signal=20%","170826/11450/12767/14373/15901/23794/353504/11770/18429/13198/212933/20203/13166/18935/193034/224796/12608/14748/213527/18162/11481/19016/11647/12709/16819/66402/11516/22339/104158/17202/12164/22229/333050/13592/18430/16847/19116/12686/19017/22227",0.380730400722792
"GO:0050852","T cell receptor signaling pathway",158,0.371914174633507,1.34323652300496,0.0185672631950725,0.396026863972501,0.396026863972501,3238,"tags=27%, list=16%, signal=23%","67596/93675/225825/15978/102639802/94071/16428/378460/12775/12501/12477/17441/210757/12502/20400/12525/195564/16818/12047/77799/18566/108723/12500/58205/77647/27028/22637/19260/74015/54215/21838/12487/12231/230787/547431/78473/114774/238555/22165/20371/50723/16792",0.352487857583619
"GO:1990874","vascular associated smooth muscle cell proliferation",80,-0.426723340306483,-1.34207678173885,0.0448504983388704,0.568221738674497,0.568221738674497,4804,"tags=32%, list=23%, signal=25%","14609/20656/12576/100689/214384/16153/18591/30878/11596/12575/19737/14173/11450/11504/13614/17390/11606/66214/13198/19016/15368/17395/13491/14180/19017/106014",0.276500599254472
"GO:0048469","cell maturation",222,-0.375436800664952,-1.3414368909615,0.0145385188005579,0.356701928213589,0.356701928213589,3617,"tags=26%, list=17%, signal=22%","23859/18159/13983/15205/18952/12393/54611/13164/80297/14466/71751/15251/332934/13614/16598/12638/19228/19229/17451/100504069/14380/20681/16596/235379/21463/319504/18227/69306/387150/13618/16336/67077/19016/23829/76856/19713/16531/50915/210933/12173/22339/381759/666504/66797/17926/75002/12577/13874/140498/60505/317755/13487/20473/106757/13828/214575/252967/68955",0.380730400722792
"GO:0051146","striated muscle cell differentiation",394,0.338454531546965,1.34068105031989,0.00133218883776408,0.120497418536915,0.120497418536915,2442,"tags=15%, list=12%, signal=14%","17930/53311/233199/19130/12292/74376/234072/320502/666794/21393/242702/11459/18741/12391/12335/17878/109272/11609/244810/16691/21957/226041/68802/13009/11548/17996/22138/433766/68760/230899/11472/12372/237560/241593/17341/93677/17928/93689/228003/59011/116904/15111/18175/11474/20307/17329/12180/65256/16002/13007/98932/235130/18209/22410/238564/723910/21380/20190/22437/231602/381339",0.45505986738723
"GO:0008088","axo-dendritic transport",101,-0.414806658055609,-1.34047740302701,0.0353963751271681,0.50180026725535,0.50180026725535,5574,"tags=34%, list=27%, signal=25%","11774/71703/16581/56715/16573/16564/11820/15185/73689/16594/70612/117197/56444/74764/52822/30957/16563/23859/11777/11775/16560/15251/278097/319613/16559/12794/16574/22223/15507/67749/18039/68566/435626/18040",0.321775918075361
"GO:0019319","hexose biosynthetic process",101,-0.414432911129863,-1.33926961308757,0.0353963751271681,0.50180026725535,0.50180026725535,5054,"tags=34%, list=24%, signal=26%","11911/21991/18604/93759/67800/56458/213053/14120/14751/14555/20322/13806/14711/18655/14433/18648/15251/11450/108682/230784/74551/227358/11910/227627/16193/15235/11676/68054/16847/19017/103988/17844/14526/18534",0.321775918075361
"GO:0002200","somatic diversification of immune receptors",85,0.404126817861135,1.33695205211444,0.0446958436349241,0.568221738674497,0.568221738674497,5602,"tags=39%, list=27%, signal=29%","12458/15978/58208/11628/16842/57765/73747/11920/12487/26909/22164/22256/237877/20371/50723/53314/77782/14056/70238/56045/19264/22042/56210/15510/14211/56417/14375/69583/17350/50931/67278/71675/17685",0.321775918075361
"GO:0050851","antigen receptor-mediated signaling pathway",201,0.360523223509414,1.33638880544959,0.012895842477276,0.349887734557605,0.349887734557605,4070,"tags=29%, list=19%, signal=23%","67596/93675/225825/15978/102639802/94071/16428/378460/12775/12501/12477/17441/210757/12502/20400/12525/195564/16818/14525/12047/77799/18566/108723/56792/12500/16019/58205/77647/27028/22637/19260/12143/74015/54215/21838/12487/12231/230787/547431/78473/114774/238555/240754/22165/20371/50723/16792/12043/14462/23880/12988/12503/18019/12524/93694/227059/102657/107321",0.380730400722792
"GO:0007338","single fertilization",168,-0.389699579440007,-1.33576785836026,0.0232070904623283,0.418842309345592,0.418842309345592,2565,"tags=21%, list=12%, signal=19%","54524/218630/15431/21959/102638083/105511/329702/74446/11835/22065/69481/75172/77058/665270/11497/59083/381759/114875/74978/381738/67753/116837/239789/75002/22431/22068/619288/67407/78634/330409/73456/14654/26946/12465/68625/76486",0.352487857583619
"GO:0030101","natural killer cell activation",92,0.395942505980012,1.33446050101301,0.0344129539333278,0.496629191370407,0.496629191370407,4912,"tags=41%, list=24%, signal=32%","27278/12481/545378/58179/16162/17059/243655/16642/16643/20400/16160/27007/72310/246256/16182/19260/16641/18106/54215/14191/22778/52023/16169/16173/16362/16161/11891/14256/30925/16859/12506/171285/12721/16157/19264/20850/232946/20851",0.321775918075361
"GO:0006836","neurotransmitter transport",234,-0.375266792985197,-1.33420428250625,0.0146853917549499,0.357233279735941,0.357233279735941,3720,"tags=28%, list=18%, signal=23%","67847/20698/238988/15567/20513/19339/14251/20911/13542/60425/14664/102857/14580/76787/30805/229521/240332/14573/244049/59033/24115/64051/22342/20964/18166/207227/192167/116838/20974/320405/50873/16523/320127/20965/12290/18155/13162/18190/12298/53420/29873/20616/327814/229706/104245/241263/116837/12889/20511/13491/15552/20617/13490/171180/108030/241770/14411/20614/83762/110834/110877/232333/18191/20538/242607",0.380730400722792
"GO:0002292","T cell differentiation involved in immune response",84,0.412772544667461,1.33410785030546,0.0230047023550447,0.418842309345592,0.418842309345592,5115,"tags=39%, list=24%, signal=30%","15978/16162/103743/12775/12772/19885/16160/16842/57765/14190/16364/16182/16950/20849/20351/22164/16194/20371/20737/16173/53314/14462/16362/16161/16852/17085/30925/214162/381305/20850/12051/17863/216799",0.352487857583619
"GO:0050709","negative regulation of protein secretion",81,-0.420811643114999,-1.3324406442244,0.0475352112676056,0.580363358860387,0.580363358860387,4677,"tags=36%, list=22%, signal=28%","215445/56458/16500/14681/58991/19055/14226/223775/105638/18641/16535/18576/14062/218461/17470/207227/11551/27359/110385/50873/13924/16324/56013/269275/13491/26950/13490/15977/17844",0.276500599254472
"GO:0007565","female pregnancy",182,-0.384010217041462,-1.33227282476866,0.0249454913455287,0.42606368463028,0.42606368463028,3932,"tags=30%, list=19%, signal=24%","16878/13731/16777/229096/232345/26437/21857/12215/14714/114606/16601/13982/17684/75909/13857/17390/12919/192897/74155/18429/94109/17381/18119/70008/107849/20855/76257/11551/11835/11481/15235/12142/21824/22417/12740/19225/11601/53419/17700/269275/17395/22339/20525/11604/100038489/16008/13115/18430/114662/18811/387161/215028/18812/105349",0.352487857583619
"GO:0050878","regulation of body fluid levels",335,-0.359329156308833,-1.33183828620162,0.0159020360758009,0.369381150691092,0.369381150691092,3810,"tags=26%, list=18%, signal=22%","11554/15376/18793/15117/15442/17831/319229/15567/22436/22393/14284/22371/64817/216350/69847/11486/15251/30805/14062/19124/21825/13614/12638/14063/14726/15558/22370/18429/26570/20423/217847/193034/107849/232156/18787/21789/11551/15160/545486/14067/18162/16193/83671/14729/13618/11818/16621/21824/71326/16531/14460/11832/13162/57875/228413/11601/12424/14165/11979/22339/12733/101613/18389/20277/14064/385643/14042/18811/19116/545366/11830/240215/20202/54368/20533/12845/11828/11535/215028/18387/18812/234199/12223/106722/16644/279028/223780",0.352487857583619
"GO:0007178","cell surface receptor protein serine/threonine kinase signaling pathway",377,-0.360938051693662,-1.33143710311679,0.00285715070655932,0.163829326019009,0.163829326019009,3251,"tags=21%, list=16%, signal=18%","23863/17684/241226/320910/16322/21815/73230/353310/21825/434215/17130/319922/14465/23893/14573/227358/15901/50791/14538/11910/12560/14362/19272/207667/77794/66214/257630/12159/231162/18119/16948/17701/16400/72789/14313/23892/11481/16324/23886/12161/14463/19016/20319/12156/17826/17700/14165/269275/240725/21930/14008/15229/12164/110075/12577/71950/193740/50527/231014/14042/68371/387161/14180/170676/12845/387216/16420/22408/16165/238057/12163/17702/14725/13393/57246/13395/240025/22772",0.431707695803346
"GO:0008584","male gonad development",154,-0.393948137578861,-1.32892123058401,0.0237001878032111,0.422785016867283,0.422785016867283,3577,"tags=24%, list=17%, signal=20%","11705/13983/13982/17684/17387/16322/14465/12638/57816/12841/319448/16175/20845/218630/94109/56622/20681/18211/11835/20682/16324/16336/14463/22417/20319/14460/11497/239789/22431/140498/71078/11625/14180/54562/94224/26423/14725",0.352487857583619
"GO:0046546","development of primary male sexual characteristics",155,-0.391541880745635,-1.32597328516566,0.0120729007832629,0.342023882564033,0.342023882564033,3577,"tags=24%, list=17%, signal=20%","11705/13983/13982/17684/17387/16322/14465/12638/57816/12841/319448/16175/20845/218630/94109/56622/20681/18211/11835/20682/16324/16336/14463/22417/20319/14460/11497/239789/22431/140498/71078/11625/14180/54562/94224/26423/14725",0.380730400722792
"GO:0045765","regulation of angiogenesis",307,-0.363756334029805,-1.32479033754319,0.00539141609139934,0.229295855224944,0.229295855224944,4323,"tags=33%, list=21%, signal=26%","381290/13805/16153/13388/18132/58991/230738/277468/26427/79264/12388/13179/12226/14066/16878/15586/13731/12741/14360/215798/243362/15442/20698/319197/20226/13197/19878/17300/13601/20620/18760/13836/320910/18655/27279/18576/15251/73230/327743/14173/112405/243912/11852/56221/13638/21825/12828/11504/14465/16598/12767/13636/17872/16175/15901/11606/14343/64103/66214/12654/257630/19229/16854/20423/18119/18787/18211/14254/23892/14172/11818/14463/19016/12765/20319/210933/15507/11601/12771/246691/15368/240725/319909/17395/22339/13511/15234/100038489/15139/12796/18654/18811/21907/107831/387216/11535/106014/102635744/18054/223780",0.407017918923954
"GO:0060294","cilium movement involved in cell motility",215,-0.376773658991817,-1.32461266764711,0.0139193877140807,0.355637112214949,0.355637112214949,3543,"tags=29%, list=17%, signal=25%","67752/83984/226265/114606/233899/18952/72873/71099/382562/381229/69707/75563/380654/332934/227736/69315/320277/110083/56087/70918/627872/101100/21959/69327/102638083/329831/69310/75504/211482/74446/69306/75172/71870/269701/207686/12290/67077/76856/104362/77058/19733/11497/73721/79455/666504/381738/66722/21333/97086/22431/74288/13417/21689/381107/74469/74453/73287/207607/54562/68625/106757/76486/252967",0.380730400722792
"GO:0001539","cilium or flagellum-dependent cell motility",219,-0.37512038383141,-1.3237976876457,0.0208390903808902,0.410644293741867,0.410644293741867,3543,"tags=29%, list=17%, signal=24%","67752/83984/226265/114606/233899/18952/72873/71099/382562/381229/69707/75563/380654/332934/227736/69315/320277/110083/56087/70918/627872/101100/21959/69327/102638083/329831/69310/75504/211482/74446/69306/75172/71870/269701/207686/12290/67077/76856/104362/77058/19733/11497/73721/79455/666504/381738/66722/21333/97086/22431/74288/13417/21689/381107/74469/74453/73287/207607/54562/68625/106757/76486/252967",0.352487857583619
"GO:0060285","cilium-dependent cell motility",219,-0.37512038383141,-1.3237976876457,0.0208390903808902,0.410644293741867,0.410644293741867,3543,"tags=29%, list=17%, signal=24%","67752/83984/226265/114606/233899/18952/72873/71099/382562/381229/69707/75563/380654/332934/227736/69315/320277/110083/56087/70918/627872/101100/21959/69327/102638083/329831/69310/75504/211482/74446/69306/75172/71870/269701/207686/12290/67077/76856/104362/77058/19733/11497/73721/79455/666504/381738/66722/21333/97086/22431/74288/13417/21689/381107/74469/74453/73287/207607/54562/68625/106757/76486/252967",0.352487857583619
"GO:0140115","export across plasma membrane",79,0.404884484887087,1.32335509700878,0.0438129627729997,0.560491726948614,0.560491726948614,2854,"tags=24%, list=14%, signal=21%","57780/243328/66240/16529/16490/230899/56188/14167/98660/230810/246133/20518/108017/110891/246049/239273/80906/26357/59095",0.321775918075361
"GO:0050806","positive regulation of synaptic transmission",211,-0.377629760371452,-1.32331871509191,0.0123026556062278,0.342589386994075,0.342589386994076,3669,"tags=27%, list=18%, signal=22%","20698/66220/20512/70546/19339/11596/14251/18762/20620/11838/21960/114229/14580/72307/387229/59033/18429/107065/19229/20203/192167/18211/14800/54377/387150/13838/432530/56839/19225/16773/11516/232813/387171/14810/11549/241263/732489/116837/14811/140904/21333/20510/56183/18430/338370/20617/12300/21907/171180/19259/387216/100043254/20614/76376/14812/207683/57264",0.380730400722792
"GO:0002709","regulation of T cell mediated immunity",113,0.379132097990398,1.32085953430351,0.0481588018603861,0.581475364712359,0.581475364712359,5423,"tags=45%, list=26%, signal=34%","15978/209588/13482/16963/15006/75863/110557/15015/16643/12772/16160/13136/230979/14347/12516/57765/15018/18566/14972/18439/16182/208154/14964/74131/19368/15042/22164/20371/16197/14991/20737/16173/15013/667977/14462/15064/15216/14367/26365/16176/19264/15510/240095/329260/257632/21355/216799/21938/12480/14082/15039",0.321775918075361
"GO:0060078","regulation of postsynaptic membrane potential",161,-0.386935806268654,-1.32082636639281,0.0281301961992784,0.447439791123365,0.447439791123365,2689,"tags=22%, list=13%, signal=20%","228139/19736/64051/18440/19229/193034/192167/116838/14800/50873/320127/14409/18155/14404/108013/11516/108071/110886/14810/66797/242443/116837/16508/15165/14811/13491/20617/14816/110304/110834/14654/12404/14812/380785/207683/242607",0.352487857583619
"GO:0045089","positive regulation of innate immune response",438,0.333201789943434,1.31990366659237,0.0015857083899288,0.122534303592379,0.122534303592379,5335,"tags=31%, list=26%, signal=23%","27278/14468/66873/233079/545378/58179/225825/13482/26904/16149/17059/16963/243655/545384/67917/503550/16642/16643/320407/327957/20400/16160/434341/67313/27007/239081/83408/23960/434219/246727/56496/414084/246729/19695/637515/56644/69097/23961/66166/100061/246730/57775/214763/114643/16364/70572/231655/224840/54396/18439/170744/384059/19260/16145/16641/246746/54215/15950/215243/104759/100040462/623121/54123/16803/71398/12491/17002/225471/667823/102639543/22165/236312/17174/13649/230073/14991/53791/20128/11545/65221/212937/15944/72512/58218/13211/14469/75083/69146/14289/68614/16362/69035/170743/100033459/12524/21897/20877/30925/56085/11513/16859/73914/226421/27056/14302/171285/234779/233046/210808/53610/108089/217303/384309/15510/80861/76457/20850/52150/20851/65964/257632/83433/12362/14375/12389/26416/216799/22324/11651/15951/223664/20509/383619/211007/279572",0.45505986738723
"GO:0008406","gonad development",259,-0.368195488659389,-1.31899524913515,0.0156404191733952,0.366579459604175,0.366579459604175,4263,"tags=29%, list=20%, signal=23%","11819/14158/20474/69260/20346/238871/13039/19275/12167/23967/242523/14453/18159/11705/13983/17300/14714/13982/17684/14178/17387/16322/19288/11504/14465/381677/12638/18671/57816/12841/17390/319448/16175/11606/20845/14179/218630/94109/12159/56622/18787/20681/18211/12608/11835/20682/14313/16324/16336/14463/22417/20319/14460/11497/11516/21930/22339/239789/227631/71950/22431/13874/140498/71078/11625/11576/14180/54562/94224/26423/14725/20473/20758/57264",0.352487857583619
"GO:0050670","regulation of lymphocyte proliferation",238,0.346779498259413,1.31830705451258,0.0111043039059434,0.328625989327043,0.328625989327043,4461,"tags=34%, list=21%, signal=27%","20666/170776/22780/93675/12511/20304/15978/16162/170780/170786/16184/14960/16149/15000/16963/75863/12775/12501/12477/20555/22163/15223/12772/16191/16160/13136/230979/21336/15930/16002/108723/16019/14999/24099/58205/22637/19260/18106/208154/243958/57916/74131/11920/12487/13641/547431/22164/114774/238555/237877/16408/11444/20371/16196/50723/16792/20737/12144/16173/15944/18761/12043/209590/50498/16362/320484/16988/16147/16161/18019/12524/227059/102657/16331/14419/26365/16859/171285/12721/16176/78317",0.380730400722792
"GO:0002218","activation of innate immune response",363,0.334512044693646,1.31690169200348,0.00430412020080213,0.209401969163267,0.209401969163267,5535,"tags=31%, list=27%, signal=23%","14468/66873/233079/58179/243655/545384/67917/503550/16642/16643/320407/327957/67313/27007/239081/23960/434219/246727/56496/414084/246729/19695/637515/56644/69097/23961/66166/100061/246730/214763/114643/16364/70572/231655/224840/54396/18439/170744/384059/19260/16145/16641/246746/15950/215243/104759/100040462/623121/54123/16803/71398/12491/17002/225471/667823/102639543/236312/17174/13649/230073/53791/20128/11545/65221/212937/15944/72512/14469/75083/69146/68614/16362/69035/170743/100033459/12524/21897/20877/56085/11513/73914/226421/27056/14302/171285/234779/210808/53610/108089/217303/384309/15510/80861/76457/52150/65964/257632/83433/12362/14375/12389/26416/216799/11651/15951/223664/20509/383619/279572/229898/54445/117149/81897/79043",0.407017918923954
"GO:0022409","positive regulation of cell-cell adhesion",324,0.340451071702602,1.31611229110903,0.00515925632420563,0.224578709584646,0.224578709584646,4624,"tags=33%, list=22%, signal=26%","67596/70945/170776/12511/20304/15978/16162/170780/170786/14969/16184/13035/14961/13482/14960/16149/15000/16963/110135/12775/12501/56460/21940/320832/54167/12772/16160/83408/12162/15001/16818/16842/269152/13136/230979/14347/12550/16002/108723/14999/20343/24099/58205/15002/22637/235320/668101/100952/19260/18106/74015/54215/21838/14998/74131/12487/13641/547431/78473/14634/22778/22164/114774/238555/16408/16194/12774/11689/20371/320404/16401/16196/50723/16197/14744/20737/12144/12522/16173/14723/15944/107527/18761/209590/14462/13846/16362/320484/16147/16161/12524/102657/16852/26365/16859/74734/207952/50930/16186/171285/12721/16176/17242/78317/19264/22042/83797/67155",0.407017918923954
"GO:0045137","development of primary sexual characteristics",263,-0.364911181445512,-1.31557541250241,0.0139811388700693,0.355637112214949,0.355637112214949,4263,"tags=29%, list=20%, signal=23%","11819/14158/20474/69260/20346/238871/13039/19275/12167/23967/242523/13134/14453/18159/11705/13983/17300/14714/13982/17684/14178/17387/16322/19288/11504/14465/381677/12638/18671/57816/12841/17390/319448/16175/11606/20845/14179/218630/94109/12159/56622/18787/20681/18211/12608/11835/20682/14313/16324/16336/14463/22417/20319/14460/11497/11516/21930/22339/239789/227631/71950/22431/13874/140498/71078/11625/11576/14180/54562/94224/26423/14725/20473/20758/57264",0.380730400722792
"GO:0009746","response to hexose",231,-0.368148619067517,-1.31461691933056,0.0227093284146609,0.418842309345592,0.418842309345592,4063,"tags=25%, list=19%, signal=20%","13039/19275/19055/14226/223775/13640/15376/224129/14630/11596/16548/378435/18641/13804/20186/11674/18576/21844/15251/11450/21825/230784/218461/66259/238377/74551/11606/319613/18164/20845/237868/23957/11551/110385/50873/54377/11481/12290/100039795/217310/16819/381853/11601/269275/231103/26950/97086/12796/16847/353155/103988/75770/17844/18387/14526/18534/14652",0.352487857583619
"GO:0032944","regulation of mononuclear cell proliferation",240,0.348788439014434,1.31433346916507,0.0108000396765742,0.328625989327043,0.328625989327043,4461,"tags=34%, list=21%, signal=27%","20666/170776/22780/93675/12511/20304/15978/16162/170780/170786/16184/14960/16149/15000/16963/75863/12775/12501/12477/20555/22163/15223/12772/16191/16160/13136/230979/21336/15930/16002/108723/16019/14999/24099/58205/22637/19260/18106/208154/243958/57916/74131/20440/11920/12487/13641/547431/22164/114774/238555/237877/16408/11444/20371/16196/50723/16792/20737/12144/16173/15944/18761/12043/209590/50498/16362/320484/16988/16147/16161/18019/12524/227059/102657/16331/14419/26365/16859/171285/12721/16176/78317",0.380730400722792
"GO:0060291","long-term synaptic potentiation",131,-0.389103263537814,-1.30904008508674,0.0473856209150327,0.580363358860387,0.580363358860387,3521,"tags=25%, list=17%, signal=21%","70546/19339/11596/18762/20620/11838/21960/14580/72307/387229/107065/19229/20203/192167/387150/13838/432530/232813/387171/732489/116837/14811/140904/20510/20617/21907/171180/19259/387216/20614/76376/14812/207683",0.266350657088526
"GO:0055006","cardiac cell development",119,0.38228214626872,1.30876304889311,0.0267823765487173,0.435855943404158,0.435855943404158,997,"tags=13%, list=5%, signal=12%","19130/74376/234072/21393/18741/12391/11609/13009/11548/17996/22138/230899/11472/237560/241593",0.352487857583619
"GO:1903531","negative regulation of secretion by cell",180,-0.374926741590017,-1.30868870690682,0.0419379014161856,0.548523834816179,0.548523834816179,4568,"tags=32%, list=22%, signal=25%","56458/109905/16500/13615/14681/12568/58991/19055/14226/73205/223775/16878/105638/16181/18641/11981/16535/16322/18576/100503659/229521/14062/11450/218461/13614/12919/16156/68039/17470/19224/18166/207227/16009/21463/11551/27359/110385/50873/18168/13924/16193/16324/56013/19016/15368/269275/13491/26950/20617/13490/15977/103988/17844/16165/223604/18387/331461",0.321775918075361
"GO:0070665","positive regulation of leukocyte proliferation",163,0.360333287583987,1.30714144997178,0.0330212186070246,0.486381343794294,0.486381343794294,4055,"tags=34%, list=19%, signal=27%","170776/12511/20304/15978/16162/170780/170786/16184/16149/15000/16963/12775/12501/22163/12772/16191/16160/18101/13136/21336/16002/108723/16019/14999/24099/58205/22637/19260/18106/74131/20440/12487/13641/547431/22164/237877/16408/11444/20371/16196/50723/20737/12144/16173/15944/18761/12043/209590/12983/320484/16161/18019/12524/227059/102657",0.321775918075361
"GO:0002440","production of molecular mediator of immune response",214,0.350545559840885,1.306033662709,0.0104004679400424,0.327384694700559,0.327384694700559,4669,"tags=33%, list=22%, signal=26%","27278/12458/66873/233079/225825/15978/209588/69376/23993/72432/16149/109820/16963/56460/21940/11628/327957/22163/12772/16191/67313/83408/11806/13136/230979/12516/57765/56644/214763/16019/215900/16182/170744/19260/54215/243958/74131/73747/12487/26909/12491/22164/22256/237877/20371/50723/230073/16792/16173/53314/14462/77782/14056/15216/170743/12524/70238/14367/56045/73914/27056/234779/69550/16176/19264/22042/21687/210808/56210/84544",0.380730400722792
"GO:0001704","formation of primary germ layer",114,-0.394491506295408,-1.3049267915063,0.0455284552845528,0.569948810599217,0.569948810599217,3873,"tags=24%, list=19%, signal=19%","16777/15376/12814/12816/17300/13836/241226/19252/17387/13537/14465/17390/192897/240672/22370/12159/18119/16400/14463/20319/17395/14008/21909/100038489/71950/319520/20674",0.271288554688953
"GO:0009749","response to glucose",227,-0.36742489976724,-1.30206305962799,0.0212668434916059,0.41241827196588,0.41241827196588,4063,"tags=25%, list=19%, signal=20%","13039/19275/19055/14226/223775/13640/15376/224129/14630/11596/16548/378435/18641/13804/20186/11674/18576/21844/15251/11450/21825/230784/218461/66259/238377/74551/11606/319613/18164/20845/237868/23957/11551/110385/50873/54377/11481/12290/100039795/217310/381853/11601/269275/231103/26950/97086/12796/16847/353155/103988/75770/17844/18387/14526/18534/14652",0.352487857583619
"GO:1903037","regulation of leukocyte cell-cell adhesion",373,0.332636576103657,1.30148846107303,0.00272366066115742,0.160471089595899,0.160471089595899,4461,"tags=32%, list=21%, signal=25%","67596/170776/12511/20304/15978/16162/170780/170786/14969/16184/13035/14961/13482/14960/16149/15000/16963/75863/12775/12501/12477/21940/320832/20555/15223/54167/12772/16160/195564/83408/15001/16818/16842/13136/14348/230979/14347/57765/14190/15930/18566/16002/108723/14999/20343/24099/58205/109254/15002/16950/22637/235320/668101/19260/18106/208154/74015/54215/21838/14998/74131/11898/12487/13641/20315/547431/78473/14634/22778/22164/114774/238555/16408/240754/11689/20371/320404/16401/16196/50723/16197/16792/14357/14744/20737/12144/12522/16173/14723/15944/107527/18761/209590/14462/13846/12988/16362/320484/15216/16147/16161/12524/102657/16852/26365/16859/74734/207952/50930/16186/94212/171285/232341/242627/12721/16176/17242/78317",0.431707695803346
"GO:0002456","T cell mediated immunity",141,0.366528034458891,1.2999586989392,0.0328201048888909,0.485646805521791,0.485646805521791,5423,"tags=43%, list=26%, signal=32%","20592/15978/209588/13482/16963/15006/75863/110557/15015/16643/12772/12525/16160/18646/13136/230979/14347/12516/14939/57765/15018/18566/20723/224840/14972/18439/16182/208154/14964/74131/19368/15042/22164/20371/246177/16197/14991/20737/16173/15013/667977/14462/15064/15216/11891/14367/26365/16176/19264/15510/240095/329260/257632/21355/216799/13032/21938/20556/12480/14082/15039",0.321775918075361
"GO:0051345","positive regulation of hydrolase activity",143,-0.382431590745604,-1.29053374818412,0.0410094637223975,0.539677819723846,0.539677819723846,5121,"tags=27%, list=25%, signal=21%","213027/26395/11853/56349/16007/433693/20354/76041/217692/217463/109905/14681/19395/76483/74694/18003/218397/13836/19152/21844/213649/14063/19736/19229/15444/18211/243621/18720/50779/20319/19733/12156/11516/218038/18784/70835/110351/65079/19417",0.282013350011725
"GO:1901342","regulation of vasculature development",314,-0.352020897628481,-1.2884700024696,0.0246122956234138,0.425404192267245,0.425404192267245,4323,"tags=32%, list=21%, signal=26%","381290/13805/16153/13388/18132/58991/230738/277468/26427/79264/12388/13179/12226/14066/16878/15586/13731/12741/14360/215798/243362/15442/20698/319197/20226/13197/19878/17300/13601/20620/18760/13836/320910/18655/27279/18576/15251/73230/327743/14173/112405/243912/11852/56221/13638/21825/12828/11504/14465/16598/12767/13636/17872/16175/15901/11606/14343/64103/66214/12654/257630/19229/16854/20423/18119/18787/18211/14254/23892/14172/11818/14463/19016/12765/22417/20319/210933/15507/11601/12771/246691/15368/240725/319909/17395/22339/13511/15234/100038489/15139/12796/18654/18811/21907/107831/387216/11535/106014/102635744/18054/223780",0.352487857583619
"GO:0044282","small molecule catabolic process",337,-0.351220288607169,-1.28527874244407,0.0266390266370766,0.435855943404158,0.435855943404158,3986,"tags=23%, list=19%, signal=19%","14085/100039707/216456/14651/20322/14073/52430/66065/102448/13806/65969/22436/16922/13171/16548/18641/14415/69772/100417514/15186/56050/12091/18655/14433/216188/72157/11674/11486/18648/257635/11450/56421/108682/230784/67432/229905/15112/15109/18126/27413/104776/232174/227627/234564/11611/26358/13885/244595/235533/74121/69123/72269/66253/52815/13142/106861/328845/26458/104158/666168/14417/13115/80879/15233/11529/266645/20524/103149/66387/67375/103988/268782/18416/12623/105349/56727/171282",0.352487857583619
"GO:0002520","immune system development",226,0.340794184610386,1.28415855150711,0.0129627812679837,0.349887734557605,0.349887734557605,5028,"tags=31%, list=24%, signal=23%","12020/18089/12458/12773/18741/70673/15978/16184/21908/12775/58208/12501/11628/15223/54167/19885/16842/15111/230979/57765/15930/18566/16994/12145/21380/208154/237211/73747/11920/12487/26909/22778/22164/22256/237877/20371/110157/50723/16197/12043/53314/14462/77782/14056/12288/12524/14102/70238/17127/56045/73914/12267/13845/171285/214162/19264/22042/56210/68964/15510/381305/20850/14211/56417/20851/14375/209086/12051/17863",0.380730400722792
"GO:0009566","fertilization",211,-0.366331354617832,-1.28372598868772,0.0250330704853107,0.426425407577362,0.426425407577362,3661,"tags=26%, list=18%, signal=21%","399599/19294/15430/19339/71313/233899/15482/72873/71099/80297/12745/11674/16532/319448/74691/54524/218630/15431/21959/102638083/105511/104271/329702/74446/11835/22065/69481/75172/207686/54003/77058/665270/11497/59083/381759/114875/74978/381738/67753/116837/239789/75002/22431/22068/619288/67407/78634/330409/73456/14654/26946/12465/68625/76486",0.352487857583619
"GO:0046634","regulation of alpha-beta T cell activation",117,0.368824310898083,1.28290526662134,0.0441953754994424,0.563140280669482,0.563140280669482,4826,"tags=38%, list=23%, signal=29%","16162/16963/12775/12501/12772/16160/83408/13136/230979/57765/16950/22637/235320/19260/18106/208154/54215/74131/12487/14634/22778/22164/20371/320404/14744/12144/12522/16173/15944/18761/14462/16362/320484/15216/16147/16161/16852/16859/207952/16186/19264/217303/381305/20850",0.321775918075361
"GO:1903522","regulation of blood circulation",260,-0.356206811708254,-1.28137426834499,0.0269669451718311,0.43732758053914,0.43732758053914,4540,"tags=34%, list=22%, signal=27%","12494/20688/12287/74318/13506/13615/14681/381290/72745/18591/58991/230738/20346/15214/238871/74166/14226/30878/14873/11554/14073/21834/20648/18578/11596/16518/64817/80297/52076/16535/11486/54140/15251/14062/17130/13614/23945/20271/17390/15558/14219/21385/11606/19736/668940/240672/19224/18429/18166/13166/193034/70008/12291/20855/11551/11550/14528/16523/57442/13618/20928/12290/23828/238161/14463/19225/17906/13511/11549/100038489/16508/11608/243764/21333/20510/56183/18430/16511/20264/13052/353155/109620/11535/17897/17888/18091/223780/14652",0.352487857583619
"GO:0032868","response to insulin",308,-0.352954364138832,-1.28010818588018,0.0253318695927394,0.430373720964477,0.430373720964477,4806,"tags=27%, list=23%, signal=21%","93759/68328/20663/19645/233016/18607/19325/12702/66144/56458/14590/70556/104215/74142/58988/68865/13685/12096/213053/16153/14158/26379/66290/12390/216190/11964/20393/16548/18762/56017/231207/16369/16535/20186/18576/114143/20661/11450/26457/73834/230784/381677/13654/74551/227358/11606/12870/74155/20845/239126/227627/13924/27273/16523/16324/66277/19016/12780/228775/50915/11647/17700/269275/16956/68054/20525/26367/11604/17202/22229/13115/387161/14077/11625/21906/103988/17844/18416/18387/19892/18997/16370/18534/57264",0.352487857583619
"GO:0002700","regulation of production of molecular mediator of immune response",175,0.348292767039014,1.27901905370611,0.0229482162307763,0.418842309345592,0.418842309345592,3238,"tags=25%, list=16%, signal=21%","27278/66873/233079/225825/15978/209588/69376/23993/72432/16149/109820/16963/56460/21940/327957/22163/12772/16191/67313/83408/11806/13136/230979/12516/57765/56644/214763/16019/215900/16182/170744/19260/54215/243958/74131/73747/12487/12491/22164/237877/20371/230073/16792",0.352487857583619
"GO:0010565","regulation of ketone metabolic process",145,-0.378737654471722,-1.27805691938816,0.0424528301886792,0.55188679245283,0.55188679245283,3285,"tags=26%, list=16%, signal=22%","29807/12724/18655/228026/54140/11450/13614/227358/55990/11606/20845/27413/227627/11813/234564/244595/20682/27273/212980/23886/12161/19016/228775/22417/16531/19733/12156/57875/19225/26367/20617/70979/102570/14077/19017/103142/107605/102635496",0.276500599254472
"GO:0001508","action potential",178,-0.373075247723965,-1.27661347856977,0.038109756097561,0.522475602622211,0.522475602622211,2211,"tags=23%, list=11%, signal=21%","238076/28253/12291/319504/58802/56508/16523/57442/20265/20928/238161/16531/14675/12298/99526/13511/66797/11549/16528/268345/16508/15165/14811/21333/16492/338370/16511/100502876/20264/13052/22066/109620/100043254/20273/14654/240595/223604/14812/270028/241794/16495",0.287857117255149
"GO:0007612","learning",191,-0.363688842410842,-1.27512446028542,0.0434838354418795,0.5585063824155,0.5585063824155,3240,"tags=23%, list=16%, signal=19%","21960/27403/15251/229521/218461/15558/11606/57340/19224/94109/26570/13166/14800/50873/320127/12290/56013/23829/53324/210933/18190/19225/12424/108071/110886/14810/66797/18389/14811/13491/21333/218038/20510/268354/13490/100043254/20614/232333/18387/76376/14812/18191/14652",0.321775918075361
"GO:0002822","regulation of adaptive immune response based on somatic recombination of immune receptors built from immunoglobulin superfamily domains",219,0.340329584221813,1.27480735421258,0.0240743929627724,0.423577401662806,0.423577401662806,5423,"tags=38%, list=26%, signal=28%","380795/225825/15978/16016/209588/13482/16963/15006/75863/12775/110557/15015/16643/15223/12772/16160/83408/14125/13136/230979/14347/12516/57765/56644/15018/18566/24099/14972/18439/16182/16950/208154/14964/14998/74131/19368/73747/12487/15042/22164/237877/20371/14129/16197/14991/20737/16173/18761/15013/667977/209590/14462/15064/16362/15216/16161/16852/14367/12266/26365/171285/16176/19264/22042/15510/240095/381305/20850/329260/257632/83433/14131/21355/216799/69583/17350/50931/21938/12480/15284/67278/14082/15039",0.352487857583619
"GO:0042445","hormone metabolic process",219,-0.36075328009477,-1.27309626078515,0.0441703767879556,0.563140280669482,0.563140280669482,3353,"tags=24%, list=16%, signal=21%","100417514/13982/432720/11997/12904/12724/15251/622402/21819/218461/20502/12919/11606/20845/107522/74574/232174/20423/234564/70008/26358/244595/30052/72082/394435/77974/13618/12161/217310/22417/16531/665270/12156/20750/53419/74134/104158/13038/20277/56847/11529/11576/19017/71412/11535/103142/107605/94224/26423/19892/394433/105349/17287",0.321775918075361
"GO:0071695","anatomical structure maturation",292,-0.350682552329315,-1.27173589512631,0.0182867135760047,0.395411698939739,0.395411698939739,3617,"tags=24%, list=17%, signal=20%","23859/18159/13983/15205/71982/18952/12393/54611/13164/80297/14466/71751/15251/332934/13614/16598/12638/17390/12560/19228/13198/19229/17451/100504069/14380/20681/16596/235379/21463/319504/18227/69306/23892/387150/13618/16336/67077/19016/23829/76856/217310/19713/16531/50915/210933/12173/12156/22339/381759/666504/14810/66797/17926/75002/12577/237928/14042/13874/140498/60505/22408/17702/317755/13487/20473/106757/13828/214575/252967/68955",0.352487857583619
"GO:0002819","regulation of adaptive immune response",234,0.337372021107304,1.27103292072929,0.0187805209347359,0.396165173747434,0.396165173747434,5423,"tags=38%, list=26%, signal=28%","380795/225825/15978/16016/209588/13482/16149/16963/15006/75863/12775/110557/15015/16643/15223/12772/16160/83408/14125/13136/230979/14347/12516/57765/56644/15018/18566/24099/14972/18439/16182/16950/208154/54215/14964/14998/74131/19368/73747/12487/15042/54123/78473/22164/67742/237877/20371/14129/16197/14991/20737/16173/18761/15013/667977/209590/14462/15064/16362/15216/16161/16852/14367/12266/11513/26365/171285/16176/19264/22042/15510/240095/381305/20850/329260/257632/83433/14131/21355/216799/69583/17350/50931/21938/12480/15284/67278/14082/15039",0.352487857583619
"GO:0001889","liver development",158,-0.372293698796249,-1.27063605911379,0.0485436893203883,0.581728269147541,0.581728269147541,3505,"tags=22%, list=17%, signal=19%","15205/53602/22371/17684/15439/11486/30805/14465/54725/74551/12870/74155/22370/12159/18119/217847/28253/16596/12608/20682/16193/394435/22417/12012/15368/15234/28254/103149/207607/22408/18416/20378/394433/15377/18534",0.261663521711573
"GO:0030098","lymphocyte differentiation",443,0.317666314539501,1.27056735244982,0.00490442646806989,0.221804413929189,0.221804413929189,4688,"tags=27%, list=22%, signal=21%","18089/67596/12458/22780/18736/244234/14962/70673/15978/16162/16184/103743/14025/16428/13482/14960/16149/22095/12775/58208/12501/12477/244233/21940/210757/12502/15223/54167/12772/19885/12525/16160/83408/15001/16818/16842/12047/74748/14347/12769/57765/14190/108723/14977/12500/16019/16364/24099/16182/16950/22637/235320/110168/19260/16145/18987/327799/14998/74131/20849/11920/12487/20351/94176/14634/22778/54672/22164/238555/16194/22165/20371/320404/16196/16197/16431/16792/14357/14744/20737/16169/12144/12522/16173/21949/107527/12043/53314/14462/19208/15064/14056/16362/272382/17095/16147/16161/14102/16852/14256/14367/17085/30925/16331/16859/74734/207952/16186/234779/16205/214162/16176/17242/16157/19264/83797/67155/16071/210293/211651",0.407017918923954
"GO:0061008","hepaticobiliary system development",162,-0.369536666552977,-1.26709735643689,0.0497667185069984,0.588095238095238,0.588095238095238,3505,"tags=22%, list=17%, signal=18%","15205/53602/22371/17684/15439/11486/30805/14465/54725/74551/12870/74155/22370/12159/18119/217847/28253/16596/12608/20682/16193/394435/22417/12012/15368/15234/28254/103149/207607/22408/18416/20378/394433/15377/18534",0.252961123069611
"GO:0043086","negative regulation of catalytic activity",237,-0.352844038624294,-1.26246310017821,0.0450440489447964,0.568221738674497,0.568221738674497,3793,"tags=22%, list=18%, signal=19%","232345/17873/11983/24056/13853/13197/103844/18984/21857/18767/13601/18762/12575/69847/14433/112405/11450/110789/231474/11606/74155/11770/20704/15444/18787/231125/52840/50873/18162/16193/238161/56013/228775/20319/19733/57875/208213/17700/59083/320472/11516/381759/241196/433180/231103/16847/20701/19259/20533/17751/380839/11847/72902",0.321775918075361
"GO:0045766","positive regulation of angiogenesis",182,-0.363635336024994,-1.2615848610596,0.0491551459293395,0.58242499475686,0.58242499475686,4304,"tags=31%, list=21%, signal=25%","13805/16153/13388/18132/58991/230738/277468/12226/14066/15586/13731/15442/20698/13601/18760/320910/15251/73230/14173/243912/11852/56221/21825/14465/12767/16175/14343/12654/19229/16854/20423/18119/18787/18211/14254/23892/14172/14463/12765/20319/15507/11601/12771/15368/17395/22339/13511/15234/100038489/15139/12796/18654/18811/21907/387216/11535/223780",0.252961123069611
"GO:0002696","positive regulation of leukocyte activation",355,0.321209051441146,1.25917762080278,0.00965164669005709,0.319674777752992,0.319674777752992,5419,"tags=37%, list=26%, signal=28%","67596/170776/12511/20304/225825/15978/16162/170780/170786/14969/16184/14961/13482/14960/16149/15000/16963/12775/12501/21940/320832/22163/54167/12772/16191/16160/27007/83408/15001/16818/16842/13136/230979/21336/57765/56644/16002/108723/56792/16019/14999/24099/58205/15002/22637/235320/668101/19260/18106/74015/54215/21838/14998/74131/73747/12487/13641/16803/547431/14634/22778/22164/238555/237877/16408/11444/20371/320404/16196/50723/16197/14744/20737/16169/12144/12522/16173/15944/107527/18761/12043/209590/14462/13846/16362/320484/16147/16161/18019/12524/227059/102657/16852/16331/16859/74734/207952/50930/16186/171285/12721/16176/17242/78317/19264/22042/83797/67155/12606/15510/20850/232946/20296/20851/257632/83433/14375/12389/381091/216799/13032/22324/104709/69583/18124/17350/56484/12480/15284/67278/14082/26362",0.380730400722792
"GO:0043467","regulation of generation of precursor metabolites and energy",146,0.35575715287094,1.25812354294674,0.028263419543582,0.447710535104175,0.447710535104175,2952,"tags=17%, list=14%, signal=15%","140491/207728/70673/241113/15978/11548/433766/69183/227659/17928/23960/14121/14783/246729/11474/23961/16002/246730/114643/18439/269224/16367/228966/12491/58805",0.352487857583619
"GO:0034284","response to monosaccharide",238,-0.351259623116531,-1.25313641771375,0.0434507293263951,0.5585063824155,0.5585063824155,4063,"tags=24%, list=19%, signal=20%","13039/19275/19055/14226/223775/13640/15376/224129/14630/11596/16548/378435/18641/13804/20186/11674/18576/21844/15251/11450/21825/230784/218461/66259/238377/74551/11606/319613/18164/20845/237868/23957/11551/110385/50873/54377/11481/12290/100039795/217310/16819/381853/11601/269275/231103/26950/97086/12796/16847/353155/103988/75770/17844/18387/14526/18534/14652",0.321775918075361
"GO:0003341","cilium movement",262,-0.346832631737464,-1.2493776679711,0.0473282442748092,0.580363358860387,0.580363358860387,3543,"tags=26%, list=17%, signal=22%","67752/83984/226265/114606/233899/18952/72873/71099/382562/381229/69707/75563/380654/332934/75050/227736/69315/320277/110083/56087/70918/627872/101100/21959/69327/102638083/329831/74934/69310/69697/75504/211482/74446/69306/75172/71870/269701/207686/12290/67077/76856/104362/77058/19733/11497/73721/79455/666504/381738/239789/66722/21333/97086/22431/74288/13417/21689/381107/74469/74453/73287/207607/54562/320214/68625/106757/76486/252967",0.257206466468838
"GO:0072001","renal system development",364,-0.339671540865509,-1.24920191365264,0.0245159089323583,0.425404192267245,0.425404192267245,4474,"tags=30%, list=21%, signal=24%","20377/18004/20971/13642/18131/214384/20677/20474/13388/18591/18590/14787/114249/12388/16776/19055/72938/23967/16878/12064/20471/18514/13809/15117/19197/319197/17300/15205/22393/108154/241226/69847/66398/73230/74055/14173/11450/12828/17130/11504/13614/14013/12767/66333/15478/14573/50791/11606/67703/14179/12931/72077/232174/12159/15431/20423/20681/14260/18426/20682/14160/16400/23892/11481/12630/16523/13838/20563/13618/12161/12142/66277/20495/12780/12765/22417/19713/12156/11601/20750/12349/14165/56198/240725/17395/22339/12733/666168/15229/11608/12577/12879/22431/12484/14042/18654/22270/241035/271127/56753/58198/22408/242022/16371/16372/20464/14725/11847/116872/240025",0.352487857583619
"GO:0001822","kidney development",352,-0.340031679227166,-1.24847163366334,0.0186851665810757,0.396026863972501,0.396026863972501,4474,"tags=30%, list=21%, signal=24%","20377/18004/20971/13642/18131/20677/20474/13388/18591/18590/14787/114249/12388/16776/19055/72938/23967/16878/12064/20471/18514/13809/15117/19197/319197/17300/15205/22393/108154/241226/69847/66398/73230/74055/14173/11450/12828/17130/11504/13614/12767/66333/15478/14573/50791/11606/67703/14179/12931/72077/232174/12159/15431/20423/20681/14260/18426/20682/16400/23892/11481/12630/16523/13838/20563/13618/12161/12142/66277/20495/12780/12765/22417/19713/12156/11601/20750/12349/14165/56198/240725/17395/22339/12733/666168/15229/11608/12577/12879/22431/12484/14042/18654/22270/241035/271127/56753/58198/22408/242022/16371/16372/20464/14725/11847/116872/240025",0.352487857583619
"GO:0002758","innate immune response-activating signaling pathway",328,0.319643198134389,1.24521479247695,0.0171053345122943,0.377960118594979,0.377960118594979,5535,"tags=31%, list=27%, signal=23%","66873/233079/58179/243655/67917/503550/16642/16643/320407/327957/67313/27007/239081/23960/246727/56496/414084/246729/19695/637515/56644/69097/23961/66166/100061/246730/214763/114643/16364/70572/231655/224840/54396/18439/170744/384059/19260/16145/16641/246746/215243/104759/54123/16803/71398/12491/17002/225471/17174/13649/230073/53791/20128/11545/65221/212937/15944/72512/14469/75083/69146/68614/16362/69035/170743/12524/21897/20877/56085/11513/73914/226421/27056/14302/171285/234779/210808/108089/217303/384309/15510/80861/76457/52150/65964/257632/83433/12362/12389/26416/216799/11651/223664/20509/383619/279572/229898/54445/117149/81897/79043",0.352487857583619
"GO:0042180","ketone metabolic process",214,-0.350700376757432,-1.2409606975088,0.0476923076923077,0.581176470588235,0.581176470588235,3312,"tags=23%, list=16%, signal=19%","432720/29807/12724/18655/228026/11674/54140/622402/11450/13614/229905/227358/55990/11606/20845/27413/227627/11813/234564/244595/67426/20682/27273/212980/23886/13618/12161/19016/228775/22417/16531/19733/12156/57875/19225/26367/76747/20277/20617/70979/102570/14077/11576/19017/103142/107605/94224/102635496/105349",0.257206466468838
"GO:0050867","positive regulation of cell activation",379,0.314278596610339,1.23831046357842,0.0148205046981088,0.358998961082348,0.358998961082348,5158,"tags=35%, list=25%, signal=27%","67596/170776/12335/12511/20304/225825/15978/16162/170780/170786/14969/16184/14961/13482/20670/14960/16149/15000/16963/12775/12501/21940/320832/22163/54167/12772/16191/16160/27007/83408/15001/16818/16842/13136/230979/21336/57765/56644/16002/108723/56792/16019/14999/24099/58205/15002/22637/235320/668101/19260/11475/18106/74015/54215/21838/14998/74131/73747/12487/13641/16803/547431/14634/22778/22164/238555/237877/16408/11444/20371/320404/16196/50723/16197/14744/20737/16169/12144/12522/16173/14723/15944/107527/18761/12043/209590/14462/13846/319757/16362/320484/16147/16161/18019/12524/227059/102657/16852/73182/16331/16859/74734/207952/50930/16186/171285/12721/16176/17242/78317/19264/22042/83797/67155/12606/15510/20850/232946/20296/20851/20111/257632/83433/14375/232801/17863/12389/381091/216799/13032/22324/104709/69583",0.380730400722792
"GO:0048608","reproductive structure development",341,-0.335491188024485,-1.23711555439316,0.039647577092511,0.53045154185022,0.53045154185022,4263,"tags=26%, list=20%, signal=21%","11819/14158/20474/69260/21414/20346/71914/238871/13039/19275/12167/23967/242523/14453/18793/209378/18159/11705/13983/17300/14714/13982/17684/14178/17387/16322/19288/11504/14465/381677/12638/18671/57816/12841/17390/319448/21923/16175/11606/74155/20845/14179/218630/94109/12159/56622/20423/18787/20681/18211/104271/12608/11835/20682/14313/16324/12161/16336/14463/22417/20319/14460/11497/14165/240725/11516/21930/22339/239789/227631/12577/71950/22431/13874/19116/140498/71078/11625/11576/14180/54562/238057/94224/26423/14725/20473/20758/57264/20674",0.276500599254472
"GO:0061458","reproductive system development",346,-0.332832326783475,-1.22979116587453,0.0436681222707424,0.559753854735943,0.559753854735943,4263,"tags=26%, list=20%, signal=21%","11819/14158/20474/69260/21414/20346/71914/238871/13039/19275/12167/23967/242523/14453/18793/209378/18159/11705/13983/17300/14714/13982/17684/14178/17387/16322/19288/11504/14465/381677/12638/18671/57816/12841/17390/319448/21923/16175/11606/74155/20845/14179/218630/94109/12159/56622/20423/18787/20681/18211/104271/12608/11835/20682/14313/16324/12161/16336/14463/22417/20319/14460/11497/14165/240725/11516/21930/22339/239789/227631/12577/71950/22431/13874/19116/140498/71078/11625/11576/14180/54562/238057/94224/26423/14725/20473/20758/57264/20674",0.261663521711573
"GO:0007159","leukocyte cell-cell adhesion",412,0.310694209190273,1.22604565744804,0.0128907208270948,0.349887734557605,0.349887734557605,4461,"tags=31%, list=21%, signal=25%","67596/170776/12511/20304/15978/16162/170780/170786/14969/16184/13035/14961/13482/14960/16149/15000/16963/75863/12775/12501/12477/21940/320832/20555/15223/54167/12772/16160/195564/83408/12162/15001/16818/16842/17123/13136/14348/230979/14347/57765/14190/15930/18566/16002/12310/108723/14999/20343/24099/58205/68891/109254/15002/16950/22637/235320/668101/19260/18106/208154/74015/54215/21838/20345/14998/74131/16411/75870/11898/12487/13641/20315/547431/78473/14634/22778/22164/114774/238555/16408/240754/76905/11689/20371/13051/320404/16401/16196/50723/16197/16792/14357/14744/20737/12144/12522/16173/14723/15944/107527/18761/209590/14462/13846/12988/16362/320484/15216/16147/16161/12524/102657/16852/26365/64095/16859/74734/207952/50930/16186/94212/171285/232341/242627/12721/20868/16176/17242/78317",0.380730400722792
"GO:0140694","membraneless organelle assembly",473,0.305613430609587,1.2231465226732,0.0142250283540543,0.356701928213589,0.356701928213589,5375,"tags=26%, list=26%, signal=20%","17930/53311/233199/19130/234072/320502/68680/21393/242702/11459/12391/12335/109272/16691/21957/226041/68802/13009/71007/17996/22138/68760/11472/12372/74477/93677/93689/228003/16191/59011/20979/212541/18175/78906/65256/52570/13007/98932/238564/22437/76789/20821/622408/11799/13196/208628/54324/50876/17865/223722/16571/233406/26934/672511/73139/52023/12316/102920/24131/66336/18005/227377/14786/66991/209737/20775/233908/17929/77579/18140/24061/66311/20877/76707/18810/232889/71819/70466/277939/14086/74470/22003/12373/232341/68794/18595/78321/75547/13209/21955/73699/76123/16551/236266/233064/15162/59006/381305/212508/54127/75619/353190/18817/101565/67671/59014/56233/17698/20878/16319/101706/12566/29806/226562/51885/74237/12181/17350/245902/67139/12442/69821/229841",0.380730400722792
"GO:0062012","regulation of small molecule metabolic process",370,-0.330193742573145,-1.2220591200446,0.0388059701492537,0.52343569972431,0.52343569972431,3285,"tags=20%, list=16%, signal=17%","29807/14711/12724/18655/228026/20186/54140/15251/11450/230784/13614/231474/15558/227358/55990/11606/20845/71780/27413/672284/19228/18166/26570/76487/227627/11813/234564/15444/16009/58801/244595/20682/50873/27273/16193/22223/212980/23886/15235/12161/19016/228775/22417/16531/19733/12156/57875/19225/68054/26367/11608/15937/20617/70979/16847/102570/387161/14077/266645/19017/103988/20533/14581/17844/103142/14526/107605/68073/234199/223455/13850/102635496/18534",0.282013350011725
"GO:0051047","positive regulation of secretion",382,-0.326363128287243,-1.2158141298861,0.034318206133236,0.496377296819012,0.496377296819012,3536,"tags=23%, list=17%, signal=20%","15567/12215/19339/26399/20911/18760/17319/268480/60425/114229/20186/11674/54140/15251/13614/78896/66259/238377/14063/56708/107765/74551/17919/16175/59033/11606/319613/16415/68039/27413/66214/18429/16854/193034/207227/192167/107849/12291/104886/23957/320405/27359/50873/54377/18162/56508/50765/16324/83671/12161/54003/12290/19016/20201/14675/14460/12156/381853/20750/12424/225642/11516/108071/320051/80885/241263/21333/13115/26950/56183/18430/12796/20617/21943/18811/16847/20202/435626/103988/20614/215028/110877/232333/18387/14526/18812/14812/57264/14652",0.321775918075361
"GO:0070663","regulation of leukocyte proliferation",260,0.319781785435352,1.21563553681509,0.0349779967752719,0.50140333770267,0.50140333770267,4461,"tags=32%, list=21%, signal=26%","20666/170776/22780/93675/12511/20304/15978/16162/170780/170786/16184/14960/16149/15000/16963/75863/12775/12501/12477/20555/22163/15223/12772/16191/16160/18101/13136/230979/21336/15930/16002/108723/16019/14999/24099/58205/22637/19260/18106/208154/243958/57916/74131/20440/11920/12487/13641/547431/22164/114774/238555/237877/16408/11444/20371/16196/50723/16792/20737/12144/16173/15944/18761/12043/209590/50498/12983/16362/320484/16988/16147/16161/18019/12524/227059/102657/16331/14419/26365/16859/171285/12721/16176/78317",0.321775918075361
"GO:0050863","regulation of T cell activation",372,0.309619503214574,1.21137499074073,0.0217626573365802,0.417452251435647,0.417452251435647,4461,"tags=30%, list=21%, signal=24%","67596/170776/93675/12511/20304/15978/16162/170780/170786/14969/16184/13035/14961/13482/14960/16149/15000/16963/75863/12775/12501/12477/21940/320832/20555/15223/54167/12772/19885/16160/195564/54390/83408/15001/16818/16842/13136/230979/57765/14190/15930/18566/16002/108723/214763/14999/24099/58205/15002/16950/22637/235320/668101/19260/18106/208154/74015/54215/21838/14998/74131/12487/13641/547431/14634/22778/22164/114774/238555/16408/240754/20371/320404/16196/50723/16197/16792/14357/14744/20737/12144/12522/16173/15944/107527/18761/209590/14462/13846/50498/12988/16362/320484/15216/16147/16161/12524/102657/16852/26365/16859/74734/207952/50930/16186/94212/171285/242627/12721/16176/17242/78317",0.352487857583619
"GO:0008544","epidermis development",356,-0.325549803498499,-1.20412899391567,0.0399429386590585,0.532092061792344,0.532092061792344,3302,"tags=22%, list=16%, signal=19%","381867/13836/64817/12575/100503041/14178/16535/14466/72383/29820/14465/19041/21683/252973/16175/110310/74155/12560/19224/13409/232174/12159/20423/70843/15218/224796/545975/14027/18426/20682/102502/14160/14313/73750/71529/12740/16531/20230/19225/14165/320051/406219/18992/110886/214531/20761/76585/243083/667663/751532/229320/16681/73720/18772/13115/231014/14042/20754/20765/67718/332131/109620/76770/14581/70129/20753/17702/268885/140476/13393/16673/630994/20764/20758/433016/66195/209195/20759/16447/20762",0.271288554688953
"GO:0042742","defense response to bacterium",286,0.31415325751216,1.2019532396735,0.0279622777401386,0.447439791123365,0.447439791123365,3394,"tags=27%, list=16%, signal=23%","57757/13587/404711/74548/16687/380795/14468/626578/15978/16016/99439/23993/72432/67701/13035/78416/109820/170779/110135/76074/238447/11628/11826/16160/27007/23960/17110/246727/246728/18843/246729/54159/19695/74748/230979/14939/23961/66166/231507/654459/246730/66107/60440/319186/16019/114643/20723/14972/432867/54396/18439/100952/16145/17951/54215/17948/319182/236573/19368/14191/19946/16803/12491/17002/100702/331004/269855/672511/14129/16197/14991/20737/16173/21949/78303/15944",0.352487857583619
"GO:0098771","inorganic ion homeostasis",434,-0.319166824418741,-1.19753768113874,0.0480109739368999,0.581475364712359,0.581475364712359,3938,"tags=25%, list=19%, signal=20%","72160/27060/66290/12390/80795/14319/15458/68027/19775/22295/238988/110784/242960/18159/20512/66168/11964/20393/19227/22393/71982/234421/217353/11775/69847/16535/94219/15251/112405/74051/13614/20321/20302/57816/15558/227358/16175/74251/11606/668940/12870/14325/64051/23959/19228/69047/18166/20203/230777/77905/193034/387285/20855/20531/14748/17748/22065/11481/50765/64177/57442/13618/12161/12290/20495/12780/16531/19733/11647/12156/12709/16819/12298/20192/19746/15559/20750/53419/15368/11979/12176/19743/14810/20277/13491/13115/20510/97086/117167/22068/14042/16511/11656/21943/17752/22066/22270/241035/13490/18416/244698/26946/17751/23925/76376/14812/13828",0.241339976815091
"GO:0042113","B cell activation",277,0.313083813103289,1.19616103724469,0.0357792196872174,0.503890677261645,0.503890677261645,5037,"tags=31%, list=24%, signal=24%","18089/12458/22780/18736/14962/15978/14025/13482/16149/22095/12477/21940/11628/238875/22163/15223/16191/16842/74748/57765/108723/14977/16019/24099/12145/208154/243958/18987/57916/74131/73747/11920/12487/26909/108995/230787/22778/54672/22164/22256/114774/67742/237877/11444/240754/22362/20371/16196/50723/16197/16431/16792/12043/53314/17079/14056/272382/17095/18019/12524/14102/227059/70238/16852/14256/12266/16331/16186/234779/16205/242248/19264/22042/18707/16071/210293/217303/15510/381305/20850/14211/20851/257632/12051/17863/56233",0.321775918075361
NA,NA,NA,NA,NA,NA,NA,NA,NA,NA,NA,NA
NA,NA,NA,NA,NA,NA,NA,NA,NA,NA,NA,NA
