"ID","Description","setSize","enrichmentScore","NES","pvalue","p.adjust","qvalue","rank","leading_edge","core_enrichment","log2err"
"NAKAYA_PBMC_FLUAD_MALE_AGE_14_27YO_1D_POSTBOOST_VS_0D_PREIMM_MF59_ADJUVANTED_1DY_GENES_IN_BTM_M40_AND_M53_DN","NAKAYA_PBMC_FLUAD_MALE_AGE_14_27YO_1D_POSTBOOST_VS_0D_PREIMM_MF59_ADJUVANTED_1DY_GENES_IN_BTM_M40_AND_M53_DN",29,0.740661595939965,2.02842549088468,3.69513823451703e-05,0.0170144319616625,0.0170144319616625,3206,"tags=62%, list=15%, signal=53%","14945/12481/20304/16428/58208/12501/14938/12502/54167/54390/16818/16842/14939/12500/77647/22637/12487/16197",0.557332238758646
"GSE8835_CD4_VS_CD8_TCELL_CLL_PATIENT_UP","GSE8835_CD4_VS_CD8_TCELL_CLL_PATIENT_UP",114,0.569515927921588,1.9728309555897,5.59249383570183e-07,0.00180317249372617,0.00180317249372617,3411,"tags=36%, list=16%, signal=30%","66106/20304/626578/14962/15978/209588/54426/381417/20299/19378/76074/16643/12502/14103/434341/27007/15061/246727/17329/14939/15566/269346/20295/20343/231655/16182/224674/667373/16870/13732/236573/15476/17069/11815/54123/14114/22169/672511/14129/16169/67775",0.659444398037935
"GSE26030_TH1_VS_TH17_DAY5_POST_POLARIZATION_UP","GSE26030_TH1_VS_TH17_DAY5_POST_POLARIZATION_UP",103,0.5746026810192,1.96072325494637,1.53403001749408e-06,0.00258995401286917,0.00258995401286917,5166,"tags=49%, list=25%, signal=37%","12715/16665/626578/21908/13482/76074/434341/23960/15061/246727/246728/15018/231507/246730/231655/19039/667373/547253/236573/20821/54123/12286/17858/22169/667823/327959/672511/14744/67775/14469/18854/22035/170743/16161/12524/56045/69550/20846/243771/80861/17472/99899/68487/24110/209086/105827/210106/100038882/71683/108670",0.643551836150722
"GSE7509_UNSTIM_VS_IFNA_STIM_IMMATURE_DC_DN","GSE7509_UNSTIM_VS_IFNA_STIM_IMMATURE_DC_DN",112,0.559534692836061,1.93771303558256,7.1201283069148e-07,0.00180317249372617,0.00180317249372617,5495,"tags=54%, list=26%, signal=40%","14945/626578/16162/16184/381417/227659/12265/12501/76074/14938/54167/12525/434341/27007/80901/16818/246727/17329/15930/18566/269346/12500/16182/16912/21838/109032/16913/236573/66892/17858/667823/16408/327959/67776/142688/16169/16068/22035/16362/30955/21356/74735/20970/12721/12258/243771/84544/17472/99899/12362/24110/209086/18550/100038882/108670/66395/50931/229445/13139/19171",0.659444398037935
"GSE19888_ADENOSINE_A3R_INH_VS_TCELL_MEMBRANES_ACT_MAST_CELL_UP","GSE19888_ADENOSINE_A3R_INH_VS_TCELL_MEMBRANES_ACT_MAST_CELL_UP",98,0.552923661518262,1.89186335178472,8.95908097286074e-06,0.00907554902550793,0.00907554902550793,5127,"tags=47%, list=25%, signal=36%","17879/626578/15978/16491/16178/76074/16643/434341/23960/246728/17329/14939/407800/246730/21354/16912/667373/547253/109032/16913/236573/20821/17858/22169/667823/327959/672511/142688/230073/67775/16068/14469/18854/22035/16362/21356/56045/20846/243771/80861/17472/99899/56417/24110/209086/100038882",0.593325476396405
"GSE9988_ANTI_TREM1_VS_CTRL_TREATED_MONOCYTES_UP","GSE9988_ANTI_TREM1_VS_CTRL_TREATED_MONOCYTES_UP",94,-0.58976535990871,-1.89033269173247,5.75737740865256e-06,0.0072902791437063,0.0072902791437063,4370,"tags=41%, list=21%, signal=33%","74747/15370/11605/13039/14066/18145/17873/52187/18793/24056/218952/14630/71839/20393/13655/108143/12575/19252/21815/13537/13614/13654/11910/240672/58801/12608/18227/14579/17748/326623/19016/21824/112407/69065/19225/20750/16956/319520/11535",0.610526878385931
"FULLER_PBMC_F_TULARENSIS_VACCINE_LVS_AGE_22_54YO_18HR_UP","FULLER_PBMC_F_TULARENSIS_VACCINE_LVS_AGE_22_54YO_18HR_UP",34,0.662727810707845,1.88878547456368,0.000293141641797865,0.0645548876393994,0.0645548876393994,4047,"tags=50%, list=19%, signal=40%","14969/16149/69165/20299/12772/58860/21354/20295/14999/170744/14998/12774/14129/170743/12524/14102/21897",0.49849310876659
"SOBOLEV_T_CELL_PANDEMRIX_AGE_18_64YO_1DY_UP","SOBOLEV_T_CELL_PANDEMRIX_AGE_18_64YO_1DY_UP",15,0.805047911888574,1.88024774163475,0.000358952678045788,0.0699267428577659,0.0699267428577659,2346,"tags=67%, list=11%, signal=59%","12526/26411/12501/12502/12525/16818/18646/17329/12500/22637",0.49849310876659
"HOWARD_NK_CELL_INACT_MONOV_INFLUENZA_A_INDONESIA_05_2005_H5N1_AGE_18_49YO_3DY_UP","HOWARD_NK_CELL_INACT_MONOV_INFLUENZA_A_INDONESIA_05_2005_H5N1_AGE_18_49YO_3DY_UP",44,0.620319350672323,1.85201826425675,0.000309443071735973,0.0653053815976126,0.0653053815976126,7177,"tags=84%, list=34%, signal=55%","108000/70218/11799/242705/68743/17865/17345/12530/19348/66570/77782/209737/12190/78733/21877/20877/67196/105988/71819/21973/12236/12428/108961/66929/13555/229841/76464/52276/17217/68988/72119/12447/215387/108907/12235/12534/20135",0.49849310876659
"GSE7568_CTRL_VS_24H_TGFB_TREATED_MACROPHAGES_WITH_IL4_AND_DEXAMETHASONE_DN","GSE7568_CTRL_VS_24H_TGFB_TREATED_MACROPHAGES_WITH_IL4_AND_DEXAMETHASONE_DN",59,0.590438321420423,1.84889835801159,0.000142237187736432,0.0379174397834225,0.0379174397834225,1290,"tags=22%, list=6%, signal=21%","12555/18096/18109/12391/12776/53814/53897/21420/16184/11686/16963/232370/22163",0.518848077743792
"FULLER_PBMC_F_TULARENSIS_VACCINE_LVS_AGE_22_54YO_48HR_UP","FULLER_PBMC_F_TULARENSIS_VACCINE_LVS_AGE_22_54YO_48HR_UP",35,0.660000120770903,1.84518324428971,0.000247205243367541,0.0579679005794668,0.0579679005794668,4047,"tags=49%, list=19%, signal=39%","14969/16149/69165/20299/12772/58860/20297/21354/20295/14999/170744/14998/12774/170743/12524/14102/21897",0.49849310876659
"GSE26495_PD1HIGH_VS_PD1LOW_CD8_TCELL_UP","GSE26495_PD1HIGH_VS_PD1LOW_CD8_TCELL_UP",50,0.603223351048744,1.84505679329343,0.000134047594897782,0.0377195037865146,0.0377195037865146,2825,"tags=28%, list=14%, signal=24%","21743/14945/12773/16426/16691/17882/67182/54167/15001/20297/18566/77647/12487/26357",0.518848077743792
"KAZMIN_PBMC_P_FALCIPARUM_RTSS_AS01_AGE_UNKNOWN_CORRELATED_WITH_PROTECTION_56DY_NEGATIVE","KAZMIN_PBMC_P_FALCIPARUM_RTSS_AS01_AGE_UNKNOWN_CORRELATED_WITH_PROTECTION_56DY_NEGATIVE",20,0.742875367674271,1.82964967025093,0.00105483884513391,0.116146929360941,0.116146929360941,2699,"tags=55%, list=13%, signal=48%","20304/16185/16643/14938/27007/18646/69454/12516/14939/22637/20849",0.45505986738723
"FULLER_PBMC_F_TULARENSIS_VACCINE_LVS_AGE_22_54YO_192HR_UP","FULLER_PBMC_F_TULARENSIS_VACCINE_LVS_AGE_22_54YO_192HR_UP",24,0.70435716971102,1.82371595296175,0.000764637182093639,0.101918087560639,0.101918087560639,4047,"tags=54%, list=19%, signal=44%","12773/14969/20299/12772/58860/21354/170744/14998/12774/14129/170743/12524/21897",0.477270815362862
"GSE3039_NKT_CELL_VS_ALPHAALPHA_CD8_TCELL_DN","GSE3039_NKT_CELL_VS_ALPHAALPHA_CD8_TCELL_DN",91,0.543661186103072,1.81714882497803,2.91561924039449e-05,0.0147676114525981,0.0147676114525981,4013,"tags=48%, list=19%, signal=39%","14945/12526/12481/20304/15978/16428/13482/17086/12501/12477/16185/16643/14938/12502/14103/434341/80901/16818/18646/12516/14939/15018/18566/12500/21354/21838/14964/20849/17069/12487/94176/13433/16401/18174/68875/667977/16068/14469/19734/18854/22240/16362/12503/16161",0.575610261071129
"QUEREC_PBMC_YF_17D_VACCINE_AGE_18_45YO_3DY_UP","QUEREC_PBMC_YF_17D_VACCINE_AGE_18_45YO_3DY_UP",41,0.624192005521183,1.81632577228195,0.000535988717875136,0.0875736405173408,0.0875736405173408,5127,"tags=59%, list=25%, signal=44%","23960/15061/246727/246728/246730/231655/19039/667373/54123/17858/667823/327959/230073/68810/170743/12267/217845/12258/20846/243771/80861/99899/209086/100038882",0.477270815362862
"QUEREC_PBMC_YF_17D_VACCINE_AGE_18_45YO_7DY_UP","QUEREC_PBMC_YF_17D_VACCINE_AGE_18_45YO_7DY_UP",41,0.624192005521183,1.81632577228195,0.000535988717875136,0.0875736405173408,0.0875736405173408,5127,"tags=59%, list=25%, signal=44%","23960/15061/246727/246728/246730/231655/19039/667373/54123/17858/667823/327959/230073/68810/170743/12267/217845/12258/20846/243771/80861/99899/209086/100038882",0.477270815362862
"FULLER_PBMC_F_TULARENSIS_VACCINE_LVS_AGE_22_54YO_336HR_UP","FULLER_PBMC_F_TULARENSIS_VACCINE_LVS_AGE_22_54YO_336HR_UP",28,0.689732897737939,1.81280214294209,0.00059270254104525,0.0904926391927447,0.0904926391927447,4047,"tags=54%, list=19%, signal=43%","12773/14969/12772/58860/21354/20295/14999/170744/14998/12774/14129/170743/12524/14102/21897",0.477270815362862
"GSE7509_UNSTIM_VS_FCGRIIB_STIM_DC_DN","GSE7509_UNSTIM_VS_FCGRIIB_STIM_DC_DN",95,0.54059933761985,1.81086169070077,1.63062191504634e-05,0.0103238749996371,0.0103238749996371,3930,"tags=37%, list=19%, signal=30%","20304/15978/16162/16184/12265/12501/16185/16643/14938/12502/54167/12525/18646/246727/14939/14190/15930/12500/16182/16912/109032/16913/20821/66892/22778/667823/16408/327959/67776/142688/16169/54403/19734/22035/16362",0.575610261071129
"GSE26890_CXCR1_NEG_VS_POS_EFFECTOR_CD8_TCELL_UP","GSE26890_CXCR1_NEG_VS_POS_EFFECTOR_CD8_TCELL_UP",106,0.529868576659385,1.80746131551538,1.85814627612332e-05,0.0104572343206273,0.0104572343206273,5166,"tags=46%, list=25%, signal=35%","626578/13482/76074/434341/23960/15061/246727/246728/319554/231507/246730/231655/19039/667373/547253/236573/20821/63913/54123/22169/12044/110052/327959/672511/142688/230073/67775/13058/14469/20775/18854/22035/16362/170743/12524/170459/56045/207565/20846/243771/24014/17472/99899/68487/24110/209086/100038882/71683/108670",0.575610261071129
"GSE15750_DAY6_VS_DAY10_EFF_CD8_TCELL_UP","GSE15750_DAY6_VS_DAY10_EFF_CD8_TCELL_UP",107,0.533095812375428,1.80683190369162,1.20226809890752e-05,0.0101491465349443,0.0101491465349443,6868,"tags=67%, list=33%, signal=45%","319554/18968/15366/70218/11799/23834/208628/110695/17865/17121/233406/26934/19348/19361/18005/14200/19362/66570/17216/20133/77782/67629/21877/17218/12189/14102/20877/105988/71819/21973/12236/67941/53381/72107/12544/22137/16551/16881/106795/14211/52033/18817/56150/20878/66929/17279/16647/12442/229841/76464/17220/52276/54141/66131/19366/110033/66197/72155/72119/56193/19766/107823/17864/54124/66694/78523/69270/20460/215387/108907/67834/12235",0.593325476396405
"SOBOLEV_T_CELL_PANDEMRIX_AGE_18_64YO_7DY_DN","SOBOLEV_T_CELL_PANDEMRIX_AGE_18_64YO_7DY_DN",13,0.800463369753406,1.79559559100585,0.00208060599897448,0.185573459048698,0.185573459048698,2346,"tags=69%, list=11%, signal=61%","12526/26411/12501/12502/12525/16818/18646/12500/22637",0.431707695803346
"GSE13547_CTRL_VS_ANTI_IGM_STIM_BCELL_2H_UP","GSE13547_CTRL_VS_ANTI_IGM_STIM_BCELL_2H_UP",113,0.513467339120279,1.7831710693824,1.47215441758894e-05,0.0103238749996371,0.0103238749996371,5882,"tags=54%, list=28%, signal=39%","14945/12477/12516/14190/18566/13007/22779/667373/108000/15366/19217/68298/63913/17858/667823/19075/68275/17345/16571/233406/14229/672511/17219/12419/19361/17215/19362/18973/20133/209737/14056/12190/227960/12189/12524/20877/21973/15270/20846/12428/12544/22137/16551/21936/16881/12021/80861/18817/24110/56150/16319/16647/12442/229841/17220/52276/13813/66131/67465/110033/12321",0.593325476396405
"GSE9988_LOW_LPS_VS_ANTI_TREM1_AND_LPS_MONOCYTE_DN","GSE9988_LOW_LPS_VS_ANTI_TREM1_AND_LPS_MONOCYTE_DN",64,-0.582934371811208,-1.77312380742548,0.000251785550394525,0.0579679005794668,0.0579679005794668,4626,"tags=44%, list=22%, signal=34%","67916/74142/11477/13039/17750/66290/18145/52187/24056/20393/11852/73834/13614/20893/13654/11910/13198/16854/18787/12608/18227/14579/17748/326623/19016/20750/18670/16956",0.49849310876659
"GSE18791_UNSTIM_VS_NEWCATSLE_VIRUS_DC_6H_DN","GSE18791_UNSTIM_VS_NEWCATSLE_VIRUS_DC_6H_DN",96,0.527163071118026,1.7703747961856,5.86396761351929e-05,0.0228469199711348,0.0228469199711348,5166,"tags=44%, list=25%, signal=33%","243864/209588/71939/434341/23960/15061/246727/246728/17329/246730/21354/231655/19039/667373/547253/109032/20821/54123/17858/22169/667823/327959/672511/230073/68810/16169/67775/18854/22035/16362/16161/17127/20846/12428/12370/80861/99899/56417/24110/209086/100038882/108670",0.557332238758646
"GSE20366_EX_VIVO_VS_DEC205_CONVERSION_NAIVE_CD4_TCELL_UP","GSE20366_EX_VIVO_VS_DEC205_CONVERSION_NAIVE_CD4_TCELL_UP",76,0.548107942846497,1.76396572547028,0.000158152464259633,0.0400521115737519,0.0400521115737519,3435,"tags=39%, list=16%, signal=33%","14945/20304/233079/16162/65963/66058/11472/16963/14938/12772/14939/14190/231507/16010/18439/20190/667373/54215/16835/17069/98314/68743/208628/110695/12774/233406/14229/14744/19362/14422",0.518848077743792
"GSE13547_CTRL_VS_ANTI_IGM_STIM_BCELL_12H_UP","GSE13547_CTRL_VS_ANTI_IGM_STIM_BCELL_12H_UP",109,0.508597669078725,1.7530980146503,7.82644050786766e-05,0.0283149436945355,0.0283149436945355,7177,"tags=68%, list=34%, signal=45%","14938/16985/231507/108000/15366/11799/23834/68298/19075/17345/16571/233406/14229/26934/12419/19361/17215/14200/19362/18973/20133/209737/67629/12190/21877/17218/12189/20877/16906/71819/21973/12236/67103/53381/73699/12428/12544/22137/16551/16881/106795/14211/52033/18817/108961/56150/20878/66929/16319/12442/229841/76464/17220/52276/54141/17217/66131/235559/19366/66471/12321/72155/72119/12447/17864/54124/69270/215387/14793/12235/12649/16409/12534/20135",0.538434096309916
"NAKAYA_PBMC_FLUAD_IMUVAC_MALE_AGE_14_27YO_CORRELATED_WITH_HAI_RESPONSE_MF59_ADJUVANTED_AND_NON_1DY_GENES_IN_BTM_M75_POSITIVE","NAKAYA_PBMC_FLUAD_IMUVAC_MALE_AGE_14_27YO_CORRELATED_WITH_HAI_RESPONSE_MF59_ADJUVANTED_AND_NON_1DY_GENES_IN_BTM_M75_POSITIVE",16,0.73213895978937,1.74721975856797,0.00425396150217013,0.247658793201054,0.247658793201054,5012,"tags=69%, list=24%, signal=52%","23960/246727/246730/667373/54123/230073/18854/12258/16176/80861/12051",0.407017918923954
"GSE19888_ADENOSINE_A3R_INH_PRETREAT_AND_ACT_BY_A3R_VS_TCELL_MEMBRANES_ACT_MAST_CELL_UP","GSE19888_ADENOSINE_A3R_INH_PRETREAT_AND_ACT_BY_A3R_VS_TCELL_MEMBRANES_ACT_MAST_CELL_UP",129,0.495093114980506,1.74652478303067,5.76702353764049e-05,0.0228469199711348,0.0228469199711348,5166,"tags=49%, list=25%, signal=37%","20304/626578/381417/76074/27007/23960/15061/246727/246728/17329/14939/15018/246730/269346/21354/20343/231655/16912/667373/547253/109032/16913/236573/20821/66892/17069/54123/22778/17858/22169/667823/12774/327959/672511/14129/67776/230073/14991/67775/16068/14469/18854/22035/16362/21356/56045/50798/16186/69550/20846/19264/243771/12370/80861/17472/99899/56417/20296/12362/24110/209086/100038882/108670",0.557332238758646
"GSE13485_CTRL_VS_DAY7_YF17D_VACCINE_PBMC_DN","GSE13485_CTRL_VS_DAY7_YF17D_VACCINE_PBMC_DN",119,0.498872629909224,1.73920504676998,0.00010200209989154,0.0322900397469155,0.0322900397469155,5166,"tags=43%, list=25%, signal=32%","74519/209588/71939/23960/15061/246727/246728/231507/246730/21354/231655/19039/16912/667373/547253/109032/16913/16835/15366/17069/54123/17858/22169/667823/12774/17345/327959/672511/230073/68810/16169/67775/19362/12190/22035/24061/74735/12267/217845/69550/12258/20846/243771/80861/99899/56417/24110/209086/216799/100038882/108670",0.538434096309916
"GSE14415_NATURAL_TREG_VS_TCONV_DN","GSE14415_NATURAL_TREG_VS_TCONV_DN",99,0.507253146220177,1.73203455653173,0.000345768178418847,0.0699267428577659,0.0699267428577659,7177,"tags=72%, list=34%, signal=47%","12715/14945/14938/15378/16985/14939/74754/108000/15366/11799/68298/16571/233406/14229/12419/19361/17215/66570/17216/20133/209737/67629/21877/17218/12189/16906/71819/21973/12236/67103/15163/12428/12544/22137/16551/16881/14211/52033/18817/108961/17698/56150/20878/13032/66929/12442/229841/76464/17220/52276/54141/17217/235559/19366/12321/226519/72155/72119/17864/54124/12531/69270/58203/215387/109934/14793/12235/12649/16409/12534/20135",0.49849310876659
"FULLER_PBMC_F_TULARENSIS_VACCINE_LVS_AGE_22_54YO_336HR_DN","FULLER_PBMC_F_TULARENSIS_VACCINE_LVS_AGE_22_54YO_336HR_DN",17,0.719815665019898,1.73008780076236,0.00478620461243252,0.269356959577452,0.269356959577452,1592,"tags=35%, list=8%, signal=33%","16149/69165/12775/20299/54167/20297",0.407017918923954
"GSE9988_LPS_VS_LPS_AND_ANTI_TREM1_MONOCYTE_DN","GSE9988_LPS_VS_LPS_AND_ANTI_TREM1_MONOCYTE_DN",68,-0.55836458964212,-1.72241735246468,0.000864233013636132,0.112239492668385,0.112239492668385,4626,"tags=40%, list=22%, signal=31%","67916/74142/21807/11477/11605/13039/18145/52187/24056/20393/27279/11852/73834/13614/20893/83814/11910/13198/18787/12608/18227/14579/326623/19016/26415/20750/16956",0.477270815362862
"GSE15750_DAY6_VS_DAY10_TRAF6KO_EFF_CD8_TCELL_UP","GSE15750_DAY6_VS_DAY10_TRAF6KO_EFF_CD8_TCELL_UP",106,0.502872472659689,1.71537354923056,8.78864656640028e-05,0.0296763299058783,0.0296763299058783,5564,"tags=57%, list=27%, signal=42%","12477/13007/108000/18968/15366/70218/11799/23834/26909/68743/17865/19075/17345/208084/16571/17121/14229/26934/17219/19301/19348/12419/19361/18005/17215/19362/18973/66570/20133/20775/11804/67629/21877/20877/71819/21973/12236/12449/67103/67941/72151/12428/12544/22137/16881/70699/106795/14211/52033/18817/108961/56150/20878/16319/17279/66447/12442/229841/76464/54141",0.538434096309916
"HOEK_NEUTROPHIL_2011_2012_TIV_ADULT_7DY_DN","HOEK_NEUTROPHIL_2011_2012_TIV_ADULT_7DY_DN",25,0.655090922711051,1.7115117273283,0.00575972151956878,0.307084099964378,0.307084099964378,5166,"tags=68%, list=25%, signal=51%","626578/76074/23960/15061/246727/246728/246730/18413/236573/17069/22169/67775/12258/17472/99899/100038882/108670",0.407017918923954
"GSE7460_CD8_TCELL_VS_CD4_TCELL_ACT_UP","GSE7460_CD8_TCELL_VS_CD4_TCELL_ACT_UP",63,0.538611995022301,1.70405168789981,0.000907907514421837,0.112384109903535,0.112384109903535,3022,"tags=35%, list=14%, signal=30%","14945/12526/20304/626578/15978/12477/76074/14938/14103/12525/13195/434341/27007/80901/12766/14190/231507/22779/19039/236573/16408/12774",0.477270815362862
"GSE30962_PRIMARY_VS_SECONDARY_ACUTE_LCMV_INF_CD8_TCELL_UP","GSE30962_PRIMARY_VS_SECONDARY_ACUTE_LCMV_INF_CD8_TCELL_UP",106,0.497455007563038,1.69689376193672,0.000130634593162801,0.0377195037865146,0.0377195037865146,6868,"tags=67%, list=33%, signal=45%","16963/54167/15001/22779/22637/108000/70218/11799/23834/26909/68298/208084/16571/17121/14229/69716/19348/19361/18005/17215/18973/20133/14056/67629/21877/17218/12189/20877/76707/105988/71819/21973/69071/12236/15270/12449/12351/17992/72107/12704/12428/12544/22137/16881/13167/14211/108961/21917/66929/17279/16647/12442/229841/76464/54141/13813/19366/12282/110033/66197/20873/72155/22376/54124/69270/20460/18187/215387/14793/108907/12235",0.518848077743792
"NAKAYA_PBMC_FLUMIST_AGE_18_50YO_3DY_IFN_SUBSET_UP","NAKAYA_PBMC_FLUMIST_AGE_18_50YO_3DY_IFN_SUBSET_UP",27,0.638158465009135,1.69395034221568,0.0056448331858389,0.304160426449724,0.304160426449724,4985,"tags=59%, list=24%, signal=45%","12265/23960/246727/246728/246730/170744/16912/54123/17858/327959/22035/170743/12524/27056/20846/12362",0.407017918923954
"GSE22886_NAIVE_CD8_TCELL_VS_MONOCYTE_UP","GSE22886_NAIVE_CD8_TCELL_VS_MONOCYTE_UP",83,0.50903678955953,1.68967802960652,0.00060745305677262,0.0904926391927447,0.0904926391927447,4669,"tags=47%, list=22%, signal=37%","14945/12526/12481/16428/13482/58208/12501/16185/14938/12502/12525/27007/16818/18646/16842/69454/12766/12516/14939/12500/16994/16182/22637/110168/54215/12487/22256/19075/94214/14462/12503/226251/105445/14256/16206/56068/105727/16881/84544",0.477270815362862
"ZAK_PBMC_MRKAD5_HIV_1_GAG_POL_NEF_AGE_20_50YO_3DY_UP","ZAK_PBMC_MRKAD5_HIV_1_GAG_POL_NEF_AGE_20_50YO_3DY_UP",81,0.504970570243717,1.67865364026233,0.0022444066954037,0.186359342823275,0.186359342823275,5166,"tags=43%, list=25%, signal=33%","233079/209588/23960/15061/246727/246728/246730/21354/231655/19039/18439/667373/109032/20821/14747/17069/17858/22169/667823/327959/230073/20775/18854/22035/21897/12267/217845/12258/20846/243771/80861/99899/24110/209086/108670",0.431707695803346
"GSE9988_ANTI_TREM1_AND_LPS_VS_CTRL_TREATED_MONOCYTES_UP","GSE9988_ANTI_TREM1_AND_LPS_VS_CTRL_TREATED_MONOCYTES_UP",97,-0.521915842214894,-1.66947073624208,0.000522044071372103,0.0875736405173408,0.0875736405173408,5686,"tags=52%, list=27%, signal=38%","15200/23849/60533/14825/71844/20439/17254/26410/26556/12702/18712/74747/16153/15370/11605/230738/223775/18145/17873/18793/218952/13197/14630/15205/71839/20393/12795/12575/19252/13537/13614/20893/56708/16175/83430/83814/74155/240672/58801/18227/12985/14579/16193/326623/22113/112407/69065/19225/15937/11535",0.477270815362862
"GSE1432_1H_VS_24H_IFNG_MICROGLIA_DN","GSE1432_1H_VS_24H_IFNG_MICROGLIA_DN",98,0.486402527958114,1.66425707724755,0.000489316302324952,0.0875736405173408,0.0875736405173408,5035,"tags=39%, list=24%, signal=30%","14962/209588/14969/16149/15006/667277/12265/71939/50908/15061/17329/15930/21354/20343/16010/19039/16912/109032/16913/54123/667823/13433/14991/16169/16154/15013/14469/22035/14102/66307/16651/12258/20846/80861/99899/110639/257632/21355",0.477270815362862
"GSE37605_TREG_VS_TCONV_NOD_FOXP3_FUSION_GFP_UP","GSE37605_TREG_VS_TCONV_NOD_FOXP3_FUSION_GFP_UP",72,-0.541233955974087,-1.65929601948885,0.00175765871356962,0.168992399522494,0.168992399522494,4423,"tags=43%, list=21%, signal=34%","67603/15370/15936/20515/17133/218952/13197/20393/20620/13655/14284/19252/11504/13614/13654/17872/16175/11910/240672/18787/12608/18227/20339/12156/19225/12609/21930/15937/193740/171180/11535",0.45505986738723
"GSE6674_CPG_VS_CPG_AND_ANTI_IGM_STIM_BCELL_DN","GSE6674_CPG_VS_CPG_AND_ANTI_IGM_STIM_BCELL_DN",81,-0.524691013100847,-1.64301122874171,0.0021351783802515,0.185573459048698,0.185573459048698,6147,"tags=58%, list=29%, signal=41%","68098/14936/225028/18563/107817/15277/15200/27053/12700/19122/20856/11911/56454/64209/16410/18451/11855/17750/223775/21985/60406/209378/18030/228608/18578/17859/14284/76073/234734/12575/15251/56421/20893/16992/11910/74155/12228/13198/98952/14579/21942/228775/112407/69065/17988/20525/50527",0.431707695803346
"GSE1432_1H_VS_6H_IFNG_MICROGLIA_DN","GSE1432_1H_VS_6H_IFNG_MICROGLIA_DN",99,0.48073159629432,1.64147574717459,0.0013286869930329,0.140204158743993,0.140204158743993,5736,"tags=37%, list=27%, signal=27%","14962/209588/667277/12265/71939/50908/15061/17329/15930/21354/58205/16912/109032/16913/54123/17858/16169/18037/14469/22035/11891/66307/12258/20846/243771/17979/213827/99899/110639/56417/257632/17279/56501/11796/12984/15040/11655",0.45505986738723
"GSE42021_CD24HI_TREG_VS_CD24HI_TCONV_THYMUS_DN","GSE42021_CD24HI_TREG_VS_CD24HI_TCONV_THYMUS_DN",121,-0.495335996938203,-1.63751688838708,0.000682385744850121,0.0960078832684962,0.0960078832684962,5645,"tags=47%, list=27%, signal=35%","12642/21950/21353/14825/15519/54411/13382/18035/12192/26410/14609/16477/15982/12702/18712/16153/15370/15936/20515/18590/66681/17750/14866/17873/18793/12579/14115/20393/231207/12575/19252/17387/13537/19124/17130/20893/13636/22235/13654/17872/16175/15901/16992/74155/12228/17381/18166/18787/98952/20310/19225/15368/66402/15937/20524/18788/104069",0.477270815362862
"GSE2405_0H_VS_12H_A_PHAGOCYTOPHILUM_STIM_NEUTROPHIL_DN","GSE2405_0H_VS_12H_A_PHAGOCYTOPHILUM_STIM_NEUTROPHIL_DN",52,0.533342221677385,1.63513778536663,0.0067912433183173,0.334647810252066,0.334647810252066,5375,"tags=48%, list=26%, signal=36%","21743/268860/20276/11799/20315/242705/208628/110695/19075/233406/69716/54403/20133/217262/12236/56473/74018/12544/16881/19076/12021/14375/56150/17279/229841",0.407017918923954
"GSE45365_NK_CELL_VS_CD11B_DC_DN","GSE45365_NK_CELL_VS_CD11B_DC_DN",111,-0.501369970122272,-1.63279209081083,0.000601210368271821,0.0904926391927447,0.0904926391927447,5686,"tags=45%, list=27%, signal=33%","15200/13340/22038/12642/14825/12700/18035/20375/17254/75234/12631/216850/20354/16477/11501/21929/20971/18712/17112/20515/64292/66681/16878/21928/17133/18030/21857/18578/14284/19252/19288/14538/20303/240672/18787/12608/20310/14528/12985/15116/14313/20339/16193/16324/108078/57266/17395/15937/330122/20202",0.477270815362862
"GSE8835_HEALTHY_VS_CLL_CD8_TCELL_DN","GSE8835_HEALTHY_VS_CLL_CD8_TCELL_DN",74,-0.535268703888023,-1.63200475751866,0.00191948097245918,0.179533531614083,0.179533531614083,4095,"tags=42%, list=20%, signal=34%","64292/13179/106628/21928/13527/20311/13202/228608/232440/17872/17390/14538/74155/70186/12931/18452/11813/18787/67426/12985/12794/57349/112407/20568/17395/22339/17022/20511/50527/20617/22253",0.45505986738723
"FLETCHER_PBMC_BCG_10W_INFANT_PPD_STIMULATED_VS_UNSTIMULATED_10W_UP","FLETCHER_PBMC_BCG_10W_INFANT_PPD_STIMULATED_VS_UNSTIMULATED_10W_UP",63,-0.542556627440198,-1.63175949986641,0.00194952502246289,0.179533531614083,0.179533531614083,4417,"tags=49%, list=21%, signal=39%","18712/74747/13823/17750/209027/59027/17387/19288/21825/13614/14373/16175/16992/20303/240672/20704/21789/20310/12985/16193/21824/228775/22113/12709/69065/19225/21930/15937/20701/330122/18788",0.45505986738723
"GSE19888_ADENOSINE_A3R_INH_VS_ACT_WITH_INHIBITOR_PRETREATMENT_IN_MAST_CELL_UP","GSE19888_ADENOSINE_A3R_INH_VS_ACT_WITH_INHIBITOR_PRETREATMENT_IN_MAST_CELL_UP",109,0.472390693625802,1.6282952862029,0.000662948768132094,0.0959381574454016,0.0959381574454016,5127,"tags=48%, list=25%, signal=36%","56720/626578/209588/76074/27007/23960/15061/246727/246728/17329/14939/14190/15930/15018/246730/21354/231655/16912/667373/547253/109032/16913/236573/20821/17069/11815/54123/17858/22169/667823/20306/327959/672511/14129/230073/14991/67775/16068/14469/18854/22035/16362/56045/20846/243771/80861/17472/99899/56417/24110/209086/100038882",0.477270815362862
"GSE34205_RSV_VS_FLU_INF_INFANT_PBMC_UP","GSE34205_RSV_VS_FLU_INF_INFANT_PBMC_UP",60,-0.541697402029493,-1.62303040746882,0.00314839913264799,0.209824231669238,0.209824231669238,3491,"tags=33%, list=17%, signal=28%","14115/17859/67712/102857/74645/12177/13636/29864/12209/77015/16596/544763/20617/11656/20533/101488143/110351/14934/13828/19824",0.431707695803346
"VAN_DEN_BIGGELAAR_PBMC_PREVNAR_9MO_INFANT_STIMULATED_VS_UNSTIMULATED_9MO_UP","VAN_DEN_BIGGELAAR_PBMC_PREVNAR_9MO_INFANT_STIMULATED_VS_UNSTIMULATED_9MO_UP",64,0.509916163095135,1.62107204583009,0.00277332904422782,0.200670165843056,0.200670165843056,5427,"tags=66%, list=26%, signal=49%","626578/15978/16162/16184/76074/14938/16191/17329/14939/14190/16182/18413/108000/236573/11799/26909/68743/17345/16571/170439/233406/12530/69716/19361/21877/20877/105988/71819/21973/12236/12258/12704/12428/16551/17472/52033/18817/108961/17279/12442/229841/76464",0.431707695803346
"GSE15324_NAIVE_VS_ACTIVATED_CD8_TCELL_UP","GSE15324_NAIVE_VS_ACTIVATED_CD8_TCELL_UP",46,0.544471290737467,1.61605170402762,0.00631827047863758,0.325564245427795,0.325564245427795,3091,"tags=35%, list=15%, signal=30%","14945/20304/14960/12265/56460/21953/15001/246728/18175/12836/242653/14282/21673/22169/20306/327959",0.407017918923954
"ERWIN_COHEN_BLOOD_VACCINE_TC_83_AGE_23_48YO_VACCINATED_VS_CONTROL_7DY_UP","ERWIN_COHEN_BLOOD_VACCINE_TC_83_AGE_23_48YO_VACCINATED_VS_CONTROL_7DY_UP",57,0.522112244382725,1.61600758854295,0.00739075522318867,0.344163957842385,0.344163957842385,5166,"tags=51%, list=25%, signal=38%","71939/23960/15061/246727/246728/246730/231655/667373/547253/17069/54123/17858/22169/667823/327959/672511/230073/68810/67775/22035/74735/217845/12258/243771/99899/24110/209086/100038882/108670",0.407017918923954
"GSE9988_ANTI_TREM1_VS_VEHICLE_TREATED_MONOCYTES_UP","GSE9988_ANTI_TREM1_VS_VEHICLE_TREATED_MONOCYTES_UP",90,-0.50768812179381,-1.61460455525449,0.00144200273504586,0.149055997000149,0.149055997000149,4153,"tags=33%, list=20%, signal=27%","11605/13039/17937/14066/66290/18145/52187/24056/218952/20393/108143/12575/19252/13614/13654/83814/240672/12427/12608/20310/14579/17748/326623/19016/112407/69065/19225/20750/16956/319520",0.45505986738723
"GSE34006_A2AR_KO_VS_A2AR_AGONIST_TREATED_TREG_UP","GSE34006_A2AR_KO_VS_A2AR_AGONIST_TREATED_TREG_UP",111,0.466743753776546,1.60938311227355,0.00101600292242389,0.115586416103999,0.115586416103999,5127,"tags=41%, list=25%, signal=31%","626578/16428/76074/23960/246727/246728/15018/246730/21354/20343/231655/19039/16912/547253/14964/16913/236573/20821/54123/17858/22169/142688/14991/67775/19362/667977/14469/18854/22035/16362/170743/21356/66307/56045/69550/20846/243771/12370/80861/17472/99899/56417/68487/24110/100038882",0.45505986738723
"HOWARD_NEUTROPHIL_INACT_MONOV_INFLUENZA_A_INDONESIA_05_2005_H5N1_AGE_18_49YO_3DY_UP","HOWARD_NEUTROPHIL_INACT_MONOV_INFLUENZA_A_INDONESIA_05_2005_H5N1_AGE_18_49YO_3DY_UP",63,0.50809282881048,1.60749565651325,0.0025991170527355,0.200670165843056,0.200670165843056,5166,"tags=48%, list=25%, signal=36%","626578/76074/23960/15061/246727/246728/246730/231655/667373/547253/236573/17069/17858/22169/667823/327959/14129/67775/74735/56045/69550/12258/243771/80861/17472/99899/24110/209086/100038882/108670",0.431707695803346
"GSE9988_ANTI_TREM1_VS_LOW_LPS_MONOCYTE_UP","GSE9988_ANTI_TREM1_VS_LOW_LPS_MONOCYTE_UP",69,-0.524820228016423,-1.60677557678545,0.00295034106396572,0.204705171082005,0.204705171082005,6113,"tags=45%, list=29%, signal=32%","26889/93695/225028/170742/16172/16592/68198/27061/67916/74142/11477/13039/17750/66290/18145/52187/24056/65972/20393/21815/11852/73834/16598/11910/16854/12608/17748/326623/19016/20750/16956",0.431707695803346
"FULLER_PBMC_F_TULARENSIS_VACCINE_LVS_AGE_22_54YO_18HR_DN","FULLER_PBMC_F_TULARENSIS_VACCINE_LVS_AGE_22_54YO_18HR_DN",11,0.754426996380713,1.60624881692334,0.0138639575652373,0.501578179056619,0.501578179056619,1592,"tags=36%, list=8%, signal=34%","12773/12775/54167/20297",0.380730400722792
"PATEL_SKIN_OF_BODY_ZOSTAVAX_AGE_70_93YO_VZV_CHALLENGED_POST_VACCINATION_VS_UNCHALLENGED_72HR_TOP_30_DEG_UP","PATEL_SKIN_OF_BODY_ZOSTAVAX_AGE_70_93YO_VZV_CHALLENGED_POST_VACCINATION_VS_UNCHALLENGED_72HR_TOP_30_DEG_UP",18,0.664115128535426,1.60299425449534,0.0198721471407407,0.605220175859533,0.605220175859533,3179,"tags=72%, list=15%, signal=61%","12481/20304/16963/12477/14938/12525/17329/14939/15930/231507/20343/16408/14129",0.352487857583619
"GSE14415_INDUCED_TREG_VS_TCONV_UP","GSE14415_INDUCED_TREG_VS_TCONV_UP",110,0.469558255780261,1.60145571136721,0.000753512376090404,0.101918087560639,0.101918087560639,7767,"tags=60%, list=37%, signal=38%","14945/14939/15366/70218/11799/17069/19075/17345/17121/235293/69716/19361/19362/77782/209737/67629/20425/78733/20877/16852/74470/245688/66925/72151/72107/12428/12544/19076/12021/19183/13167/20111/52033/18817/56150/20878/66929/74237/12442/76464/17220/52276/54141/110033/50799/18102/72155/12237/12315/54124/12531/69270/58203/14793/12235/13178/12534/12974/20135/22123/140570/52530/21781/19384/107995/319178",0.477270815362862
"GSE3039_NKT_CELL_VS_B2_BCELL_DN","GSE3039_NKT_CELL_VS_B2_BCELL_DN",108,-0.492105206049588,-1.60062598200169,0.00090972329833069,0.112384109903535,0.112384109903535,5152,"tags=48%, list=25%, signal=36%","16828/12192/21991/11787/328365/11501/21929/59022/67603/20971/17112/18132/14066/17133/20698/18030/228608/66168/76073/108767/17319/13836/12575/27279/11674/76969/19124/13614/224530/20893/17390/23959/20303/13198/16854/12608/20310/14528/11846/228775/19225/20750/57266/11676/17988/21930/20525/14064/80879/319520/14990/68172",0.477270815362862
"GSE13485_DAY1_VS_DAY7_YF17D_VACCINE_PBMC_DN","GSE13485_DAY1_VS_DAY7_YF17D_VACCINE_PBMC_DN",108,0.469271837402542,1.59946211589876,0.00117475222301838,0.126598298076342,0.126598298076342,5166,"tags=44%, list=25%, signal=33%","209588/71939/23960/15061/246727/246728/231507/246730/21354/231655/19039/16912/667373/547253/109032/54123/17858/22169/667823/12774/327959/230073/330959/68810/67775/22035/170743/21897/71819/12267/217845/12258/72151/20846/243771/80861/99899/14211/56417/52033/12362/24110/209086/66495/20878/100038882/108670",0.45505986738723
"GSE21360_SECONDARY_VS_TERTIARY_MEMORY_CD8_TCELL_DN","GSE21360_SECONDARY_VS_TERTIARY_MEMORY_CD8_TCELL_DN",57,0.515988875863283,1.59705493975655,0.00851209458195048,0.372891167952839,0.372891167952839,5727,"tags=58%, list=27%, signal=42%","26411/12265/12766/13732/14747/23834/26909/68298/14744/17215/217262/14056/27280/21877/17218/16970/12236/19285/16881/76408/20148/106795/20111/26416/66929/71279/68428/104086/14104/17220/17260/107566/231997",0.380730400722792
"VAN_DEN_BIGGELAAR_PBMC_PREVNAR_9MO_INFANT_STIMULATED_VS_UNSTIMULATED_8MO_UP","VAN_DEN_BIGGELAAR_PBMC_PREVNAR_9MO_INFANT_STIMULATED_VS_UNSTIMULATED_8MO_UP",36,0.569792410113166,1.59608562039413,0.0120514113729843,0.469541527724351,0.469541527724351,5102,"tags=72%, list=24%, signal=55%","626578/15978/16162/76074/50908/14190/16182/18413/108000/236573/26909/170439/233406/69716/19361/18005/209737/20877/12236/12258/12704/12544/17472/52033/108961/20878",0.380730400722792
"GSE22313_HEALTHY_VS_SLE_MOUSE_CD4_TCELL_DN","GSE22313_HEALTHY_VS_SLE_MOUSE_CD4_TCELL_DN",80,0.478788484838547,1.59227604527126,0.00591787787303,0.309491039566205,0.309491039566205,5653,"tags=46%, list=27%, signal=34%","14119/20343/667373/16997/14747/11799/23834/667823/19075/17345/233406/12530/14744/17215/18973/20133/73341/22035/67196/16906/71819/12267/12428/12544/19076/106795/18817/140742/216799/66929/17279/16647/68428/12442/52276/17217/17260",0.407017918923954
"GSE42021_TREG_PLN_VS_CD24INT_TREG_THYMUS_UP","GSE42021_TREG_PLN_VS_CD24INT_TREG_THYMUS_UP",120,-0.479333461732624,-1.58834605421123,0.00102639505292407,0.115586416103999,0.115586416103999,5713,"tags=38%, list=27%, signal=28%","15277/21950/21353/14825/16599/15519/20823/13382/26410/75234/11502/14609/16477/15982/12702/18712/16153/15936/18590/64292/17750/21928/17873/18793/71982/12575/54598/65107/17387/15251/13537/11852/19124/20893/14726/16175/74155/17381/18166/18787/14528/19225/12609/14042/20524/18788",0.45505986738723
"GSE7831_1H_VS_4H_CPG_STIM_PDC_DN","GSE7831_1H_VS_4H_CPG_STIM_PDC_DN",71,0.493472092592357,1.58724389869156,0.0032821835900567,0.213131536969707,0.213131536969707,4669,"tags=41%, list=22%, signal=32%","16178/73340/12775/54167/231507/320495/14998/19217/16408/208084/17121/13040/14744/21915/14056/67629/20425/170743/26549/71819/15270/74470/12506/12373/12704/12544/12606/20148/84544",0.431707695803346
"GSE21063_WT_VS_NFATC1_KO_3H_ANTI_IGM_STIM_BCELL_DN","GSE21063_WT_VS_NFATC1_KO_3H_ANTI_IGM_STIM_BCELL_DN",100,0.460958843511205,1.58641462197345,0.00232840157631796,0.189605028991533,0.189605028991533,5035,"tags=40%, list=24%, signal=31%","20304/14733/626578/209588/16149/76074/27007/17329/14190/15566/21354/20295/58205/239273/16912/110959/16913/236573/20821/11898/142688/16169/17084/107527/16068/22035/16362/227960/14102/55991/21356/12266/56045/16186/243771/210293/17472/225845/12362/21355",0.431707695803346
"GSE36891_POLYIC_TLR3_VS_PAM_TLR2_STIM_PERITONEAL_MACROPHAGE_UP","GSE36891_POLYIC_TLR3_VS_PAM_TLR2_STIM_PERITONEAL_MACROPHAGE_UP",75,-0.510973414376291,-1.58191947365391,0.00489731572624531,0.272581364323434,0.272581364323434,4718,"tags=53%, list=23%, signal=41%","16477/21929/67603/20971/16153/15370/15936/74694/17750/16878/17133/18030/20393/12795/20620/14284/19252/13537/11852/11504/13614/20893/13654/16175/11910/240672/18787/58801/12608/20310/18227/14579/16193/12142/19225/12609/15937/193740/319520/330122",0.407017918923954
"GSE39110_DAY3_VS_DAY6_POST_IMMUNIZATION_CD8_TCELL_WITH_IL2_TREATMENT_UP","GSE39110_DAY3_VS_DAY6_POST_IMMUNIZATION_CD8_TCELL_WITH_IL2_TREATMENT_UP",102,0.465552601705887,1.58174419336546,0.00171497173354475,0.168992399522494,0.168992399522494,5179,"tags=47%, list=25%, signal=36%","14945/16178/12477/14938/23960/18566/246730/21354/19039/23834/26909/68298/68743/14114/12044/12774/208084/17121/233406/14229/12522/18005/14200/19362/20133/13058/18854/67629/30955/21877/16970/18016/16852/12236/12326/12428/12544/16551/22042/236266/56417/21858/18817/56150/20878/100038882/66929/17279",0.45505986738723
"GSE7218_IGM_VS_IGG_SIGNAL_THGOUGH_ANTIGEN_BCELL_DN","GSE7218_IGM_VS_IGG_SIGNAL_THGOUGH_ANTIGEN_BCELL_DN",101,0.462075343577508,1.58121284466774,0.00326774727775887,0.213131536969707,0.213131536969707,5471,"tags=49%, list=26%, signal=36%","12481/12776/20304/626578/16529/16184/16428/12265/76074/71939/54167/12525/434341/80901/16818/16842/12500/16994/58205/16182/22637/667373/547253/236573/66892/12487/67775/18037/16068/19734/22035/16161/21356/69550/12258/20846/243771/21936/80861/17472/99899/12257/225845/24110/108670/17532/11796/229445/13139",0.431707695803346
"GSE2405_HEAT_KILLED_LYSATE_VS_LIVE_A_PHAGOCYTOPHILUM_STIM_NEUTROPHIL_9H_DN","GSE2405_HEAT_KILLED_LYSATE_VS_LIVE_A_PHAGOCYTOPHILUM_STIM_NEUTROPHIL_9H_DN",68,0.495318366062367,1.57938442438845,0.00310017049428405,0.20936484738065,0.20936484738065,5412,"tags=46%, list=26%, signal=34%","12773/12526/14938/12525/54390/16818/18646/12500/20343/22637/110168/54215/68275/12530/73341/67252/30955/104009/12503/14256/209497/74734/15163/21955/73699/84544/14375/56338/71538/22145/14104",0.431707695803346
"SCHERER_PBMC_APSV_WETVAX_AGE_18_32YO_5_TO_7DY_DN","SCHERER_PBMC_APSV_WETVAX_AGE_18_32YO_5_TO_7DY_DN",75,0.485355442384486,1.57749547864645,0.00694735236858236,0.338349420642978,0.338349420642978,4661,"tags=33%, list=22%, signal=26%","14945/12526/12481/20304/12775/14938/12502/12525/16818/21336/14939/12500/16994/16182/22637/16197/17967/16173/94214/14462/226251/74734/105727/22137/20148",0.407017918923954
"GSE24634_TEFF_VS_TCONV_DAY7_IN_CULTURE_UP","GSE24634_TEFF_VS_TCONV_DAY7_IN_CULTURE_UP",126,0.451617912767834,1.57428696433206,0.000981459515590188,0.115586416103999,0.115586416103999,6915,"tags=55%, list=33%, signal=37%","12773/12481/12776/12477/16185/14938/22163/54167/12772/12766/108000/15366/208628/19075/16408/16571/16401/233406/26934/17219/69716/19301/19348/21915/19361/19362/66570/17216/14462/77782/209737/77579/20425/21877/11891/105988/12428/12544/16551/84544/78833/18817/17863/56150/20878/17279/53416/12442/229841/17220/52276/17217/19366/110033/66197/18969/269951/20873/21853/72119/211770/13653/12447/20460/215387/56224/108907/59031/229363",0.45505986738723
"GSE37532_WT_VS_PPARG_KO_LN_TCONV_UP","GSE37532_WT_VS_PPARG_KO_LN_TCONV_UP",65,0.492848716904447,1.57266325346369,0.0074064899121066,0.344163957842385,0.344163957842385,4813,"tags=37%, list=23%, signal=29%","16763/626578/245537/12477/76074/12502/320495/110168/236573/22781/12487/98314/16401/13040/21915/21897/13714/242248/11479/225115/210293/84544/17472/98682",0.407017918923954
"GSE6259_33D1_POS_DC_VS_CD4_TCELL_UP","GSE6259_33D1_POS_DC_VS_CD4_TCELL_UP",79,0.481923214462854,1.57214663052118,0.00217043710635769,0.185573459048698,0.185573459048698,6004,"tags=54%, list=29%, signal=39%","233079/13482/26411/16643/21953/27007/231507/16913/11799/14229/17219/18973/20133/209737/233908/14056/17218/11891/54608/16852/21973/56473/245688/72107/236915/16551/16881/208643/76884/225845/16407/11512/229841/76464/14083/17220/17685/18971/235559/19366/18986/105148/211673",0.431707695803346
"GSE3982_MEMORY_CD4_TCELL_VS_BCELL_UP","GSE3982_MEMORY_CD4_TCELL_VS_BCELL_UP",73,0.479689727107094,1.57201442475308,0.00680527629930165,0.334647810252066,0.334647810252066,3769,"tags=34%, list=18%, signal=28%","14945/12481/13009/16428/13482/226413/58208/12501/16185/12502/54167/16818/12500/77647/320495/22637/68507/20849/19217/12487/13433/11732/16154/14462/20133",0.407017918923954
"FULLER_PBMC_F_TULARENSIS_VACCINE_LVS_AGE_22_54YO_192HR_DN","FULLER_PBMC_F_TULARENSIS_VACCINE_LVS_AGE_22_54YO_192HR_DN",20,0.638026094686155,1.57141330100727,0.0272337364137079,0.720709653851575,0.720709653851575,5035,"tags=50%, list=24%, signal=38%","16149/69165/12775/54167/20297/20295/12522/14102/14130/21355",0.352487857583619
"GSE21546_UNSTIM_VS_ANTI_CD3_STIM_SAP1A_KO_AND_ELK1_KO_DP_THYMOCYTES_UP","GSE21546_UNSTIM_VS_ANTI_CD3_STIM_SAP1A_KO_AND_ELK1_KO_DP_THYMOCYTES_UP",74,0.487460843694314,1.56823209526732,0.00402319235995326,0.239734932978391,0.239734932978391,5127,"tags=42%, list=25%, signal=32%","74488/18383/18121/22163/23960/246727/12550/15018/246730/231655/19039/667373/547253/30924/109032/20821/14747/17069/54123/22169/672511/230073/18854/54608/217845/69550/20846/243771/56417/24110/100038882",0.407017918923954
"GSE36527_CD69_NEG_VS_POS_TREG_CD62L_LOS_KLRG1_NEG_UP","GSE36527_CD69_NEG_VS_POS_TREG_CD62L_LOS_KLRG1_NEG_UP",125,0.44291102988945,1.56805902367053,0.00157946506891073,0.159999811480657,0.159999811480657,5500,"tags=42%, list=26%, signal=31%","93735/626578/16424/76074/27007/23960/246728/14939/14190/246730/21354/16364/231655/19039/16912/547253/108000/16913/236573/20821/26909/54123/17858/22169/170439/142688/67775/14200/19362/14469/18854/22035/16362/170743/21356/66307/56045/17760/20846/243771/80861/17472/99899/56417/68487/24110/12051/100038882/108670/12366/19171/26377",0.45505986738723
"GSE42724_NAIVE_BCELL_VS_PLASMABLAST_UP","GSE42724_NAIVE_BCELL_VS_PLASMABLAST_UP",118,0.450608247308201,1.56563189687152,0.0021307069923426,0.185573459048698,0.185573459048698,5166,"tags=43%, list=25%, signal=33%","14962/15006/71939/434341/23960/15061/246727/246728/246730/21354/231655/16427/19039/16912/667373/547253/109032/20821/17069/54123/17858/22169/667823/327959/230073/14991/68810/16169/67775/15013/18854/22035/16362/17218/170459/15574/217845/69550/12258/20846/243771/80861/99899/68487/12362/24110/108961/209086/21355/100038882/108670",0.431707695803346
"FULLER_PBMC_F_TULARENSIS_VACCINE_LVS_AGE_22_54YO_48HR_DN","FULLER_PBMC_F_TULARENSIS_VACCINE_LVS_AGE_22_54YO_48HR_DN",10,0.745064377761133,1.56135457124334,0.0327500967982328,0.775136636836678,0.775136636836678,3338,"tags=50%, list=16%, signal=42%","12773/12775/54167/14129/12522",0.321775918075361
"HOEK_NEUTROPHIL_2011_2012_TIV_ADULT_1DY_UP","HOEK_NEUTROPHIL_2011_2012_TIV_ADULT_1DY_UP",21,0.613239139294955,1.55755900803517,0.0418158293619978,0.834743687128519,0.834743687128519,3091,"tags=57%, list=15%, signal=49%","626578/76074/23960/15061/246727/246728/246730/14999/58205/14998/236573/327959",0.321775918075361
"GSE41176_WT_VS_TAK1_KO_UNSTIM_BCELL_DN","GSE41176_WT_VS_TAK1_KO_UNSTIM_BCELL_DN",32,-0.579458244591136,-1.55523868188631,0.0209259667664235,0.605220175859533,0.605220175859533,1995,"tags=41%, list=10%, signal=37%","14748/17701/21942/26415/104158/59020/20745/20511/20510/11537/171180/19017/17897",0.352487857583619
"GSE5589_LPS_AND_IL10_VS_LPS_AND_IL6_STIM_IL6_KO_MACROPHAGE_45MIN_UP","GSE5589_LPS_AND_IL10_VS_LPS_AND_IL6_STIM_IL6_KO_MACROPHAGE_45MIN_UP",118,0.447454111096168,1.55467289580987,0.00270270119046252,0.200670165843056,0.200670165843056,5266,"tags=45%, list=25%, signal=34%","20304/626578/14960/17086/76074/56460/16160/434341/23960/246727/246728/14190/15018/246730/21354/16364/12443/71740/16912/547253/54215/14964/236573/94176/20306/12774/14129/230073/14991/14744/16169/12522/667977/23880/18854/22035/77579/170743/12524/56045/15451/243771/14130/24014/17472/20296/70827/12362/209086/100038882/13032/108670/12259",0.431707695803346
"GSE9988_ANTI_TREM1_AND_LPS_VS_VEHICLE_TREATED_MONOCYTES_UP","GSE9988_ANTI_TREM1_AND_LPS_VS_VEHICLE_TREATED_MONOCYTES_UP",94,-0.484952475926609,-1.55438345738477,0.00299767115849948,0.205178438078376,0.205178438078376,5635,"tags=46%, list=27%, signal=34%","60533/231070/27053/14825/20439/17254/26410/26556/67916/74747/16153/11605/230738/13039/223775/14066/18145/18793/218952/13197/14630/12795/108143/19252/13537/16175/83430/83814/240672/12427/58801/20310/14579/326623/19016/22113/112407/69065/19225/20750/15937/330122/11535",0.431707695803346
"GSE16450_CTRL_VS_IFNA_12H_STIM_IMMATURE_NEURON_CELL_LINE_DN","GSE16450_CTRL_VS_IFNA_12H_STIM_IMMATURE_NEURON_CELL_LINE_DN",66,-0.510023376137677,-1.55257735391287,0.00861367554797279,0.372891167952839,0.372891167952839,4555,"tags=42%, list=22%, signal=33%","13008/20971/18451/14751/52187/13197/13806/17859/107986/16322/14433/64058/11639/56421/17390/11910/12985/15116/21948/108078/15368/12176/11676/22339/20525/80879/11535/93721",0.380730400722792
"GSE36891_UNSTIM_VS_POLYIC_TLR3_STIM_PERITONEAL_MACROPHAGE_UP","GSE36891_UNSTIM_VS_POLYIC_TLR3_STIM_PERITONEAL_MACROPHAGE_UP",69,-0.507077776703485,-1.55245576226595,0.00642274511385074,0.325564245427795,0.325564245427795,4420,"tags=49%, list=21%, signal=39%","20971/15370/15936/16878/21928/17133/75751/18030/12795/20620/13655/14284/19124/11504/13614/13654/17872/11910/54634/240672/18787/58801/11839/12608/20310/18227/16193/19225/12609/21930/15937/193740/319520/330122",0.407017918923954
"GSE17186_MEMORY_VS_CD21HIGH_TRANSITIONAL_BCELL_DN","GSE17186_MEMORY_VS_CD21HIGH_TRANSITIONAL_BCELL_DN",108,0.455227972719166,1.5515951276597,0.00266473046188215,0.200670165843056,0.200670165843056,5333,"tags=38%, list=26%, signal=28%","54139/16763/626578/13482/16149/16963/12775/76074/14103/16985/13007/21354/22637/54215/16913/236573/20849/68275/20491/16197/12522/14200/23880/16068/98386/16970/71819/16186/20846/18707/84544/17472/225845/17863/13822/140742/71683/108670/71279/66395/21938",0.431707695803346
"GSE40068_BCL6_POS_VS_NEG_CXCR5_POS_TFH_UP","GSE40068_BCL6_POS_VS_NEG_CXCR5_POS_TFH_UP",79,0.47555801747562,1.55138186406925,0.00274537980839662,0.200670165843056,0.200670165843056,5179,"tags=43%, list=25%, signal=32%","14945/16162/22634/18566/16364/19039/16182/14191/26909/68298/63913/12774/208084/327959/17121/233406/19301/19348/12419/67775/14200/19362/77782/18854/67629/18016/12236/12449/12544/80861/68487/66929/13603/17279",0.431707695803346
"GSE16522_MEMORY_VS_NAIVE_ANTI_CD3CD28_STIM_CD8_TCELL_DN","GSE16522_MEMORY_VS_NAIVE_ANTI_CD3CD28_STIM_CD8_TCELL_DN",111,0.449076896847323,1.54846587244165,0.00235836462516615,0.189605028991533,0.189605028991533,4582,"tags=36%, list=22%, signal=28%","12526/12481/626578/16178/26411/11472/16149/58208/76074/67182/22163/14103/12525/23960/15001/15018/18566/13007/246730/19039/16912/667373/54215/14998/236573/54123/672511/13040/14991/16068/14469/16362/12503/16161/12524/56045/16186/217845/20846/21936",0.431707695803346
"SOBOLEV_PBMC_PANDEMRIX_AGE_18_64YO_1DY_UP","SOBOLEV_PBMC_PANDEMRIX_AGE_18_64YO_1DY_UP",16,0.647380042067454,1.54494605932217,0.027294661998526,0.720709653851575,0.720709653851575,6131,"tags=75%, list=29%, signal=53%","14969/21354/170744/54123/16362/170743/12524/21897/20846/257632/21939/21899",0.352487857583619
"GSE21670_UNTREATED_VS_TGFB_IL6_TREATED_STAT3_KO_CD4_TCELL_DN","GSE21670_UNTREATED_VS_TGFB_IL6_TREATED_STAT3_KO_CD4_TCELL_DN",65,0.483328777316711,1.54228545465585,0.00985671681997482,0.412597278455971,0.412597278455971,5308,"tags=37%, list=25%, signal=28%","12526/12481/74117/13482/12502/16818/12516/15018/224674/77891/20849/22778/16408/18037/23880/98386/14256/16186/59026/171207/100604/17698/16407/66395",0.380730400722792
"GSE33424_CD161_INT_VS_NEG_CD8_TCELL_UP","GSE33424_CD161_INT_VS_NEG_CD8_TCELL_UP",117,0.452799779149899,1.54121776673052,0.0010269276850306,0.115586416103999,0.115586416103999,5166,"tags=43%, list=25%, signal=32%","626578/13482/76074/434341/23960/15061/246727/246728/231507/246730/231655/19039/667373/547253/236573/20821/54123/17858/22169/667823/327959/672511/142688/230073/14744/17084/67775/13058/14469/18854/22035/16362/170743/16161/12524/21356/56045/20846/243771/24014/80861/17472/99899/68487/24110/209086/210106/100038882/71683/108670",0.45505986738723
"GSE6875_WT_VS_FOXP3_KO_TREG_DN","GSE6875_WT_VS_FOXP3_KO_TREG_DN",65,0.482725514381774,1.54036046344168,0.0101908393172796,0.412932809136171,0.412932809136171,5248,"tags=43%, list=25%, signal=32%","626578/16529/381417/76074/16643/23960/230103/246730/269346/22637/13405/68507/236573/11799/68298/13058/227960/20877/21973/12449/20148/17472/52033/232232/108670/16419/22401/13555",0.380730400722792
"GSE39820_CTRL_VS_IL1B_IL6_CD4_TCELL_DN","GSE39820_CTRL_VS_IL1B_IL6_CD4_TCELL_DN",69,-0.502687394089609,-1.53901428425093,0.00771488120131775,0.352034894456526,0.352034894456526,4962,"tags=45%, list=24%, signal=34%","58233/14609/12368/75785/21929/12702/18412/70925/17112/271457/67089/14773/17750/228608/21857/11658/26399/17859/13654/17872/14726/27362/18787/14579/17748/16400/12142/112407/193740/77125/105349",0.407017918923954
"HOWARD_NEUTROPHIL_INACT_MONOV_INFLUENZA_A_INDONESIA_05_2005_H5N1_AGE_18_49YO_1DY_UP","HOWARD_NEUTROPHIL_INACT_MONOV_INFLUENZA_A_INDONESIA_05_2005_H5N1_AGE_18_49YO_1DY_UP",182,0.416723267983665,1.53765624914002,0.000492830751741371,0.0875736405173408,0.0875736405173408,5166,"tags=40%, list=25%, signal=30%","626578/243864/209588/14969/16149/12265/76074/71939/434341/23960/15061/246727/246728/12516/15930/246730/21354/14999/58205/231655/15002/16182/16912/667373/547253/14998/16913/236573/20821/23827/22781/17069/54123/12286/17858/22169/667823/327959/672511/14129/230073/14744/16169/67775/53314/14469/18854/14056/12190/16362/16161/14256/14367/56045/23845/74734/12267/69550/12258/17242/20846/243771/70699/80861/17472/99899/17355/257632/209086/21355/100038882/71683/108670",0.477270815362862
"GSE15659_RESTING_VS_ACTIVATED_TREG_UP","GSE15659_RESTING_VS_ACTIVATED_TREG_UP",40,0.528326624753746,1.53756940935779,0.0165605102731606,0.562163040051881,0.562163040051881,1931,"tags=22%, list=9%, signal=20%","14168/74519/12526/13123/170442/20927/12501/12804/12516",0.352487857583619
"GSE36527_CD62L_HIGH_VS_CD62L_LOW_TREG_CD69_NEG_KLRG1_NEG_UP","GSE36527_CD62L_HIGH_VS_CD62L_LOW_TREG_CD69_NEG_KLRG1_NEG_UP",102,0.452446106137152,1.53721405179766,0.00348640646739066,0.22352719945992,0.22352719945992,5717,"tags=47%, list=27%, signal=34%","18741/16491/12501/246728/14939/14190/19139/21354/231655/15002/547253/109032/20821/16882/54123/16401/142688/74438/67775/19362/16154/11797/18854/67967/74145/16362/14102/11891/24061/21356/66307/74734/72151/20846/243771/80861/59026/56213/24110/100038882/11840/21938/12366/56336/57913/15040/235559/218210",0.431707695803346
"GSE45365_NK_CELL_VS_CD11B_DC_MCMV_INFECTION_DN","GSE45365_NK_CELL_VS_CD11B_DC_MCMV_INFECTION_DN",78,0.463784752498879,1.534913084578,0.00452743045588106,0.260584491579972,0.260584491579972,7007,"tags=49%, list=34%, signal=32%","54426/66058/16643/12772/17954/19309/15001/16818/246728/16010/21673/16182/14998/13732/22341/16408/21961/11891/384009/210293/24014/14775/20111/14375/56338/71279/229445/56437/14127/16443/18105/56743/13011/23986/15979/11652/67460/67863",0.407017918923954
"GSE29618_LAIV_VS_TIV_FLU_VACCINE_DAY7_BCELL_UP","GSE29618_LAIV_VS_TIV_FLU_VACCINE_DAY7_BCELL_UP",53,0.498426697730173,1.53309419068265,0.0130066995804815,0.487992099075103,0.487992099075103,3379,"tags=38%, list=16%, signal=32%","16426/12391/18113/16780/80796/21908/381417/245537/16191/17954/269346/12843/16010/110168/23827/23834/22362/170439/54403/19361",0.380730400722792
"GSE3039_NKT_CELL_VS_ALPHAALPHA_CD8_TCELL_UP","GSE3039_NKT_CELL_VS_ALPHAALPHA_CD8_TCELL_UP",78,-0.487967412637943,-1.52942559905377,0.00517370743016303,0.282124542257317,0.282124542257317,4991,"tags=44%, list=24%, signal=33%","12331/14089/12368/18792/13685/67603/18712/665563/66270/56217/20698/20311/228608/11658/12795/231207/14284/13836/12452/232440/14373/20310/50501/26415/20568/21930/20525/15937/14064/117167/18654/330122/20202/11847",0.407017918923954
"GSE25123_CTRL_VS_IL4_AND_ROSIGLITAZONE_STIM_PPARG_KO_MACROPHAGE_DN","GSE25123_CTRL_VS_IL4_AND_ROSIGLITAZONE_STIM_PPARG_KO_MACROPHAGE_DN",50,0.499707749060374,1.52843747753178,0.00795085757654715,0.356381359515145,0.356381359515145,2632,"tags=26%, list=13%, signal=23%","54139/12335/626578/21957/11522/58208/76074/20343/231655/15002/235320/110168/236573",0.380730400722792
"GSE8384_CTRL_VS_B_ABORTUS_4H_MAC_CELL_LINE_DN","GSE8384_CTRL_VS_B_ABORTUS_4H_MAC_CELL_LINE_DN",115,-0.466851815344573,-1.52750533530362,0.00291792761646836,0.204705171082005,0.204705171082005,4665,"tags=36%, list=22%, signal=28%","12702/13350/18412/18712/20515/18626/75007/17750/21941/223775/14066/17873/52187/18793/13197/12575/54598/19252/21844/20229/13537/19124/21924/16175/20303/13198/18787/56734/20310/12985/17748/21942/19225/217837/17395/22339/15937/20524/16165/17897/18788",0.431707695803346
"GSE36476_CTRL_VS_TSST_ACT_40H_MEMORY_CD4_TCELL_YOUNG_DN","GSE36476_CTRL_VS_TSST_ACT_40H_MEMORY_CD4_TCELL_YOUNG_DN",129,0.432728111744227,1.52652167563493,0.00273443235582268,0.200670165843056,0.200670165843056,6199,"tags=47%, list=30%, signal=33%","16529/16162/16184/16178/20299/12477/53626/20295/16364/74754/18968/15366/70218/16882/11799/26357/17345/16571/26934/69716/19301/19348/21915/19361/53314/66570/17216/80914/12190/27221/20425/21877/17218/12189/24061/20877/105988/71819/21973/53381/12544/16551/16881/78833/68487/12442/229841/17220/52276/54141/381319/17217/110809/19366/11655/16177/66197/18969/76614/18102",0.431707695803346
"GSE9988_ANTI_TREM1_VS_LPS_MONOCYTE_UP","GSE9988_ANTI_TREM1_VS_LPS_MONOCYTE_UP",71,-0.487091811803359,-1.52464900378027,0.0137068748339327,0.501578179056619,0.501578179056619,5289,"tags=35%, list=25%, signal=26%","16172/68198/27061/67916/74142/11477/13039/66290/18145/52187/24056/65972/20393/21815/27279/11852/16598/11910/16854/12608/17748/326623/19016/20750/16956",0.380730400722792
"GSE3720_UNSTIM_VS_PMA_STIM_VD1_GAMMADELTA_TCELL_DN","GSE3720_UNSTIM_VS_PMA_STIM_VD1_GAMMADELTA_TCELL_DN",37,-0.563058360584686,-1.52402835479099,0.0214047612514757,0.609073683925417,0.609073683925417,4086,"tags=32%, list=20%, signal=26%","71914/12064/53412/14726/20255/77037/20310/16523/18654/171180/330122/103964",0.352487857583619
"GSE22589_SIV_VS_HIV_AND_SIV_INFECTED_DC_DN","GSE22589_SIV_VS_HIV_AND_SIV_INFECTED_DC_DN",47,-0.529857281574879,-1.52307080995215,0.0129304932381564,0.487992099075103,0.487992099075103,2513,"tags=32%, list=12%, signal=28%","12228/77015/16596/76257/12985/17701/74134/26458/56173/50905/17681/19357/20273/101488143/17287",0.380730400722792
"GSE42021_TREG_PLN_VS_CD24INT_TREG_THYMUS_DN","GSE42021_TREG_PLN_VS_CD24INT_TREG_THYMUS_DN",137,0.428007705075007,1.52183454340109,0.00176833113024525,0.168992399522494,0.168992399522494,5135,"tags=40%, list=25%, signal=30%","12776/14962/209588/16149/15006/667277/71939/50908/23960/15061/246727/246728/15930/15018/246730/21354/231655/19039/16912/667373/14964/109032/16913/13733/20821/17069/17858/13040/230073/14991/67775/15013/667977/14469/18854/16362/14102/55991/21356/14256/74735/12266/56045/217845/69550/12258/20846/243771/12370/99899/56417/12362/21355/100038882/13032",0.45505986738723
"GSE22342_CD11C_HIGH_VS_LOW_DECIDUAL_MACROPHAGES_DN","GSE22342_CD11C_HIGH_VS_LOW_DECIDUAL_MACROPHAGES_DN",42,0.517398158363166,1.52093403875914,0.0226837691328944,0.638296059211722,0.638296059211722,913,"tags=21%, list=4%, signal=21%","21743/16665/21393/17901/16162/404634/53318/14960/74488",0.352487857583619
"QI_PBMC_ZOSTAVAX_AGE_50_75YO_CORRELATED_WITH_T_CELL_RESPONSES_EXPANSION_AND_CONTRACTION_1D_NOT_INFORMATIVE_OF_LONG_TERM_RESPONSES_POSITIVE","QI_PBMC_ZOSTAVAX_AGE_50_75YO_CORRELATED_WITH_T_CELL_RESPONSES_EXPANSION_AND_CONTRACTION_1D_NOT_INFORMATIVE_OF_LONG_TERM_RESPONSES_POSITIVE",12,0.680823993790418,1.51947080799607,0.0353821118720025,0.807254038881499,0.807254038881499,3228,"tags=42%, list=15%, signal=35%","20304/12772/15018/20343/14991",0.321775918075361
"GSE42021_CD24INT_VS_CD24LOW_TREG_THYMUS_DN","GSE42021_CD24INT_VS_CD24LOW_TREG_THYMUS_DN",95,0.453547606188638,1.51926191506655,0.00371178877200129,0.22650855578538,0.22650855578538,5127,"tags=44%, list=25%, signal=34%","12481/20304/14962/21957/15006/58208/23960/15061/246727/246728/12550/246730/231655/110168/667373/109032/20821/17069/54123/17858/667823/327959/230073/14991/67775/15013/18854/22035/14102/74735/20363/217845/69550/12258/12903/243771/381022/99899/65970/56417/24110/100038882",0.431707695803346
"GSE37532_VISCERAL_ADIPOSE_TISSUE_VS_LN_DERIVED_TCONV_CD4_TCELL_DN","GSE37532_VISCERAL_ADIPOSE_TISSUE_VS_LN_DERIVED_TCONV_CD4_TCELL_DN",12,-0.704265779356556,-1.51755872377176,0.0376606951322098,0.829985403898994,0.829985403898994,3851,"tags=58%, list=18%, signal=48%","13527/21924/97243/12740/16531/12686/230558",0.321775918075361
"GSE2128_C57BL6_VS_NOD_THYMOCYTE_MIMETOPE_NEGATIVE_SELECTION_UP","GSE2128_C57BL6_VS_NOD_THYMOCYTE_MIMETOPE_NEGATIVE_SELECTION_UP",53,-0.51756750372318,-1.51732855781967,0.0169169117355532,0.567444754573358,0.567444754573358,2142,"tags=28%, list=10%, signal=25%","16596/16009/20649/20339/16621/59083/50905/14417/56183/13874/14077/12686/110351/77125/105349",0.352487857583619
"GSE7218_UNSTIM_VS_ANTIGEN_STIM_THROUGH_IGG_BCELL_DN","GSE7218_UNSTIM_VS_ANTIGEN_STIM_THROUGH_IGG_BCELL_DN",87,0.463361923060425,1.51282935488233,0.00518017422111164,0.282124542257317,0.282124542257317,3002,"tags=29%, list=14%, signal=25%","14945/12481/12776/16529/16184/16428/16149/12775/16185/71939/54167/434341/80901/16818/18646/246727/16842/16985/12500/58205/22637/21838/20849/11815/16408",0.407017918923954
"GSE37533_PPARG2_FOXP3_VS_FOXP3_TRANSDUCED_CD4_TCELL_DN","GSE37533_PPARG2_FOXP3_VS_FOXP3_TRANSDUCED_CD4_TCELL_DN",126,0.432993383997549,1.50936404601779,0.00264025206077039,0.200670165843056,0.200670165843056,5127,"tags=36%, list=25%, signal=27%","74519/209588/15006/667277/71939/23960/15061/246727/246728/15930/15018/246730/21354/231655/16912/667373/14964/109032/16913/16367/20821/17069/54123/17858/327959/16196/230073/14991/16169/67775/15013/667977/18854/16362/74735/56045/20846/243771/80861/99899/56417/12362/24110/21355/100038882",0.431707695803346
"GSE45365_BCELL_VS_CD8_TCELL_DN","GSE45365_BCELL_VS_CD8_TCELL_DN",46,-0.521903871350618,-1.50666204297502,0.0267726391469712,0.717478398303752,0.717478398303752,3985,"tags=39%, list=19%, signal=32%","12554/14066/15376/18952/60596/14219/232174/15512/12062/57349/16621/14675/12263/77411/16008/13874/12353/68172",0.352487857583619
"GSE16385_UNTREATED_VS_12H_ROSIGLITAZONE_TREATED_MACROPHAGE_UP","GSE16385_UNTREATED_VS_12H_ROSIGLITAZONE_TREATED_MACROPHAGE_UP",27,-0.592383982273193,-1.50665371205866,0.0211498462245088,0.605220175859533,0.605220175859533,3213,"tags=56%, list=15%, signal=47%","27404/15112/12865/16175/27273/15235/19065/11832/50501/59020/14064/20510/20264/69574/16669",0.352487857583619
"GSE34205_HEALTHY_VS_RSV_INF_INFANT_PBMC_DN","GSE34205_HEALTHY_VS_RSV_INF_INFANT_PBMC_DN",105,-0.464431470571552,-1.50597453747631,0.00363352234211838,0.22650855578538,0.22650855578538,2142,"tags=15%, list=10%, signal=14%","16596/50878/11846/544763/20568/17395/20617/11656/20202/20533/11535/101488143/110351/14934/13828/57264",0.431707695803346
"FULLER_PBMC_F_TULARENSIS_VACCINE_LVS_AGE_22_54YO_18HR_TO_48HR_EARLY_DN","FULLER_PBMC_F_TULARENSIS_VACCINE_LVS_AGE_22_54YO_18HR_TO_48HR_EARLY_DN",22,0.578583461909369,1.5042036887385,0.0475318129206434,0.859816544439495,0.859816544439495,2803,"tags=36%, list=13%, signal=32%","20304/12501/12502/14103/27007/12500/22637/12487",0.321775918075361
"GSE11057_EFF_MEM_VS_CENT_MEM_CD4_TCELL_DN","GSE11057_EFF_MEM_VS_CENT_MEM_CD4_TCELL_DN",56,0.478651922230218,1.50364975116275,0.0202178426479733,0.605220175859533,0.605220175859533,3241,"tags=27%, list=16%, signal=23%","16665/18121/54167/16160/16842/12516/12550/231507/22779/20343/16364/320495/68298/12044/14357",0.352487857583619
"GSE21774_CD56_BRIGHT_VS_DIM_CD62L_POSITIVE_NK_CELL_DN","GSE21774_CD56_BRIGHT_VS_DIM_CD62L_POSITIVE_NK_CELL_DN",64,-0.494035306408682,-1.50271764003251,0.0208142945726532,0.605220175859533,0.605220175859533,5955,"tags=39%, list=29%, signal=28%","12896/20498/170750/20454/66583/192657/22275/20528/70335/14381/233016/14630/13857/74645/23945/26358/77037/70026/16596/20739/16773/20617/11519/107869/23925",0.352487857583619
"GSE21379_WT_VS_SAP_KO_TFH_CD4_TCELL_DN","GSE21379_WT_VS_SAP_KO_TFH_CD4_TCELL_DN",68,0.471114565114041,1.50220758450529,0.00651392976842937,0.326663903733612,0.326663903733612,4900,"tags=40%, list=23%, signal=30%","20304/626578/14969/13482/14960/76074/15378/231507/20343/16994/231655/15002/235320/71740/667373/236573/16882/22778/380684/67775/18854/12524/27056/21936/17472/99899/21858",0.407017918923954
"GSE42021_TCONV_PLN_VS_TREG_PRECURSORS_THYMUS_DN","GSE42021_TCONV_PLN_VS_TREG_PRECURSORS_THYMUS_DN",123,-0.454445073231233,-1.50057371914616,0.00219830356227481,0.185573459048698,0.185573459048698,5713,"tags=37%, list=27%, signal=27%","15277/21950/21353/14825/16599/15519/104263/13382/26410/75234/11502/16477/15982/12702/64209/18712/16153/15936/18590/64292/17937/21928/18793/71982/12575/19252/17387/15251/11852/19124/20893/14726/16175/15901/74155/17381/18787/12608/14748/14528/57875/19225/12349/12609/14042/18788",0.431707695803346
"GSE46606_UNSTIM_VS_CD40L_IL2_IL5_1DAY_STIMULATED_IRF4HIGH_SORTED_BCELL_DN","GSE46606_UNSTIM_VS_CD40L_IL2_IL5_1DAY_STIMULATED_IRF4HIGH_SORTED_BCELL_DN",106,-0.463777232227979,-1.50028715356544,0.00356335192451342,0.225604718720756,0.225604718720756,5161,"tags=41%, list=25%, signal=31%","18035/12192/26410/216850/16784/15258/15982/21929/12702/60525/14782/230738/223775/16878/21928/17133/22294/13197/18578/13836/12575/17684/19252/21815/13537/12767/17872/56708/16992/74155/20303/240672/11839/20310/14579/16193/12142/19225/16008/15937/11535/11847/18788",0.431707695803346
"GSE33424_CD161_HIGH_VS_NEG_CD8_TCELL_DN","GSE33424_CD161_HIGH_VS_NEG_CD8_TCELL_DN",111,0.435027755604856,1.5000229088784,0.00476491371412653,0.269356959577452,0.269356959577452,4136,"tags=35%, list=20%, signal=28%","14168/12526/16780/13349/16428/11472/19659/11522/12501/12614/12502/12525/13195/54390/16818/15018/12843/12500/22637/21838/20849/11799/12487/68743/14114/17865/170439/233406/26934/16197/16792/19361/17216/14462/11790/14056/12189/14102/21973",0.407017918923954
"GSE30971_CTRL_VS_LPS_STIM_MACROPHAGE_WBP7_HET_2H_UP","GSE30971_CTRL_VS_LPS_STIM_MACROPHAGE_WBP7_HET_2H_UP",93,-0.467413056257357,-1.49999820837413,0.00709018601222403,0.340942599225212,0.340942599225212,4665,"tags=41%, list=22%, signal=32%","12702/18792/268903/229055/67117/13388/20515/230738/64292/18003/13039/26419/14066/106628/18145/18793/24056/18578/16518/67712/320910/11639/19124/14373/16175/20303/21942/16193/326623/22113/19225/21930/20511/15937/14064/117167/103149/18788",0.407017918923954
"GSE42021_TREG_VS_TCONV_PLN_UP","GSE42021_TREG_VS_TCONV_PLN_UP",140,0.42064372795136,1.49973443232121,0.00283893818104273,0.202524251929316,0.202524251929316,5127,"tags=39%, list=25%, signal=30%","14962/209588/15006/667277/71939/50908/23960/15061/246727/246728/15930/15018/246730/21354/231655/19039/16912/667373/14964/109032/16913/16835/20821/54123/17858/667823/327959/13040/230073/14991/67775/15013/667977/14469/18854/22035/16362/14102/11891/55991/21356/74735/56045/217845/69550/12258/20846/243771/99899/56417/20296/68487/24110/21355/100038882",0.431707695803346
"GSE19888_ADENOSINE_A3R_INH_VS_ACT_WITH_INHIBITOR_PRETREATMENT_IN_MAST_CELL_DN","GSE19888_ADENOSINE_A3R_INH_VS_ACT_WITH_INHIBITOR_PRETREATMENT_IN_MAST_CELL_DN",59,0.478808656272291,1.49934126269765,0.0193793146118822,0.605220175859533,0.605220175859533,1913,"tags=19%, list=9%, signal=17%","12715/21743/53311/19293/232370/13346/21953/19309/59011/11806/11474",0.352487857583619
"GSE19198_CTRL_VS_IL21_TREATED_TCELL_1H_DN","GSE19198_CTRL_VS_IL21_TREATED_TCELL_1H_DN",79,-0.472955263924578,-1.49693392568315,0.00855266725614716,0.372891167952839,0.372891167952839,5965,"tags=43%, list=29%, signal=31%","65112/19662/66383/17131/20482/192657/16976/19043/14571/18035/328365/74185/11861/16410/26432/12226/11974/18793/66168/218397/15205/71982/19252/72157/20229/17390/11813/18787/12608/20649/14313/171531/108078/105349",0.380730400722792
"GSE37605_C57BL6_VS_NOD_FOXP3_FUSION_GFP_TREG_UP","GSE37605_C57BL6_VS_NOD_FOXP3_FUSION_GFP_TREG_UP",17,-0.648193380399221,-1.49344784846604,0.0313411617663288,0.759535810270121,0.759535810270121,3017,"tags=41%, list=14%, signal=35%","11639/329941/432530/108078/11516/16370/93721",0.321775918075361
"GSE21927_SPLEEN_C57BL6_VS_4T1_TUMOR_BALBC_MONOCYTES_DN","GSE21927_SPLEEN_C57BL6_VS_4T1_TUMOR_BALBC_MONOCYTES_DN",102,0.438864179761112,1.4910686042128,0.00592707420294608,0.309491039566205,0.309491039566205,5127,"tags=34%, list=25%, signal=26%","243864/16491/71939/23960/15061/246727/246728/15018/246730/231655/19039/224674/667373/109032/16913/20821/17069/54123/17858/667823/327959/230073/14991/67775/18854/74735/69550/243771/80861/99899/56417/70827/68487/24110/100038882",0.407017918923954
"GSE7596_AKT_TRANSD_VS_CTRL_CD4_TCONV_WITH_TGFB_UP","GSE7596_AKT_TRANSD_VS_CTRL_CD4_TCONV_WITH_TGFB_UP",53,0.482795440751641,1.48501452445291,0.0199567329096975,0.605220175859533,0.605220175859533,4136,"tags=30%, list=20%, signal=24%","11459/74117/381417/54167/22779/269346/15366/110052/23880/13058/11804/22035/16362/21877/105988/21973",0.352487857583619
"GSE9988_LOW_LPS_VS_CTRL_TREATED_MONOCYTE_UP","GSE9988_LOW_LPS_VS_CTRL_TREATED_MONOCYTE_UP",114,-0.446775111594089,-1.48382359860883,0.00642772449018351,0.325564245427795,0.325564245427795,4667,"tags=41%, list=22%, signal=32%","21929/12702/20971/74747/16153/15370/230738/223775/14066/106628/17133/21985/17873/18793/13197/18578/15205/12795/13655/19252/13537/19288/13614/17872/56708/14373/16175/83430/83814/74155/20303/240672/12228/11839/20310/18227/14528/12985/15116/16193/22113/19225/21930/15937/13874/330122/11535",0.407017918923954
"GSE13522_WT_VS_IFNAR_KO_SKIN_UP","GSE13522_WT_VS_IFNAR_KO_SKIN_UP",76,0.460454040520785,1.48187078153771,0.00937794743910091,0.395827531492051,0.395827531492051,4152,"tags=32%, list=20%, signal=25%","14168/20304/14969/381417/16428/14960/11472/11522/16643/14103/18646/269346/15002/21673/12443/23827/68011/50723/11732/12227/13058/11891/71819/110446",0.380730400722792
"GSE37533_PPARG1_FOXP3_VS_FOXP3_TRANSDUCED_CD4_TCELL_DN","GSE37533_PPARG1_FOXP3_VS_FOXP3_TRANSDUCED_CD4_TCELL_DN",127,0.419122034943266,1.48010940997528,0.00407612265820116,0.24006466585801,0.24006466585801,5127,"tags=37%, list=25%, signal=28%","209588/15006/71939/23960/15061/246727/246728/15930/15018/246730/21354/231655/16912/667373/14964/109032/16913/20821/22341/17069/54123/17858/327959/230073/14991/16169/67775/15013/667977/14469/18854/22035/16362/74735/56045/217845/69550/20846/243771/80861/99899/56417/68487/12362/24110/21355/100038882",0.407017918923954
"GSE6259_FLT3L_INDUCED_DEC205_POS_DC_VS_CD8_TCELL_DN","GSE6259_FLT3L_INDUCED_DEC205_POS_DC_VS_CD8_TCELL_DN",93,0.440279772641134,1.47825405910553,0.0072025386213421,0.340942599225212,0.340942599225212,5265,"tags=41%, list=25%, signal=31%","16184/434341/18646/246728/17329/14939/231507/13007/19039/16912/547253/20821/54123/22169/667823/19143/672511/50723/14129/230073/16169/67775/16068/14469/18854/16161/74735/12266/56045/14086/20970/20846/243771/12257/210106/100038882/108670/71279",0.407017918923954
"GSE4984_GALECTIN1_VS_VEHICLE_CTRL_TREATED_DC_UP","GSE4984_GALECTIN1_VS_VEHICLE_CTRL_TREATED_DC_UP",46,-0.511983161814224,-1.47802236942904,0.0376893668108132,0.829985403898994,0.829985403898994,3526,"tags=24%, list=17%, signal=20%","383295/20620/107986/12778/16773/59020/11687/13038/72434/12577/14411",0.321775918075361
"GSE13547_2H_VS_12_H_ANTI_IGM_STIM_BCELL_UP","GSE13547_2H_VS_12_H_ANTI_IGM_STIM_BCELL_UP",100,0.429394471554967,1.47778414029452,0.00817761075188544,0.363329811037717,0.363329811037717,5703,"tags=44%, list=27%, signal=32%","14945/110197/14962/16963/14190/18566/22779/667373/108000/14747/15366/66892/11799/68743/208628/12491/17345/16571/327959/233406/19361/67775/209737/19734/170743/21973/12236/12449/12428/22137/16551/12370/106795/99899/52033/12362/13518/16319/12442/229841/76464/52276/13813/19366",0.380730400722792
"GSE19941_LPS_VS_LPS_AND_IL10_STIM_IL10_KO_MACROPHAGE_UP","GSE19941_LPS_VS_LPS_AND_IL10_STIM_IL10_KO_MACROPHAGE_UP",81,0.444304490670946,1.47698379786711,0.0209302320760242,0.605220175859533,0.605220175859533,6743,"tags=53%, list=32%, signal=36%","16162/22779/54215/77891/70218/68298/68743/17345/17216/78733/21877/105988/71819/12236/15270/56473/67103/21788/12704/22137/16551/55948/69920/18817/108961/20878/66929/16319/26951/12566/13555/76464/52276/54141/80905/18971/23997/18969/226519/72119/68092/12531/14228",0.352487857583619
"GSE24081_CONTROLLER_VS_PROGRESSOR_HIV_SPECIFIC_CD8_TCELL_DN","GSE24081_CONTROLLER_VS_PROGRESSOR_HIV_SPECIFIC_CD8_TCELL_DN",82,0.448893912652588,1.47665250370196,0.014845275212085,0.522161937147295,0.522161937147295,3091,"tags=21%, list=15%, signal=18%","17930/233079/269116/53814/13123/23960/15061/18646/246727/246728/14939/246730/74754/26909/667823/22256/327959",0.380730400722792
"GSE42021_CD24HI_VS_CD24INT_TREG_THYMUS_DN","GSE42021_CD24HI_VS_CD24INT_TREG_THYMUS_DN",139,0.414395227344342,1.47239379879549,0.0037039881446982,0.22650855578538,0.22650855578538,5127,"tags=40%, list=25%, signal=31%","14962/209588/15006/667277/71939/50908/23960/15061/246727/246728/15930/15018/246730/21354/231655/19039/110168/16912/667373/14964/109032/16913/13733/20821/17069/54123/17858/667823/13040/230073/14991/67775/15013/667977/18854/22035/16362/14102/21356/14256/74735/12266/56045/217845/69550/12258/20846/243771/12370/99899/56417/68487/12362/24110/21355/100038882",0.431707695803346
"GSE12392_IFNAR_KO_VS_IFNB_KO_CD8_NEG_SPLEEN_DC_UP","GSE12392_IFNAR_KO_VS_IFNB_KO_CD8_NEG_SPLEEN_DC_UP",75,-0.475380302676188,-1.47172697646683,0.0245763142448438,0.672859630541264,0.672859630541264,5645,"tags=44%, list=27%, signal=32%","12642/170742/21353/192657/104263/216850/328365/229055/20971/246196/271457/18591/230738/223775/26419/14066/17133/18793/13806/20393/27279/13537/19288/12452/27362/11910/70186/20303/240672/12228/16854/80879/12810",0.352487857583619
"GSE13485_DAY3_VS_DAY7_YF17D_VACCINE_PBMC_DN","GSE13485_DAY3_VS_DAY7_YF17D_VACCINE_PBMC_DN",107,0.433101171551367,1.46791814176573,0.00399425355275433,0.239734932978391,0.239734932978391,5166,"tags=44%, list=25%, signal=33%","74519/233079/71939/23960/15061/246727/20297/246728/19139/231507/246730/21354/231655/19039/667373/547253/109032/15366/17069/54123/17858/22169/12774/327959/672511/230073/68810/67775/14200/12190/22035/71819/12267/217845/12258/20846/12544/243771/80861/99899/56417/20296/52033/24110/209086/100038882/108670",0.407017918923954
"GSE13485_PRE_VS_POST_YF17D_VACCINATION_PBMC_DN","GSE13485_PRE_VS_POST_YF17D_VACCINATION_PBMC_DN",110,0.428531269749242,1.46153079195464,0.00763563693756475,0.351586373534231,0.351586373534231,5266,"tags=36%, list=25%, signal=27%","23960/15061/246727/246728/14190/231507/246730/21354/231655/19039/170744/667373/547253/109032/16913/17069/54123/17858/22169/667823/327959/230073/67775/24061/56045/12267/217845/69550/12258/72925/20846/243771/80861/99899/56417/24110/209086/100038882/108670/12259",0.407017918923954
"GSE22886_NAIVE_TCELL_VS_NEUTROPHIL_DN","GSE22886_NAIVE_TCELL_VS_NEUTROPHIL_DN",71,-0.466679212957728,-1.46075540561172,0.0276046738099123,0.720709653851575,0.720709653851575,3916,"tags=35%, list=19%, signal=29%","21928/20322/17152/209378/20348/16518/14173/30805/14063/19736/21802/71854/26570/16596/20310/69787/19065/19733/19225/20568/20616/22673/330122/103149/11535",0.352487857583619
"GSE43955_TH0_VS_TGFB_IL6_IL23_TH17_ACT_CD4_TCELL_52H_DN","GSE43955_TH0_VS_TGFB_IL6_IL23_TH17_ACT_CD4_TCELL_52H_DN",101,-0.454500424446263,-1.4601255002597,0.0162629806936747,0.56035372254056,0.56035372254056,5311,"tags=36%, list=25%, signal=27%","17210/76238/16172/16592/11820/11502/75785/16477/13350/18074/20463/18590/58991/17937/14360/75751/12579/13197/218397/22436/13836/21844/15251/13537/13612/14726/14219/12228/18787/20497/14584/20230/12609/15937/12577/19886",0.352487857583619
"GSE21546_UNSTIM_VS_ANTI_CD3_STIM_ELK1_KO_DP_THYMOCYTES_UP","GSE21546_UNSTIM_VS_ANTI_CD3_STIM_ELK1_KO_DP_THYMOCYTES_UP",77,0.445864950057364,1.4594030509981,0.0235856291821923,0.656380284658263,0.656380284658263,5127,"tags=42%, list=25%, signal=31%","71939/434341/23960/15061/246727/246730/21354/231655/19039/667373/547253/109032/20821/54123/22169/327959/672511/230073/67775/18854/16362/54608/56045/217845/69550/20846/243771/99899/56417/68487/24110/100038882",0.352487857583619
"GSE34217_MIR17_92_OVEREXPRESS_VS_WT_ACT_CD8_TCELL_DN","GSE34217_MIR17_92_OVEREXPRESS_VS_WT_ACT_CD8_TCELL_DN",41,-0.524059650992229,-1.45875016611207,0.0316861605769016,0.76061802522278,0.76061802522278,4813,"tags=39%, list=23%, signal=30%","26433/74318/57278/27275/19294/16518/268480/72157/329941/12865/20303/18452/16948/217837/104158/19886",0.321775918075361
"GSE10239_MEMORY_VS_KLRG1HIGH_EFF_CD8_TCELL_UP","GSE10239_MEMORY_VS_KLRG1HIGH_EFF_CD8_TCELL_UP",42,-0.510950158310735,-1.45848697931389,0.0394145843056743,0.834743687128519,0.834743687128519,4374,"tags=36%, list=21%, signal=28%","18131/21414/18400/268527/16439/259277/67305/16596/210044/16531/20230/13162/108078/171180/110351",0.321775918075361
"GSE37416_CTRL_VS_48H_F_TULARENSIS_LVS_NEUTROPHIL_UP","GSE37416_CTRL_VS_48H_F_TULARENSIS_LVS_NEUTROPHIL_UP",56,0.463775373234407,1.45691616845512,0.0390372953508153,0.834743687128519,0.834743687128519,5174,"tags=50%, list=25%, signal=38%","66058/26411/58208/71939/12502/23960/246727/246728/22779/246730/231655/77647/109032/242705/327959/16401/26934/142688/20133/73341/110446/12236/20411/17855/14211/13034/209086/16579",0.321775918075361
"GSE27092_WT_VS_HDAC7_PHOSPHO_DEFICIENT_CD8_TCELL_UP","GSE27092_WT_VS_HDAC7_PHOSPHO_DEFICIENT_CD8_TCELL_UP",93,0.43380823907821,1.45652566876717,0.00885194589534195,0.376765596301739,0.376765596301739,2934,"tags=24%, list=14%, signal=20%","17884/17879/16665/54139/17901/11459/16691/21957/14857/12372/20927/11522/16191/12111/17318/16002/15417/15464/13733/56012/81879/17002",0.380730400722792
"GSE4748_CYANOBACTERIUM_LPSLIKE_VS_LPS_AND_CYANOBACTERIUM_LPSLIKE_STIM_DC_3H_DN","GSE4748_CYANOBACTERIUM_LPSLIKE_VS_LPS_AND_CYANOBACTERIUM_LPSLIKE_STIM_DC_3H_DN",58,-0.487170806724213,-1.45539210739705,0.0393746001597038,0.834743687128519,0.834743687128519,3385,"tags=22%, list=16%, signal=19%","16518/108767/30805/232440/19229/16596/20855/16324/20568/16956/17395/20202/57264",0.321775918075361
"GSE42021_TREG_PLN_VS_CD24HI_TREG_THYMUS_UP","GSE42021_TREG_PLN_VS_CD24HI_TREG_THYMUS_UP",118,-0.443386349933231,-1.45474681766647,0.00872013633002197,0.374300767047129,0.374300767047129,5611,"tags=45%, list=27%, signal=33%","21950/21353/14825/15519/11845/13382/18035/12192/12876/14609/16477/15982/12702/18412/217869/18712/16153/15370/15936/20515/18590/14866/21928/17873/18793/14115/20393/231207/12575/12904/19252/17387/21815/13537/11852/17130/20893/22235/13654/17872/16175/15901/74155/12228/17381/18166/18787/98952/12608/20310/19225/15937/104069",0.380730400722792
"GSE20727_CTRL_VS_DNFB_ALLERGEN_TREATED_DC_DN","GSE20727_CTRL_VS_DNFB_ALLERGEN_TREATED_DC_DN",53,-0.496047398547374,-1.45423906723992,0.0289791645822037,0.73176091154562,0.73176091154562,4585,"tags=32%, list=22%, signal=25%","18412/54683/14773/20005/69590/72157/64058/18452/27273/69787/12709/15507/11676/18670/22339/320858/14042",0.352487857583619
"GSE13946_CTRL_VS_DSS_COLITIS_GD_TCELL_FROM_COLON_DN","GSE13946_CTRL_VS_DSS_COLITIS_GD_TCELL_FROM_COLON_DN",63,0.459600525383908,1.45407651199387,0.0194970403929924,0.605220175859533,0.605220175859533,5094,"tags=38%, list=24%, signal=29%","381417/12775/13195/16842/13136/269346/20343/77647/320495/667373/20440/672511/18174/12190/21897/66307/21788/20846/73699/80861/21858/140742/16407/11512",0.352487857583619
"GSE36888_UNTREATED_VS_IL2_TREATED_TCELL_17H_DN","GSE36888_UNTREATED_VS_IL2_TREATED_TCELL_17H_DN",95,-0.455138552306555,-1.45327949342481,0.0138409599212418,0.501578179056619,0.501578179056619,4370,"tags=39%, list=21%, signal=31%","74747/67547/230738/74694/64292/17750/106628/18793/104252/218952/59027/20311/52118/67712/320910/12778/11639/19288/14373/24115/20303/21802/12228/26570/20704/20310/14528/15116/17748/21942/16193/19225/21930/20701/330122/333883/11535",0.380730400722792
"GSE44649_WT_VS_MIR155_KO_NAIVE_CD8_TCELL_DN","GSE44649_WT_VS_MIR155_KO_NAIVE_CD8_TCELL_DN",100,0.421852321297149,1.45182742502904,0.011420632577543,0.451918000041056,0.451918000041056,5132,"tags=34%, list=25%, signal=26%","16763/20304/14733/626578/16184/12775/76074/18606/23960/18548/246728/246730/58205/231655/667373/236573/11815/54123/12044/16792/11797/14469/68603/14086/384009/243771/17472/20850/12257/56213/24110/21355/100038882/71683",0.380730400722792
"GSE11961_MARGINAL_ZONE_BCELL_VS_PLASMA_CELL_DAY7_DN","GSE11961_MARGINAL_ZONE_BCELL_VS_PLASMA_CELL_DAY7_DN",57,0.468726503652393,1.45077154386409,0.0294994825118972,0.733876359128016,0.733876359128016,5059,"tags=44%, list=24%, signal=33%","12481/16428/14699/16185/14121/16182/26357/19075/16408/14200/23880/20425/12503/55991/226251/16852/18810/105988/67103/20363/19076/12545/50505/13626/18550",0.352487857583619
"GSE26912_TUMORICIDAL_VS_CTRL_MACROPHAGE_DN","GSE26912_TUMORICIDAL_VS_CTRL_MACROPHAGE_DN",86,0.441724857403489,1.44945727657397,0.0135093739604035,0.499452402258714,0.499452402258714,5266,"tags=42%, list=25%, signal=31%","12933/12775/14632/17928/72043/16643/22163/14177/16985/16364/68507/14998/19217/20440/26909/12044/12774/17121/16792/11733/74438/16173/19361/16068/14071/20877/18541/56177/18707/20850/12798/11512/20878/13032/16319/12259",0.380730400722792
"GSE17974_CTRL_VS_ACT_IL4_AND_ANTI_IL12_6H_CD4_TCELL_UP","GSE17974_CTRL_VS_ACT_IL4_AND_ANTI_IL12_6H_CD4_TCELL_UP",69,-0.473435282613485,-1.44945680193573,0.0228809290352635,0.640286771069665,0.640286771069665,4718,"tags=41%, list=23%, signal=32%","16477/21929/12702/17119/50708/74747/21807/18400/17133/66270/17873/13197/319162/383295/217325/17859/56772/19252/64058/12518/14373/11839/83671/19225/17988/11828/11535/216019",0.352487857583619
"GSE43863_TFH_VS_LY6C_LOW_CXCR5NEG_EFFECTOR_CD4_TCELL_UP","GSE43863_TFH_VS_LY6C_LOW_CXCR5NEG_EFFECTOR_CD4_TCELL_UP",101,0.423283175092391,1.44846679808953,0.0150004821796087,0.523982360273919,0.523982360273919,5135,"tags=39%, list=25%, signal=29%","20304/626578/76074/21354/20343/19039/16182/110168/16912/547253/76854/236573/63913/54123/22169/327959/672511/50723/230073/67775/12043/53314/13058/50498/18854/14056/67629/170743/21897/14086/217845/69550/20846/243771/80861/17472/12051/11512/13032",0.380730400722792
"GSE17721_CTRL_VS_POLYIC_2H_BMDC_DN","GSE17721_CTRL_VS_POLYIC_2H_BMDC_DN",77,-0.455764158685292,-1.44786613891016,0.0336592796817449,0.785641712387271,0.785641712387271,4271,"tags=30%, list=20%, signal=24%","14782/15936/58991/57278/55985/13655/12575/19288/17872/56708/16596/69310/11839/20649/14528/57349/18619/12142/21930/104158/11529/16511/13874",0.321775918075361
"GSE16450_IMMATURE_VS_MATURE_NEURON_CELL_LINE_6H_IFNA_STIM_DN","GSE16450_IMMATURE_VS_MATURE_NEURON_CELL_LINE_6H_IFNA_STIM_DN",50,-0.49382086133746,-1.44747584326907,0.0275347896204074,0.720709653851575,0.720709653851575,4087,"tags=32%, list=20%, signal=26%","18104/13527/18793/14115/20393/20562/17175/14473/12985/17748/12142/12156/22339/11529/16511/171180",0.352487857583619
"GSE21670_TGFB_VS_IL6_TREATED_STAT3_KO_CD4_TCELL_DN","GSE21670_TGFB_VS_IL6_TREATED_STAT3_KO_CD4_TCELL_DN",56,0.460588784088998,1.44690573341241,0.0410599354871375,0.834743687128519,0.834743687128519,5541,"tags=41%, list=27%, signal=30%","12526/20304/14969/14960/16643/18646/12516/18439/667373/98314/14357/20394/11479/243771/84544/56417/171207/13034/105827/108670/22354/50931/12006",0.321775918075361
"GSE42021_TREG_PLN_VS_TREG_PRECURSORS_THYMUS_DN","GSE42021_TREG_PLN_VS_TREG_PRECURSORS_THYMUS_DN",126,0.41481709498749,1.44600363882514,0.00718430434635136,0.340942599225212,0.340942599225212,5127,"tags=42%, list=25%, signal=32%","14962/15006/12501/71939/50908/23960/15061/246727/246728/15018/246730/21354/231655/19039/16912/667373/14964/109032/16913/13733/20821/17069/20716/54123/17858/667823/327959/230073/14991/16169/15013/667977/14462/18854/22035/16362/14102/21356/74735/56045/217845/69550/20846/243771/12370/84544/99899/57342/56417/68487/24110/21355/100038882",0.407017918923954
"GSE14000_TRANSLATED_RNA_VS_MRNA_DC_DN","GSE14000_TRANSLATED_RNA_VS_MRNA_DC_DN",41,-0.518046475289261,-1.44201214585243,0.0446428571428571,0.834743687128519,0.834743687128519,186,"tags=5%, list=1%, signal=5%","223453/68172",0.287857117255149
"GSE14415_ACT_TCONV_VS_ACT_NATURAL_TREG_UP","GSE14415_ACT_TCONV_VS_ACT_NATURAL_TREG_UP",64,0.453418748694521,1.44146138475476,0.0282423933179193,0.724688844812862,0.724688844812862,2758,"tags=23%, list=13%, signal=20%","93735/16491/381417/13482/12775/13195/16842/246728/407800/269346/20343/77647/16010/320495/20440",0.352487857583619
"GSE27434_WT_VS_DNMT1_KO_TREG_DN","GSE27434_WT_VS_DNMT1_KO_TREG_DN",128,-0.432880661328387,-1.44061778968266,0.0109703739110748,0.437519242988927,0.437519242988927,5611,"tags=43%, list=27%, signal=32%","21950/21353/14825/15519/54411/13382/18035/19122/12192/26410/11911/12876/14609/11636/16477/15982/12702/18412/217869/18712/16153/15370/15936/20515/18590/66681/21928/17873/18793/14115/20393/231207/12575/12904/19252/21815/13537/11852/19124/17130/20893/22235/13654/17872/16175/15901/74155/12228/18787/98952/20310/12142/19225/20524/18788",0.380730400722792
"GSE18791_CTRL_VS_NEWCASTLE_VIRUS_DC_2H_DN","GSE18791_CTRL_VS_NEWCASTLE_VIRUS_DC_2H_DN",58,-0.480677334377022,-1.43599326766105,0.0491462424573094,0.879596176841951,0.879596176841951,5018,"tags=45%, list=24%, signal=34%","26556/216850/93759/17119/15370/229791/223775/17873/17152/59027/18578/21815/30805/11852/74155/12427/58801/11839/18227/14579/19225/20616/231103/14180/15977/19074",0.321775918075361
"GSE43863_DAY6_EFF_VS_DAY150_MEM_LY6C_INT_CXCR5POS_CD4_TCELL_UP","GSE43863_DAY6_EFF_VS_DAY150_MEM_LY6C_INT_CXCR5POS_CD4_TCELL_UP",67,-0.472635939797496,-1.43336005774077,0.0308187459245192,0.757752175280047,0.757752175280047,4853,"tags=45%, list=23%, signal=34%","13030/13849/75785/11501/16410/74318/22340/74747/21807/15936/18590/18626/27060/14360/66270/20393/217410/20620/217325/13655/14284/108767/13537/16598/216049/19229/67426/18227/20750/12902",0.352487857583619
"GSE16266_LPS_VS_HEATSHOCK_AND_LPS_STIM_MEF_UP","GSE16266_LPS_VS_HEATSHOCK_AND_LPS_STIM_MEF_UP",74,0.445453435897926,1.43308818371534,0.0211365149493992,0.605220175859533,0.605220175859533,3345,"tags=30%, list=16%, signal=25%","12526/12335/23993/14969/14960/16149/69165/12265/12525/13195/80901/15001/12766/231507/15002/21810/14998/16997/13507/17345/12522/17084",0.352487857583619
"GSE30083_SP1_VS_SP2_THYMOCYTE_DN","GSE30083_SP1_VS_SP2_THYMOCYTE_DN",63,0.452269481904592,1.43088267834284,0.0242379463305056,0.667202163934841,0.667202163934841,5011,"tags=40%, list=24%, signal=30%","626578/12933/13009/11522/76074/14863/434341/246728/17189/21354/16010/547253/18413/236573/19217/22169/13649/19734/12524/55991/20970/80861/17472/99899/209086",0.352487857583619
"GSE13485_CTRL_VS_DAY3_YF17D_VACCINE_PBMC_DN","GSE13485_CTRL_VS_DAY3_YF17D_VACCINE_PBMC_DN",96,0.426015671246396,1.4306908971358,0.0101849845017095,0.412932809136171,0.412932809136171,5331,"tags=42%, list=26%, signal=31%","209588/23960/15061/246727/246728/231507/246730/21354/231655/667373/547253/17069/54123/17858/22169/667823/327959/230073/67775/12988/18854/74735/56045/12267/68021/217845/69550/12258/72925/20846/243771/80861/99899/56417/24110/209086/100038882/108670/12259/50931",0.380730400722792
"GSE24142_EARLY_THYMIC_PROGENITOR_VS_DN3_THYMOCYTE_ADULT_DN","GSE24142_EARLY_THYMIC_PROGENITOR_VS_DN3_THYMOCYTE_ADULT_DN",96,0.425815680199456,1.43001926604409,0.0101849845017095,0.412932809136171,0.412932809136171,5862,"tags=36%, list=28%, signal=26%","15360/626578/16184/16428/58208/76074/14938/12502/13195/54390/16818/16842/12500/236573/56012/22781/12487/14229/380684/18037/12503/74734/225115/21936/17855/74325/17472/26951/26362/13139/19171/223697/242585/56376/72729",0.380730400722792
"GSE21063_WT_VS_NFATC1_KO_8H_ANTI_IGM_STIM_BCELL_UP","GSE21063_WT_VS_NFATC1_KO_8H_ANTI_IGM_STIM_BCELL_UP",113,0.411653217259008,1.42959065106671,0.00787248743480291,0.356019186225685,0.356019186225685,6040,"tags=44%, list=29%, signal=32%","16529/14938/12772/14999/70218/11799/23834/26909/94176/68743/19075/16408/17345/208084/170439/233406/17219/12530/21915/19361/209737/80914/14056/67629/17218/20877/67196/21973/76524/12236/15270/12428/22137/16551/56207/110639/65970/225845/108961/56150/20878/66929/17279/54141/66131/19366/110033/105148/66197/18969",0.380730400722792
"GSE24574_BCL6_HIGH_TFH_VS_TCONV_CD4_TCELL_DN","GSE24574_BCL6_HIGH_TFH_VS_TCONV_CD4_TCELL_DN",83,-0.446406447332165,-1.42815517601034,0.0259940705603529,0.703915129668651,0.703915129668651,4370,"tags=33%, list=21%, signal=26%","74747/16774/15370/11520/14873/67097/17873/24056/232821/20311/15205/18641/20620/18188/17387/71648/15901/14362/240672/27413/22370/20310/20739/16523/19225/20510/80879",0.352487857583619
"GSE21063_CTRL_VS_ANTI_IGM_STIM_BCELL_16H_DN","GSE21063_CTRL_VS_ANTI_IGM_STIM_BCELL_16H_DN",66,-0.469086537402233,-1.42796030352834,0.0299665494081565,0.740393037816159,0.740393037816159,3417,"tags=30%, list=16%, signal=25%","12795/94352/69590/56050/11450/71943/216049/23959/12228/16854/15235/18619/12709/16956/666168/15552/14411/110351/16370/56727",0.352487857583619
"GSE27241_WT_VS_RORGT_KO_TH17_POLARIZED_CD4_TCELL_UP","GSE27241_WT_VS_RORGT_KO_TH17_POLARIZED_CD4_TCELL_UP",78,0.431073901671616,1.42665529328166,0.0153493815900841,0.532497381875178,0.532497381875178,5875,"tags=56%, list=28%, signal=41%","14168/108000/77891/70218/23834/68298/68743/208628/14114/17345/208084/16571/233406/26934/18973/77782/209737/14056/78733/12189/11891/67196/71819/21973/12236/12449/12428/22137/16551/16881/12021/70699/14211/18817/108961/70472/21917/16319/229841/76464/52276/54141/67248/110033",0.380730400722792
"GSE22935_UNSTIM_VS_48H_MBOVIS_BCG_STIM_MACROPHAGE_UP","GSE22935_UNSTIM_VS_48H_MBOVIS_BCG_STIM_MACROPHAGE_UP",51,-0.493862075651743,-1.42642020476802,0.0331071356226978,0.779942520599833,0.779942520599833,4777,"tags=41%, list=23%, signal=32%","14007/68770/268903/223775/14866/19294/17859/14872/22248/11639/13612/108096/14362/23959/16596/76257/108078/18772/56847/14581/16663",0.321775918075361
"GSE15215_CD2_POS_VS_NEG_PDC_UP","GSE15215_CD2_POS_VS_NEG_PDC_UP",71,-0.455308107217584,-1.42516263928209,0.0363669882233267,0.812493060112029,0.812493060112029,3885,"tags=32%, list=19%, signal=26%","12390/104252/228608/18984/16601/22371/17387/13612/329941/11910/14362/71854/12061/228775/12709/56198/18670/231103/64242/107869/20202/20614/17897",0.321775918075361
"GSE13485_DAY7_VS_DAY21_YF17D_VACCINE_PBMC_DN","GSE13485_DAY7_VS_DAY21_YF17D_VACCINE_PBMC_DN",27,-0.560278133401533,-1.4249965474006,0.0440821836246875,0.834743687128519,0.834743687128519,3034,"tags=37%, list=15%, signal=32%","56221/17390/66211/53374/67216/16193/432530/213119/56183/103964",0.321775918075361
"GSE11864_UNTREATED_VS_CSF1_IFNG_PAM3CYS_IN_MAC_UP","GSE11864_UNTREATED_VS_CSF1_IFNG_PAM3CYS_IN_MAC_UP",46,-0.493073658288558,-1.42343332961239,0.0420875420875421,0.834743687128519,0.834743687128519,3819,"tags=22%, list=18%, signal=18%","20322/66270/20005/12177/29864/22117/83671/15234/14042/16847",0.287857117255149
"GSE21033_1H_VS_24H_POLYIC_STIM_DC_DN","GSE21033_1H_VS_24H_POLYIC_STIM_DC_DN",54,0.461890229501908,1.42306599520844,0.0351113893380905,0.807254038881499,0.807254038881499,4205,"tags=26%, list=20%, signal=21%","12773/16162/17392/12516/22779/16994/320495/16912/18413/16197/14744/19935/14469/16006",0.321775918075361
"GOLDRATH_EFF_VS_MEMORY_CD8_TCELL_UP","GOLDRATH_EFF_VS_MEMORY_CD8_TCELL_UP",143,0.399021635490706,1.41859469414441,0.0100211639815207,0.412932809136171,0.412932809136171,5349,"tags=43%, list=26%, signal=32%","14945/12933/15978/14938/12772/16985/14939/14190/319554/18566/231507/16364/18968/13732/11799/23834/68743/19075/17345/16571/233406/14229/19348/19361/18005/19362/20133/20775/80914/14056/27221/21877/12189/20877/67196/16906/16852/71819/21973/12266/69071/15270/12449/72151/53381/12428/12544/22137/16551/16881/106795/13167/56207/14211/108961/56150/20878/21917/66929/16319/16647/12442",0.380730400722792
"GSE21360_NAIVE_VS_QUATERNARY_MEMORY_CD8_TCELL_UP","GSE21360_NAIVE_VS_QUATERNARY_MEMORY_CD8_TCELL_UP",90,0.422547941010605,1.41770066835712,0.01664846120588,0.562163040051881,0.562163040051881,5127,"tags=33%, list=25%, signal=25%","71939/18606/23960/15061/246727/246728/246730/231655/667373/109032/20821/54123/17858/327959/230073/67775/99889/12506/20363/217845/69550/243771/17979/80861/99899/68048/21854/56417/24110/100038882",0.352487857583619
"GSE21360_SECONDARY_VS_QUATERNARY_MEMORY_CD8_TCELL_DN","GSE21360_SECONDARY_VS_QUATERNARY_MEMORY_CD8_TCELL_DN",81,-0.452629243000977,-1.4173578546971,0.0322143336768799,0.769649056949984,0.769649056949984,4665,"tags=41%, list=22%, signal=32%","12702/12494/268903/78330/13685/18451/74747/66681/18030/66168/13806/193796/18641/17319/18655/228026/18648/15251/21825/14726/18126/70186/68713/11846/112407/12176/11676/17988/22339/20525/80879/50527/19824",0.321775918075361
"GSE9650_NAIVE_VS_MEMORY_CD8_TCELL_DN","GSE9650_NAIVE_VS_MEMORY_CD8_TCELL_DN",124,0.400909788976377,1.41655583970344,0.0123494976123877,0.473865192475332,0.473865192475332,3443,"tags=20%, list=16%, signal=17%","14945/14168/27412/20304/14733/15978/12477/12772/14103/27007/18646/12766/12516/14939/14190/15018/14282/16182/54215/14191/12044/12774/16401/16154/12043",0.380730400722792
"GSE9006_HEALTHY_VS_TYPE_2_DIABETES_PBMC_AT_DX_DN","GSE9006_HEALTHY_VS_TYPE_2_DIABETES_PBMC_AT_DX_DN",70,-0.461177869728749,-1.40912390106448,0.0359400054618857,0.812493060112029,0.812493060112029,3971,"tags=26%, list=19%, signal=21%","19356/11520/78286/17300/20393/66795/13655/11504/13614/13654/14063/14079/20310/19225/12810/330122/14934/18788",0.321775918075361
"GSE6674_CPG_VS_CPG_AND_ANTI_IGM_STIM_BCELL_UP","GSE6674_CPG_VS_CPG_AND_ANTI_IGM_STIM_BCELL_UP",81,0.423607992573117,1.40818325003353,0.040019020721743,0.834743687128519,0.834743687128519,7205,"tags=49%, list=34%, signal=32%","14960/16149/319554/21354/14999/320495/16912/15366/11799/110695/667823/19301/13058/18854/78733/21356/56045/12449/17992/242248/53381/225845/65964/21355/56150/140742/17220/66471/66197/17308/66482/20937/68092/231712/22151/14793/217069/11666/228033/14156",0.321775918075361
"GSE6269_FLU_VS_STREP_PNEUMO_INF_PBMC_UP","GSE6269_FLU_VS_STREP_PNEUMO_INF_PBMC_UP",88,0.421570614377201,1.40552486703464,0.0240703075884503,0.666208240084703,0.666208240084703,5300,"tags=42%, list=25%, signal=32%","15006/23960/15061/246727/246728/15018/246730/231655/19039/16912/667373/14964/109032/15366/17069/54123/17858/327959/14991/67775/15013/667977/18854/16161/74735/16186/12258/20846/19264/243771/17979/99899/208643/56417/24110/100038882/12812",0.352487857583619
"GSE17721_POLYIC_VS_CPG_8H_BMDC_UP","GSE17721_POLYIC_VS_CPG_8H_BMDC_UP",80,0.422580163284277,1.4053476483071,0.0436405800685548,0.834743687128519,0.834743687128519,4300,"tags=29%, list=21%, signal=23%","53311/626578/23792/17907/26411/76074/14938/27007/15018/20190/14964/236573/19128/17084/14723/667977/71946/22035/12189/21356/14367/12236/13371",0.321775918075361
"GSE41867_DAY15_EFFECTOR_VS_DAY30_EXHAUSTED_CD8_TCELL_LCMV_CLONE13_UP","GSE41867_DAY15_EFFECTOR_VS_DAY30_EXHAUSTED_CD8_TCELL_LCMV_CLONE13_UP",96,0.418073143570699,1.40401746042249,0.0145708740980925,0.51972871342844,0.51972871342844,5166,"tags=35%, list=25%, signal=27%","12555/13180/15978/16185/54167/22634/246727/246728/231507/22779/19039/110168/547253/54123/22169/667823/16401/230073/16173/67775/16154/227960/12524/21356/56045/67103/27056/20846/18707/24014/80861/68487/71683/108670",0.380730400722792
"GSE2770_IL12_AND_TGFB_VS_IL4_TREATED_ACT_CD4_TCELL_48H_DN","GSE2770_IL12_AND_TGFB_VS_IL4_TREATED_ACT_CD4_TCELL_48H_DN",62,0.44558597421266,1.40306628601272,0.0364138054581304,0.812493060112029,0.812493060112029,4491,"tags=39%, list=22%, signal=30%","12481/209588/14969/16149/16643/71939/434341/246133/15018/16364/16912/547253/14964/14998/16913/20821/16882/667977/14469/16362/16161/56045/12258/20846",0.321775918075361
"GSE37301_HEMATOPOIETIC_STEM_CELL_VS_CD4_TCELL_UP","GSE37301_HEMATOPOIETIC_STEM_CELL_VS_CD4_TCELL_UP",97,0.41406272754225,1.40149522306818,0.0179070141724232,0.585155011505314,0.585155011505314,5835,"tags=48%, list=28%, signal=35%","20304/14962/16178/12614/14938/12772/434341/17329/14939/14190/21810/13733/15366/14191/68743/17002/17345/233406/14129/69716/12522/209737/18854/30955/22330/21973/12266/56045/12449/20846/12428/16551/14130/76884/18817/19204/108961/11651/13555/110095/12442/229841/13813/12984/218236/56228/14127",0.352487857583619
"GSE14415_INDUCED_VS_NATURAL_TREG_DN","GSE14415_INDUCED_VS_NATURAL_TREG_DN",108,0.410804855264242,1.40018375417401,0.0206222060031286,0.605220175859533,0.605220175859533,6237,"tags=54%, list=30%, signal=38%","231507/108000/18968/15366/11799/26909/17345/16571/69716/19361/17215/107527/17216/20133/209737/14056/67629/17218/12189/16906/71819/21973/66307/12236/67103/69550/12721/384009/12428/12544/22137/16551/15510/19183/14211/52033/18817/27226/108961/17863/66929/16319/108670/17279/74237/16647/12442/76464/52276/12330/66131/19366/107513/110033/20873/17082/18102/72155",0.352487857583619
"GSE17721_PAM3CSK4_VS_GADIQUIMOD_6H_BMDC_DN","GSE17721_PAM3CSK4_VS_GADIQUIMOD_6H_BMDC_DN",88,0.419789145765991,1.3995854150247,0.0261275507162303,0.703915129668651,0.703915129668651,3338,"tags=18%, list=16%, signal=15%","18096/14804/27412/13180/23792/381417/16160/17329/269346/170744/109032/26357/54123/14676/14744/12522",0.352487857583619
"GSE21774_CD62L_POS_CD56_BRIGHT_VS_CD62L_NEG_CD56_DIM_NK_CELL_UP","GSE21774_CD62L_POS_CD56_BRIGHT_VS_CD62L_NEG_CD56_DIM_NK_CELL_UP",68,0.438648225455596,1.39868460880566,0.0200032521006292,0.605220175859533,0.605220175859533,4627,"tags=37%, list=22%, signal=29%","21743/14733/140494/23796/12772/12766/231507/78560/20343/21673/110168/19217/12487/116903/13649/17084/17313/13058/74145/170743/12524/226251/12266/56177/12606",0.352487857583619
"GSE40274_CTRL_VS_FOXP3_AND_IRF4_TRANSDUCED_ACTIVATED_CD4_TCELL_UP","GSE40274_CTRL_VS_FOXP3_AND_IRF4_TRANSDUCED_ACTIVATED_CD4_TCELL_UP",66,0.439760162596914,1.39703127275136,0.0309692037604896,0.75777302921198,0.75777302921198,2832,"tags=23%, list=14%, signal=20%","20304/16162/21908/16491/11472/58208/12614/12502/80901/14190/319554/223254/16912/13733/63913",0.352487857583619
"GSE37605_FOXP3_FUSION_GFP_VS_IRES_GFP_TREG_C57BL6_UP","GSE37605_FOXP3_FUSION_GFP_VS_IRES_GFP_TREG_C57BL6_UP",97,-0.436599969321711,-1.39656782429431,0.0198751414821884,0.605220175859533,0.605220175859533,5154,"tags=46%, list=25%, signal=35%","19274/75234/74194/26556/216850/16477/13350/67603/20971/13388/17112/15370/18626/75007/17133/18793/52118/20393/12795/20503/20620/14284/19252/12778/56221/21825/11504/13614/13654/17872/16175/14219/15901/11910/240672/18787/12608/18227/14579/19225/12263/56277/12609/15937/11535",0.352487857583619
"GSE23568_ID3_KO_VS_WT_CD8_TCELL_UP","GSE23568_ID3_KO_VS_WT_CD8_TCELL_UP",118,0.401936377986839,1.39652218451029,0.017843735343738,0.585155011505314,0.585155011505314,5655,"tags=37%, list=27%, signal=27%","12335/20304/16643/12525/13195/27007/12516/14939/14190/231507/54215/18968/11799/23834/68743/17858/17345/170439/26934/69716/21915/12419/18005/80914/16906/21973/21788/72151/22137/16551/21936/16881/108121/106795/68202/56150/66495/16407/20878/66929/12442/17220/52276/68988",0.352487857583619
"ERWIN_COHEN_BLOOD_TC_83_AGE_23_48YO_VACCINATED_VS_CONTROL_2DY_UP","ERWIN_COHEN_BLOOD_TC_83_AGE_23_48YO_VACCINATED_VS_CONTROL_2DY_UP",76,0.433692904742916,1.39574590978041,0.0291837520497957,0.73176091154562,0.73176091154562,5166,"tags=41%, list=25%, signal=31%","71939/23960/15061/246727/246728/246730/231655/667373/547253/17069/54123/17858/667823/327959/672511/230073/68810/67775/18854/22035/217845/69550/12258/20846/243771/99899/20296/24110/209086/100038882/108670",0.352487857583619
"GSE11961_GERMINAL_CENTER_BCELL_DAY7_VS_MEMORY_BCELL_DAY40_UP","GSE11961_GERMINAL_CENTER_BCELL_DAY7_VS_MEMORY_BCELL_DAY40_UP",69,0.434019878015292,1.39389718575861,0.0278528492840128,0.721342799100225,0.721342799100225,1413,"tags=13%, list=7%, signal=12%","21743/14168/12391/626578/53897/11522/76074/12614/27007",0.352487857583619
"HARALAMBIEVA_PBMC_FLUARIX_AGE_50_74YO_CORR_WITH_28D_MEM_B_CELL_RESPONSE_AT_3DY_POSITIVE","HARALAMBIEVA_PBMC_FLUARIX_AGE_50_74YO_CORR_WITH_28D_MEM_B_CELL_RESPONSE_AT_3DY_POSITIVE",116,-0.423214264640104,-1.39338818444653,0.0183760531815484,0.596409223649441,0.596409223649441,5722,"tags=37%, list=27%, signal=27%","18754/15200/11774/17713/384783/11622/20482/11820/18035/56442/67452/93759/21929/12702/268903/229055/15936/230738/18626/223775/26419/18030/319162/14284/12575/27279/15251/20893/17872/14373/16175/12608/20649/14579/16193/22113/108078/21930/22339/15937/14042/11535/12672",0.352487857583619
"GSE24142_EARLY_THYMIC_PROGENITOR_VS_DN2_THYMOCYTE_DN","GSE24142_EARLY_THYMIC_PROGENITOR_VS_DN2_THYMOCYTE_DN",87,0.426587417442435,1.39276434987991,0.0184869196669225,0.596409223649441,0.596409223649441,4589,"tags=39%, list=22%, signal=31%","12715/15360/16763/17907/16184/16428/13482/58208/12501/12477/12502/54390/16818/18566/12500/77647/21838/16913/12487/16571/14229/16197/12043/66570/170761/23880/12503/21877/16970/11891/74734/12428/12544/16881",0.352487857583619
"GSE37533_PPARG1_FOXP3_VS_FOXP3_TRANSDUCED_CD4_TCELL_PIOGLITAZONE_TREATED_UP","GSE37533_PPARG1_FOXP3_VS_FOXP3_TRANSDUCED_CD4_TCELL_PIOGLITAZONE_TREATED_UP",113,0.400919110763538,1.39231321061415,0.0128081407201814,0.487768667276079,0.48776866727608,5127,"tags=36%, list=25%, signal=28%","74519/14962/15006/23960/15061/22634/246727/246728/15018/246730/231655/16912/667373/14964/109032/16913/17069/54123/17858/667823/327959/170439/230073/14991/67775/15013/667977/18854/22035/74735/56045/217845/69550/243771/80861/99899/56417/12362/24110/12389/100038882",0.380730400722792
"GSE10325_CD4_TCELL_VS_BCELL_UP","GSE10325_CD4_TCELL_VS_BCELL_UP",102,0.409401965476243,1.39096888143599,0.0164365243433637,0.562163040051881,0.562163040051881,4217,"tags=31%, list=20%, signal=25%","14945/12481/20304/16428/13482/58208/16185/14938/12502/54167/12772/16818/18646/16842/77647/320495/22637/20849/19217/12487/12774/13433/14229/16154/14462/23880/22035/12503/105445/14256/56045/16206",0.352487857583619
"GSE29164_UNTREATED_VS_CD8_TCELL_TREATED_MELANOMA_DAY7_UP","GSE29164_UNTREATED_VS_CD8_TCELL_TREATED_MELANOMA_DAY7_UP",105,0.406395846842504,1.38915554723956,0.0175997669687072,0.58263280847387,0.58263280847387,3437,"tags=24%, list=16%, signal=20%","20304/14733/15978/65963/16491/66058/16643/14938/12772/14103/27007/18646/12766/14190/231507/22637/235320/100037258/54215/21838/16913/12044/12774/14357/12323",0.352487857583619
"GSE37533_PPARG1_FOXP3_VS_PPARG2_FOXP3_TRANSDUCED_CD4_TCELL_PIOGLITAZONE_TREATED_DN","GSE37533_PPARG1_FOXP3_VS_PPARG2_FOXP3_TRANSDUCED_CD4_TCELL_PIOGLITAZONE_TREATED_DN",129,0.393745131161982,1.38900261175949,0.0190406389532225,0.605220175859533,0.605220175859533,5127,"tags=36%, list=25%, signal=27%","18113/209588/15006/71939/23960/15061/246727/246728/17329/15930/15018/246730/21354/16912/667373/14964/109032/16913/20821/22341/17858/327959/14229/230073/14991/16169/67775/15013/667977/14469/18854/16362/11891/14367/74735/56045/20846/243771/99899/56417/17355/12362/24110/12051/21355/100038882",0.352487857583619
"GSE18804_SPLEEN_MACROPHAGE_VS_BRAIN_TUMORAL_MACROPHAGE_UP","GSE18804_SPLEEN_MACROPHAGE_VS_BRAIN_TUMORAL_MACROPHAGE_UP",78,-0.442712685421276,-1.3875846963812,0.0290595351800983,0.73176091154562,0.73176091154562,3643,"tags=27%, list=17%, signal=22%","20311/13063/19252/27404/15251/71648/13612/21923/15901/83814/11910/16854/21789/20310/12156/19225/20745/15937/19116/71412/105349",0.352487857583619
"GSE17721_LPS_VS_POLYIC_24H_BMDC_UP","GSE17721_LPS_VS_POLYIC_24H_BMDC_UP",76,-0.445473922471097,-1.38726586232228,0.0411861614497529,0.834743687128519,0.834743687128519,5408,"tags=42%, list=26%, signal=31%","14792/12359/19043/68198/11820/14854/11787/67452/74185/67916/74318/54637/16153/20515/14085/19356/14873/13202/11658/18641/14872/72157/30805/20893/14325/26570/18227/17748/12349/15937/13874/54419",0.287857117255149
"GSE14769_UNSTIM_VS_60MIN_LPS_BMDM_DN","GSE14769_UNSTIM_VS_60MIN_LPS_BMDM_DN",130,-0.407889103091589,-1.38656884088235,0.0368821810306804,0.819334416317528,0.819334416317528,5657,"tags=44%, list=27%, signal=32%","23849/22038/21950/18263/20482/14825/16800/17210/20439/12192/26410/75234/216850/14609/15982/64209/17119/18412/56458/268903/18712/16153/15936/230738/26419/14066/21928/17873/18793/104252/12579/20393/20620/14284/108767/17684/19252/21815/15251/13537/13654/11910/74155/20303/240672/11770/12608/20310/14579/20339/12156/19225/15937/193740/319520/14990/330122",0.321775918075361
"GSE22140_GERMFREE_VS_SPF_MOUSE_CD4_TCELL_DN","GSE22140_GERMFREE_VS_SPF_MOUSE_CD4_TCELL_DN",123,-0.419614502736951,-1.38556347525692,0.0104043398739792,0.418237948108767,0.418237948108767,4374,"tags=26%, list=21%, signal=21%","18131/74747/13805/18104/13039/11520/24056/218952/21857/11658/20503/11486/13537/19288/21825/17872/20303/16854/26570/18787/20310/13038/15937/17681/193740/80879/13874/333883/11535/11433/105349/18788",0.380730400722792
"GSE23505_UNTREATED_VS_4DAY_IL6_IL1_IL23_TREATED_CD4_TCELL_DN","GSE23505_UNTREATED_VS_4DAY_IL6_IL1_IL23_TREATED_CD4_TCELL_DN",81,0.416200241186198,1.38355795587865,0.047323280058456,0.859112593175913,0.859112593175913,4554,"tags=37%, list=22%, signal=29%","12481/14969/14960/16149/16643/21953/15001/223864/14999/16994/15002/110168/14998/13733/17069/12487/12491/12774/50723/12043/50498/14102/226251/15460/74735/12506/217845/242248/75547/20411",0.321775918075361
"GSE22886_NAIVE_VS_IGM_MEMORY_BCELL_UP","GSE22886_NAIVE_VS_IGM_MEMORY_BCELL_UP",62,-0.455730563981717,-1.38010212268683,0.0421585160202361,0.834743687128519,0.834743687128519,4568,"tags=29%, list=22%, signal=23%","56458/20377/105501/55985/66270/217410/20620/12767/22235/18671/20310/72082/15235/20230/21987/56198/330122/216019",0.287857117255149
"GSE29617_CTRL_VS_DAY7_TIV_FLU_VACCINE_PBMC_2008_UP","GSE29617_CTRL_VS_DAY7_TIV_FLU_VACCINE_PBMC_2008_UP",81,-0.440608490707656,-1.37971621323058,0.0462202661992095,0.843683054320777,0.843683054320777,4894,"tags=36%, list=23%, signal=28%","328365/16477/12702/11861/15370/16878/59027/18030/383295/20393/20620/13655/14284/12575/19252/15251/20229/13537/11852/12767/13654/14373/27362/11910/11839/19225/59083/101488143/18788",0.321775918075361
"GSE27786_LSK_VS_CD4_TCELL_DN","GSE27786_LSK_VS_CD4_TCELL_DN",63,0.435914911664496,1.37914036053323,0.0446624954021379,0.834743687128519,0.834743687128519,3248,"tags=21%, list=16%, signal=17%","13482/26411/434341/18175/16985/14190/21354/17986/17069/22778/110157/230073/20394",0.321775918075361
"GSE36476_CTRL_VS_TSST_ACT_40H_MEMORY_CD4_TCELL_OLD_UP","GSE36476_CTRL_VS_TSST_ACT_40H_MEMORY_CD4_TCELL_OLD_UP",69,-0.450415712963082,-1.37898070302054,0.043859649122807,0.834743687128519,0.834743687128519,4185,"tags=33%, list=20%, signal=27%","14293/74694/66290/110784/383295/20393/217410/17859/14284/19252/228026/74645/54725/16598/27362/18227/68713/544763/16511/12902/19017/54419/11828",0.287857117255149
"GSE42021_CD24HI_VS_CD24LOW_TCONV_THYMUS_DN","GSE42021_CD24HI_VS_CD24LOW_TCONV_THYMUS_DN",127,0.390426316133265,1.37877185218632,0.0208554058403631,0.605220175859533,0.605220175859533,4436,"tags=28%, list=21%, signal=22%","20304/14962/209588/11472/16149/15006/667277/71939/50908/15061/246728/15930/15018/21354/231655/16912/11988/109032/16913/20821/13040/230073/14991/16169/67775/15013/14469/22035/16362/14102/14256/12266/56045/20363/69550/12258",0.352487857583619
"GSE6259_DEC205_POS_DC_VS_BCELL_DN","GSE6259_DEC205_POS_DC_VS_BCELL_DN",78,0.416059087745484,1.37696320178114,0.0258439307293721,0.703760801850912,0.703760801850912,4853,"tags=33%, list=23%, signal=26%","14962/246728/17329/14939/231507/13007/19039/16912/667373/21810/547253/16913/20821/54123/327959/14129/67776/142688/16169/14469/18854/14086/20364/237860/99899/12257",0.352487857583619
"GSE33425_CD161_HIGH_VS_INT_CD8_TCELL_DN","GSE33425_CD161_HIGH_VS_INT_CD8_TCELL_DN",120,0.391457699189446,1.37549499218597,0.0172755114939863,0.575660958664741,0.575660958664741,5144,"tags=37%, list=25%, signal=28%","12335/20304/16428/12477/16643/12614/12502/12525/27007/16818/12516/17318/319554/18968/23834/26357/19075/68275/17345/170439/26934/235293/14744/18005/80914/14056/16906/16852/71819/21973/21788/72151/66446/225115/22137/21936/84544/13167/12257/18550/76267/16407/11512/66929",0.352487857583619
"GSE38681_WT_VS_LYL1_KO_LYMPHOID_PRIMED_MULTIPOTENT_PROGENITOR_DN","GSE38681_WT_VS_LYL1_KO_LYMPHOID_PRIMED_MULTIPOTENT_PROGENITOR_DN",131,0.389710220761734,1.37340191296852,0.0200974679368913,0.605220175859533,0.605220175859533,4992,"tags=36%, list=24%, signal=27%","626578/15978/16184/76074/14938/14103/23960/246728/14939/15018/246730/21354/16364/231655/19039/16182/16912/547253/236573/20821/54123/17858/22169/12774/170439/142688/14991/14744/67775/16154/53314/14469/18854/14056/22035/16362/14102/21356/56045/20846/243771/12370/80861/17472/65970/68487/24110",0.352487857583619
"GSE40277_EOS_AND_LEF1_TRANSDUCED_VS_CTRL_CD4_TCELL_DN","GSE40277_EOS_AND_LEF1_TRANSDUCED_VS_CTRL_CD4_TCELL_DN",69,0.427574515061214,1.37319727375465,0.0360332882110086,0.812493060112029,0.812493060112029,5507,"tags=45%, list=26%, signal=33%","12933/11522/54167/12772/246727/246728/231507/223254/320495/22637/16197/21915/14200/30955/98386/17218/16852/110446/74735/105727/72151/73699/11479/225115/243771/14375/94062/71683/22354/14104/14159",0.321775918075361
"GSE19401_NAIVE_VS_IMMUNIZED_MOUSE_PLN_FOLLICULAR_DC_UP","GSE19401_NAIVE_VS_IMMUNIZED_MOUSE_PLN_FOLLICULAR_DC_UP",130,-0.403414575734414,-1.37135823544056,0.0428925083109139,0.834743687128519,0.834743687128519,3415,"tags=20%, list=16%, signal=17%","20503/12575/19252/13537/11852/21825/26557/17872/14373/68337/11910/20303/240672/18787/20310/14579/12142/22113/15368/17681/193740/80879/319520/330122/20202/18788",0.321775918075361
"GSE369_PRE_VS_POST_IL6_INJECTION_SOCS3_KO_LIVER_UP","GSE369_PRE_VS_POST_IL6_INJECTION_SOCS3_KO_LIVER_UP",109,-0.415434619050046,-1.37050445048556,0.0283293961052214,0.724688844812862,0.724688844812862,5713,"tags=39%, list=27%, signal=29%","15277/23849/56334/110960/71844/17210/11845/16828/19122/11911/56349/15982/217869/18451/20515/11605/12226/17133/11520/18145/20005/53620/12575/18655/13559/21815/18648/11450/12177/20893/13198/18166/20704/14579/11818/19016/22113/20750/18772/193740/319520/21943/20701",0.352487857583619
"GSE3982_MAST_CELL_VS_BCELL_DN","GSE3982_MAST_CELL_VS_BCELL_DN",67,0.429494705600521,1.36846094795415,0.0451583621264942,0.837828220405469,0.837828220405469,5059,"tags=39%, list=24%, signal=30%","12526/22061/14969/16491/12775/16818/246728/14261/14999/16364/15002/224674/67775/50498/24061/216197/11306/74734/12506/236266/16881/14130/80861/83964/56417/18550",0.321775918075361
"GSE7852_TREG_VS_TCONV_FAT_DN","GSE7852_TREG_VS_TCONV_FAT_DN",66,0.429973493809976,1.36594095690585,0.0441455683720206,0.834743687128519,0.834743687128519,3662,"tags=27%, list=18%, signal=23%","17884/14168/14733/16529/16842/12766/77647/18439/22637/20190/110168/20821/20440/23834/19699/67775/17216/99889",0.321775918075361
"GSE24142_EARLY_THYMIC_PROGENITOR_VS_DN3_THYMOCYTE_DN","GSE24142_EARLY_THYMIC_PROGENITOR_VS_DN3_THYMOCYTE_DN",91,0.408374029721215,1.36496113246304,0.0208235510851757,0.605220175859533,0.605220175859533,4273,"tags=26%, list=20%, signal=21%","15360/16184/16428/58208/12501/12477/56460/54390/16818/16842/12550/18566/12500/21838/12487/14229/16197/18174/12043/23880/21954/12503/226251/74734",0.352487857583619
"GSE21360_NAIVE_VS_QUATERNARY_MEMORY_CD8_TCELL_DN","GSE21360_NAIVE_VS_QUATERNARY_MEMORY_CD8_TCELL_DN",95,0.407473154834231,1.3649249540834,0.0314985101850616,0.759714067082558,0.759714067082558,5127,"tags=34%, list=25%, signal=26%","17878/71939/23960/15061/246727/246728/246730/21354/231655/667373/109032/20821/54123/17858/327959/170439/230073/67775/18037/18854/217845/69550/243771/17979/80861/99899/68048/21854/56417/12362/24110/100038882",0.321775918075361
"GSE19888_CTRL_VS_TCELL_MEMBRANES_ACT_MAST_CELL_PRETREAT_A3R_INH_DN","GSE19888_CTRL_VS_TCELL_MEMBRANES_ACT_MAST_CELL_PRETREAT_A3R_INH_DN",115,0.398615073336794,1.3643526440121,0.0133143092452736,0.495860120053755,0.495860120053755,5109,"tags=40%, list=24%, signal=30%","381417/16428/12775/14938/434341/27007/23960/15061/246728/14939/15930/15018/231507/246730/269346/110168/667373/547253/109032/20821/66892/11815/54123/22778/22169/667823/16408/14991/12227/67775/21954/16068/19734/16362/16161/21356/56045/74734/16186/69550/56417/20296/24110/209086/12051/210106",0.380730400722792
"GSE22589_HEALTHY_VS_HIV_INFECTED_DC_DN","GSE22589_HEALTHY_VS_HIV_INFECTED_DC_DN",92,0.407208472685247,1.36241922267451,0.0396785919450254,0.834743687128519,0.834743687128519,4107,"tags=35%, list=20%, signal=28%","16426/626578/209588/16162/381417/76074/23796/23960/15566/246730/269346/21354/19039/12443/71740/16912/547253/11988/236573/17069/54123/17858/19143/67775/71946/13058/14469/18854/16362/170743/21897/21356",0.321775918075361
"GSE42021_TREG_PLN_VS_CD24LO_TREG_THYMUS_DN","GSE42021_TREG_PLN_VS_CD24LO_TREG_THYMUS_DN",115,0.397910235967184,1.3619401744565,0.0139745082521093,0.501992087212295,0.501992087212295,5357,"tags=45%, list=26%, signal=34%","74519/12776/14962/209588/53814/11548/15006/667277/11495/50908/23960/15061/246727/246728/15018/246730/21354/231655/19039/16912/667373/80906/14964/109032/16913/13733/20821/17069/54123/17858/667823/230073/14991/15013/667977/18854/21356/74735/12266/56045/217845/69550/20846/243771/99899/56417/24110/21355/100038882/72843/20509/12955",0.380730400722792
"GSE40685_TREG_VS_FOXP3_KO_TREG_PRECURSOR_DN","GSE40685_TREG_VS_FOXP3_KO_TREG_PRECURSOR_DN",91,0.406915404716933,1.36008578218907,0.0216545667863943,0.612739557391549,0.612739557391549,2564,"tags=21%, list=12%, signal=18%","209588/16184/14960/16149/69165/667277/71939/50908/434341/15001/15061/246728/14999/58205/16010/19039/667373/547253/109032",0.352487857583619
"GSE39110_DAY3_VS_DAY6_POST_IMMUNIZATION_CD8_TCELL_DN","GSE39110_DAY3_VS_DAY6_POST_IMMUNIZATION_CD8_TCELL_DN",104,0.396821423727777,1.35870810301414,0.0389159512678892,0.834743687128519,0.834743687128519,5375,"tags=45%, list=26%, signal=34%","110197/16178/12477/14938/14939/231507/58205/108000/70218/11799/23834/26909/68743/110695/17858/17865/16571/26934/69716/19301/19348/18005/19362/21961/94214/67629/16970/16852/21973/12449/67103/67941/12704/12428/22137/16551/16881/12606/99899/52033/18817/108961/20878/17279/16647/12442/229841",0.321775918075361
"GSE2405_S_AUREUS_VS_UNTREATED_NEUTROPHIL_DN","GSE2405_S_AUREUS_VS_UNTREATED_NEUTROPHIL_DN",92,0.405432671238096,1.35647782854954,0.0436198279768245,0.834743687128519,0.834743687128519,5674,"tags=48%, list=27%, signal=35%","12526/12335/14938/12525/223864/108000/15366/70218/11799/26909/110695/110196/17345/233406/14229/26934/17219/19348/14056/74145/21877/105988/21973/12236/12449/19125/12326/72151/12428/12544/16881/19076/20148/52033/17863/56150/20878/66929/16647/229841/76464/52276/14297/66131",0.321775918075361
"GSE14415_TCONV_VS_FOXP3_KO_INDUCED_TREG_DN","GSE14415_TCONV_VS_FOXP3_KO_INDUCED_TREG_DN",107,0.399898368162008,1.35538324079066,0.020950410873205,0.605220175859533,0.605220175859533,6096,"tags=47%, list=29%, signal=33%","231507/58184/11799/68298/208628/16571/233406/26934/17219/69716/12419/17215/17216/20133/209737/67629/12189/11891/71819/170459/12236/22003/12721/15163/18393/72107/12428/12544/16551/12545/14211/52033/18817/27226/108961/70472/56150/20638/12566/108670/16647/12442/76464/52276/66131/66471/107513/28126/67895/20873",0.352487857583619
"GSE18804_SPLEEN_MACROPHAGE_VS_TUMORAL_MACROPHAGE_UP","GSE18804_SPLEEN_MACROPHAGE_VS_TUMORAL_MACROPHAGE_UP",73,-0.441855613137667,-1.3536765679025,0.0444444444444444,0.834743687128519,0.834743687128519,3643,"tags=25%, list=17%, signal=20%","20311/19988/76073/71648/13612/15901/216049/83814/21789/22113/12156/20745/15937/218038/56183/71412/12805/19824",0.282013350011725
"GSE34006_WT_VS_A2AR_KO_TREG_DN","GSE34006_WT_VS_A2AR_KO_TREG_DN",117,0.397244660302876,1.35212196734518,0.011821188937503,0.464142030763199,0.464142030763199,6859,"tags=50%, list=33%, signal=34%","626578/76074/23960/246727/246728/15018/246730/21354/231655/16912/547253/14964/16913/236573/20821/66892/54123/17858/22169/142688/14744/67775/667977/14469/18854/22035/16362/170743/21356/56045/69550/18115/20846/243771/12370/80861/17472/56417/68487/24110/100038882/67247/19171/20238/15040/67895/17308/12010/55932/98999/19766/80285/22032/231712/22670/14369/74043/58203/229003",0.380730400722792
"GSE22886_TCELL_VS_BCELL_NAIVE_UP","GSE22886_TCELL_VS_BCELL_NAIVE_UP",94,0.403784785327018,1.35193574473581,0.0347414785532163,0.807181600330462,0.807181600330462,5654,"tags=34%, list=27%, signal=25%","12481/16428/13482/58208/12501/12502/16818/16842/12516/12500/22637/17069/16408/14229/16197/94214/14462/23880/14469/12503/105445/14256/56045/66446/20364/12257/71683/13807/50931/13139/14297/22793",0.321775918075361
"GSE37416_CTRL_VS_6H_F_TULARENSIS_LVS_NEUTROPHIL_DN","GSE37416_CTRL_VS_6H_F_TULARENSIS_LVS_NEUTROPHIL_DN",87,-0.426667805806562,-1.35153647016726,0.0428082191780822,0.834743687128519,0.834743687128519,5713,"tags=45%, list=27%, signal=33%","15277/14272/17713/71844/18764/20439/104263/18035/16828/21991/11501/74185/18412/74142/18451/74747/14751/21941/14866/11520/60406/13806/193796/17319/18655/228026/72157/11674/18648/13638/12177/20893/70186/18787/12176/11676/50527/11535/223453",0.287857117255149
"HOWARD_DENDRITIC_CELL_INACT_MONOV_INFLUENZA_A_INDONESIA_05_2005_H5N1_AGE_18_49YO_1DY_UP","HOWARD_DENDRITIC_CELL_INACT_MONOV_INFLUENZA_A_INDONESIA_05_2005_H5N1_AGE_18_49YO_1DY_UP",89,0.403228084198103,1.35089912762854,0.045708118008659,0.841860428050392,0.841860428050392,5166,"tags=46%, list=25%, signal=35%","233079/14962/71939/434341/18606/15061/246727/109332/12516/15930/231507/21354/19039/12443/16912/667373/547253/16835/66892/54123/12286/22169/327959/672511/14129/68810/53314/14469/22035/16362/16906/20970/12258/20846/99899/24110/209086/21355/105827/100038882/108670",0.321775918075361
"FLETCHER_PBMC_BCG_10W_INFANT_BCG_STIMULATED_VS_UNSTIMULATED_10W_UP","FLETCHER_PBMC_BCG_10W_INFANT_BCG_STIMULATED_VS_UNSTIMULATED_10W_UP",87,-0.425474907269094,-1.34775777897787,0.0428082191780822,0.834743687128519,0.834743687128519,4037,"tags=38%, list=19%, signal=31%","17750/14066/16878/17873/218952/209027/59027/234734/17387/11486/19288/13614/14373/16175/16992/20303/240672/20704/58801/21789/20310/12985/16193/228775/22113/12709/69065/19225/21930/15937/20701/330122/18788",0.287857117255149
"GSE26669_CTRL_VS_COSTIM_BLOCK_MLR_CD4_TCELL_UP","GSE26669_CTRL_VS_COSTIM_BLOCK_MLR_CD4_TCELL_UP",94,0.402383241659585,1.34724315340829,0.0363480034174503,0.812493060112029,0.812493060112029,5102,"tags=35%, list=24%, signal=27%","19659/16963/12477/19378/11495/12614/54167/16191/434341/15930/21354/68298/54123/22169/110196/667823/13433/170439/672511/142688/230073/12419/58992/18854/21897/20877/21356/12370/80861/20850/209086/21355/20878",0.321775918075361
"GSE17721_CTRL_VS_CPG_1H_BMDC_DN","GSE17721_CTRL_VS_CPG_1H_BMDC_DN",71,0.418608635798848,1.346446968502,0.0418423809705369,0.834743687128519,0.834743687128519,706,"tags=11%, list=3%, signal=11%","16667/18096/14620/18109/13180/76722/209588/11548",0.321775918075361
"GSE8921_3H_VS_24H_TLR1_2_STIM_MONOCYTE_DN","GSE8921_3H_VS_24H_TLR1_2_STIM_MONOCYTE_DN",81,-0.42983209602525,-1.34597113845999,0.0439189189189189,0.834743687128519,0.834743687128519,4667,"tags=40%, list=22%, signal=31%","21929/13350/17119/18792/74318/54683/18626/75007/13039/14751/14066/17133/11520/66290/30960/383295/234734/17319/13614/20893/218630/16854/21942/16193/228775/22113/26415/11676/21930/20525/14064/319520",0.282013350011725
"GSE3982_MAST_CELL_VS_NKCELL_DN","GSE3982_MAST_CELL_VS_NKCELL_DN",71,0.418236020985555,1.34524845981663,0.0418423809705369,0.834743687128519,0.834743687128519,3848,"tags=30%, list=18%, signal=24%","17879/14857/209588/16491/16428/15006/11495/54390/59011/246727/407800/20972/20849/20716/26357/14991/67775/94214/15013/12988/18854",0.321775918075361
"GSE22886_CD8_TCELL_VS_BCELL_NAIVE_UP","GSE22886_CD8_TCELL_VS_BCELL_NAIVE_UP",87,0.411873631462321,1.34472534139783,0.0312012668662683,0.759535810270121,0.759535810270121,6074,"tags=39%, list=29%, signal=28%","12481/20304/58208/16185/14938/12502/18646/16842/12516/22637/19217/63913/16408/14229/16197/23880/14469/12503/11891/18541/16852/14256/16206/225115/208643/225845/13807/53416/50931/14297/22793/14245/107652/269951",0.352487857583619
"GSE35543_IN_VITRO_ITREG_VS_CONVERTED_EX_ITREG_UP","GSE35543_IN_VITRO_ITREG_VS_CONVERTED_EX_ITREG_UP",83,0.405103986813359,1.34468730013962,0.037883180544798,0.830642032291784,0.830642032291784,6848,"tags=58%, list=33%, signal=39%","19139/19039/11988/108000/77891/18968/11799/68298/242705/110052/17345/16571/26934/18005/18973/66570/98386/17218/12189/18541/105988/71819/12721/72151/12704/243771/19076/108961/56150/13555/12442/17220/52276/54141/14297/235559/56437/110033/20937/72155/70099/53379/23986/54124/12531/20460/14793/108907",0.321775918075361
"GSE1432_CTRL_VS_IFNG_24H_MICROGLIA_DN","GSE1432_CTRL_VS_IFNG_24H_MICROGLIA_DN",128,0.385404431766477,1.34276687329458,0.0195451309355638,0.605220175859533,0.605220175859533,5127,"tags=36%, list=25%, signal=27%","14962/209588/14969/15006/12265/71939/50908/246727/17329/14190/15930/21354/20343/19039/224674/16912/109032/16913/17069/54123/17858/14991/16169/67775/15013/14469/18854/14056/22035/16362/14102/55991/16906/66307/107970/16651/217845/12258/20846/243771/99899/110639/56417/257632/21355/100038882",0.352487857583619
"GSE9988_LPS_VS_CTRL_TREATED_MONOCYTE_UP","GSE9988_LPS_VS_CTRL_TREATED_MONOCYTE_UP",108,-0.412482982893367,-1.34164599649887,0.0334881797856159,0.785266808398817,0.785266808398817,5455,"tags=45%, list=26%, signal=34%","71712/192657/14825/71844/20439/18035/14221/26410/21929/12702/74747/16774/16153/230738/223775/17133/21985/17873/18793/13197/15205/12795/16518/12575/19252/13537/19288/13614/13636/17872/56708/14373/16175/83430/83814/20303/240672/12228/11839/20310/14528/12985/16193/22113/19225/21930/15937/330122/11535",0.321775918075361
"GSE22103_UNSTIM_VS_LPS_STIM_NEUTROPHIL_DN","GSE22103_UNSTIM_VS_LPS_STIM_NEUTROPHIL_DN",79,-0.423663811566418,-1.34092329865503,0.0456026058631922,0.841860428050392,0.841860428050392,4246,"tags=32%, list=20%, signal=25%","15370/11605/27060/17133/18030/383295/15205/11596/20620/234734/13836/19252/17130/16175/11910/20310/17701/228775/12709/15507/17988/193740/107869/103172/103988",0.271288554688953
"GSE41978_ID2_KO_VS_BIM_KO_KLRG1_LOW_EFFECTOR_CD8_TCELL_UP","GSE41978_ID2_KO_VS_BIM_KO_KLRG1_LOW_EFFECTOR_CD8_TCELL_UP",130,0.383140041637164,1.3407207176551,0.0274796225476868,0.720709653851575,0.720709653851575,5127,"tags=37%, list=25%, signal=28%","209588/16428/667277/71939/50908/246727/15930/15018/21354/231655/77647/19039/16912/667373/14964/109032/16913/16835/20821/54123/17858/13040/230073/14991/16169/67775/667977/14469/18854/16362/14102/11891/55991/21356/14256/74735/12266/69550/12258/20846/19264/243771/12370/56417/20296/68487/21355/100038882",0.352487857583619
"GSE14769_UNSTIM_VS_40MIN_LPS_BMDM_DN","GSE14769_UNSTIM_VS_40MIN_LPS_BMDM_DN",124,-0.403226005475432,-1.34071338634193,0.0391236306729265,0.834743687128519,0.834743687128519,5874,"tags=48%, list=28%, signal=34%","17386/67914/15007/23849/22038/18970/21950/18263/20482/14825/17210/20439/18035/20112/12192/26410/75234/74194/216850/16477/15982/21929/12702/64209/18412/20971/18712/16153/15936/230738/26419/17133/17873/104252/12579/18578/20393/20620/108767/17684/19252/21815/13537/19124/13654/17872/11910/74155/20303/240672/12608/20310/16621/19225/22339/15937/193740/319520/14042",0.287857117255149
"GSE45739_UNSTIM_VS_ACD3_ACD28_STIM_WT_CD4_TCELL_DN","GSE45739_UNSTIM_VS_ACD3_ACD28_STIM_WT_CD4_TCELL_DN",94,0.399806682203143,1.33861642215397,0.0399626868754194,0.834743687128519,0.834743687128519,2486,"tags=17%, list=12%, signal=15%","14945/12526/20304/15978/16963/16185/16643/14938/14103/12525/27007/18646/69454/14939/12183/54215",0.321775918075361
"GSE30971_WBP7_HET_VS_KO_MACROPHAGE_4H_LPS_STIM_UP","GSE30971_WBP7_HET_VS_KO_MACROPHAGE_4H_LPS_STIM_UP",87,-0.422327957403775,-1.33778932704669,0.0462328767123288,0.843683054320777,0.843683054320777,4888,"tags=34%, list=23%, signal=27%","19173/231130/21929/12494/67547/14782/230738/380921/18793/20698/20311/12795/320910/11674/11639/19124/19288/276919/14373/12228/26570/20310/21942/22113/26415/21930/17681/330122/11535/12465",0.276500599254472
"GSE41176_UNSTIM_VS_ANTI_IGM_STIM_BCELL_1H_UP","GSE41176_UNSTIM_VS_ANTI_IGM_STIM_BCELL_1H_UP",126,-0.40462674137723,-1.33711838100092,0.0352430036605914,0.807254038881499,0.807254038881499,3790,"tags=28%, list=18%, signal=23%","17873/18793/59027/20311/66168/16518/14284/12724/13537/19124/19288/14726/14373/16175/83430/20303/240672/12228/15512/26570/54371/21789/12608/20310/15116/21942/16193/19225/21930/15937/330122/103149/11535/77125/12672",0.321775918075361
"GARCIA_PINERES_PBMC_HPV_16_L1_VLP_AGE_18_25YO_STIMULATED_VS_UNSTIMULATED_0DY_VACCINATION_INDEPENDENT_UP","GARCIA_PINERES_PBMC_HPV_16_L1_VLP_AGE_18_25YO_STIMULATED_VS_UNSTIMULATED_0DY_VACCINATION_INDEPENDENT_UP",173,0.367046777202014,1.3363582353936,0.0122136949192967,0.472231792108686,0.472231792108686,4540,"tags=37%, list=22%, signal=29%","14804/12776/16529/233079/16780/14962/15978/56096/66058/227659/71939/50908/18606/58860/23960/53626/15061/246727/246728/17329/14939/14190/15930/246730/20295/231655/19039/12443/16912/667373/77891/109032/20821/15366/11799/17069/54123/12286/17858/20306/73149/327959/14129/230073/16169/67775/14200/50498/18854/14056/22035/16362/21877/14102/20877/105988/14086/16006/217845/69550/12258/21955/12428/12544",0.380730400722792
"GAUCHER_PBMC_YF_VAX_STAMARIL_UNKNOWN_AGE_10DY_UP","GAUCHER_PBMC_YF_VAX_STAMARIL_UNKNOWN_AGE_10DY_UP",125,0.377332735741595,1.33588906411651,0.0326870414789478,0.775136636836678,0.775136636836678,5166,"tags=38%, list=25%, signal=28%","243864/23960/15061/18646/246727/246728/15018/231507/246730/21354/231655/19039/11475/667373/547253/77891/109032/20821/17069/54123/17858/667823/327959/230073/68810/67775/66570/13058/14469/18854/22035/170743/21877/217845/69550/12258/20846/243771/80861/99899/56417/68487/12362/209086/21355/100038882/108670",0.321775918075361
"GSE10240_IL22_VS_IL22_AND_IL17_STIM_PRIMARY_BRONCHIAL_EPITHELIAL_CELLS_UP","GSE10240_IL22_VS_IL22_AND_IL17_STIM_PRIMARY_BRONCHIAL_EPITHELIAL_CELLS_UP",71,0.413139364809821,1.32885515908068,0.0487519518533913,0.875633461480237,0.875633461480237,1341,"tags=11%, list=6%, signal=11%","14945/12526/54139/14969/16184/12501/22163/13195",0.321775918075361
"GSE9509_LPS_VS_LPS_AND_IL10_STIM_IL10_KO_MACROPHAGE_20MIN_DN","GSE9509_LPS_VS_LPS_AND_IL10_STIM_IL10_KO_MACROPHAGE_20MIN_DN",83,0.399880864767471,1.32734986059124,0.0446475209259682,0.834743687128519,0.834743687128519,6828,"tags=47%, list=33%, signal=32%","243864/72043/21810/70218/68743/17865/17084/21915/18005/16154/74145/78733/14102/67196/16852/105988/71819/12428/22137/16551/69920/18442/108961/16647/12442/229841/14595/14127/66197/18969/12237/54208/104015/107823/54124/69019/15979/215387/18141",0.321775918075361
"GSE37416_0H_VS_48H_F_TULARENSIS_LVS_NEUTROPHIL_DN","GSE37416_0H_VS_48H_F_TULARENSIS_LVS_NEUTROPHIL_DN",78,-0.423241256046571,-1.32655582075434,0.0498281786941581,0.883783168360484,0.883783168360484,5792,"tags=42%, list=28%, signal=31%","66593/170750/66335/12166/14825/71844/18755/17254/21991/14089/66144/13685/22340/21941/17133/17873/24056/20698/60406/18641/228026/11674/13638/225849/17872/27362/70186/13198/83553/17988/50527/11535/11433",0.266350657088526
"GSE17721_LPS_VS_POLYIC_1H_BMDC_UP","GSE17721_LPS_VS_POLYIC_1H_BMDC_UP",91,-0.415958881526728,-1.32590119413579,0.0437710437710438,0.834743687128519,0.834743687128519,5193,"tags=36%, list=25%, signal=27%","13382/286940/74194/16007/319625/93759/16477/20492/60525/17750/223775/21928/17133/17873/20311/21857/12575/21815/16598/27362/16175/83430/74155/70026/11839/14748/17748/19016/12609/13874/15977/54368/16165",0.282013350011725
"GSE41176_WT_VS_TAK1_KO_ANTI_IGM_STIM_BCELL_24H_UP","GSE41176_WT_VS_TAK1_KO_ANTI_IGM_STIM_BCELL_24H_UP",108,-0.406741291720114,-1.32297051824837,0.0484652665589661,0.873582117868908,0.873582117868908,6278,"tags=37%, list=30%, signal=26%","19158/14283/66205/13358/107817/268980/22630/13177/18263/16449/27061/12192/286940/17254/21991/233016/74185/18412/21881/14782/11477/11605/18104/14085/13197/18984/14630/19252/102857/11852/22235/27362/53415/12161/19016/15368/12349/98363/12577/11535",0.261663521711573
"GSE39110_UNTREATED_VS_IL2_TREATED_CD8_TCELL_DAY6_POST_IMMUNIZATION_UP","GSE39110_UNTREATED_VS_IL2_TREATED_CD8_TCELL_DAY6_POST_IMMUNIZATION_UP",96,0.393882304952503,1.3227772269262,0.0279137588595546,0.721342799100225,0.721342799100225,3443,"tags=27%, list=16%, signal=23%","20304/14733/16529/16162/16184/11472/16185/16643/14938/12772/14103/27007/80901/12516/14939/12550/231507/16182/66892/12774/17345/26934/14357/14200/16154/12043",0.352487857583619
"GSE11961_FOLLICULAR_BCELL_VS_GERMINAL_CENTER_BCELL_DAY7_DN","GSE11961_FOLLICULAR_BCELL_VS_GERMINAL_CENTER_BCELL_DAY7_DN",83,-0.412987104664961,-1.32123914131983,0.0446428571428571,0.834743687128519,0.834743687128519,4055,"tags=23%, list=19%, signal=19%","17937/380921/17750/63828/234734/17319/12575/20255/15512/77037/20563/14584/22113/17883/20525/12686/14180/12845/13850",0.287857117255149
"GSE14769_UNSTIM_VS_80MIN_LPS_BMDM_DN","GSE14769_UNSTIM_VS_80MIN_LPS_BMDM_DN",115,-0.403312864272959,-1.31961048822061,0.0445641654559154,0.834743687128519,0.834743687128519,5713,"tags=44%, list=27%, signal=32%","15277/15200/23849/22038/12642/21950/14825/17210/20439/26410/75234/216850/16007/14609/64209/18412/16410/16153/15936/18591/230738/12226/223775/21928/17133/17873/18793/104252/59027/18030/14284/108767/17684/19252/21815/11504/13654/83430/11910/20303/240672/11770/18787/12608/20310/20339/12156/193740/319520/330122/15977",0.321775918075361
"GSE24142_EARLY_THYMIC_PROGENITOR_VS_DN2_THYMOCYTE_ADULT_DN","GSE24142_EARLY_THYMIC_PROGENITOR_VS_DN2_THYMOCYTE_ADULT_DN",112,0.380764400488665,1.31861732929014,0.0295579027171008,0.733876359128016,0.733876359128016,5151,"tags=40%, list=25%, signal=30%","15360/626578/16780/17907/16184/16428/58208/12477/76074/56460/14938/12502/13195/54390/16818/16842/12500/21838/236573/22781/16571/14229/16197/380684/18005/20133/11552/12503/21877/16970/16852/14256/69071/74734/12428/84544/19183/17472/52033/18817/56150/20878/21917/66929/26951",0.352487857583619
"GSE32164_ALTERNATIVELY_ACT_M2_VS_CMYC_INHIBITED_MACROPHAGE_DN","GSE32164_ALTERNATIVELY_ACT_M2_VS_CMYC_INHIBITED_MACROPHAGE_DN",117,0.387074081438818,1.31750384789148,0.0187071418926286,0.599694137254201,0.599694137254201,5144,"tags=35%, list=25%, signal=27%","21393/12335/17907/16191/12525/12516/319554/231507/12843/20343/74754/18968/13732/11799/23834/68743/19075/170439/16401/233406/26934/69716/12419/18005/14200/20775/80914/14056/16906/71819/21973/15270/74734/21788/72151/16551/16881/13167/16407/20878/66929",0.352487857583619
"GSE41867_DAY6_EFFECTOR_VS_DAY30_EXHAUSTED_CD8_TCELL_LCMV_CLONE13_UP","GSE41867_DAY6_EFFECTOR_VS_DAY30_EXHAUSTED_CD8_TCELL_LCMV_CLONE13_UP",94,0.392969546565618,1.31572460355191,0.0463067895560071,0.843683054320777,0.843683054320777,4579,"tags=34%, list=22%, signal=27%","13180/15978/16185/23960/246727/246728/14939/15018/231507/22779/246730/19039/110168/16912/667373/547253/14964/16913/98314/54123/667823/230073/667977/14469/16362/16161/12524/21356/20846/74018/76954/243771",0.321775918075361
"GSE18791_CTRL_VS_NEWCASTLE_VIRUS_DC_8H_DN","GSE18791_CTRL_VS_NEWCASTLE_VIRUS_DC_8H_DN",102,0.387242324301045,1.31568010928114,0.0409507251206228,0.834743687128519,0.834743687128519,5166,"tags=42%, list=25%, signal=32%","14962/12552/209588/71939/434341/15061/246727/246728/17329/15930/21354/231655/16427/19039/667373/547253/109032/20821/54123/17858/22169/667823/327959/672511/230073/68810/67775/18854/22035/16362/213498/12258/243771/80861/99899/56417/68487/24110/209086/12051/210106/100038882/108670",0.321775918075361
"HOWARD_MONOCYTE_INACT_MONOV_INFLUENZA_A_INDONESIA_05_2005_H5N1_AGE_18_49YO_1DY_UP","HOWARD_MONOCYTE_INACT_MONOV_INFLUENZA_A_INDONESIA_05_2005_H5N1_AGE_18_49YO_1DY_UP",110,0.385570861151325,1.3150118225512,0.0445977367170997,0.834743687128519,0.834743687128519,5166,"tags=45%, list=25%, signal=34%","233079/14962/209588/13346/71939/434341/18606/15061/246727/246728/109332/12516/15930/231507/21354/231655/15002/19039/16912/667373/547253/54123/19128/22169/12044/327959/672511/14129/68810/16169/67775/14469/18854/12190/22035/16362/11688/16161/16906/20970/12258/20846/14130/99899/20296/209086/21355/105827/100038882/108670",0.321775918075361
"GSE13547_2H_VS_12_H_ANTI_IGM_STIM_BCELL_DN","GSE13547_2H_VS_12_H_ANTI_IGM_STIM_BCELL_DN",114,0.37890557026072,1.31254737858471,0.0392808595928074,0.834743687128519,0.834743687128519,6266,"tags=45%, list=30%, signal=31%","14945/319554/231507/16364/77891/15366/11799/19075/17345/235293/12986/69716/19361/19362/209737/80914/67629/20425/78733/20877/16852/66307/15270/245688/16176/72107/12428/12544/19076/19183/13167/21854/52033/18817/56150/20878/66929/74237/12442/76464/17220/52276/54141/110033/50799/67895/66197/108062/18102/72155/12237",0.321775918075361
"GSE24142_EARLY_THYMIC_PROGENITOR_VS_DN2_THYMOCYTE_FETAL_UP","GSE24142_EARLY_THYMIC_PROGENITOR_VS_DN2_THYMOCYTE_FETAL_UP",100,0.381090384303699,1.31154302919491,0.0435314786183834,0.834743687128519,0.834743687128519,2342,"tags=19%, list=11%, signal=17%","54139/18109/12776/233079/15978/65963/72043/16643/12772/14103/58860/19309/246728/12766/12516/14190/15018/16182/12443",0.321775918075361
"GSE36888_UNTREATED_VS_IL2_TREATED_STAT5_AB_KNOCKIN_TCELL_2H_UP","GSE36888_UNTREATED_VS_IL2_TREATED_STAT5_AB_KNOCKIN_TCELL_2H_UP",100,-0.404472554883261,-1.31119423067449,0.0415282392026578,0.834743687128519,0.834743687128519,4667,"tags=34%, list=22%, signal=27%","21929/12702/74747/67547/67117/230738/74694/380921/19012/18793/20311/52118/12795/320910/14433/11674/12778/30805/19124/14373/16175/74155/20303/12228/26570/20704/20310/14528/21942/21930/20701/330122/20202/11535",0.287857117255149
"GSE42088_UNINF_VS_LEISHMANIA_INF_DC_24H_DN","GSE42088_UNINF_VS_LEISHMANIA_INF_DC_24H_DN",110,-0.391983599003422,-1.30872494403239,0.0436187399030695,0.834743687128519,0.834743687128519,4389,"tags=29%, list=21%, signal=23%","665563/381269/56324/11605/18104/13039/106628/218952/20311/14630/20348/11658/12745/17387/11486/14173/56221/11639/13614/71648/21789/20310/12985/21942/16193/112407/26458/17681/330122/333883/103149/71412",0.276500599254472
"GSE37416_0H_VS_6H_F_TULARENSIS_LVS_NEUTROPHIL_DN","GSE37416_0H_VS_6H_F_TULARENSIS_LVS_NEUTROPHIL_DN",100,-0.40269778396152,-1.30544088754833,0.0448504983388704,0.835175640023451,0.835175640023451,5570,"tags=38%, list=27%, signal=28%","231070/192657/71844/50523/104263/18035/14227/17254/328365/217692/18412/18451/246196/67117/271457/18132/18003/17133/18793/20698/13806/18578/12575/14433/228026/13537/13638/20893/70186/245865/12161/19746/108078/21930/15937/80879/16511/11535",0.276500599254472
"GSE36476_CTRL_VS_TSST_ACT_72H_MEMORY_CD4_TCELL_OLD_DN","GSE36476_CTRL_VS_TSST_ACT_72H_MEMORY_CD4_TCELL_OLD_DN",122,0.376921746603226,1.30076494489755,0.029067575032631,0.73176091154562,0.73176091154562,7981,"tags=60%, list=38%, signal=37%","16184/16364/108000/15366/23834/22256/17345/16571/26934/69716/19348/19361/66570/17216/14469/80914/67967/20425/21877/17218/54722/20877/105988/71819/21973/12236/12428/16551/14211/65970/17863/20878/21917/17279/12442/17220/54141/17217/110809/11655/16177/105148/14450/108062/20873/18102/21853/72119/12447/14719/13036/54124/215387/27395/14793/108907/433702/20135/14156/11465/14194/69367/12567/239739/226646/15354/107995/56088/103733/331026/226641/56451/22154",0.352487857583619
"GSE32164_RESTING_DIFFERENTIATED_VS_CMYC_INHIBITED_MACROPHAGE_DN","GSE32164_RESTING_DIFFERENTIATED_VS_CMYC_INHIBITED_MACROPHAGE_DN",113,0.374509916726649,1.30059927443085,0.0396085728437541,0.834743687128519,0.834743687128519,4669,"tags=28%, list=22%, signal=22%","20304/14733/65963/66058/12477/72043/16643/14938/12502/12772/14103/54390/16818/18646/16182/16913/12774/170439/68097/14357/14744/12323/53314/14462/80914/12503/14102/14256/15451/217845/21936/84544",0.321775918075361
"GOLDRATH_NAIVE_VS_EFF_CD8_TCELL_DN","GOLDRATH_NAIVE_VS_EFF_CD8_TCELL_DN",136,0.360627168601555,1.28916629105529,0.0398247536308607,0.834743687128519,0.834743687128519,5146,"tags=41%, list=25%, signal=31%","14945/12933/15978/14938/12772/14103/27007/18646/14939/14190/18566/16364/18968/13732/11799/23834/68743/12044/19075/12774/17345/16571/233406/19348/19361/18005/14200/20133/14056/27221/21877/17218/12189/20877/67196/22330/16852/21973/12266/15270/12449/12506/72151/53381/12428/12544/22137/16551/16881/19076/106795/108961/56150/20878/66929/16319",0.321775918075361
"GAUCHER_PBMC_YF_VAX_STAMARIL_UNKNOWN_AGE_7DY_UP","GAUCHER_PBMC_YF_VAX_STAMARIL_UNKNOWN_AGE_7DY_UP",169,0.354831354991579,1.28698109118733,0.0350051144810154,0.807254038881499,0.807254038881499,5166,"tags=36%, list=25%, signal=27%","233079/243864/21345/16149/227659/23960/70789/15061/18646/246727/246728/14939/15930/15018/231507/246730/21354/231655/19039/16533/11475/667373/547253/77891/109032/16835/20821/17069/54123/17858/12491/22169/667823/327959/14676/230073/68810/67775/66570/13058/14469/18854/22035/170743/12524/12267/217845/69550/12258/20846/243771/80861/99899/56417/257632/68487/209086/21355/216799/100038882/108670",0.321775918075361
"GSE22140_GERMFREE_VS_SPF_MOUSE_CD4_TCELL_UP","GSE22140_GERMFREE_VS_SPF_MOUSE_CD4_TCELL_UP",123,0.357295178022887,1.2628774161783,0.0444125517918229,0.834743687128519,0.834743687128519,5127,"tags=35%, list=25%, signal=27%","209588/12265/50908/23960/15061/16842/246728/17329/12516/15930/246730/21354/16364/231655/77891/109032/20821/54123/17858/12044/20306/327959/14129/16154/53314/23880/14469/18854/22035/16362/57265/12524/11891/21897/14645/217845/12258/84544/99899/12051/21355/18550/100038882",0.321775918075361
"ZAK_PBMC_MRKAD5_HIV_1_GAG_POL_NEF_AGE_20_50YO_1DY_DN","ZAK_PBMC_MRKAD5_HIV_1_GAG_POL_NEF_AGE_20_50YO_1DY_DN",261,0.330105289461388,1.2571608403819,0.0148242317610373,0.522161937147295,0.522161937147295,3470,"tags=18%, list=17%, signal=16%","14945/12773/12526/12481/20304/16491/16428/13482/14960/26411/17086/232370/12775/58208/12501/16185/16643/14938/18121/12502/12525/27007/54390/15001/16818/16842/12516/19139/22779/12500/16994/77647/15002/22637/235320/54215/18968/20849/20440/12487/68298/68275/14113/11732/16197/12419/12043/94214",0.380730400722792
