"ID","Description","setSize","enrichmentScore","NES","pvalue","p.adjust","qvalue","rank","leading_edge","core_enrichment","log2err"
"GSE19888_ADENOSINE_A3R_INH_PRETREAT_AND_ACT_BY_A3R_VS_TCELL_MEMBRANES_ACT_MAST_CELL_UP","GSE19888_ADENOSINE_A3R_INH_PRETREAT_AND_ACT_BY_A3R_VS_TCELL_MEMBRANES_ACT_MAST_CELL_UP",127,-0.650525603187552,-2.05027343051914,3.57736875932483e-09,1.81193727659802e-05,1.81193727659802e-05,3927,"tags=46%, list=20%, signal=37%","56791/16391/236573/13178/71586/246728/23960/19264/16186/80285/20846/20343/55932/246730/20821/16912/217069/75234/547253/240832/20847/14939/14696/76074/14991/21939/59027/16913/27007/74481/16168/20304/17472/54123/327959/11605/60533/80861/99899/69550/67775/16153/75345/21354/15958/22035/667034/100038882/231655/667373/17858/15959/15945/15018/24110/22169/15007/626578/58185",0.774939030136436
"GSE19888_CTRL_VS_TCELL_MEMBRANES_ACT_MAST_CELL_PRETREAT_A3R_INH_DN","GSE19888_CTRL_VS_TCELL_MEMBRANES_ACT_MAST_CELL_PRETREAT_A3R_INH_DN",114,-0.633815432433961,-1.9927219676577,4.03892487889017e-08,7.70121641085482e-05,7.70121641085482e-05,3726,"tags=44%, list=19%, signal=36%","13178/71586/246728/23960/16186/434341/17119/80285/19734/246730/20821/217069/547253/240832/20847/14939/21954/14696/14991/21939/16421/12227/16428/27007/74481/16168/20354/54123/231507/19288/11605/16408/50778/60533/69550/67775/75345/14938/15958/110168/667373/15945/15018/54199/24110/16193/22169/15007/58185/15977",0.719512826338911
"GSE22886_CTRL_VS_LPS_24H_DC_DN","GSE22886_CTRL_VS_LPS_24H_DC_DN",129,-0.629135523164018,-1.97981732193216,4.56143124038785e-08,7.70121641085482e-05,7.70121641085482e-05,4026,"tags=43%, list=20%, signal=35%","19252/56791/16391/230738/52668/17750/19419/71586/246728/20846/18124/13537/21985/16184/18412/16906/16912/14991/16913/14964/20304/17872/17681/15939/54123/327959/27218/12522/18578/58801/80861/99899/14962/69550/67775/75345/21354/12767/15958/50498/22035/100038882/70789/231655/22634/667373/193740/15959/14373/15018/24110/15007/217845/20297/15013/58185",0.719512826338911
"GSE35825_IFNA_VS_IFNG_STIM_MACROPHAGE_UP","GSE35825_IFNA_VS_IFNG_STIM_MACROPHAGE_UP",91,-0.632379389547218,-1.92687955687971,3.40552566214753e-06,0.00156808977079793,0.00156808977079793,4273,"tags=48%, list=22%, signal=38%","22695/13614/11988/17386/71982/20918/19252/230738/236573/19419/246728/23871/69241/20846/18641/55932/13685/12703/547253/16477/240832/20847/76074/21939/60406/17472/54123/14962/12515/20525/67775/12176/21354/15958/667373/17858/15945/54199/11910/22169/626578/14825/20310/58185",0.627256739718528
"GSE19888_ADENOSINE_A3R_INH_VS_ACT_WITH_INHIBITOR_PRETREATMENT_IN_MAST_CELL_UP","GSE19888_ADENOSINE_A3R_INH_VS_ACT_WITH_INHIBITOR_PRETREATMENT_IN_MAST_CELL_UP",109,-0.621293106460952,-1.92100916225029,9.90158165999957e-07,0.000933601021163121,0.000933601021163121,3927,"tags=51%, list=20%, signal=41%","56791/16391/20292/236573/13178/71586/71529/246728/23960/20957/22271/80285/20846/55932/246730/20821/16912/547253/20847/14939/14696/76074/14991/21939/16913/27007/74481/16168/14190/17472/54123/327959/60533/80861/99899/56720/12515/67775/16153/21354/15958/22035/667034/100038882/231655/667373/17858/15959/14460/15945/15018/24110/22169/15007/626578/58185",0.643551836150722
"GSE26030_TH1_VS_TH17_DAY5_POST_POLARIZATION_UP","GSE26030_TH1_VS_TH17_DAY5_POST_POLARIZATION_UP",103,-0.626345685087064,-1.91883460656313,9.98946414239233e-07,0.000933601021163121,0.000933601021163121,3914,"tags=44%, list=20%, signal=35%","16391/236573/71586/246728/23960/434341/80285/20846/246730/20821/547253/240832/20847/76074/59027/16168/17472/170768/54123/327959/231507/80861/99899/21908/12515/69550/67775/320007/13482/15958/22035/100038882/231655/667373/17858/15959/15945/15018/54199/24110/22169/15007/626578/58185/12715",0.643551836150722
"HOWARD_NEUTROPHIL_INACT_MONOV_INFLUENZA_A_INDONESIA_05_2005_H5N1_AGE_18_49YO_3DY_UP","HOWARD_NEUTROPHIL_INACT_MONOV_INFLUENZA_A_INDONESIA_05_2005_H5N1_AGE_18_49YO_3DY_UP",63,-0.654510205667249,-1.90149283915752,2.82318062393455e-05,0.00625831709332773,0.00625831709332773,3826,"tags=44%, list=19%, signal=36%","236573/17750/71586/246728/23960/55932/246730/547253/76074/74481/17472/327959/74735/60533/80861/99899/69550/67775/15958/100038882/231655/667373/17858/15959/24110/22169/626578/58185",0.575610261071129
"GSE37534_UNTREATED_VS_PIOGLITAZONE_TREATED_CD4_TCELL_PPARG1_AND_FOXP3_TRASDUCED_DN","GSE37534_UNTREATED_VS_PIOGLITAZONE_TREATED_CD4_TCELL_PPARG1_AND_FOXP3_TRASDUCED_DN",130,-0.592313745222152,-1.89417411123844,1.10594395399383e-06,0.000933601021163121,0.000933601021163121,4101,"tags=42%, list=21%, signal=33%","74747/224530/74646/72075/56791/16391/21355/52668/246728/23960/20846/107686/23897/246730/20821/16912/12703/15903/217069/75234/20847/14991/16913/50908/14313/17681/54123/327959/74735/17988/99899/17873/69550/67775/101488143/71939/21354/13482/15958/100038882/54725/231655/667373/17858/15959/15945/15018/24110/16193/11910/15007/217845/15013/58185",0.643551836150722
"HOWARD_MONOCYTE_INACT_MONOV_INFLUENZA_A_INDONESIA_05_2005_H5N1_AGE_18_49YO_1DY_UP","HOWARD_MONOCYTE_INACT_MONOV_INFLUENZA_A_INDONESIA_05_2005_H5N1_AGE_18_49YO_1DY_UP",110,-0.612846263395282,-1.88770340124898,1.52950571528305e-06,0.00104617567570262,0.00104617567570262,3951,"tags=45%, list=20%, signal=36%","12759/56791/21355/17750/12702/246728/434341/80285/20846/21817/55932/16906/16912/17829/547253/20847/21939/59027/74481/18952/170768/18712/54123/327959/231507/60533/99899/14962/12515/67775/71939/75345/21354/15958/15002/22035/100038882/11535/231655/667373/233079/15959/15945/13346/22169/12516/58185/14411/11688",0.643551836150722
"GSE42724_NAIVE_BCELL_VS_PLASMABLAST_UP","GSE42724_NAIVE_BCELL_VS_PLASMABLAST_UP",117,-0.604738975140287,-1.88280636323445,1.85894986798096e-06,0.00104617567570262,0.00104617567570262,3927,"tags=39%, list=20%, signal=32%","56791/16391/21355/52668/71586/246728/23960/434341/80285/20846/18412/55932/246730/20821/16912/13198/217069/547253/20847/14991/16421/74481/54123/327959/104001/80861/99899/14962/69550/67775/71939/21354/15958/22035/100038882/231655/667373/17858/15959/15945/24110/22169/217845/16427/15013/58185",0.643551836150722
"ERWIN_COHEN_BLOOD_VACCINE_TC_83_AGE_23_48YO_VACCINATED_VS_CONTROL_7DY_UP","ERWIN_COHEN_BLOOD_VACCINE_TC_83_AGE_23_48YO_VACCINATED_VS_CONTROL_7DY_UP",57,-0.675980369128091,-1.88257867935778,1.41030211298672e-05,0.00420187070722219,0.00420187070722219,3927,"tags=51%, list=20%, signal=41%","56791/52668/17750/71586/16658/246728/23960/80285/246730/547253/20847/54123/327959/74735/99899/67775/71939/15958/22035/100038882/231655/667373/17858/15959/15945/24110/22169/217845/58185",0.593325476396405
"GSE7509_UNSTIM_VS_IFNA_STIM_IMMATURE_DC_DN","GSE7509_UNSTIM_VS_IFNA_STIM_IMMATURE_DC_DN",111,-0.599643296119676,-1.8790819259614,6.33717276301548e-06,0.00229269857461953,0.00229269857461953,3843,"tags=47%, list=20%, signal=38%","13011/236573/74769/20266/12525/434341/17119/22271/16184/21817/99586/18796/16912/12703/16162/18566/217069/75234/18035/14696/76074/12142/16913/27007/74481/17472/20354/327959/74735/16408/99899/21838/12515/16818/12265/75345/14938/12501/13982/15958/22035/100038882/54167/17858/15959/15945/84544/54199/24110/12500/14945/626578",0.610526878385931
"GSE17974_IL4_AND_ANTI_IL12_VS_UNTREATED_24H_ACT_CD4_TCELL_DN","GSE17974_IL4_AND_ANTI_IL12_VS_UNTREATED_24H_ACT_CD4_TCELL_DN",61,-0.656647967313365,-1.8626869293366,5.80534018828676e-05,0.0101393269150595,0.0101393269150595,3839,"tags=59%, list=19%, signal=48%","52668/71586/14367/246728/23960/13733/246730/17748/17829/16162/14939/17384/327959/18578/80861/99899/16878/69550/75345/15958/14419/22035/100038882/231655/667373/17858/15959/15945/24110/11910/217845/16427/20297/241035/20310/20303",0.557332238758646
"GSE34006_A2AR_KO_VS_A2AR_AGONIST_TREATED_TREG_UP","GSE34006_A2AR_KO_VS_A2AR_AGONIST_TREATED_TREG_UP",110,-0.604130105341785,-1.86085568725256,3.31337255304097e-06,0.00156808977079793,0.00156808977079793,3935,"tags=43%, list=20%, signal=34%","72075/16391/236573/71586/246728/23960/228026/80285/20846/20343/55932/246730/20821/16912/217069/547253/16156/240832/20847/76074/14991/59027/16428/16913/14964/17472/54123/60533/80861/99899/69550/67775/21354/15958/22035/100038882/231655/17858/15959/15945/15018/54199/24110/22169/15007/626578/58185",0.627256739718528
"GSE9988_LPS_VS_VEHICLE_TREATED_MONOCYTE_UP","GSE9988_LPS_VS_VEHICLE_TREATED_MONOCYTE_UP",107,-0.590253978955699,-1.85683571406974,7.57194947083173e-06,0.00255679493798418,0.00255679493798418,4280,"tags=46%, list=22%, signal=36%","15381/19696/13614/16323/74747/20725/19252/22217/230738/20539/12702/20439/14221/223775/12457/13537/21985/16184/80859/18035/16175/12227/22113/17133/17872/12522/19288/58801/60533/13197/69065/17873/11839/108143/16153/75345/11535/83430/233079/14373/54199/16193/16780/330122/16176/14825/20297/20310/20303",0.610526878385931
"GSE42021_TREG_PLN_VS_TREG_PRECURSORS_THYMUS_DN","GSE42021_TREG_PLN_VS_TREG_PRECURSORS_THYMUS_DN",124,-0.583462104930243,-1.8470492007684,5.29607017600336e-06,0.00223538295345475,0.00223538295345475,3935,"tags=40%, list=20%, signal=32%","72075/56791/16909/16391/21355/52668/71586/246728/23960/16625/20846/13733/246730/20821/16912/12703/217069/75234/20847/14991/16913/14964/50908/16168/17133/54123/327959/74735/99899/14962/69550/71939/21354/12501/15958/22035/100038882/231655/667373/17858/15959/84544/15018/24110/15007/217845/15013/58185/18095/72434",0.610526878385931
"ERWIN_COHEN_BLOOD_TC_83_AGE_23_48YO_VACCINATED_VS_CONTROL_2DY_UP","ERWIN_COHEN_BLOOD_TC_83_AGE_23_48YO_VACCINATED_VS_CONTROL_2DY_UP",76,-0.621279375115846,-1.8369627626036,9.38446743803916e-05,0.0135806650210481,0.0135806650210481,3927,"tags=43%, list=20%, signal=35%","56791/52668/17750/71586/16658/246728/23960/80285/20846/55932/246730/12703/547253/20847/74481/54123/327959/60533/99899/69550/67775/71939/15958/22035/100038882/231655/667373/17858/15959/15945/24110/217845/58185",0.538434096309916
"GSE9988_LPS_VS_CTRL_TREATED_MONOCYTE_UP","GSE9988_LPS_VS_CTRL_TREATED_MONOCYTE_UP",107,-0.582839021764262,-1.83350955647954,1.28320666186727e-05,0.00406215108897357,0.00406215108897357,4280,"tags=46%, list=22%, signal=36%","15381/19696/13614/14702/16323/74747/20725/19252/22217/230738/12702/20439/14221/17118/12575/223775/12457/13537/21985/80859/18035/16175/12227/22113/17133/17872/170768/12522/19288/50778/60533/13197/17873/11839/22042/16153/11535/83430/233079/14373/54199/16193/330122/16176/14825/20310/20303/58860/12985",0.593325476396405
"GSE22432_MULTIPOTENT_PROGENITOR_VS_PDC_UP","GSE22432_MULTIPOTENT_PROGENITOR_VS_PDC_UP",68,-0.615004337163317,-1.82067339549694,0.000299370093401029,0.0239446005855233,0.0239446005855233,4642,"tags=43%, list=24%, signal=33%","72674/17069/193796/18626/12010/20725/13011/71586/20922/20846/16184/55932/14991/384009/18952/50905/231507/50778/15139/67775/15368/21354/12608/15018/22169/15007/15001/58185/14411",0.49849310876659
"GSE14000_UNSTIM_VS_4H_LPS_DC_TRANSLATED_RNA_DN","GSE14000_UNSTIM_VS_4H_LPS_DC_TRANSLATED_RNA_DN",105,-0.579800320054231,-1.80676976503174,3.54338938266043e-05,0.00664713600858336,0.00664713600858336,4043,"tags=42%, list=21%, signal=33%","17768/56791/107503/52668/12702/71586/17279/246728/23960/434341/80285/20846/18124/80859/246730/14066/218952/59027/74481/16168/20304/54123/327959/58801/60533/99899/67775/71939/75345/15958/22035/100038882/231655/667373/326623/17858/15959/24110/11910/22169/16176/217845/20303/58185",0.557332238758646
"GSE37301_HEMATOPOIETIC_STEM_CELL_VS_CD4_TCELL_DN","GSE37301_HEMATOPOIETIC_STEM_CELL_VS_CD4_TCELL_DN",38,-0.692782689340675,-1.80598057864824,0.000301199238574559,0.0239446005855233,0.0239446005855233,2786,"tags=39%, list=14%, signal=34%","21939/16643/14964/18646/140781/320007/12560/14938/15018/15007/20927/54390/21673/18548/72434",0.49849310876659
"GSE45365_CD8A_DC_VS_CD11B_DC_IFNAR_KO_MCMV_INFECTION_DN","GSE45365_CD8A_DC_VS_CD11B_DC_IFNAR_KO_MCMV_INFECTION_DN",39,-0.679842803842462,-1.80280288243964,0.000426933251641454,0.0305775734417416,0.0305775734417416,3157,"tags=46%, list=16%, signal=39%","80859/72169/14066/18035/12311/12227/320495/19288/99899/12504/19116/326623/11910/330122/14825/54426/20297/20310",0.49849310876659
"GSE14769_UNSTIM_VS_80MIN_LPS_BMDM_DN","GSE14769_UNSTIM_VS_80MIN_LPS_BMDM_DN",115,-0.576712840503695,-1.80090170272121,6.08914251788767e-06,0.00229269857461953,0.00229269857461953,4902,"tags=46%, list=25%, signal=35%","18030/24088/17210/14469/18591/229003/21815/11504/15200/225363/19696/17386/16154/19252/20292/230738/20439/319520/223775/12457/21817/18412/99929/14284/15903/75234/11770/59027/12227/12125/20304/17133/15939/12522/50778/12515/17873/16153/75345/50498/100038882/12608/83430/193740/54199/24110/11910/330122/16176/14825/20310/20303/15977",0.610526878385931
"GSE9988_LOW_LPS_VS_CTRL_TREATED_MONOCYTE_UP","GSE9988_LOW_LPS_VS_CTRL_TREATED_MONOCYTE_UP",113,-0.570146181689842,-1.80077774556591,3.10321889753274e-05,0.00628712148640133,0.00628712148640133,4280,"tags=45%, list=22%, signal=36%","15381/19696/13614/16323/74747/20725/19252/22217/230738/12702/20439/20266/223775/12457/18124/13537/21985/16184/80859/14066/18035/16175/12227/22113/17133/17872/170768/12522/19288/18578/50778/60533/13197/17873/11839/22042/16153/15370/11535/83430/14373/54199/16193/330122/16176/14825/20297/20310/20303/58860/12985",0.557332238758646
"GSE15324_NAIVE_VS_ACTIVATED_CD8_TCELL_UP","GSE15324_NAIVE_VS_ACTIVATED_CD8_TCELL_UP",46,-0.664684147912777,-1.80055592082613,0.000434666394433444,0.0305775734417416,0.0305775734417416,3612,"tags=48%, list=18%, signal=39%","246728/15446/229055/16477/56460/21939/20304/17691/327959/12265/18175/14960/242653/15959/21953/69787/18213/24110/22169/14945/15001/21673",0.49849310876659
"GSE21546_WT_VS_SAP1A_KO_DP_THYMOCYTES_UP","GSE21546_WT_VS_SAP1A_KO_DP_THYMOCYTES_UP",117,-0.577879401120776,-1.79918123081104,1.97267401636506e-05,0.00525873362783633,0.00525873362783633,3935,"tags=40%, list=20%, signal=32%","72075/56791/16391/21355/52668/17750/71586/246728/23960/19294/434341/80285/20846/246730/20821/16912/217069/547253/20847/14696/14991/16913/14964/74481/170768/54123/327959/74735/60533/80861/99899/69550/21354/15958/100038882/231655/667373/17858/15959/15945/15018/24110/22169/15007/217845/15013/58185",0.575610261071129
"GSE36891_POLYIC_TLR3_VS_PAM_TLR2_STIM_PERITONEAL_MACROPHAGE_UP","GSE36891_POLYIC_TLR3_VS_PAM_TLR2_STIM_PERITONEAL_MACROPHAGE_UP",75,-0.607854583496798,-1.79370653194746,0.000260775913453795,0.0239446005855233,0.0239446005855233,4972,"tags=59%, list=25%, signal=44%","19225/15937/14744/18030/24066/20971/11504/15200/22695/13614/19252/11758/17750/319520/11552/18124/13537/80859/74694/56722/14284/17392/16477/16175/12142/12227/20620/17133/20893/58801/50778/16878/16153/15370/12609/12608/193740/54199/16193/11910/330122/12477/14825/20310",0.49849310876659
"GSE2706_UNSTIM_VS_2H_R848_DC_DN","GSE2706_UNSTIM_VS_2H_R848_DC_DN",110,-0.581215942146323,-1.79027494558139,1.82888274631756e-05,0.00514627283894357,0.00514627283894357,4295,"tags=43%, list=22%, signal=34%","12051/19696/13614/16154/16323/22217/20292/230738/20539/12702/20439/223775/218215/18124/80859/17748/20527/18035/16175/14425/12227/20304/17133/17872/66270/58801/50778/13197/17873/75345/21354/77647/15958/100038882/326623/15959/15945/54199/16193/22169/330122/16176/14825/20310/20303/58185/11688",0.575610261071129
"GSE18791_UNSTIM_VS_NEWCATSLE_VIRUS_DC_10H_DN","GSE18791_UNSTIM_VS_NEWCATSLE_VIRUS_DC_10H_DN",101,-0.583910628649308,-1.7892762156374,6.2278891063807e-05,0.0102770703303862,0.0102770703303862,3707,"tags=37%, list=19%, signal=30%","71586/246728/19294/80285/20846/13733/55932/80859/547253/20847/74481/54123/327959/18578/58801/80861/99899/17873/67775/71939/21354/15958/22035/100038882/231655/17858/15959/15945/24110/16193/22169/330122/16427/14825/20310/58185/15977",0.538434096309916
"GSE14000_UNSTIM_VS_4H_LPS_DC_DN","GSE14000_UNSTIM_VS_4H_LPS_DC_DN",118,-0.567331926943275,-1.78383862593615,3.45188694909784e-05,0.00664713600858336,0.00664713600858336,3927,"tags=42%, list=20%, signal=33%","56791/16391/107503/52668/17750/71586/17279/246728/23960/223775/434341/80285/18124/80859/246730/20821/16912/547253/18035/59027/12227/74481/16168/20304/17681/54123/327959/58801/60533/99899/69550/67775/71939/75345/15958/22035/100038882/70789/231655/16197/667373/326623/15959/24110/11910/22169/16176/217845/20303",0.557332238758646
"GARCIA_PINERES_PBMC_HPV_16_L1_VLP_AGE_18_25YO_STIMULATED_VS_UNSTIMULATED_0DY_VACCINATION_INDEPENDENT_UP","GARCIA_PINERES_PBMC_HPV_16_L1_VLP_AGE_18_25YO_STIMULATED_VS_UNSTIMULATED_0DY_VACCINATION_INDEPENDENT_UP",172,-0.539506899206189,-1.77289137145005,1.82491917915235e-06,0.00104617567570262,0.00104617567570262,3927,"tags=42%, list=20%, signal=34%","56791/16909/20292/107503/21355/52668/17750/14200/22032/71586/246728/23960/19294/14958/12575/17119/53624/56096/246730/12428/381319/20821/16912/12703/14066/17829/68947/11799/14939/59027/22113/50908/16168/14313/17133/14190/18952/15507/17691/19218/54123/327959/54140/50778/99899/14962/16878/69550/67775/71939/50498/22035/100038882/21955/231655/667373/233079/17858/15959/14373/15945/53626/12776/24110/16193/16780/330122/217845/14825/20310/58860/14411",0.643551836150722
"MATSUMIYA_PBMC_MODIFIED_VACCINIA_ANKARA_VACCINE_AGE_18_55YO_2DY_UP","MATSUMIYA_PBMC_MODIFIED_VACCINIA_ANKARA_VACCINE_AGE_18_55YO_2DY_UP",46,-0.653134885723683,-1.76927024554555,0.000646645486005177,0.0404353010693361,0.0404353010693361,3914,"tags=50%, list=20%, signal=40%","16391/52668/71586/80285/20846/16912/16175/327959/99899/69550/15958/22035/100038882/667373/17858/15959/17167/15945/16193/217845/20202/20303/58185",0.477270815362862
"GSE18281_CORTICAL_VS_MEDULLARY_THYMOCYTE_UP","GSE18281_CORTICAL_VS_MEDULLARY_THYMOCYTE_UP",128,-0.554825441593346,-1.7564502919172,2.49519954362206e-05,0.00625831709332773,0.00625831709332773,3914,"tags=37%, list=20%, signal=30%","16391/20292/21355/17750/71586/19294/20846/21817/18412/55932/20821/13198/75234/18035/23882/14991/20620/16913/14964/20304/17872/54123/22361/228775/17873/11839/21354/15958/22035/100038882/12609/16149/20568/17858/15959/15945/15018/54199/24110/11910/22169/15007/16780/14825/20310/58185/15977",0.575610261071129
"GSE42021_TREG_VS_TCONV_PLN_UP","GSE42021_TREG_VS_TCONV_PLN_UP",137,-0.544960020509374,-1.75183209332127,2.96544146574266e-05,0.00625831709332773,0.00625831709332773,3935,"tags=38%, list=20%, signal=31%","72075/56791/16909/16391/21355/52668/71586/246728/23960/20846/246730/381319/20821/16912/12703/14284/75234/20847/14991/16913/14964/50908/16168/17133/54123/327959/74735/58801/99899/14962/69550/67775/71939/21354/15958/22035/100038882/12609/231655/667373/17858/15959/15945/15018/24110/11910/15007/217845/14825/15013/58185/18095",0.575610261071129
"GSE33424_CD161_INT_VS_NEG_CD8_TCELL_UP","GSE33424_CD161_INT_VS_NEG_CD8_TCELL_UP",117,-0.561572866090152,-1.74841214004615,6.29001343024624e-05,0.0102770703303862,0.0102770703303862,3914,"tags=36%, list=20%, signal=29%","16391/12465/236573/71586/246728/23960/16898/434341/80285/20846/246730/20821/547253/240832/20847/76074/59027/17472/170768/54123/327959/231507/60533/80861/99899/12515/67775/320007/13482/15958/22035/100038882/231655/667373/17858/15959/15945/54199/24110/22169/626578/58185",0.538434096309916
"GSE43863_TFH_VS_LY6C_LOW_CXCR5NEG_EFFECTOR_CD4_TCELL_UP","GSE43863_TFH_VS_LY6C_LOW_CXCR5NEG_EFFECTOR_CD4_TCELL_UP",100,-0.567346516660124,-1.747308416345,0.000177793928665544,0.0187609635143955,0.0187609635143955,3914,"tags=41%, list=20%, signal=33%","16391/230738/76854/52668/236573/12702/20947/20482/80285/20846/20343/55932/14718/16912/108079/547253/18035/240832/76074/59027/20304/17472/54123/56794/327959/27218/80861/17873/69550/67775/21354/15958/50498/110168/15945/54199/16193/22169/217845/626578/58185",0.518848077743792
"GSE37533_PPARG1_FOXP3_VS_FOXP3_TRANSDUCED_CD4_TCELL_DN","GSE37533_PPARG1_FOXP3_VS_FOXP3_TRANSDUCED_CD4_TCELL_DN",125,-0.552144895146272,-1.74504858339068,2.88098551820195e-05,0.00625831709332773,0.00625831709332773,3935,"tags=34%, list=20%, signal=28%","72075/56791/16391/21355/52668/20439/71586/246728/23960/20846/246730/20821/16912/12703/75234/20847/14991/16913/14964/16168/54123/327959/74735/80861/99899/69550/67775/71939/21354/15958/22035/100038882/231655/667373/17858/15959/15945/15018/24110/15007/217845/15013/58185",0.575610261071129
"GSE16522_MEMORY_VS_NAIVE_ANTI_CD3CD28_STIM_CD8_TCELL_DN","GSE16522_MEMORY_VS_NAIVE_ANTI_CD3CD28_STIM_CD8_TCELL_DN",112,-0.55830923769923,-1.74140431697369,8.95902485685893e-05,0.013346312029409,0.013346312029409,3949,"tags=39%, list=20%, signal=32%","26411/56791/11947/52668/236573/13007/19822/20266/12525/23960/54215/21936/14872/16186/20846/15382/246730/16912/18566/76074/14991/16421/20620/17075/103172/17472/54123/27218/112407/17988/16178/16153/12481/16149/12526/67182/667373/11472/15018/15007/217845/626578/14012/15001",0.538434096309916
"GSE20715_0H_VS_6H_OZONE_TLR4_KO_LUNG_UP","GSE20715_0H_VS_6H_OZONE_TLR4_KO_LUNG_UP",62,-0.602072890364506,-1.74093375119318,0.000915829074844947,0.0509013707009578,0.0509013707009578,3463,"tags=40%, list=18%, signal=33%","21936/67608/80285/228839/75234/14991/16643/27050/17384/17022/80861/16770/16818/12502/20391/14419/15002/12526/233079/15018/15007/12500/20202/12652/18095",0.477270815362862
"GSE3039_NKT_CELL_VS_ALPHAALPHA_CD8_TCELL_DN","GSE3039_NKT_CELL_VS_ALPHAALPHA_CD8_TCELL_DN",90,-0.572991687691826,-1.73827257775475,0.000140569552340447,0.0169257532275418,0.0169257532275418,4093,"tags=51%, list=21%, signal=41%","17086/17768/72075/21355/13011/19264/380713/21936/228026/16186/434341/19734/20846/13537/16185/236539/381319/18566/20847/14939/15896/16643/16428/14964/74481/20304/20354/18646/21838/16818/12502/75345/21354/12481/14938/12501/13482/667034/12487/12526/15018/15007/12500/14945/12477/12516",0.518848077743792
"GSE18791_CTRL_VS_NEWCASTLE_VIRUS_DC_4H_DN","GSE18791_CTRL_VS_NEWCASTLE_VIRUS_DC_4H_DN",89,-0.58815620235698,-1.73620577354129,7.49100344805769e-05,0.0118568538951288,0.0118568538951288,3879,"tags=42%, list=20%, signal=34%","67052/17750/71586/246728/434341/80285/18124/20821/217069/547253/20847/59027/74481/54123/327959/58801/60533/80861/99899/17873/67775/21354/19123/15958/22035/100038882/11535/21955/231655/667373/107970/17858/15959/15945/24110/22169/58185",0.538434096309916
"GSE13485_CTRL_VS_DAY3_YF17D_VACCINE_PBMC_DN","GSE13485_CTRL_VS_DAY3_YF17D_VACCINE_PBMC_DN",96,-0.56705093951549,-1.7324797286383,0.000111857058919531,0.0153123244169574,0.0153123244169574,3927,"tags=36%, list=20%, signal=29%","56791/14884/52668/71586/17118/246728/23960/80285/20846/246730/547253/20847/74481/16168/54123/327959/74735/231507/80861/99899/69550/67775/21354/15958/100038882/231655/667373/17858/15959/15945/12577/24110/22169/217845/58185",0.538434096309916
"GSE2706_R848_VS_R848_AND_LPS_2H_STIM_DC_DN","GSE2706_R848_VS_R848_AND_LPS_2H_STIM_DC_DN",88,-0.574793164506071,-1.7313284973789,0.000138165073132182,0.0169257532275418,0.0169257532275418,2987,"tags=35%, list=15%, signal=30%","16162/20847/16175/12142/59027/20304/17022/17872/19288/58801/80861/99899/14962/12515/110835/16153/75345/21354/15958/100038882/231655/667373/326623/15959/54199/16176/14825/20297/20310/58185/15977",0.518848077743792
"GSE21360_SECONDARY_VS_QUATERNARY_MEMORY_CD8_TCELL_UP","GSE21360_SECONDARY_VS_QUATERNARY_MEMORY_CD8_TCELL_UP",106,-0.564338455384206,-1.72958032664456,0.000168452786625399,0.0181534758352691,0.0181534758352691,3348,"tags=35%, list=17%, signal=29%","17119/13537/80859/18035/70350/16175/21939/384009/228608/20304/170768/15939/18712/18578/60533/17988/12515/17873/26570/20525/16153/75345/13507/50498/231655/16197/17858/54199/16193/16176/14825/20202/20310/20303/110308/58185/20724",0.518848077743792
"GSE18791_UNSTIM_VS_NEWCATSLE_VIRUS_DC_6H_DN","GSE18791_UNSTIM_VS_NEWCATSLE_VIRUS_DC_6H_DN",97,-0.560848492476278,-1.72661325530417,0.000164921459057107,0.0181534758352691,0.0181534758352691,3916,"tags=39%, list=20%, signal=32%","16909/16391/71586/246728/23960/434341/80285/20846/246730/12428/20821/12703/217069/547253/20847/11596/74481/20354/54123/327959/60533/80861/140781/99899/67775/71939/21354/15958/22035/100038882/231655/667373/17858/15959/15945/24110/22169/58185",0.518848077743792
"GSE6674_UNSTIM_VS_ANTI_IGM_STIM_BCELL_DN","GSE6674_UNSTIM_VS_ANTI_IGM_STIM_BCELL_DN",25,-0.712848247629516,-1.72654003573705,0.0024688000021658,0.0926257185997762,0.0926257185997762,2951,"tags=48%, list=15%, signal=41%","19227/269116/14723/16870/27050/117167/54123/15464/24110/16176/56788/12715",0.431707695803346
"NAKAYA_PBMC_FLUAD_MALE_AGE_14_27YO_1D_POSTBOOST_VS_0D_PREIMM_MF59_ADJUVANTED_1DY_GENES_IN_BTM_M40_AND_M53_DN","NAKAYA_PBMC_FLUAD_MALE_AGE_14_27YO_1D_POSTBOOST_VS_0D_PREIMM_MF59_ADJUVANTED_1DY_GENES_IN_BTM_M40_AND_M53_DN",29,-0.689879708329969,-1.7256299039645,0.00142369453825622,0.0655546621478886,0.0655546621478886,3766,"tags=69%, list=19%, signal=56%","19419/22637/23871/19883/14939/16428/20304/16818/12502/77647/12481/14938/12501/12487/16197/54167/84544/12500/14945/54390",0.45505986738723
"GSE21546_UNSTIM_VS_ANTI_CD3_STIM_ELK1_KO_DP_THYMOCYTES_UP","GSE21546_UNSTIM_VS_ANTI_CD3_STIM_ELK1_KO_DP_THYMOCYTES_UP",77,-0.588206455944925,-1.7248584892577,0.000265560745218374,0.0239446005855233,0.0239446005855233,3935,"tags=43%, list=20%, signal=34%","72075/16391/52668/23960/434341/80285/20846/246730/20821/217069/547253/20847/54123/327959/104001/99899/69550/67775/71939/17381/320007/21354/15958/100038882/231655/60345/667373/15959/24110/104174/22169/217845/58185",0.49849310876659
"GSE19888_ADENOSINE_A3R_INH_VS_TCELL_MEMBRANES_ACT_MAST_CELL_UP","GSE19888_ADENOSINE_A3R_INH_VS_TCELL_MEMBRANES_ACT_MAST_CELL_UP",98,-0.564209231547034,-1.72399645583893,0.000137237859115537,0.0169257532275418,0.0169257532275418,4069,"tags=46%, list=21%, signal=37%","70640/17768/56791/16391/236573/13178/71586/246728/23960/434341/80285/20846/55932/246730/20821/16912/217069/547253/240832/20847/14939/76074/21939/16643/16913/74481/17472/327959/60533/80861/99899/16178/67775/21354/15958/22035/100038882/667373/17858/15959/15945/24110/22169/626578/58185",0.518848077743792
"GSE5589_LPS_VS_LPS_AND_IL10_STIM_IL10_KO_MACROPHAGE_45MIN_DN","GSE5589_LPS_VS_LPS_AND_IL10_STIM_IL10_KO_MACROPHAGE_45MIN_DN",106,-0.561207104287113,-1.71998338494818,0.000211644864471849,0.020813230303152,0.020813230303152,3276,"tags=36%, list=17%, signal=30%","18124/13537/11958/16912/56722/13198/23882/14723/14991/21939/16421/16428/103172/50783/15939/327959/50778/60533/80861/26570/16818/12265/17381/15958/70789/54167/110168/15959/14373/15945/15018/54199/15007/12500/16176/12477/110197/11688",0.518848077743792
"GSE42021_CD24HI_VS_CD24LOW_TREG_THYMUS_DN","GSE42021_CD24HI_VS_CD24LOW_TREG_THYMUS_DN",103,-0.561394044449626,-1.71985270443533,0.000108028045648152,0.0151989458668858,0.0151989458668858,3916,"tags=38%, list=20%, signal=30%","16909/16391/52668/71586/246728/23960/20343/99586/246730/381319/12703/75234/14991/14964/17022/14313/54123/327959/74735/99899/14962/69550/15958/22035/100038882/231655/667373/17858/15959/15945/15018/24110/11910/15007/217845/15013/58185/18095/16846",0.538434096309916
"GSE14769_UNSTIM_VS_60MIN_LPS_BMDM_DN","GSE14769_UNSTIM_VS_60MIN_LPS_BMDM_DN",129,-0.545757689246043,-1.71743684303976,5.44268381963644e-05,0.00984542626659235,0.00984542626659235,5441,"tags=50%, list=28%, signal=36%","74155/15902/16362/12156/78889/24064/21888/14579/19225/15937/24088/17210/15982/21815/56458/225363/19696/17386/16154/97165/19252/20292/230738/20439/319520/14367/268301/20482/17119/12457/13537/17164/18412/99929/14284/14066/15903/75234/11770/14991/12227/20620/14964/12125/20304/15939/18712/12522/12515/18263/17873/16153/75345/12608/193740/15018/54199/11910/15007/330122/16176/14825/20310/20303",0.557332238758646
"GSE7852_TREG_VS_TCONV_FAT_UP","GSE7852_TREG_VS_TCONV_FAT_UP",99,-0.544381819042394,-1.71240454728787,0.000244703542332477,0.0233853479606415,0.0233853479606415,4428,"tags=38%, list=22%, signal=30%","21815/12051/22695/16154/19252/230738/319520/20947/15446/12575/21936/16416/67426/19734/21985/17164/228839/18412/80859/216456/17349/18566/66109/18508/12142/50786/11520/14190/70574/17988/11839/16178/67252/50498/15945/11910/18548/11688",0.49849310876659
"FRANCO_BLOOD_SANOFI_PASTEUR_SA_INACTIVATED_INFLUENZA_VACCINE_CORRELATED_WITH_ANTIBODY_RESPONSE_AGE_18_40YO_1DY_POSITIVE","FRANCO_BLOOD_SANOFI_PASTEUR_SA_INACTIVATED_INFLUENZA_VACCINE_CORRELATED_WITH_ANTIBODY_RESPONSE_AGE_18_40YO_1DY_POSITIVE",82,-0.580255434412943,-1.71133412228982,0.000253335097432212,0.0237618938610028,0.0237618938610028,3927,"tags=39%, list=20%, signal=31%","56791/16909/107503/17750/71586/246728/23960/80285/20846/55932/246730/16912/547253/20847/74481/16168/14190/54123/327959/80861/99899/21354/100038882/16149/231655/667373/17858/15959/11910/22169/58185/14411",0.49849310876659
"HOEK_NEUTROPHIL_2011_2012_TIV_ADULT_7DY_DN","HOEK_NEUTROPHIL_2011_2012_TIV_ADULT_7DY_DN",25,-0.706372416091601,-1.71085537571007,0.00298401596468894,0.105692593434612,0.105692593434612,4189,"tags=60%, list=21%, signal=47%","15199/236573/246728/23960/246730/76074/74481/17472/99899/67775/100038882/11910/22169/626578/58185",0.431707695803346
"GSE40685_TREG_VS_FOXP3_KO_TREG_PRECURSOR_UP","GSE40685_TREG_VS_FOXP3_KO_TREG_PRECURSOR_UP",97,-0.555664436522371,-1.71065375849473,0.000213679758294947,0.020813230303152,0.020813230303152,4302,"tags=45%, list=22%, signal=36%","12010/12051/54483/71982/56791/16391/52668/246728/18655/54215/434341/80285/20846/55932/20821/16912/12703/75234/547253/20847/14991/59027/16913/74481/17691/18712/327959/54195/67775/71939/60596/21354/13982/15958/22035/231655/17858/15959/15018/15007/217845/241035/15013/58185",0.518848077743792
"GSE24142_EARLY_THYMIC_PROGENITOR_VS_DN2_THYMOCYTE_FETAL_DN","GSE24142_EARLY_THYMIC_PROGENITOR_VS_DN2_THYMOCYTE_FETAL_DN",85,-0.571929531897311,-1.70959343242492,0.000396772785262278,0.0291254225703397,0.0291254225703397,3538,"tags=41%, list=18%, signal=34%","15112/67451/20733/104271/16184/20343/13038/73710/18566/23882/70350/56460/14425/16367/14121/20528/20893/21838/13850/12502/77647/14938/12767/12501/14419/108096/14415/14373/12500/20202/14012/20724/170761/23919/17884",0.49849310876659
"GSE18281_SUBCAPSULAR_VS_CENTRAL_CORTICAL_REGION_OF_THYMUS_DN","GSE18281_SUBCAPSULAR_VS_CENTRAL_CORTICAL_REGION_OF_THYMUS_DN",112,-0.547938629173822,-1.70905768676171,0.000148763497366897,0.0169257532275418,0.0169257532275418,4208,"tags=40%, list=21%, signal=32%","54483/71982/72075/56791/21355/12702/66102/246728/23960/268301/12575/17319/22271/20846/20343/80859/246730/16912/12703/547253/240832/20847/14696/21939/60406/16913/27007/16168/20304/54123/11898/50778/60533/80861/99899/21354/15958/667034/231655/15959/54199/24110/22169/20202/58185",0.518848077743792
"GSE9316_IL6_KO_VS_IFNG_KO_INVIVO_EXPANDED_CD4_TCELL_DN","GSE9316_IL6_KO_VS_IFNG_KO_INVIVO_EXPANDED_CD4_TCELL_DN",139,-0.527777400264628,-1.70818308036815,8.02625018192256e-05,0.0123190779307387,0.0123190779307387,3983,"tags=40%, list=20%, signal=32%","74646/72075/20292/230738/12702/14221/23960/12575/22271/16184/80859/246730/381319/12703/17748/56722/13198/16324/16162/107272/18035/23882/240832/14939/14696/21939/384009/20620/74481/16168/20304/17133/54123/80861/19378/14962/16878/17873/69550/67775/16153/21354/14938/50498/22035/667034/231655/17858/17167/15945/54199/11910/14825/20310/20303/12985",0.538434096309916
"GSE10325_MYELOID_VS_LUPUS_MYELOID_DN","GSE10325_MYELOID_VS_LUPUS_MYELOID_DN",104,-0.557000400351671,-1.70795450990748,0.000193582529977874,0.0200101125375088,0.0200101125375088,3312,"tags=31%, list=17%, signal=26%","22271/20846/16906/20527/11520/20354/18712/117167/54123/327959/80861/99899/50527/67775/71939/21354/15958/100038882/70789/11535/231655/667373/233079/17858/15959/17167/15945/15018/24110/15007/217845/58185",0.518848077743792
"GSE2706_UNSTIM_VS_2H_LPS_DC_DN","GSE2706_UNSTIM_VS_2H_LPS_DC_DN",117,-0.548086970729751,-1.70642488497865,0.000149511163589284,0.0169257532275418,0.0169257532275418,4263,"tags=38%, list=22%, signal=30%","19696/13614/16154/16323/22217/19245/230738/107503/12702/19419/20439/71586/12575/223775/218215/18124/13537/80859/547253/18035/16175/14425/59027/12227/54123/50778/60533/13197/99899/17873/16153/21354/100038882/231655/83430/667373/15959/15945/54199/16193/11910/330122/14825/20310/15977",0.518848077743792
"GSE20715_0H_VS_24H_OZONE_LUNG_UP","GSE20715_0H_VS_24H_OZONE_LUNG_UP",80,-0.566365652812582,-1.70535475953902,0.000973986211858759,0.0509013707009578,0.0509013707009578,4171,"tags=42%, list=21%, signal=34%","97165/17086/26411/23945/20230/16909/13007/19264/23871/67451/16186/21808/20343/110695/20821/66109/14696/15896/12142/14964/20304/20354/16367/20452/104001/12502/12481/12767/22035/15018/15007/16963/20202/12516",0.477270815362862
"GSE25085_FETAL_BM_VS_ADULT_BM_SP4_THYMIC_IMPLANT_UP","GSE25085_FETAL_BM_VS_ADULT_BM_SP4_THYMIC_IMPLANT_UP",104,-0.555847404863012,-1.70441902978302,0.000205404140868918,0.0208074394700214,0.0208074394700214,4705,"tags=40%, list=24%, signal=31%","20971/17069/50708/229003/17386/17768/11492/72075/12702/71586/246728/12462/16592/55932/20821/13198/75234/547253/59069/14683/21939/16913/14964/74481/17872/20354/54123/74735/18578/67775/15958/100038882/231655/16197/15959/12577/15018/11910/22169/15007/20303/58185",0.518848077743792
"GSE19401_PLN_VS_PEYERS_PATCH_FOLLICULAR_DC_DN","GSE19401_PLN_VS_PEYERS_PATCH_FOLLICULAR_DC_DN",102,-0.553671634862767,-1.70433010884016,0.000281504435743516,0.0239446005855233,0.0239446005855233,4652,"tags=38%, list=24%, signal=29%","12858/107029/19662/22234/18648/12709/107503/21355/57296/20638/80914/12575/22271/23897/21817/20821/13717/75234/16913/17133/17872/17681/16404/327959/99899/15465/21354/15958/231655/667373/17858/15959/16193/330122/16176/14825/20310/20303/58185",0.49849310876659
"GSE18791_CTRL_VS_NEWCASTLE_VIRUS_DC_8H_DN","GSE18791_CTRL_VS_NEWCASTLE_VIRUS_DC_8H_DN",102,-0.553457592681198,-1.70367123720643,0.000287162769204094,0.0239446005855233,0.0239446005855233,3387,"tags=38%, list=17%, signal=32%","218215/434341/80285/21808/55932/20821/13198/217069/547253/20847/59027/74481/16168/20354/54123/327959/58801/60533/80861/99899/14962/17873/67775/71939/21354/15958/22035/100038882/231655/14415/667373/17858/15959/15945/24110/22169/16427/58185/15977",0.49849310876659
"GSE37534_GW1929_VS_PIOGLITAZONE_TREATED_CD4_TCELL_PPARG1_FOXP3_TRANSDUCED_UP","GSE37534_GW1929_VS_PIOGLITAZONE_TREATED_CD4_TCELL_PPARG1_FOXP3_TRANSDUCED_UP",77,-0.580867278017804,-1.70333706047394,0.000389038422976464,0.0289776413584675,0.0289776413584675,3188,"tags=36%, list=16%, signal=31%","20343/18796/246730/20821/16912/12578/107995/56213/14991/16421/14964/15507/74735/69550/13082/15958/100038882/231655/15464/15018/12335/15007/15214/217845/15013/58185/17884/18548",0.49849310876659
"SCHERER_PBMC_APSV_WETVAX_AGE_18_40YO_JOINT_TO_VACCINIA_AND_YELLOW_FEVER_UP","SCHERER_PBMC_APSV_WETVAX_AGE_18_40YO_JOINT_TO_VACCINIA_AND_YELLOW_FEVER_UP",45,-0.63891483826008,-1.69820156536837,0.000941413731920208,0.0509013707009578,0.0509013707009578,3916,"tags=51%, list=20%, signal=41%","16909/16391/52668/17118/246728/23960/246730/20821/16912/327959/99899/21354/15958/22035/100038882/16149/12608/20701/667373/17858/15959/24110/217845",0.477270815362862
"SCHERER_PBMC_YF_VAX_AGE_18_40YO_JOINT_TO_VACCINIA_AND_YELLOW_FEVER_UP","SCHERER_PBMC_YF_VAX_AGE_18_40YO_JOINT_TO_VACCINIA_AND_YELLOW_FEVER_UP",45,-0.63891483826008,-1.69820156536837,0.000941413731920208,0.0509013707009578,0.0509013707009578,3916,"tags=51%, list=20%, signal=41%","16909/16391/52668/17118/246728/23960/246730/20821/16912/327959/99899/21354/15958/22035/100038882/16149/12608/20701/667373/17858/15959/24110/217845",0.477270815362862
"GSE9988_LOW_LPS_VS_VEHICLE_TREATED_MONOCYTE_UP","GSE9988_LOW_LPS_VS_VEHICLE_TREATED_MONOCYTE_UP",110,-0.550048018396142,-1.69427077750973,0.000150376879612908,0.0169257532275418,0.0169257532275418,5441,"tags=54%, list=28%, signal=39%","74155/16169/15902/230734/22166/14579/23872/19225/15937/12363/13874/226419/20971/15381/19696/13614/16323/74747/20725/19252/22217/230738/20539/12702/20439/14221/223775/12457/13537/21985/16184/80859/14066/18035/16175/22113/17133/17872/12522/19288/58801/60533/13197/17873/11839/108143/16153/75345/11535/83430/14373/54199/16780/330122/16176/14825/20297/20310/20303",0.518848077743792
"HOWARD_NEUTROPHIL_INACT_MONOV_INFLUENZA_A_INDONESIA_05_2005_H5N1_AGE_18_49YO_1DY_UP","HOWARD_NEUTROPHIL_INACT_MONOV_INFLUENZA_A_INDONESIA_05_2005_H5N1_AGE_18_49YO_1DY_UP",182,-0.509503950289173,-1.68927743512283,2.8899369716955e-05,0.00625831709332773,0.00625831709332773,3927,"tags=34%, list=20%, signal=28%","56791/16391/21355/236573/17750/20439/71586/14367/246728/23960/380713/434341/80285/20846/55932/246730/20821/16912/12703/15903/547253/23882/20847/76074/16913/74481/17133/17472/18952/54123/12224/327959/18578/60533/80861/99899/12515/17873/14999/15139/69550/67775/17242/71939/12265/75345/21354/15958/15002/100038882/16149/231655/667373/17858/15959/14969/54199/11910/22169/626578/12516/58185",0.575610261071129
"GSE22103_UNSTIM_VS_LPS_STIM_NEUTROPHIL_DN","GSE22103_UNSTIM_VS_LPS_STIM_NEUTROPHIL_DN",79,-0.560755045829809,-1.68920111059604,0.000748885421916538,0.0462573739269179,0.0462573739269179,4441,"tags=42%, list=23%, signal=32%","103988/20085/110826/12709/19252/72075/14884/114663/68603/12457/30794/81489/236539/107995/16175/11596/20620/12125/103172/50783/17133/15507/107869/11605/17988/228775/15370/193740/21957/11910/22061/16176/20310",0.477270815362862
"GSE33374_CD8_ALPHAALPHA_VS_ALPHABETA_CD161_HIGH_TCELL_DN","GSE33374_CD8_ALPHAALPHA_VS_ALPHABETA_CD161_HIGH_TCELL_DN",104,-0.550628138435065,-1.68841496653927,0.000305801956342575,0.0239446005855233,0.0239446005855233,4128,"tags=35%, list=21%, signal=28%","74142/27412/12709/17768/224530/14733/20230/24030/71586/21936/17164/16912/18035/16643/384009/16913/21943/20304/18646/21838/15451/16818/12502/21354/14938/12501/15958/100038882/12487/11472/15959/15945/15018/15007/54390/11688",0.49849310876659
"GSE21927_SPLEEN_C57BL6_VS_4T1_TUMOR_BALBC_MONOCYTES_DN","GSE21927_SPLEEN_C57BL6_VS_4T1_TUMOR_BALBC_MONOCYTES_DN",102,-0.547617461140362,-1.68569395356412,0.000376375916168648,0.0284528957521523,0.0284528957521523,3927,"tags=30%, list=20%, signal=24%","56791/16391/17750/276770/71586/246728/23960/67946/246730/20821/20847/14991/16913/54123/327959/74735/80861/99899/69550/67775/71939/15958/100038882/231655/667373/17858/15959/15018/24110/15007/58185",0.49849310876659
"GSE28726_NAIVE_VS_ACTIVATED_NKTCELL_UP","GSE28726_NAIVE_VS_ACTIVATED_NKTCELL_UP",80,-0.559250630881467,-1.68393107952913,0.00135166600087708,0.0633906323559482,0.0633906323559482,3707,"tags=39%, list=19%, signal=32%","71586/23972/15446/74105/11876/81489/18641/76238/66071/16477/18508/16870/17691/18712/18188/12224/67815/76703/13197/17242/12560/12767/13982/15002/53318/11474/19309/69169/54426/54390/21393",0.45505986738723
"LI_PBMC_MENACTRA_AGE_18_45YO_CORRELATED_WITH_ANTI_DT_ANTIBODY_3DY_NEGATIVE","LI_PBMC_MENACTRA_AGE_18_45YO_CORRELATED_WITH_ANTI_DT_ANTIBODY_3DY_NEGATIVE",25,-0.693043094957039,-1.67857135640505,0.00528872503781596,0.150490968070437,0.150490968070437,2730,"tags=52%, list=14%, signal=45%","14964/20304/12522/18578/12504/14960/83430/15018/15007/16176/14825/20297/20303",0.407017918923954
"QUEREC_PBMC_YF_17D_VACCINE_AGE_18_45YO_3DY_UP","QUEREC_PBMC_YF_17D_VACCINE_AGE_18_45YO_3DY_UP",41,-0.637764582517287,-1.6769445822082,0.0046599950542985,0.142185993674831,0.142185993674831,3839,"tags=51%, list=19%, signal=41%","52668/71586/246728/23960/80285/20846/246730/54123/327959/80861/99899/16153/15958/100038882/231655/667373/17858/15959/15945/217845/58185",0.407017918923954
"QUEREC_PBMC_YF_17D_VACCINE_AGE_18_45YO_7DY_UP","QUEREC_PBMC_YF_17D_VACCINE_AGE_18_45YO_7DY_UP",41,-0.637764582517287,-1.6769445822082,0.0046599950542985,0.142185993674831,0.142185993674831,3839,"tags=51%, list=19%, signal=41%","52668/71586/246728/23960/80285/20846/246730/54123/327959/80861/99899/16153/15958/100038882/231655/667373/17858/15959/15945/217845/58185",0.407017918923954
"GSE17580_TREG_VS_TEFF_S_MANSONI_INF_DN","GSE17580_TREG_VS_TEFF_S_MANSONI_INF_DN",65,-0.580160543629774,-1.67397231715182,0.00107371513385657,0.0549330015452881,0.0549330015452881,3766,"tags=35%, list=19%, signal=29%","19419/246728/74134/54132/228026/30794/15382/16428/20304/11433/18646/13197/320007/15958/17907/12487/14373/12862/18213/14945/16183/11937/21673",0.45505986738723
"GSE22886_NAIVE_CD8_TCELL_VS_NEUTROPHIL_DN","GSE22886_NAIVE_CD8_TCELL_VS_NEUTROPHIL_DN",82,-0.567282231535162,-1.67307255084483,0.000499285678734364,0.0341740805782372,0.0341740805782372,3139,"tags=39%, list=16%, signal=33%","68481/56213/56722/269116/70350/16870/59027/69253/14190/19736/209378/16878/16770/26570/12504/22035/12609/12608/20701/69787/15018/54199/71854/15007/13983/330122/16176/14825/20202/20310/23919/110197",0.477270815362862
"GSE9988_ANTI_TREM1_VS_LOW_LPS_MONOCYTE_DN","GSE9988_ANTI_TREM1_VS_LOW_LPS_MONOCYTE_DN",106,-0.544993207398854,-1.6702911536132,0.000536296087223333,0.0357413116024498,0.0357413116024498,3900,"tags=36%, list=20%, signal=29%","230738/12702/20439/20266/17118/229055/223775/218215/15191/12457/13537/80859/75234/18035/16175/170768/15939/12522/231507/19288/18578/58801/60533/13197/16153/50498/231655/83430/233079/14373/16193/330122/16176/14825/20297/20310/20303/12985",0.477270815362862
"GSE20715_0H_VS_48H_OZONE_TLR4_KO_LUNG_UP","GSE20715_0H_VS_48H_OZONE_TLR4_KO_LUNG_UP",89,-0.565564283902529,-1.66951563391715,0.000274573455318013,0.0239446005855233,0.0239446005855233,4563,"tags=42%, list=23%, signal=32%","20855/12039/232232/50706/17086/56791/12518/29857/19264/26399/67426/20343/13170/353187/20527/21954/15896/24131/16643/27050/12227/16168/69253/18952/228775/16818/12502/11516/21354/14938/12741/22035/12500/16780/14077/15001/21393",0.49849310876659
"GSE14000_UNSTIM_VS_16H_LPS_DC_TRANSLATED_RNA_DN","GSE14000_UNSTIM_VS_16H_LPS_DC_TRANSLATED_RNA_DN",89,-0.562580191919553,-1.66070675337001,0.000307285101294968,0.0239446005855233,0.0239446005855233,3707,"tags=36%, list=19%, signal=29%","71586/17279/246728/434341/18124/16184/80859/66109/218952/20847/14723/16168/20304/54123/54195/18578/58801/60533/71939/75345/15958/50498/22035/667373/17858/15959/24110/11910/22169/20297/20303/58185",0.49849310876659
"HOFT_CD4_POSITIVE_ALPHA_BETA_MEMORY_T_CELL_BCG_VACCINE_AGE_18_45YO_56D_TOP_100_DEG_AFTER_IN_VITRO_RE_STIMULATION_DN","HOFT_CD4_POSITIVE_ALPHA_BETA_MEMORY_T_CELL_BCG_VACCINE_AGE_18_45YO_56D_TOP_100_DEG_AFTER_IN_VITRO_RE_STIMULATION_DN",23,-0.702239285934796,-1.66045068842414,0.0029532695710692,0.105340213925813,0.105340213925813,1432,"tags=26%, list=7%, signal=24%","231655/667373/15959/330122/14825/20310",0.431707695803346
"GSE13485_DAY3_VS_DAY7_YF17D_VACCINE_PBMC_DN","GSE13485_DAY3_VS_DAY7_YF17D_VACCINE_PBMC_DN",107,-0.527718639412594,-1.66011048053458,0.000432436282573328,0.0305775734417416,0.0305775734417416,4127,"tags=39%, list=21%, signal=31%","73804/52033/56791/52668/14200/71586/17118/246728/23960/19139/80285/20846/246730/217069/547253/228608/54123/327959/18441/231507/80861/99899/17873/67775/71939/21354/15958/22035/100038882/20510/231655/667373/233079/17858/15959/15945/24110/22169/217845/20297/20303/58185",0.49849310876659
"GSE2706_UNSTIM_VS_2H_LPS_AND_R848_DC_DN","GSE2706_UNSTIM_VS_2H_LPS_AND_R848_DC_DN",118,-0.52754170960604,-1.65872786934083,0.000480518193417793,0.033340063693988,0.033340063693988,4263,"tags=43%, list=22%, signal=34%","19696/13614/16154/19252/22217/230738/12702/19419/20439/71586/12575/223775/218215/18124/13537/80859/17748/18035/16477/16175/14425/59027/12227/74481/16168/17872/66270/54123/27218/50778/60533/13197/99899/14962/67775/75345/15958/100038882/231655/667373/15959/15945/54199/16193/11910/22169/330122/14825/20310/58185/15977",0.49849310876659
"GSE18791_CTRL_VS_NEWCASTLE_VIRUS_DC_6H_DN","GSE18791_CTRL_VS_NEWCASTLE_VIRUS_DC_6H_DN",100,-0.537490577175324,-1.65535837733395,0.000881489441224882,0.050735727497773,0.050735727497773,3707,"tags=35%, list=19%, signal=29%","71586/246728/434341/80285/21808/20846/18124/217069/547253/20847/59027/74481/16168/20354/54123/327959/74735/58801/60533/80861/99899/67775/21354/15958/22035/100038882/11535/231655/667373/17858/15959/15945/24110/22169/58185",0.477270815362862
"GSE17721_CTRL_VS_CPG_8H_BMDC_DN","GSE17721_CTRL_VS_CPG_8H_BMDC_DN",79,-0.548872639918419,-1.65340691951146,0.00129567751986515,0.061911383378462,0.061911383378462,3361,"tags=27%, list=17%, signal=22%","20873/81489/17164/18412/14066/547253/18035/76074/16870/14190/17472/15939/69550/14447/12560/18175/67182/53626/626578/72434/15977",0.45505986738723
"GSE42021_CD24HI_VS_CD24INT_TREG_THYMUS_DN","GSE42021_CD24HI_VS_CD24INT_TREG_THYMUS_DN",136,-0.517751658850166,-1.64820371923996,0.000146273027147838,0.0169257532275418,0.0169257532275418,3935,"tags=36%, list=20%, signal=29%","72075/56791/16909/16391/21355/52668/71586/246728/23960/20846/13733/21817/246730/381319/20821/16912/14284/217069/20527/75234/18035/14991/16913/14964/50908/18952/54123/74735/20452/99899/14962/69550/67775/71939/21354/15958/22035/100038882/231655/110168/667373/17858/15959/15018/24110/15007/217845/14825/15013",0.518848077743792
"GSE17974_IL4_AND_ANTI_IL12_VS_UNTREATED_6H_ACT_CD4_TCELL_DN","GSE17974_IL4_AND_ANTI_IL12_VS_UNTREATED_6H_ACT_CD4_TCELL_DN",64,-0.57993806714926,-1.64595043507725,0.00167652731903555,0.0730022765097113,0.0730022765097113,3407,"tags=31%, list=17%, signal=26%","16592/15191/13733/55932/15903/14939/16175/320495/170768/16367/21908/16878/15958/22035/15959/330122/16176/14825/20310/18121",0.45505986738723
"GSE18791_CTRL_VS_NEWCASTLE_VIRUS_DC_12H_DN","GSE18791_CTRL_VS_NEWCASTLE_VIRUS_DC_12H_DN",92,-0.540129485867359,-1.64264165667836,0.000960503663861773,0.0509013707009578,0.0509013707009578,3387,"tags=35%, list=17%, signal=29%","218215/434341/55932/217069/547253/20847/16175/14425/59027/16168/54123/327959/18578/58801/60533/80861/99899/67775/71939/21354/15958/12741/100038882/326623/15959/16193/22169/16763/330122/14825/20297/20310",0.477270815362862
"GSE13485_PRE_VS_POST_YF17D_VACCINATION_PBMC_DN","GSE13485_PRE_VS_POST_YF17D_VACCINATION_PBMC_DN",110,-0.532967686395565,-1.64165953919799,0.000359670993399493,0.0276020239631581,0.0276020239631581,3927,"tags=33%, list=20%, signal=26%","56791/16391/14884/52668/71586/17118/246728/23960/80285/20846/246730/547253/20847/16913/74481/14190/54123/327959/231507/80861/99899/69550/67775/75345/21354/15958/100038882/231655/667373/17858/15959/15945/24110/22169/217845/58185",0.49849310876659
"GSE19888_ADENOSINE_A3R_ACT_VS_A3R_ACT_WITH_A3R_INH_PRETREATMENT_IN_MAST_CELL_DN","GSE19888_ADENOSINE_A3R_ACT_VS_A3R_ACT_WITH_A3R_INH_PRETREATMENT_IN_MAST_CELL_DN",74,-0.558086490542906,-1.64147599012405,0.00175277475260099,0.0752356281518983,0.0752356281518983,3927,"tags=39%, list=20%, signal=31%","56791/236573/22122/16592/22271/20846/547253/20847/14939/76074/60406/27007/103172/17472/54123/327959/80861/228775/12515/76722/22035/100038882/667373/15959/15945/24110/22169/626578/58185",0.45505986738723
"GSE43863_TFH_VS_LY6C_INT_CXCR5POS_MEMORY_CD4_TCELL_UP","GSE43863_TFH_VS_LY6C_INT_CXCR5POS_MEMORY_CD4_TCELL_UP",88,-0.543049710894792,-1.63571437174875,0.000814038314293876,0.0487770133721497,0.0487770133721497,3056,"tags=31%, list=16%, signal=26%","12703/547253/18035/76074/59027/20304/17872/17472/327959/27218/50778/99899/50527/69550/22042/67775/21354/50498/100038882/17858/15945/24110/16193/11910/217845/626578/16682",0.477270815362862
"GSE34006_WT_VS_A2AR_KO_TREG_DN","GSE34006_WT_VS_A2AR_KO_TREG_DN",116,-0.519702781969989,-1.63455087633001,0.000837828265227447,0.0487770133721497,0.0487770133721497,3935,"tags=41%, list=20%, signal=33%","72075/16391/236573/22032/71586/246728/23960/14089/228026/80285/20846/55932/246730/20821/16912/12703/217069/75234/547253/240832/20847/76074/16913/14964/17472/20528/54123/60533/80861/69550/67775/21354/18767/15958/22035/100038882/231655/17858/15959/15945/15018/54199/24110/83996/22169/15007/626578/58185",0.477270815362862
"GAUCHER_PBMC_YF_VAX_STAMARIL_UNKNOWN_AGE_10DY_UP","GAUCHER_PBMC_YF_VAX_STAMARIL_UNKNOWN_AGE_10DY_UP",125,-0.516993633241275,-1.633953361229,0.0002888453635549,0.0239446005855233,0.0239446005855233,5580,"tags=49%, list=28%, signal=35%","19039/22171/53312/20130/77891/67138/20229/230073/212943/16765/246727/14469/17069/229003/11475/12442/21877/56791/16909/16391/21355/52668/17750/71586/246728/23960/80285/20846/236539/246730/20821/12703/107995/547253/20847/14710/74481/16168/18952/54123/327959/231507/18646/80861/99899/17873/69550/67775/21354/15958/22035/100038882/231655/667373/17858/15959/15018/11910/15007/217845/58185",0.49849310876659
"GSE22886_DAY1_VS_DAY7_MONOCYTE_IN_CULTURE_UP","GSE22886_DAY1_VS_DAY7_MONOCYTE_IN_CULTURE_UP",103,-0.533315206978747,-1.6338320830213,0.000522368019678634,0.0352772535956304,0.0352772535956304,4150,"tags=34%, list=21%, signal=27%","16323/20725/230738/19419/319520/17118/22271/16184/14284/18035/70350/218952/16175/59027/20304/17872/170768/54123/27218/231507/19288/18578/58801/17873/15465/16153/50498/231655/83430/54199/16193/83996/20297/58185/18095",0.477270815362862
"GSE3982_MEMORY_CD4_TCELL_VS_BCELL_UP","GSE3982_MEMORY_CD4_TCELL_VS_BCELL_UP",74,-0.554257887986865,-1.63021508473042,0.00209270300202578,0.085480166977908,0.085480166977908,3724,"tags=38%, list=19%, signal=31%","319520/22637/22271/16185/19883/13807/52187/16428/320495/20354/13009/18712/68507/18441/16818/73647/12502/77647/12481/12504/12501/13482/12487/54167/84544/12500/14945/21947",0.431707695803346
"SOBOLEV_T_CELL_PANDEMRIX_AGE_18_64YO_1DY_UP","SOBOLEV_T_CELL_PANDEMRIX_AGE_18_64YO_1DY_UP",15,-0.749146996983103,-1.62611494946217,0.00884991400063671,0.200877054223164,0.200877054223164,3949,"tags=73%, list=20%, signal=59%","26411/19419/12525/22637/18646/16818/12502/12501/12526/15945/12500",0.380730400722792
"GSE9960_HEALTHY_VS_GRAM_POS_SEPSIS_PBMC_DN","GSE9960_HEALTHY_VS_GRAM_POS_SEPSIS_PBMC_DN",95,-0.538011422078783,-1.62559126697471,0.000782343789512118,0.0477418228178178,0.0477418228178178,3839,"tags=34%, list=19%, signal=27%","52668/19419/71586/246728/434341/20846/13733/21985/20847/14723/11639/50908/20304/15507/20354/54123/20893/12224/74735/60533/99899/14962/75345/15958/50498/100038882/22634/16197/14373/217845/58185/11688",0.477270815362862
"GSE19401_NAIVE_VS_IMMUNIZED_MOUSE_PLN_FOLLICULAR_DC_UP","GSE19401_NAIVE_VS_IMMUNIZED_MOUSE_PLN_FOLLICULAR_DC_UP",130,-0.507674169556009,-1.62350321375169,0.000562677241111957,0.0365379516183597,0.0365379516183597,4349,"tags=39%, list=22%, signal=31%","233908/12051/22695/74747/20725/19252/11837/22384/22217/20539/319520/56473/55949/12575/19653/16592/22271/81489/13537/17164/99929/217069/20527/75234/16477/12142/12227/22113/17872/17681/18712/12522/50778/99899/12515/15368/12504/667034/231655/26557/193740/17858/15959/14373/11910/330122/16176/14825/20202/20310/20303",0.477270815362862
"GSE9988_ANTI_TREM1_AND_LPS_VS_CTRL_TREATED_MONOCYTES_UP","GSE9988_ANTI_TREM1_AND_LPS_VS_CTRL_TREATED_MONOCYTES_UP",97,-0.527216544196643,-1.62307483364428,0.000974814009475401,0.0509013707009578,0.0509013707009578,5441,"tags=54%, list=28%, signal=39%","74155/54141/15902/22166/24064/21847/14579/23872/19225/15937/20908/226419/15200/13614/16323/74747/19252/22217/230738/12702/20439/12575/223775/12457/13537/80859/20527/218952/16175/17384/22113/18712/20893/11605/112407/58801/50778/60533/13197/69065/17873/22042/16153/15370/11535/83430/326623/54199/16193/83996/14825/12985",0.477270815362862
"GSE45365_NK_CELL_VS_CD11B_DC_DN","GSE45365_NK_CELL_VS_CD11B_DC_DN",111,-0.517868878078234,-1.62282819654921,0.00106619689461296,0.0549330015452881,0.0549330015452881,4991,"tags=41%, list=25%, signal=31%","12984/15937/12986/20174/18030/22323/20971/69902/15200/56420/22695/54483/19252/20539/276770/16658/12457/21817/99929/80859/14284/16324/20527/75234/18035/16477/59069/12227/12125/14313/17133/20354/15939/18712/19288/18578/16878/12608/16193/330122/16176/14825/20202/20310/20303/12985",0.45505986738723
"GSE37533_PPARG1_FOXP3_VS_PPARG2_FOXP3_TRANSDUCED_CD4_TCELL_PIOGLITAZONE_TREATED_DN","GSE37533_PPARG1_FOXP3_VS_PPARG2_FOXP3_TRANSDUCED_CD4_TCELL_PIOGLITAZONE_TREATED_DN",126,-0.513834363398799,-1.62188198513231,0.000289934876211878,0.0239446005855233,0.0239446005855233,3935,"tags=34%, list=20%, signal=27%","72075/56791/16391/21355/12702/20439/71586/14367/246728/23960/81489/20846/246730/20821/16912/12703/14284/75234/20847/14991/16913/14964/16168/327959/74735/58801/99899/67775/71939/21354/109979/15958/100038882/667373/17858/15959/15945/15018/24110/11910/15007/15013/58185",0.49849310876659
"GSE25123_WT_VS_PPARG_KO_MACROPHAGE_UP","GSE25123_WT_VS_PPARG_KO_MACROPHAGE_UP",95,-0.535935598963375,-1.61931920695941,0.000837828265227447,0.0487770133721497,0.0487770133721497,3767,"tags=34%, list=19%, signal=27%","12702/16658/20266/17118/218215/20482/17119/13733/18412/80859/57264/14284/170768/22361/27218/19288/99899/14962/75345/12609/11535/231655/193740/16193/16176/14825/20297/20310/58185/58860/18405/50501",0.477270815362862
"GSE42021_TREG_PLN_VS_TREG_PRECURSORS_THYMUS_UP","GSE42021_TREG_PLN_VS_TREG_PRECURSORS_THYMUS_UP",63,-0.556586287091213,-1.61700280624084,0.00489431407393596,0.147353018350976,0.147353018350976,2078,"tags=21%, list=11%, signal=19%","21908/18263/20391/12487/326623/17930/11472/11459/15214/13857/66211/20724/170761",0.407017918923954
"GSE21360_NAIVE_VS_QUATERNARY_MEMORY_CD8_TCELL_UP","GSE21360_NAIVE_VS_QUATERNARY_MEMORY_CD8_TCELL_UP",90,-0.532641024177485,-1.61586163639583,0.00122313673755359,0.0595691113048937,0.0595691113048937,4091,"tags=32%, list=21%, signal=26%","20725/16391/52668/71586/246728/23960/99889/246730/20821/217069/20847/54123/327959/80861/99899/12515/69550/67775/71939/16153/15958/100038882/231655/667373/17858/15959/24110/217845/58185",0.45505986738723
"GSE9988_ANTI_TREM1_AND_LPS_VS_VEHICLE_TREATED_MONOCYTES_UP","GSE9988_ANTI_TREM1_AND_LPS_VS_VEHICLE_TREATED_MONOCYTES_UP",93,-0.525146842799528,-1.61534173938553,0.00221975621369537,0.0880544034940348,0.0880544034940348,5439,"tags=52%, list=28%, signal=38%","54141/15902/20909/230734/22166/24064/14579/23872/19225/15937/226419/27053/16323/74747/19252/22217/230738/20539/20439/223775/12457/22271/13537/80859/14066/218952/16175/17384/22113/18441/11605/112407/58801/60533/13197/69065/108143/16153/11535/83430/326623/54199/83996/330122/16176/14825/20297/20310",0.431707695803346
"HOWARD_DENDRITIC_CELL_INACT_MONOV_INFLUENZA_A_INDONESIA_05_2005_H5N1_AGE_18_49YO_1DY_UP","HOWARD_DENDRITIC_CELL_INACT_MONOV_INFLUENZA_A_INDONESIA_05_2005_H5N1_AGE_18_49YO_1DY_UP",88,-0.534669389639636,-1.61047209347861,0.00121145353779087,0.0595691113048937,0.0595691113048937,4029,"tags=45%, list=20%, signal=36%","11492/56791/21355/17750/12702/434341/80285/20846/21817/55932/16906/16912/17829/20527/547253/21939/11639/74481/18712/54123/327959/231507/60533/99899/14962/71939/75345/21354/15958/22035/100038882/667373/233079/15959/15945/24110/11910/22169/12516/14411",0.45505986738723
"GSE42021_CD24INT_VS_CD24LOW_TCONV_THYMUS_DN","GSE42021_CD24INT_VS_CD24LOW_TCONV_THYMUS_DN",101,-0.525456899983697,-1.61015656738124,0.00114538419397162,0.0580137094246626,0.0580137094246625,3916,"tags=33%, list=20%, signal=26%","16909/16391/52668/71586/246728/23960/246730/15903/14991/14677/228608/54123/74735/99899/26570/15139/320007/15368/19123/15958/22035/100038882/231655/667373/17858/15959/84544/15018/24110/15007/217845/15013/58185",0.45505986738723
"GSE22886_NAIVE_BCELL_VS_DC_UP","GSE22886_NAIVE_BCELL_VS_DC_UP",55,-0.564553171923382,-1.6080999432705,0.00775418596274764,0.187918430149841,0.187918430149841,3511,"tags=35%, list=18%, signal=28%","54132/17294/57257/228839/20343/14425/16168/66270/16367/320007/12767/15002/12487/110168/22094/69169/66106/21947/15001",0.407017918923954
"GSE22886_NAIVE_TCELL_VS_DC_UP","GSE22886_NAIVE_TCELL_VS_DC_UP",67,-0.552542090438587,-1.60758546281139,0.00511420905096623,0.147353018350976,0.147353018350976,4400,"tags=40%, list=22%, signal=31%","17974/67097/20044/20230/19419/55949/56454/15382/20343/13807/15896/14991/16421/27050/320495/66270/20354/69802/12502/320007/12501/13482/110168/84544/12500/69169/15013",0.407017918923954
"GSE3039_NKT_CELL_VS_ALPHAALPHA_CD8_TCELL_UP","GSE3039_NKT_CELL_VS_ALPHAALPHA_CD8_TCELL_UP",78,-0.539107650989065,-1.60622778630386,0.0016537177777998,0.0728354829961388,0.0728354829961388,3312,"tags=28%, list=17%, signal=24%","22271/13685/12452/14284/17392/228608/26415/66270/18712/117167/18654/20525/16178/11847/20568/14373/330122/14825/20202/20310/58860/50501",0.45505986738723
"GSE16385_IL4_VS_ROSIGLITAZONE_STIM_MACROPHAGE_DN","GSE16385_IL4_VS_ROSIGLITAZONE_STIM_MACROPHAGE_DN",49,-0.580043198188713,-1.60357431776367,0.00980804307179723,0.213209176646579,0.213209176646579,3712,"tags=29%, list=19%, signal=23%","11423/71586/53624/18412/20354/60533/69550/67775/75345/50498/18976/15018/15007/21393",0.380730400722792
"GSE29617_CTRL_VS_TIV_FLU_VACCINE_PBMC_2008_UP","GSE29617_CTRL_VS_TIV_FLU_VACCINE_PBMC_2008_UP",64,-0.564562958638764,-1.60231359180775,0.00330418520325773,0.112320121171144,0.112320121171144,4323,"tags=44%, list=22%, signal=34%","15200/12051/22695/225363/19696/230738/14735/223775/18124/99929/14284/16477/59027/12227/20620/17691/20893/18578/50778/16878/12515/12767/15370/54167/14373/15945/11910/20297",0.431707695803346
"GAUCHER_PBMC_YF_VAX_STAMARIL_UNKNOWN_AGE_7DY_UP","GAUCHER_PBMC_YF_VAX_STAMARIL_UNKNOWN_AGE_7DY_UP",170,-0.481302221323231,-1.6016241656203,0.000547108508336707,0.0359883713600704,0.0359883713600704,3935,"tags=35%, list=20%, signal=28%","72075/56791/16909/16391/107503/21355/52668/17750/71586/16658/17118/246728/23960/12575/80285/20846/55932/246730/20821/12703/107995/547253/20847/14939/14710/74481/16168/18952/54123/327959/231507/18646/80861/99899/17873/69550/67775/15368/21354/15958/22035/100038882/16149/70789/21345/231655/667373/233079/17858/15959/17167/15945/12577/15018/11910/22169/15007/217845/58185",0.477270815362862
"GSE34392_ST2_KO_VS_WT_DAY8_LCMV_EFFECTOR_CD8_TCELL_DN","GSE34392_ST2_KO_VS_WT_DAY8_LCMV_EFFECTOR_CD8_TCELL_DN",113,-0.506683785136065,-1.60033499059454,0.00126751061725938,0.061142297870655,0.061142297870655,4921,"tags=44%, list=25%, signal=33%","12363/11491/24088/18792/22323/74645/18591/69181/15200/12051/13614/11988/11911/19252/20292/74769/319520/11637/20947/11552/20482/16186/434341/18124/16185/21817/80859/14284/14066/11747/547253/16477/17873/20525/15958/50498/100038882/12608/667373/54199/24110/16193/11910/22169/16763/16176/14077/16963/14825/58185",0.45505986738723
"GSE23505_UNTREATED_VS_4DAY_IL6_IL1_IL23_TREATED_CD4_TCELL_DN","GSE23505_UNTREATED_VS_4DAY_IL6_IL1_IL23_TREATED_CD4_TCELL_DN",81,-0.530054073511886,-1.59940892359873,0.00257515366250446,0.093835635256008,0.093835635256008,3406,"tags=31%, list=17%, signal=26%","65111/13733/15460/66071/12452/70350/21939/16643/18188/74735/14999/12481/242248/50498/15002/16149/12487/14960/110168/14969/21953/54199/217845/69169/15001",0.431707695803346
"GSE43863_NAIVE_VS_MEMORY_TH1_CD4_TCELL_D150_LCMV_UP","GSE43863_NAIVE_VS_MEMORY_TH1_CD4_TCELL_D150_LCMV_UP",61,-0.563716229107328,-1.59907119808694,0.00492334412590066,0.147353018350976,0.147353018350976,3121,"tags=38%, list=16%, signal=32%","246278/20821/16912/547253/20847/13602/16870/60533/14999/15139/67775/71939/12265/21354/100038882/12609/16149/15959/15945/12686/11910/22169/110197",0.407017918923954
"GSE29615_CTRL_VS_LAIV_FLU_VACCINE_PBMC_DN","GSE29615_CTRL_VS_LAIV_FLU_VACCINE_PBMC_DN",26,-0.633259480024168,-1.59845300007584,0.0231477551398982,0.339835883430679,0.339835883430679,2430,"tags=27%, list=12%, signal=24%","20528/231507/108096/104174/17288/237320/16846",0.352487857583619
"GSE22886_NAIVE_BCELL_VS_NEUTROPHIL_UP","GSE22886_NAIVE_BCELL_VS_NEUTROPHIL_UP",68,-0.539883033358668,-1.59828250976267,0.00767396417545762,0.187308954131002,0.187308954131002,5208,"tags=47%, list=26%, signal=35%","15900/15516/12902/13603/21853/53605/64930/20085/14694/20044/110446/20005/12518/54132/19139/15382/21985/20103/66109/12522/231507/12515/18263/14999/320007/18767/242248/15002/16149/110168/14969/69169",0.407017918923954
"GSE17721_PAM3CSK4_VS_GADIQUIMOD_12H_BMDC_DN","GSE17721_PAM3CSK4_VS_GADIQUIMOD_12H_BMDC_DN",97,-0.519123678780842,-1.59816035337418,0.00152599687284899,0.0690104835801798,0.0690104835801798,4085,"tags=34%, list=21%, signal=27%","12843/74646/20292/236573/14089/80285/99929/13038/12703/547253/14696/76074/14991/59027/60406/27007/20304/17472/231507/20616/60533/80861/69550/16153/667034/16197/15945/15018/15007/626578/20310/99571/18548",0.45505986738723
"GSE26890_CXCR1_NEG_VS_POS_EFFECTOR_CD8_TCELL_UP","GSE26890_CXCR1_NEG_VS_POS_EFFECTOR_CD8_TCELL_UP",106,-0.521233566524054,-1.5974727818841,0.00144385574752141,0.0658840482990624,0.0658840482990624,5450,"tags=43%, list=28%, signal=32%","108737/67138/16362/23881/230073/19826/65112/246727/246196/14469/234515/110052/319554/16391/236573/71586/246728/23960/14089/434341/80285/20846/246730/20821/547253/76074/59027/17472/54123/327959/231507/60533/99899/67775/13482/15958/22035/100038882/231655/667373/15945/54199/24110/22169/626578/58185",0.45505986738723
"GSE26669_CD4_VS_CD8_TCELL_IN_MLR_COSTIM_BLOCK_DN","GSE26669_CD4_VS_CD8_TCELL_IN_MLR_COSTIM_BLOCK_DN",62,-0.55204750506593,-1.59628202699745,0.00659111958771698,0.172527745322502,0.172527745322502,3531,"tags=31%, list=18%, signal=25%","73046/19746/13537/236539/353187/14991/27007/320495/11433/74735/112407/56720/320007/12501/15018/15007/20303/15001/11688",0.407017918923954
"SOBOLEV_T_CELL_PANDEMRIX_AGE_18_64YO_7DY_DN","SOBOLEV_T_CELL_PANDEMRIX_AGE_18_64YO_7DY_DN",13,-0.758777019088897,-1.59451391766623,0.0170605934381852,0.289003029312401,0.289003029312401,3949,"tags=77%, list=20%, signal=62%","26411/19419/12525/22637/18646/16818/12502/12501/12526/12500",0.352487857583619
"GSE46606_UNSTIM_VS_CD40L_IL2_IL5_3DAY_STIMULATED_IRF4MID_SORTED_BCELL_DN","GSE46606_UNSTIM_VS_CD40L_IL2_IL5_3DAY_STIMULATED_IRF4MID_SORTED_BCELL_DN",95,-0.527692610616851,-1.59441317463373,0.00117008855893964,0.0586782034755372,0.0586782034755372,5222,"tags=43%, list=27%, signal=32%","12367/14579/73834/66092/19225/12363/66335/14469/69181/15381/19696/230738/236573/12702/20947/23960/21952/12575/17119/18124/16184/99929/246730/18035/70350/240832/20847/14939/76074/20304/14190/17472/20893/67775/50498/100038882/11535/22634/110168/16763/626578",0.45505986738723
"GSE6269_FLU_VS_STREP_PNEUMO_INF_PBMC_UP","GSE6269_FLU_VS_STREP_PNEUMO_INF_PBMC_UP",86,-0.529783893519507,-1.59434692310945,0.00201887574029942,0.0838164395460376,0.0838164395460376,3927,"tags=33%, list=20%, signal=26%","56791/16391/71586/246728/23960/19264/16186/20846/246730/19883/16912/14991/14964/54123/327959/74735/99899/67775/100038882/231655/667373/17858/15959/15018/24110/15007/15013/58185",0.431707695803346
"GSE21670_TGFB_VS_IL6_TREATED_CD4_TCELL_UP","GSE21670_TGFB_VS_IL6_TREATED_CD4_TCELL_UP",39,-0.60077603895042,-1.59313413130054,0.00759007775481933,0.187284550218658,0.187284550218658,1696,"tags=26%, list=9%, signal=23%","11516/59011/22634/12487/20665/13809/20303/19733/21393/16682",0.407017918923954
"HOEK_NEUTROPHIL_2011_2012_TIV_ADULT_1DY_UP","HOEK_NEUTROPHIL_2011_2012_TIV_ADULT_1DY_UP",21,-0.692710983154496,-1.5929274656972,0.0127259853466037,0.24855547885947,0.24855547885947,3826,"tags=62%, list=19%, signal=50%","236573/17750/246728/23960/246730/76074/17472/327959/99899/14999/11910/626578/58185",0.380730400722792
"GSE40666_WT_VS_STAT1_KO_CD8_TCELL_WITH_IFNA_STIM_90MIN_DN","GSE40666_WT_VS_STAT1_KO_CD8_TCELL_WITH_IFNA_STIM_90MIN_DN",108,-0.513364061931179,-1.59076536355256,0.000833614385980302,0.0487770133721497,0.0487770133721497,4355,"tags=38%, list=22%, signal=30%","15201/12051/21877/19718/12709/74646/106344/67052/21681/19366/22032/71586/17279/246728/14089/16592/17119/69716/80285/56722/54124/217069/11799/70350/240832/52276/14696/52187/16870/228608/13605/17988/80861/99899/22042/67775/15370/17858/12516/58185/21673",0.477270815362862
"GSE42021_CD24LO_TREG_VS_CD24LO_TCONV_THYMUS_UP","GSE42021_CD24LO_TREG_VS_CD24LO_TCONV_THYMUS_UP",88,-0.528122410611783,-1.59075200621486,0.00160434806068177,0.0712809028715189,0.0712809028715189,3584,"tags=28%, list=18%, signal=23%","21952/12326/12490/381045/17319/66136/19074/13602/16175/14723/60406/11845/50783/14313/18712/15465/12767/22634/14960/17930/14969/20303/58185/99571/17884",0.45505986738723
"SCHERER_PBMC_APSV_WETVAX_AGE_18_32YO_2_TO_4DY_UP","SCHERER_PBMC_APSV_WETVAX_AGE_18_32YO_2_TO_4DY_UP",43,-0.598372837953208,-1.58814931087471,0.00818561991442994,0.192837976123664,0.192837976123664,4955,"tags=56%, list=25%, signal=42%","15937/18030/16004/17210/14469/56791/12702/17119/20846/59027/16168/14190/170768/99899/101488143/11535/12608/667373/17858/15959/15945/232370/11910/58185",0.380730400722792
"GSE21546_ELK1_KO_VS_SAP1A_KO_AND_ELK1_KO_DP_THYMOCYTES_UP","GSE21546_ELK1_KO_VS_SAP1A_KO_AND_ELK1_KO_DP_THYMOCYTES_UP",81,-0.526300007962389,-1.58808123791591,0.00291012604556331,0.104537506530342,0.104537506530342,3914,"tags=40%, list=20%, signal=32%","16391/21355/52668/17750/23960/434341/80285/20846/246730/20821/217069/547253/20847/14991/14964/18952/54123/74735/69550/15958/100038882/231655/667373/17858/15959/15018/24110/22169/15007/217845/15013/58185",0.431707695803346
"GSE13485_CTRL_VS_DAY7_YF17D_VACCINE_PBMC_DN","GSE13485_CTRL_VS_DAY7_YF17D_VACCINE_PBMC_DN",119,-0.50363275495087,-1.58757820425583,0.00119491209854553,0.0593355860699323,0.0593355860699323,4043,"tags=36%, list=21%, signal=29%","17768/56791/16391/52668/17750/71586/17118/246728/23960/80285/20846/55932/246730/16912/217069/547253/20847/14710/16913/74481/16168/54123/327959/74735/231507/80861/99899/69550/67775/71939/21354/15958/22035/100038882/231655/667373/17858/15959/15945/24110/22169/217845/58185",0.45505986738723
"FLETCHER_PBMC_BCG_10W_INFANT_BCG_STIMULATED_VS_UNSTIMULATED_10W_UP","FLETCHER_PBMC_BCG_10W_INFANT_BCG_STIMULATED_VS_UNSTIMULATED_10W_UP",86,-0.526988736823005,-1.58593509796114,0.00224195377583233,0.0880544034940348,0.0880544034940348,4101,"tags=57%, list=21%, signal=45%","74747/12709/56791/16391/20539/17750/22032/71586/218215/80285/20846/55932/236539/80859/209027/381319/16912/12703/14066/107272/218952/16175/59027/17384/22113/18712/22361/19288/58801/228775/16878/69065/17873/50498/100038882/20701/17858/15959/14373/15945/16193/83996/330122/16176/14825/20297/20310/20303/12985",0.431707695803346
"GSE42021_CD24INT_VS_CD24LOW_TREG_THYMUS_DN","GSE42021_CD24INT_VS_CD24LOW_TREG_THYMUS_DN",94,-0.520803473238157,-1.58428402539437,0.00257291799898398,0.093835635256008,0.093835635256008,3839,"tags=37%, list=19%, signal=30%","52668/71586/246728/23960/228026/246730/20821/12903/18035/20847/14991/20304/14313/54123/327959/74735/99899/14962/69550/67775/12481/15958/22035/100038882/231655/110168/667373/17858/21957/15959/15945/24110/217845/15013/58185",0.431707695803346
"GSE30962_ACUTE_VS_CHRONIC_LCMV_PRIMARY_INF_CD8_TCELL_DN","GSE30962_ACUTE_VS_CHRONIC_LCMV_PRIMARY_INF_CD8_TCELL_DN",108,-0.510794775523306,-1.58280389501634,0.000958371202450201,0.0509013707009578,0.0509013707009578,4636,"tags=42%, list=24%, signal=32%","56207/54371/234515/15201/12051/14156/56419/12442/74747/17768/106344/15354/12235/19366/319520/110033/17279/54215/381045/16592/20873/69716/15526/21985/19361/12428/56722/15903/18566/107272/18005/12933/12522/17988/69550/22042/67775/67311/109979/19143/15945/104174/12477/16963/58185",0.477270815362862
"GSE22935_UNSTIM_VS_24H_MBOVIS_BCG_STIM_MYD88_KO_MACROPHAGE_DN","GSE22935_UNSTIM_VS_24H_MBOVIS_BCG_STIM_MYD88_KO_MACROPHAGE_DN",67,-0.54399113637541,-1.58270701520892,0.00719311663679703,0.182687241143692,0.182687241143692,2807,"tags=22%, list=14%, signal=19%","52187/24131/13009/20893/327959/74735/80861/12481/12526/17858/17883/22169/58185/18548/11688",0.407017918923954
"GSE15750_DAY6_VS_DAY10_EFF_CD8_TCELL_UP","GSE15750_DAY6_VS_DAY10_EFF_CD8_TCELL_UP",107,-0.502824098089764,-1.58179661046902,0.00154795328629288,0.0693839238502075,0.0693839238502075,7175,"tags=70%, list=36%, signal=45%","108907/76131/19362/72155/66197/12544/68612/72391/15366/18817/20460/208628/107823/27214/16881/17865/22352/72119/12189/14102/67141/20133/272551/17218/29858/70218/21973/53381/14211/20878/72107/26934/78523/54141/66442/16413/22166/12236/20877/12367/233406/66131/19348/16765/66694/17220/67629/22137/15201/14156/56419/12442/21877/17121/73804/52033/16551/319554/67052/12235/17750/14200/19366/110033/17279/18655/110695/19361/107995/54124/12615/11799/52276/18005/75345",0.45505986738723
"GSE13547_WT_VS_ZFX_KO_BCELL_ANTI_IGM_STIM_12H_UP","GSE13547_WT_VS_ZFX_KO_BCELL_ANTI_IGM_STIM_12H_UP",28,-0.640144861392557,-1.58092067285388,0.0154534968931751,0.274638462329585,0.274638462329585,2898,"tags=36%, list=15%, signal=31%","12311/20322/67815/18654/110835/54426/13809/12652/170761/12715",0.380730400722792
"GSE12003_4D_VS_8D_CULTURE_MIR223_KO_BM_PROGENITOR_UP","GSE12003_4D_VS_8D_CULTURE_MIR223_KO_BM_PROGENITOR_UP",38,-0.605917296501237,-1.57953552619755,0.00577963384278775,0.160845304470989,0.160845304470989,1456,"tags=21%, list=7%, signal=20%","320840/54725/233079/330122/14825/20310/12805/50501",0.407017918923954
"GSE13547_CTRL_VS_ANTI_IGM_STIM_BCELL_2H_UP","GSE13547_CTRL_VS_ANTI_IGM_STIM_BCELL_2H_UP",113,-0.500081698788548,-1.57948263631993,0.00168633096774654,0.0730022765097113,0.0730022765097113,6854,"tags=64%, list=35%, signal=42%","17215/72391/15366/19106/18817/12321/14056/231712/107823/16881/16319/72119/17219/12189/67141/20133/63913/234311/21973/57444/51788/66442/12021/20877/233406/66131/209737/108000/26432/16765/12363/17220/68298/234515/15270/68275/22137/15201/110826/12442/73804/16551/11492/12235/13007/71586/110033/21936/20846/19361/12428/54124/12615/18566/217069/107272/52276/13605/14190/18952/20354/22779/80861/667373/17858/15959/15945/24110/14945/12477/12516/58185",0.45505986738723
"GSE22140_GERMFREE_VS_SPF_ARTHRITIC_MOUSE_CD4_TCELL_UP","GSE22140_GERMFREE_VS_SPF_ARTHRITIC_MOUSE_CD4_TCELL_UP",114,-0.501791168254281,-1.57763637959559,0.000912637122547744,0.0509013707009578,0.0509013707009578,3183,"tags=26%, list=16%, signal=22%","18412/13038/246730/56213/218952/11520/26415/54123/327959/104069/99899/17873/12504/15958/22035/100038882/231655/16197/667373/26557/17858/15959/15945/16193/330122/69169/14825/20297/20310/58185",0.477270815362862
"GSE16385_MONOCYTE_VS_12H_IFNG_TNF_TREATED_MACROPHAGE_DN","GSE16385_MONOCYTE_VS_12H_IFNG_TNF_TREATED_MACROPHAGE_DN",47,-0.57637843637671,-1.57631952898385,0.00863945439047371,0.199195755121466,0.199195755121466,3626,"tags=36%, list=18%, signal=30%","17991/21349/380713/12457/13170/107995/56213/16404/228775/17907/71854/12032/12477/21673/23919/18548/67747",0.380730400722792
"GAUCHER_PBMC_YF_VAX_STAMARIL_UNKNOWN_AGE_3DY_UP","GAUCHER_PBMC_YF_VAX_STAMARIL_UNKNOWN_AGE_3DY_UP",126,-0.498864418167009,-1.57463040715442,0.000634554190360353,0.0404092612385753,0.0404092612385753,3935,"tags=37%, list=20%, signal=29%","72075/56791/16909/16391/107503/21355/52668/17750/71586/16658/246728/23960/12575/80285/20846/246730/20821/547253/20847/14710/18952/54123/327959/231507/80861/99899/17873/69550/67775/15368/21354/15958/22035/100038882/21345/231655/667373/233079/17858/15959/17167/12577/15018/15007/217845/58185",0.477270815362862
"GSE32034_LY6C_HIGH_VS_LOW_MONOCYTE_DN","GSE32034_LY6C_HIGH_VS_LOW_MONOCYTE_DN",84,-0.526213525760497,-1.57299547252058,0.00226003404821807,0.0880544034940348,0.0880544034940348,4128,"tags=36%, list=21%, signal=28%","74142/22217/100336/16391/236573/22032/23960/21936/65111/80285/20846/246730/16912/547253/76074/14991/16913/14964/12125/17472/69550/67775/15958/16197/15959/15018/24110/22169/15007/626578",0.431707695803346
"GSE22886_NAIVE_CD8_TCELL_VS_DC_UP","GSE22886_NAIVE_CD8_TCELL_VS_DC_UP",65,-0.544972478985175,-1.57244206530002,0.00498037928140823,0.147353018350976,0.147353018350976,3638,"tags=37%, list=18%, signal=30%","76846/22637/54215/23871/81489/107686/15382/16185/228839/15896/14991/320495/66270/18578/18646/320007/12481/14938/12501/12487/54167/110168/12516/15013",0.407017918923954
"GSE42021_CD24HI_VS_CD24LOW_TCONV_THYMUS_DN","GSE42021_CD24HI_VS_CD24LOW_TCONV_THYMUS_DN",125,-0.497344292350772,-1.57185181001128,0.000934037558637989,0.0509013707009578,0.0509013707009578,3927,"tags=33%, list=20%, signal=26%","56791/21355/11637/71586/246728/21817/99586/381319/20821/16912/12703/75234/20847/14991/21939/59027/16913/11639/50908/16168/20304/14313/17133/58801/20452/14962/69550/67775/71939/21354/15958/22035/16149/231655/11472/15959/15945/15018/15007/14825/15013",0.477270815362862
"GSE3982_MAST_CELL_VS_BCELL_DN","GSE3982_MAST_CELL_VS_BCELL_DN",68,-0.530185883311761,-1.56957483725425,0.0111487752984895,0.234309323181948,0.234309323181948,3612,"tags=28%, list=18%, signal=23%","246728/54132/228026/67426/217069/16168/80861/14999/16818/67775/50498/15002/12526/14969/16193/104174/22061/69169/21947",0.380730400722792
"GSE17974_IL4_AND_ANTI_IL12_VS_UNTREATED_12H_ACT_CD4_TCELL_DN","GSE17974_IL4_AND_ANTI_IL12_VS_UNTREATED_12H_ACT_CD4_TCELL_DN",58,-0.559482436712199,-1.56918391503952,0.0127116678131779,0.24855547885947,0.24855547885947,3285,"tags=36%, list=17%, signal=30%","19734/57257/16185/55932/246278/16162/16477/56460/16643/320495/230163/12560/16149/231655/12487/667373/320202/19309/16176/12477/20297",0.380730400722792
"GSE2770_UNTREATED_VS_IL12_TREATED_ACT_CD4_TCELL_6H_UP","GSE2770_UNTREATED_VS_IL12_TREATED_ACT_CD4_TCELL_6H_UP",83,-0.529376823470329,-1.56449456828311,0.00283723731220253,0.102647192759327,0.102647192759327,4273,"tags=42%, list=22%, signal=33%","22695/20463/11911/100678/74747/236573/20539/19419/20439/246728/56454/19653/15382/236539/209027/13685/16912/13198/16477/218952/18508/76074/17133/17472/16590/27218/228775/69065/75345/21354/12608/14373/11910/626578/14411",0.431707695803346
"GSE7348_UNSTIM_VS_LPS_STIM_MACROPHAGE_DN","GSE7348_UNSTIM_VS_LPS_STIM_MACROPHAGE_DN",87,-0.513403084149714,-1.56431256067642,0.00360755880691115,0.119426701679771,0.119426701679771,4367,"tags=36%, list=22%, signal=28%","257632/19696/13614/17386/56791/12702/19419/71586/17118/17164/20821/12703/12311/16175/21939/12227/17384/60406/16168/18712/12522/12515/100038882/110168/54199/11910/330122/14825/20310/20303/15977",0.431707695803346
"GSE34156_NOD2_LIGAND_VS_TLR1_TLR2_LIGAND_6H_TREATED_MONOCYTE_UP","GSE34156_NOD2_LIGAND_VS_TLR1_TLR2_LIGAND_6H_TREATED_MONOCYTE_UP",123,-0.488940187400783,-1.56118239830667,0.00234917283746356,0.0901406092557042,0.0901406092557042,4026,"tags=36%, list=20%, signal=29%","19252/74646/72075/56791/16391/21355/71586/20846/55932/20821/16912/12703/12865/217069/75234/23882/16156/240832/14696/59027/60406/16913/14964/16168/11433/16367/54123/228775/13082/21354/15958/22035/667034/100038882/11847/17858/15959/15945/15018/24110/16193/15007/16199/58185",0.431707695803346
"GSE21670_UNTREATED_VS_TGFB_TREATED_CD4_TCELL_UP","GSE21670_UNTREATED_VS_TGFB_TREATED_CD4_TCELL_UP",44,-0.57610482424833,-1.56018035534518,0.0155797024612371,0.274951891868173,0.274951891868173,3504,"tags=30%, list=18%, signal=24%","11876/237847/11770/13605/11898/104069/16878/15465/20510/26414/18125/17288/67747",0.380730400722792
"GSE13547_2H_VS_12_H_ANTI_IGM_STIM_BCELL_UP","GSE13547_2H_VS_12_H_ANTI_IGM_STIM_BCELL_UP",101,-0.509028497521909,-1.55981504533395,0.00215158711692162,0.0871823099776639,0.0871823099776639,5409,"tags=49%, list=27%, signal=35%","18415/22166/12236/233406/209737/108000/26432/16765/12363/54371/12449/229003/22137/56743/12442/97165/52033/16551/67052/12235/21335/19366/71586/110033/19734/19361/12428/107995/54124/18566/11799/52276/20620/17075/14190/327959/22779/99899/209378/14962/67775/16153/14823/14415/667373/14945/16963/58185/110197",0.431707695803346
"GSE42021_TREG_PLN_VS_CD24INT_TREG_THYMUS_DN","GSE42021_TREG_PLN_VS_CD24INT_TREG_THYMUS_DN",134,-0.493247077436265,-1.55905015899699,0.000638250917884703,0.0404092612385753,0.0404092612385753,3935,"tags=33%, list=20%, signal=26%","72075/56791/16391/21355/52668/71586/246728/23960/20846/13733/21817/246730/381319/20821/16912/14284/217069/75234/14991/59027/16913/14964/50908/74735/58801/20452/99899/14962/69550/67775/71939/21354/100038882/16149/231655/667373/17858/15959/12776/15018/15007/217845/14825/15013",0.477270815362862
"GSE36527_CD69_NEG_VS_POS_TREG_CD62L_LOS_KLRG1_NEG_UP","GSE36527_CD69_NEG_VS_POS_TREG_CD62L_LOS_KLRG1_NEG_UP",124,-0.492050759929628,-1.55767093558572,0.00221953348699704,0.0880544034940348,0.0880544034940348,3935,"tags=38%, list=20%, signal=31%","72075/16391/236573/14200/12702/71586/246728/23960/80285/20846/55932/246730/20821/16912/12703/217069/75234/547253/23882/240832/20847/14939/76074/59027/16913/27007/14190/17472/54123/27218/60533/80861/99899/67775/21354/15958/22035/100038882/231655/17858/15959/15945/54199/24110/22169/626578/58185",0.431707695803346
"GSE28737_BCL6_HET_VS_BCL6_KO_MARGINAL_ZONE_BCELL_UP","GSE28737_BCL6_HET_VS_BCL6_KO_MARGINAL_ZONE_BCELL_UP",52,-0.559531614416704,-1.55725522959107,0.0105448548097879,0.224967033033627,0.224967033033627,3726,"tags=44%, list=19%, signal=36%","13178/71586/23960/18675/14089/17119/246730/20847/16428/27007/17681/54123/18190/19123/12767/17167/15945/53626/22169/13857/23993/11937/18548",0.380730400722792
"GSE13485_CTRL_VS_DAY1_YF17D_VACCINE_PBMC_DN","GSE13485_CTRL_VS_DAY1_YF17D_VACCINE_PBMC_DN",29,-0.621618752105043,-1.55488543081556,0.0105710076726561,0.224967033033627,0.224967033033627,2895,"tags=38%, list=15%, signal=32%","16156/13009/16668/21838/108096/242653/72088/13857/17288/56788/67747",0.380730400722792
"WEINBERGER_BLOOD_TWINRIX_AGE_20_40_AND_60_84YO_CORRELATED_WITH_ANTI_HBS_CONC_PRIMARY_VACC_1DY_SIGNIFICANT","WEINBERGER_BLOOD_TWINRIX_AGE_20_40_AND_60_84YO_CORRELATED_WITH_ANTI_HBS_CONC_PRIMARY_VACC_1DY_SIGNIFICANT",20,-0.681375787673863,-1.55368393441749,0.0217640901078171,0.329060048943563,0.329060048943563,1670,"tags=35%, list=8%, signal=32%","75345/14938/12501/16197/17167/16193/16183",0.352487857583619
"GSE6259_FLT3L_INDUCED_DEC205_POS_DC_VS_CD8_TCELL_DN","GSE6259_FLT3L_INDUCED_DEC205_POS_DC_VS_CD8_TCELL_DN",93,-0.504610824333457,-1.55217333564498,0.00553361558545782,0.155709794113021,0.155709794113021,5658,"tags=48%, list=29%, signal=35%","64138/19039/16169/23881/230073/14086/216161/73711/73998/14469/229003/17386/11911/70640/72075/16391/13007/246728/12575/434341/20846/16184/55932/20821/16912/217069/20016/75234/547253/240832/14939/59027/16168/11520/54123/74735/231507/18646/60533/67775/100038882/19143/15959/22169/20303",0.407017918923954
"GSE11864_CSF1_PAM3CYS_VS_CSF1_IFNG_PAM3CYS_IN_MAC_DN","GSE11864_CSF1_PAM3CYS_VS_CSF1_IFNG_PAM3CYS_IN_MAC_DN",79,-0.515192509664516,-1.55194993958233,0.00424114098140574,0.133424714725591,0.133424714725591,4248,"tags=35%, list=22%, signal=28%","13614/97243/27412/107503/21355/52668/71586/380713/80285/55932/14939/15896/14425/320495/17133/216616/54195/16408/14999/21345/231655/14960/15018/15007/217845/16427/20297/14411",0.407017918923954
"GSE9960_HEALTHY_VS_SEPSIS_PBMC_DN","GSE9960_HEALTHY_VS_SEPSIS_PBMC_DN",38,-0.594128457652722,-1.5488037912209,0.00895617573269067,0.201613467049237,0.201613467049237,2536,"tags=26%, list=13%, signal=23%","15507/18441/18654/17930/15018/15007/217845/246133/58185/16846",0.380730400722792
"GSE41176_UNSTIM_VS_ANTI_IGM_STIM_BCELL_3H_UP","GSE41176_UNSTIM_VS_ANTI_IGM_STIM_BCELL_3H_UP",107,-0.49196260141256,-1.54762824285519,0.00253151201920466,0.0937766316194299,0.0937766316194299,4150,"tags=36%, list=21%, signal=28%","16323/12709/230738/17750/12702/17118/19746/15213/19734/13537/16184/74694/17748/14066/16175/59027/11639/17133/170768/22361/231507/19288/58801/22042/15465/16153/75345/50498/83430/14373/53626/16193/330122/16176/14825/20297/20310/20303",0.431707695803346
"GSE22886_NAIVE_BCELL_VS_MONOCYTE_UP","GSE22886_NAIVE_BCELL_VS_MONOCYTE_UP",49,-0.559654783999046,-1.54720896863696,0.0180307126566567,0.297477392853309,0.297477392853309,3846,"tags=43%, list=20%, signal=35%","74470/22032/12518/54132/21985/74694/66109/52276/20616/12515/18767/12767/242248/15002/110168/22094/69169/66106/21947/15001/18125",0.352487857583619
"GSE12003_MIR223_KO_VS_WT_BM_PROGENITOR_4D_CULTURE_DN","GSE12003_MIR223_KO_VS_WT_BM_PROGENITOR_4D_CULTURE_DN",67,-0.531564654481627,-1.54655297012889,0.0120460042641208,0.24147513846302,0.24147513846302,4617,"tags=40%, list=23%, signal=31%","80879/15417/11522/231887/73804/56012/53867/57296/17118/56096/51795/14284/11520/26415/69253/17022/16668/54200/22779/18096/13983/20297/241035/16199/18125/17884/12715",0.380730400722792
"GSE13887_RESTING_VS_NO_TREATED_CD4_TCELL_UP","GSE13887_RESTING_VS_NO_TREATED_CD4_TCELL_UP",28,-0.625935600456706,-1.54582906201036,0.020132424956393,0.315698861932292,0.315698861932292,2618,"tags=29%, list=13%, signal=25%","210044/80906/217847/15464/241035/66106/99571/50501",0.352487857583619
"ZAK_PBMC_MRKAD5_HIV_1_GAG_POL_NEF_AGE_20_50YO_3DY_UP","ZAK_PBMC_MRKAD5_HIV_1_GAG_POL_NEF_AGE_20_50YO_3DY_UP",81,-0.511468304656661,-1.54332739145987,0.00507524364867315,0.147353018350976,0.147353018350976,3927,"tags=36%, list=20%, signal=29%","56791/16391/52668/71586/16658/17118/246728/23960/14958/80285/20846/246730/20821/327959/80861/99899/21354/15958/22035/231655/667373/233079/17858/15959/15945/24110/22169/217845/58185",0.407017918923954
"NAKAYA_PBMC_FLUAD_IMUVAC_MALE_AGE_14_27YO_CORRELATED_WITH_HAI_RESPONSE_MF59_ADJUVANTED_AND_NON_1DY_GENES_IN_BTM_M75_POSITIVE","NAKAYA_PBMC_FLUAD_IMUVAC_MALE_AGE_14_27YO_CORRELATED_WITH_HAI_RESPONSE_MF59_ADJUVANTED_AND_NON_1DY_GENES_IN_BTM_M75_POSITIVE",16,-0.698375548572369,-1.54322011642961,0.0199633737102566,0.315637724542436,0.315637724542436,3707,"tags=56%, list=19%, signal=46%","71586/23960/246730/54123/80861/667373/15945/16176/58185",0.352487857583619
"GSE34156_UNTREATED_VS_6H_NOD2_AND_TLR1_TLR2_LIGAND_TREATED_MONOCYTE_DN","GSE34156_UNTREATED_VS_6H_NOD2_AND_TLR1_TLR2_LIGAND_TREATED_MONOCYTE_DN",80,-0.512400940597451,-1.54286436421542,0.00869146335278264,0.199195755121466,0.199195755121466,3927,"tags=30%, list=20%, signal=24%","56791/71586/20947/246728/20846/20821/16912/20847/14190/54123/327959/74735/99899/67775/21354/15958/22035/231655/667373/17858/15959/15945/24110/58185",0.380730400722792
"GSE7509_DC_VS_MONOCYTE_WITH_FCGRIIB_STIM_DN","GSE7509_DC_VS_MONOCYTE_WITH_FCGRIIB_STIM_DN",109,-0.498957372292117,-1.5427528066509,0.00225974210624744,0.0880544034940348,0.0880544034940348,3916,"tags=29%, list=20%, signal=24%","16909/16391/20292/52331/246728/23960/19294/16906/246730/20821/12703/217069/75234/20847/59027/11845/54123/327959/74735/99899/69550/15958/100038882/11535/231655/667373/17858/15959/16193/11910/58185/12805",0.431707695803346
"GSE29617_CTRL_VS_DAY7_TIV_FLU_VACCINE_PBMC_2008_UP","GSE29617_CTRL_VS_DAY7_TIV_FLU_VACCINE_PBMC_2008_UP",81,-0.5111686316439,-1.5424231446769,0.00507524364867315,0.147353018350976,0.147353018350976,4323,"tags=44%, list=22%, signal=35%","15200/12051/225363/19696/19252/12702/12575/67946/18124/13537/99929/14284/20527/16477/59069/59027/12227/20620/13605/17691/170768/12522/50778/80861/16878/12515/11839/101488143/12767/15958/15370/14373/15945/11910/14825/20297",0.407017918923954
"GSE34179_THPOK_KO_VS_WT_VA14I_NKTCELL_DN","GSE34179_THPOK_KO_VS_WT_VA14I_NKTCELL_DN",86,-0.512520682629373,-1.54239451854911,0.00371511097652463,0.12140023932966,0.12140023932966,3621,"tags=33%, list=18%, signal=27%","17118/268301/73046/72309/15526/18124/16184/107272/21943/13605/216616/20893/12522/16878/18285/12515/17873/22042/15370/98363/70789/11535/14460/12776/16763/20310/20303/12985",0.431707695803346
"GSE13485_DAY3_VS_DAY21_YF17D_VACCINE_PBMC_DN","GSE13485_DAY3_VS_DAY21_YF17D_VACCINE_PBMC_DN",23,-0.651618085318897,-1.5407564344924,0.012678723680014,0.24855547885947,0.24855547885947,2384,"tags=30%, list=12%, signal=27%","19223/12299/54140/13857/20297/66211/18770",0.380730400722792
"GSE13547_WT_VS_ZFX_KO_BCELL_DN","GSE13547_WT_VS_ZFX_KO_BCELL_DN",94,-0.50611486134694,-1.53960127197535,0.00417839116164735,0.13310409580971,0.13310409580971,6146,"tags=50%, list=31%, signal=35%","26440/63913/11949/17896/51788/72107/66442/15902/22166/14579/209737/26443/15331/16765/18030/407785/226641/67629/12858/74360/12315/110826/71982/16551/19384/12235/57296/21335/18655/14958/69716/16828/19361/16162/52276/12142/27007/11845/231507/58801/50778/17873/75345/15370/15945/12477/20202",0.407017918923954
"LI_PBMC_MENOMUNE_A_C_Y_W_135_AGE_18_45YO_CORRELATED_WITH_ANTIBODY_RESPONSE_3DY_POSITIVE","LI_PBMC_MENOMUNE_A_C_Y_W_135_AGE_18_45YO_CORRELATED_WITH_ANTIBODY_RESPONSE_3DY_POSITIVE",29,-0.615196544127784,-1.53882124744964,0.0130293369554879,0.249644967535133,0.249644967535133,2803,"tags=55%, list=14%, signal=47%","14991/20304/12522/18578/16178/15368/12504/50498/16149/83430/14969/15018/15007/16176/14825/20297",0.380730400722792
"GSE41176_UNSTIM_VS_ANTI_IGM_STIM_BCELL_1H_UP","GSE41176_UNSTIM_VS_ANTI_IGM_STIM_BCELL_1H_UP",126,-0.487330507973711,-1.5382244318185,0.00131821047891009,0.0623994025764451,0.0623994025764451,4972,"tags=36%, list=25%, signal=27%","19225/15937/12363/235180/24088/54371/22642/22234/15201/12051/16323/230738/12702/14221/17118/17119/15213/22271/13733/13537/14284/18035/16175/59027/15939/27218/19288/17873/26570/50498/11535/12608/16197/83430/17901/233079/14373/16193/16780/330122/16176/14825/20297/20310/20303",0.45505986738723
"GSE4984_UNTREATED_VS_GALECTIN1_TREATED_DC_DN","GSE4984_UNTREATED_VS_GALECTIN1_TREATED_DC_DN",59,-0.541958618002272,-1.53662257741638,0.0142882346030217,0.25983952110964,0.25983952110964,5188,"tags=46%, list=26%, signal=34%","15516/12902/65112/236733/21885/16832/11792/20044/20005/11837/12518/276919/23871/23897/20103/15903/66109/27050/16668/27218/12522/242248/13482/15002/16197/54167/69169",0.380730400722792
"GSE11961_GERMINAL_CENTER_BCELL_DAY7_VS_MEMORY_BCELL_DAY40_DN","GSE11961_GERMINAL_CENTER_BCELL_DAY7_VS_MEMORY_BCELL_DAY40_DN",56,-0.54639184464019,-1.53602567401575,0.00888380259545681,0.200877054223164,0.200877054223164,3311,"tags=30%, list=17%, signal=25%","80285/68481/14585/14696/20528/50778/228775/14962/54139/12526/14919/21953/16193/22169/16763/13857/14825",0.380730400722792
"GSE37533_PPARG1_FOXP3_VS_FOXP3_TRANSDUCED_CD4_TCELL_PIOGLITAZONE_TREATED_UP","GSE37533_PPARG1_FOXP3_VS_FOXP3_TRANSDUCED_CD4_TCELL_PIOGLITAZONE_TREATED_UP",110,-0.498441607941036,-1.53531150442444,0.0023128521711977,0.0894243988329491,0.0894243988329491,3935,"tags=34%, list=20%, signal=27%","72075/56791/16909/52668/71586/246728/23960/217944/246730/16912/15903/217069/14991/16913/14964/54123/327959/74735/80861/99899/14962/69550/67775/15958/22035/100038882/231655/22634/667373/17858/15959/15018/24110/15007/217845/15013/58185",0.431707695803346
"GSE6269_HEALTHY_VS_FLU_INF_PBMC_DN","GSE6269_HEALTHY_VS_FLU_INF_PBMC_DN",85,-0.513599473874004,-1.53523509184614,0.00624467389633238,0.167393212421512,0.167393212421512,4996,"tags=44%, list=25%, signal=33%","216161/13033/246727/24088/18746/17069/22627/14325/12315/17768/52668/11674/17118/246728/23960/14958/16906/246730/217069/75234/14683/14991/210044/327959/99899/100038882/16149/11535/231655/667373/17858/15959/15018/24110/15007/217845/58185",0.407017918923954
"GSE38681_WT_VS_LYL1_KO_LYMPHOID_PRIMED_MULTIPOTENT_PROGENITOR_DN","GSE38681_WT_VS_LYL1_KO_LYMPHOID_PRIMED_MULTIPOTENT_PROGENITOR_DN",131,-0.48033849987731,-1.53482171790018,0.00314999748762213,0.109279022430179,0.109279022430179,3967,"tags=39%, list=20%, signal=31%","54208/72075/16391/236573/12702/71586/246728/23960/80285/20846/16184/55932/80859/246730/20821/16912/12703/217069/75234/547253/23882/240832/20847/14939/76074/14991/59027/11845/17472/54123/50778/60533/80861/67775/21354/14938/15958/22035/100038882/231655/17858/15959/15945/15018/54199/24110/22169/15007/626578/14608/58185",0.431707695803346
"GSE7509_UNSTIM_VS_FCGRIIB_STIM_DC_DN","GSE7509_UNSTIM_VS_FCGRIIB_STIM_DC_DN",95,-0.507848319529533,-1.53445402698923,0.00243537863940795,0.0924177765471546,0.0924177765471546,3285,"tags=40%, list=17%, signal=33%","19734/16184/16185/99586/20821/16912/12703/16162/75234/18035/14939/14696/14425/16643/59027/16913/74481/20304/14190/327959/27218/18646/16408/50778/12515/12265/12502/75345/14938/12501/13982/15958/22035/100038882/54167/54199/24110/12500",0.431707695803346
"LI_PBMC_MENACTRA_AGE_18_45YO_CORRELATED_WITH_ANTI_POLYSACCHARIDE_ANTIBODY_3DY_POSITIVE","LI_PBMC_MENACTRA_AGE_18_45YO_CORRELATED_WITH_ANTI_POLYSACCHARIDE_ANTIBODY_3DY_POSITIVE",36,-0.590819496215107,-1.53352130294631,0.0378955953593105,0.443282195138355,0.443282195138355,2803,"tags=44%, list=14%, signal=38%","14991/14964/12522/18578/104001/15368/50498/14960/14969/15018/15007/16176/14825/20297/20303/15013",0.321775918075361
"GSE32986_CURDLAN_HIGHDOSE_VS_GMCSF_AND_CURDLAN_HIGHDOSE_STIM_DC_DN","GSE32986_CURDLAN_HIGHDOSE_VS_GMCSF_AND_CURDLAN_HIGHDOSE_STIM_DC_DN",108,-0.494852492779351,-1.53340341476136,0.00206762658289653,0.0851425092875685,0.0851425092875685,5168,"tags=48%, list=26%, signal=36%","14579/108960/23872/19225/12363/11491/24088/22323/20971/69181/11792/12051/22695/19696/54483/16154/19252/230738/12702/20947/20482/18124/13537/17164/80859/75234/18035/16477/16175/21939/12142/14964/17133/17872/18712/12522/18578/12515/17873/12265/15370/100038882/14969/15945/15018/54199/15007/330122/16176/14825/20310/20303",0.431707695803346
"GSE36476_CTRL_VS_TSST_ACT_72H_MEMORY_CD4_TCELL_YOUNG_UP","GSE36476_CTRL_VS_TSST_ACT_72H_MEMORY_CD4_TCELL_YOUNG_UP",81,-0.508082538562229,-1.53311102906353,0.00557037894683295,0.155878283788447,0.155878283788447,4560,"tags=33%, list=23%, signal=26%","74645/69181/18626/17974/18645/16154/27412/19252/81489/13537/99929/19883/20527/16477/14991/12227/17691/12515/101488143/12767/16197/667373/15018/15007/14945/15013/72434",0.407017918923954
"GSE42021_TREG_PLN_VS_CD24LO_TREG_THYMUS_DN","GSE42021_TREG_PLN_VS_CD24LO_TREG_THYMUS_DN",111,-0.488985957346163,-1.53231876424535,0.00387275110279032,0.124939390672821,0.124939390672821,4302,"tags=45%, list=22%, signal=35%","12010/22695/19718/20725/72075/56791/16909/16391/21355/52668/22032/71586/246728/23960/19294/14573/54132/15526/20846/13733/246730/20821/16912/14991/16913/14964/50908/18952/54123/74735/80906/99899/14962/69550/21354/15370/100038882/231655/667373/17858/15959/12776/15018/24110/15007/330122/217845/14825/20310/15013",0.431707695803346
"GSE8685_IL2_STARVED_VS_IL15_ACT_IL2_STARVED_CD4_TCELL_UP","GSE8685_IL2_STARVED_VS_IL15_ACT_IL2_STARVED_CD4_TCELL_UP",62,-0.529836299418549,-1.53205685063582,0.0133210671746382,0.249644967535133,0.249644967535133,4397,"tags=34%, list=22%, signal=26%","70099/67054/30951/12709/20230/16391/71586/67946/17420/228839/19227/240832/17872/54139/56485/69550/13482/15958/12526/667373/21673",0.380730400722792
"GSE29614_CTRL_VS_DAY3_TIV_FLU_VACCINE_PBMC_DN","GSE29614_CTRL_VS_DAY3_TIV_FLU_VACCINE_PBMC_DN",25,-0.632306670661541,-1.53146589809411,0.0271163006700543,0.373217562211481,0.373217562211481,2858,"tags=28%, list=15%, signal=24%","240832/11770/18952/54140/53318/69787/70026",0.352487857583619
"GSE14769_UNSTIM_VS_20MIN_LPS_BMDM_DN","GSE14769_UNSTIM_VS_20MIN_LPS_BMDM_DN",92,-0.503506549044742,-1.53126399041723,0.00532759883590793,0.150750212870803,0.150750212870803,3767,"tags=29%, list=19%, signal=24%","12702/71529/268301/80285/13537/80859/18035/23882/16477/14991/12227/14313/17872/15939/18712/18578/50778/110835/75345/12608/15945/15018/54199/24110/15007/20310/20303",0.407017918923954
"GSE2405_0H_VS_12H_A_PHAGOCYTOPHILUM_STIM_NEUTROPHIL_UP","GSE2405_0H_VS_12H_A_PHAGOCYTOPHILUM_STIM_NEUTROPHIL_UP",96,-0.500651717728796,-1.52961381708352,0.00354634252345197,0.118172532113712,0.118172532113712,4271,"tags=40%, list=22%, signal=31%","56458/14702/104009/17131/16391/13011/11758/16416/20846/16185/20343/547253/23882/384009/14964/21943/103172/66270/15939/54123/327959/74735/54698/18646/50778/21354/15370/231655/110168/11472/15959/12776/15018/22169/15007/16963/12516/58185",0.431707695803346
"HOWARD_T_CELL_INACT_MONOV_INFLUENZA_A_INDONESIA_05_2005_H5N1_AGE_18_49YO_1DY_UP","HOWARD_T_CELL_INACT_MONOV_INFLUENZA_A_INDONESIA_05_2005_H5N1_AGE_18_49YO_1DY_UP",30,-0.613033681196527,-1.52863343980226,0.0212912664662165,0.326788680761777,0.326788680761777,4295,"tags=53%, list=22%, signal=42%","12051/56791/12702/23960/80285/20846/55932/246730/17829/327959/50778/99899/71939/15959/22169/58185",0.352487857583619
"GSE2706_UNSTIM_VS_8H_R848_DC_DN","GSE2706_UNSTIM_VS_8H_R848_DC_DN",107,-0.485641646647367,-1.52774362543034,0.00339696782530269,0.114704280234388,0.114704280234388,3937,"tags=42%, list=20%, signal=34%","23945/20292/230738/12702/19419/20439/319520/71586/20947/246728/20482/434341/80285/20846/18124/80859/18383/547253/59027/16168/327959/54195/27218/58801/50778/60533/13197/99899/17873/75345/15958/50498/22035/100038882/22634/667373/326623/15959/14373/15945/24110/16193/22169/16780/16176",0.431707695803346
"GSE10325_BCELL_VS_LUPUS_BCELL_DN","GSE10325_BCELL_VS_LUPUS_BCELL_DN",108,-0.492051472022894,-1.52472386912819,0.0024450112650185,0.0924177765471546,0.0924177765471546,5349,"tags=40%, list=27%, signal=29%","67138/20229/21847/72599/30960/26443/246727/57423/50790/12858/18648/110826/12330/16551/56791/52668/20539/66471/246728/20846/99929/11958/16912/52276/59027/12125/54123/327959/27218/50778/99899/67775/21354/100038882/231655/667373/17858/15959/15018/24110/15007/217845/58185",0.431707695803346
"GSE5589_LPS_AND_IL10_VS_LPS_AND_IL6_STIM_IL6_KO_MACROPHAGE_45MIN_UP","GSE5589_LPS_AND_IL10_VS_LPS_AND_IL6_STIM_IL6_KO_MACROPHAGE_45MIN_UP",117,-0.489711509656318,-1.52467756244117,0.00346275818879951,0.116151458452116,0.116151458452116,4207,"tags=38%, list=21%, signal=30%","17386/17086/11492/56791/16391/20292/236573/13178/66102/246728/23960/18655/54215/12575/380713/434341/80285/246730/16912/547253/56460/76074/14991/60406/14964/16168/20304/71740/14190/17472/66270/15939/12522/15451/21354/22035/667034/100038882/14960/15945/15018/15007/626578/58185",0.431707695803346
"GSE18281_CORTEX_VS_MEDULLA_THYMUS_UP","GSE18281_CORTEX_VS_MEDULLA_THYMUS_UP",52,-0.54740316007844,-1.52350003424825,0.0163744250674337,0.2820968128114,0.2820968128114,3167,"tags=25%, list=16%, signal=21%","13038/12311/14991/16643/16168/17691/22042/21419/53626/15018/16193/15007/20724",0.352487857583619
"GSE14000_UNSTIM_VS_16H_LPS_DC_DN","GSE14000_UNSTIM_VS_16H_LPS_DC_DN",100,-0.494663205092901,-1.523459043343,0.00520075124457679,0.148823757365997,0.148823757365997,4029,"tags=30%, list=20%, signal=24%","11492/16391/17750/71586/23960/223775/80285/16828/80859/246730/20821/18035/59027/74481/16168/17681/18712/54123/58801/60533/80861/99899/17873/69550/75345/50498/22035/22169/16780/11688",0.407017918923954
"GSE23568_CTRL_VS_ID3_TRANSDUCED_CD8_TCELL_DN","GSE23568_CTRL_VS_ID3_TRANSDUCED_CD8_TCELL_DN",113,-0.482159464630331,-1.52287617036538,0.00323661892103371,0.11076672185835,0.11076672185835,6547,"tags=52%, list=33%, signal=35%","26909/17865/16407/12826/68743/15277/12189/70316/21973/26410/19659/20878/26934/11821/22166/20877/233406/66131/56086/16765/13195/17220/22272/22137/18648/56419/12442/100678/16551/11492/381738/107503/21681/12525/110033/17991/20922/17749/54215/16592/19361/12428/107995/54124/15903/11799/21987/14939/52276/60406/16168/13605/17022/18005/231507/12526/17858/11472/15001",0.431707695803346
"GSE37336_LY6C_POS_VS_NEG_NAIVE_CD4_TCELL_UP","GSE37336_LY6C_POS_VS_NEG_NAIVE_CD4_TCELL_UP",35,-0.575886747002355,-1.52139738980214,0.0241581972124791,0.345354150476436,0.345354150476436,3003,"tags=29%, list=15%, signal=24%","13807/13612/50905/228775/20525/11910/330122/14825/20310/66106",0.352487857583619
"GSE24142_EARLY_THYMIC_PROGENITOR_VS_DN2_THYMOCYTE_DN","GSE24142_EARLY_THYMIC_PROGENITOR_VS_DN2_THYMOCYTE_DN",88,-0.504665944897148,-1.52009903041889,0.00445124263437594,0.138316220509903,0.138316220509903,3511,"tags=34%, list=18%, signal=28%","54132/14872/16184/12428/51793/12703/18566/16428/16913/17075/20893/50905/27218/21838/16818/12502/77647/12767/12501/13482/17907/12487/16197/12500/16763/12477/14012/54390/170761/12715",0.407017918923954
"GSE21546_UNSTIM_VS_ANTI_CD3_STIM_SAP1A_KO_AND_ELK1_KO_DP_THYMOCYTES_UP","GSE21546_UNSTIM_VS_ANTI_CD3_STIM_SAP1A_KO_AND_ELK1_KO_DP_THYMOCYTES_UP",74,-0.516486091178929,-1.51911850988992,0.00837615673285927,0.19550799010107,0.19550799010107,3914,"tags=36%, list=20%, signal=29%","16391/52668/23960/12824/80285/20846/13170/246730/20821/217069/18383/547253/20847/17384/54123/69550/100038882/231655/667373/15959/15018/24110/104174/22169/15007/217845/18121",0.380730400722792
"GSE37534_UNTREATED_VS_ROSIGLITAZONE_TREATED_CD4_TCELL_PPARG1_AND_FOXP3_TRASDUCED_DN","GSE37534_UNTREATED_VS_ROSIGLITAZONE_TREATED_CD4_TCELL_PPARG1_AND_FOXP3_TRASDUCED_DN",106,-0.495275205052567,-1.51791578752254,0.00423583032190624,0.133424714725591,0.133424714725591,3935,"tags=35%, list=20%, signal=28%","72075/56791/16531/21355/52668/20947/23871/12457/14718/381319/16912/12703/14284/217069/75234/20847/59027/16428/16913/11639/17133/327959/58801/69550/71939/15465/21354/15958/667373/17858/15959/15945/24110/16193/11910/217845/20297",0.407017918923954
"GSE14350_IL2RB_KO_VS_WT_TEFF_UP","GSE14350_IL2RB_KO_VS_WT_TEFF_UP",67,-0.521284599123241,-1.51664381418039,0.0166348972487487,0.284647819476054,0.284647819476054,4638,"tags=37%, list=24%, signal=29%","14865/18626/21815/11522/66091/20439/71586/21952/268301/99889/19883/15903/14991/21943/18096/16178/12504/16149/22634/14969/84544/15018/71854/15007/15001",0.352487857583619
"GSE37533_PPARG2_FOXP3_VS_FOXP3_TRANSDUCED_CD4_TCELL_DN","GSE37533_PPARG2_FOXP3_VS_FOXP3_TRANSDUCED_CD4_TCELL_DN",123,-0.474988309738099,-1.51663415622802,0.00437502133396017,0.136786932447582,0.136786932447582,3983,"tags=33%, list=20%, signal=27%","74646/72075/56791/16391/21355/20439/71586/246728/23960/20846/246730/20821/16912/75234/20847/14991/16913/14964/16367/54123/327959/74735/58801/80861/99899/67775/71939/21354/109979/15958/100038882/231655/667373/17858/15959/15945/15018/24110/15007/15013/58185",0.407017918923954
"GSE18791_CTRL_VS_NEWCASTLE_VIRUS_DC_10H_DN","GSE18791_CTRL_VS_NEWCASTLE_VIRUS_DC_10H_DN",95,-0.501810100851595,-1.51620966423385,0.00303882110570605,0.106886311808341,0.106886311808341,3707,"tags=33%, list=19%, signal=27%","71586/246728/218215/434341/17119/55932/547253/20847/59027/74481/327959/18578/58801/60533/80861/99899/50527/67775/71939/21354/15958/22035/100038882/231655/667373/326623/15959/24110/16193/22169/16427",0.431707695803346
"GSE20754_WT_VS_TCF1_KO_MEMORY_CD8_TCELL_UP","GSE20754_WT_VS_TCF1_KO_MEMORY_CD8_TCELL_UP",87,-0.496864125048603,-1.51391921038085,0.0060289270054802,0.163296873169825,0.163296873169825,4358,"tags=38%, list=22%, signal=30%","23912/225363/19252/107503/20539/57296/20947/20922/268301/223775/12457/18124/18412/11747/70350/16175/21939/14964/12125/17133/17872/15939/19288/17988/17873/17381/15370/11535/193740/15018/11910/15007/16183",0.407017918923954
"GSE14415_INDUCED_TREG_VS_FOXP3_KO_INDUCED_TREG_IL2_CULTURE_UP","GSE14415_INDUCED_TREG_VS_FOXP3_KO_INDUCED_TREG_IL2_CULTURE_UP",78,-0.507793164074117,-1.51292879693808,0.00624626202323114,0.167393212421512,0.167393212421512,3490,"tags=32%, list=18%, signal=26%","14958/17119/19734/19883/18035/14425/12142/60406/14190/58801/18646/20452/50778/209378/18263/11839/67775/667034/54167/667373/17858/15945/16176/16963/20303",0.407017918923954
"GSE13484_3H_UNSTIM_VS_YF17D_VACCINE_STIM_PBMC_DN","GSE13484_3H_UNSTIM_VS_YF17D_VACCINE_STIM_PBMC_DN",114,-0.48090197913651,-1.51196056308591,0.00314360804038557,0.109279022430179,0.109279022430179,5456,"tags=46%, list=28%, signal=33%","16518/16169/22166/212943/66131/14579/19225/12363/19663/18792/17069/74645/73086/16323/20725/11492/74646/56791/16391/21355/20539/17750/17118/246728/23960/380713/16184/16906/246730/17748/16162/217069/75234/16175/16428/16913/16367/18712/327959/20614/18578/58801/11516/16153/15002/231655/193740/233079/83996/14012/20303/18095",0.431707695803346
"GSE9988_ANTI_TREM1_VS_LPS_MONOCYTE_DN","GSE9988_ANTI_TREM1_VS_LPS_MONOCYTE_DN",109,-0.488059815399481,-1.50905807155856,0.00322504304270066,0.11076672185835,0.11076672185835,3767,"tags=36%, list=19%, signal=29%","12702/14221/71586/17118/229055/223775/218215/15191/12457/13537/80859/75234/18035/16175/21939/59027/320495/170768/117167/12522/231507/19288/58801/60533/13197/16153/50498/231655/83430/233079/14373/16193/330122/16176/14825/20297/20310/20303/12985",0.431707695803346
"GSE21670_UNTREATED_VS_TGFB_TREATED_CD4_TCELL_DN","GSE21670_UNTREATED_VS_TGFB_TREATED_CD4_TCELL_DN",61,-0.531882460809755,-1.50876962544669,0.0141388015499733,0.259695688151784,0.259695688151784,4955,"tags=46%, list=25%, signal=34%","15937/12363/14469/107747/22359/56458/67305/52668/14199/22271/20846/68481/13807/108079/547253/21954/14964/15939/16668/50778/228775/54139/67182/667373/15018/15007/217845/110197",0.380730400722792
"GSE22432_PDC_VS_TGFB1_TREATEDCOMMON_DC_PROGENITOR_DN","GSE22432_PDC_VS_TGFB1_TREATEDCOMMON_DC_PROGENITOR_DN",70,-0.524357486803618,-1.50856396548997,0.0116289452325729,0.237502450012023,0.237502450012023,3086,"tags=27%, list=16%, signal=23%","20821/13198/66109/21939/16421/12227/103172/70574/54123/231507/18578/209378/12265/21354/17907/14415/15959/54199/11910",0.380730400722792
"GSE20715_0H_VS_24H_OZONE_TLR4_KO_LUNG_UP","GSE20715_0H_VS_24H_OZONE_TLR4_KO_LUNG_UP",80,-0.500748473037994,-1.50777821286742,0.0127820126712972,0.24855547885947,0.24855547885947,3973,"tags=36%, list=20%, signal=29%","19245/20230/71586/12518/66471/29857/23960/14958/13537/13170/246730/353187/12142/16643/16913/16168/18952/231507/140781/67775/13143/12502/320007/21354/16197/14373/12500/14077/15001",0.380730400722792
"GSE9988_ANTI_TREM1_VS_ANTI_TREM1_AND_LPS_MONOCYTE_DN","GSE9988_ANTI_TREM1_VS_ANTI_TREM1_AND_LPS_MONOCYTE_DN",101,-0.491775302095435,-1.50694611179228,0.00411387743355961,0.131878412664427,0.131878412664427,3767,"tags=35%, list=19%, signal=28%","12702/20439/229055/223775/218215/12457/13537/21985/16184/80859/14066/75234/18035/16175/17384/17872/170768/12522/19288/58801/60533/13197/16153/83430/14373/54199/16193/16176/14825/20297/20310/20303/58860/12985/15977",0.407017918923954
"GSE1432_CTRL_VS_IFNG_24H_MICROGLIA_DN","GSE1432_CTRL_VS_IFNG_24H_MICROGLIA_DN",127,-0.478054955524301,-1.50669453874961,0.00253650513955812,0.0937766316194299,0.0937766316194299,3927,"tags=34%, list=20%, signal=27%","56791/21355/13011/52668/11637/71586/380713/20846/21817/20343/16906/16912/12703/75234/14991/21939/16913/50908/16168/14190/18952/18712/54123/18578/20616/99899/14962/67775/71939/12265/75345/21354/22035/100038882/107970/17858/15959/14969/15945/217845/15013/58185/14411",0.431707695803346
"GSE13547_WT_VS_ZFX_KO_BCELL_UP","GSE13547_WT_VS_ZFX_KO_BCELL_UP",69,-0.511001458048057,-1.5029749270461,0.0159561715135319,0.277725115862677,0.277725115862677,2638,"tags=23%, list=13%, signal=20%","20304/18952/12522/22779/50778/16523/13143/12502/16153/20568/17858/16963/20202/12516/20303/18095",0.352487857583619
"GSE35543_IN_VIVO_NTREG_VS_CONVERTED_EX_ITREG_DN","GSE35543_IN_VIVO_NTREG_VS_CONVERTED_EX_ITREG_DN",39,0.560172052328262,1.49883803215297,0.021479579308504,0.328141342904039,0.328141342904039,2724,"tags=31%, list=14%, signal=27%","12563/69165/20295/30052/16424/58991/22353/54419/20526/232493/24059/24115",0.352487857583619
"GSE36527_CD62L_HIGH_VS_CD62L_LOW_TREG_CD69_NEG_KLRG1_NEG_UP","GSE36527_CD62L_HIGH_VS_CD62L_LOW_TREG_CD69_NEG_KLRG1_NEG_UP",102,-0.486506853641229,-1.49758128574413,0.00584679169777647,0.160945651898032,0.160945651898032,3967,"tags=33%, list=20%, signal=27%","54208/16391/12702/246728/19139/17119/80285/20846/20821/56213/217069/547253/240832/20847/14939/14190/54123/11605/60533/80861/16878/67775/21354/12501/15958/15002/100038882/231655/60345/15959/15945/18741/24110/19733",0.407017918923954
"GSE9037_WT_VS_IRAK4_KO_LPS_4H_STIM_BMDM_UP","GSE9037_WT_VS_IRAK4_KO_LPS_4H_STIM_BMDM_UP",88,-0.496792862503108,-1.49638460103327,0.00589255914746552,0.161328713956286,0.161328713956286,3826,"tags=26%, list=19%, signal=21%","236573/20638/19822/19264/12575/23871/240832/21954/76074/60406/50786/16168/17472/15939/18646/21354/16149/17858/626578/20310/18405/99571/12985",0.407017918923954
"GSE22886_NAIVE_CD8_TCELL_VS_MONOCYTE_UP","GSE22886_NAIVE_CD8_TCELL_VS_MONOCYTE_UP",83,-0.505998775130042,-1.49540421898207,0.00761710115400661,0.187284550218658,0.187284550218658,3799,"tags=39%, list=19%, signal=31%","14199/12525/22637/54215/23871/81489/21985/16185/19883/13807/14939/16428/27007/18646/12515/13850/16818/12502/320007/12176/12481/14938/12501/13482/12487/12526/110168/84544/12500/14945/69169/12516",0.407017918923954
"GSE3039_ALPHAALPHA_CD8_TCELL_VS_B2_BCELL_DN","GSE3039_ALPHAALPHA_CD8_TCELL_VS_B2_BCELL_DN",92,-0.49150527739229,-1.49476572608387,0.00832156542343649,0.195133004026416,0.195133004026416,4226,"tags=36%, list=21%, signal=28%","11988/20725/319554/20539/21991/66102/56473/101502/18655/14958/20482/16828/13170/99929/13038/14066/13807/70350/14964/228608/12125/17022/17133/11605/16878/13982/15959/15018/54199/15007/16176/20303/12740",0.380730400722792
"GSE22886_NAIVE_TCELL_VS_MONOCYTE_UP","GSE22886_NAIVE_TCELL_VS_MONOCYTE_UP",77,-0.509451529497053,-1.49391729151744,0.00806536990586849,0.192693861194452,0.192693861194452,3936,"tags=36%, list=20%, signal=29%","20230/67305/22637/70186/81489/107686/21985/19883/13807/16428/66270/69802/12515/13850/16818/12502/320007/12176/18767/12481/12501/13482/12487/110168/84544/12500/69169/12516",0.380730400722792
"GSE37301_MULTIPOTENT_PROGENITOR_VS_GRAN_MONO_PROGENITOR_DN","GSE37301_MULTIPOTENT_PROGENITOR_VS_GRAN_MONO_PROGENITOR_DN",124,-0.471439829979964,-1.49242350757122,0.00512026282917509,0.147353018350976,0.147353018350976,4207,"tags=33%, list=21%, signal=26%","17386/71982/104009/72075/16909/20292/14735/14884/71586/19264/16416/20846/55932/381319/16912/12452/75234/23882/240832/14991/59027/16913/16668/54123/23792/21354/109979/15958/667034/100038882/16197/193740/15959/15945/15018/24110/22169/15007/12500/58185/18405",0.407017918923954
"GSE22140_GERMFREE_VS_SPF_MOUSE_CD4_TCELL_UP","GSE22140_GERMFREE_VS_SPF_MOUSE_CD4_TCELL_UP",122,-0.477983000100127,-1.49208320450157,0.00201721385687486,0.0838164395460376,0.0838164395460376,3927,"tags=34%, list=20%, signal=27%","56791/16391/20292/21355/52668/12702/246728/23960/19294/12575/19653/246730/20821/12703/217069/75234/16477/20847/12125/50908/18712/54123/327959/99899/12515/17873/12265/21354/15958/22035/100038882/231655/26557/17858/15959/15945/84544/54199/217845/12516/58185",0.431707695803346
"SCHERER_PBMC_YF_VAX_AGE_18_40YO_4_TO_7DY_UP","SCHERER_PBMC_YF_VAX_AGE_18_40YO_4_TO_7DY_UP",152,-0.460836415494708,-1.49090308450585,0.00199420218273129,0.0838164395460376,0.0838164395460376,5383,"tags=43%, list=27%, signal=32%","70394/67138/53885/20229/230073/212943/56711/26443/18131/15331/246727/24066/20682/12858/17069/54371/74360/72198/15381/77605/16909/16391/12465/52668/17750/21681/16658/17118/246728/23960/223775/16186/80285/246730/20821/16912/105853/51795/18035/16477/218952/14683/14723/107869/15939/327959/231507/80861/99899/67775/15368/21354/15958/22035/100038882/16149/231655/12608/20701/667373/17858/15959/12577/24110/22169/217845",0.431707695803346
"GSE37416_CTRL_VS_48H_F_TULARENSIS_LVS_NEUTROPHIL_UP","GSE37416_CTRL_VS_48H_F_TULARENSIS_LVS_NEUTROPHIL_UP",56,-0.530012991150863,-1.48998117368629,0.0157836740511952,0.27601148461202,0.27601148461202,4258,"tags=39%, list=22%, signal=31%","11946/110446/26411/66148/432442/246728/23960/68481/246730/30051/327959/22779/71939/17381/12502/77647/231655/193740/15959/14460/69169/58185",0.352487857583619
"GSE7219_WT_VS_NIK_NFKB2_KO_DC_UP","GSE7219_WT_VS_NIK_NFKB2_KO_DC_UP",115,-0.47710396465098,-1.48985297702849,0.00193176140988648,0.0822216095888655,0.0822216095888655,5264,"tags=46%, list=27%, signal=34%","21847/12367/15516/14579/23872/18030/246727/15270/229003/15510/22695/104009/16551/17131/11492/319554/56791/11758/20539/12702/22032/20482/17119/81489/20846/13537/16184/16906/14718/14284/18566/18035/14939/16428/228608/17872/14190/54123/11605/18578/58801/50778/60533/80861/99899/17873/193740/15945/24110/11910/16963/20303/58185",0.45505986738723
"GSE22601_IMMATURE_CD4_SINGLE_POSITIVE_VS_DOUBLE_POSITIVE_THYMOCYTE_DN","GSE22601_IMMATURE_CD4_SINGLE_POSITIVE_VS_DOUBLE_POSITIVE_THYMOCYTE_DN",90,-0.490987210165734,-1.48949735535854,0.00658157806992792,0.172527745322502,0.172527745322502,4575,"tags=40%, list=23%, signal=31%","21885/74645/11792/12039/52033/16391/15354/236573/19419/319520/56473/17279/74134/17119/15184/13537/17164/381319/12452/56722/14284/217069/547253/20847/76074/52187/16643/59027/16428/17472/17988/16878/21354/84544/12335/626578",0.407017918923954
"GSE9988_ANTI_TREM1_VS_VEHICLE_TREATED_MONOCYTES_UP","GSE9988_ANTI_TREM1_VS_VEHICLE_TREATED_MONOCYTES_UP",89,-0.504495285211518,-1.48924320341855,0.00463613948071351,0.142185993674831,0.142185993674831,6192,"tags=51%, list=31%, signal=35%","14283/29815/26556/19769/107527/17254/56405/12819/16177/54141/20909/22166/21847/14579/23872/19225/226419/225363/13614/16323/19252/319520/12575/16592/22271/15526/17748/14066/218952/52187/18441/11605/54698/112407/50778/69065/108143/667034/12608/326623/54199/83996/14825/20297/20310",0.407017918923954
"GSE2405_0H_VS_9H_A_PHAGOCYTOPHILUM_STIM_NEUTROPHIL_DN","GSE2405_0H_VS_9H_A_PHAGOCYTOPHILUM_STIM_NEUTROPHIL_DN",105,-0.477782223890205,-1.48886167622968,0.00686748903887062,0.178378625548101,0.178378625548101,7226,"tags=63%, list=37%, signal=40%","19182/68436/74117/20104/11465/66197/230075/19988/66290/66105/21881/20383/13039/15254/18148/18477/26440/67248/11949/12345/11840/22154/54217/51788/67115/22166/19934/26443/16765/110323/228033/12861/16792/17220/12858/20364/16832/20091/20085/67097/12010/15381/14694/58810/28080/19899/20044/20005/11837/54208/19384/12465/66925/22032/76846/55949/16898/23871/16592/16828/20103/59069/27050/16818/12502/21673",0.407017918923954
"GSE22886_NAIVE_TCELL_VS_NEUTROPHIL_DN","GSE22886_NAIVE_TCELL_VS_NEUTROPHIL_DN",71,-0.517174607973294,-1.48756493851997,0.0133365118935348,0.249644967535133,0.249644967535133,3341,"tags=31%, list=17%, signal=26%","15213/217944/68481/56722/20322/19736/20616/209378/26570/14419/11535/667373/20568/15959/69787/71854/330122/16176/14825/20310/19733/110197",0.380730400722792
"GSE3720_LPS_VS_PMA_STIM_VD1_GAMMADELTA_TCELL_DN","GSE3720_LPS_VS_PMA_STIM_VD1_GAMMADELTA_TCELL_DN",69,-0.505539902340493,-1.48691121301583,0.0185285395934656,0.304698224158777,0.304698224158777,5083,"tags=41%, list=26%, signal=30%","12757/14744/12858/17069/74645/16994/67097/19899/20044/77605/11837/20230/12465/21335/17279/55949/17319/70186/18124/20343/74694/16913/50783/320007/12481/13482/12500/16963",0.352487857583619
"GSE7852_TREG_VS_TCONV_LN_UP","GSE7852_TREG_VS_TCONV_LN_UP",102,-0.482134128922369,-1.48412102170538,0.00660391787817857,0.172527745322502,0.172527745322502,3956,"tags=31%, list=20%, signal=25%","17181/17082/13011/319520/17279/20947/21936/17119/72309/16184/55932/80859/19883/20527/52187/14190/74735/54195/27218/12522/50778/60533/17988/18263/20525/242248/50498/22634/14460/54199/16763/11688",0.407017918923954
"GSE13485_DAY1_VS_DAY3_YF17D_VACCINE_PBMC_UP","GSE13485_DAY1_VS_DAY3_YF17D_VACCINE_PBMC_UP",29,-0.593212878701056,-1.48383242838299,0.0192188832335226,0.310805888075035,0.310805888075035,1390,"tags=24%, list=7%, signal=22%","18175/13983/72088/14859/110308/18095/18548",0.352487857583619
"SOBOLEV_PBMC_PANDEMRIX_AGE_18_64YO_7DY_DN","SOBOLEV_PBMC_PANDEMRIX_AGE_18_64YO_7DY_DN",30,-0.594999210113123,-1.48366348723223,0.0318515467037449,0.401927649100201,0.401927649100201,3839,"tags=50%, list=19%, signal=40%","52668/246728/23960/55932/246730/16913/99899/15958/231655/20701/667373/17858/15959/15945/217845",0.321775918075361
"GSE13547_WT_VS_ZFX_KO_BCELL_ANTI_IGM_STIM_2H_DN","GSE13547_WT_VS_ZFX_KO_BCELL_ANTI_IGM_STIM_2H_DN",57,-0.532614599264476,-1.48331066208816,0.00933154640836017,0.206394246979669,0.206394246979669,3331,"tags=30%, list=17%, signal=25%","66136/353187/20016/18383/15896/12227/27007/17133/54123/16523/320007/12767/16197/110168/16963/13809/12516",0.380730400722792
"GSE37301_COMMON_LYMPHOID_PROGENITOR_VS_RAG2_KO_NK_CELL_UP","GSE37301_COMMON_LYMPHOID_PROGENITOR_VS_RAG2_KO_NK_CELL_UP",67,-0.509648686447293,-1.48278987909003,0.0234178769929772,0.340972933431283,0.340972933431283,3807,"tags=33%, list=19%, signal=27%","20539/11637/20638/17954/13038/68481/72169/73710/16162/13602/17384/228608/26415/18190/12481/98363/12609/19309/14859/21947/14411/67747",0.352487857583619
"GSE23568_ID3_KO_VS_WT_CD8_TCELL_UP","GSE23568_ID3_KO_VS_WT_CD8_TCELL_UP",118,-0.471464151000317,-1.48240549025659,0.00646837644943726,0.172433298507367,0.172433298507367,5033,"tags=40%, list=26%, signal=30%","56086/16765/13195/17220/12039/22137/12442/18972/97165/69305/19718/100678/16551/11492/381738/15354/13011/12235/21335/21681/114663/12525/80914/17118/17749/54215/21936/16592/69716/69241/16906/107995/54124/11799/14939/52276/16643/27007/12125/20304/14190/18005/16590/231507/17858/12335/12516",0.407017918923954
"GSE13484_UNSTIM_VS_YF17D_VACCINE_STIM_PBMC_DN","GSE13484_UNSTIM_VS_YF17D_VACCINE_STIM_PBMC_DN",128,-0.467852159601888,-1.48111279819271,0.00377551928508601,0.122583366531799,0.122583366531799,3927,"tags=38%, list=20%, signal=30%","56791/16391/21355/17750/12702/71586/246728/23960/268301/380713/20846/16184/246730/20821/16912/12703/17748/16162/217069/20847/16913/11639/16367/54123/327959/74735/80861/99899/17873/69550/67775/71939/15465/75345/21354/15958/22035/100038882/231655/667373/233079/17858/15959/24110/16193/11910/20303/58185",0.431707695803346
"GSE40274_CTRL_VS_IRF4_TRANSDUCED_ACTIVATED_CD4_TCELL_DN","GSE40274_CTRL_VS_IRF4_TRANSDUCED_ACTIVATED_CD4_TCELL_DN",62,-0.512080071555887,-1.48071353843109,0.0229925347023495,0.339525330225656,0.339525330225656,6174,"tags=58%, list=31%, signal=40%","26401/67204/17254/26410/72157/381269/16188/11821/21454/18415/230734/77891/52118/12466/19225/16004/12585/74645/21815/19696/20230/12465/14367/74694/353187/14066/16428/228608/17691/20893/54200/18646/60533/18263/13082/231655",0.352487857583619
"GSE17974_IL4_AND_ANTI_IL12_VS_UNTREATED_48H_ACT_CD4_TCELL_DN","GSE17974_IL4_AND_ANTI_IL12_VS_UNTREATED_48H_ACT_CD4_TCELL_DN",76,-0.500660848616457,-1.48032491088322,0.0158032241929883,0.27601148461202,0.27601148461202,3610,"tags=37%, list=18%, signal=30%","23960/14573/12575/16416/80285/20846/16184/246730/17829/16162/547253/76453/54123/54195/27218/18578/99899/69550/77647/12481/54167/17858/14373/12335/11910/16183/20297/18405",0.352487857583619
"GSE8835_CD4_VS_CD8_TCELL_CLL_PATIENT_UP","GSE8835_CD4_VS_CD8_TCELL_CLL_PATIENT_UP",112,-0.474579757031974,-1.48024639722873,0.00698657388338726,0.18054590162937,0.18054590162937,3932,"tags=41%, list=20%, signal=33%","17082/56791/20292/236573/71586/21936/434341/22271/20343/246278/14939/14696/76074/15896/16870/21939/16643/16421/60406/27007/16168/20304/17472/15939/54123/21990/19378/14962/12515/67775/12502/15958/22035/667034/100038882/231655/667373/15959/17167/15945/24110/22169/626578/54426/66106/58185",0.407017918923954
"GSE33424_CD161_HIGH_VS_NEG_CD8_TCELL_DN","GSE33424_CD161_HIGH_VS_NEG_CD8_TCELL_DN",111,-0.472229047522075,-1.47980820240105,0.00816203880762649,0.192837976123664,0.192837976123664,4310,"tags=36%, list=22%, signal=28%","11522/12442/100678/12843/381738/20230/13011/21681/12525/110033/17991/20922/22637/223775/228026/12457/19361/12428/107995/17748/54124/15903/107272/11799/52276/16428/21838/16818/12502/12501/12487/16197/12526/11472/14373/15018/15007/12500/16780/54390",0.380730400722792
"GSE23568_CTRL_TRANSDUCED_VS_WT_CD8_TCELL_DN","GSE23568_CTRL_TRANSDUCED_VS_WT_CD8_TCELL_DN",95,-0.489392926081868,-1.47869140711549,0.00505461638291006,0.147353018350976,0.147353018350976,5115,"tags=45%, list=26%, signal=34%","14360/16182/19354/16765/13033/16792/17220/21885/14103/56420/27412/20230/13011/71586/22637/13537/20343/19883/14696/15896/16643/16421/21943/20304/54123/54698/13197/17988/21838/16818/12502/21354/12501/15370/100038882/12487/16197/11472/84544/12686/12500/54390/21673",0.407017918923954
"GSE17812_WT_VS_THPOK_KO_MEMORY_CD8_TCELL_DN","GSE17812_WT_VS_THPOK_KO_MEMORY_CD8_TCELL_DN",87,-0.484963206619515,-1.47765772937896,0.00925990305781614,0.206394246979669,0.206394246979669,5741,"tags=48%, list=29%, signal=34%","14211/12013/20878/19664/14775/22171/54141/66442/15902/12660/20877/236733/53605/108000/14840/216161/16765/11491/226641/17220/18591/12449/22137/67054/110052/14702/21877/71982/19718/12235/66471/20873/12428/56722/20527/21939/20354/75345/12609/15945/54199/14411",0.380730400722792
"GSE46606_IRF4HIGH_VS_IRF4MID_CD40L_IL2_IL5_DAY1_STIMULATED_BCELL_DN","GSE46606_IRF4HIGH_VS_IRF4MID_CD40L_IL2_IL5_DAY1_STIMULATED_BCELL_DN",63,-0.508616779771375,-1.47764107608478,0.0200025944837542,0.315637724542436,0.315637724542436,1998,"tags=24%, list=10%, signal=21%","17873/16153/100038882/19116/12526/54167/17858/12686/11910/22169/12477/20297/20303/12715/15977",0.352487857583619
"GSE18791_CTRL_VS_NEWCASTLE_VIRUS_DC_16H_DN","GSE18791_CTRL_VS_NEWCASTLE_VIRUS_DC_16H_DN",80,-0.490650089199345,-1.47737148382696,0.0176512860826844,0.294028025594925,0.294028025594925,3734,"tags=39%, list=19%, signal=32%","14221/246728/434341/17119/55932/217069/547253/16156/20847/14425/74481/170768/54123/327959/18578/58801/80861/99899/67775/17242/71939/75345/15958/50498/100038882/231655/667373/326623/15959/22169/16427",0.352487857583619
"GSE44649_WT_VS_MIR155_KO_NAIVE_CD8_TCELL_DN","GSE44649_WT_VS_MIR155_KO_NAIVE_CD8_TCELL_DN",100,-0.479447845282019,-1.47659892263269,0.00974165686973113,0.212678845022363,0.212678845022363,4263,"tags=44%, list=22%, signal=35%","19696/17386/20918/74646/14733/21355/13011/236573/12702/68603/23972/17118/246728/23960/19294/12575/16592/23897/13537/16184/246730/73710/56213/108079/18035/70350/76074/384009/11845/20304/17472/54123/11605/17988/12515/17873/100038882/231655/667373/15945/24110/16763/626578/18548",0.380730400722792
"GSE36891_UNSTIM_VS_POLYIC_TLR3_STIM_PERITONEAL_MACROPHAGE_UP","GSE36891_UNSTIM_VS_POLYIC_TLR3_STIM_PERITONEAL_MACROPHAGE_UP",69,-0.501642014192845,-1.47544661137512,0.0205683244287493,0.321538775406219,0.321538775406219,3292,"tags=35%, list=17%, signal=29%","21808/18124/80859/14284/12227/20620/17133/17872/58801/16878/18263/11839/15370/12609/12608/67182/193740/54199/16193/11910/330122/12477/14825/20310",0.352487857583619
"GSE13485_DAY1_VS_DAY7_YF17D_VACCINE_PBMC_DN","GSE13485_DAY1_VS_DAY7_YF17D_VACCINE_PBMC_DN",108,-0.476088113427739,-1.47525808096294,0.00499239652030742,0.147353018350976,0.147353018350976,3927,"tags=31%, list=20%, signal=25%","56791/52668/71586/17118/246728/23960/80285/20846/55932/246730/16912/547253/54123/327959/231507/80861/99899/67775/71939/15368/21354/15958/22035/100038882/231655/667373/17858/15959/15945/24110/22169/217845/58185",0.407017918923954
"GSE360_HIGH_DOSE_B_MALAYI_VS_M_TUBERCULOSIS_MAC_DN","GSE360_HIGH_DOSE_B_MALAYI_VS_M_TUBERCULOSIS_MAC_DN",113,-0.467039806606652,-1.47512149873203,0.00595078601651163,0.162046941793717,0.162046941793717,4818,"tags=38%, list=24%, signal=29%","24088/17210/14469/22323/234515/12479/15200/12051/22695/19211/68981/74747/13007/99889/228026/19734/21985/66071/16912/12703/56213/14284/20527/56460/11770/59027/11520/17681/18578/20394/17381/12767/70789/16197/19309/83996/16780/330122/97122/14825/20297/54390/20310",0.407017918923954
"GSE17186_MEMORY_VS_CD21HIGH_TRANSITIONAL_BCELL_DN","GSE17186_MEMORY_VS_CD21HIGH_TRANSITIONAL_BCELL_DN",108,-0.476005186177113,-1.47500111362187,0.00499239652030742,0.147353018350976,0.147353018350976,3913,"tags=31%, list=20%, signal=25%","66148/236573/13007/14200/19419/71586/22637/54215/16186/20846/57257/56722/20527/76074/16913/21943/12125/17472/12522/225845/60533/54139/21354/12504/13482/15958/15370/16149/16197/15945/84544/16763/16963/626578",0.407017918923954
"GSE46606_IRF4HIGH_VS_WT_CD40L_IL2_IL5_DAY3_STIMULATED_BCELL_DN","GSE46606_IRF4HIGH_VS_WT_CD40L_IL2_IL5_DAY3_STIMULATED_BCELL_DN",71,-0.512279237099679,-1.47348423548395,0.0156850513792642,0.275849948736018,0.275849948736018,4302,"tags=46%, list=22%, signal=36%","12010/28080/12330/56791/16531/21355/13011/66925/19419/11674/23960/16186/20846/246730/13806/16913/14964/11433/11898/327959/14962/69550/21354/667034/19116/21955/231655/17167/15018/24110/22061/15007/70026",0.352487857583619
"GSE15324_ELF4_KO_VS_WT_ACTIVATED_CD8_TCELL_DN","GSE15324_ELF4_KO_VS_WT_ACTIVATED_CD8_TCELL_DN",59,-0.519408423597218,-1.47268570715189,0.0234386071385839,0.340972933431283,0.340972933431283,4212,"tags=37%, list=21%, signal=29%","12442/19211/106344/67938/12326/20846/11958/20821/12865/12227/17384/27007/320495/14190/16367/225845/107970/19143/14919/84544/16763/16963",0.352487857583619
"ZAK_PBMC_MRKAD5_HIV_1_GAG_POL_NEF_AGE_20_50YO_AD5_NAB_TITERS_GTE_200_VS_LTE_200_1DY_UP","ZAK_PBMC_MRKAD5_HIV_1_GAG_POL_NEF_AGE_20_50YO_AD5_NAB_TITERS_GTE_200_VS_LTE_200_1DY_UP",44,-0.543668916201053,-1.47233893410874,0.0377806983767033,0.443282195138355,0.443282195138355,3936,"tags=39%, list=20%, signal=31%","20230/19419/12326/23871/19883/16643/16428/27007/117167/54698/12176/242248/13482/14373/84544/12500/14945",0.321775918075361
"MATSUMIYA_PBMC_MODIFIED_VACCINIA_ANKARA_VACCINE_AGE_18_55YO_VACCINATED_VS_CONTROL_TREATED_IN_VITRO_WITH_MVA85A_6HR_UP","MATSUMIYA_PBMC_MODIFIED_VACCINIA_ANKARA_VACCINE_AGE_18_55YO_VACCINATED_VS_CONTROL_TREATED_IN_VITRO_WITH_MVA85A_6HR_UP",42,-0.549979710830778,-1.47213948144771,0.0352481608246019,0.42406635291356,0.42406635291356,3550,"tags=36%, list=18%, signal=29%","19294/18124/23897/11747/11639/192663/20525/70789/11535/21345/12526/330122/14825/20310/15977",0.321775918075361
"GSE21063_CTRL_VS_ANTI_IGM_STIM_BCELL_NFATC1_KO_3H_UP","GSE21063_CTRL_VS_ANTI_IGM_STIM_BCELL_NFATC1_KO_3H_UP",74,-0.500125407685932,-1.4709975293773,0.013092706023073,0.249644967535133,0.249644967535133,3837,"tags=31%, list=19%, signal=25%","11758/23972/16592/12457/30794/11747/70350/14991/12142/384009/54698/112407/16770/16858/13143/100038882/21955/11472/84544/15018/24110/15007/20202",0.380730400722792
"GSE360_L_DONOVANI_VS_B_MALAYI_LOW_DOSE_DC_UP","GSE360_L_DONOVANI_VS_B_MALAYI_LOW_DOSE_DC_UP",114,-0.467555558521541,-1.46999928510485,0.00584406607669263,0.160945651898032,0.160945651898032,5398,"tags=42%, list=27%, signal=31%","22166/23892/14086/14579/23872/26443/18451/12984/15937/12363/22642/11992/16323/74747/23945/13011/17750/19294/14958/16186/20733/20343/17748/51795/56722/13807/20527/75234/23882/59027/11639/20304/54123/12522/17988/19378/16523/17873/22042/12767/13482/100038882/11535/14373/53626/15464/13857/72434",0.407017918923954
"GSE29618_PRE_VS_DAY7_POST_LAIV_FLU_VACCINE_BCELL_DN","GSE29618_PRE_VS_DAY7_POST_LAIV_FLU_VACCINE_BCELL_DN",58,-0.523822013694548,-1.46916690193784,0.0281627569007342,0.383452590597362,0.383452590597362,4655,"tags=34%, list=24%, signal=26%","17965/230872/11443/236900/71838/18168/21877/15211/17954/13170/14585/12142/16428/17022/20614/12487/20297/12740/14411/80796",0.352487857583619
"GSE14769_UNSTIM_VS_40MIN_LPS_BMDM_DN","GSE14769_UNSTIM_VS_40MIN_LPS_BMDM_DN",124,-0.463906127447117,-1.4685742821896,0.00660817030455389,0.172527745322502,0.172527745322502,5472,"tags=48%, list=28%, signal=35%","17126/74155/15902/230734/16362/12660/21888/19225/15937/24088/17210/20971/15982/21815/22695/19696/17386/16154/97165/19252/20292/230738/12702/20439/319520/268301/20482/13537/18412/99929/80859/15903/75234/18035/16477/14991/12227/20620/17133/17872/15939/18712/18578/50778/12515/18263/17873/16153/75345/12608/193740/15945/15018/54199/24110/11910/15007/14825/20310/20303",0.407017918923954
"GSE360_CTRL_VS_M_TUBERCULOSIS_DC_DN","GSE360_CTRL_VS_M_TUBERCULOSIS_DC_DN",118,-0.466945989373727,-1.46819921903339,0.00724977995456704,0.182687241143692,0.182687241143692,3914,"tags=34%, list=20%, signal=27%","16391/107503/17750/19419/246728/16186/81489/18124/16828/18412/56722/75234/18035/20847/14723/11639/17681/170768/12522/50778/13197/17988/99899/19378/56485/69550/17381/16153/17751/15958/22035/98363/70789/20568/17167/14373/13857/20202/20303/72434",0.407017918923954
"GSE23114_WT_VS_SLE2C1_MOUSE_SPLEEN_B1A_BCELL_DN","GSE23114_WT_VS_SLE2C1_MOUSE_SPLEEN_B1A_BCELL_DN",81,-0.486137252114135,-1.46689233793367,0.0116289452325729,0.237502450012023,0.237502450012023,3568,"tags=30%, list=18%, signal=24%","15446/74105/15191/81489/18641/13038/13198/16477/16870/22113/18712/18188/12224/67815/13197/11839/17242/12560/12767/19309/16427/54426/54390/21393",0.380730400722792
"GSE37301_CD4_TCELL_VS_RAG2_KO_NK_CELL_UP","GSE37301_CD4_TCELL_VS_RAG2_KO_NK_CELL_UP",44,-0.541563812035957,-1.46663798867989,0.0411240392885835,0.472041558768696,0.472041558768696,5049,"tags=50%, list=26%, signal=37%","16182/26432/24066/15201/12330/15354/12518/12490/19883/17287/18566/21943/20304/112407/54140/14776/50527/50498/54167/15959/15945/14945",0.321775918075361
"GSE39152_BRAIN_VS_SPLEEN_CD103_NEG_MEMORY_CD8_TCELL_UP","GSE39152_BRAIN_VS_SPLEEN_CD103_NEG_MEMORY_CD8_TCELL_UP",118,-0.466364802324221,-1.46637181631099,0.00742342532754481,0.186136877643636,0.186136877643636,4221,"tags=31%, list=21%, signal=25%","110826/17386/14694/71982/19718/17086/16391/12465/17750/11908/13178/17991/23960/65111/20846/15382/18412/55932/246730/75234/240832/59027/60406/14964/16168/16590/12522/18263/21354/20391/15945/15018/24110/11910/15007/14077/14411",0.407017918923954
"GSE30971_CTRL_VS_LPS_STIM_MACROPHAGE_WBP7_KO_2H_UP","GSE30971_CTRL_VS_LPS_STIM_MACROPHAGE_WBP7_KO_2H_UP",99,-0.465463284482122,-1.46415882577567,0.0100793429851715,0.21817039410211,0.21817039410211,4029,"tags=41%, list=20%, signal=33%","11492/22217/230738/12702/229055/218215/15213/22271/19734/13733/16184/68481/381319/12578/12703/14066/20527/18035/70350/16175/11639/170768/15939/18712/70574/117167/27218/231507/19288/60533/17873/15465/16153/11535/326623/14373/16193/16780/14825/20297/18095",0.380730400722792
"GSE24634_IL4_VS_CTRL_TREATED_NAIVE_CD4_TCELL_DAY5_DN","GSE24634_IL4_VS_CTRL_TREATED_NAIVE_CD4_TCELL_DAY5_DN",92,-0.480661902723106,-1.46178885776502,0.0113676439422908,0.237185652529505,0.237185652529505,4323,"tags=34%, list=22%, signal=26%","15200/13614/16323/56791/230738/17750/246728/67608/20103/20821/16912/14066/14939/14991/320495/17681/54123/327959/14962/69550/75345/21354/12481/15958/17858/15959/84544/15013/58185/18405/14411",0.380730400722792
"GSE42724_MEMORY_VS_B1_BCELL_DN","GSE42724_MEMORY_VS_B1_BCELL_DN",107,-0.464654311991523,-1.46172114371654,0.00805946887466684,0.192693861194452,0.192693861194452,3767,"tags=36%, list=19%, signal=30%","12702/19419/319520/11423/20266/56473/19294/12575/21936/223775/80285/16184/55932/16906/80859/68481/18035/70350/14723/13806/21939/16913/11639/12125/50908/20304/18578/60533/13197/17873/26570/21354/12767/50498/70789/16197/16763/16780/11688",0.380730400722792
"GSE17974_2H_VS_72H_UNTREATED_IN_VITRO_CD4_TCELL_UP","GSE17974_2H_VS_72H_UNTREATED_IN_VITRO_CD4_TCELL_UP",58,-0.520611742976221,-1.46016303542914,0.0302360635782746,0.38968361838158,0.38968361838158,1051,"tags=12%, list=5%, signal=11%","16193/330122/16176/14825/20297/20310/72434",0.352487857583619
"GSE7218_IGM_VS_IGG_SIGNAL_THGOUGH_ANTIGEN_BCELL_DN","GSE7218_IGM_VS_IGG_SIGNAL_THGOUGH_ANTIGEN_BCELL_DN",101,-0.476447574749614,-1.4599773863846,0.00719311663679703,0.182687241143692,0.182687241143692,4357,"tags=50%, list=22%, signal=39%","16994/12010/19696/13614/71982/72075/56791/236573/12525/22637/21936/434341/22271/19734/20846/16184/12703/75234/547253/20847/76074/59027/16428/74481/20304/17472/15507/225845/80861/99899/12515/69550/16818/67775/71939/12265/12481/15958/22035/12487/54167/667373/20568/15959/15945/12776/24110/12500/626578/58185",0.407017918923954
"GSE24142_DN2_VS_DN3_THYMOCYTE_ADULT_UP","GSE24142_DN2_VS_DN3_THYMOCYTE_ADULT_UP",86,-0.484779944751286,-1.45891074219855,0.00930727695041231,0.206394246979669,0.206394246979669,5520,"tags=48%, list=28%, signal=34%","16188/12704/110078/16362/14579/16182/12363/13195/23997/18611/18429/15200/73804/67880/19366/110033/214137/101502/11552/23960/19294/21349/27260/99586/55932/246730/51793/17748/56722/228608/20304/18712/50905/50778/67775/101488143/15018/232370/15007/66211/12715",0.380730400722792
"GSE28130_ACTIVATED_VS_INDUCEED_TREG_DN","GSE28130_ACTIVATED_VS_INDUCEED_TREG_DN",81,-0.483433676885351,-1.45873444883777,0.0132553462553482,0.249644967535133,0.249644967535133,4577,"tags=40%, list=23%, signal=30%","107747/20855/16164/18626/21815/74747/14733/13178/15112/20873/17829/218630/12311/16002/16870/16510/18188/54123/50530/21908/54139/13143/17381/15368/21955/54167/12862/320202/22094/14825/20310/12805",0.380730400722792
"GSE21380_NON_TFH_VS_TFH_CD4_TCELL_UP","GSE21380_NON_TFH_VS_TFH_CD4_TCELL_UP",73,-0.499642406451849,-1.45856602510421,0.0298206523125588,0.387828079600969,0.387828079600969,3693,"tags=29%, list=19%, signal=23%","71529/20947/23960/15211/67946/17929/21985/99929/236539/246730/209027/547253/14991/18578/112407/99899/209378/15018/15007/20303/15001",0.352487857583619
"GSE3720_LPS_VS_PMA_STIM_VD1_GAMMADELTA_TCELL_UP","GSE3720_LPS_VS_PMA_STIM_VD1_GAMMADELTA_TCELL_UP",45,-0.548288308153791,-1.45732108165709,0.024718994545212,0.346819133993071,0.346819133993071,4302,"tags=42%, list=22%, signal=33%","12010/110826/110446/20005/55932/14939/16643/50908/11845/14190/327959/27218/58801/16523/12502/75345/14938/233079/14945",0.352487857583619
"GSE24574_NAIVE_VS_TCONV_CD4_TCELL_UP","GSE24574_NAIVE_VS_TCONV_CD4_TCELL_UP",82,-0.494089520318085,-1.45720695652185,0.0119944916445987,0.24147513846302,0.24147513846302,4323,"tags=35%, list=22%, signal=28%","15200/97165/20044/74747/17750/71586/23972/15446/81489/216456/13198/20527/12142/22113/11433/17691/18712/19288/20616/50778/13197/17873/17242/12391/12767/69169/16427/54426/54390",0.380730400722792
"GSE22886_NAIVE_CD4_TCELL_VS_NEUTROPHIL_DN","GSE22886_NAIVE_CD4_TCELL_VS_NEUTROPHIL_DN",83,-0.492911217212947,-1.45672588558025,0.0131031306256816,0.249644967535133,0.249644967535133,3194,"tags=35%, list=16%, signal=29%","217944/68481/66901/56722/269116/70350/16870/59027/14190/19736/16770/26570/14419/22035/12609/12608/193740/69787/15018/71854/15007/13983/330122/14825/20202/20310/16199/58185/110197",0.380730400722792
"GSE37301_PRO_BCELL_VS_CD4_TCELL_DN","GSE37301_PRO_BCELL_VS_CD4_TCELL_DN",61,-0.513362677595546,-1.45623529983476,0.0234944824812473,0.340972933431283,0.340972933431283,5226,"tags=49%, list=27%, signal=36%","14030/236733/230484/223920/54371/70099/16994/12330/74646/56791/236573/57264/76074/52187/21943/320495/20304/17472/50905/12522/18578/67775/12502/13982/50498/54725/24110/16183/626578/16682",0.352487857583619
"GSE42021_TCONV_PLN_VS_CD24HI_TCONV_THYMUS_UP","GSE42021_TCONV_PLN_VS_CD24HI_TCONV_THYMUS_UP",117,-0.467723433374949,-1.45621944804852,0.00945861478700438,0.208295147374683,0.208295147374683,5705,"tags=43%, list=29%, signal=31%","12013/246696/381269/22339/16169/16362/27361/15900/26443/216161/19167/246196/17210/14469/69181/22695/17768/56791/21355/11637/18675/21817/99586/381319/16912/12703/17349/75234/14991/21939/59027/16913/11639/50908/17133/19223/58801/20452/16408/16178/67775/71939/21354/16149/15018/11910/15007/14825/15013/18095",0.380730400722792
"GSE7831_UNSTIM_VS_INFLUENZA_STIM_PDC_4H_UP","GSE7831_UNSTIM_VS_INFLUENZA_STIM_PDC_4H_UP",101,-0.475162707676847,-1.45604017068624,0.00769205576688024,0.187308954131002,0.187308954131002,3707,"tags=31%, list=19%, signal=25%","71586/101502/23960/268301/20957/21817/246730/16912/13406/11747/14991/12227/16590/18578/50530/105785/104001/14999/13850/17381/21354/50498/15002/16149/17930/14969/15018/12686/15007/15001/58860",0.407017918923954
"GSE46606_IRF4_KO_VS_WT_UNSTIM_BCELL_DN","GSE46606_IRF4_KO_VS_WT_UNSTIM_BCELL_DN",91,-0.477803084148651,-1.45588077391217,0.0143129765823474,0.25983952110964,0.25983952110964,4208,"tags=37%, list=21%, signal=30%","54483/71982/28080/20725/76969/230738/12702/22420/16186/80859/18035/11639/14964/11433/54123/11898/18578/60533/14962/12515/26570/20525/667034/12609/21955/15945/15018/22061/15007/16176/20310/20303/170761/12985",0.380730400722792
"GSE9960_GRAM_NEG_VS_GRAM_POS_SEPSIS_PBMC_UP","GSE9960_GRAM_NEG_VS_GRAM_POS_SEPSIS_PBMC_UP",91,-0.477632026540211,-1.45535955608914,0.0143129765823474,0.25983952110964,0.25983952110964,6222,"tags=49%, list=32%, signal=34%","18413/14283/11603/17387/17218/231130/57444/24045/22154/102247/16169/77891/108960/18451/12984/19167/54371/229003/18626/12051/16154/71982/16323/19419/319520/12575/223775/15191/20846/13733/14066/14723/11639/54123/327959/50778/17988/99899/69550/75345/15959/24110/13809/20724/11688",0.380730400722792
"GSE43863_TH1_VS_LY6C_INT_CXCR5POS_MEMORY_CD4_TCELL_UP","GSE43863_TH1_VS_LY6C_INT_CXCR5POS_MEMORY_CD4_TCELL_UP",78,-0.48835170834286,-1.4550045468473,0.011437384089176,0.237419468900313,0.237419468900313,5158,"tags=33%, list=26%, signal=25%","12466/15361/20174/210009/20778/15510/225363/231887/230738/236573/57296/12702/20439/276919/16184/76074/21939/17472/16153/21354/50498/15945/16193/11910/16183/626578",0.380730400722792
"GSE20366_EX_VIVO_VS_DEC205_CONVERSION_NAIVE_CD4_TCELL_UP","GSE20366_EX_VIVO_VS_DEC205_CONVERSION_NAIVE_CD4_TCELL_UP",76,-0.492093899258401,-1.45499465272533,0.0207096283777872,0.321718282387255,0.321718282387255,4029,"tags=39%, list=20%, signal=32%","11492/17181/67052/12235/19419/76846/54215/20846/110695/56722/16162/14939/14710/12142/11520/20304/14190/17691/50905/231507/50778/75345/14938/20190/667373/193740/233079/11472/14945/16963",0.352487857583619
"GSE1740_MCSF_VS_MCSF_AND_IFNG_DAY2_DERIVED_MACROPHAGE_UP","GSE1740_MCSF_VS_MCSF_AND_IFNG_DAY2_DERIVED_MACROPHAGE_UP",57,-0.522206797047177,-1.45432534321192,0.0132953010872598,0.249644967535133,0.249644967535133,4361,"tags=46%, list=22%, signal=36%","13649/15201/12010/97243/56791/21355/14200/434341/20846/55932/20821/16912/547253/20847/16913/14776/14999/71939/21354/12560/12501/15002/20568/14969/104174/58185",0.380730400722792
"GSE15659_TREG_VS_TCONV_UP","GSE15659_TREG_VS_TCONV_UP",38,0.545410803360113,1.45411301738681,0.0301332621533865,0.389349420425771,0.389349420425772,283,"tags=11%, list=1%, signal=10%","20511/19886/235106/18546",0.352487857583619
"GSE21927_GMCSF_IL6_VS_GMCSF_GCSF_TREATED_BONE_MARROW_DN","GSE21927_GMCSF_IL6_VS_GMCSF_GCSF_TREATED_BONE_MARROW_DN",94,-0.477736956830658,-1.45327569407592,0.0115928506086472,0.237502450012023,0.237502450012023,7226,"tags=55%, list=37%, signal=35%","19182/11861/109032/104458/19353/230075/50927/67130/12321/19082/27214/67863/66865/67398/14283/70218/57444/74326/14211/51788/12704/66442/26444/66445/18030/246727/57423/407785/23997/12868/226641/22627/234515/22272/70099/11911/19359/110446/15354/52668/17420/17319/16906/20821/107272/50783/67775/71939/100038882/17858/24110/217845",0.380730400722792
"GSE13547_CTRL_VS_ANTI_IGM_STIM_ZFX_KO_BCELL_2H_UP","GSE13547_CTRL_VS_ANTI_IGM_STIM_ZFX_KO_BCELL_2H_UP",88,-0.482413710881328,-1.45307330836626,0.0111120678416477,0.234309323181948,0.234309323181948,7720,"tags=69%, list=39%, signal=42%","12419/12988/69080/12520/22027/218977/107513/21946/12721/12859/12544/18817/14227/16881/16319/72119/13877/17002/17219/12189/19045/29858/21973/12540/74326/51788/19039/66442/77891/15163/67397/233406/19354/16765/67629/22272/68275/22137/15510/56420/16551/100336/57296/21335/21991/11637/66471/12866/110033/69716/19074/19361/12428/54124/12615/217069/11799/52276/13605/231507/20568",0.380730400722792
"GSE13762_CTRL_VS_125_VITAMIND_DAY12_DC_DN","GSE13762_CTRL_VS_125_VITAMIND_DAY12_DC_DN",37,-0.554293075907985,-1.45222961078952,0.048338604876913,0.525397068029108,0.525397068029108,1925,"tags=16%, list=10%, signal=15%","17906/15464/16963/20202/13809/20310",0.321775918075361
"GSE23568_ID3_KO_VS_WT_CD8_TCELL_DN","GSE23568_ID3_KO_VS_WT_CD8_TCELL_DN",92,-0.477482523469215,-1.45211973037711,0.0120618381107886,0.24147513846302,0.24147513846302,4709,"tags=29%, list=24%, signal=22%","226641/18971/12039/56743/16154/19245/16909/17118/268301/74105/66136/21985/20744/21939/76453/12522/231507/14999/12265/12767/15002/20190/14960/14415/17858/14969/15001",0.380730400722792
"GSE19923_WT_VS_HEB_AND_E2A_KO_DP_THYMOCYTE_DN","GSE19923_WT_VS_HEB_AND_E2A_KO_DP_THYMOCYTE_DN",121,-0.458225443268881,-1.45187416028417,0.00817368349365316,0.192837976123664,0.192837976123664,5344,"tags=43%, list=27%, signal=32%","16362/78889/212943/14579/23872/18451/15937/14744/18030/57423/15270/18648/21815/22695/20918/19252/20292/12702/71586/56454/81489/228839/99929/80859/17748/13807/17829/18035/16477/240832/12142/59027/12227/16428/17872/20893/12224/17988/228775/11839/20525/50527/16153/12767/15370/17167/12776/16193/11910/12477/20303/58185",0.380730400722792
"GSE32164_RESTING_DIFFERENTIATED_VS_CMYC_INHIBITED_MACROPHAGE_DN","GSE32164_RESTING_DIFFERENTIATED_VS_CMYC_INHIBITED_MACROPHAGE_DN",113,-0.45967287256221,-1.45185341186883,0.00792008113546365,0.191024814052968,0.191024814052968,5135,"tags=40%, list=26%, signal=30%","73834/14360/16182/19354/13033/14744/65963/223920/233870/16832/74645/14103/56420/12709/17768/14733/66148/52668/11758/71586/11674/80914/17991/20922/15461/21936/13806/12142/16643/16913/11520/20304/18712/18646/15451/16818/12502/14938/15958/15959/15945/84544/12477/217845/54390",0.380730400722792
"GSE15324_ELF4_KO_VS_WT_NAIVE_CD8_TCELL_UP","GSE15324_ELF4_KO_VS_WT_NAIVE_CD8_TCELL_UP",55,-0.509447599441685,-1.4511346255843,0.0354909590811455,0.425975610772517,0.425975610772517,4673,"tags=45%, list=24%, signal=35%","18611/11443/73086/23912/12442/14733/68588/16416/104271/110695/18566/11799/52276/20322/22779/17988/13143/75345/17751/15959/14373/320202/22061/22169/14608",0.321775918075361
"GSE26343_UNSTIM_VS_LPS_STIM_NFAT5_KO_MACROPHAGE_DN","GSE26343_UNSTIM_VS_LPS_STIM_NFAT5_KO_MACROPHAGE_DN",122,-0.464818721691631,-1.45098927708451,0.00367798992547398,0.120967655665751,0.120967655665751,4991,"tags=43%, list=25%, signal=33%","12984/15937/14744/12363/11491/24088/17210/22323/15982/18591/69181/21815/12051/22695/56458/15566/19252/12702/11637/66102/268301/12575/20482/16186/18124/13537/55932/80859/16477/16175/21939/12142/12227/20620/14964/17133/18712/12522/12515/17873/11839/75345/15370/12608/11847/15945/15018/54199/16193/15007/330122/14825/20310",0.431707695803346
"GSE24972_MARGINAL_ZONE_BCELL_VS_FOLLICULAR_BCELL_IRF8_KO_UP","GSE24972_MARGINAL_ZONE_BCELL_VS_FOLLICULAR_BCELL_IRF8_KO_UP",74,-0.493270509224455,-1.45083550892002,0.0148817498196984,0.266346511790714,0.266346511790714,3664,"tags=22%, list=19%, signal=18%","23972/17319/17119/18412/15460/14313/21990/14999/26570/16149/54167/14960/15018/15007/99571/14411",0.380730400722792
"GSE39820_CTRL_VS_IL1B_IL6_IL23A_CD4_TCELL_DN","GSE39820_CTRL_VS_IL1B_IL6_IL23A_CD4_TCELL_DN",72,-0.490414835284003,-1.45071147120406,0.0164710079676966,0.282798831716553,0.282798831716553,5671,"tags=46%, list=29%, signal=33%","67665/56705/14420/15902/107702/76884/14579/108960/226641/12177/71838/12051/16323/23945/13011/17750/26399/22271/217944/80859/14284/13198/12865/23882/228608/17022/27218/231507/54698/17988/14938/12487/110168",0.352487857583619
"GSE360_LOW_DOSE_B_MALAYI_VS_M_TUBERCULOSIS_MAC_DN","GSE360_LOW_DOSE_B_MALAYI_VS_M_TUBERCULOSIS_MAC_DN",95,-0.48013170657367,-1.45070880872401,0.00751816243719648,0.186664180119609,0.186664180119609,5411,"tags=40%, list=27%, signal=29%","15902/16362/109900/15516/21853/18131/73998/66576/24088/18792/14469/68653/234515/16832/16164/12177/56791/69241/13038/353187/16912/66901/11770/60406/20354/76703/50778/17988/56720/56485/22042/667034/16149/70789/667373/19309/16780/54390",0.407017918923954
"GSE25088_CTRL_VS_IL4_AND_ROSIGLITAZONE_STIM_STAT6_KO_MACROPHAGE_DN","GSE25088_CTRL_VS_IL4_AND_ROSIGLITAZONE_STIM_STAT6_KO_MACROPHAGE_DN",57,-0.52082485809866,-1.45047669771943,0.0136256149306513,0.253531642830809,0.253531642830809,3619,"tags=26%, list=18%, signal=22%","19713/20922/19294/15112/74481/16168/66270/15939/69550/75345/50498/70789/17858/15018/15007",0.380730400722792
"GSE2706_R848_VS_LPS_2H_STIM_DC_DN","GSE2706_R848_VS_LPS_2H_STIM_DC_DN",62,-0.501617227065411,-1.45045952866173,0.0321241901957762,0.401927649100201,0.401927649100201,3707,"tags=32%, list=19%, signal=26%","71586/20957/12457/17349/16175/12142/17872/19288/58801/99899/14962/16153/15958/100038882/231655/667373/15959/22094/16176/15977",0.321775918075361
"GSE360_L_MAJOR_VS_B_MALAYI_LOW_DOSE_DC_UP","GSE360_L_MAJOR_VS_B_MALAYI_LOW_DOSE_DC_UP",105,-0.465386725049968,-1.45023490809521,0.0115364025570604,0.237502450012023,0.237502450012023,3647,"tags=32%, list=19%, signal=27%","12525/18655/15528/20873/20733/81489/18641/20343/19361/51795/56722/20527/23882/70350/16643/76453/17872/17681/18712/19223/27218/19378/19692/17906/23792/21354/12767/13482/12487/667373/16193/16176/12740/16667",0.380730400722792
"GSE37416_12H_VS_24H_F_TULARENSIS_LVS_NEUTROPHIL_DN","GSE37416_12H_VS_24H_F_TULARENSIS_LVS_NEUTROPHIL_DN",55,-0.5091066019743,-1.45016331227808,0.0361191013952896,0.431438241598374,0.431438241598374,5669,"tags=44%, list=29%, signal=31%","19664/17126/11984/93683/17859/13543/53605/16004/12858/14751/18986/11522/20463/74142/224530/74769/15211/14573/17319/54124/52187/60406/68507/16846",0.321775918075361
"GSE22025_TGFB1_VS_TGFB1_AND_PROGESTERONE_TREATED_CD4_TCELL_UP","GSE22025_TGFB1_VS_TGFB1_AND_PROGESTERONE_TREATED_CD4_TCELL_UP",90,-0.477806532502574,-1.44951141659145,0.0117686890011298,0.239391203978804,0.239391203978804,2980,"tags=21%, list=15%, signal=18%","12865/15903/16156/16913/320495/17681/68507/20614/12299/69550/76722/18976/14825/20297/18125/99571/12805/18548/72434",0.380730400722792
"GSE17721_PAM3CSK4_VS_GADIQUIMOD_2H_BMDC_UP","GSE17721_PAM3CSK4_VS_GADIQUIMOD_2H_BMDC_UP",68,-0.489481233325284,-1.44907182804748,0.0321922017273297,0.401927649100201,0.401927649100201,4248,"tags=37%, list=22%, signal=29%","13614/15566/229791/14396/107503/12465/214137/17118/15446/21808/236539/16870/18005/20893/50905/17988/12741/50498/15370/18213/16963/20724/23919/18405/18548",0.321775918075361
"GSE40685_NAIVE_CD4_TCELL_VS_FOXP3_KO_TREG_PRECURSOR_UP","GSE40685_NAIVE_CD4_TCELL_VS_FOXP3_KO_TREG_PRECURSOR_UP",76,-0.488565675716201,-1.44456260633082,0.0229925347023495,0.339525330225656,0.339525330225656,1267,"tags=9%, list=6%, signal=9%","19143/14919/22094/20303/17884/14411/11688",0.352487857583619
"GSE19923_E2A_KO_VS_E2A_AND_HEB_KO_DP_THYMOCYTE_DN","GSE19923_E2A_KO_VS_E2A_AND_HEB_KO_DP_THYMOCYTE_DN",110,-0.468937009704539,-1.44443075052222,0.00966815529683809,0.211987907266168,0.211987907266168,2972,"tags=21%, list=15%, signal=18%","11747/18035/16477/14939/16168/20304/11433/20354/54123/13197/17873/11839/16153/100038882/12526/67182/17858/17883/16193/16963/20303/58185/15977",0.380730400722792
"HARALAMBIEVA_PBMC_M_M_R_II_AGE_11_22YO_VACCINATED_VS_UNVACCINATED_7YR_UP","HARALAMBIEVA_PBMC_M_M_R_II_AGE_11_22YO_VACCINATED_VS_UNVACCINATED_7YR_UP",393,-0.405529940417626,-1.44217821757219,0.000143629600312345,0.0169257532275418,0.0169257532275418,4058,"tags=34%, list=21%, signal=28%","12709/11492/19252/74646/56791/107503/21355/67052/52668/236573/52331/12235/20539/17750/11423/71586/17279/19713/246728/23960/18675/19294/12575/17119/80285/20846/18124/13733/19074/57257/16184/217944/55932/236539/16906/246730/209027/381319/20821/73710/16912/12578/12703/17287/17748/13198/17829/16162/18566/217069/107272/75234/547253/66109/11799/218952/20847/76074/14991/21939/22113/11639/74481/50908/16168/320495/17133/17872/17472/17681/16404/15939/16367/54123/12224/327959/74735/54195/12522/18578/58801/20452/50778/60533/80861/99899/14962/16878/56720/69065/12515/18190/15139/69550/67775/101488143/17242/71939/60596/15465/20255/320007/75345/21354/17229/15958/15002/22035/100038882/11535/19116/231655/667373/233079/17858/15959/15945/12577/15018/54199/24110/12686/16193/11910/22169/15007/217845/16427/626578/20303/110308/58185/58860/18095",0.518848077743792
"GSE34205_HEALTHY_VS_FLU_INF_INFANT_PBMC_DN","GSE34205_HEALTHY_VS_FLU_INF_INFANT_PBMC_DN",111,-0.460211991187951,-1.44215075920635,0.0127820126712972,0.24855547885947,0.24855547885947,5015,"tags=41%, list=25%, signal=31%","15331/13033/66694/246727/73711/24088/12868/17394/242705/17069/50708/229003/22137/18648/14325/12010/12315/97165/17768/52668/17750/66043/246728/19294/14958/16828/16906/17748/54123/327959/231507/80861/99899/108143/50527/22042/16153/100038882/11535/231655/17858/24110/22169/217845/20202/58185",0.380730400722792
"GSE33513_TCF7_KO_VS_HET_EARLY_THYMIC_PROGENITOR_UP","GSE33513_TCF7_KO_VS_HET_EARLY_THYMIC_PROGENITOR_UP",73,-0.494011999146792,-1.44212962840007,0.0339928159445688,0.41091554357814,0.41091554357814,3826,"tags=36%, list=19%, signal=29%","236573/80914/12411/15213/22271/51795/14284/13198/218952/14939/76074/14964/13612/14190/17472/18166/19378/67775/16197/54167/11472/15018/15007/14859/626578/70026",0.321775918075361
"GSE20366_TREG_VS_NAIVE_CD4_TCELL_DEC205_CONVERSION_UP","GSE20366_TREG_VS_NAIVE_CD4_TCELL_DEC205_CONVERSION_UP",92,-0.473817713658036,-1.44097431170036,0.0132766795042432,0.249644967535133,0.249644967535133,4043,"tags=38%, list=21%, signal=30%","17768/11492/67305/22032/20947/21936/17420/218215/16184/20343/55932/17748/54124/20527/14939/52187/14190/17691/54200/12522/17988/14776/209378/17873/101488143/16153/15002/14960/14969/15945/16763/69169/14608/20310/66106",0.380730400722792
"GSE9509_10MIN_VS_30MIN_LPS_STIM_IL10_KO_MACROPHAGE_UP","GSE9509_10MIN_VS_30MIN_LPS_STIM_IL10_KO_MACROPHAGE_UP",72,-0.487066048823598,-1.44080532117923,0.0172808927601073,0.290544055028046,0.290544055028046,6191,"tags=51%, list=31%, signal=35%","14102/66988/67204/66143/53381/67680/110095/27366/66046/19934/66525/19663/12861/19088/22234/11792/16164/28080/12330/19384/69019/67880/276770/114663/11637/55949/17749/56454/20733/66071/11747/16421/384009/50527/12176/667034/22634",0.352487857583619
"GSE4590_PRE_BCELL_VS_LARGE_PRE_BCELL_UP","GSE4590_PRE_BCELL_VS_LARGE_PRE_BCELL_UP",63,-0.4956040394085,-1.43983626814814,0.0292598161736254,0.386861910239718,0.386861910239718,4529,"tags=40%, list=23%, signal=31%","16164/67710/19696/17386/15199/104009/20230/19419/71586/17118/14089/99586/20821/16912/14696/17384/20304/327959/12515/100038882/231655/15945/16193/58185/15977",0.352487857583619
"GSE1925_CTRL_VS_IFNG_PRIMED_MACROPHAGE_24H_IFNG_STIM_UP","GSE1925_CTRL_VS_IFNG_PRIMED_MACROPHAGE_24H_IFNG_STIM_UP",95,-0.476379200155455,-1.43937068203676,0.00878993653587598,0.200545173667621,0.200545173667621,4560,"tags=35%, list=23%, signal=27%","74645/18626/12010/19696/56743/52668/71586/20922/67451/20846/15382/18412/55932/11656/16912/18566/14991/21939/12125/16367/209378/17873/14938/15370/17883/53626/15018/24110/15007/14077/217845/14608/16199",0.380730400722792
"GSE28726_NAIVE_CD4_TCELL_VS_NAIVE_VA24NEG_NKTCELL_UP","GSE28726_NAIVE_CD4_TCELL_VS_NAIVE_VA24NEG_NKTCELL_UP",143,-0.443444278436109,-1.43870970648976,0.0071353850045936,0.182687241143692,0.182687241143692,6270,"tags=52%, list=32%, signal=36%","18477/12567/11676/66143/20249/21973/108037/22333/12035/14211/17535/20878/66416/14775/20810/22171/77891/12236/72599/15516/21853/26443/108000/20174/13626/18030/18746/12861/12868/27053/68298/22359/22137/14751/67054/15510/12442/21877/18972/73804/17768/16551/67052/12465/13011/11908/21991/11674/15356/18655/17319/16592/23897/16828/14635/236539/209027/12428/13685/16912/13807/17829/54124/13806/60406/20322/18005/20893/11605/54140/667034/16183/97122/54390",0.407017918923954
"GSE13306_RA_VS_UNTREATED_MEM_CD4_TCELL_DN","GSE13306_RA_VS_UNTREATED_MEM_CD4_TCELL_DN",101,-0.469360757329812,-1.43826126540365,0.0102432311592581,0.219838838227297,0.219838838227297,4955,"tags=43%, list=25%, signal=32%","15937/18030/18746/21885/74645/22359/71982/74747/17768/224530/67216/20439/21991/72017/19139/14958/67451/228026/14635/18641/13685/381319/17748/13807/13806/12142/228608/107869/112407/13197/17988/228775/69065/54139/20525/50527/16153/75345/70789/11535/17883/11910/69169",0.380730400722792
"GSE30971_WBP7_HET_VS_KO_MACROPHAGE_4H_LPS_STIM_UP","GSE30971_WBP7_HET_VS_KO_MACROPHAGE_4H_LPS_STIM_UP",87,-0.471717963727837,-1.43730016148671,0.0133571147486715,0.249644967535133,0.249644967535133,3900,"tags=25%, list=20%, signal=20%","230738/12465/20539/11674/80914/276919/22113/11639/26415/17681/19288/18263/26570/50498/11535/233079/14373/16780/330122/16176/14825/20310",0.380730400722792
"GSE17721_POLYIC_VS_CPG_8H_BMDC_UP","GSE17721_POLYIC_VS_CPG_8H_BMDC_UP",79,-0.476979976097892,-1.43683968846741,0.0138862033578047,0.256692043822193,0.256692043822193,2825,"tags=25%, list=14%, signal=22%","14723/76074/16421/20620/27007/14964/74481/17472/60533/17988/110835/23792/14938/22035/17907/20190/15018/15007/626578/20303",0.380730400722792
"GSE14415_ACT_VS_CTRL_NATURAL_TREG_DN","GSE14415_ACT_VS_CTRL_NATURAL_TREG_DN",60,-0.504539458495652,-1.43530214466209,0.0278143368493379,0.381607367188423,0.381607367188423,3370,"tags=28%, list=17%, signal=24%","70186/66136/353187/14113/20016/12227/27007/16168/54123/16523/320007/12767/15370/12487/16197/16963/12516",0.352487857583619
"GSE21360_NAIVE_VS_QUATERNARY_MEMORY_CD8_TCELL_DN","GSE21360_NAIVE_VS_QUATERNARY_MEMORY_CD8_TCELL_DN",95,-0.474743982118382,-1.43442990187563,0.0101293176218944,0.218319122361256,0.218319122361256,3927,"tags=29%, list=20%, signal=24%","56791/16391/52668/17878/71586/246728/23960/246730/20821/20847/54123/327959/80861/99899/12515/69550/67775/71939/21354/15958/100038882/231655/667373/17858/15959/24110/217845/58185",0.380730400722792
"GSE21927_BALBC_VS_C57BL6_MONOCYTE_TUMOR_UP","GSE21927_BALBC_VS_C57BL6_MONOCYTE_TUMOR_UP",98,-0.469213335877141,-1.43372721120944,0.0167972856865968,0.2860312902232,0.2860312902232,5330,"tags=36%, list=27%, signal=26%","103573/19826/15361/66445/18030/246727/66419/407785/66576/12868/226641/17069/22627/234515/52530/14751/70099/19718/110446/56791/24030/52668/17420/17319/20821/12703/16913/50783/20893/228775/71939/100038882/17858/24110/217845",0.352487857583619
"GSE1925_CTRL_VS_IFNG_PRIMED_MACROPHAGE_24H_IFNG_STIM_DN","GSE1925_CTRL_VS_IFNG_PRIMED_MACROPHAGE_24H_IFNG_STIM_DN",117,-0.460493779735787,-1.43371050049369,0.0129295817807252,0.249644967535133,0.249644967535133,5689,"tags=44%, list=29%, signal=31%","20878/72157/66350/19039/54141/16362/233726/73834/16201/16182/16004/14469/17069/11792/12010/11946/56419/20463/71982/12709/17768/104009/16391/66148/52668/11637/71586/54132/228026/15191/21985/16184/20343/55932/20821/14991/16590/231507/11605/14938/22035/667034/100038882/12526/15959/15018/24110/15007/217845/58185/18548",0.380730400722792
"GSE21670_UNTREATED_VS_IL6_TREATED_STAT3_KO_CD4_TCELL_DN","GSE21670_UNTREATED_VS_IL6_TREATED_STAT3_KO_CD4_TCELL_DN",95,-0.474147726613946,-1.4326283272229,0.0106315866702322,0.225309566881699,0.225309566881699,5537,"tags=39%, list=28%, signal=28%","20810/27998/13846/15902/66422/72599/15516/216161/69902/69181/67054/15510/18972/19718/20539/12702/18655/56454/12462/67608/228026/16828/16184/16906/80859/12703/20016/16477/13806/16428/20322/170768/18712/330122/16176/14825/20310",0.380730400722792
"GSE9988_ANTI_TREM1_VS_CTRL_TREATED_MONOCYTES_UP","GSE9988_ANTI_TREM1_VS_CTRL_TREATED_MONOCYTES_UP",94,-0.47086502384795,-1.43237127579239,0.0141512359190311,0.259695688151784,0.259695688151784,5439,"tags=49%, list=28%, signal=36%","54141/20909/22166/24064/21847/14579/23872/19225/20908/226419/21815/15200/225363/13614/16323/74747/19252/22217/319520/12575/22271/15526/13537/236539/17748/14066/20527/218952/52187/17384/11605/54698/112407/58801/50778/69065/17873/108143/22042/667034/15370/11535/12608/326623/11910/14825",0.380730400722792
"GSE14386_UNTREATED_VS_IFNA_TREATED_ACT_PBMC_MS_PATIENT_DN","GSE14386_UNTREATED_VS_IFNA_TREATED_ACT_PBMC_MS_PATIENT_DN",85,-0.479115169409738,-1.43215571380061,0.020910309412149,0.32191707347275,0.32191707347275,3496,"tags=35%, list=18%, signal=29%","54215/21936/20873/17119/19734/21985/56722/18566/59027/12125/11520/17133/14190/54123/54200/17988/99899/209378/11839/69550/16178/67775/12767/15370/15959/15945/54199/12477/16963/58185",0.352487857583619
"GSE42021_TREG_PLN_VS_CD24HI_TREG_THYMUS_UP","GSE42021_TREG_PLN_VS_CD24HI_TREG_THYMUS_UP",118,-0.455012508942704,-1.43067726350128,0.0113792919179999,0.237185652529505,0.237185652529505,5111,"tags=37%, list=26%, signal=28%","23872/16201/21379/12406/19225/15937/50790/15982/22234/21815/225363/19252/20292/12702/12575/22271/13537/18412/80859/18035/16477/16175/16002/12227/11845/17872/18712/20893/12522/18166/105785/104069/17873/17381/16153/15370/12608/13710/15018/15007/22094/16176/14825/20310",0.380730400722792
"GSE37416_CTRL_VS_12H_F_TULARENSIS_LVS_NEUTROPHIL_DN","GSE37416_CTRL_VS_12H_F_TULARENSIS_LVS_NEUTROPHIL_DN",81,-0.474031466470456,-1.43036379763326,0.0168286919025693,0.2860312902232,0.2860312902232,6668,"tags=54%, list=34%, signal=36%","20383/192662/14227/15277/18413/67897/21929/17254/109075/107817/14936/102247/226414/108737/17859/22340/26443/66445/11491/18746/11686/193796/12177/14751/18626/257632/74142/230738/74769/21991/11637/11674/67608/228026/70186/80859/13198/13806/60406/17872/50527/15370/12608/14373",0.352487857583619
"GSE33162_HDAC3_KO_VS_HDAC3_KO_MACROPHAGE_UP","GSE33162_HDAC3_KO_VS_HDAC3_KO_MACROPHAGE_UP",94,-0.469571552911478,-1.42843653755184,0.0152705312426629,0.272342396986223,0.272342396986223,3914,"tags=33%, list=20%, signal=27%","16391/107503/236573/13007/22032/11423/76846/23960/72017/80285/20846/246730/51795/547253/76074/14991/14964/17472/11898/225845/69550/67775/60596/320007/21354/15959/15945/15018/24110/15007/626578",0.380730400722792
"GSE25123_CTRL_VS_IL4_AND_ROSIGLITAZONE_STIM_MACROPHAGE_DN","GSE25123_CTRL_VS_IL4_AND_ROSIGLITAZONE_STIM_MACROPHAGE_DN",41,0.545166647688388,1.4269512803255,0.0412877856086447,0.472041558768696,0.472041558768696,927,"tags=7%, list=5%, signal=7%","20511/55985/50528",0.321775918075361
"GSE43957_UNTREATED_VS_NACL_TREATED_ANTI_CD3_CD28_STIM_CD4_TCELL_UP","GSE43957_UNTREATED_VS_NACL_TREATED_ANTI_CD3_CD28_STIM_CD4_TCELL_UP",78,-0.478778409407062,-1.42648167441345,0.0147550413637858,0.265015193289273,0.265015193289273,3712,"tags=33%, list=19%, signal=27%","11423/23972/27221/12824/30794/22271/20733/56096/110695/19227/14964/54140/230163/16523/15139/13143/73647/217847/12504/13710/14460/15018/15007/20927/13809/80796",0.380730400722792
"GSE557_CIITA_KO_VS_I_AB_KO_DC_UP","GSE557_CIITA_KO_VS_I_AB_KO_DC_UP",67,-0.489932844145367,-1.4254279115221,0.0385141339842635,0.446543398485777,0.446543398485777,4042,"tags=31%, list=21%, signal=25%","104009/432442/12702/17118/54132/21936/55932/381319/56722/16477/21939/14964/12125/14190/68507/327959/50527/69550/15018/15007/15001",0.321775918075361
"GSE3720_LPS_VS_PMA_STIM_VD2_GAMMADELTA_TCELL_DN","GSE3720_LPS_VS_PMA_STIM_VD2_GAMMADELTA_TCELL_DN",43,-0.53675772209534,-1.42461581205505,0.0432759567584473,0.488179779468898,0.488179779468898,1720,"tags=16%, list=9%, signal=15%","12265/320007/16153/14823/58860/17884/110197",0.321775918075361
"GSE22886_DAY0_VS_DAY1_MONOCYTE_IN_CULTURE_DN","GSE22886_DAY0_VS_DAY1_MONOCYTE_IN_CULTURE_DN",119,-0.451715064994651,-1.42392047512769,0.0173106091633103,0.290544055028046,0.290544055028046,5135,"tags=38%, list=26%, signal=28%","73834/23872/26443/19225/15937/20971/22642/22234/23912/21351/15200/14156/16323/23945/230738/20539/17750/319520/268301/12575/22271/20527/23882/70350/59027/11639/11520/26415/17133/170768/18712/26570/75345/50498/70789/16197/54199/16193/330122/16176/69169/14825/20310/20303/58860",0.352487857583619
"GSE11961_GERMINAL_CENTER_BCELL_DAY7_VS_PLASMA_CELL_DAY7_UP","GSE11961_GERMINAL_CENTER_BCELL_DAY7_VS_PLASMA_CELL_DAY7_UP",77,-0.484910563763434,-1.42195328525332,0.0178784153972036,0.295928673159596,0.295928673159596,3463,"tags=35%, list=18%, signal=29%","21936/80285/20846/16184/228839/19361/12703/56722/30051/52276/60406/50908/26415/18005/19218/74735/18646/99899/228775/69550/12481/22035/231655/20568/14460/12862/20310",0.352487857583619
"GSE3039_CD4_TCELL_VS_B1_BCELL_DN","GSE3039_CD4_TCELL_VS_B1_BCELL_DN",87,-0.466657931184908,-1.42188250485646,0.0161432294463664,0.280018688855636,0.280018688855636,4955,"tags=38%, list=25%, signal=29%","15937/12986/13033/24088/17210/17394/72674/17069/20364/193796/12010/66091/54483/67938/17750/276770/22271/21985/217944/13038/17748/16162/11747/384009/11520/12608/11847/20568/15018/15007/16176/20303/50501",0.352487857583619
"GSE39820_IL1B_IL6_VS_IL1B_IL6_IL23A_TREATED_CD4_TCELL_UP","GSE39820_IL1B_IL6_VS_IL1B_IL6_IL23A_TREATED_CD4_TCELL_UP",76,-0.48084572379159,-1.42173670097711,0.0295151423099064,0.387828079600969,0.387828079600969,4482,"tags=39%, list=23%, signal=31%","22137/67710/14103/12479/12010/17386/16391/236573/19419/16416/104271/55932/56722/14939/76074/59027/14964/17472/231507/16153/17901/17930/15018/24110/22169/15007/626578/14012/58185/17884",0.352487857583619
"GSE45365_NK_CELL_VS_BCELL_MCMV_INFECTION_DN","GSE45365_NK_CELL_VS_BCELL_MCMV_INFECTION_DN",85,-0.475554701859439,-1.42151287827477,0.0235867751618535,0.341334331985109,0.341334331985109,4397,"tags=26%, list=22%, signal=20%","70099/56458/19696/20918/19252/23945/229055/18412/18035/14991/21939/13197/17873/75345/21354/50498/14373/16780/16176/15013/14411/11688",0.352487857583619
"GSE25088_ROSIGLITAZONE_VS_IL4_AND_ROSIGLITAZONE_STIM_STAT6_KO_MACROPHAGE_DAY10_DN","GSE25088_ROSIGLITAZONE_VS_IL4_AND_ROSIGLITAZONE_STIM_STAT6_KO_MACROPHAGE_DAY10_DN",95,-0.470363567784627,-1.42119456337823,0.0128080908158582,0.24855547885947,0.24855547885947,3937,"tags=32%, list=20%, signal=25%","23945/21355/66102/15528/380713/69241/18124/21817/16912/547253/18035/14939/16175/11639/14121/18646/19378/15451/14962/17873/21354/50498/15002/70789/20568/15959/16780/330122/14825/20310",0.380730400722792
"GSE17721_0.5H_VS_4H_LPS_BMDC_DN","GSE17721_0.5H_VS_4H_LPS_BMDC_DN",76,-0.480385784364445,-1.42037677879949,0.0298412731790319,0.387828079600969,0.387828079600969,3056,"tags=25%, list=16%, signal=21%","12703/14066/217069/547253/20847/59027/17872/16878/110835/14447/13982/50498/54167/83430/17167/53626/16780/17288/18405",0.352487857583619
"GSE24671_CTRL_VS_SENDAI_VIRUS_INFECTED_MOUSE_SPLENOCYTES_UP","GSE24671_CTRL_VS_SENDAI_VIRUS_INFECTED_MOUSE_SPLENOCYTES_UP",62,-0.491008604682908,-1.41978399243524,0.0376018310541996,0.442914591370979,0.442914591370979,3412,"tags=26%, list=17%, signal=21%","237847/22271/381319/16912/547253/320495/18578/12504/16149/16197/110168/26414/14859/12516/12805/14411",0.321775918075361
"GSE6269_HEALTHY_VS_STAPH_AUREUS_INF_PBMC_UP","GSE6269_HEALTHY_VS_STAPH_AUREUS_INF_PBMC_UP",73,-0.486137271189892,-1.41914156632495,0.0416171711614842,0.473687577377343,0.473687577377343,3612,"tags=25%, list=18%, signal=20%","246728/23960/19264/23871/16186/20846/246730/14964/54123/327959/74735/99899/100038882/231655/17858/15018/15007/58185",0.321775918075361
"GSE17721_POLYIC_VS_GARDIQUIMOD_12H_BMDC_UP","GSE17721_POLYIC_VS_GARDIQUIMOD_12H_BMDC_UP",66,-0.489357665286369,-1.41850459439872,0.0286331160974062,0.383668605908366,0.383668605908366,2814,"tags=18%, list=14%, signal=16%","76074/52187/17472/54123/22779/60533/75345/14119/100038882/626578/18548/18770",0.352487857583619
"GSE8921_UNSTIM_VS_TLR1_2_STIM_MONOCYTE_24H_UP","GSE8921_UNSTIM_VS_TLR1_2_STIM_MONOCYTE_24H_UP",72,-0.479208611018305,-1.4175619885182,0.020833878898918,0.321718282387255,0.321718282387255,6368,"tags=49%, list=32%, signal=33%","245688/72039/14245/11603/19698/16000/20249/64898/57444/74192/14026/12902/236733/14469/21815/12010/19899/70640/16391/12518/19264/73710/15896/16168/19223/12522/22779/16408/50778/100038882/70789/12487/24110/16176/12516",0.352487857583619
"FLETCHER_PBMC_BCG_10W_INFANT_PPD_STIMULATED_VS_UNSTIMULATED_10W_UP","FLETCHER_PBMC_BCG_10W_INFANT_PPD_STIMULATED_VS_UNSTIMULATED_10W_UP",63,-0.487917119993289,-1.41750411488812,0.034861001813487,0.420407081393599,0.420407081393599,4248,"tags=56%, list=22%, signal=44%","13614/16323/74747/12709/20539/17750/22032/17118/218215/80285/19734/55932/236539/80859/209027/16175/59027/17384/22113/18712/19288/228775/69065/50498/20701/14373/16193/83996/330122/16176/14825/20297/20310/20303/12985",0.321775918075361
"GSE21360_PRIMARY_VS_QUATERNARY_MEMORY_CD8_TCELL_UP","GSE21360_PRIMARY_VS_QUATERNARY_MEMORY_CD8_TCELL_UP",97,-0.459992881967639,-1.41612185466378,0.0190481762061741,0.310069214225069,0.310069214225069,4043,"tags=32%, list=21%, signal=26%","17768/23945/56791/15446/218215/16186/30794/20846/18412/11747/217069/11770/20620/20304/54123/327959/12522/50778/99899/18263/22042/75345/15958/16149/667373/15959/24110/11910/22169/20310/58185",0.352487857583619
"GSE20715_0H_VS_48H_OZONE_LUNG_DN","GSE20715_0H_VS_48H_OZONE_LUNG_DN",119,-0.449116984011723,-1.415730664793,0.0192681241570703,0.310805888075035,0.310805888075035,5441,"tags=43%, list=28%, signal=31%","74155/66442/18415/103573/233406/15516/12466/19348/12406/19225/17220/19662/15270/20844/15510/14156/21877/17121/100678/52033/74646/11758/52331/12235/12702/68603/16898/15528/12575/81489/16828/19361/12428/13198/17392/12615/19227/107272/59027/13605/14313/15507/18578/14776/11839/12608/26557/13710/16193/16427/246133",0.352487857583619
"GSE15330_WT_VS_IKAROS_KO_GRANULOCYTE_MONOCYTE_PROGENITOR_UP","GSE15330_WT_VS_IKAROS_KO_GRANULOCYTE_MONOCYTE_PROGENITOR_UP",85,-0.473498181133175,-1.41536559240967,0.0249250100746647,0.348743580188333,0.348743580188333,3970,"tags=27%, list=20%, signal=22%","225887/66925/19419/20957/21936/17319/67451/80285/13537/15903/59027/16428/14964/209378/320007/75345/54725/84544/15018/15007/16963/13809/15001",0.352487857583619
"ZAK_PBMC_MRKAD5_HIV_1_GAG_POL_NEF_AGE_20_50YO_1DY_DN","ZAK_PBMC_MRKAD5_HIV_1_GAG_POL_NEF_AGE_20_50YO_1DY_DN",263,-0.412446824874458,-1.41298199120598,0.00138842679169591,0.0645172633021999,0.0645172633021999,4607,"tags=32%, list=23%, signal=25%","68298/50708/21885/234515/16832/69181/11792/68275/74360/20085/17974/23912/16994/56458/14702/14694/19899/20044/17086/11837/26411/20230/67305/13011/19419/12518/12525/22637/56454/12326/19139/54215/56464/23871/228026/81489/20103/16185/353187/19883/14113/13807/16643/27050/16428/76453/27007/26415/20304/66270/230721/22361/54698/22779/69802/13850/16818/12502/320007/77647/12481/14938/12767/242248/12501/13482/15002/12487/16197/12526/14960/83430/84544/232370/12500/14945/69169/97122/54390/12516/21947/18121/15001",0.45505986738723
"GSE23505_UNTREATED_VS_4DAY_IL6_IL1_IL23_TREATED_CD4_TCELL_UP","GSE23505_UNTREATED_VS_4DAY_IL6_IL1_IL23_TREATED_CD4_TCELL_UP",73,-0.483896344607475,-1.41259980898879,0.0441586298556818,0.497029911597841,0.497029911597841,3095,"tags=22%, list=16%, signal=19%","353187/56722/13198/14991/21939/14964/14190/50527/12265/242248/16149/15945/15018/54199/15007/15001",0.321775918075361
"GSE22886_NAIVE_CD4_TCELL_VS_MONOCYTE_UP","GSE22886_NAIVE_CD4_TCELL_VS_MONOCYTE_UP",74,-0.479426481545454,-1.41011666080817,0.0238805334620121,0.342648447549833,0.342648447549833,3573,"tags=38%, list=18%, signal=31%","22637/12326/23871/21985/19883/13807/16428/66270/15507/12515/13850/16818/12502/320007/12176/18767/77647/14938/12501/13482/12487/54167/110168/84544/12500/69169/12516/21947",0.352487857583619
"GSE4590_SMALL_VS_LARGE_PRE_BCELL_DN","GSE4590_SMALL_VS_LARGE_PRE_BCELL_DN",57,-0.506185098813961,-1.40970554524373,0.0206695710695129,0.321718282387255,0.321718282387255,3662,"tags=35%, list=19%, signal=29%","29857/54132/67946/20733/20343/11747/18035/16421/384009/17075/18578/58801/17988/12515/50498/14415/13710/21957/22169/54390",0.352487857583619
"GSE2405_0H_VS_24H_A_PHAGOCYTOPHILUM_STIM_NEUTROPHIL_UP","GSE2405_0H_VS_24H_A_PHAGOCYTOPHILUM_STIM_NEUTROPHIL_UP",88,-0.467749448442765,-1.4089032363809,0.0189363473830459,0.310069214225069,0.310069214225069,7199,"tags=64%, list=37%, signal=41%","12721/68436/20104/11465/19988/66105/21881/15254/67460/245688/18148/18477/26440/67248/68263/54217/67115/16413/15163/19934/66092/56086/66335/110323/12861/12858/22627/20091/20085/67097/15381/14694/58810/19899/20044/20005/11837/12759/12464/19384/71586/66102/76846/55949/246728/16898/54132/15528/16592/20103/228839/59069/27050/11845/16818/100038882",0.352487857583619
"GSE37301_MULTIPOTENT_PROGENITOR_VS_GRAN_MONO_PROGENITOR_UP","GSE37301_MULTIPOTENT_PROGENITOR_VS_GRAN_MONO_PROGENITOR_UP",100,-0.457430834294754,-1.40879114119555,0.0175298873985097,0.293032606183009,0.293032606183009,1615,"tags=15%, list=8%, signal=14%","12560/15958/100038882/12609/17907/22634/16197/11472/15018/24110/22169/15007/14825/58185/17884",0.352487857583619
"GSE43955_TH0_VS_TGFB_IL6_TH17_ACT_CD4_TCELL_4H_DN","GSE43955_TH0_VS_TGFB_IL6_TH17_ACT_CD4_TCELL_4H_DN",96,-0.461036882380033,-1.40858077681783,0.0177055375728435,0.294028025594925,0.294028025594925,4272,"tags=33%, list=22%, signal=26%","234407/14694/12709/20918/319554/17181/16391/15191/12824/80859/20821/16912/217069/18508/21987/240832/14991/20972/12125/11520/16367/14121/54123/12224/21354/15958/17858/15018/24110/22169/15007/58185",0.352487857583619
"GSE14415_INDUCED_TREG_VS_FAILED_INDUCED_TREG_UP","GSE14415_INDUCED_TREG_VS_FAILED_INDUCED_TREG_UP",107,-0.447246026119704,-1.40695772308748,0.016220177090031,0.280393163689443,0.280393163689443,7775,"tags=65%, list=39%, signal=40%","65972/76267/27756/19076/18970/22145/72151/69270/14793/23996/72155/14873/26445/20641/21854/110074/72391/14227/19082/22352/105148/13877/245688/18477/12567/66988/67141/29858/108037/17896/66307/20878/72107/77891/19826/20877/15331/23825/17220/18971/67629/69902/52530/74237/56626/12315/12442/21877/18972/52033/68981/74470/114663/21991/80914/18655/12575/381045/104271/16828/19361/14113/54124/11799/59027/17133/54200/16178/22035/54199",0.352487857583619
"GSE28737_FOLLICULAR_VS_MARGINAL_ZONE_BCELL_BCL6_HET_DN","GSE28737_FOLLICULAR_VS_MARGINAL_ZONE_BCELL_BCL6_HET_DN",81,-0.465897048221439,-1.40581863934486,0.0225983769645949,0.337642416889892,0.337642416889892,3927,"tags=36%, list=20%, signal=29%","56791/107503/236573/19419/68603/246728/23960/17119/16184/16906/246730/73710/14696/76074/20620/74481/26415/17472/54123/13197/17988/12515/21354/12608/53626/626578/14012/58185/269643",0.352487857583619
"GSE41176_WT_VS_TAK1_KO_UNSTIM_BCELL_UP","GSE41176_WT_VS_TAK1_KO_UNSTIM_BCELL_UP",78,-0.471788586401775,-1.40565606024931,0.0191000187242293,0.310069214225069,0.310069214225069,4761,"tags=35%, list=24%, signal=26%","14469/22323/22642/74645/232232/21877/11911/20044/22217/18124/236539/15896/59027/12227/17133/17872/18188/19288/228775/12515/15370/76257/26557/14077/21673/170761/72434",0.352487857583619
"GSE2706_UNSTIM_VS_8H_LPS_AND_R848_DC_DN","GSE2706_UNSTIM_VS_8H_LPS_AND_R848_DC_DN",111,-0.44847931079135,-1.40538445527366,0.0200504191520899,0.315637724542436,0.315637724542436,4026,"tags=32%, list=20%, signal=26%","19252/22217/52668/12702/20439/14221/319520/71586/20947/246728/547253/14425/59027/11639/16168/66270/54123/54195/50778/60533/13197/69065/17873/15002/20701/667373/15945/54199/24110/22169/16780/217845/20310/58185/11688/15977",0.352487857583619
"GSE39022_LN_VS_SPLEEN_DC_UP","GSE39022_LN_VS_SPLEEN_DC_UP",76,-0.474957566201485,-1.40432693869208,0.0317980591006097,0.401927649100201,0.401927649100201,6556,"tags=51%, list=33%, signal=34%","27214/26909/22352/107652/11773/108903/19698/17218/211329/14433/77891/66131/11686/18971/12449/18648/14156/18972/12843/319554/20230/107503/21991/17119/22271/236539/13685/14284/16870/12142/50786/20322/50905/15451/71939/667034/19143/17167/22169",0.321775918075361
"GSE10325_LUPUS_BCELL_VS_LUPUS_MYELOID_UP","GSE10325_LUPUS_BCELL_VS_LUPUS_MYELOID_UP",66,-0.484375736696352,-1.40406344205717,0.0321463402095626,0.401927649100201,0.401927649100201,4690,"tags=41%, list=24%, signal=31%","17220/27053/21885/16832/56458/11492/106344/67305/19419/12518/212503/55949/56454/54132/19139/16186/107686/21985/20103/14113/66109/12515/18263/320007/18767/242248/69169",0.321775918075361
"GSE27786_BCELL_VS_CD8_TCELL_UP","GSE27786_BCELL_VS_CD8_TCELL_UP",70,-0.487947649375695,-1.40381373284252,0.0293297084959628,0.386861910239718,0.386861910239718,5798,"tags=50%, list=29%, signal=35%","56752/53381/15205/14775/17308/216846/12236/114143/13603/12580/67629/17069/22346/12039/233908/14156/21877/52033/21335/17749/20482/15184/21985/13685/23882/16168/20322/170768/20893/17873/22042/12265/50498/15018/15007",0.352487857583619
"GSE3920_UNTREATED_VS_IFNA_TREATED_FIBROBLAST_UP","GSE3920_UNTREATED_VS_IFNA_TREATED_FIBROBLAST_UP",69,-0.47718854204388,-1.40352322458185,0.0425471579811415,0.483186895010048,0.483186895010048,4271,"tags=35%, list=22%, signal=27%","56458/11911/230738/17750/20439/319520/14089/17119/18124/13537/228839/80859/19883/16428/228608/12125/18712/12522/60533/17988/12515/18263/17873/12776",0.321775918075361
"GSE17974_IL4_AND_ANTI_IL12_VS_UNTREATED_72H_ACT_CD4_TCELL_DN","GSE17974_IL4_AND_ANTI_IL12_VS_UNTREATED_72H_ACT_CD4_TCELL_DN",81,-0.465127632604418,-1.40349697016936,0.0238805334620121,0.342648447549833,0.342648447549833,4036,"tags=38%, list=20%, signal=31%","17131/56791/106344/52668/74769/319520/71586/80285/20846/16184/20343/55932/19361/16912/547253/23882/70350/27007/17133/27218/18578/60533/21354/12560/77647/13482/50498/22035/100038882/14945/217845",0.352487857583619
"GSE17721_LPS_VS_GARDIQUIMOD_1H_BMDC_UP","GSE17721_LPS_VS_GARDIQUIMOD_1H_BMDC_UP",74,-0.476877244053403,-1.40261869730747,0.0258037701031485,0.358071494719034,0.358071494719034,2330,"tags=22%, list=12%, signal=19%","12522/12299/17873/67775/14119/50498/15370/12776/16193/11910/104174/16763/14825/170761/70026/15977",0.352487857583619
"GSE35825_UNTREATED_VS_IFNA_STIM_MACROPHAGE_DN","GSE35825_UNTREATED_VS_IFNA_STIM_MACROPHAGE_DN",77,-0.478185128578656,-1.40223159764657,0.0227989570412347,0.338641400040626,0.338641400040626,4367,"tags=34%, list=22%, signal=26%","257632/13614/71982/74646/230738/14367/20733/21817/55932/80859/12703/75234/74481/71740/170768/327959/12515/21354/100038882/17901/326623/15959/24110/16193/11910/22169",0.352487857583619
"GSE7852_TREG_VS_TCONV_UP","GSE7852_TREG_VS_TCONV_UP",89,-0.474766468129034,-1.40148531928451,0.0136651803539607,0.253531642830809,0.253531642830809,3956,"tags=28%, list=20%, signal=23%","17181/276770/319520/20947/21936/72309/17164/16184/18566/66109/14939/103172/74735/12522/22779/50778/209378/54139/16178/22042/50498/22634/67182/12477/11688",0.380730400722792
"GSE9960_GRAM_NEG_VS_GRAM_NEG_AND_POS_SEPSIS_PBMC_UP","GSE9960_GRAM_NEG_VS_GRAM_NEG_AND_POS_SEPSIS_PBMC_UP",73,-0.480053048022409,-1.40138038135216,0.0473354567354979,0.519807060755337,0.519807060755337,3362,"tags=33%, list=17%, signal=27%","434341/20846/12578/547253/70350/18508/20847/11639/20304/12224/327959/22072/99899/14962/75345/15958/50498/667373/17858/15959/24110/16763/58860/11688",0.321775918075361
"GSE2770_TGFB_AND_IL4_VS_IL12_TREATED_ACT_CD4_TCELL_2H_DN","GSE2770_TGFB_AND_IL4_VS_IL12_TREATED_ACT_CD4_TCELL_2H_DN",87,-0.459756311061471,-1.40085362641489,0.020833878898918,0.321718282387255,0.321718282387255,4367,"tags=37%, list=22%, signal=29%","257632/15200/74747/20230/20539/319520/72017/21936/17164/16185/13038/80859/51793/12703/13198/14683/59027/12227/17133/15939/26570/11839/15958/50498/231655/12608/54199/11910/22169/12500/58185/237320",0.352487857583619
"GSE5679_CTRL_VS_PPARG_LIGAND_ROSIGLITAZONE_AND_RARA_AGONIST_AM580_TREATED_DC_UP","GSE5679_CTRL_VS_PPARG_LIGAND_ROSIGLITAZONE_AND_RARA_AGONIST_AM580_TREATED_DC_UP",96,-0.45834725310663,-1.40036329957019,0.0190544915742783,0.310069214225069,0.310069214225069,4269,"tags=38%, list=22%, signal=30%","225363/18168/16154/71982/16323/14733/17750/13178/71586/67946/13733/16828/55932/20216/20821/14066/75234/59027/16913/54123/11605/228775/14999/21354/15002/100038882/16149/14960/11847/15959/14969/15945/18741/24110/20310/58185",0.352487857583619
"GSE3720_UNSTIM_VS_PMA_STIM_VD1_GAMMADELTA_TCELL_UP","GSE3720_UNSTIM_VS_PMA_STIM_VD1_GAMMADELTA_TCELL_UP",66,-0.482895999371619,-1.39977411679973,0.0324976628541873,0.401927649100201,0.401927649100201,5359,"tags=44%, list=27%, signal=32%","110078/67397/230073/19934/26443/12858/17069/22346/22272/20085/16994/97165/20044/20005/74747/77605/19384/12465/55949/15211/59069/27050/16913/50783/18263/320007/12481/16197/12526",0.321775918075361
"GSE2128_C57BL6_VS_NOD_THYMOCYTE_UP","GSE2128_C57BL6_VS_NOD_THYMOCYTE_UP",93,-0.455033841627762,-1.3996754760932,0.0284918734388981,0.383668605908366,0.383668605908366,6547,"tags=51%, list=33%, signal=34%","26909/99138/22352/107652/269951/19743/56044/26440/63913/70218/67264/217837/54141/212943/12466/12757/12585/17220/67629/56207/15270/22234/12449/22137/56419/97165/100678/66925/12235/21681/22032/80914/67946/16592/15191/17119/16416/14683/13806/60406/14190/21838/19143/14373/16780/20303/72434",0.352487857583619
"GSE5679_CTRL_VS_PPARG_LIGAND_ROSIGLITAZONE_TREATED_DC_UP","GSE5679_CTRL_VS_PPARG_LIGAND_ROSIGLITAZONE_TREATED_DC_UP",95,-0.463115151684349,-1.39929361215589,0.0173236534291155,0.290544055028046,0.290544055028046,7330,"tags=59%, list=37%, signal=37%","218977/94062/14793/208084/18102/108907/54613/12544/17215/71853/66054/20460/16881/53607/15277/12189/66988/19173/67141/17218/70218/108037/67264/22154/76459/17535/72107/22171/21454/16362/21379/16765/56207/68298/69902/15270/236900/67054/12442/73804/17768/19384/106344/12465/12235/21335/66471/69716/19361/12428/107995/107272/13605/231507/233079/20303",0.352487857583619
"GSE13522_CTRL_VS_T_CRUZI_Y_STRAIN_INF_SKIN_IFNAR_KO_UP","GSE13522_CTRL_VS_T_CRUZI_Y_STRAIN_INF_SKIN_IFNAR_KO_UP",73,-0.479138632102478,-1.398711000258,0.0486061884229737,0.525821933670332,0.525821933670332,4737,"tags=37%, list=24%, signal=28%","100017/12585/69181/68275/14103/11522/74646/20230/214137/237847/16416/30794/11747/15896/16643/16428/11433/54698/18578/18646/14960/110168/20568/233079/14969/18213/21673",0.321775918075361
"GSE360_DC_VS_MAC_M_TUBERCULOSIS_UP","GSE360_DC_VS_MAC_M_TUBERCULOSIS_UP",104,-0.456031238622701,-1.39834838569699,0.0226998304007362,0.338160708763909,0.338160708763909,3914,"tags=29%, list=20%, signal=23%","16391/107503/13011/246728/16592/16906/12615/20847/11770/228608/20304/17681/74735/54200/12522/11605/13197/19378/17873/19116/231655/16197/667373/26557/17858/15959/15945/16193/12500/20303",0.352487857583619
"GSE9601_NFKB_INHIBITOR_VS_PI3K_INHIBITOR_TREATED_HCMV_INF_MONOCYTE_DN","GSE9601_NFKB_INHIBITOR_VS_PI3K_INHIBITOR_TREATED_HCMV_INF_MONOCYTE_DN",115,-0.447652882216561,-1.3978860555762,0.00910692460901401,0.204099881171044,0.204099881171044,4972,"tags=43%, list=25%, signal=32%","19225/13874/18030/50790/223920/14469/20971/15200/13614/17386/74646/72075/20292/71586/246728/12575/22271/16184/12703/17748/56722/17392/16324/70350/218952/14939/16175/384009/74481/12125/16168/20304/17133/14190/54123/54140/19378/16878/26570/67775/16153/15958/22035/11535/15959/14919/24110/20303/12985",0.380730400722792
"GSE24574_BCL6_HIGH_TFH_VS_NAIVE_CD4_TCELL_UP","GSE24574_BCL6_HIGH_TFH_VS_NAIVE_CD4_TCELL_UP",89,-0.473379723654628,-1.39739172347911,0.01447376173448,0.261819707484134,0.261819707484134,4607,"tags=44%, list=23%, signal=34%","68298/18429/14751/18626/11992/20044/14735/17750/71586/23972/15446/15191/12467/81489/18641/13038/76238/68481/13198/17392/30051/17829/16477/12142/17691/18712/12224/67815/76703/105785/50778/17906/12560/12767/13982/12776/19309/16427/54390",0.380730400722792
"GSE19198_CTRL_VS_IL21_TREATED_TCELL_24H_UP","GSE19198_CTRL_VS_IL21_TREATED_TCELL_24H_UP",112,-0.447908282197897,-1.39705626122539,0.0194300011302116,0.311850753900159,0.311850753900159,4248,"tags=40%, list=22%, signal=32%","13614/11988/14219/17386/74646/20292/230738/17750/112406/12575/22271/21817/55932/381319/17748/56722/13198/17392/16324/23882/14939/16175/21939/20620/74481/11520/17133/12522/18578/54140/50778/99899/19378/69065/18263/17873/16153/11535/22634/16193/11910/14825/20310/20303/12985",0.352487857583619
"GSE18791_UNSTIM_VS_NEWCATSLE_VIRUS_DC_18H_DN","GSE18791_UNSTIM_VS_NEWCATSLE_VIRUS_DC_18H_DN",76,-0.47241112956927,-1.39679778279528,0.0337453322623127,0.410043962157962,0.410043962157962,3279,"tags=33%, list=17%, signal=28%","20846/80859/246730/547253/74481/16168/20304/54123/327959/18578/58801/60533/80861/99899/17873/75345/15958/12741/22035/231655/667373/17858/15945/22169/58185",0.321775918075361
"GSE27241_CTRL_VS_DIGOXIN_TREATED_CD4_TCELL_IN_TH17_POLARIZING_CONDITIONS_UP","GSE27241_CTRL_VS_DIGOXIN_TREATED_CD4_TCELL_IN_TH17_POLARIZING_CONDITIONS_UP",77,-0.476214637555896,-1.39645332348065,0.0244391424318837,0.345766079378466,0.345766079378466,3276,"tags=29%, list=17%, signal=24%","18124/13537/228839/80859/18566/547253/18035/20620/12125/11520/17872/60533/17988/12515/17873/15370/110168/17930/19143/15945/16963/14608",0.352487857583619
"GSE35825_UNTREATED_VS_IFNG_STIM_MACROPHAGE_UP","GSE35825_UNTREATED_VS_IFNG_STIM_MACROPHAGE_UP",122,-0.447137592177485,-1.39579543885356,0.00842196844934867,0.195675551357573,0.195675551357573,4654,"tags=39%, list=24%, signal=30%","15982/80879/69181/23912/15200/12051/11988/72075/16391/11758/236573/21991/12575/434341/12457/80285/20846/18124/57257/55932/20821/12452/75234/18035/240832/16175/76074/14964/74481/17472/11433/54123/12522/69065/26570/20525/67775/75345/50498/11535/15959/15018/15007/16763/16183/14077/626578/12985",0.380730400722792
"GSE39110_DAY3_VS_DAY6_POST_IMMUNIZATION_CD8_TCELL_DN","GSE39110_DAY3_VS_DAY6_POST_IMMUNIZATION_CD8_TCELL_DN",104,-0.455045422444619,-1.39532553475069,0.0233825193908099,0.340972933431283,0.340972933431283,5963,"tags=53%, list=30%, signal=37%","56405/70218/21973/57444/17896/15242/20878/26934/12704/66442/99151/16852/19348/108000/26432/12580/16765/73711/12606/67629/12449/22137/67054/14156/12442/73804/52033/16551/11492/17082/12235/21991/12866/110033/17279/12575/16592/69716/67426/110695/12428/107995/54124/11799/14939/60406/18005/231507/17988/99899/16178/14938/17858/12477/110197",0.352487857583619
"GSE7218_UNSTIM_VS_ANTIGEN_STIM_THROUGH_IGG_BCELL_DN","GSE7218_UNSTIM_VS_ANTIGEN_STIM_THROUGH_IGG_BCELL_DN",87,-0.45763602292496,-1.39439321846917,0.0237408771070812,0.342585591303038,0.342585591303038,3843,"tags=43%, list=20%, signal=34%","13011/19419/22637/21936/434341/19734/16184/16185/12703/75234/23882/16421/16428/18712/18646/225845/16408/50778/13197/99899/21838/12515/17873/16818/71939/75345/19123/12481/16149/54167/20568/12776/54199/11910/12500/14945/20202",0.352487857583619
"GSE45365_HEALTHY_VS_MCMV_INFECTION_CD8A_DC_DN","GSE45365_HEALTHY_VS_MCMV_INFECTION_CD8A_DC_DN",96,-0.456104099887476,-1.39350991619737,0.0200662087468242,0.315637724542436,0.315637724542436,5317,"tags=45%, list=27%, signal=33%","12021/26444/11548/212943/15516/19167/15937/13874/110920/14103/257632/21351/15381/22695/74646/20230/104099/230738/71586/12518/16658/20266/19294/15528/67451/16184/17748/14284/68947/15896/12125/17872/16367/54123/12515/26570/69550/22042/13482/22035/71854/20202/20310",0.352487857583619
"GSE29949_MICROGLIA_BRAIN_VS_CD8_POS_DC_SPLEEN_UP","GSE29949_MICROGLIA_BRAIN_VS_CD8_POS_DC_SPLEEN_UP",96,-0.455878858875121,-1.39282174964871,0.0200662087468242,0.315637724542436,0.315637724542436,4913,"tags=29%, list=25%, signal=22%","13626/16004/50790/17394/21815/15200/56458/19696/20725/17082/12575/19734/56722/12865/15903/70350/20893/27218/12522/18578/12481/76722/22634/83430/16193/11910/20297/18548",0.352487857583619
"GSE22886_NEUTROPHIL_VS_DC_UP","GSE22886_NEUTROPHIL_VS_DC_UP",66,-0.480475816577482,-1.39275871547612,0.0335516310053642,0.409491592872698,0.409491592872698,3341,"tags=39%, list=17%, signal=33%","15213/20343/66901/11799/70350/16643/17691/16590/19736/18578/18646/20616/209378/16770/22035/12609/231655/71854/13983/330122/14825/20310/16199/58185/170761/110197",0.321775918075361
"GSE43700_UNTREATED_VS_IL10_TREATED_PBMC_DN","GSE43700_UNTREATED_VS_IL10_TREATED_PBMC_DN",98,-0.455784652951752,-1.39269455793917,0.0246462924866054,0.346819133993071,0.346819133993071,4111,"tags=29%, list=21%, signal=23%","27412/74747/19384/17750/12702/21991/55949/74105/11876/16592/12457/18641/17748/23882/20972/17133/22361/13197/20525/16818/12609/15959/14373/15945/16193/20303/14161/70026",0.352487857583619
"GSE25846_IL10_POS_VS_NEG_CD8_TCELL_DAY7_POST_CORONAVIRUS_BRAIN_UP","GSE25846_IL10_POS_VS_NEG_CD8_TCELL_DAY7_POST_CORONAVIRUS_BRAIN_UP",64,-0.4906334432104,-1.39249063832839,0.03696504821937,0.438472995857398,0.438472995857398,3743,"tags=33%, list=19%, signal=27%","19366/21991/16658/17993/26399/12824/19734/16828/19227/18035/12522/13850/14373/11910/330122/16176/14825/20310/20303/58860/237320",0.321775918075361
"GSE19941_UNSTIM_VS_LPS_AND_IL10_STIM_IL10_KO_MACROPHAGE_DN","GSE19941_UNSTIM_VS_LPS_AND_IL10_STIM_IL10_KO_MACROPHAGE_DN",70,-0.48395033498996,-1.39231355482882,0.0312529495160279,0.397729118840907,0.397729118840907,6076,"tags=43%, list=31%, signal=30%","68263/211329/14211/26934/54141/12236/66131/67151/17220/18971/22137/12479/74237/56419/106618/70640/106344/19366/13178/71586/268301/56722/54124/52276/17691/22035/67182/84544/12577/20303",0.321775918075361
"GSE37301_HEMATOPOIETIC_STEM_CELL_VS_PRO_BCELL_DN","GSE37301_HEMATOPOIETIC_STEM_CELL_VS_PRO_BCELL_DN",51,-0.510844742927178,-1.39165614480587,0.0255227584150688,0.355144976297592,0.355144976297592,4960,"tags=41%, list=25%, signal=31%","226646/66694/13195/69920/12583/21815/18645/15381/20463/14570/20918/66148/73046/21936/20733/15896/54698/67311/84544/18213/18548",0.352487857583619
"GSE6259_DEC205_POS_DC_VS_BCELL_DN","GSE6259_DEC205_POS_DC_VS_BCELL_DN",78,-0.467072405821901,-1.39160458040345,0.021508968577323,0.328141342904039,0.328141342904039,3788,"tags=32%, list=19%, signal=26%","13007/246728/17319/55932/20821/16912/56722/20016/75234/547253/18035/14939/16913/16168/11520/54123/327959/231507/99899/14962/16878/17873/15958/100038882/667373",0.352487857583619
"GSE40277_EOS_AND_LEF1_TRANSDUCED_VS_CTRL_CD4_TCELL_DN","GSE40277_EOS_AND_LEF1_TRANSDUCED_VS_CTRL_CD4_TCELL_DN",69,-0.472907646426984,-1.39093210830192,0.0472373037565954,0.519807060755337,0.519807060755337,6195,"tags=48%, list=31%, signal=33%","21915/17218/243771/22354/20810/11479/15902/24064/21888/16852/16765/67399/246727/226641/11522/110446/11492/13011/14200/246728/22637/56464/56722/54124/320495/13605/12933/20893/74735/50905/231507/16197/54167",0.321775918075361
"GSE15735_CTRL_VS_HDAC_INHIBITOR_TREATED_CD4_TCELL_2H_DN","GSE15735_CTRL_VS_HDAC_INHIBITOR_TREATED_CD4_TCELL_2H_DN",59,-0.490508486774186,-1.39074532658949,0.0475232986237303,0.519807060755337,0.519807060755337,5249,"tags=42%, list=27%, signal=31%","212943/236733/15937/12868/11443/56419/11492/66148/13011/12525/74105/236539/21987/16643/384009/231507/54698/18646/21838/320007/13482/12526/11472/14373/15001",0.321775918075361
"HOWARD_PBMC_INACT_MONOV_INFLUENZA_A_INDONESIA_05_2005_H5N1_AGE_19_39YO_AS03_ADJUVANT_VS_BUFFER_1DY_UP","HOWARD_PBMC_INACT_MONOV_INFLUENZA_A_INDONESIA_05_2005_H5N1_AGE_19_39YO_AS03_ADJUVANT_VS_BUFFER_1DY_UP",184,-0.418297436521231,-1.38920110195144,0.00722083976962534,0.182687241143692,0.182687241143692,4043,"tags=37%, list=21%, signal=30%","17768/19252/56791/16909/107503/17750/12702/71586/66102/14367/16658/17118/246728/23960/19294/12575/380713/80285/20846/21817/99586/55932/16906/246730/381319/16912/17829/547253/20847/14696/59027/11639/74481/16168/14190/18952/170768/117167/54123/327959/50778/60533/99899/67775/71939/21354/15958/22035/100038882/70789/11535/19116/231655/20701/667373/233079/17858/15959/17167/15945/54199/11910/22169/16176/20202/14012/58185/14411",0.407017918923954
"GSE16266_LPS_VS_HEATSHOCK_AND_LPS_STIM_MEF_UP","GSE16266_LPS_VS_HEATSHOCK_AND_LPS_STIM_MEF_UP",74,-0.472199310246639,-1.38885969013329,0.0293297084959628,0.386861910239718,0.386861910239718,3951,"tags=34%, list=20%, signal=27%","12759/16909/13011/12518/12525/20947/74105/67451/246278/21939/210044/54195/12522/231507/18285/12265/13507/15002/16149/12526/14960/14969/12335/23993/15001",0.352487857583619
"NAKAYA_PBMC_FLUARIX_FLUVIRIN_AGE_18_50YO_7DY_DN","NAKAYA_PBMC_FLUARIX_FLUVIRIN_AGE_18_50YO_7DY_DN",111,-0.442486139336933,-1.38660385648758,0.0282760609838448,0.383668605908366,0.383668605908366,4428,"tags=32%, list=22%, signal=25%","21815/15200/15381/22695/225363/319554/19252/12702/66102/16658/229055/12575/18124/12703/14284/16477/59069/14991/59027/12227/17133/17872/17691/170768/12522/19288/58801/50778/17873/11839/15370/110168/11910/16176/14825/15013",0.352487857583619
"GSE17721_CTRL_VS_POLYIC_4H_BMDC_DN","GSE17721_CTRL_VS_POLYIC_4H_BMDC_DN",88,-0.460323131475437,-1.38653450447861,0.0242054735279634,0.345354150476436,0.345354150476436,3633,"tags=25%, list=18%, signal=20%","12411/12575/22271/13537/17164/16912/59027/27007/17872/17691/18578/18166/80861/21354/12560/12609/11910/14077/20927/58185/17288/170761",0.352487857583619
"GSE13547_2H_VS_12_H_ANTI_IGM_STIM_BCELL_DN","GSE13547_2H_VS_12_H_ANTI_IGM_STIM_BCELL_DN",114,-0.440954558900188,-1.38636548006548,0.0199690787092823,0.315637724542436,0.315637724542436,7441,"tags=68%, list=38%, signal=42%","69270/26754/11363/14793/18102/19182/17448/76131/19362/72155/13167/26445/66197/12544/21854/110074/72391/15366/21881/18817/14227/19082/22352/13877/245688/12567/66988/67141/26440/67204/29858/108037/17896/66307/20878/72107/67680/54141/66442/77891/20877/16852/209737/15331/16765/12986/17220/67629/80879/69902/15270/52530/74237/110826/12442/52033/68981/319554/19384/12235/21681/114663/13178/21991/110033/80914/69716/19361/12428/54124/107272/11799/52276/231507/54199/14945/16176",0.352487857583619
"GSE2706_2H_VS_8H_LPS_STIM_DC_DN","GSE2706_2H_VS_8H_LPS_STIM_DC_DN",83,-0.469052381116512,-1.38621463948199,0.0285606286594574,0.383668605908366,0.383668605908366,3937,"tags=36%, list=20%, signal=29%","23945/56791/107503/21355/17750/319520/23960/19294/434341/16184/55932/246730/70350/20847/14991/20304/54195/231507/80861/14962/60596/21354/50498/70789/20701/15018/15007/16780/15013/11688",0.352487857583619
"GSE33424_CD161_HIGH_VS_INT_CD8_TCELL_DN","GSE33424_CD161_HIGH_VS_INT_CD8_TCELL_DN",104,-0.451837306405433,-1.38548834925858,0.0244065535308185,0.345766079378466,0.345766079378466,5079,"tags=41%, list=26%, signal=31%","19348/19225/16765/13195/16004/74645/22272/18648/56419/12442/100678/11492/381738/13011/52668/11758/21681/12702/12525/110033/80914/17991/18655/20922/22637/54132/19361/12428/107995/54124/16428/21838/12502/12487/16197/12526/17901/11472/14373/12500/12477/217845/54390",0.352487857583619
"GSE41978_ID2_KO_VS_BIM_KO_KLRG1_LOW_EFFECTOR_CD8_TCELL_UP","GSE41978_ID2_KO_VS_BIM_KO_KLRG1_LOW_EFFECTOR_CD8_TCELL_UP",127,-0.439591735229218,-1.38546930451317,0.0123786355455758,0.246841689127328,0.246841689127328,3935,"tags=32%, list=20%, signal=26%","72075/56791/16391/21355/71586/214137/19264/19653/20846/381319/20821/16912/12703/14284/75234/14991/16428/16913/14964/50908/16168/17133/54123/74735/58801/69550/67775/71939/21354/77647/100038882/12609/231655/12608/667373/17858/15959/15945/15018/15007/14825",0.380730400722792
"GSE11961_FOLLICULAR_BCELL_VS_MEMORY_BCELL_DAY7_UP","GSE11961_FOLLICULAR_BCELL_VS_MEMORY_BCELL_DAY7_UP",81,-0.459130440792286,-1.38540077474291,0.0270859289179556,0.373217562211481,0.373217562211481,4156,"tags=30%, list=21%, signal=23%","58810/20044/16391/13178/71586/14367/23960/80285/15460/246730/73710/18566/228608/54123/22361/327959/74735/80861/13850/13082/12767/15959/22169/12555",0.352487857583619
"GSE14415_INDUCED_TREG_VS_FAILED_INDUCED_TREG_DN","GSE14415_INDUCED_TREG_VS_FAILED_INDUCED_TREG_DN",96,-0.453359609354505,-1.38512482434324,0.0217524066259244,0.329060048943563,0.329060048943563,3088,"tags=26%, list=16%, signal=22%","19883/12615/14425/12142/16913/13605/18952/20354/18005/12933/27218/58801/18646/16408/50778/80861/17873/667034/54167/17858/15945/24110/16963/12516/58185",0.352487857583619
"GSE39556_CD8A_DC_VS_NK_CELL_DN","GSE39556_CD8A_DC_VS_NK_CELL_DN",85,-0.4631905414519,-1.38455432612577,0.0339581176195809,0.41091554357814,0.41091554357814,4273,"tags=32%, list=22%, signal=25%","22695/20725/17131/11492/23945/19419/29857/246728/15211/18675/54132/20733/19734/217944/20216/14313/17691/16367/19736/23792/13850/77647/22634/110168/14825/54390/20310",0.321775918075361
"GSE13485_DAY7_VS_DAY21_YF17D_VACCINE_PBMC_UP","GSE13485_DAY7_VS_DAY21_YF17D_VACCINE_PBMC_UP",96,-0.452862196303062,-1.38360510544616,0.0217524066259244,0.329060048943563,0.329060048943563,4869,"tags=39%, list=25%, signal=29%","246727/73711/18611/17069/257632/234407/17131/23945/52668/16658/17118/246728/23960/229055/12575/27221/22271/80285/20846/246730/217069/547253/59069/20847/54123/327959/80861/71939/15368/100038882/231655/667373/17858/15959/24110/217845/58185",0.352487857583619
"GSE12392_IFNAR_KO_VS_IFNB_KO_CD8_NEG_SPLEEN_DC_DN","GSE12392_IFNAR_KO_VS_IFNB_KO_CD8_NEG_SPLEEN_DC_DN",113,-0.437725504104036,-1.38253376374618,0.0194560391376999,0.311850753900159,0.311850753900159,3951,"tags=31%, list=20%, signal=25%","12759/15354/20539/12702/19746/19139/12457/13537/16906/80859/17748/15903/18035/70350/20620/12125/230721/18263/19692/14999/11839/15139/16178/15370/13710/14373/54199/16193/14825/54426/54390/20310/58860/18405/12985",0.352487857583619
"SCHERER_PBMC_APSV_WETVAX_AGE_18_32YO_5_TO_7DY_UP","SCHERER_PBMC_APSV_WETVAX_AGE_18_32YO_5_TO_7DY_UP",175,-0.417171103955994,-1.38119572563785,0.0086737084415135,0.199195755121466,0.199195755121466,3927,"tags=30%, list=20%, signal=24%","56791/16909/16391/66148/107503/21355/52668/12702/17118/246728/23960/20846/13733/99586/246730/20821/16912/11747/20847/14696/21939/14964/16168/14190/18952/170768/54123/327959/99899/21354/15958/22035/100038882/16149/11535/21955/12608/20701/667373/17858/15959/17167/14969/15945/15018/232370/24110/11910/15007/217845/20202/15001/58185",0.380730400722792
"GSE37416_0H_VS_48H_F_TULARENSIS_LVS_NEUTROPHIL_DN","GSE37416_0H_VS_48H_F_TULARENSIS_LVS_NEUTROPHIL_DN",78,-0.463569176205539,-1.38116699017211,0.0225413775500961,0.337642416889892,0.337642416889892,5669,"tags=49%, list=29%, signal=35%","19664/226414/11479/17308/20909/23881/212943/22340/13543/26443/66445/66335/110920/21812/19696/12330/21991/11674/15211/14089/228026/70186/18641/13685/13198/60406/14677/17133/17872/11433/17988/17873/50527/22042/75345/11535/53626/14825",0.352487857583619
"GSE8384_CTRL_VS_B_ABORTUS_4H_MAC_CELL_LINE_DN","GSE8384_CTRL_VS_B_ABORTUS_4H_MAC_CELL_LINE_DN",115,-0.442271007146679,-1.38108006948316,0.01278302605888,0.24855547885947,0.24855547885947,4972,"tags=37%, list=25%, signal=28%","19225/15937/57423/67151/22642/18626/16994/15200/12051/22695/17386/19252/11837/20292/17750/12702/23960/12575/223775/19653/20482/13537/18412/80859/246730/12903/17748/14066/13198/75234/18035/16175/52187/18712/13197/17873/56485/15945/16176/20310/20303/18405/12985",0.380730400722792
"GSE41867_NAIVE_VS_DAY30_LCMV_CLONE13_EXHAUSTED_CD8_TCELL_UP","GSE41867_NAIVE_VS_DAY30_LCMV_CLONE13_EXHAUSTED_CD8_TCELL_UP",99,-0.438997950607949,-1.38090961265657,0.0289088866072224,0.385325028067319,0.385325028067319,3707,"tags=31%, list=19%, signal=26%","71586/23960/229055/67946/223775/218215/20482/17294/17119/12457/20846/246730/547253/21939/59027/76453/20304/17872/27218/12522/18166/75345/11535/231655/16197/24110/16193/22094/20303/16667/70026",0.352487857583619
"GSE30971_WBP7_HET_VS_KO_MACROPHAGE_DN","GSE30971_WBP7_HET_VS_KO_MACROPHAGE_DN",86,-0.458604590020124,-1.38013787502117,0.0244014278266823,0.345766079378466,0.345766079378466,3916,"tags=36%, list=20%, signal=29%","16909/230738/12702/14221/23972/81489/13733/16184/74694/12578/12703/170768/15939/18712/70574/27218/231507/19288/60533/13197/17873/22042/16153/16197/83430/16193/330122/14825/20310/18095/12985",0.352487857583619
"GSE21670_IL6_VS_TGFB_AND_IL6_TREATED_STAT3_KO_CD4_TCELL_DN","GSE21670_IL6_VS_TGFB_AND_IL6_TREATED_STAT3_KO_CD4_TCELL_DN",74,-0.468822102973491,-1.37892645443151,0.0312529495160279,0.397729118840907,0.397729118840907,3889,"tags=31%, list=20%, signal=25%","107503/236573/14573/21936/67608/12457/20733/13537/18796/20821/23882/70350/76074/17472/54123/27218/17988/67775/15370/100038882/667373/626578/15001",0.321775918075361
"GSE17721_CPG_VS_GARDIQUIMOD_4H_BMDC_UP","GSE17721_CPG_VS_GARDIQUIMOD_4H_BMDC_UP",84,-0.461070384546799,-1.37826489039268,0.0296874253278624,0.387828079600969,0.387828079600969,3237,"tags=30%, list=16%, signal=25%","13537/56213/20016/72082/11770/52187/60406/16428/14964/74481/15939/50778/18263/110835/67775/50498/22035/12776/15018/54199/11910/15007/16763/18405/14411",0.352487857583619
"GSE15324_ELF4_KO_VS_WT_NAIVE_CD8_TCELL_DN","GSE15324_ELF4_KO_VS_WT_NAIVE_CD8_TCELL_DN",56,-0.490025261363062,-1.37756701486935,0.0465672823932645,0.516112221710907,0.516112221710907,3755,"tags=34%, list=19%, signal=28%","20439/21349/223775/236539/15460/16477/17872/17691/50778/12515/17873/17906/12608/193740/232370/12555/26459/18095/20724",0.321775918075361
"GSE21670_STAT3_KO_VS_WT_CD4_TCELL_UP","GSE21670_STAT3_KO_VS_WT_CD4_TCELL_UP",71,-0.478930963053785,-1.37756358805458,0.0332272091843167,0.406511629271894,0.406511629271894,3937,"tags=35%, list=20%, signal=28%","23945/16531/19419/22032/101502/13537/57257/20527/547253/23882/15896/14991/16428/20893/27218/12522/320007/21354/50498/70789/15018/104174/15007/16963/15013",0.321775918075361
"GSE7460_CTRL_VS_TGFB_TREATED_ACT_FOXP3_MUT_TCONV_UP","GSE7460_CTRL_VS_TGFB_TREATED_ACT_FOXP3_MUT_TCONV_UP",61,-0.484991144383819,-1.37575491047949,0.0448683620937148,0.503898567637839,0.503898567637839,4452,"tags=41%, list=23%, signal=32%","67710/20844/17974/11992/106618/12702/17118/21936/65111/57257/13685/14284/20527/269116/70350/21463/12142/16668/18578/209378/98363/20510/12487/110197/15977",0.321775918075361
"GSE19401_UNSTIM_VS_PAM2CSK4_STIM_FOLLICULAR_DC_UP","GSE19401_UNSTIM_VS_PAM2CSK4_STIM_FOLLICULAR_DC_UP",74,-0.467463087433624,-1.37492923999127,0.0325351107859985,0.401927649100201,0.401927649100201,5091,"tags=34%, list=26%, signal=25%","21853/216161/19225/17220/15270/73086/103988/18986/22695/67052/17119/17829/75234/13602/11639/11845/18188/60596/12391/53318/16193/16176/12555/20297/20303",0.321775918075361
"GSE7460_TREG_VS_TCONV_ACT_WITH_TGFB_DN","GSE7460_TREG_VS_TCONV_ACT_WITH_TGFB_DN",56,-0.489080272253848,-1.37491044605768,0.0465672823932645,0.516112221710907,0.516112221710907,4604,"tags=36%, list=23%, signal=27%","22642/12039/20091/11837/22384/23945/72075/15356/80914/14872/30794/18412/11433/19692/12481/50498/21955/110168/18213/15001",0.321775918075361
"GSE7460_FOXP3_MUT_VS_WT_ACT_TCONV_UP","GSE7460_FOXP3_MUT_VS_WT_ACT_TCONV_UP",72,-0.464764271697549,-1.37483373635501,0.0311698941764668,0.397729118840907,0.397729118840907,5491,"tags=44%, list=28%, signal=32%","11821/17308/18605/107702/59002/16852/14579/65112/12363/223920/27053/73086/11992/74646/432442/13011/12525/17118/21936/18566/75234/70350/12142/11520/50778/16178/16153/14938/50498/22035/12608/54167",0.352487857583619
"GSE4748_CTRL_VS_CYANOBACTERIUM_LPSLIKE_STIM_DC_3H_DN","GSE4748_CTRL_VS_CYANOBACTERIUM_LPSLIKE_STIM_DC_3H_DN",90,-0.452909165657095,-1.37398080947194,0.0299662906084011,0.388182255579416,0.388182255579416,5508,"tags=49%, list=28%, signal=35%","26457/66594/107702/109900/20877/16852/12215/15937/11491/66419/407785/14469/21815/225363/110446/20292/69019/21991/66102/22122/14958/17319/70186/14635/55932/76238/14718/11747/107272/70350/14939/59027/11605/21838/14962/12515/22035/12526/11910/12500/330122/14825/20310/20303",0.352487857583619
"GSE6674_CPG_VS_CPG_AND_ANTI_IGM_STIM_BCELL_DN","GSE6674_CPG_VS_CPG_AND_ANTI_IGM_STIM_BCELL_DN",81,-0.455247554700272,-1.37368438018011,0.0296502485850585,0.387828079600969,0.387828079600969,5853,"tags=54%, list=30%, signal=38%","107817/14936/14225/20810/74155/212943/14579/17859/18451/18030/27053/16994/15200/11911/107503/17750/19419/56454/12575/67451/223775/72309/15526/21985/12703/14284/13198/20527/23882/70350/60406/16428/228608/170768/20893/18578/112407/17988/209378/228775/69065/20525/50527/11910",0.352487857583619
"GSE37301_CD4_TCELL_VS_GRANULOCYTE_MONOCYTE_PROGENITOR_DN","GSE37301_CD4_TCELL_VS_GRANULOCYTE_MONOCYTE_PROGENITOR_DN",74,-0.466378849990714,-1.37174021864729,0.0331668408521016,0.406511629271894,0.406511629271894,4357,"tags=31%, list=22%, signal=24%","16994/19899/11837/276770/71586/54132/57257/16185/18796/14585/21943/12125/320495/20304/20893/50905/12522/18578/67775/70789/12487/24110/16183",0.321775918075361
"GSE25088_IL4_VS_IL4_AND_ROSIGLITAZONE_STIM_STAT6_KO_MACROPHAGE_DAY10_DN","GSE25088_IL4_VS_IL4_AND_ROSIGLITAZONE_STIM_STAT6_KO_MACROPHAGE_DAY10_DN",92,-0.450867062696588,-1.3711767977642,0.0278765500216617,0.381607367188423,0.381607367188423,5449,"tags=46%, list=28%, signal=33%","17308/16169/23881/78889/16852/23872/18451/15937/11491/246727/15381/16154/71982/16323/20725/23945/21355/71586/66102/20266/380713/218215/20733/18124/57264/12703/17748/14066/13198/16175/11639/74481/15939/20893/18646/14962/22042/15465/50498/15002/667373/15959",0.352487857583619
"GSE14699_NAIVE_VS_DELETIONAL_TOLERANCE_CD8_TCELL_DN","GSE14699_NAIVE_VS_DELETIONAL_TOLERANCE_CD8_TCELL_DN",72,-0.463430553361536,-1.37088842240812,0.0318158966238398,0.401927649100201,0.401927649100201,4029,"tags=32%, list=20%, signal=26%","11492/20230/71586/237847/16416/30794/80285/217069/16643/16428/12125/19218/54195/231507/18578/67775/16153/15958/15959/22169/20297/13809/58185",0.321775918075361
"GSE339_CD4POS_VS_CD8POS_DC_UP","GSE339_CD4POS_VS_CD8POS_DC_UP",84,-0.458592235642786,-1.37085702872548,0.0337588020177434,0.410043962157962,0.410043962157962,6567,"tags=45%, list=33%, signal=30%","12042/11848/74734/18505/19698/30948/13383/12572/64898/16177/26905/22339/21847/12660/233726/19354/19225/12449/16994/12051/56743/17131/20230/16186/21817/20527/21954/15896/20893/15465/17381/15370/11472/54199/24110/20303/18121/15001",0.321775918075361
"GSE10325_LUPUS_CD4_TCELL_VS_LUPUS_BCELL_UP","GSE10325_LUPUS_CD4_TCELL_VS_LUPUS_BCELL_UP",88,-0.455097566481277,-1.37079463464723,0.0288159744865357,0.385100028428241,0.385100028428241,3573,"tags=27%, list=18%, signal=22%","22637/12326/22271/81489/13733/16428/320495/66270/20354/18712/17988/13850/16818/12502/77647/12481/12504/12501/13482/12487/16197/54167/12500/12477",0.352487857583619
"GSE18893_CTRL_VS_TNF_TREATED_TREG_24H_DN","GSE18893_CTRL_VS_TNF_TREATED_TREG_24H_DN",66,-0.472681135895747,-1.37016421835622,0.0411987562615406,0.472041558768696,0.472041558768696,2848,"tags=15%, list=14%, signal=13%","14683/21954/20304/60596/100038882/20568/14859/16199/15001/110197",0.321775918075361
"GSE37533_UNTREATED_VS_PIOGLIZATONE_TREATED_CD4_TCELL_FOXP3_TRASDUCED_CD4_TCELL_DN","GSE37533_UNTREATED_VS_PIOGLIZATONE_TREATED_CD4_TCELL_FOXP3_TRASDUCED_CD4_TCELL_DN",45,-0.515063517922753,-1.36901136117378,0.0467816862696159,0.517356421300446,0.517356421300446,5273,"tags=42%, list=27%, signal=31%","26444/12367/19225/18792/54403/20085/16154/17279/30794/18796/76238/381319/60406/12224/16590/15368/21354/20510/13124",0.321775918075361
"GSE360_CTRL_VS_B_MALAYI_HIGH_DOSE_DC_DN","GSE360_CTRL_VS_B_MALAYI_HIGH_DOSE_DC_DN",89,-0.463341631490559,-1.36775981022077,0.0221512593980178,0.332926198370801,0.332926198370801,6249,"tags=47%, list=32%, signal=32%","110391/18413/56044/17387/107527/24045/18670/384783/27993/77891/12156/24064/233726/20877/15900/23872/16201/234515/22234/56420/229933/12843/14733/67305/20539/14199/20266/380713/236539/68481/12578/12865/14991/21939/22113/13850/193740/15018/19309/15007/16963/12985",0.352487857583619
"GSE24634_IL4_VS_CTRL_TREATED_NAIVE_CD4_TCELL_DAY3_DN","GSE24634_IL4_VS_CTRL_TREATED_NAIVE_CD4_TCELL_DAY3_DN",107,-0.434455016241694,-1.36671944463905,0.0279923477990682,0.382159680868681,0.382159680868681,4357,"tags=36%, list=22%, signal=28%","16994/56458/56743/71982/69305/16323/56791/110033/22637/20846/20343/20821/16912/13198/16175/21939/16421/16168/18712/54123/22361/80861/13850/71939/75345/21354/12481/22035/100038882/11535/20701/15959/15945/330122/69169/14825/20310/58860",0.352487857583619
"GSE22140_GERMFREE_VS_SPF_MOUSE_CD4_TCELL_DN","GSE22140_GERMFREE_VS_SPF_MOUSE_CD4_TCELL_DN",123,-0.427985625826962,-1.36655493450291,0.0285425088505836,0.383668605908366,0.383668605908366,3528,"tags=25%, list=18%, signal=21%","74105/16592/13537/17164/18412/13038/19361/56213/15903/218952/11520/17872/11433/17681/19288/50778/99899/26570/15958/667034/11535/231655/16197/667373/193740/17858/15959/16176/69169/20310/20303",0.352487857583619
"GSE40274_CTRL_VS_FOXP3_AND_IRF4_TRANSDUCED_ACTIVATED_CD4_TCELL_UP","GSE40274_CTRL_VS_FOXP3_AND_IRF4_TRANSDUCED_ACTIVATED_CD4_TCELL_UP",66,-0.471205135358832,-1.36588572495258,0.0432759567584473,0.488179779468898,0.488179779468898,6505,"tags=53%, list=33%, signal=36%","22038/214547/14538/14102/16412/16000/63913/29864/16491/20238/15902/66422/66694/73998/14469/18591/319554/104099/74134/20482/17119/13733/16912/16162/75234/21939/20304/14190/18712/27218/21908/12502/16153/11472/16183",0.321775918075361
"GSE43955_10H_VS_60H_ACT_CD4_TCELL_UP","GSE43955_10H_VS_60H_ACT_CD4_TCELL_UP",79,-0.453401280533411,-1.36581195714314,0.0331470676685144,0.406511629271894,0.406511629271894,6748,"tags=56%, list=34%, signal=37%","106952/66340/12040/22036/56436/12972/18477/55944/170718/11949/59046/12345/66366/56752/66307/14211/13870/64934/66594/16413/14030/72198/110826/12464/14199/17118/81489/18412/13038/51793/381319/13406/11747/11596/16913/12933/18441/104001/12265/11535/19116/20665/15959/14969",0.321775918075361
"GSE14415_NATURAL_TREG_VS_TCONV_DN","GSE14415_NATURAL_TREG_VS_TCONV_DN",98,-0.446692547873532,-1.36491274216139,0.0324861780734204,0.401927649100201,0.401927649100201,6930,"tags=58%, list=35%, signal=38%","12544/17215/110074/72391/76687/15366/18817/12321/14227/16881/22352/72119/16985/12189/67141/20133/17218/21973/17896/14211/20878/54141/15163/12236/233406/209737/108000/16765/13033/17220/67629/68298/22137/15201/12442/21877/97165/52033/16551/67052/12235/21335/19366/30794/16906/19361/12428/54124/11799/14939/52276/11845/18188/14938/19116/14945/12715",0.321775918075361
"GSE3982_EFF_MEMORY_CD4_TCELL_VS_TH2_DN","GSE3982_EFF_MEMORY_CD4_TCELL_VS_TH2_DN",104,-0.444873808426533,-1.36413587308391,0.0322575003109551,0.401927649100201,0.401927649100201,7035,"tags=52%, list=36%, signal=34%","13167/66197/217232/77579/72391/67130/21881/18817/12729/110842/16407/29815/66988/19173/20133/272551/17218/21973/66377/22154/24075/51788/14225/67680/22171/66422/66131/93747/21853/209737/19225/66694/66445/66419/20971/18971/72674/15200/19384/20539/21335/19366/17993/14958/12428/66071/54124/12615/20527/13806/50783/11535/22634/67747",0.321775918075361
"GSE7548_NAIVE_VS_DAY7_PCC_IMMUNIZATION_CD4_TCELL_DN","GSE7548_NAIVE_VS_DAY7_PCC_IMMUNIZATION_CD4_TCELL_DN",127,-0.432604056595903,-1.36344611007979,0.0155785106493063,0.274951891868173,0.274951891868173,5520,"tags=35%, list=28%, signal=26%","16188/67268/16169/77891/12021/23872/12984/19167/12363/16004/226641/12479/22695/16154/72075/107503/52668/17750/246728/23960/19653/16906/246730/20821/12703/54124/75234/18952/54123/327959/99899/12515/69550/17242/21354/15958/100038882/11535/231655/667373/17858/15959/15945/217845/58185",0.380730400722792
"GSE30962_ACUTE_VS_CHRONIC_LCMV_SECONDARY_INF_CD8_TCELL_DN","GSE30962_ACUTE_VS_CHRONIC_LCMV_SECONDARY_INF_CD8_TCELL_DN",106,-0.444612327023257,-1.36264457342278,0.0284355653886236,0.383668605908366,0.383668605908366,5954,"tags=48%, list=30%, signal=34%","21973/57444/15242/14211/72107/22171/108737/66442/12021/12367/233406/15900/66131/16765/14744/12858/54371/234515/74360/15201/21877/52033/15354/236573/21335/21681/68603/110033/22637/54215/20873/19734/16828/19361/56722/18566/11799/76074/59027/17075/320495/17472/17988/209378/16178/22042/67775/19143/16963/626578/58185",0.352487857583619
"GSE22025_PROGESTERONE_VS_TGFB1_AND_PROGESTERONE_TREATED_CD4_TCELL_UP","GSE22025_PROGESTERONE_VS_TGFB1_AND_PROGESTERONE_TREATED_CD4_TCELL_UP",96,-0.444514977109334,-1.35810230307714,0.0268110140772175,0.371032203008487,0.371032203008487,5264,"tags=36%, list=27%, signal=27%","21847/233726/14579/13626/50790/226419/12585/69181/98766/21815/15200/56458/19696/17131/77605/17082/67938/19419/17993/276919/16592/12467/19734/70350/13602/17384/21943/27218/12522/108143/22634/83430/15959/11910/20297",0.352487857583619
"GSE17721_POLYIC_VS_CPG_2H_BMDC_DN","GSE17721_POLYIC_VS_CPG_2H_BMDC_DN",93,-0.440846128111672,-1.35603433810823,0.0456451579894375,0.509499703357061,0.50949970335706,4093,"tags=31%, list=21%, signal=25%","17086/12709/22217/20292/13011/17750/20439/17118/268301/19294/13537/21817/19361/18383/11770/13602/21463/228608/12125/15939/12522/76703/13197/26570/11535/14969/12335/16763/67747",0.321775918075361
"GSE2128_CTRL_VS_MIMETOPE_NEGATIVE_SELECTION_DP_THYMOCYTE_NOD_UP","GSE2128_CTRL_VS_MIMETOPE_NEGATIVE_SELECTION_DP_THYMOCYTE_NOD_UP",99,-0.430871565376849,-1.35534729860422,0.04042388330262,0.465334020290387,0.465334020290387,5111,"tags=34%, list=26%, signal=26%","23872/19354/19225/12363/65963/20971/18591/229003/12051/13614/52668/19419/23960/15446/74105/16186/14635/55932/246730/228608/12125/11433/231507/105785/26570/67775/15465/16197/11910/330122/217845/14825/20310/20303",0.321775918075361
"GSE17721_LPS_VS_POLYIC_1H_BMDC_UP","GSE17721_LPS_VS_POLYIC_1H_BMDC_UP",92,-0.44534094986803,-1.35437078481877,0.0326651041698566,0.402551709538501,0.402551709538501,3800,"tags=27%, list=19%, signal=22%","17750/56473/12575/67451/223775/16185/99929/110695/17748/16477/16175/14991/12125/17133/15939/105785/17873/11839/22035/12609/83430/15018/15007/70026/15977",0.321775918075361
"GSE360_L_DONOVANI_VS_T_GONDII_MAC_DN","GSE360_L_DONOVANI_VS_T_GONDII_MAC_DN",106,-0.441350571126784,-1.35264796806117,0.0307635978402287,0.395476200661823,0.395476200661823,4795,"tags=34%, list=24%, signal=26%","18792/69920/20778/233870/21357/21885/234515/52530/17974/11409/14156/19696/18972/77605/12464/20292/106344/80914/55949/15461/20733/107686/17164/11799/230721/54123/68507/58801/21838/19378/18263/14419/17858/12577/19309/17288",0.352487857583619
"GSE21360_NAIVE_VS_SECONDARY_MEMORY_CD8_TCELL_DN","GSE21360_NAIVE_VS_SECONDARY_MEMORY_CD8_TCELL_DN",79,-0.448593548095581,-1.35132929303904,0.0378570230198885,0.443282195138355,0.443282195138355,3314,"tags=29%, list=17%, signal=24%","30794/353187/217069/269116/20847/11770/16913/20354/54123/327959/20452/50778/99899/228775/22042/15958/231655/12487/16197/17858/15959/15945/11910",0.321775918075361
"GSE46606_UNSTIM_VS_CD40L_IL2_IL5_1DAY_STIMULATED_IRF4HIGH_SORTED_BCELL_DN","GSE46606_UNSTIM_VS_CD40L_IL2_IL5_1DAY_STIMULATED_IRF4HIGH_SORTED_BCELL_DN",106,-0.440885226344102,-1.35122178281089,0.0310961740546442,0.397729118840907,0.397729118840907,5168,"tags=43%, list=26%, signal=32%","14579/23872/11991/19225/15937/17210/16792/15982/21815/16994/22695/54483/16154/319554/19252/230738/12702/66102/268301/12575/223775/18124/13537/80859/18035/70350/12142/20304/17133/17872/15939/18578/50778/13197/16878/18263/11839/12767/11535/11847/15945/54199/16193/16176/20310/20303",0.352487857583619
"GSE30971_CTRL_VS_LPS_STIM_MACROPHAGE_WBP7_KO_4H_UP","GSE30971_CTRL_VS_LPS_STIM_MACROPHAGE_WBP7_KO_4H_UP",100,-0.438608280759691,-1.3508216194956,0.0384971127459662,0.446543398485777,0.446543398485777,4239,"tags=41%, list=22%, signal=32%","14702/19211/11492/22217/230738/12702/14221/23972/229055/380713/15213/22271/19734/13733/16184/68481/74694/12703/14066/20527/18035/70350/218952/16175/22113/170768/15939/18712/70574/27218/231507/19288/60533/17873/15465/16153/326623/16193/16780/18095/12985",0.321775918075361
"GSE7460_TCONV_VS_TREG_LN_DN","GSE7460_TCONV_VS_TREG_LN_DN",108,-0.435823856821943,-1.35049090392926,0.0220896465370681,0.332926198370801,0.332926198370801,3463,"tags=23%, list=18%, signal=19%","21936/72309/16184/16185/55932/80859/19883/20527/52187/21943/14190/74735/12522/50778/60533/17988/242248/13482/14460/12776/54199/330122/12477/14825/20310",0.352487857583619
"GSE43955_TH0_VS_TGFB_IL6_TH17_ACT_CD4_TCELL_42H_UP","GSE43955_TH0_VS_TGFB_IL6_TH17_ACT_CD4_TCELL_42H_UP",91,-0.443021342076574,-1.34989973016036,0.0397110790944372,0.45816996722853,0.45816996722853,2956,"tags=22%, list=15%, signal=19%","217069/218952/14425/16913/20354/13009/54123/18441/20452/16178/21354/100038882/19116/17858/15959/14825/54426/58185/20724/12715",0.321775918075361
"GSE14415_TCONV_VS_FOXP3_KO_INDUCED_TREG_DN","GSE14415_TCONV_VS_FOXP3_KO_INDUCED_TREG_DN",107,-0.428734203258977,-1.34872276822763,0.0362353689098818,0.431438241598374,0.431438241598374,7330,"tags=61%, list=37%, signal=38%","218977/108670/14793/107513/12721/12859/27402/12544/17215/58184/18817/14227/208628/22003/70361/53607/72119/13877/17219/12189/66988/20133/67897/14211/72107/26934/15163/66422/12236/233406/66131/209737/15331/16765/67629/68298/236900/56420/12442/100678/52033/17768/16551/100336/11947/15354/12235/17750/57296/21335/21991/11637/20638/66471/12866/11674/20873/69716/12428/12615/11799/52276/231507/209378/97122",0.321775918075361
"GSE36009_UNSTIM_VS_LPS_STIM_DC_UP","GSE36009_UNSTIM_VS_LPS_STIM_DC_UP",82,-0.457040529240325,-1.34793921189154,0.0426800851597147,0.483612150635246,0.483612150635246,5148,"tags=40%, list=26%, signal=30%","13603/65112/72729/19167/171543/11992/16154/16391/53867/68603/434341/20846/55932/381319/16912/17748/14066/547253/23882/20847/16870/59027/74481/74735/22779/60533/17988/12265/21354/22035/667034/110168/11910",0.321775918075361
"GSE22601_IMMATURE_CD4_SINGLE_POSITIVE_VS_CD8_SINGLE_POSITIVE_THYMOCYTE_DN","GSE22601_IMMATURE_CD4_SINGLE_POSITIVE_VS_CD8_SINGLE_POSITIVE_THYMOCYTE_DN",108,-0.434820032110744,-1.3473803441919,0.0231013668530447,0.339835883430679,0.339835883430679,4029,"tags=34%, list=20%, signal=27%","11492/16391/236573/19419/17119/20846/17164/21817/99929/80859/12703/14284/16162/217069/547253/20847/14939/76074/52187/12142/12125/11845/17472/20354/54123/20893/327959/112407/16878/18263/20525/67775/12609/12608/233079/14460/626578",0.352487857583619
"GSE2770_TGFB_AND_IL4_ACT_VS_ACT_CD4_TCELL_2H_DN","GSE2770_TGFB_AND_IL4_ACT_VS_ACT_CD4_TCELL_2H_DN",103,-0.439431947345157,-1.34621702978301,0.0497017892644135,0.529978026577378,0.529978026577378,6009,"tags=41%, list=31%, signal=28%","234311/211329/57444/243771/67665/246696/53312/16169/12021/20229/230073/212943/15900/236733/246727/17069/229003/56791/16391/52668/71586/246728/23960/80285/99929/246730/20821/217069/20847/54123/327959/80861/99899/14962/69550/15958/22035/100038882/231655/15945/12577/217845",0.287857117255149
"GSE32423_MEMORY_VS_NAIVE_CD8_TCELL_IL7_DN","GSE32423_MEMORY_VS_NAIVE_CD8_TCELL_IL7_DN",78,-0.451304021973383,-1.34462395188496,0.0362868096586194,0.431438241598374,0.431438241598374,5803,"tags=41%, list=29%, signal=29%","19659/56752/21849/72416/21454/66442/68479/21847/12660/93683/13543/15361/19088/67629/11792/28080/66043/80914/212503/17118/21936/223775/381319/73710/16477/52187/20322/230721/67311/67252/18976/80796",0.321775918075361
"GSE29949_CD8_NEG_DC_SPLEEN_VS_DC_BRAIN_DN","GSE29949_CD8_NEG_DC_SPLEEN_VS_DC_BRAIN_DN",81,-0.445196048829,-1.34335451575778,0.039484158642469,0.456591925854122,0.456591925854122,5168,"tags=36%, list=26%, signal=27%","14579/93683/14744/14469/98766/21815/19696/14219/229933/110446/16391/106344/29857/214137/276919/16592/12467/19734/11958/12865/15903/27218/12481/109979/11847/11910/14825/20297/20310",0.321775918075361
"GSE45837_WT_VS_GFI1_KO_PDC_DN","GSE45837_WT_VS_GFI1_KO_PDC_DN",87,-0.440425299621464,-1.34195303750186,0.037240968951952,0.440713803134665,0.440713803134665,6561,"tags=54%, list=33%, signal=36%","56421/99138/53860/71679/17218/57444/223697/108037/12345/67264/13629/66416/66152/66594/67126/67397/56086/15331/12363/11951/57423/407785/23997/66576/110323/69920/12868/67151/12858/22234/22272/233908/110826/28080/19384/57296/23988/76846/17991/65111/107686/76238/66071/15507/18712/14962/69550",0.321775918075361
"GSE25087_FETAL_VS_ADULT_TREG_UP","GSE25087_FETAL_VS_ADULT_TREG_UP",92,-0.440446321568989,-1.33948524246581,0.037413754890691,0.441726500049766,0.441726500049766,5233,"tags=34%, list=27%, signal=25%","27366/12367/56711/21853/15937/66576/24088/23825/20971/68275/16994/14156/14702/11911/12330/15354/20439/22032/21936/15213/20846/76238/14696/26570/13850/22042/22169/330122/16176/14825/20310",0.321775918075361
"GSE17721_LPS_VS_GARDIQUIMOD_16H_BMDC_UP","GSE17721_LPS_VS_GARDIQUIMOD_16H_BMDC_UP",81,-0.443731442132516,-1.33893514585388,0.0413793587548472,0.472041558768696,0.472041558768696,3747,"tags=37%, list=19%, signal=30%","68603/101502/16592/17119/20103/30055/20821/12452/13198/20016/75234/70350/17872/20354/170768/15939/18712/56191/12299/50778/17988/19378/14999/69550/100038882/76257/15018/15007/15001/19293",0.321775918075361
"GSE3982_EOSINOPHIL_VS_TH2_DN","GSE3982_EOSINOPHIL_VS_TH2_DN",95,-0.443003086337645,-1.33852538968562,0.0298623792782582,0.387828079600969,0.387828079600969,7175,"tags=48%, list=36%, signal=31%","108907/27402/26951/26445/12544/77579/72391/13006/18817/70361/50995/12461/13383/20249/70218/22154/19053/13036/16169/103573/12466/26443/226646/12812/18611/69902/14103/12464/19384/24030/17750/13178/12411/69241/107686/21985/16828/14718/12428/14113/11799/13806/50783/69802/13482/67747",0.352487857583619
"GSE360_CTRL_VS_L_MAJOR_DC_DN","GSE360_CTRL_VS_L_MAJOR_DC_DN",109,-0.432448999497496,-1.33711203552984,0.0246886167121543,0.346819133993071,0.346819133993071,3074,"tags=26%, list=16%, signal=22%","16912/56722/13807/75234/52187/21939/59027/22113/15507/18712/50778/13197/14776/19378/16153/21354/12767/14419/15002/70789/11535/83430/20701/20568/14373/18741/54426/72434",0.352487857583619
"GSE33425_CD8_ALPHAALPHA_VS_ALPHABETA_CD161_HIGH_TCELL_DN","GSE33425_CD8_ALPHAALPHA_VS_ALPHABETA_CD161_HIGH_TCELL_DN",114,-0.425099753821911,-1.33651781660439,0.0359923933530728,0.430972747832893,0.430972747832893,5411,"tags=48%, list=27%, signal=35%","15902/14026/68479/233406/93721/16765/13033/16004/223920/16792/17220/69902/15270/68275/22137/70099/11522/97243/18972/20044/27412/381738/319554/13011/114663/80914/22637/54215/21936/228026/12457/69241/14635/16906/16912/15903/107272/11799/16643/16428/27007/21943/12125/103172/20304/16408/13197/21838/16818/12502/12487/17858/11472/12335/12500",0.321775918075361
"GSE25085_FETAL_LIVER_VS_FETAL_BM_SP4_THYMIC_IMPLANT_DN","GSE25085_FETAL_LIVER_VS_FETAL_BM_SP4_THYMIC_IMPLANT_DN",110,-0.432278316069537,-1.33151378456611,0.0382182074884026,0.44602585467456,0.44602585467456,4590,"tags=39%, list=23%, signal=30%","50708/74360/229003/12479/21815/11911/16323/20725/432442/236573/67938/16658/16592/434341/21985/14718/66071/353187/16912/56722/217069/547253/16477/11770/14710/76074/228608/103172/20304/17472/60533/13197/17381/16149/16197/11847/20568/17167/15018/54199/15007/626578/14411",0.321775918075361
"NAKAYA_PBMC_FLUMIST_AGE_18_50YO_7DY_DN","NAKAYA_PBMC_FLUMIST_AGE_18_50YO_7DY_DN",290,-0.382647733286262,-1.33037079547422,0.00748993829674732,0.186664180119609,0.186664180119609,6106,"tags=37%, list=31%, signal=26%","67897/19769/17261/29864/217869/17254/26410/12857/107817/59046/12540/14555/384783/12013/17395/246696/20324/19043/74192/53312/23881/233406/30960/17859/16201/20692/19225/14744/18030/12812/17210/110920/15982/72674/74645/22234/69181/12177/18626/21815/15200/12051/225363/19696/19359/68981/20918/77605/319554/22217/12759/544763/11758/20539/12702/20439/19822/229055/223775/17119/15526/81489/18124/13537/17164/228839/99929/353187/19883/12452/12703/56722/14284/13198/15903/20527/20016/70350/59069/52187/59027/12227/12125/20354/17691/170768/12522/18578/58801/50778/13197/18263/11839/50527/16178/22042/101488143/12767/54167/110168/14373/330122/16176/14825/20310/72434/50501",0.407017918923954
"GSE3337_CTRL_VS_16H_IFNG_IN_CD8POS_DC_DN","GSE3337_CTRL_VS_16H_IFNG_IN_CD8POS_DC_DN",101,-0.434021517948197,-1.32997130217673,0.0324618991839102,0.401927649100201,0.401927649100201,5506,"tags=38%, list=28%, signal=27%","74192/17995/15163/16362/76884/19826/12832/15900/20692/14469/17220/233908/12051/231887/19359/26411/19384/72075/56791/21355/112406/12518/101502/22271/20821/12703/107995/75234/12311/384009/59027/170768/18712/21354/13482/14969/22169/15001",0.321775918075361
"GSE43956_WT_VS_SGK1_KO_TH17_DIFFERENTIATED_CD4_TCELL_DN","GSE43956_WT_VS_SGK1_KO_TH17_DIFFERENTIATED_CD4_TCELL_DN",101,-0.434005380121513,-1.32992185106548,0.0324618991839102,0.401927649100201,0.401927649100201,5899,"tags=36%, list=30%, signal=25%","17882/56699/74326/17532/78523/56389/16169/103573/78889/14744/50790/12861/15982/56207/21357/22234/21815/17386/19252/17118/13537/12452/17829/15903/240832/16175/12125/11520/17873/16153/14447/15370/14825/20310/18121/18770",0.321775918075361
"GSE19401_UNSTIM_VS_RETINOIC_ACID_STIM_FOLLICULAR_DC_DN","GSE19401_UNSTIM_VS_RETINOIC_ACID_STIM_FOLLICULAR_DC_DN",109,-0.430099001180175,-1.32984595088815,0.0253604055813153,0.353858000742044,0.353858000742044,4203,"tags=30%, list=21%, signal=24%","16154/100678/22384/23945/107503/67052/20539/17750/55949/14958/380713/16592/20343/18035/23882/16477/11770/14723/21939/20304/13009/12522/14962/20394/15002/14373/11910/16763/330122/16176/14825/20310/20303",0.352487857583619
"GSE3565_CTRL_VS_LPS_INJECTED_SPLENOCYTES_DN","GSE3565_CTRL_VS_LPS_INJECTED_SPLENOCYTES_DN",81,-0.439940538554124,-1.32749630345124,0.0476190476190476,0.519807060755337,0.519807060755337,4728,"tags=40%, list=24%, signal=30%","22323/17069/234515/70099/16994/67097/56458/20463/14694/19899/11837/20230/12465/55949/16898/14872/17319/228026/14113/15903/66109/14683/27050/66270/231507/12515/22042/67775/320007/13482/12500/12516",0.287857117255149
"GSE39110_DAY3_VS_DAY6_POST_IMMUNIZATION_CD8_TCELL_WITH_IL2_TREATMENT_UP","GSE39110_DAY3_VS_DAY6_POST_IMMUNIZATION_CD8_TCELL_WITH_IL2_TREATMENT_UP",102,-0.429361259400105,-1.32167385122864,0.0485436893203883,0.525821933670332,0.525821933670332,6744,"tags=54%, list=34%, signal=36%","18642/18817/20460/231712/26909/68743/72119/15277/56417/67141/20133/17896/20878/64138/19039/66442/22166/12236/12367/233406/16852/73711/110323/67629/68298/67054/56419/21877/17121/16551/11492/67052/21335/14200/19366/66471/17279/17118/23960/12326/12575/16828/246730/12428/18566/18005/12522/17988/16178/22042/21354/14938/100038882/14945/12477",0.287857117255149
"GSE15930_STIM_VS_STIM_AND_IFNAB_48H_CD8_T_CELL_DN","GSE15930_STIM_VS_STIM_AND_IFNAB_48H_CD8_T_CELL_DN",124,-0.417491760100423,-1.3216416547105,0.0385270414883089,0.446543398485777,0.446543398485777,3373,"tags=28%, list=17%, signal=24%","20482/20846/21817/20821/75234/240832/14939/14991/59027/14964/16168/18712/54123/231507/18166/26570/21354/15958/50498/667034/100038882/12608/26557/193740/17858/15959/14969/15945/15018/54199/24110/22169/15007/14859/58185",0.321775918075361
"GSE3039_NKT_CELL_VS_B2_BCELL_DN","GSE3039_NKT_CELL_VS_B2_BCELL_DN",107,-0.41988804022291,-1.32089428753375,0.0473342258712255,0.519807060755337,0.519807060755337,4036,"tags=32%, list=20%, signal=25%","17131/224530/76969/107503/319520/21991/11674/80914/12575/17319/434341/16828/12903/14066/13198/70350/17384/14964/228608/17133/20893/54698/17988/228775/20525/14419/12608/16197/15018/54199/15007/16176/20310/20303",0.321775918075361
"GSE369_PRE_VS_POST_IL6_INJECTION_IFNG_KO_LIVER_DN","GSE369_PRE_VS_POST_IL6_INJECTION_IFNG_KO_LIVER_DN",70,-0.457925486901882,-1.31744068847128,0.0476190476190476,0.519807060755337,0.519807060755337,3767,"tags=30%, list=19%, signal=24%","12702/14367/246728/23960/16416/20733/81489/246730/12703/217069/547253/240832/14723/59027/20525/70789/11535/231655/17858/17167/11688",0.287857117255149
"GSE7768_OVA_ALONE_VS_OVA_WITH_LPS_IMMUNIZED_MOUSE_WHOLE_SPLEEN_6H_DN","GSE7768_OVA_ALONE_VS_OVA_WITH_LPS_IMMUNIZED_MOUSE_WHOLE_SPLEEN_6H_DN",79,-0.437256117085574,-1.31717676744728,0.0499173907392523,0.531158790114103,0.531158790114103,3373,"tags=23%, list=17%, signal=19%","20482/17164/18412/80859/75234/18035/12227/20304/18578/60533/326623/58916/54199/330122/14825/20310/20303/58185",0.321775918075361
"GSE21063_WT_VS_NFATC1_KO_8H_ANTI_IGM_STIM_BCELL_UP","GSE21063_WT_VS_NFATC1_KO_8H_ANTI_IGM_STIM_BCELL_UP",112,-0.422109014228347,-1.31658659749194,0.049618320610687,0.529978026577378,0.529978026577378,6642,"tags=53%, list=34%, signal=35%","14056/27214/26909/68743/72119/105148/17219/21915/67141/272551/17218/70218/21973/22154/20878/22171/54141/12236/20877/233406/66131/209737/20971/67629/67196/56207/234515/15270/22137/11992/56419/12315/69305/73804/16551/106344/67052/15354/12235/21335/19366/110033/80914/17279/17420/16592/19361/12428/54124/107272/11799/16421/60406/13605/225845/16408/14999/14938/11910",0.282013350011725
"GSE43863_DAY6_EFF_VS_DAY150_MEM_TFH_CD4_TCELL_UP","GSE43863_DAY6_EFF_VS_DAY150_MEM_TFH_CD4_TCELL_UP",92,-0.432223614083202,-1.31447834652651,0.0481994431163444,0.525011138460826,0.525011138460826,5926,"tags=53%, list=30%, signal=37%","57444/243771/13629/384783/74326/12013/72107/19664/19039/230073/76884/65112/73834/108960/16201/16792/18611/229003/14325/19696/56743/56791/13178/17118/23960/16592/67426/20846/246730/73710/56722/59027/20620/66270/54123/327959/50778/80861/99899/67775/15958/12487/14960/15959/54199/24110/22169/12652/58185",0.321775918075361
"ERWIN_COHEN_BLOOD_LIVE_VACCINE_TC_83_AGE_23_48YO_VACCINATED_VS_CONTROL_14DY_UP","ERWIN_COHEN_BLOOD_LIVE_VACCINE_TC_83_AGE_23_48YO_VACCINATED_VS_CONTROL_14DY_UP",229,-0.391924611637865,-1.31397726076884,0.0118451583842475,0.239982908864854,0.239982908864854,5115,"tags=28%, list=26%, signal=21%","14360/230484/19167/13626/246727/66576/110920/27053/17069/16832/22272/74360/70099/15510/110052/72198/97165/28080/17768/19384/66148/432442/52668/19419/11908/13178/71586/66471/12866/55949/246728/23960/17749/12326/15528/16592/107686/21985/246730/353187/19883/16428/27007/327959/54698/69802/99899/12515/108143/22042/67775/75345/77647/14938/100038882/231655/12487/16197/667373/22169/12500/14945/217845/58185",0.380730400722792
"GSE1460_INTRATHYMIC_T_PROGENITOR_VS_CD4_THYMOCYTE_DN","GSE1460_INTRATHYMIC_T_PROGENITOR_VS_CD4_THYMOCYTE_DN",92,-0.431579596277655,-1.31251975973813,0.0495476576106751,0.529978026577378,0.529978026577378,3612,"tags=25%, list=18%, signal=21%","246728/19264/20846/18124/15184/16185/15903/14991/14964/26415/66270/27218/54698/18578/99899/23792/12176/22035/54167/15018/15007/69169/72434",0.321775918075361
"GSE24026_PD1_LIGATION_VS_CTRL_IN_ACT_TCELL_LINE_UP","GSE24026_PD1_LIGATION_VS_CTRL_IN_ACT_TCELL_LINE_UP",96,-0.429572873404827,-1.31245051067664,0.0461939975644607,0.514225489371415,0.514225489371415,3927,"tags=31%, list=20%, signal=25%","56791/16391/13011/67938/17750/71586/19264/20846/107686/51793/381319/20821/16912/16913/14964/21908/69550/71939/21354/14938/22035/17907/12487/16197/110168/15959/15018/54199/15007/12500",0.321775918075361
"GSE3982_CTRL_VS_LPS_48H_DC_DN","GSE3982_CTRL_VS_LPS_48H_DC_DN",107,-0.415637538991794,-1.30752295456519,0.0492125984251969,0.529138668806205,0.529138668806205,3201,"tags=28%, list=16%, signal=24%","16184/18412/246730/16324/75234/18035/23882/70350/20847/27007/20304/18712/54123/27218/99899/14962/17873/75345/13482/100038882/20701/667373/17858/15959/15945/11910/16780/217845/20303/58185",0.287857117255149
"GSE24142_EARLY_THYMIC_PROGENITOR_VS_DN2_THYMOCYTE_ADULT_DN","GSE24142_EARLY_THYMIC_PROGENITOR_VS_DN2_THYMOCYTE_ADULT_DN",113,-0.413137654314167,-1.30487428950102,0.0488322300710077,0.526245202786498,0.526245202786498,3201,"tags=28%, list=16%, signal=24%","16184/12428/51793/73710/12615/56460/76074/16428/228608/17075/17472/11433/18005/20893/50905/27218/21838/16818/12502/14938/17907/16197/14460/84544/12500/16780/12477/626578/14012/54390/66211/23919",0.321775918075361
"GSE22140_HEALTHY_VS_ARTHRITIC_GERMFREE_MOUSE_CD4_TCELL_DN","GSE22140_HEALTHY_VS_ARTHRITIC_GERMFREE_MOUSE_CD4_TCELL_DN",134,-0.410514971453316,-1.29755139116387,0.0453475933975032,0.508153895040606,0.508153895040606,3612,"tags=25%, list=18%, signal=21%","246728/12575/19653/22271/19734/13537/13038/217069/20527/75234/218952/12227/11639/17872/17681/18712/19288/58801/50778/99899/26570/15368/15958/667034/231655/16197/193740/17858/15959/330122/16176/14825/20310/20303",0.321775918075361
"GSE35685_CD34POS_CD38NEG_VS_CD34POS_CD10POS_BONE_MARROW_DN","GSE35685_CD34POS_CD38NEG_VS_CD34POS_CD10POS_BONE_MARROW_DN",125,-0.405906045398717,-1.28286211778721,0.0456688776553022,0.509499703357061,0.50949970335706,4991,"tags=34%, list=25%, signal=26%","12984/15937/12363/14469/226641/22234/16164/20844/12051/22695/16391/20292/17750/13178/71586/12457/55932/99929/80859/16912/12703/17748/56722/75234/18035/23882/240832/59027/16168/14190/18712/12522/13197/17988/20525/21354/15958/667034/100038882/12609/15945/24110/20303",0.321775918075361
"GSE11386_NAIVE_VS_MEMORY_BCELL_UP","GSE11386_NAIVE_VS_MEMORY_BCELL_UP",94,-0.421708305835342,-1.28283655283063,0.048689138576779,0.525821933670332,0.525821933670332,6187,"tags=50%, list=31%, signal=34%","67437/20133/19045/21973/12857/67264/14211/12704/12236/26444/233406/16852/66092/209737/108000/13033/23997/110920/17220/67196/56420/11946/12315/52033/17181/67052/66925/12235/17750/19366/110033/17279/18655/17749/20873/69716/104271/16184/19361/12865/20527/52276/12142/50783/27218/13143/22035",0.282013350011725
"GSE24574_BCL6_LOW_TFH_VS_TCONV_CD4_TCELL_DN","GSE24574_BCL6_LOW_TFH_VS_TCONV_CD4_TCELL_DN",143,-0.394084632294594,-1.27856737189218,0.0493096646942801,0.529138668806205,0.529138668806205,7035,"tags=57%, list=36%, signal=37%","13167/19891/11465/23918/17215/15366/18817/14085/14056/14227/15929/22036/17865/53607/12972/269951/18477/12567/26556/66143/20249/21973/14433/108037/67264/17535/20878/14775/20810/22171/22166/12236/233726/14086/20877/16852/93747/12466/108000/15331/18030/11951/23997/18746/228033/12861/12868/18611/68298/22627/22137/17768/106344/24030/68603/19366/319520/15356/17279/17319/27221/16592/20873/23897/16828/236539/14718/209027/16912/13807/54124/13806/20322/20893/13180/22035/667034/19143/11459/97122/54390",0.287857117255149
"OSMAN_BLOOD_CHAD63_KH_AGE_18_50YO_HIGH_DOSE_SUBJECTS_24HR_DN","OSMAN_BLOOD_CHAD63_KH_AGE_18_50YO_HIGH_DOSE_SUBJECTS_24HR_DN",355,-0.353340824364937,-1.24064928087736,0.0145254368811534,0.261819707484134,0.261819707484134,4600,"tags=26%, list=23%, signal=20%","54403/50708/21885/234515/16832/69181/74360/21815/56350/15201/11992/11504/56458/14702/30951/74747/17086/77605/11492/27494/20230/17082/106344/13011/21335/19419/114663/71529/110033/22637/15446/229055/17954/12326/54215/56464/23871/17420/70186/67426/21985/13170/110695/353187/19883/56213/216456/13807/20744/16643/27050/16428/76453/27007/26415/20304/66270/230721/22361/16590/54698/22779/69802/23792/13850/16818/13143/12502/18767/77647/12481/14938/12501/13482/12487/16197/12526/54167/83430/84544/71854/330122/14945/69169/14825/20310/16199/21947/18121/170761/16846/110197/50501",0.380730400722792
"ZAK_PBMC_MRKAD5_HIV_1_GAG_POL_NEF_AGE_20_50YO_1DY_UP","ZAK_PBMC_MRKAD5_HIV_1_GAG_POL_NEF_AGE_20_50YO_1DY_UP",450,-0.334537745314564,-1.20085674809833,0.0291194535258122,0.386861910239718,0.386861910239718,5456,"tags=32%, list=28%, signal=24%","16518/53312/20130/16169/70394/22319/66058/67138/16362/107702/78889/20229/27361/230073/212943/12367/26443/216161/12984/12986/13033/20908/12363/65963/18030/11491/246727/73711/50790/66335/24088/17394/14469/242705/18611/17069/80879/229003/11475/257632/22695/56743/54483/71982/58810/20725/17768/104009/72075/56791/16909/16391/107503/21355/52668/17750/13007/21681/12702/68603/71586/66102/16658/17118/246728/23960/18655/19294/14958/12575/223775/17119/80285/20846/21817/55932/16906/246730/381319/20821/16912/12703/17748/11747/217069/75234/547253/20847/14696/14425/21939/384009/59027/16913/74481/16168/14190/170768/54123/327959/74735/231507/20452/60533/80861/99899/14962/17873/14999/69550/67775/71939/60596/15368/16153/75345/21354/15958/22035/100038882/70789/11535/21345/231655/12608/20701/667373/233079/17858/19143/15959/17167/14969/15945/12577/54199/24110/11910/22169/217845/20202/14012/58185/14411",0.352487857583619
