"ID","Description","GeneRatio","BgRatio","RichFactor","FoldEnrichment","zScore","pvalue","p.adjust","qvalue","geneID","Count"
"GO:0002833","positive regulation of response to biotic stimulus","123/650","485/25615",0.25360824742268,9.99411578112609,32.2673050358539,1.32612693920183e-87,8.51903945743257e-84,8.51903945743257e-84,"Ifi207/Cd300a/Irgm1/Gsdmd/Tifa/Gbp7/Aim2/Lacc1/Unc93b1/Znfx1/Ifi206/Trim25/Slc15a3/Dpp4/Zbp1/Oas1a/P2rx7/Ripk2/Casp1/Clec7a/Ly86/Irf1/Nod1/Cd86/Ifi214/Irf7/Irf5/Gimap3/Klrc1/Tnf/Clec4n/Tlr9/Gbp2/Klrk1/Cd300lf/Tlr11/Irgm2/Il18rap/Klrb1c/Rigi/Cd180/Klre1/Oas1g/Clec4e/Vav1/Pld4/Parp9/Tlr8/Cd74/Fpr2/Klrc2/Ifi204/Ifi213/Ifi205/Nr1h3/Tlr12/Plcg2/Ifi35/Treml4/Oas1b/Slamf6/Tasl/Scimp/Lag3/Ifi203/Klri2/Klrd1/Mefv/Xcl1/Ifih1/Tnip3/Nlrc5/Pik3ap1/Ifi211/Crtam/Casp4/Tyrobp/Gbp2b/Oas3/Igtp/Nlrp3/Irf4/Cd226/Smpdl3b/Mapkapk3/Trim30a/Sh2d1a/Acod1/Tlr2/Trim30d/H2-M3/Ikbke/Cd160/Rnf135/Eif2ak2/Ddx60/Rsad2/Prf1/Trim12c/Il12b/Dhx58/Cadm1/Ifi209/Ptpn6/Gbp5/Tifab/Traf3ip3/Ifi208/Mndal/Cd274/Tlr1/Gzmb/Nmi/Irf2/Tnfaip3/Gbp3/Tlr3/Rasgrp1/Oasl1/Gzmc/Ptpn22/Cd14/Syk",123
"GO:0045089","positive regulation of innate immune response","118/650","454/25615",0.259911894273128,10.2425279566249,32.0615375895198,2.82722766848674e-85,9.08105527117942e-82,9.08105527117942e-82,"Ifi207/Cd300a/Irgm1/Gsdmd/Tifa/Gbp7/Aim2/Lacc1/Unc93b1/Znfx1/Ifi206/Trim25/Slc15a3/Dpp4/Zbp1/Oas1a/P2rx7/Ripk2/Casp1/Clec7a/Irf1/Nod1/Cd86/Ifi214/Irf7/Irf5/Gimap3/Klrc1/Tnf/Clec4n/Tlr9/Gbp2/Klrk1/Cd300lf/Tlr11/Irgm2/Il18rap/Klrb1c/Rigi/Klre1/Oas1g/Clec4e/Vav1/Pld4/Parp9/Tlr8/Cd74/Fpr2/Klrc2/Ifi204/Ifi213/Ifi205/Nr1h3/Tlr12/Plcg2/Ifi35/Treml4/Oas1b/Slamf6/Tasl/Scimp/Lag3/Ifi203/Klri2/Klrd1/Mefv/Xcl1/Ifih1/Tnip3/Nlrc5/Pik3ap1/Ifi211/Crtam/Casp4/Tyrobp/Gbp2b/Oas3/Igtp/Nlrp3/Irf4/Cd226/Smpdl3b/Mapkapk3/Trim30a/Sh2d1a/Acod1/Tlr2/Trim30d/H2-M3/Ikbke/Cd160/Rnf135/Eif2ak2/Ddx60/Rsad2/Trim12c/Il12b/Dhx58/Cadm1/Ifi209/Ptpn6/Gbp5/Tifab/Traf3ip3/Ifi208/Mndal/Cd274/Tlr1/Nmi/Irf2/Tnfaip3/Gbp3/Tlr3/Rasgrp1/Oasl1/Ptpn22/Cd14/Syk",118
"GO:0002697","regulation of immune effector process","113/650","461/25615",0.245119305856833,9.65958618388119,30.2742692426011,1.72247270470552e-78,3.68838821834275e-75,3.68838821834275e-75,"Cd300a/Unc13d/H2-DMb2/Lacc1/Ptafr/Stap1/Ptprc/Fgl2/Il7r/Was/Spn/Dpp4/H2-DMb1/H2-Q6/Sash3/Ccl2/P2rx7/Pnp/H2-K1/Itgam/Tap1/Ripk2/Clec7a/Il18r1/Irf1/Itgb2/Cd86/Laptm5/Irf5/Gimap3/B2m/Klrc1/Fgr/Tnf/Rac2/Cd22/Tlr9/C3/H2-Q4/Dnase1l3/Klrk1/Clec2d/H2-T23/H2-T22/Cd27/Sell/Il18rap/Fcer1g/Klrb1c/Rigi/Klre1/Vav1/Nr4a3/Tlr8/Cd74/Klrc2/Tap2/Cd84/Plcg2/Tigit/Cd40/Slamf6/Fcgr1/Scimp/Lag3/Ccr2/Klri2/Klrd1/Sectm1a/Cd69/Xcl1/Il1b/Klrb1b/Pik3r6/Crtam/Tyrobp/Nfkbid/Fcgr3/Ncf1/Nlrp3/Cd226/Slamf8/Sh2d1a/Gab2/Tlr2/H2-M3/Malt1/Cd160/H2-D1/Ddx60/Rsad2/H2-T24/Ifng/Cd96/Il12b/Tbx21/Dhx58/H2-Q7/Cadm1/Pdcd1/Nckap1l/Ptpn6/Serpinb9/Inpp5d/Cd274/H2-M2/Stxbp2/Calhm6/Tnfaip3/Tlr3/Rasgrp1/Ptpn22/Syk",113
"GO:0007159","leukocyte cell-cell adhesion","105/650","438/25615",0.23972602739726,9.44704952581665,28.7719768053104,9.98563095557902e-72,1.60369233146599e-68,1.60369233146599e-68,"Lax1/Cd300a/Rhoh/Irgm1/H2-DMb2/Ptafr/Ptprc/Fgl2/Tarm1/Il7r/Pdcd1lg2/H2-DMa/Spn/Itgax/Zap70/Il7/Dpp4/H2-DMb1/Sash3/Ccl2/Pnp/Pag1/Itgam/Ripk2/Tnfsf13b/Sirpb1a/Irf1/Itgb2/H2-Aa/Cd86/Laptm5/Cd6/Gimap3/B2m/Tnf/Rac2/Cd4/Icam1/Cd27/Sell/Card11/H2-Ob/Vav1/Itgal/Nr4a3/Cd74/Il2ra/Cd83/Ccl5/Ctla4/Il1a/H2-Oa/Tigit/Slfn1/H2-Eb1/Lag3/Ccr2/Cd69/Xcl1/Il1b/Pik3r6/Icos/Crtam/Nfkbid/Socs1/Aif1/Nlrp3/Zc3h12d/Itga4/Carmil2/Il2rg/Malt1/Cd160/H2-Ab1/Il12rb1/Icosl/Ifng/Il12b/Lck/Sema4d/Ikzf1/Tbx21/Tnfaip8l2/Pdcd1/Nckap1l/Ptpn6/Selplg/Ccdc88b/Coro1a/Cd274/Vcam1/Cd3e/Rasal3/Ido1/Fcho1/Gpr35/Cd5/Rasgrp1/Sirpb1b/Gpr65/F11r/Ptpn22/Runx3/Syk/Sirpa",105
"GO:0002218","activation of innate immune response","98/650","377/25615",0.259946949602122,10.2439094062436,29.1761836100841,1.64806241814778e-70,2.11743059483627e-67,2.11743059483627e-67,"Ifi207/Cd300a/Irgm1/Gsdmd/Tifa/Gbp7/Aim2/Lacc1/Unc93b1/Znfx1/Ifi206/Trim25/Slc15a3/Zbp1/Oas1a/P2rx7/Ripk2/Casp1/Clec7a/Irf1/Nod1/Cd86/Ifi214/Irf7/Irf5/Klrc1/Tnf/Clec4n/Tlr9/Gbp2/Klrk1/Cd300lf/Tlr11/Irgm2/Rigi/Klre1/Oas1g/Clec4e/Pld4/Tlr8/Klrc2/Ifi204/Ifi213/Ifi205/Nr1h3/Tlr12/Plcg2/Ifi35/Treml4/Oas1b/Tasl/Scimp/Ifi203/Klri2/Klrd1/Mefv/Ifih1/Tnip3/Pik3ap1/Ifi211/Casp4/Tyrobp/Gbp2b/Oas3/Igtp/Nlrp3/Irf4/Smpdl3b/Mapkapk3/Trim30a/Acod1/Tlr2/Trim30d/Ikbke/Rnf135/Eif2ak2/Ddx60/Rsad2/Trim12c/Dhx58/Ifi209/Ptpn6/Gbp5/Tifab/Traf3ip3/Ifi208/Mndal/Cd274/Tlr1/Nmi/Irf2/Tnfaip3/Gbp3/Tlr3/Oasl1/Ptpn22/Cd14/Syk",98
"GO:0002768","immune response-regulating cell surface receptor signaling pathway","97/650","369/25615",0.262872628726287,10.3592036689598,29.2203482834187,2.77020915983186e-70,2.96597060712665e-67,2.96597060712665e-67,"Lax1/Cd300a/Pirb/Stap1/Ptprc/Nos2/Lair1/Pdcd1lg2/Zap70/Oas1a/Clec4d/Cd53/Itgam/Ripk2/Cd8a/Nfatc2/Clec7a/Itk/Cd86/Fyb1/Laptm5/Lcp2/Klrc1/Cd22/Ptprj/Clec4n/C3ar1/Cd4/C3/Klrk1/Clec2d/Fcgr4/Fcer1g/Card11/Klre1/Oas1g/Clec4e/Vav1/Nr4a3/Fpr2/Klrc2/Lat/Ctla4/Nr1h3/Plcg2/Lpxn/Cd3d/Cd40/Ifi35/Oas1b/Cmklr1/Fcgr1/Scimp/Themis/Lag3/Lilra5/Klri2/Klrd1/Tnip3/Bcl2a1d/Pik3ap1/Tyrobp/Nfkbid/Fcgr3/Fcgr2b/Cd226/Myo1g/Cd3g/Sh2d1a/Carmil2/Acod1/Tlr2/Themis2/Malt1/Cd160/Fpr1/Icosl/Ifng/Lck/Ncr1/Pdcd1/Nckap1l/Ptpn6/Prkch/Cd274/Tlr1/Cd3e/Nmi/Ubash3a/Cd72/Tnfaip3/Fcho1/Cd5/Ptpn22/Cd247/Cd14/Syk",97
"GO:0002703","regulation of leukocyte mediated immunity","91/650","320/25615",0.284375,11.2065625,29.6460435551693,3.00769304473588e-69,2.76020287419761e-66,2.76020287419761e-66,"Cd300a/Unc13d/Ptafr/Stap1/Ptprc/Il7r/Was/Spn/Dpp4/H2-Q6/Sash3/Ccl2/P2rx7/Pnp/H2-K1/Itgam/Tap1/Clec7a/Il18r1/Itgb2/Gimap3/B2m/Klrc1/Fgr/Tnf/Rac2/Tlr9/C3/H2-Q4/Dnase1l3/Klrk1/Clec2d/H2-T23/H2-T22/Sell/Il18rap/Fcer1g/Klrb1c/Rigi/Klre1/Vav1/Klrc2/Tap2/Cd84/Plcg2/Tigit/Cd40/Slamf6/Fcgr1/Scimp/Lag3/Ccr2/Klri2/Klrd1/Sectm1a/Xcl1/Il1b/Klrb1b/Pik3r6/Crtam/Tyrobp/Fcgr3/Nlrp3/Cd226/Sh2d1a/Gab2/Tlr2/H2-M3/Malt1/Cd160/H2-D1/Rsad2/H2-T24/Ifng/Cd96/Il12b/Tbx21/H2-Q7/Cadm1/Pdcd1/Nckap1l/Ptpn6/Serpinb9/Inpp5d/Cd274/H2-M2/Stxbp2/Calhm6/Tlr3/Rasgrp1/Syk",91
"GO:1903037","regulation of leukocyte cell-cell adhesion","98/650","393/25615",0.249363867684478,9.82685457036602,28.4539183876659,1.2692175191129e-68,1.01918166784766e-65,1.01918166784766e-65,"Lax1/Cd300a/Rhoh/Irgm1/H2-DMb2/Ptafr/Ptprc/Fgl2/Tarm1/Il7r/Pdcd1lg2/H2-DMa/Spn/Zap70/Il7/Dpp4/H2-DMb1/Sash3/Ccl2/Pnp/Pag1/Ripk2/Tnfsf13b/Sirpb1a/Irf1/Itgb2/H2-Aa/Cd86/Laptm5/Cd6/Gimap3/B2m/Tnf/Cd4/Icam1/Cd27/Sell/Card11/H2-Ob/Vav1/Itgal/Nr4a3/Cd74/Il2ra/Cd83/Ccl5/Ctla4/Il1a/H2-Oa/Tigit/Slfn1/H2-Eb1/Lag3/Ccr2/Cd69/Xcl1/Il1b/Pik3r6/Icos/Crtam/Nfkbid/Socs1/Aif1/Nlrp3/Zc3h12d/Itga4/Carmil2/Il2rg/Malt1/Cd160/H2-Ab1/Il12rb1/Icosl/Ifng/Il12b/Lck/Ikzf1/Tbx21/Tnfaip8l2/Pdcd1/Nckap1l/Ptpn6/Ccdc88b/Coro1a/Cd274/Vcam1/Cd3e/Rasal3/Ido1/Fcho1/Cd5/Rasgrp1/Sirpb1b/Gpr65/Ptpn22/Runx3/Syk/Sirpa",98
"GO:0050863","regulation of T cell activation","94/650","394/25615",0.238578680203046,9.40183522061695,27.1188154317757,7.10156213217405e-64,4.57384768744487e-61,4.57384768744487e-61,"Lax1/Cd300a/Rhoh/Irgm1/H2-DMb2/Ptprc/Fgl2/Tarm1/Il7r/Pdcd1lg2/H2-DMa/Spn/Zap70/Il7/Dpp4/H2-DMb1/Sash3/Ccl2/Pnp/Pag1/Ripk2/Tnfsf13b/Sirpb1a/Irf1/H2-Aa/Cd86/Laptm5/Cd6/Gimap3/B2m/Rac2/Cd4/Cd27/Card11/H2-Ob/Vav1/Itgal/Cd74/Lat/Il2ra/Cd83/Ccl5/Ctla4/Il1a/H2-Oa/Tigit/Slfn1/H2-Eb1/Lag3/Ccr2/Cd69/Xcl1/Il1b/Pik3r6/Icos/Crtam/Nfkbid/Socs1/Aif1/Nlrp3/Zc3h12d/Carmil2/Il2rg/Malt1/Cd160/H2-Ab1/Il12rb1/Icosl/Ifng/Il12b/Lck/Ikzf1/Tbx21/Tnfaip8l2/Pdcd1/Tox/Nckap1l/Ptpn6/Ccdc88b/Coro1a/Cd274/Vcam1/Cd3e/Rasal3/Ido1/Fcho1/Cd5/Rasgrp1/Sirpb1b/Gpr65/Ptpn22/Runx3/Syk/Sirpa",94
"GO:0001906","cell killing","86/650","314/25615",0.273885350318471,10.7931896129348,28.1740797582655,7.11993724695652e-64,4.57384768744487e-61,4.57384768744487e-61,"Unc13d/Gbp7/Stap1/Ptprc/Fgl2/Il7r/Ccl22/Gzmf/H2-Q6/Ccl2/P2rx7/Pnp/H2-K1/Itgam/Tap1/Gimap3/B2m/Klrc1/Ccr5/C3/H2-Q4/Gbp2/Dnase1l3/Klrk1/Clec2d/H2-T23/Ctsh/Fcgr4/H2-T22/Irgm2/Sell/Il18rap/Ctsc/Klrb1c/Klre1/Nkg7/Vav1/Cd2/Cfb/Klrc2/Tap2/Cxcl9/Tigit/Slamf6/Fcgr1/Lag3/Klri2/Klrd1/Xcl1/Klrb1b/Pik3r6/Crtam/Tyrobp/Gbp2b/Igtp/Fcgr3/Fcgr2b/Ncf1/Cd226/Sh2d1a/H2-M3/Cd160/H2-D1/C2/H2-T24/Prf1/Il12b/H2-Q7/Cadm1/Nckap1l/Ptpn6/Gbp5/Ccl1/Serpinb9/Lyz2/Inpp5d/Cxcl10/Coro1a/Gzmb/H2-M2/Stxbp2/Hcst/Gbp3/Rasgrp1/Rab27a/Gzmc",86
"GO:0050867","positive regulation of cell activation","94/650","401/25615",0.234413965087282,9.23771340878573,26.8279560683365,4.01288258492501e-63,2.34352342959621e-60,2.34352342959621e-60,"Rhoh/Irgm1/H2-DMb2/Stap1/Ptprc/Il7r/Pdcd1lg2/H2-DMa/Spn/Zap70/Il7/Dpp4/Clec4d/H2-DMb1/Sash3/Ccl2/Pnp/Ripk2/Nfatc2/Clec7a/Tnfsf13b/Sirpb1a/Irf1/H2-Aa/Cd86/Cd6/Gimap3/B2m/Tnf/Ptprj/Cd4/Tlr9/Klrk1/Cd27/Ctsc/Card11/H2-Ob/Vav1/Itgal/Il1rl1/Nr4a3/Cd74/Il2ra/Cd83/Ccl5/Il1a/H2-Oa/Cd40/H2-Eb1/Ccr2/Lilra5/Xcl1/Il1b/Pik3r6/Icos/Tyrobp/Nfkbid/Socs1/Aif1/Nlrp3/Cd226/Carmil2/Il2rg/Malt1/Cd160/H2-Ab1/Il12rb1/Il15ra/Cd200/Icosl/Ifng/Il12b/Lck/Plek/Ikzf1/Tbx21/Tox/Nckap1l/Inpp5d/Ccdc88b/Coro1a/Cd274/Vcam1/Cd3e/Rasal3/Fcho1/Cd5/Rasgrp1/Sirpb1b/Gpr65/Ptpn22/Runx3/Syk/Sirpa",94
"GO:0002699","positive regulation of immune effector process","84/650","302/25615",0.278145695364238,10.961079979623,28.0975003170749,5.46085514890202e-63,2.92337778971222e-60,2.92337778971222e-60,"H2-DMb2/Lacc1/Ptafr/Stap1/Ptprc/Dpp4/H2-DMb1/H2-Q6/Sash3/Ccl2/P2rx7/Pnp/H2-K1/Itgam/Ripk2/Clec7a/Il18r1/Irf1/Itgb2/Cd86/Laptm5/Irf5/Gimap3/B2m/Klrc1/Fgr/Tnf/Tlr9/C3/H2-Q4/Klrk1/H2-T23/H2-T22/Cd27/Sell/Il18rap/Fcer1g/Klrb1c/Rigi/Klre1/Vav1/Nr4a3/Cd74/Klrc2/Tap2/Plcg2/Cd40/Slamf6/Fcgr1/Scimp/Lag3/Ccr2/Klri2/Klrd1/Sectm1a/Xcl1/Il1b/Crtam/Tyrobp/Nfkbid/Fcgr3/Nlrp3/Cd226/Sh2d1a/Gab2/Tlr2/H2-M3/Malt1/Cd160/H2-D1/Ddx60/Rsad2/H2-T24/Ifng/Il12b/Tbx21/Dhx58/H2-Q7/Cadm1/H2-M2/Stxbp2/Rasgrp1/Ptpn22/Syk",84
"GO:0002449","lymphocyte mediated immunity","101/650","482/25615",0.20954356846473,8.25762847111395,25.9552777977923,7.7538621486228e-63,3.83160080328868e-60,3.83160080328868e-60,"Unc13d/Pirb/Ptprc/Il7r/H2-DMa/Was/Spn/Dpp4/Csf2rb2/H2-Q6/Sash3/P2rx7/Pnp/H2-K1/Tap1/Cd8a/Il18r1/Irf7/Gimap3/B2m/Klrc1/Tnf/C3/H2-Q4/Icam1/Klrk1/Clec2d/H2-T23/Ctsh/Fcgr4/H2-T22/Il18rap/Fcer1g/Ctsc/Klrb1c/Klre1/Nkg7/Vav1/Cd74/Cd2/Klrc2/C1qa/Tap2/Tigit/Slfn2/Cd40/Treml4/Csf2rb/C1qc/Slamf6/Fcgr1/Lag3/Ccr2/Klri2/Klrd1/Sectm1a/Xcl1/Il1b/Klrb1b/Pik3r6/Crtam/Tyrobp/Fcgr3/Fcgr2b/C1qb/Nlrp3/Cd226/C1rl/Myo1g/Il2rb/Sh2d1a/H2-M3/Malt1/Cd160/H2-D1/Rsad2/Icosl/C2/H2-T24/Prf1/Ifng/Cd96/Prkcd/Il12b/Tbx21/H2-Q7/Cadm1/Pdcd1/Nckap1l/Ptpn6/Serpinb9/Inpp5d/Coro1a/Cd274/Gzmb/H2-M2/Hcst/Calhm6/Rasgrp1/Rab27a/Gzmc",101
"GO:0002696","positive regulation of leukocyte activation","91/650","376/25615",0.242021276595745,9.5375,26.9102766823481,2.10032144367039e-62,9.63747496724185e-60,9.63747496724185e-60,"Rhoh/Irgm1/H2-DMb2/Stap1/Ptprc/Il7r/Pdcd1lg2/H2-DMa/Spn/Zap70/Il7/Dpp4/Clec4d/H2-DMb1/Sash3/Ccl2/Pnp/Ripk2/Nfatc2/Clec7a/Tnfsf13b/Sirpb1a/Irf1/H2-Aa/Cd86/Cd6/Gimap3/B2m/Tnf/Cd4/Tlr9/Klrk1/Cd27/Ctsc/Card11/H2-Ob/Vav1/Itgal/Il1rl1/Nr4a3/Cd74/Il2ra/Cd83/Ccl5/Il1a/H2-Oa/Cd40/H2-Eb1/Ccr2/Xcl1/Il1b/Pik3r6/Icos/Tyrobp/Nfkbid/Socs1/Aif1/Nlrp3/Cd226/Carmil2/Il2rg/Malt1/Cd160/H2-Ab1/Il12rb1/Il15ra/Cd200/Icosl/Ifng/Il12b/Lck/Ikzf1/Tbx21/Tox/Nckap1l/Inpp5d/Ccdc88b/Coro1a/Cd274/Vcam1/Cd3e/Rasal3/Fcho1/Cd5/Rasgrp1/Sirpb1b/Gpr65/Ptpn22/Runx3/Syk/Sirpa",91
"GO:1903039","positive regulation of leukocyte cell-cell adhesion","80/650","281/25615",0.284697508896797,11.2192718313715,27.7939853362181,7.40522246717135e-61,3.17140994194058e-58,3.17140994194058e-58,"Rhoh/Irgm1/H2-DMb2/Ptafr/Ptprc/Il7r/Pdcd1lg2/H2-DMa/Spn/Zap70/Il7/Dpp4/H2-DMb1/Sash3/Ccl2/Pnp/Ripk2/Tnfsf13b/Sirpb1a/Irf1/Itgb2/H2-Aa/Cd86/Cd6/Gimap3/B2m/Tnf/Cd4/Icam1/Cd27/Sell/Card11/H2-Ob/Vav1/Itgal/Nr4a3/Cd74/Il2ra/Cd83/Ccl5/Il1a/H2-Oa/H2-Eb1/Ccr2/Xcl1/Il1b/Pik3r6/Icos/Nfkbid/Socs1/Aif1/Nlrp3/Itga4/Carmil2/Il2rg/Malt1/Cd160/H2-Ab1/Il12rb1/Icosl/Ifng/Il12b/Lck/Ikzf1/Nckap1l/Ccdc88b/Coro1a/Cd274/Vcam1/Cd3e/Rasal3/Fcho1/Cd5/Rasgrp1/Sirpb1b/Gpr65/Ptpn22/Runx3/Syk/Sirpa",80
"GO:0009615","response to virus","95/650","443/25615",0.214446952595937,8.45085952422296,25.5257771136757,5.18388938787718e-60,2.08133158923269e-57,2.08133158923269e-57,"Ifi207/Unc13d/Samhd1/Irgm1/Gbp7/Aim2/Ptprc/Unc93b1/Fgl2/Slfn9/Znfx1/Ifi44/Trim25/Spn/Itgax/Zbp1/Oas1a/Apobec3/Cd8a/Casp1/Oas2/Irf1/Adar/Cd86/Ifit3b/Irf7/Irf5/Tnf/Stat1/Oasl2/Tlr9/Trim21/Gbp2/Irgm2/Rigi/Oas1g/Parp9/Tlr8/Wdfy4/Ccl5/Cxcl9/Cd40/Treml4/Oas1b/Il1b/Ifih1/Nlrc5/Stat2/Gbp2b/Oas3/Igtp/Dtx3l/Nlrp3/Ifit1/Ifit1bl1/Tgtp2/Trim30a/Acod1/Ifit2/Trim30d/Ikbke/Rtp4/Rnf135/Usp18/Eif2ak2/Il12rb1/Ddx60/Ifi27l2a/Rsad2/Mx1/Prf1/Ifng/Trim12c/Il12b/Trim34a/Tbx21/Apobec1/Dhx58/Ncr1/Mx2/Tgtp1/Gbp5/Ifit3/Traf3ip3/Tagap/Cxcl10/Tspan32/Mov10/Nmi/Rnase6/Irf2/Tlr3/Oasl1/Ptpn22/Gbp4",95
"GO:0051607","defense response to virus","86/650","349/25615",0.246418338108883,9.71077804716773,26.4381468933055,1.19332306911768e-59,4.46415582925664e-57,4.46415582925664e-57,"Ifi207/Unc13d/Samhd1/Irgm1/Gbp7/Aim2/Ptprc/Unc93b1/Fgl2/Slfn9/Znfx1/Trim25/Spn/Itgax/Zbp1/Oas1a/Apobec3/Cd8a/Casp1/Oas2/Irf1/Adar/Cd86/Ifit3b/Irf7/Irf5/Tnf/Stat1/Oasl2/Tlr9/Trim21/Gbp2/Irgm2/Rigi/Oas1g/Parp9/Tlr8/Ccl5/Cxcl9/Cd40/Treml4/Oas1b/Il1b/Ifih1/Nlrc5/Stat2/Gbp2b/Oas3/Igtp/Dtx3l/Nlrp3/Ifit1/Ifit1bl1/Trim30a/Acod1/Ifit2/Trim30d/Rtp4/Rnf135/Usp18/Eif2ak2/Il12rb1/Ddx60/Rsad2/Prf1/Ifng/Trim12c/Il12b/Trim34a/Apobec1/Dhx58/Ncr1/Mx2/Gbp5/Ifit3/Traf3ip3/Tagap/Cxcl10/Tspan32/Mov10/Rnase6/Irf2/Tlr3/Oasl1/Ptpn22/Gbp4",86
"GO:0002429","immune response-activating cell surface receptor signaling pathway","85/650","339/25615",0.250737463126844,9.880984796914,26.5605092799813,1.25085312774937e-59,4.46415582925664e-57,4.46415582925664e-57,"Lax1/Cd300a/Stap1/Ptprc/Nos2/Pdcd1lg2/Zap70/Oas1a/Cd53/Itgam/Ripk2/Cd8a/Nfatc2/Clec7a/Itk/Cd86/Fyb1/Laptm5/Lcp2/Klrc1/Cd22/Ptprj/Clec4n/C3ar1/Cd4/C3/Klrk1/Clec2d/Fcer1g/Card11/Klre1/Oas1g/Nr4a3/Fpr2/Klrc2/Lat/Ctla4/Nr1h3/Plcg2/Lpxn/Cd3d/Ifi35/Oas1b/Cmklr1/Scimp/Themis/Lag3/Klri2/Klrd1/Tnip3/Bcl2a1d/Pik3ap1/Tyrobp/Nfkbid/Cd226/Myo1g/Cd3g/Sh2d1a/Carmil2/Acod1/Tlr2/Themis2/Malt1/Cd160/Fpr1/Icosl/Ifng/Lck/Pdcd1/Nckap1l/Ptpn6/Prkch/Cd274/Tlr1/Cd3e/Nmi/Ubash3a/Cd72/Tnfaip3/Fcho1/Cd5/Ptpn22/Cd247/Cd14/Syk",85
"GO:0001909","leukocyte mediated cytotoxicity","68/650","190/25615",0.357894736842105,14.1038056680162,29.2531985728951,2.25321328559325e-59,7.61823270876371e-57,7.61823270876371e-57,"Unc13d/Stap1/Ptprc/Il7r/H2-Q6/Ccl2/P2rx7/Pnp/H2-K1/Itgam/Tap1/Gimap3/B2m/Klrc1/H2-Q4/Dnase1l3/Klrk1/Clec2d/H2-T23/Ctsh/Fcgr4/H2-T22/Sell/Il18rap/Ctsc/Klrb1c/Klre1/Nkg7/Vav1/Cd2/Klrc2/Tap2/Tigit/Slamf6/Fcgr1/Lag3/Klri2/Klrd1/Xcl1/Klrb1b/Pik3r6/Crtam/Tyrobp/Fcgr3/Fcgr2b/Ncf1/Cd226/Sh2d1a/H2-M3/Cd160/H2-D1/H2-T24/Prf1/Il12b/H2-Q7/Cadm1/Nckap1l/Ptpn6/Serpinb9/Inpp5d/Coro1a/Gzmb/H2-M2/Stxbp2/Hcst/Rasgrp1/Rab27a/Gzmc",68
"GO:0022409","positive regulation of cell-cell adhesion","83/650","338/25615",0.245562130177515,9.67703686845699,25.9117428108276,2.01544148852306e-57,6.47359806113608e-55,6.47359806113608e-55,"Rhoh/Irgm1/H2-DMb2/Ptafr/Ptprc/Il7r/Pdcd1lg2/H2-DMa/Spn/Zap70/Il7/Dpp4/H2-DMb1/Sash3/Ccl2/Pnp/Cx3cl1/Ripk2/Tnfsf13b/Sirpb1a/Irf1/Itgb2/H2-Aa/Cd86/Cd6/Gimap3/B2m/Tnf/Ccr5/Cd4/Icam1/Cd27/Sell/Card11/H2-Ob/Vav1/Itgal/Nr4a3/Cd74/Il2ra/Cd83/Ccl5/Il1a/H2-Oa/H2-Eb1/Ccr2/Xcl1/Il1b/Pik3r6/Icos/Nfkbid/Socs1/Aif1/Nlrp3/Itga4/Carmil2/Il2rg/Malt1/Cd160/H2-Ab1/Il12rb1/Icosl/Ifng/Il12b/Lck/Ikzf1/Nckap1l/Ccdc88b/Coro1a/Cd274/Vcam1/Cd3e/Rasal3/Fcho1/Cd5/Rasgrp1/Sirpb1b/Gpr65/F11r/Ptpn22/Runx3/Syk/Sirpa",83
"GO:0051251","positive regulation of lymphocyte activation","82/650","338/25615",0.242603550295858,9.56044606281293,25.5635743040257,2.84650265571117e-56,8.70758717156598e-54,8.70758717156598e-54,"Rhoh/Irgm1/H2-DMb2/Ptprc/Il7r/Pdcd1lg2/H2-DMa/Spn/Zap70/Il7/Dpp4/H2-DMb1/Sash3/Ccl2/Pnp/Ripk2/Nfatc2/Clec7a/Tnfsf13b/Sirpb1a/Irf1/H2-Aa/Cd86/Cd6/Gimap3/B2m/Cd4/Tlr9/Cd27/Card11/H2-Ob/Vav1/Itgal/Cd74/Il2ra/Cd83/Ccl5/Il1a/H2-Oa/Cd40/H2-Eb1/Ccr2/Xcl1/Il1b/Pik3r6/Icos/Tyrobp/Nfkbid/Socs1/Aif1/Nlrp3/Carmil2/Il2rg/Malt1/Cd160/H2-Ab1/Il12rb1/Il15ra/Icosl/Ifng/Il12b/Lck/Ikzf1/Tbx21/Tox/Nckap1l/Inpp5d/Ccdc88b/Coro1a/Cd274/Vcam1/Cd3e/Rasal3/Fcho1/Cd5/Rasgrp1/Sirpb1b/Gpr65/Ptpn22/Runx3/Syk/Sirpa",82
"GO:0050870","positive regulation of T cell activation","73/650","253/25615",0.288537549407115,11.3705989662511,26.7486548884297,5.43659651590654e-56,1.58748618264471e-53,1.58748618264471e-53,"Rhoh/Irgm1/H2-DMb2/Ptprc/Il7r/Pdcd1lg2/H2-DMa/Spn/Zap70/Il7/Dpp4/H2-DMb1/Sash3/Ccl2/Pnp/Ripk2/Tnfsf13b/Sirpb1a/Irf1/H2-Aa/Cd86/Cd6/Gimap3/B2m/Cd4/Cd27/Card11/H2-Ob/Vav1/Itgal/Cd74/Il2ra/Cd83/Ccl5/Il1a/H2-Oa/H2-Eb1/Ccr2/Xcl1/Il1b/Pik3r6/Icos/Nfkbid/Socs1/Aif1/Nlrp3/Carmil2/Il2rg/Malt1/Cd160/H2-Ab1/Il12rb1/Icosl/Ifng/Il12b/Lck/Ikzf1/Nckap1l/Ccdc88b/Coro1a/Cd274/Vcam1/Cd3e/Rasal3/Fcho1/Cd5/Rasgrp1/Sirpb1b/Gpr65/Ptpn22/Runx3/Syk/Sirpa",73
"GO:0030098","lymphocyte differentiation","92/650","474/25615",0.194092827004219,7.64875040571243,23.5758588315219,4.51172503934337e-54,1.26014441968443e-51,1.26014441968443e-51,"Bcl11b/Rhoh/Ptprc/Fgl2/Il7r/H2-DMa/Spn/Zap70/Il7/Dpp4/Clec4d/Sash3/Pnp/Ly9/Ripk2/Cd8a/Tnfsf13b/Itk/Il18r1/Irf1/H2-Aa/Laptm5/Gimap3/B2m/Ptprj/Ikzf3/Cd4/Tlr9/Hhex/Cd27/Fcer1g/Card11/Clec4e/Vav1/Cd74/Cfb/Il2ra/Cd83/Ctla4/Il1a/Plcg2/H2-Oa/Psap/Id2/Gpr18/Cd3d/Slamf6/Themis/Lag3/Ccr2/Cd69/Il1b/Pik3r6/Icos/Bcl2a1d/Crtam/Nfkbid/Igtp/Socs1/Nlrp3/Irf4/Slamf8/Tnfsf8/Irf8/Cd3g/Carmil2/Il2rg/Malt1/Dock10/Il12rb1/Il15ra/Rsad2/Sema4a/Ifng/Il12b/Lck/Ikzf1/Tbx21/Irf9/Tox/Nckap1l/Ptpn6/Inpp5d/Dock2/Cd3e/Prex1/Tnfaip3/Rasgrp1/Gpr65/Ptpn22/Runx3/Syk",92
"GO:0002758","innate immune response-activating signaling pathway","80/650","342/25615",0.233918128654971,9.21817363922627,24.6882077420452,1.43590560715636e-53,3.8434406751552e-51,3.8434406751552e-51,"Ifi207/Cd300a/Irgm1/Gsdmd/Tifa/Aim2/Lacc1/Unc93b1/Trim25/Slc15a3/Oas1a/P2rx7/Ripk2/Casp1/Clec7a/Irf1/Nod1/Cd86/Irf7/Irf5/Klrc1/Tnf/Clec4n/Tlr9/Gbp2/Klrk1/Cd300lf/Tlr11/Irgm2/Rigi/Klre1/Oas1g/Clec4e/Pld4/Tlr8/Klrc2/Nr1h3/Tlr12/Plcg2/Ifi35/Treml4/Oas1b/Tasl/Scimp/Klri2/Klrd1/Mefv/Ifih1/Tnip3/Pik3ap1/Casp4/Tyrobp/Oas3/Igtp/Nlrp3/Irf4/Smpdl3b/Mapkapk3/Trim30a/Acod1/Tlr2/Rnf135/Eif2ak2/Ddx60/Rsad2/Dhx58/Ptpn6/Gbp5/Tifab/Traf3ip3/Cd274/Tlr1/Nmi/Irf2/Tnfaip3/Tlr3/Oasl1/Ptpn22/Cd14/Syk",80
"GO:0002460","adaptive immune response based on somatic recombination of immune receptors built from immunoglobulin superfamily domains","93/650","496/25615",0.1875,7.38894230769231,23.1845263280876,2.77834387214067e-53,7.13923241385267e-51,7.13923241385267e-51,"Unc13d/Pirb/Ptprc/Il7r/H2-DMa/Was/Spn/Dpp4/Csf2rb2/H2-Q6/Sash3/P2rx7/Pnp/Ly9/H2-K1/Ripk2/Cd8a/Clec7a/Tnfsf13b/Il18r1/Irf1/Irf7/Gimap3/B2m/Tnf/Il18bp/Clec4n/C3ar1/Cd4/C3/H2-Q4/Icam1/H2-T23/Ctsh/Fcgr4/H2-T22/Cd27/Fcer1g/Ctsc/Il1rl1/Cd74/C1qa/Tap2/Slc11a1/Slfn2/Cd40/Treml4/Csf2rb/C1qc/Slamf6/Fcgr1/Lag3/Ccr2/Klrd1/Sectm1a/Cd69/Xcl1/Il1b/Nfkbid/Fcgr3/Fcgr2b/C1qb/Nlrp3/Irf4/Cd226/C1rl/Myo1g/Il2rb/H2-M3/Malt1/H2-D1/Il12rb1/Rsad2/Icosl/C2/Sema4a/H2-T24/Prf1/Ifng/Prkcd/Il12b/Tbx21/H2-Q7/Pdcd1/Nckap1l/Ptpn6/Serpinb9/Inpp5d/Cd274/Gzmb/H2-M2/Tnfaip3/Rab27a",93
"GO:0070661","leukocyte proliferation","81/650","363/25615",0.223140495867769,8.79345200254291,24.1304201069058,1.59479907168624e-52,3.9403804755817e-50,3.9403804755817e-50,"Cd300a/Lst1/Irgm1/H2-DMb2/Ptprc/Tarm1/Il7r/Pdcd1lg2/Spn/Zap70/Il7/Csf2rb2/H2-DMb1/Sash3/P2rx7/Pnp/Cx3cl1/Itgam/Ripk2/Nfatc2/Tnfsf13b/Irf1/Itgb2/H2-Aa/Cd86/Laptm5/Cd6/Rac2/Cd22/Ikzf3/Cd4/Tlr9/Hhex/Psmb10/Cd27/Card11/Cxcr4/Cd180/Vav1/Itgal/Cd74/Il2ra/Ccl5/Ctla4/Mcemp1/Il1a/Slc11a1/Slfn2/Cd40/Slfn1/Csf2rb/Slamf6/Ccr2/Xcl1/Il1b/Crtam/Tyrobp/Aif1/Zc3h12d/Carmil2/Malt1/Il12rb1/Icosl/Ifng/Prkcd/Il12b/Nckap1l/Ptpn6/Inpp5d/Ccdc88b/Coro1a/Cd274/Vcam1/Dock2/Csf2ra/Cd3e/Rasal3/Ido1/Rasgrp1/Ptpn22/Syk",81
"GO:0002706","regulation of lymphocyte mediated immunity","68/650","249/25615",0.273092369477912,10.7619400679642,24.9769504483644,2.1262895134774e-50,5.05899401280697e-48,5.05899401280697e-48,"Ptprc/Il7r/Was/Spn/Dpp4/H2-Q6/Sash3/P2rx7/Pnp/H2-K1/Tap1/Il18r1/Gimap3/B2m/Klrc1/Tnf/C3/H2-Q4/Klrk1/Clec2d/H2-T23/H2-T22/Il18rap/Fcer1g/Klrb1c/Klre1/Vav1/Klrc2/Tap2/Tigit/Cd40/Slamf6/Fcgr1/Lag3/Ccr2/Klri2/Klrd1/Sectm1a/Xcl1/Il1b/Klrb1b/Pik3r6/Crtam/Fcgr3/Nlrp3/Cd226/Sh2d1a/H2-M3/Malt1/Cd160/H2-D1/Rsad2/H2-T24/Ifng/Cd96/Il12b/Tbx21/H2-Q7/Cadm1/Pdcd1/Nckap1l/Ptpn6/Serpinb9/Inpp5d/Cd274/H2-M2/Calhm6/Rasgrp1",68
"GO:0046651","lymphocyte proliferation","75/650","322/25615",0.232919254658385,9.17881032011467,23.8312869437651,4.49733760491021e-50,1.03181774192654e-47,1.03181774192654e-47,"Cd300a/Lst1/Irgm1/H2-DMb2/Ptprc/Tarm1/Il7r/Pdcd1lg2/Spn/Zap70/Il7/H2-DMb1/Sash3/P2rx7/Pnp/Itgam/Ripk2/Nfatc2/Tnfsf13b/Irf1/Itgb2/H2-Aa/Cd86/Laptm5/Cd6/Rac2/Cd22/Ikzf3/Cd4/Tlr9/Psmb10/Cd27/Card11/Cxcr4/Cd180/Vav1/Itgal/Cd74/Il2ra/Ccl5/Ctla4/Il1a/Slc11a1/Slfn2/Cd40/Slfn1/Slamf6/Ccr2/Xcl1/Il1b/Crtam/Tyrobp/Aif1/Zc3h12d/Carmil2/Malt1/Il12rb1/Icosl/Ifng/Prkcd/Il12b/Nckap1l/Ptpn6/Inpp5d/Ccdc88b/Coro1a/Cd274/Vcam1/Dock2/Cd3e/Rasal3/Ido1/Rasgrp1/Ptpn22/Syk",75
"GO:0002705","positive regulation of leukocyte mediated immunity","62/650","199/25615",0.311557788944724,12.2777734827986,25.7706813163629,6.80303951137951e-50,1.50699054555524e-47,1.50699054555524e-47,"Ptafr/Stap1/Ptprc/Dpp4/H2-Q6/Sash3/Ccl2/P2rx7/Pnp/H2-K1/Itgam/Clec7a/Il18r1/Itgb2/Gimap3/B2m/Klrc1/Tnf/C3/H2-Q4/Klrk1/H2-T23/H2-T22/Sell/Il18rap/Fcer1g/Klrb1c/Rigi/Klre1/Vav1/Klrc2/Tap2/Plcg2/Cd40/Slamf6/Fcgr1/Scimp/Lag3/Klri2/Klrd1/Sectm1a/Xcl1/Il1b/Crtam/Tyrobp/Fcgr3/Nlrp3/Cd226/Sh2d1a/H2-M3/Malt1/Cd160/H2-D1/Rsad2/H2-T24/Ifng/Il12b/Tbx21/H2-Q7/Cadm1/H2-M2/Rasgrp1",62
"GO:0032943","mononuclear cell proliferation","75/650","327/25615",0.229357798165138,9.03846153846154,23.6058242164001,1.49098097944682e-49,3.19268727065546e-47,3.19268727065546e-47,"Cd300a/Lst1/Irgm1/H2-DMb2/Ptprc/Tarm1/Il7r/Pdcd1lg2/Spn/Zap70/Il7/H2-DMb1/Sash3/P2rx7/Pnp/Itgam/Ripk2/Nfatc2/Tnfsf13b/Irf1/Itgb2/H2-Aa/Cd86/Laptm5/Cd6/Rac2/Cd22/Ikzf3/Cd4/Tlr9/Psmb10/Cd27/Card11/Cxcr4/Cd180/Vav1/Itgal/Cd74/Il2ra/Ccl5/Ctla4/Il1a/Slc11a1/Slfn2/Cd40/Slfn1/Slamf6/Ccr2/Xcl1/Il1b/Crtam/Tyrobp/Aif1/Zc3h12d/Carmil2/Malt1/Il12rb1/Icosl/Ifng/Prkcd/Il12b/Nckap1l/Ptpn6/Inpp5d/Ccdc88b/Coro1a/Cd274/Vcam1/Dock2/Cd3e/Rasal3/Ido1/Rasgrp1/Ptpn22/Syk",75
"GO:0030217","T cell differentiation","75/650","352/25615",0.213068181818182,8.39652534965035,22.5468676970683,4.3119942598615e-47,8.93556487914524e-45,8.93556487914524e-45,"Bcl11b/Rhoh/Ptprc/Fgl2/Il7r/H2-DMa/Spn/Zap70/Il7/Clec4d/Sash3/Pnp/Ly9/Ripk2/Cd8a/Itk/Il18r1/Irf1/H2-Aa/Gimap3/B2m/Ikzf3/Cd4/Cd27/Fcer1g/Card11/Clec4e/Vav1/Cd74/Il2ra/Cd83/Ctla4/Il1a/H2-Oa/Psap/Gpr18/Cd3d/Slamf6/Themis/Lag3/Ccr2/Cd69/Il1b/Pik3r6/Icos/Bcl2a1d/Crtam/Nfkbid/Igtp/Socs1/Nlrp3/Irf4/Tnfsf8/Cd3g/Carmil2/Il2rg/Malt1/Il12rb1/Rsad2/Sema4a/Ifng/Il12b/Lck/Ikzf1/Tbx21/Tox/Nckap1l/Dock2/Cd3e/Prex1/Rasgrp1/Gpr65/Ptpn22/Runx3/Syk",75
"GO:0019882","antigen processing and presentation","52/650","139/25615",0.37410071942446,14.7424460431655,26.214128031135,1.03756981120053e-46,2.08292139598507e-44,2.08292139598507e-44,"H2-DMb2/Unc93b1/Mpeg1/Fgl2/H2-DMa/Was/H2-DMb1/H2-Q6/Tapbpl/Tapbp/Clec4a1/H2-K1/Tap1/Ctss/Nod1/H2-Aa/B2m/H2-Q4/Icam1/Rab8b/H2-T23/Fcgr4/Psme2/H2-T22/Fcer1g/Psmb8/Clec4a2/H2-Ob/Wdfy4/Psmb9/Cd74/Marchf1/Tap2/Clec4a3/H2-Oa/Psap/Slc11a1/Treml4/H2-Eb1/Fcgr1/Erap1/Psme1/Fcgr3/H2-M3/H2-Ab1/H2-D1/H2-T24/Ifng/H2-Q7/Cst7/H2-M2/Rab27a",52
"GO:0002221","pattern recognition receptor signaling pathway","72/650","332/25615",0.216867469879518,8.54624652455978,22.3313677789535,8.89136417200654e-46,1.73085222548394e-43,1.73085222548394e-43,"Ifi207/Cd300a/Irgm1/Gsdmd/Tifa/Aim2/Lacc1/Unc93b1/Trim25/Slc15a3/Oas1a/P2rx7/Ripk2/Casp1/Clec7a/Irf1/Nod1/Cd86/Irf7/Irf5/Tnf/Tlr9/Gbp2/Cd300lf/Tlr11/Irgm2/Rigi/Oas1g/Clec4e/Pld4/Tlr8/Nr1h3/Tlr12/Plcg2/Ifi35/Treml4/Oas1b/Tasl/Scimp/Mefv/Ifih1/Tnip3/Pik3ap1/Casp4/Oas3/Igtp/Nlrp3/Irf4/Smpdl3b/Mapkapk3/Trim30a/Acod1/Tlr2/Rnf135/Eif2ak2/Ddx60/Rsad2/Dhx58/Ptpn6/Gbp5/Tifab/Traf3ip3/Cd274/Tlr1/Nmi/Irf2/Tnfaip3/Tlr3/Oasl1/Ptpn22/Cd14/Syk",72
"GO:0002274","myeloid leukocyte activation","67/650","293/25615",0.228668941979522,9.01131530585456,22.254519843375,3.3345869917754e-44,6.30040789269563e-42,6.30040789269563e-42,"Ccl3/Cd300a/Unc13d/Rhoh/Irgm1/Pirb/Nampt/Ptafr/Stap1/Myo1f/Cd48/Clec4d/Cx3cl1/Itgam/Casp1/Itgb2/Lcp2/Gimap3/Fgr/Tnf/Rac2/Tlr9/Dnase1l3/Klrk1/Cd300lf/Fcgr4/Il18rap/Fcer1g/Ctsc/Cnr2/Il1rl1/Nr4a3/Fpr2/C1qa/Lat/Ccl5/Nr1h3/Cd84/Plcg2/Slc11a1/Ifi35/Ccr2/Tyrobp/Fcgr3/Aif1/Irf4/Cd226/Epsti1/Gab2/Tlr2/Tmem106a/Ubd/Cd200/Ifng/Prkcd/Batf2/Ptpn6/Cst7/Tlr1/Tspan32/Dock2/Clec12a/Nmi/Stxbp2/Tlr3/Rasgrp1/Syk",67
"GO:0031341","regulation of cell killing","52/650","154/25615",0.337662337662338,13.3064935064935,24.7164762347161,5.15429407205079e-44,9.46033860538694e-42,9.46033860538694e-42,"Stap1/Ptprc/Il7r/H2-Q6/Ccl2/P2rx7/Pnp/H2-K1/Itgam/Tap1/Gimap3/B2m/Klrc1/Ccr5/H2-Q4/Dnase1l3/Klrk1/Clec2d/H2-T23/H2-T22/Sell/Il18rap/Klrb1c/Klre1/Vav1/Klrc2/Tap2/Tigit/Slamf6/Lag3/Klri2/Klrd1/Xcl1/Klrb1b/Pik3r6/Crtam/Tyrobp/Cd226/Sh2d1a/H2-M3/Cd160/H2-D1/H2-T24/Prf1/Il12b/H2-Q7/Cadm1/Nckap1l/Serpinb9/Inpp5d/H2-M2/Rasgrp1",52
"GO:0001910","regulation of leukocyte mediated cytotoxicity","50/650","139/25615",0.359712230215827,14.1754288876591,25.132525799363,6.06655655621686e-44,1.08254331436492e-41,1.08254331436492e-41,"Stap1/Ptprc/Il7r/H2-Q6/Ccl2/P2rx7/Pnp/H2-K1/Itgam/Tap1/Gimap3/B2m/Klrc1/H2-Q4/Dnase1l3/Klrk1/Clec2d/H2-T23/H2-T22/Sell/Il18rap/Klrb1c/Klre1/Vav1/Klrc2/Tap2/Tigit/Slamf6/Lag3/Klri2/Klrd1/Xcl1/Klrb1b/Pik3r6/Crtam/Tyrobp/Cd226/Sh2d1a/H2-M3/Cd160/H2-D1/H2-T24/Il12b/H2-Q7/Cadm1/Nckap1l/Serpinb9/Inpp5d/H2-M2/Rasgrp1",50
"GO:0050727","regulation of inflammatory response","78/650","434/25615",0.179723502304147,7.08248847926267,20.6214532991603,3.11431616651969e-43,5.4071262307358e-41,5.4071262307358e-41,"Ccl3/Ifi207/Irgm1/Ccr1/Map3k8/Bst1/Gsdmd/Aim2/Lacc1/Stap1/Gpsm3/Spn/Pik3cg/Zbp1/Cx3cl1/Ctss/Casp1/Il10ra/Tnf/Ccr5/Tlr9/C3/Gbp2/Dnase1l3/Irgm2/Fcer1g/Ctsc/Nkg7/Il1rl1/Nr4a3/Fpr2/Pglyrp2/Il2ra/Ccl5/Nr1h3/Plcg2/Ifi35/Fcgr1/Ccr2/Lilra5/Mefv/Cd69/Xcl1/Il1b/Pik3ap1/Casp4/Gbp2b/Igtp/Fcgr3/Ncf1/Nlrp3/Slamf8/Smpdl3b/Casp12/Cd200r4/Acod1/Tlr2/Aoah/Usp18/Cd200/Ifng/Prkcd/Il12b/Tnfaip8l2/Hpse/Ptpn6/Gbp5/Ccl1/Cst7/Akna/Clec12a/Nmi/Ido1/Tnfaip3/Gbp3/Tlr3/Apoe/Sirpa",78
"GO:0046631","alpha-beta T cell activation","58/650","219/25615",0.264840182648402,10.4367404285212,22.6303360586544,3.13246379121569e-42,5.29551247230778e-40,5.29551247230778e-40,"Bcl11b/Cd300a/Irgm1/Ptprc/Tarm1/Spn/Zap70/Sash3/Pnp/Ly9/Clec4a1/Ripk2/Itk/Il18r1/Irf1/Gimap3/Clec2d/Clec4a2/Nkg7/Wdfy4/Cd83/Clec4a3/Psap/Gpr18/Slamf6/Ccr2/Cd69/Xcl1/Icos/Crtam/Nfkbid/Igtp/Socs1/Nlrp3/Irf4/Tnfsf8/H2-M3/Il2rg/Malt1/Cd160/Il12rb1/Rsad2/Sema4a/Ifng/Il12b/Lck/Ikzf1/Tbx21/Tox/Nckap1l/Cd274/Dock2/Cd3e/Rasal3/Gpr65/Ptpn22/Runx3/Syk",58
"GO:0002366","leukocyte activation involved in immune response","69/650","338/25615",0.20414201183432,8.04476558944014,21.0373837156004,4.77020563700287e-42,7.85738487489908e-40,7.85738487489908e-40,"Ccl3/Cd300a/Unc13d/H2-DMb2/Ptafr/Ptprc/Myo1f/Fgl2/Spn/Clec4d/H2-DMb1/Ly9/Itgam/Ripk2/Clec7a/Il18r1/Irf1/Itgb2/Fgr/Tnf/Rac2/Icam1/Dnase1l3/Fcgr4/Fcer1g/Cd180/Nkg7/Clec4e/Itgal/Nr4a3/Cd74/Lat/Cd84/Plcg2/Slc11a1/Slfn2/Cd40/Ifi35/Slamf6/Ccr2/Cd69/Tyrobp/Nfkbid/Nlrp3/Irf4/Irf8/Gab2/H2-M3/Malt1/Cd160/Dock10/Il12rb1/Icosl/Sema4a/Ifng/Il12b/Tbx21/Irf9/Nckap1l/Ptpn6/Coro1a/Dock2/Nmi/Stxbp2/Tnfaip3/Rasgrp1/Lcp1/Rab27a/Syk",69
"GO:0070663","regulation of leukocyte proliferation","63/650","274/25615",0.22992700729927,9.06089275687816,21.6459248313458,9.51351494108168e-42,1.52787049953772e-39,1.52787049953772e-39,"Cd300a/Lst1/Irgm1/H2-DMb2/Ptprc/Tarm1/Pdcd1lg2/Spn/Zap70/Il7/Csf2rb2/H2-DMb1/Sash3/Pnp/Ripk2/Nfatc2/Tnfsf13b/Irf1/H2-Aa/Cd86/Laptm5/Cd6/Rac2/Cd22/Ikzf3/Cd4/Tlr9/Hhex/Card11/Itgal/Cd74/Il2ra/Ccl5/Ctla4/Il1a/Cd40/Slfn1/Csf2rb/Ccr2/Xcl1/Il1b/Crtam/Tyrobp/Aif1/Zc3h12d/Carmil2/Il12rb1/Icosl/Ifng/Il12b/Nckap1l/Ptpn6/Inpp5d/Ccdc88b/Coro1a/Cd274/Vcam1/Csf2ra/Cd3e/Rasal3/Ido1/Ptpn22/Syk",63
"GO:0002263","cell activation involved in immune response","69/650","342/25615",0.201754385964912,7.95067476383266,20.880515556136,1.07691251252944e-41,1.68733804402173e-39,1.68733804402173e-39,"Ccl3/Cd300a/Unc13d/H2-DMb2/Ptafr/Ptprc/Myo1f/Fgl2/Spn/Clec4d/H2-DMb1/Ly9/Itgam/Ripk2/Clec7a/Il18r1/Irf1/Itgb2/Fgr/Tnf/Rac2/Icam1/Dnase1l3/Fcgr4/Fcer1g/Cd180/Nkg7/Clec4e/Itgal/Nr4a3/Cd74/Lat/Cd84/Plcg2/Slc11a1/Slfn2/Cd40/Ifi35/Slamf6/Ccr2/Cd69/Tyrobp/Nfkbid/Nlrp3/Irf4/Irf8/Gab2/H2-M3/Malt1/Cd160/Dock10/Il12rb1/Icosl/Sema4a/Ifng/Il12b/Tbx21/Irf9/Nckap1l/Ptpn6/Coro1a/Dock2/Nmi/Stxbp2/Tnfaip3/Rasgrp1/Lcp1/Rab27a/Syk",69
"GO:0050900","leukocyte migration","74/650","412/25615",0.179611650485437,7.07808065720687,20.0686677490562,5.28266776232035e-41,8.07996612027284e-39,8.07996612027284e-39,"Ccl3/Cd300a/Ccr1/Bst1/Ptafr/Tnfrsf18/Stap1/Csf3r/Ccl22/Gpsm3/Spn/Dpp4/Ccl2/Cx3cl1/Itgam/Sirpb1a/Itgb2/Tnf/Rac2/Ptprj/C3ar1/C3/Icam1/Klrk1/Sell/Fcer1g/Cnr2/Vav1/Itgal/Cd74/Fpr2/Ccl5/Il1a/Cxcl9/Gpr18/Cmklr1/Ccr2/Cd69/Cxcr3/Xcl1/Il1b/Crtam/Fcgr3/Slit2/Aif1/Slamf8/Myo1g/Ccl4/Itga4/Slamf9/Tlr2/Cd200/Ifng/Cyp7b1/Tbx21/Cadm1/Sirpb1c/Nckap1l/Selplg/Ccl1/Cxcl10/Coro1a/Vcam1/Trpm2/Prex1/Gpr35/Jaml/Sirpb1b/Cxcl16/P2rx4/F11r/Ptpn22/Syk/Sirpa",74
"GO:0002819","regulation of adaptive immune response","61/650","262/25615",0.232824427480916,9.17507339988256,21.4613592199567,8.74496914606967e-41,1.30645771614771e-38,1.30645771614771e-38,"Ptprc/Il7r/H2-DMa/Was/Spn/Dpp4/H2-Q6/Sash3/P2rx7/Pnp/H2-K1/Ripk2/Clec7a/Tnfsf13b/Il18r1/Irf1/Irf7/Gimap3/B2m/Tnf/Clec4n/Cd4/C3/H2-Q4/H2-T23/H2-T22/Fcer1g/Il1rl1/Cd74/Tap2/Slc11a1/Cd40/Fcgr1/Lag3/Ccr2/Klrd1/Sectm1a/Cd69/Xcl1/Il1b/Nfkbid/Fcgr3/Nlrp3/Cd226/H2-M3/Malt1/Cd160/H2-D1/Il12rb1/Rsad2/H2-T24/Ifng/Il12b/Tbx21/H2-Q7/Pdcd1/Nckap1l/Ptpn6/Cd274/H2-M2/Tnfaip3",61
"GO:0042098","T cell proliferation","58/650","234/25615",0.247863247863248,9.76771860618014,21.7405117564052,1.85380825717705e-40,2.70656005547849e-38,2.70656005547849e-38,"Irgm1/H2-DMb2/Ptprc/Tarm1/Pdcd1lg2/Spn/Zap70/H2-DMb1/Sash3/P2rx7/Pnp/Itgam/Ripk2/Tnfsf13b/Irf1/Itgb2/H2-Aa/Cd86/Laptm5/Cd6/Rac2/Cd4/Psmb10/Card11/Cxcr4/Itgal/Il2ra/Ccl5/Ctla4/Il1a/Slc11a1/Slfn2/Slfn1/Ccr2/Xcl1/Il1b/Crtam/Aif1/Zc3h12d/Carmil2/Malt1/Il12rb1/Icosl/Ifng/Il12b/Nckap1l/Ptpn6/Ccdc88b/Coro1a/Cd274/Vcam1/Dock2/Cd3e/Rasal3/Ido1/Rasgrp1/Ptpn22/Syk",58
"GO:0035456","response to interferon-beta","38/650","77/25615",0.493506493506494,19.4479520479521,26.1595144103072,4.31437603270045e-40,6.15901147423726e-38,6.15901147423726e-38,"Ifi207/Irgm1/Gbp7/Aim2/Ifi206/Oas1a/Xaf1/9930111J21Rik1/Irf1/Ifi214/Stat1/Gbp2/Irgm2/Ifi47/Oas1g/Ifi204/Ifi213/Ifi205/Gm12185/Oas1b/Iigp1/Ifi203/Gm5431/Ifi211/Igtp/Gbp6/Ifit1/Tgtp2/Acod1/Ikbke/Iigp1c/Ifi209/Tgtp1/Ifit3/Traf3ip3/Ifi208/Mndal/Gbp3",38
"GO:0002708","positive regulation of lymphocyte mediated immunity","51/650","172/25615",0.296511627906977,11.6848389982111,22.6870298625917,6.00803813544444e-40,8.39035586567285e-38,8.39035586567285e-38,"Ptprc/Dpp4/H2-Q6/Sash3/P2rx7/Pnp/H2-K1/Il18r1/Gimap3/B2m/Klrc1/Tnf/C3/H2-Q4/Klrk1/H2-T23/H2-T22/Il18rap/Fcer1g/Klrb1c/Klre1/Vav1/Klrc2/Tap2/Cd40/Slamf6/Fcgr1/Lag3/Klri2/Klrd1/Sectm1a/Xcl1/Il1b/Crtam/Fcgr3/Nlrp3/Cd226/Sh2d1a/H2-M3/Malt1/Cd160/H2-D1/Rsad2/H2-T24/Ifng/Il12b/Tbx21/H2-Q7/Cadm1/H2-M2/Rasgrp1",51
"GO:0050670","regulation of lymphocyte proliferation","59/650","249/25615",0.236947791164659,9.3375656472042,21.3325386737018,6.17299493217789e-40,8.43730200942783e-38,8.43730200942783e-38,"Cd300a/Lst1/Irgm1/H2-DMb2/Ptprc/Tarm1/Pdcd1lg2/Spn/Zap70/Il7/H2-DMb1/Sash3/Pnp/Ripk2/Nfatc2/Tnfsf13b/Irf1/H2-Aa/Cd86/Laptm5/Cd6/Rac2/Cd22/Ikzf3/Cd4/Tlr9/Card11/Itgal/Cd74/Il2ra/Ccl5/Ctla4/Il1a/Cd40/Slfn1/Ccr2/Xcl1/Il1b/Crtam/Tyrobp/Aif1/Zc3h12d/Carmil2/Il12rb1/Icosl/Ifng/Il12b/Nckap1l/Ptpn6/Inpp5d/Ccdc88b/Coro1a/Cd274/Vcam1/Cd3e/Rasal3/Ido1/Ptpn22/Syk",59
"GO:0035458","cellular response to interferon-beta","36/650","67/25615",0.537313432835821,21.1742824339839,26.6800500440572,7.92660986622321e-40,1.06084462042954e-37,1.06084462042954e-37,"Ifi207/Irgm1/Gbp7/Aim2/Ifi206/Oas1a/9930111J21Rik1/Irf1/Ifi214/Stat1/Gbp2/Irgm2/Ifi47/Oas1g/Ifi204/Ifi213/Ifi205/Gm12185/Oas1b/Iigp1/Ifi203/Gm5431/Ifi211/Igtp/Gbp6/Ifit1/Tgtp2/Acod1/Iigp1c/Ifi209/Tgtp1/Ifit3/Traf3ip3/Ifi208/Mndal/Gbp3",36
"GO:0002228","natural killer cell mediated immunity","42/650","103/25615",0.407766990291262,16.0691560866318,24.7266274961334,8.54930244301006e-40,1.12083099783462e-37,1.12083099783462e-37,"Unc13d/Dpp4/Tap1/Gimap3/Klrc1/Klrk1/Clec2d/Fcgr4/Il18rap/Klrb1c/Klre1/Nkg7/Vav1/Cd2/Klrc2/Tap2/Tigit/Slamf6/Lag3/Klri2/Klrd1/Klrb1b/Pik3r6/Crtam/Tyrobp/Cd226/Sh2d1a/H2-M3/Cd160/Cd96/Il12b/Cadm1/Ptpn6/Serpinb9/Inpp5d/Coro1a/Gzmb/Hcst/Calhm6/Rasgrp1/Rab27a/Gzmc",42
"GO:0032944","regulation of mononuclear cell proliferation","59/650","252/25615",0.234126984126984,9.22640415140415,21.1757888199178,1.2866636641249e-39,1.65310547566767e-37,1.65310547566767e-37,"Cd300a/Lst1/Irgm1/H2-DMb2/Ptprc/Tarm1/Pdcd1lg2/Spn/Zap70/Il7/H2-DMb1/Sash3/Pnp/Ripk2/Nfatc2/Tnfsf13b/Irf1/H2-Aa/Cd86/Laptm5/Cd6/Rac2/Cd22/Ikzf3/Cd4/Tlr9/Card11/Itgal/Cd74/Il2ra/Ccl5/Ctla4/Il1a/Cd40/Slfn1/Ccr2/Xcl1/Il1b/Crtam/Tyrobp/Aif1/Zc3h12d/Carmil2/Il12rb1/Icosl/Ifng/Il12b/Nckap1l/Ptpn6/Inpp5d/Ccdc88b/Coro1a/Cd274/Vcam1/Cd3e/Rasal3/Ido1/Ptpn22/Syk",59
"GO:0031343","positive regulation of cell killing","42/650","104/25615",0.403846153846154,15.9146449704142,24.5920902420361,1.40072355886498e-39,1.76436238081346e-37,1.76436238081346e-37,"Stap1/Ptprc/H2-Q6/Ccl2/P2rx7/Pnp/H2-K1/Itgam/Gimap3/B2m/Klrc1/Ccr5/H2-Q4/Klrk1/H2-T23/H2-T22/Sell/Il18rap/Klrb1c/Klre1/Vav1/Klrc2/Tap2/Slamf6/Lag3/Klri2/Klrd1/Xcl1/Crtam/Tyrobp/Cd226/Sh2d1a/H2-M3/Cd160/H2-D1/H2-T24/Prf1/Il12b/H2-Q7/Cadm1/H2-M2/Rasgrp1",42
"GO:0034341","response to type II interferon","48/650","150/25615",0.32,12.6104615384615,23.0119207193322,2.01080031726493e-39,2.4841117765596e-37,2.4841117765596e-37,"Irgm1/Gbp7/Gbp8/Nos2/Was/Ccl2/Casp1/Irf1/Gbp9/Tnf/Stat1/Kynu/Trim21/Gbp2/Irgm2/Parp14/Parp9/Cd74/Ccl5/Slc11a1/Mefv/Nlrc5/Gbp2b/Igtp/Gbp6/Ciita/Aif1/Epsti1/Irf8/Fasl/Acod1/Tlr2/Il12rb1/Ubd/Gbp10/Cd200/Ifng/Il12b/H2-Q7/Tgtp1/Gbp5/Gimap6/Stxbp2/Gbp3/Cxcl16/Sp100/Gbp4/Sirpa",48
"GO:0002822","regulation of adaptive immune response based on somatic recombination of immune receptors built from immunoglobulin superfamily domains","58/650","247/25615",0.234817813765182,9.25362815322329,21.0319653092062,4.92176876535394e-39,5.96555519785541e-37,5.96555519785541e-37,"Ptprc/Il7r/H2-DMa/Was/Spn/Dpp4/H2-Q6/Sash3/P2rx7/Pnp/H2-K1/Ripk2/Clec7a/Tnfsf13b/Il18r1/Irf1/Gimap3/B2m/Tnf/Clec4n/Cd4/C3/H2-Q4/H2-T23/H2-T22/Fcer1g/Il1rl1/Tap2/Slc11a1/Cd40/Fcgr1/Lag3/Ccr2/Klrd1/Sectm1a/Cd69/Xcl1/Il1b/Nfkbid/Fcgr3/Nlrp3/Cd226/H2-M3/Malt1/H2-D1/Il12rb1/Rsad2/H2-T24/Ifng/Il12b/Tbx21/H2-Q7/Pdcd1/Nckap1l/Ptpn6/Cd274/H2-M2/Tnfaip3",58
"GO:0071706","tumor necrosis factor superfamily cytokine production","53/650","202/25615",0.262376237623762,10.3396420411272,21.5034203013847,1.99893626958575e-38,2.33475756287616e-36,2.33475756287616e-36,"Ccl3/Ptafr/Ptprc/Spn/Oas1a/Sash3/Ccl2/Cybb/Cx3cl1/Clec4a1/Ripk2/Clec7a/Oas2/Sirpb1a/Nod1/Ccr5/Ptprj/Tlr9/Fcer1g/Clec4a2/Rigi/Oas1g/Cd2/Clec4a3/Cd84/Il1a/Plcg2/Gpr18/Oas1b/Fcgr1/Ccr2/Lilra5/Ifih1/Tyrobp/Oas3/Fcgr3/Fcgr2b/Ccl4/Trim30a/Tlr2/Ifng/Il12b/Sirpb1c/Ptpn6/Cd274/Tlr1/Tnfaip3/Tlr3/Sirpb1b/Ptpn22/Cd14/Syk/Sirpa",53
"GO:1903555","regulation of tumor necrosis factor superfamily cytokine production","53/650","202/25615",0.262376237623762,10.3396420411272,21.5034203013847,1.99893626958575e-38,2.33475756287616e-36,2.33475756287616e-36,"Ccl3/Ptafr/Ptprc/Spn/Oas1a/Sash3/Ccl2/Cybb/Cx3cl1/Clec4a1/Ripk2/Clec7a/Oas2/Sirpb1a/Nod1/Ccr5/Ptprj/Tlr9/Fcer1g/Clec4a2/Rigi/Oas1g/Cd2/Clec4a3/Cd84/Il1a/Plcg2/Gpr18/Oas1b/Fcgr1/Ccr2/Lilra5/Ifih1/Tyrobp/Oas3/Fcgr3/Fcgr2b/Ccl4/Trim30a/Tlr2/Ifng/Il12b/Sirpb1c/Ptpn6/Cd274/Tlr1/Tnfaip3/Tlr3/Sirpb1b/Ptpn22/Cd14/Syk/Sirpa",53
"GO:0002237","response to molecule of bacterial origin","74/650","459/25615",0.161220043572985,6.35330987095693,18.6740074731125,1.14493169437338e-37,1.31340021511689e-35,1.31340021511689e-35,"Irgm1/Ptafr/Stap1/Nos2/Pdcd1lg2/Ccl2/P2rx7/Cx3cl1/Ripk2/Casp1/Ly86/Cd86/Cd6/Irf5/B2m/Tnf/Stat1/Ccr5/Abca1/Tlr9/Gbp2/Klrk1/Fcgr4/Irgm2/Cd180/Cnr2/Tap2/Nr1h3/Cd84/Il1a/Plcg2/Cxcl9/Slc11a1/Scimp/Il1b/Tnip3/Casp4/Gbp2b/Igtp/Gbp6/Nlrp3/Mapkapk3/Epsti1/Irf8/Trim30a/Fasl/Acod1/Tlr2/Ncf2/Trim30d/H2-M3/Malt1/Eif2ak2/Gbp10/Cd200/Cmpk2/Ifng/Cd96/Trim12c/Il12b/Ptpn6/Gbp5/Tifab/Cxcl10/Cd274/Tlr1/Casp7/Ido1/Tnfaip3/Gbp3/Cxcl16/Ptpn22/Cd14/Sirpa",74
"GO:0032640","tumor necrosis factor production","52/650","199/25615",0.261306532663317,10.2974874371859,21.2455575696798,1.28294060816572e-37,1.42096732187183e-35,1.42096732187183e-35,"Ccl3/Ptafr/Ptprc/Spn/Oas1a/Sash3/Ccl2/Cybb/Cx3cl1/Clec4a1/Ripk2/Clec7a/Oas2/Sirpb1a/Nod1/Ccr5/Ptprj/Tlr9/Fcer1g/Clec4a2/Rigi/Oas1g/Cd2/Clec4a3/Cd84/Il1a/Plcg2/Gpr18/Oas1b/Fcgr1/Ccr2/Lilra5/Ifih1/Tyrobp/Oas3/Fcgr3/Fcgr2b/Ccl4/Trim30a/Tlr2/Ifng/Il12b/Sirpb1c/Ptpn6/Tlr1/Tnfaip3/Tlr3/Sirpb1b/Ptpn22/Cd14/Syk/Sirpa",52
"GO:0032680","regulation of tumor necrosis factor production","52/650","199/25615",0.261306532663317,10.2974874371859,21.2455575696798,1.28294060816572e-37,1.42096732187183e-35,1.42096732187183e-35,"Ccl3/Ptafr/Ptprc/Spn/Oas1a/Sash3/Ccl2/Cybb/Cx3cl1/Clec4a1/Ripk2/Clec7a/Oas2/Sirpb1a/Nod1/Ccr5/Ptprj/Tlr9/Fcer1g/Clec4a2/Rigi/Oas1g/Cd2/Clec4a3/Cd84/Il1a/Plcg2/Gpr18/Oas1b/Fcgr1/Ccr2/Lilra5/Ifih1/Tyrobp/Oas3/Fcgr3/Fcgr2b/Ccl4/Trim30a/Tlr2/Ifng/Il12b/Sirpb1c/Ptpn6/Tlr1/Tnfaip3/Tlr3/Sirpb1b/Ptpn22/Cd14/Syk/Sirpa",52
"GO:0001912","positive regulation of leukocyte mediated cytotoxicity","40/650","100/25615",0.4,15.7630769230769,23.8675967684773,1.52117482556389e-37,1.65627577617329e-35,1.65627577617329e-35,"Stap1/Ptprc/H2-Q6/Ccl2/P2rx7/Pnp/H2-K1/Itgam/Gimap3/B2m/Klrc1/H2-Q4/Klrk1/H2-T23/H2-T22/Sell/Il18rap/Klrb1c/Klre1/Vav1/Klrc2/Tap2/Slamf6/Lag3/Klri2/Klrd1/Xcl1/Crtam/Tyrobp/Cd226/Sh2d1a/H2-M3/Cd160/H2-D1/H2-T24/Il12b/H2-Q7/Cadm1/H2-M2/Rasgrp1",40
"GO:1902105","regulation of leukocyte differentiation","66/650","357/25615",0.184873949579832,7.28545572074984,19.2974975993332,2.02616506897631e-37,2.1693474005173e-35,2.1693474005173e-35,"Ccl3/Rhoh/Gpr55/Ccr1/Ptprc/Fgl2/Il7r/H2-DMa/Zap70/Il7/Sash3/Pnp/Itgam/Ripk2/Irf1/H2-Aa/Gimap3/Tnf/Ikzf3/Cd4/Tlr9/Clec2d/Cd27/Card11/Cd74/Pilrb1/Il2ra/Cd83/Ccl5/Ctla4/H2-Oa/Id2/Rassf2/C1qc/Lag3/Ccr2/Cd69/Pik3r6/Crtam/Tyrobp/Nfkbid/Socs1/Nlrp3/Slamf8/Carmil2/Il2rg/Malt1/Il15ra/Ifng/Il12b/Lck/Ikzf1/Tbx21/Tox/Nckap1l/Ptpn6/Inpp5d/Gpr68/Clec12a/Inpp4b/Rasgrp1/Hcls1/Tnfrsf11b/Gpr65/Runx3/Syk",66
"GO:0050851","antigen receptor-mediated signaling pathway","53/650","212/25615",0.25,9.85192307692308,20.8829886930998,3.02588614372328e-37,3.18660534217678e-35,3.18660534217678e-35,"Lax1/Cd300a/Stap1/Ptprc/Pdcd1lg2/Zap70/Cd53/Ripk2/Cd8a/Nfatc2/Itk/Cd86/Fyb1/Laptm5/Lcp2/Cd22/Ptprj/Cd4/Clec2d/Fcer1g/Card11/Lat/Ctla4/Plcg2/Lpxn/Cd3d/Themis/Lag3/Bcl2a1d/Nfkbid/Cd226/Cd3g/Sh2d1a/Carmil2/Themis2/Malt1/Cd160/Icosl/Ifng/Lck/Pdcd1/Nckap1l/Ptpn6/Prkch/Cd274/Cd3e/Ubash3a/Cd72/Fcho1/Cd5/Ptpn22/Cd247/Syk",53
"GO:0071219","cellular response to molecule of bacterial origin","62/650","319/25615",0.19435736677116,7.65917530745117,19.3116534388043,1.63135900467624e-36,1.69029842678068e-34,1.69029842678068e-34,"Irgm1/Ptafr/Stap1/Nos2/Pdcd1lg2/Ccl2/Cx3cl1/Ripk2/Casp1/Ly86/Cd86/Cd6/Irf5/B2m/Tnf/Stat1/Ccr5/Abca1/Tlr9/Gbp2/Klrk1/Fcgr4/Irgm2/Cd180/Nr1h3/Cd84/Il1a/Plcg2/Cxcl9/Scimp/Il1b/Tnip3/Gbp2b/Igtp/Gbp6/Nlrp3/Epsti1/Irf8/Trim30a/Acod1/Tlr2/Trim30d/Malt1/Gbp10/Cd200/Cmpk2/Ifng/Trim12c/Il12b/Ptpn6/Gbp5/Tifab/Cxcl10/Cd274/Tlr1/Casp7/Tnfaip3/Gbp3/Cxcl16/Ptpn22/Cd14/Sirpa",62
"GO:0071216","cellular response to biotic stimulus","64/650","347/25615",0.184438040345821,7.26827754378187,18.9695538494631,3.07808373422024e-36,3.13866823946521e-34,3.13866823946521e-34,"Irgm1/Ptafr/Stap1/Nos2/Pdcd1lg2/Ccl2/Cx3cl1/Ripk2/Casp1/Clec7a/Ly86/Cd86/Cd6/Irf5/B2m/Tnf/Stat1/Ccr5/Abca1/Tlr9/Gbp2/Klrk1/Fcgr4/Irgm2/Cd180/Nr1h3/Cd84/Il1a/Plcg2/Cxcl9/Scimp/Il1b/Tnip3/Gbp2b/Igtp/Gbp6/Nlrp3/Epsti1/Irf8/Trim30a/Acod1/Tlr2/Trim30d/Malt1/Gbp10/Cd200/Cmpk2/Ifng/Trim12c/Il12b/Ptpn6/Gbp5/Tifab/Cxcl10/Cd274/Tlr1/Casp7/Tnfaip3/Gbp3/Cxcl16/Ptpn22/Cd14/Syk/Sirpa",64
"GO:0002456","T cell mediated immunity","47/650","164/25615",0.286585365853659,11.2936679174484,21.3387633814198,4.001153597838e-36,4.0161579238299e-34,4.0161579238299e-34,"Ptprc/Il7r/Was/Spn/Dpp4/H2-Q6/Sash3/P2rx7/Pnp/H2-K1/Cd8a/Il18r1/B2m/H2-Q4/Icam1/H2-T23/Ctsh/H2-T22/Ctsc/Tap2/Slfn2/Treml4/Lag3/Ccr2/Klrd1/Sectm1a/Xcl1/Il1b/Nlrp3/Myo1g/H2-M3/Malt1/H2-D1/Rsad2/H2-T24/Prf1/Ifng/Il12b/Tbx21/H2-Q7/Pdcd1/Nckap1l/Serpinb9/Cd274/Gzmb/H2-M2/Rab27a",47
"GO:1903706","regulation of hemopoiesis","71/650","443/25615",0.160270880361174,6.3159055391561,18.2116733658328,5.55718630154896e-36,5.49220996940778e-34,5.49220996940778e-34,"Ccl3/Rhoh/Irgm1/Gpr55/Ccr1/Csf3r/Ptprc/Fgl2/Il7r/H2-DMa/Zap70/Il7/Sash3/Pnp/Itgam/Ripk2/Irf1/H2-Aa/Gimap3/B2m/Tnf/Stat1/Ikzf3/Cd4/Tlr9/Clec2d/Cd27/Card11/Cd74/Pilrb1/Il2ra/Cd83/Ccl5/Ctla4/H2-Oa/Id2/Rassf2/C1qc/Lag3/Ccr2/Cd69/Pik3r6/Crtam/Tyrobp/Nfkbid/Socs1/Nlrp3/Slamf8/Carmil2/Il2rg/Malt1/Il15ra/Ifng/Il12b/Lck/Ikzf1/Tbx21/Tox/Nckap1l/Ptpn6/Inpp5d/Gpr68/Clec12a/Inpp4b/Rasgrp1/Hcls1/Tnfrsf11b/Gpr65/Runx3/Gpr171/Syk",71
"GO:0042742","defense response to bacterium","71/650","444/25615",0.15990990990991,6.30168052668053,18.183789700568,6.46526257553157e-36,6.29285557351739e-34,6.29285557351739e-34,"Irgm1/Gsdmd/Gbp7/Gbp8/Nos2/Myo1f/Mpeg1/Il7r/Znfx1/Spn/Oas1a/Clec4d/P2rx7/H2-K1/Ripk2/Casp1/Oas2/Nod1/Gbp9/B2m/Fgr/Tnf/Cd4/Tlr9/Gbp2/Klrk1/Irgm2/Fcer1g/Oas1g/Clec4e/Fpr2/Pglyrp2/Naip2/Rnf213/Slc11a1/Oas1b/Fcgr1/Iigp1/Il1b/Casp4/Gbp2b/Oas3/Igtp/Gbp6/Ncf1/Nlrp3/Slamf8/Tnfsf8/Irf8/Slamf9/Tlr2/H2-M3/Cd160/Gbp10/Ifng/Prkcd/Il12b/Gbp5/Serpinb9/Gimap6/Lyz2/Gzmb/Plac8/Rnase6/Hck/Casp7/Gbp3/Naip5/Slc30a1/Gbp4/Syk",71
"GO:0042267","natural killer cell mediated cytotoxicity","38/650","97/25615",0.391752577319588,15.4380650277557,22.9879974247389,2.62169748244604e-35,2.51369919809453e-33,2.51369919809453e-33,"Unc13d/Tap1/Gimap3/Klrc1/Klrk1/Clec2d/Fcgr4/Il18rap/Klrb1c/Klre1/Nkg7/Vav1/Cd2/Klrc2/Tap2/Tigit/Slamf6/Lag3/Klri2/Klrd1/Klrb1b/Pik3r6/Crtam/Cd226/Sh2d1a/H2-M3/Cd160/Il12b/Cadm1/Ptpn6/Serpinb9/Inpp5d/Coro1a/Gzmb/Hcst/Rasgrp1/Rab27a/Gzmc",38
"GO:0071222","cellular response to lipopolysaccharide","60/650","311/25615",0.192926045016077,7.60277022013356,18.9034635683548,3.62789823960343e-35,3.42729680753124e-33,3.42729680753124e-33,"Irgm1/Ptafr/Stap1/Nos2/Pdcd1lg2/Ccl2/Cx3cl1/Ripk2/Casp1/Ly86/Cd86/Cd6/B2m/Tnf/Stat1/Ccr5/Abca1/Tlr9/Gbp2/Klrk1/Fcgr4/Irgm2/Cd180/Nr1h3/Cd84/Il1a/Plcg2/Cxcl9/Scimp/Il1b/Tnip3/Gbp2b/Igtp/Gbp6/Nlrp3/Epsti1/Irf8/Trim30a/Acod1/Trim30d/Malt1/Gbp10/Cd200/Cmpk2/Ifng/Trim12c/Il12b/Ptpn6/Gbp5/Tifab/Cxcl10/Cd274/Tlr1/Casp7/Tnfaip3/Gbp3/Cxcl16/Ptpn22/Cd14/Sirpa",60
"GO:0032496","response to lipopolysaccharide","70/650","443/25615",0.158013544018059,6.22694912311165,17.906919043006,4.49676965923844e-35,4.18655772332576e-33,4.18655772332576e-33,"Irgm1/Ptafr/Stap1/Nos2/Pdcd1lg2/Ccl2/P2rx7/Cx3cl1/Ripk2/Casp1/Ly86/Cd86/Cd6/B2m/Tnf/Stat1/Ccr5/Abca1/Tlr9/Gbp2/Klrk1/Fcgr4/Irgm2/Cd180/Cnr2/Nr1h3/Cd84/Il1a/Plcg2/Cxcl9/Slc11a1/Scimp/Il1b/Tnip3/Casp4/Gbp2b/Igtp/Gbp6/Nlrp3/Mapkapk3/Epsti1/Irf8/Trim30a/Fasl/Acod1/Ncf2/Trim30d/Malt1/Eif2ak2/Gbp10/Cd200/Cmpk2/Ifng/Cd96/Trim12c/Il12b/Ptpn6/Gbp5/Tifab/Cxcl10/Cd274/Tlr1/Casp7/Ido1/Tnfaip3/Gbp3/Cxcl16/Ptpn22/Cd14/Sirpa",70
"GO:0006909","phagocytosis","55/650","254/25615",0.216535433070866,8.53316172016959,19.4688616021848,4.58334576479724e-35,4.20620188472249e-33,4.20620188472249e-33,"Cd300a/Unc13d/Stap1/Ptprc/Nos2/Itgax/Ccl2/P2rx7/Itgam/Clec7a/Ncf4/Sirpb1a/Itgb2/Fgr/Abca1/Ptprj/C3/Cd300lf/Fcer1g/Tgm2/Vav1/Pld4/Itgal/Fpr2/Nr1h3/Plcg2/Slc11a1/Gpr18/Treml4/Fcgr1/Ccr2/Tyrobp/Fcgr3/Fcgr2b/Aif1/Myo1g/Il2rb/Irf8/Tlr2/Ncf2/Il2rg/Il15ra/C2/Ifng/Sirpb1c/Nckap1l/Arhgap25/Coro1a/Dock2/Hck/Bin2/Sirpb1b/Rab27a/Syk/Sirpa",55
"GO:0048002","antigen processing and presentation of peptide antigen","36/650","87/25615",0.413793103448276,16.3066312997347,23.0759956088046,1.51320771551139e-34,1.36913329076692e-32,1.36913329076692e-32,"H2-DMb2/Unc93b1/Mpeg1/H2-DMa/H2-DMb1/H2-Q6/Tapbpl/Tapbp/Clec4a1/H2-K1/Tap1/Ctss/H2-Aa/B2m/H2-Q4/H2-T23/H2-T22/Fcer1g/Clec4a2/H2-Ob/Cd74/Marchf1/Tap2/Clec4a3/H2-Oa/Slc11a1/H2-Eb1/Fcgr1/Erap1/Fcgr3/H2-M3/H2-Ab1/H2-D1/H2-T24/H2-Q7/H2-M2",36
"GO:0042129","regulation of T cell proliferation","48/650","191/25615",0.25130890052356,9.90350382601692,19.928989992337,6.21472768290658e-34,5.54491814374887e-32,5.54491814374887e-32,"Irgm1/H2-DMb2/Ptprc/Tarm1/Pdcd1lg2/Spn/Zap70/H2-DMb1/Sash3/Pnp/Ripk2/Tnfsf13b/Irf1/H2-Aa/Cd86/Laptm5/Cd6/Rac2/Cd4/Card11/Itgal/Il2ra/Ccl5/Ctla4/Il1a/Slfn1/Ccr2/Xcl1/Il1b/Crtam/Aif1/Zc3h12d/Carmil2/Il12rb1/Icosl/Ifng/Il12b/Nckap1l/Ptpn6/Ccdc88b/Coro1a/Cd274/Vcam1/Cd3e/Rasal3/Ido1/Ptpn22/Syk",48
"GO:0060326","cell chemotaxis","60/650","330/25615",0.181818181818182,7.16503496503497,18.1882380937494,1.19280040202002e-33,1.04966435377762e-31,1.04966435377762e-31,"Ccl3/Ccr1/Bst1/Stap1/Csf3r/Ccl22/Gpsm3/Dpp4/Ccl2/Cx3cl1/Itgam/Cxcr6/Itgb2/Rac2/Ccr5/Ptprj/C3ar1/C3/Klrk1/Sell/Fcer1g/Cxcr4/Cnr2/Vav1/Cd74/Fpr2/Ccl5/Cxcl9/Gpr18/Plcb2/Cmklr1/Ccr2/Cxcr3/Xcl1/Il1b/Fcgr3/Slit2/Aif1/Slamf8/Xcr1/Ccl4/Slamf9/Ifng/Ccrl2/Prkcd/Cyp7b1/Nckap1l/Ccl1/Cxcl10/Coro1a/Vcam1/Trpm2/Prex1/Gpr35/Jaml/Bin2/Cxcl16/P2rx4/Enpp2/Syk",60
"GO:0050777","negative regulation of immune response","51/650","229/25615",0.222707423580786,8.77638562311051,19.0733943337201,3.25659946829191e-33,2.82708040328476e-31,2.82708040328476e-31,"Ifi207/Cd300a/Samhd1/Irgm1/Ccr1/Ptprc/Fgl2/Il7r/Spn/Oas1a/Tap1/Irf1/Adar/Trim21/Clec2d/Irgm2/Klre1/Parp14/Oas1g/Il1rl1/Tap2/Tigit/Oas1b/Lag3/Ccr2/Klrd1/Cd69/Klrb1b/Nlrc5/Stat2/Oas3/Igtp/Slamf8/Smpdl3b/Acod1/Cd160/Usp18/Trafd1/Cd96/Il12b/Tbx21/Dhx58/Pdcd1/Nckap1l/Ptpn6/Serpinb9/Inpp5d/Cd274/Clec12a/Nmi/Tnfaip3",51
"GO:0002753","cytoplasmic pattern recognition receptor signaling pathway","51/650","234/25615",0.217948717948718,8.58885601577909,18.8173937644871,1.00250409522038e-32,8.5867817435943e-31,8.5867817435943e-31,"Ifi207/Irgm1/Gsdmd/Tifa/Lacc1/Unc93b1/Trim25/Slc15a3/Oas1a/P2rx7/Ripk2/Irf1/Nod1/Cd86/Irf7/Irf5/Tnf/Tlr9/Gbp2/Irgm2/Rigi/Oas1g/Pld4/Tlr8/Plcg2/Treml4/Oas1b/Tasl/Scimp/Mefv/Ifih1/Pik3ap1/Casp4/Oas3/Igtp/Nlrp3/Trim30a/Rnf135/Eif2ak2/Ddx60/Rsad2/Dhx58/Ptpn6/Gbp5/Traf3ip3/Irf2/Tnfaip3/Tlr3/Oasl1/Ptpn22/Syk",51
"GO:0070665","positive regulation of leukocyte proliferation","45/650","172/25615",0.261627906976744,10.3101520572451,19.7681685033675,1.04055153952681e-32,8.79539880252664e-31,8.79539880252664e-31,"Irgm1/H2-DMb2/Ptprc/Pdcd1lg2/Spn/Zap70/Il7/Csf2rb2/H2-DMb1/Sash3/Pnp/Ripk2/Nfatc2/Tnfsf13b/Cd86/Cd6/Cd4/Tlr9/Card11/Itgal/Cd74/Il2ra/Ccl5/Il1a/Cd40/Csf2rb/Ccr2/Xcl1/Il1b/Aif1/Carmil2/Il12rb1/Icosl/Ifng/Il12b/Nckap1l/Ccdc88b/Coro1a/Cd274/Vcam1/Csf2ra/Cd3e/Rasal3/Ptpn22/Syk",45
"GO:0032760","positive regulation of tumor necrosis factor production","39/650","119/25615",0.327731092436975,12.9151260504202,21.0215963333036,1.10169736335217e-32,9.1913037171095e-31,9.1913037171095e-31,"Ccl3/Ptafr/Ptprc/Spn/Oas1a/Sash3/Ccl2/Cybb/Ripk2/Clec7a/Oas2/Nod1/Ccr5/Ptprj/Tlr9/Fcer1g/Rigi/Oas1g/Cd2/Cd84/Il1a/Plcg2/Oas1b/Fcgr1/Ccr2/Lilra5/Ifih1/Tyrobp/Oas3/Fcgr3/Fcgr2b/Ccl4/Tlr2/Ifng/Il12b/Tlr1/Tlr3/Cd14/Syk",39
"GO:0050866","negative regulation of cell activation","50/650","225/25615",0.222222222222222,8.75726495726496,18.8581084863842,1.56354030453277e-32,1.28771575850237e-30,1.28771575850237e-30,"Lax1/Cd300a/Lst1/Fgl2/Tarm1/Pdcd1lg2/Spn/Cx3cl1/Pag1/Irf1/H2-Aa/Cd86/Laptm5/Gimap3/Fgr/Cd300lf/Cnr2/Cd74/Il2ra/Ctla4/Nr1h3/Cd84/Tbc1d10c/Tigit/Id2/Slfn1/Lag3/Cd69/Xcl1/Crtam/Tyrobp/Nfkbid/Socs1/Zc3h12d/Cd200/Prkcd/Tbx21/Tnfaip8l2/Pdcd1/Ptpn6/Cst7/Inpp5d/Cd274/Tspan32/Clec12a/Ido1/Tnfaip3/Ptpn22/Runx3/Apoe",50
"GO:1903557","positive regulation of tumor necrosis factor superfamily cytokine production","39/650","121/25615",0.322314049586777,12.701652892562,20.8185511367473,2.29732121229324e-32,1.8681001857939e-30,1.8681001857939e-30,"Ccl3/Ptafr/Ptprc/Spn/Oas1a/Sash3/Ccl2/Cybb/Ripk2/Clec7a/Oas2/Nod1/Ccr5/Ptprj/Tlr9/Fcer1g/Rigi/Oas1g/Cd2/Cd84/Il1a/Plcg2/Oas1b/Fcgr1/Ccr2/Lilra5/Ifih1/Tyrobp/Oas3/Fcgr3/Fcgr2b/Ccl4/Tlr2/Ifng/Il12b/Tlr1/Tlr3/Cd14/Syk",39
"GO:0002695","negative regulation of leukocyte activation","48/650","206/25615",0.233009708737864,9.18237490664675,19.026057010852,2.75446506853994e-32,2.21183545003758e-30,2.21183545003758e-30,"Lax1/Cd300a/Lst1/Fgl2/Tarm1/Pdcd1lg2/Spn/Cx3cl1/Pag1/Irf1/H2-Aa/Cd86/Laptm5/Gimap3/Fgr/Cd300lf/Cnr2/Cd74/Il2ra/Ctla4/Nr1h3/Cd84/Tbc1d10c/Tigit/Id2/Slfn1/Lag3/Cd69/Xcl1/Crtam/Tyrobp/Nfkbid/Socs1/Zc3h12d/Cd200/Tbx21/Tnfaip8l2/Pdcd1/Ptpn6/Cst7/Inpp5d/Cd274/Tspan32/Clec12a/Ido1/Tnfaip3/Ptpn22/Runx3",48
"GO:0006935","chemotaxis","69/650","476/25615",0.144957983193277,5.7124595992243,16.745831349867,3.58090719830663e-32,2.83996886937306e-30,2.83996886937306e-30,"Ccl3/Ccr1/Bst1/Ptafr/Stap1/Csf3r/Ccl22/Gpsm3/Pik3cg/Dpp4/Ccl2/Cx3cl1/Itgam/Cxcr6/Itgb2/Rac2/Ccr5/Ptprj/C3ar1/C3/Klrk1/Sell/Fcer1g/Cxcr4/Cnr2/Vav1/Cd74/Fpr2/Ccl5/Cxcl9/Gpr18/Ntn1/Plcb2/Cmklr1/Ccr2/Cxcr3/Xcl1/Il1b/Pik3cd/Fcgr3/Slit2/Aif1/Slamf8/Xcr1/Ccl4/Slamf9/Fpr1/Sema4a/Ifng/Ccrl2/Prkcd/Plgrkt/Sema4d/Cyp7b1/Nckap1l/Ccl1/Cxcl10/Coro1a/Vcam1/Dock2/Trpm2/Prex1/Gpr35/Jaml/Bin2/Cxcl16/P2rx4/Enpp2/Syk",69
"GO:0042330","taxis","69/650","478/25615",0.144351464435146,5.68855809462504,16.6965261907126,4.67293195868052e-32,3.66084328080044e-30,3.66084328080044e-30,"Ccl3/Ccr1/Bst1/Ptafr/Stap1/Csf3r/Ccl22/Gpsm3/Pik3cg/Dpp4/Ccl2/Cx3cl1/Itgam/Cxcr6/Itgb2/Rac2/Ccr5/Ptprj/C3ar1/C3/Klrk1/Sell/Fcer1g/Cxcr4/Cnr2/Vav1/Cd74/Fpr2/Ccl5/Cxcl9/Gpr18/Ntn1/Plcb2/Cmklr1/Ccr2/Cxcr3/Xcl1/Il1b/Pik3cd/Fcgr3/Slit2/Aif1/Slamf8/Xcr1/Ccl4/Slamf9/Fpr1/Sema4a/Ifng/Ccrl2/Prkcd/Plgrkt/Sema4d/Cyp7b1/Nckap1l/Ccl1/Cxcl10/Coro1a/Vcam1/Dock2/Trpm2/Prex1/Gpr35/Jaml/Bin2/Cxcl16/P2rx4/Enpp2/Syk",69
"GO:0002821","positive regulation of adaptive immune response","45/650","178/25615",0.252808988764045,9.96261884183233,19.3616149627329,5.34724411302564e-32,4.13863809422611e-30,4.13863809422611e-30,"Ptprc/H2-DMa/H2-Q6/Sash3/P2rx7/Pnp/H2-K1/Ripk2/Clec7a/Tnfsf13b/Il18r1/Gimap3/B2m/Tnf/Clec4n/Cd4/C3/H2-Q4/H2-T23/H2-T22/Fcer1g/Cd74/Tap2/Slc11a1/Cd40/Fcgr1/Ccr2/Sectm1a/Xcl1/Il1b/Nfkbid/Fcgr3/Nlrp3/Cd226/H2-M3/Malt1/H2-D1/Il12rb1/Rsad2/H2-T24/Ifng/Il12b/Tbx21/H2-Q7/H2-M2",45
"GO:0002824","positive regulation of adaptive immune response based on somatic recombination of immune receptors built from immunoglobulin superfamily domains","44/650","169/25615",0.260355029585799,10.2599908966773,19.4882905707918,6.60639967701869e-32,5.05232280061525e-30,5.05232280061525e-30,"Ptprc/H2-DMa/H2-Q6/Sash3/P2rx7/Pnp/H2-K1/Ripk2/Clec7a/Tnfsf13b/Il18r1/Gimap3/B2m/Tnf/Clec4n/Cd4/C3/H2-Q4/H2-T23/H2-T22/Fcer1g/Tap2/Slc11a1/Cd40/Fcgr1/Ccr2/Sectm1a/Xcl1/Il1b/Nfkbid/Fcgr3/Nlrp3/Cd226/H2-M3/Malt1/H2-D1/Il12rb1/Rsad2/H2-T24/Ifng/Il12b/Tbx21/H2-Q7/H2-M2",44
"GO:0071346","cellular response to type II interferon","38/650","117/25615",0.324786324786325,12.7990795529257,20.6403756688963,1.04567878128717e-31,7.90287116586918e-30,7.90287116586918e-30,"Irgm1/Gbp7/Gbp8/Nos2/Was/Ccl2/Casp1/Irf1/Gbp9/Tnf/Stat1/Gbp2/Irgm2/Parp14/Parp9/Ccl5/Nlrc5/Gbp2b/Igtp/Gbp6/Ciita/Aif1/Epsti1/Irf8/Fasl/Acod1/Tlr2/Il12rb1/Gbp10/Cd200/Ifng/Il12b/H2-Q7/Gbp5/Stxbp2/Gbp3/Gbp4/Sirpa",38
"GO:0001562","response to protozoan","27/650","46/25615",0.58695652173913,23.130602006689,24.2406838759429,1.28805378419124e-31,9.62146222051688e-30,9.62146222051688e-30,"Gbp7/Gbp8/Spn/Gbp9/Gbp2/Irgm2/Nkg7/Tlr12/Slc11a1/Cd40/Iigp1/Gbp2b/Igtp/Gbp6/Irf4/Irf8/Tgtp2/Gbp10/Ifng/Il12b/Batf2/Irf9/Tgtp1/Ccdc88b/Tspan32/Gbp3/Gbp4",27
"GO:0042832","defense response to protozoan","26/650","42/25615",0.619047619047619,24.3952380952381,24.4844792147884,2.27341173905573e-31,1.67866632318322e-29,1.67866632318322e-29,"Gbp7/Gbp8/Gbp9/Gbp2/Irgm2/Nkg7/Tlr12/Slc11a1/Cd40/Iigp1/Gbp2b/Igtp/Gbp6/Irf4/Irf8/Tgtp2/Gbp10/Ifng/Il12b/Batf2/Irf9/Tgtp1/Ccdc88b/Tspan32/Gbp3/Gbp4",26
"GO:0050671","positive regulation of lymphocyte proliferation","42/650","155/25615",0.270967741935484,10.6782133995037,19.5012046085958,2.76456883462689e-31,2.01813524927763e-29,2.01813524927763e-29,"Irgm1/H2-DMb2/Ptprc/Pdcd1lg2/Spn/Zap70/Il7/H2-DMb1/Sash3/Pnp/Ripk2/Nfatc2/Tnfsf13b/Cd86/Cd6/Cd4/Tlr9/Card11/Itgal/Cd74/Il2ra/Ccl5/Il1a/Cd40/Ccr2/Xcl1/Il1b/Aif1/Carmil2/Il12rb1/Icosl/Ifng/Il12b/Nckap1l/Ccdc88b/Coro1a/Cd274/Vcam1/Cd3e/Rasal3/Ptpn22/Syk",42
"GO:0042102","positive regulation of T cell proliferation","37/650","113/25615",0.327433628318584,12.90340367597,20.4622251356127,4.73868421392842e-31,3.42037161688496e-29,3.42037161688496e-29,"Irgm1/H2-DMb2/Ptprc/Pdcd1lg2/Spn/Zap70/H2-DMb1/Sash3/Pnp/Ripk2/Tnfsf13b/Cd86/Cd6/Cd4/Card11/Itgal/Il2ra/Ccl5/Il1a/Ccr2/Xcl1/Il1b/Aif1/Carmil2/Il12rb1/Icosl/Ifng/Il12b/Nckap1l/Ccdc88b/Coro1a/Cd274/Vcam1/Cd3e/Rasal3/Ptpn22/Syk",37
"GO:0032946","positive regulation of mononuclear cell proliferation","42/650","157/25615",0.267515923566879,10.5421852033317,19.3515217464918,4.92700577875058e-31,3.51678723585486e-29,3.51678723585486e-29,"Irgm1/H2-DMb2/Ptprc/Pdcd1lg2/Spn/Zap70/Il7/H2-DMb1/Sash3/Pnp/Ripk2/Nfatc2/Tnfsf13b/Cd86/Cd6/Cd4/Tlr9/Card11/Itgal/Cd74/Il2ra/Ccl5/Il1a/Cd40/Ccr2/Xcl1/Il1b/Aif1/Carmil2/Il12rb1/Icosl/Ifng/Il12b/Nckap1l/Ccdc88b/Coro1a/Cd274/Vcam1/Cd3e/Rasal3/Ptpn22/Syk",42
"GO:0050852","T cell receptor signaling pathway","43/650","168/25615",0.255952380952381,10.0864926739927,19.0661156255123,7.22345983490236e-31,5.09928637136404e-29,5.09928637136404e-29,"Cd300a/Ptprc/Pdcd1lg2/Zap70/Cd53/Ripk2/Cd8a/Itk/Cd86/Fyb1/Laptm5/Lcp2/Ptprj/Cd4/Clec2d/Fcer1g/Card11/Lat/Ctla4/Plcg2/Cd3d/Themis/Lag3/Bcl2a1d/Nfkbid/Cd226/Cd3g/Sh2d1a/Carmil2/Themis2/Malt1/Cd160/Icosl/Ifng/Lck/Pdcd1/Ptpn6/Cd274/Cd3e/Ubash3a/Fcho1/Ptpn22/Cd247",43
"GO:0019884","antigen processing and presentation of exogenous antigen","25/650","39/25615",0.641025641025641,25.2613412228797,24.465854779806,8.84283359087554e-31,6.17460467258527e-29,6.17460467258527e-29,"H2-DMb2/Unc93b1/Mpeg1/H2-DMa/H2-DMb1/Tapbp/Clec4a1/H2-K1/Ctss/H2-Aa/B2m/Psme2/Fcer1g/Clec4a2/H2-Ob/Cd74/Tap2/Clec4a3/H2-Oa/H2-Eb1/Fcgr1/Psme1/Fcgr3/H2-M3/H2-Ab1",25
"GO:0030595","leukocyte chemotaxis","49/650","233/25615",0.210300429184549,8.28745460548036,18.0310284590289,1.04041667964539e-30,7.18670618284085e-29,7.18670618284085e-29,"Ccl3/Ccr1/Bst1/Stap1/Csf3r/Ccl22/Gpsm3/Dpp4/Ccl2/Cx3cl1/Itgam/Itgb2/Rac2/Ptprj/C3ar1/C3/Klrk1/Sell/Fcer1g/Cnr2/Vav1/Cd74/Fpr2/Ccl5/Cxcl9/Gpr18/Cmklr1/Ccr2/Cxcr3/Xcl1/Il1b/Fcgr3/Slit2/Aif1/Slamf8/Ccl4/Slamf9/Ifng/Cyp7b1/Nckap1l/Ccl1/Cxcl10/Coro1a/Trpm2/Prex1/Gpr35/Jaml/Cxcl16/Syk",49
"GO:0002478","antigen processing and presentation of exogenous peptide antigen","23/650","32/25615",0.71875,28.3242788461538,24.956148324489,3.0899554163014e-30,2.11168868024683e-28,2.11168868024683e-28,"H2-DMb2/Unc93b1/Mpeg1/H2-DMa/H2-DMb1/Tapbp/Clec4a1/H2-K1/Ctss/H2-Aa/B2m/Fcer1g/Clec4a2/H2-Ob/Cd74/Tap2/Clec4a3/H2-Oa/H2-Eb1/Fcgr1/Fcgr3/H2-M3/H2-Ab1",23
"GO:0002715","regulation of natural killer cell mediated immunity","31/650","75/25615",0.413333333333333,16.2885128205128,21.3951345844209,6.77396504311502e-30,4.58062646704957e-28,4.58062646704957e-28,"Dpp4/Tap1/Gimap3/Klrc1/Klrk1/Clec2d/Il18rap/Klrb1c/Klre1/Vav1/Klrc2/Tap2/Tigit/Slamf6/Lag3/Klri2/Klrd1/Klrb1b/Pik3r6/Crtam/Cd226/Sh2d1a/H2-M3/Cd160/Cd96/Il12b/Cadm1/Serpinb9/Inpp5d/Calhm6/Rasgrp1",31
"GO:0001818","negative regulation of cytokine production","56/650","331/25615",0.169184290030211,6.66716244480595,16.7450467091993,9.08192682665526e-30,6.07732270150348e-28,6.07732270150348e-28,"Irgm1/Ccr1/Gbp7/Ptprc/Pdcd1lg2/Oas1a/Cx3cl1/Clec4a1/Xaf1/Laptm5/Gimap3/Tnf/Irgm2/Clec4a2/Oas1g/Il1rl1/Tlr8/Pglyrp2/Cd83/Clec4a3/Cd84/Tigit/Slc11a1/Gpr18/Oas1b/Cmklr1/Lag3/Gpr174/Lilra5/Mefv/Xcl1/Tyrobp/Oas3/Igtp/Nlrp3/Trim30a/Acod1/Tlr2/Cd200/Ifng/Cd96/Il12b/Tbx21/Dhx58/Nckap1l/Ptpn6/Inpp5d/Cd274/Srgn/Nmi/Irf2/Ido1/Tnfaip3/Ptpn22/Gbp4/Sirpa",56
"GO:0045619","regulation of lymphocyte differentiation","47/650","222/25615",0.211711711711712,8.34306999306999,17.7307352243128,1.23520752953987e-29,8.18038471109707e-28,8.18038471109707e-28,"Rhoh/Ptprc/Fgl2/Il7r/H2-DMa/Zap70/Il7/Sash3/Pnp/Ripk2/Irf1/H2-Aa/Gimap3/Ikzf3/Tlr9/Cd27/Card11/Cd74/Il2ra/Cd83/Ctla4/H2-Oa/Id2/Lag3/Ccr2/Cd69/Pik3r6/Crtam/Nfkbid/Socs1/Nlrp3/Slamf8/Carmil2/Il2rg/Malt1/Il15ra/Lck/Ikzf1/Tbx21/Tox/Nckap1l/Ptpn6/Inpp5d/Rasgrp1/Gpr65/Runx3/Syk",47
"GO:0031348","negative regulation of defense response","54/650","310/25615",0.174193548387097,6.86456575682382,16.7626675568653,2.15582560595224e-29,1.41316568292216e-27,1.41316568292216e-27,"Ifi207/Samhd1/Irgm1/Ccr1/Fgl2/Spn/Oas1a/Cx3cl1/Tap1/Adar/Il10ra/Trim21/Clec2d/Irgm2/Klre1/Parp14/Oas1g/Nr4a3/Fpr2/Tap2/Il2ra/Nr1h3/Tigit/Oas1b/Klrd1/Mefv/Cd69/Klrb1b/Nlrc5/Stat2/Oas3/Igtp/Nlrp3/Slamf8/Smpdl3b/Acod1/Aoah/Usp18/Cd200/Trafd1/Cd96/Prkcd/Il12b/Dhx58/Tnfaip8l2/Ptpn6/Serpinb9/Cst7/Inpp5d/Clec12a/Nmi/Tnfaip3/Apoe/Sirpa",54
"GO:0032609","type II interferon production","37/650","124/25615",0.298387096774194,11.758746898263,19.3779884440663,2.20597687424496e-29,1.41711954401496e-27,1.41711954401496e-27,"Irgm1/Pdcd1lg2/Sash3/Ripk2/Clec7a/Il18r1/Laptm5/Gimap3/Tnf/Tlr9/Klrk1/Cd27/Klre1/Il1rl1/Tlr8/Cd2/Pglyrp2/Slc11a1/Slamf6/Ccr2/Xcl1/Il1b/Crtam/Cd226/Irf8/Carmil2/H2-M3/Cd160/Il12rb1/Cd96/Il12b/Cd274/Cd3e/Tlr3/Ptpn22/Cd14/Sirpa",37
"GO:0032649","regulation of type II interferon production","37/650","124/25615",0.298387096774194,11.758746898263,19.3779884440663,2.20597687424496e-29,1.41711954401496e-27,1.41711954401496e-27,"Irgm1/Pdcd1lg2/Sash3/Ripk2/Clec7a/Il18r1/Laptm5/Gimap3/Tnf/Tlr9/Klrk1/Cd27/Klre1/Il1rl1/Tlr8/Cd2/Pglyrp2/Slc11a1/Slamf6/Ccr2/Xcl1/Il1b/Crtam/Cd226/Irf8/Carmil2/H2-M3/Cd160/Il12rb1/Cd96/Il12b/Cd274/Cd3e/Tlr3/Ptpn22/Cd14/Sirpa",37
"GO:0050729","positive regulation of inflammatory response","42/650","172/25615",0.244186046511628,9.62280858676208,18.3087378237553,2.84792772839946e-29,1.81139482447902e-27,1.81139482447902e-27,"Ccl3/Ccr1/Map3k8/Gsdmd/Aim2/Stap1/Gpsm3/Pik3cg/Zbp1/Cx3cl1/Ctss/Casp1/Tnf/Ccr5/Tlr9/C3/Gbp2/Fcer1g/Ctsc/Nkg7/Il1rl1/Ccl5/Plcg2/Ifi35/Fcgr1/Ccr2/Lilra5/Mefv/Il1b/Casp4/Gbp2b/Fcgr3/Nlrp3/Casp12/Tlr2/Ifng/Gbp5/Ccl1/Nmi/Ido1/Gbp3/Tlr3",42
"GO:0007249","canonical NF-kappaB signal transduction","56/650","341/25615",0.164222873900293,6.47164448454771,16.4129885434609,4.44215335262321e-29,2.79768560169132e-27,2.79768560169132e-27,"Rhoh/Irgm1/Ccr1/Tifa/Gbp7/Nampt/Trim25/Clec4d/Cx3cl1/Ripk2/Casp1/Clec7a/Slco3a1/Irf1/Nod1/Tnf/Stat1/Clec4n/Cd4/Tlr9/Trim21/Irgm2/Card11/Trim12a/Tgm2/Il1rl1/Tlr8/Cd74/Ltb/Il1a/Plcg2/Rassf2/Cd40/Il1b/Tnip3/Nlrc5/Parp10/Nfkbid/Igtp/Trim30a/Fasl/Tlr2/Trim30d/Malt1/Ikbke/Eif2ak2/Ubd/Cd200/Tmc8/Trim12c/Tifab/Casp7/Tnfsf10/Tnfaip3/Tlr3/Sirpa",56
"GO:1902107","positive regulation of leukocyte differentiation","46/650","218/25615",0.211009174311927,8.31538461538461,17.502649571547,5.84972852744471e-29,3.61333231349085e-27,3.61333231349085e-27,"Ccl3/Rhoh/Ccr1/Ptprc/Il7r/H2-DMa/Zap70/Il7/Sash3/Pnp/Itgam/Ripk2/Irf1/H2-Aa/Gimap3/Tnf/Cd4/Cd27/Cd74/Il2ra/Cd83/Ccl5/Id2/Ccr2/Pik3r6/Tyrobp/Nfkbid/Socs1/Nlrp3/Carmil2/Il2rg/Malt1/Il15ra/Ifng/Il12b/Lck/Ikzf1/Tox/Nckap1l/Inpp5d/Gpr68/Rasgrp1/Hcls1/Gpr65/Runx3/Syk",46
"GO:1903708","positive regulation of hemopoiesis","46/650","218/25615",0.211009174311927,8.31538461538461,17.502649571547,5.84972852744471e-29,3.61333231349085e-27,3.61333231349085e-27,"Ccl3/Rhoh/Ccr1/Ptprc/Il7r/H2-DMa/Zap70/Il7/Sash3/Pnp/Itgam/Ripk2/Irf1/H2-Aa/Gimap3/Tnf/Cd4/Cd27/Cd74/Il2ra/Cd83/Ccl5/Id2/Ccr2/Pik3r6/Tyrobp/Nfkbid/Socs1/Nlrp3/Carmil2/Il2rg/Malt1/Il15ra/Ifng/Il12b/Lck/Ikzf1/Tox/Nckap1l/Inpp5d/Gpr68/Rasgrp1/Hcls1/Gpr65/Runx3/Syk",46
"GO:0002285","lymphocyte activation involved in immune response","47/650","237/25615",0.19831223628692,7.81502758844531,17.0075865795748,2.68285442134287e-28,1.64139588597206e-26,1.64139588597206e-26,"Unc13d/H2-DMb2/Ptprc/Fgl2/Spn/Clec4d/H2-DMb1/Ly9/Ripk2/Il18r1/Irf1/Icam1/Fcgr4/Fcer1g/Cd180/Nkg7/Clec4e/Itgal/Cd74/Plcg2/Slc11a1/Slfn2/Cd40/Slamf6/Ccr2/Cd69/Tyrobp/Nfkbid/Nlrp3/Irf4/Irf8/H2-M3/Malt1/Cd160/Dock10/Il12rb1/Icosl/Sema4a/Ifng/Il12b/Tbx21/Irf9/Nckap1l/Coro1a/Tnfaip3/Lcp1/Rab27a",47
"GO:0032635","interleukin-6 production","41/650","171/25615",0.239766081871345,9.44862798020693,17.8863261072855,2.91136963596412e-28,1.7479101440592e-26,1.7479101440592e-26,"Ptafr/Unc93b1/Nos2/P2rx7/Ripk2/Clec7a/Sirpb1a/Nod1/Laptm5/Tnf/Ccr5/Tlr9/Mbp/Fcer1g/Rigi/Tlr8/Cd74/Cd84/Il1a/Plcg2/Scimp/Lilra5/Il1b/Ifih1/Tyrobp/Aif1/Trim30a/Tlr2/Cd200/Ifng/Sirpb1c/Nckap1l/Ptpn6/Inpp5d/Tlr1/Tnfaip3/Tlr3/Sirpb1b/Ptpn22/Syk/Sirpa",41
"GO:0032675","regulation of interleukin-6 production","41/650","171/25615",0.239766081871345,9.44862798020693,17.8863261072855,2.91136963596412e-28,1.7479101440592e-26,1.7479101440592e-26,"Ptafr/Unc93b1/Nos2/P2rx7/Ripk2/Clec7a/Sirpb1a/Nod1/Laptm5/Tnf/Ccr5/Tlr9/Mbp/Fcer1g/Rigi/Tlr8/Cd74/Cd84/Il1a/Plcg2/Scimp/Lilra5/Il1b/Ifih1/Tyrobp/Aif1/Trim30a/Tlr2/Cd200/Ifng/Sirpb1c/Nckap1l/Ptpn6/Inpp5d/Tlr1/Tnfaip3/Tlr3/Sirpb1b/Ptpn22/Syk/Sirpa",41
"GO:0032102","negative regulation of response to external stimulus","62/650","446/25615",0.139013452914798,5.47819937909624,15.3945667165528,6.10006505520872e-28,3.6284090661723e-26,3.6284090661723e-26,"Ifi207/Samhd1/Irgm1/Ccr1/Stap1/Fgl2/Spn/Dpp4/Oas1a/Ccl2/Cx3cl1/Tap1/Adar/Il10ra/Tnf/Trim21/Klrk1/Clec2d/Irgm2/Klre1/Parp14/Oas1g/Nr4a3/Fpr2/Tap2/Il2ra/Nr1h3/Tigit/Gpr18/Oas1b/Klrd1/Mefv/Cd69/Klrb1b/Nlrc5/Stat2/Oas3/Igtp/Slit2/Aif1/Nlrp3/Slamf8/Smpdl3b/Acod1/Aoah/Usp18/Cd200/Trafd1/Cd96/Prkcd/Il12b/Dhx58/Tnfaip8l2/Ptpn6/Serpinb9/Cst7/Inpp5d/Clec12a/Nmi/Tnfaip3/Apoe/Sirpa",62
"GO:0043122","regulation of canonical NF-kappaB signal transduction","52/650","307/25615",0.169381107491857,6.67491856677524,16.1409653233126,9.88212619978498e-28,5.8241081382953e-26,5.8241081382953e-26,"Rhoh/Irgm1/Tifa/Gbp7/Nampt/Trim25/Clec4d/Cx3cl1/Ripk2/Casp1/Clec7a/Slco3a1/Nod1/Tnf/Stat1/Clec4n/Cd4/Tlr9/Irgm2/Card11/Trim12a/Tgm2/Il1rl1/Tlr8/Cd74/Ltb/Il1a/Plcg2/Cd40/Il1b/Tnip3/Nlrc5/Parp10/Nfkbid/Igtp/Trim30a/Fasl/Tlr2/Trim30d/Malt1/Ikbke/Eif2ak2/Ubd/Cd200/Tmc8/Trim12c/Tifab/Casp7/Tnfsf10/Tnfaip3/Tlr3/Sirpa",52
"GO:0002832","negative regulation of response to biotic stimulus","39/650","158/25615",0.246835443037975,9.72721518987342,17.7553898556427,1.87167718053907e-27,1.09305947343482e-25,1.09305947343482e-25,"Ifi207/Samhd1/Irgm1/Ccr1/Fgl2/Oas1a/Tap1/Adar/Trim21/Clec2d/Irgm2/Klre1/Parp14/Oas1g/Tap2/Tigit/Oas1b/Lag3/Klrd1/Klrb1b/Nlrc5/Stat2/Oas3/Igtp/Slamf8/Smpdl3b/Acod1/Usp18/Trafd1/Cd96/Dhx58/Pdcd1/Ptpn6/Serpinb9/Inpp5d/Cd274/Nmi/Tnfaip3/Sirpa",39
"GO:0002709","regulation of T cell mediated immunity","36/650","132/25615",0.272727272727273,10.7475524475524,18.1170242164001,4.32877707842349e-27,2.50523098664797e-25,2.50523098664797e-25,"Ptprc/Il7r/Was/Spn/Dpp4/H2-Q6/Sash3/P2rx7/Pnp/H2-K1/Il18r1/B2m/H2-Q4/H2-T23/H2-T22/Tap2/Lag3/Ccr2/Klrd1/Sectm1a/Xcl1/Il1b/Nlrp3/H2-M3/Malt1/H2-D1/Rsad2/H2-T24/Ifng/Il12b/Tbx21/H2-Q7/Pdcd1/Nckap1l/Cd274/H2-M2",36
"GO:0046632","alpha-beta T cell differentiation","38/650","153/25615",0.248366013071895,9.78753142282554,17.5912194002695,6.90114224483555e-27,3.95829801614496e-25,3.95829801614496e-25,"Bcl11b/Spn/Zap70/Sash3/Pnp/Ly9/Ripk2/Itk/Il18r1/Irf1/Gimap3/Cd83/Psap/Gpr18/Slamf6/Ccr2/Cd69/Icos/Nfkbid/Igtp/Socs1/Nlrp3/Irf4/Tnfsf8/Il2rg/Malt1/Il12rb1/Rsad2/Sema4a/Ifng/Il12b/Ikzf1/Tbx21/Tox/Nckap1l/Gpr65/Runx3/Syk",38
"GO:0097529","myeloid leukocyte migration","46/650","243/25615",0.189300411522634,7.45989237100348,16.3260327508877,8.4310919039235e-27,4.79303844166412e-25,4.79303844166412e-25,"Ccl3/Cd300a/Ccr1/Bst1/Stap1/Csf3r/Ccl22/Dpp4/Ccl2/Cx3cl1/Itgam/Sirpb1a/Itgb2/Rac2/Ptprj/C3ar1/Sell/Fcer1g/Vav1/Cd74/Fpr2/Ccl5/Il1a/Cxcl9/Cmklr1/Ccr2/Xcl1/Il1b/Fcgr3/Slit2/Aif1/Slamf8/Ccl4/Cd200/Ifng/Sirpb1c/Nckap1l/Ccl1/Cxcl10/Prex1/Gpr35/Jaml/Sirpb1b/P2rx4/Syk/Sirpa",46
"GO:0051250","negative regulation of lymphocyte activation","40/650","176/25615",0.227272727272727,8.95629370629371,17.0901832185352,1.22050076836931e-26,6.82871538591273e-25,6.82871538591273e-25,"Lax1/Cd300a/Lst1/Fgl2/Tarm1/Pdcd1lg2/Spn/Pag1/Irf1/H2-Aa/Cd86/Laptm5/Gimap3/Fgr/Cd74/Il2ra/Ctla4/Tbc1d10c/Tigit/Id2/Slfn1/Lag3/Cd69/Xcl1/Crtam/Tyrobp/Nfkbid/Socs1/Zc3h12d/Tbx21/Tnfaip8l2/Pdcd1/Ptpn6/Inpp5d/Cd274/Clec12a/Ido1/Tnfaip3/Ptpn22/Runx3",40
"GO:0042269","regulation of natural killer cell mediated cytotoxicity","28/650","70/25615",0.4,15.7630769230769,19.9573348851968,1.22245060613319e-26,6.82871538591273e-25,6.82871538591273e-25,"Tap1/Gimap3/Klrc1/Klrk1/Clec2d/Il18rap/Klrb1c/Klre1/Vav1/Klrc2/Tap2/Tigit/Slamf6/Lag3/Klri2/Klrd1/Klrb1b/Pik3r6/Crtam/Cd226/Sh2d1a/H2-M3/Cd160/Il12b/Cadm1/Serpinb9/Inpp5d/Rasgrp1",28
"GO:0045824","negative regulation of innate immune response","34/650","120/25615",0.283333333333333,11.1655128205128,18.0103437938146,2.91412675062855e-26,1.61382329707222e-24,1.61382329707222e-24,"Ifi207/Samhd1/Irgm1/Ccr1/Oas1a/Tap1/Adar/Trim21/Clec2d/Irgm2/Klre1/Parp14/Oas1g/Tap2/Tigit/Oas1b/Klrd1/Klrb1b/Nlrc5/Stat2/Oas3/Igtp/Slamf8/Smpdl3b/Acod1/Usp18/Trafd1/Cd96/Dhx58/Ptpn6/Serpinb9/Inpp5d/Nmi/Tnfaip3",34
"GO:0032479","regulation of type I interferon production","37/650","151/25615",0.245033112582781,9.65618950585838,17.2139886480594,5.52765022796032e-26,3.00929025969636e-24,3.00929025969636e-24,"Irgm1/Gbp7/Oas1a/Xaf1/Oas2/Irf1/Irf7/Irf5/Stat1/Arrdc4/Tlr9/Irgm2/Rigi/Oas1g/Tlr8/Plcg2/Oas1b/Ifih1/Tyrobp/Oas3/Igtp/Irf8/Acod1/Tlr2/Ikbke/Rnf135/Dhx58/Traf3ip3/Clec12a/Nmi/Irf2/Tlr3/Ptpn22/Cd14/Gbp4/Syk/Sirpa",37
"GO:0032606","type I interferon production","37/650","151/25615",0.245033112582781,9.65618950585838,17.2139886480594,5.52765022796032e-26,3.00929025969636e-24,3.00929025969636e-24,"Irgm1/Gbp7/Oas1a/Xaf1/Oas2/Irf1/Irf7/Irf5/Stat1/Arrdc4/Tlr9/Irgm2/Rigi/Oas1g/Tlr8/Plcg2/Oas1b/Ifih1/Tyrobp/Oas3/Igtp/Irf8/Acod1/Tlr2/Ikbke/Rnf135/Dhx58/Traf3ip3/Clec12a/Nmi/Irf2/Tlr3/Ptpn22/Cd14/Gbp4/Syk/Sirpa",37
"GO:0060759","regulation of response to cytokine stimulus","40/650","185/25615",0.216216216216216,8.52058212058212,16.5650876318543,9.3455766684555e-26,5.04504071581161e-24,5.04504071581161e-24,"Samhd1/Irgm1/Stap1/Ptprc/Il7/Zbp1/Oas1a/Il1rn/Ripk2/Casp1/Adar/Laptm5/Irf7/Cd300lf/Irgm2/Cxcr4/Rigi/Parp14/Oas1g/Parp9/Cd74/Ccl5/Naip2/Cd40/Oas1b/Ifih1/Nlrc5/Stat2/Casp4/Oas3/Igtp/Slit2/Sorl1/Tlr2/Ikbke/Usp18/Tmc8/Tnfrsf11b/Naip5/Syk",40
"GO:0002367","cytokine production involved in immune response","32/650","107/25615",0.299065420560748,11.7854780733285,18.0394245931263,1.30113181830642e-25,6.90782710809953e-24,6.90782710809953e-24,"Lacc1/Sash3/Clec7a/Il18r1/Laptm5/Irf5/Gimap3/B2m/Tnf/Tlr9/Fcer1g/Rigi/Nr4a3/Tlr8/Cd74/Plcg2/Scimp/Ccr2/Sectm1a/Xcl1/Il1b/Nlrp3/Cd226/Tlr2/Malt1/Cd160/Rsad2/Ifng/Cd96/Tbx21/Calhm6/Tlr3",32
"GO:0002718","regulation of cytokine production involved in immune response","32/650","107/25615",0.299065420560748,11.7854780733285,18.0394245931263,1.30113181830642e-25,6.90782710809953e-24,6.90782710809953e-24,"Lacc1/Sash3/Clec7a/Il18r1/Laptm5/Irf5/Gimap3/B2m/Tnf/Tlr9/Fcer1g/Rigi/Nr4a3/Tlr8/Cd74/Plcg2/Scimp/Ccr2/Sectm1a/Xcl1/Il1b/Nlrp3/Cd226/Tlr2/Malt1/Cd160/Rsad2/Ifng/Cd96/Tbx21/Calhm6/Tlr3",32
"GO:0045580","regulation of T cell differentiation","40/650","191/25615",0.209424083769634,8.2529198550141,16.2344364679699,3.39329030328007e-25,1.78676204166157e-23,1.78676204166157e-23,"Rhoh/Ptprc/Fgl2/Il7r/H2-DMa/Zap70/Il7/Sash3/Pnp/Ripk2/Irf1/H2-Aa/Gimap3/Cd27/Card11/Cd74/Il2ra/Cd83/Ctla4/H2-Oa/Lag3/Ccr2/Cd69/Pik3r6/Crtam/Nfkbid/Socs1/Nlrp3/Carmil2/Il2rg/Malt1/Lck/Ikzf1/Tbx21/Tox/Nckap1l/Rasgrp1/Gpr65/Runx3/Syk",40
"GO:0030101","natural killer cell activation","32/650","113/25615",0.283185840707965,11.1597004765146,17.4647591663645,8.78509594881725e-25,4.58824848578878e-23,4.58824848578878e-23,"Unc13d/Ptprc/Cd48/Il18r1/Irf1/Klrc1/Fgr/Klrk1/Fcgr4/Klrb1c/Klre1/Nkg7/Vav1/Cd2/Klrc2/Id2/Slamf6/Klrd1/Tyrobp/Sh2d1a/Cd160/Il12rb1/Slamf7/Il15ra/Il12b/Ikzf1/Tox/Coro1a/Clec12a/Rasgrp1/Rab27a/Ptpn22",32
"GO:0002700","regulation of production of molecular mediator of immune response","39/650","185/25615",0.210810810810811,8.30756756756757,16.0958945985265,1.04342648680777e-24,5.40562238004282e-23,5.40562238004282e-23,"Lacc1/Ptprc/Sash3/Clec7a/Il18r1/Cd86/Laptm5/Irf5/Gimap3/B2m/Tnf/Cd22/Tlr9/Cd27/Fcer1g/Rigi/Nr4a3/Tlr8/Cd74/Plcg2/Cd40/Scimp/Ccr2/Sectm1a/Xcl1/Il1b/Nlrp3/Cd226/Tlr2/Malt1/Cd160/Rsad2/Ifng/Cd96/Tbx21/Calhm6/Tnfaip3/Tlr3/Ptpn22",39
"GO:0046634","regulation of alpha-beta T cell activation","33/650","123/25615",0.268292682926829,10.5727954971857,17.1719247928996,1.10471881589978e-24,5.67737093867215e-23,5.67737093867215e-23,"Cd300a/Irgm1/Ptprc/Tarm1/Zap70/Sash3/Pnp/Ripk2/Irf1/Gimap3/Cd83/Ccr2/Cd69/Xcl1/Crtam/Nfkbid/Socs1/Nlrp3/Il2rg/Malt1/Cd160/Il12rb1/Il12b/Ikzf1/Tbx21/Nckap1l/Cd274/Cd3e/Rasal3/Gpr65/Ptpn22/Runx3/Syk",33
"GO:0050764","regulation of phagocytosis","33/650","124/25615",0.266129032258065,10.4875310173697,17.0883531470559,1.47004237802198e-24,7.49488272731205e-23,7.49488272731205e-23,"Cd300a/Stap1/Ptprc/Ccl2/Clec7a/Sirpb1a/Fgr/Ptprj/C3/Cd300lf/Fcer1g/Tgm2/Fpr2/Plcg2/Slc11a1/Gpr18/Fcgr1/Fcgr3/Fcgr2b/Il2rb/Tlr2/Il2rg/Il15ra/C2/Ifng/Sirpb1c/Nckap1l/Dock2/Hck/Sirpb1b/Rab27a/Syk/Sirpa",33
"GO:0046635","positive regulation of alpha-beta T cell activation","27/650","78/25615",0.346153846153846,13.641124260355,18.0417083994455,9.71812954212447e-24,4.90770604457573e-22,4.90770604457573e-22,"Irgm1/Ptprc/Zap70/Sash3/Pnp/Ripk2/Irf1/Gimap3/Cd83/Ccr2/Xcl1/Nfkbid/Socs1/Nlrp3/Il2rg/Malt1/Cd160/Il12rb1/Il12b/Ikzf1/Nckap1l/Cd3e/Rasal3/Gpr65/Ptpn22/Runx3/Syk",27
"GO:0097530","granulocyte migration","36/650","162/25615",0.222222222222222,8.75726495726496,15.98182017363,9.7787418073738e-24,4.90770604457573e-22,4.90770604457573e-22,"Ccl3/Cd300a/Bst1/Csf3r/Ccl22/Dpp4/Ccl2/Cx3cl1/Itgam/Itgb2/Rac2/Ptprj/C3ar1/Sell/Fcer1g/Vav1/Cd74/Ccl5/Il1a/Cxcl9/Cmklr1/Xcl1/Il1b/Fcgr3/Slit2/Slamf8/Ccl4/Ifng/Nckap1l/Ccl1/Cxcl10/Prex1/Gpr35/Jaml/Syk/Sirpa",36
"GO:0045621","positive regulation of lymphocyte differentiation","34/650","142/25615",0.23943661971831,9.43564463705309,16.2649224269109,1.27467799363573e-23,6.34769878381079e-22,6.34769878381079e-22,"Rhoh/Ptprc/Il7r/H2-DMa/Zap70/Il7/Sash3/Pnp/Ripk2/Irf1/H2-Aa/Gimap3/Cd27/Cd74/Il2ra/Cd83/Ccr2/Pik3r6/Nfkbid/Socs1/Nlrp3/Carmil2/Il2rg/Malt1/Il15ra/Lck/Ikzf1/Tox/Nckap1l/Inpp5d/Rasgrp1/Gpr65/Runx3/Syk",34
"GO:0001959","regulation of cytokine-mediated signaling pathway","37/650","175/25615",0.211428571428571,8.33191208791209,15.7038925684337,1.50088651605747e-23,7.41668844550246e-22,7.41668844550246e-22,"Samhd1/Irgm1/Stap1/Ptprc/Il7/Zbp1/Oas1a/Il1rn/Ripk2/Casp1/Adar/Laptm5/Irf7/Cd300lf/Irgm2/Cxcr4/Parp14/Oas1g/Parp9/Cd74/Ccl5/Naip2/Cd40/Oas1b/Nlrc5/Stat2/Casp4/Oas3/Igtp/Slit2/Sorl1/Ikbke/Usp18/Tmc8/Tnfrsf11b/Naip5/Syk",37
"GO:0002440","production of molecular mediator of immune response","41/650","227/25615",0.180616740088106,7.1176889190105,14.9387984896384,3.40763087878341e-23,1.67103975307669e-21,1.67103975307669e-21,"Samhd1/Lacc1/Ptprc/Sash3/Clec7a/Il18r1/Cd86/Laptm5/Irf5/Gimap3/B2m/Tnf/Cd22/Tlr9/Cd27/Fcer1g/Rigi/Nr4a3/Tlr8/Cd74/Plcg2/Cd40/Scimp/Ccr2/Sectm1a/Xcl1/Il1b/Nlrp3/Cd226/Tlr2/Malt1/Cd160/Rsad2/Icosl/Ifng/Cd96/Tbx21/Calhm6/Tnfaip3/Tlr3/Ptpn22",41
"GO:0035710","CD4-positive, alpha-beta T cell activation","33/650","136/25615",0.242647058823529,9.56216063348416,16.1544148618809,3.66782359026976e-23,1.78500748059795e-21,1.78500748059795e-21,"Irgm1/Tarm1/Spn/Sash3/Ly9/Ripk2/Il18r1/Irf1/Gimap3/Nkg7/Cd83/Slamf6/Ccr2/Cd69/Xcl1/Icos/Nfkbid/Socs1/Nlrp3/Irf4/Il2rg/Malt1/Cd160/Il12rb1/Rsad2/Sema4a/Il12b/Tbx21/Tox/Nckap1l/Cd274/Gpr65/Runx3",33
"GO:0042113","B cell activation","48/650","324/25615",0.148148148148148,5.83817663817664,14.1416739554589,4.68894633018226e-23,2.2647963327136e-21,2.2647963327136e-21,"Lax1/Cd300a/Ptprc/Il7r/Il7/Dpp4/Sash3/Pnp/Nfatc2/Tnfsf13b/Cd86/Laptm5/Cd22/Ptprj/Ikzf3/Tlr9/C3/Hhex/Cd27/Card11/Cd180/Vav1/Cd74/Cfb/Ctla4/Plcg2/Tbc1d10c/Id2/Cd40/Tyrobp/Pik3cd/Slamf8/Irf8/Themis2/Il2rg/Malt1/Dock10/Icosl/Ifng/Prkcd/Ikzf1/Tbx21/Nckap1l/Ptpn6/Inpp5d/Tnfaip3/Rasgrp1/Syk",48
"GO:0071621","granulocyte chemotaxis","32/650","128/25615",0.25,9.85192307692308,16.1999193455582,6.21727191793409e-23,2.98057871647825e-21,2.98057871647825e-21,"Ccl3/Bst1/Csf3r/Ccl22/Dpp4/Ccl2/Cx3cl1/Itgam/Itgb2/Rac2/Ptprj/C3ar1/Sell/Fcer1g/Vav1/Cd74/Ccl5/Cxcl9/Cmklr1/Xcl1/Il1b/Fcgr3/Slit2/Ccl4/Ifng/Nckap1l/Ccl1/Cxcl10/Prex1/Gpr35/Jaml/Syk",32
"GO:0032729","positive regulation of type II interferon production","27/650","83/25615",0.325301204819277,12.8193697868397,17.402856714017,6.55915857256579e-23,3.12118775334538e-21,3.12118775334538e-21,"Sash3/Ripk2/Clec7a/Il18r1/Tnf/Tlr9/Klrk1/Cd27/Klre1/Tlr8/Cd2/Slc11a1/Slamf6/Ccr2/Il1b/Crtam/Cd226/Irf8/Carmil2/H2-M3/Cd160/Il12rb1/Il12b/Cd3e/Tlr3/Ptpn22/Cd14",27
"GO:0002286","T cell activation involved in immune response","33/650","139/25615",0.237410071942446,9.35578306585501,15.9389068293012,7.7549971663022e-23,3.66309572031804e-21,3.66309572031804e-21,"H2-DMb2/Fgl2/Spn/Clec4d/H2-DMb1/Ly9/Ripk2/Il18r1/Irf1/Icam1/Fcer1g/Clec4e/Itgal/Cd74/Slc11a1/Slfn2/Slamf6/Ccr2/Cd69/Tyrobp/Nfkbid/Nlrp3/Irf4/H2-M3/Malt1/Il12rb1/Sema4a/Ifng/Il12b/Tbx21/Nckap1l/Lcp1/Rab27a",33
"GO:0002702","positive regulation of production of molecular mediator of immune response","32/650","129/25615",0.248062015503876,9.77555158020274,16.1230809586686,8.07438264897321e-23,3.78611928007328e-21,3.78611928007328e-21,"Lacc1/Ptprc/Sash3/Clec7a/Il18r1/Cd86/Laptm5/Irf5/Gimap3/B2m/Tnf/Tlr9/Cd27/Fcer1g/Rigi/Nr4a3/Cd74/Plcg2/Cd40/Scimp/Sectm1a/Xcl1/Il1b/Nlrp3/Cd226/Tlr2/Malt1/Cd160/Rsad2/Ifng/Tbx21/Ptpn22",32
"GO:0002717","positive regulation of natural killer cell mediated immunity","21/650","43/25615",0.488372093023256,19.2456171735242,19.321464171464,1.41191849785273e-22,6.57258292043908e-21,6.57258292043909e-21,"Dpp4/Gimap3/Klrc1/Klrk1/Il18rap/Klrb1c/Klre1/Vav1/Klrc2/Slamf6/Lag3/Klri2/Klrd1/Crtam/Cd226/Sh2d1a/H2-M3/Cd160/Il12b/Cadm1/Rasgrp1",21
"GO:0062207","regulation of pattern recognition receptor signaling pathway","38/650","202/25615",0.188118811881188,7.41332825590251,14.7659291876645,3.07446915239842e-22,1.42089135503651e-20,1.42089135503651e-20,"Ifi207/Cd300a/Irgm1/Slc15a3/P2rx7/Irf1/Irf7/Tlr9/Gbp2/Cd300lf/Irgm2/Pld4/Nr1h3/Plcg2/Ifi35/Treml4/Tasl/Mefv/Pik3ap1/Casp4/Igtp/Nlrp3/Irf4/Smpdl3b/Trim30a/Acod1/Eif2ak2/Ddx60/Rsad2/Dhx58/Gbp5/Tlr1/Tnfaip3/Tlr3/Oasl1/Ptpn22/Cd14/Syk",38
"GO:0045582","positive regulation of T cell differentiation","31/650","125/25615",0.248,9.77310769230769,15.8654774072088,3.83474806185568e-22,1.75960153924006e-20,1.75960153924006e-20,"Rhoh/Ptprc/Il7r/H2-DMa/Zap70/Il7/Sash3/Pnp/Ripk2/Irf1/H2-Aa/Gimap3/Cd27/Cd74/Il2ra/Cd83/Ccr2/Pik3r6/Nfkbid/Socs1/Nlrp3/Carmil2/Il2rg/Malt1/Lck/Ikzf1/Nckap1l/Rasgrp1/Gpr65/Runx3/Syk",31
"GO:0002720","positive regulation of cytokine production involved in immune response","25/650","73/25615",0.342465753424658,13.4957850368809,17.2515102679751,6.06610329569721e-22,2.76373387032332e-20,2.76373387032332e-20,"Lacc1/Sash3/Clec7a/Il18r1/Laptm5/Irf5/Gimap3/B2m/Fcer1g/Rigi/Nr4a3/Cd74/Plcg2/Scimp/Sectm1a/Xcl1/Il1b/Nlrp3/Cd226/Tlr2/Malt1/Cd160/Rsad2/Ifng/Tbx21",25
"GO:0001913","T cell mediated cytotoxicity","26/650","81/25615",0.320987654320988,12.6493827160494,16.943986294319,6.11823198838383e-22,2.76785368263224e-20,2.76785368263224e-20,"Ptprc/Il7r/H2-Q6/P2rx7/Pnp/H2-K1/B2m/H2-Q4/H2-T23/Ctsh/H2-T22/Ctsc/Tap2/Klrd1/Xcl1/H2-M3/H2-D1/H2-T24/Prf1/Il12b/H2-Q7/Nckap1l/Serpinb9/Gzmb/H2-M2/Rab27a",26
"GO:0045954","positive regulation of natural killer cell mediated cytotoxicity","20/650","40/25615",0.5,19.7038461538462,19.1021693856971,7.88419452833739e-22,3.54182277273003e-20,3.54182277273003e-20,"Gimap3/Klrc1/Klrk1/Il18rap/Klrb1c/Klre1/Vav1/Klrc2/Slamf6/Lag3/Klri2/Klrd1/Crtam/Cd226/Sh2d1a/H2-M3/Cd160/Il12b/Cadm1/Rasgrp1",20
"GO:0043123","positive regulation of canonical NF-kappaB signal transduction","38/650","210/25615",0.180952380952381,7.13091575091575,14.3947786705993,1.29476365215608e-21,5.77608451489629e-20,5.77608451489628e-20,"Tifa/Nampt/Trim25/Clec4d/Cx3cl1/Ripk2/Casp1/Clec7a/Slco3a1/Nod1/Tnf/Clec4n/Cd4/Tlr9/Card11/Trim12a/Tgm2/Tlr8/Cd74/Ltb/Il1a/Plcg2/Cd40/Il1b/Trim30a/Fasl/Tlr2/Trim30d/Malt1/Ikbke/Eif2ak2/Ubd/Tmc8/Trim12c/Tifab/Casp7/Tnfsf10/Tlr3",38
"GO:0032755","positive regulation of interleukin-6 production","29/650","110/25615",0.263636363636364,10.3893006993007,15.9237929587579,1.30426598620555e-21,5.77834806578237e-20,5.77834806578237e-20,"Ptafr/Unc93b1/Nos2/P2rx7/Ripk2/Clec7a/Nod1/Laptm5/Tnf/Ccr5/Tlr9/Mbp/Fcer1g/Rigi/Tlr8/Cd74/Il1a/Plcg2/Scimp/Lilra5/Il1b/Ifih1/Tyrobp/Aif1/Tlr2/Ifng/Tlr1/Tlr3/Syk",29
"GO:0050854","regulation of antigen receptor-mediated signaling pathway","26/650","84/25615",0.30952380952381,12.197619047619,16.5867391300002,1.75930613149948e-21,7.7409469785977e-20,7.7409469785977e-20,"Cd300a/Stap1/Ptprc/Pdcd1lg2/Cd86/Laptm5/Cd22/Ptprj/Fcer1g/Card11/Ctla4/Lpxn/Lag3/Cd226/Sh2d1a/Malt1/Cd160/Lck/Pdcd1/Ptpn6/Prkch/Cd274/Ubash3a/Cd72/Cd5/Ptpn22",26
"GO:0050868","negative regulation of T cell activation","32/650","144/25615",0.222222222222222,8.75726495726496,15.0624795161558,3.07408693544476e-21,1.34339690294538e-19,1.34339690294538e-19,"Lax1/Cd300a/Fgl2/Tarm1/Pdcd1lg2/Spn/Pag1/Irf1/H2-Aa/Cd86/Laptm5/Gimap3/Cd74/Il2ra/Ctla4/Tigit/Slfn1/Lag3/Cd69/Xcl1/Crtam/Nfkbid/Socs1/Zc3h12d/Tbx21/Tnfaip8l2/Pdcd1/Ptpn6/Cd274/Ido1/Ptpn22/Runx3",32
"GO:0030522","intracellular receptor signaling pathway","54/650","454/25615",0.118942731277533,4.68725855642155,12.7907840110184,3.33967333694943e-21,1.44959875111913e-19,1.44959875111913e-19,"Ifi207/Irgm1/Gsdmd/Tifa/Lacc1/Unc93b1/Trim25/Slc15a3/Oas1a/P2rx7/Ripk2/Irf1/Nod1/Cd86/Irf7/Irf5/Tnf/Tlr9/Gbp2/Irgm2/Rigi/Oas1g/Pld4/Nr4a3/Tlr8/Nr1h3/Plcg2/Treml4/Oas1b/Tasl/Scimp/Mefv/Ifih1/Pik3ap1/Casp4/Oas3/Igtp/Nlrp3/Trim30a/Rnf135/Eif2ak2/Ddx60/Rsad2/Cyp7b1/Dhx58/Ptpn6/Gbp5/Traf3ip3/Irf2/Tnfaip3/Tlr3/Oasl1/Ptpn22/Syk",54
"GO:0002685","regulation of leukocyte migration","40/650","242/25615",0.165289256198347,6.51366815003179,13.9056723680184,3.51365933989686e-21,1.51488238922802e-19,1.51488238922802e-19,"Ccl3/Cd300a/Ccr1/Bst1/Ptafr/Tnfrsf18/Stap1/Gpsm3/Spn/Dpp4/Ccl2/Cx3cl1/Rac2/Ptprj/C3ar1/Icam1/Klrk1/Sell/Cd74/Fpr2/Ccl5/Il1a/Gpr18/Cmklr1/Ccr2/Cd69/Cxcr3/Xcl1/Il1b/Slit2/Aif1/Slamf8/Itga4/Tlr2/Cd200/Nckap1l/Ccl1/Cxcl10/P2rx4/Ptpn22",40
"GO:0022408","negative regulation of cell-cell adhesion","38/650","217/25615",0.175115207373272,6.90088621056363,14.0856516343606,4.31106363868936e-21,1.84628485432936e-19,1.84628485432936e-19,"Lax1/Cd300a/Fgl2/Tarm1/Pdcd1lg2/Spn/Il1rn/Pag1/Irf1/H2-Aa/Cd86/Laptm5/Gimap3/Mbp/Sell/Cd74/Il2ra/Ctla4/Tigit/Slfn1/Lag3/Cd69/Xcl1/Crtam/Nfkbid/Socs1/Zc3h12d/Prkcd/Tbx21/Tnfaip8l2/Pdcd1/Ptpn6/Cd274/Akna/Ido1/Tnfaip3/Ptpn22/Runx3",38
"GO:1903038","negative regulation of leukocyte cell-cell adhesion","33/650","159/25615",0.207547169811321,8.17895500725689,14.6519122227437,7.14435255196261e-21,3.03942521813297e-19,3.03942521813297e-19,"Lax1/Cd300a/Fgl2/Tarm1/Pdcd1lg2/Spn/Pag1/Irf1/H2-Aa/Cd86/Laptm5/Gimap3/Sell/Cd74/Il2ra/Ctla4/Tigit/Slfn1/Lag3/Cd69/Xcl1/Crtam/Nfkbid/Socs1/Zc3h12d/Tbx21/Tnfaip8l2/Pdcd1/Ptpn6/Cd274/Ido1/Ptpn22/Runx3",33
"GO:0002474","antigen processing and presentation of peptide antigen via MHC class I","23/650","64/25615",0.359375,14.1621394230769,17.01148077074,7.55764784250986e-21,3.19410064080812e-19,3.19410064080812e-19,"Mpeg1/H2-Q6/Tapbpl/Tapbp/Clec4a1/H2-K1/Tap1/B2m/H2-Q4/H2-T23/H2-T22/Fcer1g/Clec4a2/Tap2/Clec4a3/Fcgr1/Erap1/Fcgr3/H2-M3/H2-D1/H2-T24/H2-Q7/H2-M2",23
"GO:0050766","positive regulation of phagocytosis","26/650","92/25615",0.282608695652174,11.1369565217391,15.7168400335289,2.35747108310947e-20,9.89829688751324e-19,9.89829688751324e-19,"Stap1/Ptprc/Ccl2/Clec7a/Sirpb1a/Ptprj/C3/Cd300lf/Fcer1g/Fpr2/Plcg2/Slc11a1/Gpr18/Fcgr1/Fcgr3/Fcgr2b/Il2rb/Tlr2/Il2rg/Il15ra/C2/Ifng/Nckap1l/Dock2/Rab27a/Sirpa",26
"GO:0071674","mononuclear cell migration","38/650","229/25615",0.165938864628821,6.53926771918038,13.5863423765903,3.03848609862236e-20,1.26748277256819e-18,1.26748277256819e-18,"Ccl3/Ccr1/Stap1/Spn/Ccl2/Cx3cl1/Ptprj/C3ar1/Icam1/Klrk1/Itgal/Fpr2/Ccl5/Cmklr1/Ccr2/Cd69/Cxcr3/Xcl1/Crtam/Slit2/Aif1/Slamf8/Myo1g/Itga4/Slamf9/Cd200/Cyp7b1/Tbx21/Cadm1/Ccl1/Cxcl10/Trpm2/Gpr35/Jaml/Cxcl16/P2rx4/F11r/Sirpa",38
"GO:0030593","neutrophil chemotaxis","26/650","94/25615",0.276595744680851,10.9,15.516003659392,4.3135021171547e-20,1.78773790971624e-18,1.78773790971624e-18,"Ccl3/Bst1/Csf3r/Dpp4/Ccl2/Cx3cl1/Itgam/Itgb2/Rac2/C3ar1/Sell/Fcer1g/Vav1/Cd74/Cxcl9/Xcl1/Il1b/Fcgr3/Slit2/Ifng/Nckap1l/Cxcl10/Prex1/Gpr35/Jaml/Syk",26
"GO:0032731","positive regulation of interleukin-1 beta production","22/650","61/25615",0.360655737704918,14.2126103404792,16.6706945883433,4.87536656598584e-20,2.00765094999314e-18,2.00765094999314e-18,"Ccl3/Ifi207/Gsdmd/Aim2/P2rx7/Ripk2/Casp1/Clec7a/Nod1/Tnf/Ccr5/Tlr8/Lilra5/Mefv/Casp4/Tyrobp/Nlrp3/Tlr2/Malt1/Ifng/Gbp5/Naip5",22
"GO:0042116","macrophage activation","29/650","124/25615",0.233870967741935,9.21631513647643,14.7987178500455,4.9768982501908e-20,2.03640728402712e-18,2.03640728402712e-18,"Irgm1/Nampt/Stap1/Cx3cl1/Itgam/Casp1/Tnf/Tlr9/Ctsc/Il1rl1/Fpr2/C1qa/Nr1h3/Cd84/Plcg2/Slc11a1/Ifi35/Tyrobp/Aif1/Epsti1/Tlr2/Tmem106a/Cd200/Ifng/Cst7/Tlr1/Nmi/Tlr3/Syk",29
"GO:0002220","innate immune response activating cell surface receptor signaling pathway","27/650","104/25615",0.259615384615385,10.2308431952663,15.2203240049212,5.09027044426855e-20,2.06961375531526e-18,2.06961375531526e-18,"Oas1a/Ripk2/Clec7a/Klrc1/Clec4n/Klrk1/Klre1/Oas1g/Klrc2/Nr1h3/Plcg2/Ifi35/Oas1b/Scimp/Klri2/Klrd1/Tnip3/Pik3ap1/Tyrobp/Acod1/Tlr2/Tlr1/Nmi/Tnfaip3/Ptpn22/Cd14/Syk",27
"GO:0032481","positive regulation of type I interferon production","27/650","105/25615",0.257142857142857,10.1334065934066,15.132190763974,6.69134952367808e-20,2.70347354340302e-18,2.70347354340302e-18,"Oas1a/Xaf1/Oas2/Irf1/Irf7/Irf5/Stat1/Arrdc4/Tlr9/Rigi/Oas1g/Tlr8/Plcg2/Oas1b/Ifih1/Tyrobp/Oas3/Tlr2/Ikbke/Rnf135/Dhx58/Traf3ip3/Clec12a/Tlr3/Ptpn22/Cd14/Syk",27
"GO:0002711","positive regulation of T cell mediated immunity","26/650","97/25615",0.268041237113402,10.5628865979381,15.2258361535197,1.03615781243769e-19,4.16017361693734e-18,4.16017361693734e-18,"Ptprc/H2-Q6/Sash3/P2rx7/Pnp/H2-K1/Il18r1/B2m/H2-Q4/H2-T23/H2-T22/Tap2/Sectm1a/Xcl1/Il1b/Nlrp3/H2-M3/Malt1/H2-D1/Rsad2/H2-T24/Ifng/Il12b/Tbx21/H2-Q7/H2-M2",26
"GO:0002396","MHC protein complex assembly","14/650","18/25615",0.777777777777778,30.6504273504273,20.304966217335,1.11469151574998e-19,4.42023351677648e-18,4.42023351677648e-18,"H2-DMb2/H2-DMa/H2-DMb1/Tapbpl/Tapbp/Tap1/H2-Aa/B2m/H2-Ob/Tap2/H2-Oa/H2-Eb1/Erap1/H2-Ab1",14
"GO:0002501","peptide antigen assembly with MHC protein complex","14/650","18/25615",0.777777777777778,30.6504273504273,20.304966217335,1.11469151574998e-19,4.42023351677648e-18,4.42023351677648e-18,"H2-DMb2/H2-DMa/H2-DMb1/Tapbpl/Tapbp/Tap1/H2-Aa/B2m/H2-Ob/Tap2/H2-Oa/H2-Eb1/Erap1/H2-Ab1",14
"GO:0007162","negative regulation of cell adhesion","44/650","327/25615",0.134556574923547,5.3025641025641,12.6349515263539,1.48354027027636e-19,5.84678693021798e-18,5.84678693021798e-18,"Lax1/Cd300a/Ptprc/Myo1f/Fgl2/Tarm1/Pdcd1lg2/Spn/Il1rn/Pag1/Irf1/H2-Aa/Cd86/Laptm5/Gimap3/Mbp/Sell/Cd74/Plxnc1/Il2ra/Ctla4/Lpxn/Tigit/Slfn1/Lag3/Cd69/Xcl1/Crtam/Nfkbid/Socs1/Zc3h12d/Prkcd/Sema4d/Tbx21/Tnfaip8l2/Pdcd1/Ptpn6/Cd274/Akna/Ido1/Tnfaip3/Ptpn22/Runx3/Enpp2",44
"GO:0032615","interleukin-12 production","22/650","64/25615",0.34375,13.5463942307692,16.2156574503873,1.64776062384946e-19,6.41528136218723e-18,6.41528136218723e-18,"Unc93b1/Clec7a/Irf1/Laptm5/Irf5/Tlr9/Tlr8/Ltb/Plcg2/Tigit/Cd40/Cmklr1/Scimp/Lilra5/Mefv/Irf8/Tlr2/Ifng/Il12b/Ido1/Tlr3/Syk",22
"GO:0032655","regulation of interleukin-12 production","22/650","64/25615",0.34375,13.5463942307692,16.2156574503873,1.64776062384946e-19,6.41528136218723e-18,6.41528136218723e-18,"Unc93b1/Clec7a/Irf1/Laptm5/Irf5/Tlr9/Tlr8/Ltb/Plcg2/Tigit/Cd40/Cmklr1/Scimp/Lilra5/Mefv/Irf8/Tlr2/Ifng/Il12b/Ido1/Tlr3/Syk",22
"GO:0002444","myeloid leukocyte mediated immunity","29/650","131/25615",0.221374045801527,8.72384028185555,14.3009447875182,2.54678278478326e-19,9.85574253581185e-18,9.85574253581185e-18,"Ccl3/Cd300a/Unc13d/Ptafr/Stap1/Myo1f/Itgam/Itgb2/Fgr/Rac2/C3/Dnase1l3/Fcgr4/Sell/Fcer1g/Rigi/Nr4a3/Lat/Cd84/Fcgr1/Ccr2/Tyrobp/Fcgr3/Fcgr2b/Ncf1/Gab2/Stxbp2/Rasgrp1/Syk",29
"GO:0002224","toll-like receptor signaling pathway","24/650","83/25615",0.289156626506024,11.3949953660797,15.3056058115876,3.77212215455644e-19,1.45102471382458e-17,1.45102471382458e-17,"Cd300a/Unc93b1/Irf1/Cd86/Irf7/Tlr9/Cd300lf/Tlr11/Tlr8/Tlr12/Plcg2/Tasl/Scimp/Tnip3/Pik3ap1/Irf4/Smpdl3b/Mapkapk3/Trim30a/Tlr2/Tifab/Cd274/Tlr1/Tlr3",24
"GO:1990266","neutrophil migration","28/650","123/25615",0.227642276422764,8.97085678549093,14.2983262617135,4.78502183822417e-19,1.82970120766381e-17,1.82970120766381e-17,"Ccl3/Bst1/Csf3r/Dpp4/Ccl2/Cx3cl1/Itgam/Itgb2/Rac2/C3ar1/Sell/Fcer1g/Vav1/Cd74/Il1a/Cxcl9/Xcl1/Il1b/Fcgr3/Slit2/Slamf8/Ifng/Nckap1l/Cxcl10/Prex1/Gpr35/Jaml/Syk",28
"GO:0140374","antiviral innate immune response","25/650","93/25615",0.268817204301075,10.5934656741108,14.9550973288293,4.88511050233136e-19,1.85692011047199e-17,1.85692011047199e-17,"Trim25/Zbp1/Oas1a/Apobec3/Oas2/Ifit3b/Tnf/Oasl2/Trim21/Rigi/Oas1g/Oas1b/Ifih1/Oas3/Ifit1/Ifit1bl1/Ifit2/Rnf135/Usp18/Eif2ak2/Dhx58/Ifit3/Traf3ip3/Cxcl10/Oasl1",25
"GO:0043367","CD4-positive, alpha-beta T cell differentiation","27/650","114/25615",0.236842105263158,9.3334008097166,14.3888367820068,6.82751919529997e-19,2.579999018271e-17,2.579999018271e-17,"Spn/Sash3/Ly9/Ripk2/Il18r1/Irf1/Gimap3/Cd83/Slamf6/Ccr2/Cd69/Icos/Nfkbid/Socs1/Nlrp3/Irf4/Il2rg/Malt1/Il12rb1/Rsad2/Sema4a/Il12b/Tbx21/Tox/Nckap1l/Gpr65/Runx3",27
"GO:0002275","myeloid cell activation involved in immune response","27/650","115/25615",0.234782608695652,9.25224080267559,14.3113406081753,8.71276524344988e-19,3.27314642829954e-17,3.27314642829954e-17,"Ccl3/Cd300a/Unc13d/Ptafr/Myo1f/Itgam/Itgb2/Fgr/Tnf/Rac2/Dnase1l3/Fcer1g/Nr4a3/Lat/Cd84/Plcg2/Ifi35/Ccr2/Tyrobp/Gab2/Ifng/Ptpn6/Dock2/Nmi/Stxbp2/Rasgrp1/Syk",27
"GO:0032623","interleukin-2 production","22/650","69/25615",0.318840579710145,12.5647714604236,15.5213589268808,1.07212073788699e-18,3.98110035848903e-17,3.98110035848903e-17,"Ptprc/Sash3/Pnp/Ripk2/Clec7a/Laptm5/Fcer1g/Card11/Cd83/Il1a/Plcg2/Lag3/Ccr2/Gpr174/Xcl1/Il1b/Irf4/Carmil2/Malt1/Tbx21/Cd3e/Tnfaip3",22
"GO:0032663","regulation of interleukin-2 production","22/650","69/25615",0.318840579710145,12.5647714604236,15.5213589268808,1.07212073788699e-18,3.98110035848903e-17,3.98110035848903e-17,"Ptprc/Sash3/Pnp/Ripk2/Clec7a/Laptm5/Fcer1g/Card11/Cd83/Il1a/Plcg2/Lag3/Ccr2/Gpr174/Xcl1/Il1b/Irf4/Carmil2/Malt1/Tbx21/Cd3e/Tnfaip3",22
"GO:0031663","lipopolysaccharide-mediated signaling pathway","22/650","70/25615",0.314285714285714,12.3852747252747,15.3910828776552,1.52682988058731e-18,5.6369857200534e-17,5.6369857200534e-17,"Ptafr/Cx3cl1/Ripk2/Ly86/Cd6/Stat1/Cd180/Cd84/Plcg2/Scimp/Trim30a/Acod1/Trim30d/Malt1/Trim12c/Ptpn6/Tifab/Tlr1/Tnfaip3/Ptpn22/Cd14/Sirpa",22
"GO:0036037","CD8-positive, alpha-beta T cell activation","17/650","35/25615",0.485714285714286,19.1408791208791,17.3289272030493,1.81104788050641e-18,6.64809804821325e-17,6.64809804821325e-17,"Clec4a1/Irf1/Clec4a2/Wdfy4/Clec4a3/Gpr18/Xcl1/Crtam/Igtp/Socs1/Tnfsf8/Ifng/Tox/Nckap1l/Cd274/Ptpn22/Runx3",17
"GO:0050864","regulation of B cell activation","29/650","143/25615",0.202797202797203,7.99176976869285,13.5286110353384,3.29319419865468e-18,1.20201588250896e-16,1.20201588250896e-16,"Cd300a/Ptprc/Il7/Sash3/Pnp/Nfatc2/Tnfsf13b/Laptm5/Cd22/Ikzf3/Tlr9/Cd27/Card11/Cd74/Ctla4/Tbc1d10c/Id2/Cd40/Tyrobp/Slamf8/Themis2/Il2rg/Ifng/Tbx21/Nckap1l/Ptpn6/Inpp5d/Tnfaip3/Syk",29
"GO:0032732","positive regulation of interleukin-1 production","22/650","73/25615",0.301369863013699,11.8762908324552,15.0156586736882,4.2465803568106e-18,1.54124475774866e-16,1.54124475774866e-16,"Ccl3/Ifi207/Gsdmd/Aim2/P2rx7/Ripk2/Casp1/Clec7a/Nod1/Tnf/Ccr5/Tlr8/Lilra5/Mefv/Casp4/Tyrobp/Nlrp3/Tlr2/Malt1/Ifng/Gbp5/Naip5",22
"GO:0002698","negative regulation of immune effector process","29/650","145/25615",0.2,7.88153846153846,13.4086379946005,4.91529977367433e-18,1.77392616551033e-16,1.77392616551033e-16,"Cd300a/Ptprc/Fgl2/Il7r/Spn/Tap1/Irf1/Tnf/Cd22/Clec2d/Klre1/Tap2/Cd84/Tigit/Lag3/Ccr2/Klrd1/Cd69/Klrb1b/Slamf8/Cd96/Tbx21/Pdcd1/Nckap1l/Ptpn6/Serpinb9/Inpp5d/Cd274/Tnfaip3",29
"GO:0050792","regulation of viral process","30/650","157/25615",0.191082802547771,7.53013228809407,13.2430878554315,5.03127922012348e-18,1.80563897821638e-16,1.80563897821638e-16,"Ifi207/Gbp7/Znfx1/Trim25/Oas1a/Apobec3/Oas2/Adar/Tnf/Stat1/Oasl2/Cd4/Trim21/Cxcr4/Trim12a/Oas1g/Cd74/Ccl5/Oas1b/Ifih1/Oas3/Ifit1/Trim30a/Trim30d/Eif2ak2/Rsad2/Trim12c/Mx2/Oasl1/Sp100",30
"GO:0043299","leukocyte degranulation","24/650","93/25615",0.258064516129032,10.1697270471464,14.2945380874137,7.06748441094853e-18,2.52230665866296e-16,2.52230665866296e-16,"Ccl3/Cd300a/Unc13d/Ptafr/Myo1f/Itgam/Itgb2/Fgr/Rac2/Fcgr4/Fcer1g/Nkg7/Nr4a3/Lat/Cd84/Ccr2/Gab2/Cd160/Nckap1l/Coro1a/Stxbp2/Rasgrp1/Rab27a/Syk",24
"GO:0140894","endolysosomal toll-like receptor signaling pathway","20/650","60/25615",0.333333333333333,13.1358974358974,15.1858524455207,1.49225908136013e-17,5.29628306003177e-16,5.29628306003177e-16,"Unc93b1/Oas1a/Irf1/Cd86/Tnf/Tlr9/Oas1g/Pld4/Tlr8/Treml4/Oas1b/Tasl/Scimp/Pik3ap1/Rsad2/Irf2/Tnfaip3/Tlr3/Ptpn22/Syk",20
"GO:0050830","defense response to Gram-positive bacterium","31/650","178/25615",0.174157303370787,6.86313742437338,12.6659195585181,2.27037690587659e-17,8.01368200184132e-16,8.01368200184132e-16,"Gsdmd/Gbp7/Gbp8/Myo1f/Mpeg1/Il7r/P2rx7/Ripk2/Nod1/Gbp9/B2m/Fgr/Tnf/Gbp2/Klrk1/Pglyrp2/Il1b/Casp4/Gbp2b/Gbp6/Ncf1/Nlrp3/Tnfsf8/Tlr2/Gbp10/Ifng/Lyz2/Rnase6/Hck/Gbp3/Gbp4",31
"GO:0002688","regulation of leukocyte chemotaxis","27/650","130/25615",0.207692307692308,8.18467455621302,13.251530900601,2.52590367049638e-17,8.86688807610314e-16,8.86688807610313e-16,"Ccl3/Ccr1/Bst1/Stap1/Gpsm3/Dpp4/Ccl2/Cx3cl1/Rac2/Ptprj/C3ar1/Klrk1/Sell/Cd74/Fpr2/Ccl5/Gpr18/Cmklr1/Ccr2/Xcl1/Il1b/Slit2/Aif1/Slamf8/Nckap1l/Ccl1/Cxcl10",27
"GO:0032611","interleukin-1 beta production","24/650","98/25615",0.244897959183673,9.65086342229199,13.8448189972794,2.64578120975713e-17,9.18729648188096e-16,9.18729648188096e-16,"Ccl3/Ifi207/Gsdmd/Aim2/P2rx7/Ripk2/Casp1/Clec7a/Nod1/Tnf/Ccr5/Tlr8/Lilra5/Mefv/Casp4/Tyrobp/Nlrp3/Tlr2/Malt1/Ifng/Gbp5/Tnfaip3/Naip5/Sirpa",24
"GO:0032651","regulation of interleukin-1 beta production","24/650","98/25615",0.244897959183673,9.65086342229199,13.8448189972794,2.64578120975713e-17,9.18729648188096e-16,9.18729648188096e-16,"Ccl3/Ifi207/Gsdmd/Aim2/P2rx7/Ripk2/Casp1/Clec7a/Nod1/Tnf/Ccr5/Tlr8/Lilra5/Mefv/Casp4/Tyrobp/Nlrp3/Tlr2/Malt1/Ifng/Gbp5/Tnfaip3/Naip5/Sirpa",24
"GO:0060760","positive regulation of response to cytokine stimulus","21/650","72/25615",0.291666666666667,11.4939102564103,14.3878942807006,5.21148111045346e-17,1.79992229320178e-15,1.79992229320178e-15,"Irgm1/Il7/Zbp1/Ripk2/Casp1/Laptm5/Irf7/Cd300lf/Irgm2/Cxcr4/Rigi/Parp14/Parp9/Cd74/Cd40/Ifih1/Nlrc5/Casp4/Igtp/Tlr2/Ikbke",21
"GO:0050858","negative regulation of antigen receptor-mediated signaling pathway","18/650","48/25615",0.375,14.7778846153846,15.4167514972526,5.42814072392494e-17,1.86472598986598e-15,1.86472598986598e-15,"Cd300a/Pdcd1lg2/Cd86/Laptm5/Cd22/Ptprj/Ctla4/Lpxn/Lag3/Sh2d1a/Cd160/Pdcd1/Ptpn6/Cd274/Ubash3a/Cd72/Cd5/Ptpn22",18
"GO:0002886","regulation of myeloid leukocyte mediated immunity","21/650","73/25615",0.287671232876712,11.33645943098,14.2703748089259,7.14462119834231e-17,2.44133226479527e-15,2.44133226479527e-15,"Cd300a/Unc13d/Ptafr/Stap1/Itgam/Itgb2/Fgr/Rac2/C3/Dnase1l3/Sell/Fcer1g/Rigi/Cd84/Fcgr1/Ccr2/Tyrobp/Fcgr3/Gab2/Stxbp2/Syk",21
"GO:0002573","myeloid leukocyte differentiation","38/650","289/25615",0.131487889273356,5.18163428267234,11.5356285562385,1.03002532042529e-16,3.50099611556193e-15,3.50099611556193e-15,"Ccl3/Ifi207/Gpr55/Ccr1/Pirb/Ucp2/Itgam/Gimap3/Tnf/Cd4/Hhex/Cd300lf/Clec2d/Snx10/Fcer1g/Il1rl1/Cd74/Pilrb1/Ccl5/Id2/Rassf2/C1qc/Tyrobp/Socs1/Irf4/Epsti1/Gab2/Tlr2/Ubd/Ifng/Il12b/Batf2/Ikzf1/Inpp5d/Gpr68/Inpp4b/Hcls1/Tnfrsf11b",38
"GO:0019886","antigen processing and presentation of exogenous peptide antigen via MHC class II","13/650","20/25615",0.65,25.615,17.7691587231699,1.05849435788598e-16,3.57882513424187e-15,3.57882513424187e-15,"H2-DMb2/Unc93b1/H2-DMa/H2-DMb1/Ctss/H2-Aa/B2m/Fcer1g/H2-Ob/Cd74/H2-Oa/H2-Eb1/H2-Ab1",13
"GO:0045058","T cell selection","20/650","66/25615",0.303030303030303,11.9417249417249,14.3615198693784,1.25562433957346e-16,4.2231051085968e-15,4.2231051085968e-15,"Bcl11b/Ptprc/H2-DMa/Spn/Zap70/Ly9/Cd4/Card11/Cd74/Cd3d/Slamf6/Themis/Cd69/Irf4/Cd3g/Tbx21/Tox/Dock2/Cd3e/Syk",20
"GO:0002495","antigen processing and presentation of peptide antigen via MHC class II","14/650","25/25615",0.56,22.0683076923077,17.0056841862367,1.37794444498242e-16,4.61037245550369e-15,4.61037245550369e-15,"H2-DMb2/Unc93b1/H2-DMa/H2-DMb1/Ctss/H2-Aa/B2m/Fcer1g/H2-Ob/Cd74/Marchf1/H2-Oa/H2-Eb1/H2-Ab1",14
"GO:0036230","granulocyte activation","19/650","58/25615",0.327586206896552,12.9094164456233,14.6514004250217,1.40217206098161e-16,4.6671260724072e-15,4.6671260724072e-15,"Ccl3/Cd300a/Ptafr/Myo1f/Itgam/Itgb2/Tnf/Dnase1l3/Fcgr4/Il18rap/Fcer1g/Ccl5/Ccr2/Tyrobp/Prkcd/Ptpn6/Clec12a/Stxbp2/Syk",19
"GO:0050856","regulation of T cell receptor signaling pathway","20/650","67/25615",0.298507462686567,11.7634902411022,14.2344819064089,1.74801154014812e-16,5.78826089376882e-15,5.78826089376882e-15,"Cd300a/Ptprc/Pdcd1lg2/Cd86/Laptm5/Ptprj/Fcer1g/Card11/Ctla4/Lag3/Cd226/Sh2d1a/Malt1/Cd160/Lck/Pdcd1/Ptpn6/Cd274/Ubash3a/Ptpn22",20
"GO:0002223","stimulatory C-type lectin receptor signaling pathway","11/650","13/25615",0.846153846153846,33.3449704142012,18.8222303235413,1.92569826143883e-16,6.27953585354469e-15,6.27953585354469e-15,"Clec7a/Klrc1/Clec4n/Klrk1/Klre1/Klrc2/Plcg2/Klri2/Klrd1/Tyrobp/Syk",11
"GO:1990840","response to lectin","11/650","13/25615",0.846153846153846,33.3449704142012,18.8222303235413,1.92569826143883e-16,6.27953585354469e-15,6.27953585354469e-15,"Clec7a/Klrc1/Clec4n/Klrk1/Klre1/Klrc2/Plcg2/Klri2/Klrd1/Tyrobp/Syk",11
"GO:1990858","cellular response to lectin","11/650","13/25615",0.846153846153846,33.3449704142012,18.8222303235413,1.92569826143883e-16,6.27953585354469e-15,6.27953585354469e-15,"Clec7a/Klrc1/Clec4n/Klrk1/Klre1/Klrc2/Plcg2/Klri2/Klrd1/Tyrobp/Syk",11
"GO:0001914","regulation of T cell mediated cytotoxicity","20/650","68/25615",0.294117647058824,11.5904977375566,14.1101122872919,2.41835379270753e-16,7.84621452745109e-15,7.84621452745109e-15,"Ptprc/Il7r/H2-Q6/P2rx7/Pnp/H2-K1/B2m/H2-Q4/H2-T23/H2-T22/Tap2/Klrd1/Xcl1/H2-M3/H2-D1/H2-T24/Il12b/H2-Q7/Nckap1l/H2-M2",20
"GO:0002704","negative regulation of leukocyte mediated immunity","22/650","87/25615",0.252873563218391,9.96516357206012,13.5157155856142,2.7010860547383e-16,8.71948583700444e-15,8.71948583700444e-15,"Cd300a/Ptprc/Il7r/Spn/Tap1/Clec2d/Klre1/Tap2/Cd84/Tigit/Lag3/Ccr2/Klrd1/Klrb1b/Cd96/Tbx21/Pdcd1/Nckap1l/Ptpn6/Serpinb9/Inpp5d/Cd274",22
"GO:0032612","interleukin-1 production","25/650","119/25615",0.210084033613445,8.27892695539754,12.842051653375,2.89466765701986e-16,9.25141543716198e-15,9.25141543716198e-15,"Ccl3/Ifi207/Gsdmd/Aim2/P2rx7/Cx3cl1/Ripk2/Casp1/Clec7a/Nod1/Tnf/Ccr5/Tlr8/Lilra5/Mefv/Casp4/Tyrobp/Nlrp3/Tlr2/Malt1/Ifng/Gbp5/Tnfaip3/Naip5/Sirpa",25
"GO:0032652","regulation of interleukin-1 production","25/650","119/25615",0.210084033613445,8.27892695539754,12.842051653375,2.89466765701986e-16,9.25141543716198e-15,9.25141543716198e-15,"Ccl3/Ifi207/Gsdmd/Aim2/P2rx7/Cx3cl1/Ripk2/Casp1/Clec7a/Nod1/Tnf/Ccr5/Tlr8/Lilra5/Mefv/Casp4/Tyrobp/Nlrp3/Tlr2/Malt1/Ifng/Gbp5/Tnfaip3/Naip5/Sirpa",25
"GO:0032735","positive regulation of interleukin-12 production","17/650","45/25615",0.377777777777778,14.8873504273504,15.0449200094227,3.47671714591075e-16,1.1056648982837e-14,1.1056648982837e-14,"Unc93b1/Clec7a/Irf1/Laptm5/Irf5/Tlr9/Ltb/Plcg2/Cd40/Scimp/Irf8/Tlr2/Ifng/Il12b/Ido1/Tlr3/Syk",17
"GO:0038094","Fc-gamma receptor signaling pathway","12/650","17/25615",0.705882352941177,27.8171945701357,17.8469654150764,3.55480889696017e-16,1.12493065783607e-14,1.12493065783607e-14,"Nos2/Clec4d/Fcgr4/Fcer1g/Clec4e/Fcgr1/Fcgr3/Fcgr2b/Myo1g/Ifng/Lck/Cd247",12
"GO:2000514","regulation of CD4-positive, alpha-beta T cell activation","21/650","79/25615",0.265822784810127,10.4754625121714,13.610282017671,4.25569153385889e-16,1.33598834052613e-14,1.33598834052613e-14,"Irgm1/Tarm1/Sash3/Ripk2/Irf1/Gimap3/Cd83/Ccr2/Cd69/Xcl1/Nfkbid/Socs1/Nlrp3/Il2rg/Malt1/Cd160/Tbx21/Nckap1l/Cd274/Gpr65/Runx3",21
"GO:0032728","positive regulation of interferon-beta production","18/650","53/25615",0.339622641509434,13.3837445573295,14.56203600069,4.26335009040872e-16,1.33598834052613e-14,1.33598834052613e-14,"Oas1a/Oas2/Irf1/Irf7/Irf5/Arrdc4/Tlr9/Rigi/Oas1g/Tlr8/Oas1b/Ifih1/Oas3/Tlr2/Rnf135/Traf3ip3/Tlr3/Ptpn22",18
"GO:0150076","neuroinflammatory response","23/650","99/25615",0.232323232323232,9.15532245532246,13.1184351783542,4.29513730444209e-16,1.33941563319107e-14,1.33941563319107e-14,"Ccr1/Nampt/Stap1/Cx3cl1/Itgam/Casp1/Tnf/Tlr9/Ctsc/Fpr2/C1qa/Ccl5/Plcg2/Il1b/Tyrobp/Aif1/Cd200r4/Tlr2/Cd200/Ifng/Cst7/Tlr1/Tlr3",23
"GO:0140888","interferon-mediated signaling pathway","25/650","122/25615",0.204918032786885,8.07534678436318,12.6399911213542,5.39759342068713e-16,1.67507923355044e-14,1.67507923355044e-14,"Samhd1/Irgm1/Zbp1/Oas1a/Oas2/Irf1/Adar/Irf7/Stat1/Oasl2/Irgm2/Parp14/Oas1g/Parp9/Oas1b/Ifih1/Nlrc5/Stat2/Oas3/Igtp/Ciita/Ikbke/Usp18/Ifng/Oasl1",25
"GO:0002504","antigen processing and presentation of peptide or polysaccharide antigen via MHC class II","14/650","27/25615",0.518518518518518,20.4336182336182,16.3022284087309,5.91676434286123e-16,1.82736991050676e-14,1.82736991050676e-14,"H2-DMb2/Unc93b1/H2-DMa/H2-DMb1/Ctss/H2-Aa/B2m/Fcer1g/H2-Ob/Cd74/Marchf1/H2-Oa/H2-Eb1/H2-Ab1",14
"GO:1903900","regulation of viral life cycle","25/650","124/25615",0.201612903225806,7.94509925558313,12.5090825530352,8.09146216680612e-16,2.4870599502183e-14,2.4870599502183e-14,"Ifi207/Gbp7/Znfx1/Trim25/Oas1a/Apobec3/Oas2/Adar/Tnf/Oasl2/Cd4/Trim12a/Oas1g/Cd74/Ccl5/Oas1b/Ifih1/Oas3/Trim30a/Trim30d/Eif2ak2/Rsad2/Trim12c/Mx2/Oasl1",25
"GO:0046638","positive regulation of alpha-beta T cell differentiation","18/650","55/25615",0.327272727272727,12.8970629370629,14.2518182345755,9.06710315239975e-16,2.77367003100076e-14,2.77367003100076e-14,"Zap70/Sash3/Pnp/Ripk2/Irf1/Gimap3/Cd83/Ccr2/Nfkbid/Socs1/Nlrp3/Il2rg/Malt1/Ikzf1/Nckap1l/Gpr65/Runx3/Syk",18
"GO:0048525","negative regulation of viral process","21/650","82/25615",0.25609756097561,10.0922138836773,13.3062366400742,9.75272758015298e-16,2.96926644430819e-14,2.96926644430819e-14,"Ifi207/Znfx1/Oas1a/Apobec3/Oas2/Adar/Tnf/Stat1/Oasl2/Trim21/Oas1g/Ccl5/Oas1b/Ifih1/Oas3/Ifit1/Eif2ak2/Rsad2/Mx2/Oasl1/Sp100",21
"GO:0032608","interferon-beta production","20/650","73/25615",0.273972602739726,10.7966280295047,13.5250909441636,1.12436723255814e-15,3.37520331866986e-14,3.37520331866986e-14,"Oas1a/Oas2/Irf1/Irf7/Irf5/Arrdc4/Tlr9/Rigi/Oas1g/Tlr8/Oas1b/Ifih1/Oas3/Tlr2/Rnf135/Traf3ip3/Nmi/Tlr3/Ptpn22/Sirpa",20
"GO:0032648","regulation of interferon-beta production","20/650","73/25615",0.273972602739726,10.7966280295047,13.5250909441636,1.12436723255814e-15,3.37520331866986e-14,3.37520331866986e-14,"Oas1a/Oas2/Irf1/Irf7/Irf5/Arrdc4/Tlr9/Rigi/Oas1g/Tlr8/Oas1b/Ifih1/Oas3/Tlr2/Rnf135/Traf3ip3/Nmi/Tlr3/Ptpn22/Sirpa",20
"GO:0050688","regulation of defense response to virus","20/650","73/25615",0.273972602739726,10.7966280295047,13.5250909441636,1.12436723255814e-15,3.37520331866986e-14,3.37520331866986e-14,"Irgm1/Aim2/Fgl2/Spn/Apobec3/Stat1/Irgm2/Rigi/Parp9/Ccl5/Treml4/Il1b/Igtp/Dtx3l/Il12rb1/Ifng/Il12b/Tspan32/Ptpn22/Gbp4",20
"GO:0016032","viral process","38/650","311/25615",0.122186495176849,4.81508780608459,10.9224417854928,1.19863574419613e-15,3.58141210265858e-14,3.58141210265858e-14,"Ifi207/Gbp7/Znfx1/Trim25/Dpp4/Oas1a/Apobec3/Oas2/Adar/Tnf/Stat1/Oasl2/Cd4/Icam1/Trim21/Cd300lf/Cxcr4/Trim12a/Oas1g/Cd74/Ccl5/Oas1b/Ifih1/Oas3/Ifit1/Trim30a/Trim30d/Eif2ak2/Rsad2/Trim12c/Mx2/Gbp5/Clec5a/Oasl1/Sp100/Naip5/Spint1/Apoe",38
"GO:0045807","positive regulation of endocytosis","31/650","204/25615",0.151960784313725,5.98842383107089,11.5424272684184,1.2176243516909e-15,3.62130501632514e-14,3.62130501632514e-14,"Stap1/Ptprc/Ccl2/Clec7a/Sirpb1a/B2m/Ptprj/C3/Cd300lf/Fcer1g/Fpr2/Plcg2/Slc11a1/Gpr18/Fcgr1/Synj1/Fcgr3/Fcgr2b/Il2rb/Tlr2/Il2rg/Il15ra/C2/Ifng/Nckap1l/Dock2/Rab27a/Cd14/Apoe/Syk/Sirpa",31
"GO:0038093","Fc receptor signaling pathway","13/650","23/25615",0.565217391304348,22.2739130434783,16.4698172383119,1.45643981082519e-15,4.31159877637835e-14,4.31159877637835e-14,"Nos2/Clec4d/Fcgr4/Fcer1g/Clec4e/Nr4a3/Fcgr1/Fcgr3/Fcgr2b/Myo1g/Ifng/Lck/Cd247",13
"GO:0042119","neutrophil activation","17/650","49/25615",0.346938775510204,13.6720565149137,14.3266068959894,1.86392136106664e-15,5.49258294655601e-14,5.49258294655602e-14,"Cd300a/Ptafr/Myo1f/Itgam/Itgb2/Tnf/Dnase1l3/Fcgr4/Il18rap/Fcer1g/Ccl5/Tyrobp/Prkcd/Ptpn6/Clec12a/Stxbp2/Syk",17
"GO:0002687","positive regulation of leukocyte migration","28/650","166/25615",0.168674698795181,6.64708063021316,11.7780194618994,1.9060434675556e-15,5.59106083816309e-14,5.59106083816309e-14,"Ccl3/Ccr1/Ptafr/Tnfrsf18/Gpsm3/Spn/Ccl2/Cx3cl1/Rac2/Ptprj/C3ar1/Icam1/Sell/Cd74/Fpr2/Ccl5/Il1a/Cmklr1/Ccr2/Xcl1/Il1b/Aif1/Itga4/Tlr2/Nckap1l/Ccl1/Cxcl10/P2rx4",28
"GO:0032743","positive regulation of interleukin-2 production","16/650","42/25615",0.380952380952381,15.0124542124542,14.6648494243297,2.22430947941045e-15,6.4949836798785e-14,6.4949836798785e-14,"Ptprc/Sash3/Pnp/Ripk2/Clec7a/Fcer1g/Card11/Cd83/Il1a/Plcg2/Ccr2/Il1b/Irf4/Carmil2/Malt1/Cd3e",16
"GO:0043368","positive T cell selection","17/650","50/25615",0.34,13.3986153846154,14.1600532772021,2.75825106752072e-15,8.01764925690186e-14,8.01764925690186e-14,"Bcl11b/Ptprc/H2-DMa/Spn/Zap70/Ly9/Cd74/Cd3d/Slamf6/Themis/Cd69/Irf4/Cd3g/Tbx21/Tox/Dock2/Cd3e",17
"GO:0002292","T cell differentiation involved in immune response","21/650","87/25615",0.241379310344828,9.51220159151194,12.8328384411006,3.58141723281651e-15,1.03170512572257e-13,1.03170512572257e-13,"Fgl2/Spn/Clec4d/Ly9/Ripk2/Il18r1/Irf1/Fcer1g/Clec4e/Slamf6/Ccr2/Cd69/Nfkbid/Nlrp3/Irf4/Malt1/Il12rb1/Sema4a/Ifng/Il12b/Tbx21",21
"GO:0032722","positive regulation of chemokine production","21/650","87/25615",0.241379310344828,9.51220159151194,12.8328384411006,3.58141723281651e-15,1.03170512572257e-13,1.03170512572257e-13,"Il7/Oas1a/Ripk2/Clec7a/Tnf/Tlr9/Mbp/Oas1g/Il1rl1/Cd74/Ccl5/Cd84/Oas1b/Il1b/Oas3/Aif1/Tlr2/Eif2ak2/Ifng/Tlr3/Syk",21
"GO:0070269","pyroptotic inflammatory response","18/650","59/25615",0.305084745762712,12.0226857887875,13.6771808478381,3.70727232655145e-15,1.06319274222172e-13,1.06319274222172e-13,"Gsdmd/Aim2/Zbp1/Casp1/Trim21/Gbp2/Naip2/Mefv/Casp4/Gbp2b/Nlrp3/Prf1/Gbp5/Gzmb/Casp7/Gbp3/Gzmc/Naip5",18
"GO:0001774","microglial cell activation","17/650","51/25615",0.333333333333333,13.1358974358974,13.9981994374047,4.04087714414847e-15,1.14861038823052e-13,1.14861038823052e-13,"Nampt/Stap1/Cx3cl1/Itgam/Casp1/Tnf/Tlr9/Ctsc/Fpr2/C1qa/Tyrobp/Aif1/Tlr2/Ifng/Cst7/Tlr1/Tlr3",17
"GO:0002269","leukocyte activation involved in inflammatory response","17/650","51/25615",0.333333333333333,13.1358974358974,13.9981994374047,4.04087714414847e-15,1.14861038823052e-13,1.14861038823052e-13,"Nampt/Stap1/Cx3cl1/Itgam/Casp1/Tnf/Tlr9/Ctsc/Fpr2/C1qa/Tyrobp/Aif1/Tlr2/Ifng/Cst7/Tlr1/Tlr3",17
"GO:0042100","B cell proliferation","22/650","98/25615",0.224489795918367,8.84662480376766,12.5577176340329,4.07023434935184e-15,1.15185839031878e-13,1.15185839031878e-13,"Cd300a/Ptprc/Il7r/Il7/Sash3/Nfatc2/Tnfsf13b/Cd22/Ikzf3/Tlr9/Cd27/Card11/Cd180/Vav1/Cd74/Ctla4/Cd40/Tyrobp/Prkcd/Nckap1l/Inpp5d/Rasgrp1",22
"GO:0039531","regulation of cytoplasmic pattern recognition receptor signaling pathway","26/650","146/25615",0.178082191780822,7.01780821917808,11.7662594378977,5.02152635199388e-15,1.41483707391266e-13,1.41483707391266e-13,"Ifi207/Irgm1/Slc15a3/P2rx7/Tlr9/Gbp2/Irgm2/Pld4/Plcg2/Treml4/Tasl/Mefv/Casp4/Igtp/Nlrp3/Trim30a/Eif2ak2/Ddx60/Rsad2/Dhx58/Gbp5/Tnfaip3/Tlr3/Oasl1/Ptpn22/Syk",26
"GO:0072676","lymphocyte migration","23/650","111/25615",0.207207207207207,8.16555786555787,12.2077869887574,6.20290135650028e-15,1.74006280847851e-13,1.74006280847851e-13,"Ccl3/Spn/Ccl2/Cx3cl1/Icam1/Klrk1/Itgal/Ccl5/Ccr2/Cd69/Cxcr3/Xcl1/Crtam/Aif1/Myo1g/Itga4/Cd200/Cyp7b1/Tbx21/Cadm1/Cxcl10/Cxcl16/F11r",23
"GO:0019722","calcium-mediated signaling","33/650","247/25615",0.133603238866397,5.26499532855808,10.8680972935677,6.90642129813365e-15,1.92899349648742e-13,1.92899349648742e-13,"Ccl3/Irgm1/Ccr1/Bst1/Ptprc/Zap70/Cxcr6/Cd8a/Nfatc2/Clec7a/Tnf/Ccr5/Cd22/Ptprj/C3ar1/Cd4/Irgm2/Cxcr4/Itgal/Fpr2/Lat/Plcg2/Tbc1d10c/Cmklr1/Ccr2/Cxcr3/Igtp/Xcr1/Ccrl2/Cd3e/Trpm2/P2rx4/Syk",33
"GO:2000516","positive regulation of CD4-positive, alpha-beta T cell activation","16/650","45/25615",0.355555555555556,14.0116239316239,14.0961979945746,8.04860550319363e-15,2.23827886374528e-13,2.23827886374527e-13,"Irgm1/Sash3/Ripk2/Irf1/Gimap3/Cd83/Ccr2/Xcl1/Nfkbid/Socs1/Nlrp3/Il2rg/Malt1/Cd160/Nckap1l/Gpr65",16
"GO:0045071","negative regulation of viral genome replication","17/650","53/25615",0.320754716981132,12.6402031930334,13.6877062642555,8.43115069027713e-15,2.33455655320432e-13,2.33455655320432e-13,"Ifi207/Znfx1/Oas1a/Apobec3/Oas2/Adar/Tnf/Oasl2/Oas1g/Ccl5/Oas1b/Ifih1/Oas3/Eif2ak2/Rsad2/Mx2/Oasl1",17
"GO:0061900","glial cell activation","18/650","62/25615",0.290322580645161,11.4409429280397,13.2814109529604,9.86193404960756e-15,2.7190156366815e-13,2.7190156366815e-13,"Nampt/Stap1/Cx3cl1/Itgam/Casp1/Tnf/Tlr9/Ctsc/Fpr2/C1qa/Il1b/Tyrobp/Aif1/Tlr2/Ifng/Cst7/Tlr1/Tlr3",18
"GO:0046637","regulation of alpha-beta T cell differentiation","20/650","81/25615",0.246913580246914,9.73029439696106,12.698182574402,1.01602300786507e-14,2.78928709509623e-13,2.78928709509623e-13,"Zap70/Sash3/Pnp/Ripk2/Irf1/Gimap3/Cd83/Ccr2/Cd69/Nfkbid/Socs1/Nlrp3/Il2rg/Malt1/Ikzf1/Tbx21/Nckap1l/Gpr65/Runx3/Syk",20
"GO:0032602","chemokine production","23/650","115/25615",0.2,7.88153846153846,11.9342180125675,1.39569080886374e-14,3.79911769327995e-13,3.79911769327995e-13,"Il7/Oas1a/Ripk2/Clec7a/Tnf/Tlr9/Mbp/Oas1g/Il1rl1/Cd74/Ccl5/Cd84/Oas1b/Mefv/Il1b/Oas3/Aif1/Tlr2/Eif2ak2/Ifng/Tlr3/Syk/Sirpa",23
"GO:0032642","regulation of chemokine production","23/650","115/25615",0.2,7.88153846153846,11.9342180125675,1.39569080886374e-14,3.79911769327995e-13,3.79911769327995e-13,"Il7/Oas1a/Ripk2/Clec7a/Tnf/Tlr9/Mbp/Oas1g/Il1rl1/Cd74/Ccl5/Cd84/Oas1b/Mefv/Il1b/Oas3/Aif1/Tlr2/Eif2ak2/Ifng/Tlr3/Syk/Sirpa",23
"GO:0032613","interleukin-10 production","18/650","64/25615",0.28125,11.0834134615385,13.0323641689766,1.8322483472228e-14,4.9455308330081e-13,4.9455308330081e-13,"Pdcd1lg2/Sash3/Clec7a/Tlr9/Fcer1g/Cd83/Cd84/Plcg2/Tigit/Lilra5/Xcl1/Tyrobp/Irf4/Tlr2/Il12b/Cd274/Ido1/Syk",18
"GO:0032653","regulation of interleukin-10 production","18/650","64/25615",0.28125,11.0834134615385,13.0323641689766,1.8322483472228e-14,4.9455308330081e-13,4.9455308330081e-13,"Pdcd1lg2/Sash3/Clec7a/Tlr9/Fcer1g/Cd83/Cd84/Plcg2/Tigit/Lilra5/Xcl1/Tyrobp/Irf4/Tlr2/Il12b/Cd274/Ido1/Syk",18
"GO:0002707","negative regulation of lymphocyte mediated immunity","19/650","74/25615",0.256756756756757,10.1181912681913,12.6746275139962,2.17077516034624e-14,5.83475298329049e-13,5.83475298329049e-13,"Ptprc/Il7r/Spn/Tap1/Clec2d/Klre1/Tap2/Tigit/Lag3/Klrd1/Klrb1b/Cd96/Tbx21/Pdcd1/Nckap1l/Ptpn6/Serpinb9/Inpp5d/Cd274",19
"GO:0019058","viral life cycle","33/650","257/25615",0.1284046692607,5.06013169709668,10.5554992566572,2.2101978386711e-14,5.91596288150965e-13,5.91596288150965e-13,"Ifi207/Gbp7/Znfx1/Trim25/Dpp4/Oas1a/Apobec3/Oas2/Adar/Tnf/Oasl2/Cd4/Icam1/Cd300lf/Trim12a/Oas1g/Cd74/Ccl5/Oas1b/Ifih1/Oas3/Trim30a/Trim30d/Eif2ak2/Rsad2/Trim12c/Mx2/Gbp5/Clec5a/Oasl1/Naip5/Spint1/Apoe",33
"GO:1903707","negative regulation of hemopoiesis","23/650","118/25615",0.194915254237288,7.68116036505867,11.7375634635766,2.50639628591614e-14,6.68095009988602e-13,6.68095009988602e-13,"Ccl3/Irgm1/Gpr55/Fgl2/Irf1/Clec2d/Cd74/Pilrb1/Ctla4/Id2/C1qc/Lag3/Cd69/Nfkbid/Socs1/Ifng/Tbx21/Inpp5d/Gpr68/Clec12a/Inpp4b/Tnfrsf11b/Runx3",23
"GO:0046633","alpha-beta T cell proliferation","16/650","48/25615",0.333333333333333,13.1358974358974,13.5794514316415,2.61517697510026e-14,6.94210615208434e-13,6.94210615208434e-13,"Irgm1/Ptprc/Tarm1/Zap70/Ripk2/Irf1/Ccr2/Xcl1/Il12rb1/Il12b/Cd274/Dock2/Cd3e/Rasal3/Ptpn22/Syk",16
"GO:0001961","positive regulation of cytokine-mediated signaling pathway","18/650","66/25615",0.272727272727273,10.7475524475524,12.7941132590072,3.32335043349603e-14,8.7856803229541e-13,8.7856803229541e-13,"Irgm1/Il7/Zbp1/Ripk2/Casp1/Laptm5/Irf7/Cd300lf/Irgm2/Cxcr4/Parp14/Parp9/Cd74/Cd40/Nlrc5/Casp4/Igtp/Ikbke",18
"GO:0030100","regulation of endocytosis","39/650","367/25615",0.106267029972752,4.18773841961853,9.92502967183141,5.17594851541472e-14,1.36271693700919e-12,1.36271693700919e-12,"Cd300a/Stap1/Ptprc/Ccl2/Clec7a/Sirpb1a/B2m/Fgr/Cd22/Ptprj/C3/Cd300lf/Fcer1g/Tgm2/Fpr2/Nr1h3/Plcg2/Slc11a1/Gpr18/Fcgr1/Synj1/Fcgr3/Fcgr2b/Il2rb/Tlr2/Il2rg/Il15ra/C2/Ifng/Sirpb1c/Nckap1l/Dock2/Hck/Sirpb1b/Rab27a/Cd14/Apoe/Syk/Sirpa",39
"GO:0062208","positive regulation of pattern recognition receptor signaling pathway","21/650","99/25615",0.212121212121212,8.35920745920746,11.8378257324046,5.73499693585768e-14,1.50373960473264e-12,1.50373960473264e-12,"Slc15a3/P2rx7/Tlr9/Gbp2/Nr1h3/Plcg2/Ifi35/Treml4/Tasl/Pik3ap1/Casp4/Nlrp3/Ddx60/Rsad2/Dhx58/Gbp5/Tlr1/Oasl1/Ptpn22/Cd14/Syk",21
"GO:0046640","regulation of alpha-beta T cell proliferation","15/650","43/25615",0.348837209302326,13.7468694096601,13.4984844993055,7.79830067667103e-14,2.0364342905258e-12,2.0364342905258e-12,"Irgm1/Ptprc/Tarm1/Zap70/Ripk2/Irf1/Ccr2/Xcl1/Il12rb1/Il12b/Cd274/Cd3e/Rasal3/Ptpn22/Syk",15
"GO:0001916","positive regulation of T cell mediated cytotoxicity","17/650","60/25615",0.283333333333333,11.1655128205128,12.7202770574454,8.56641685609083e-14,2.22796201957601e-12,2.22796201957601e-12,"Ptprc/H2-Q6/P2rx7/Pnp/H2-K1/B2m/H2-Q4/H2-T23/H2-T22/Tap2/Xcl1/H2-M3/H2-D1/H2-T24/Il12b/H2-Q7/H2-M2",17
"GO:0045576","mast cell activation","20/650","90/25615",0.222222222222222,8.75726495726496,11.8953328977976,8.91534592814085e-14,2.30936218719261e-12,2.30936218719261e-12,"Cd300a/Unc13d/Rhoh/Cd48/Lcp2/Fgr/Rac2/Cd300lf/Fcer1g/Cnr2/Nr4a3/Lat/Cd84/Fcgr3/Cd226/Gab2/Ptpn6/Stxbp2/Rasgrp1/Syk",20
"GO:0050920","regulation of chemotaxis","30/650","224/25615",0.133928571428571,5.27781593406593,10.3761393578726,1.10708090936586e-13,2.85617982400253e-12,2.85617982400253e-12,"Ccl3/Ccr1/Bst1/Stap1/Gpsm3/Dpp4/Ccl2/Cx3cl1/Rac2/Ptprj/C3ar1/Klrk1/Sell/Cxcr4/Cd74/Fpr2/Ccl5/Gpr18/Cmklr1/Ccr2/Cxcr3/Xcl1/Il1b/Slit2/Aif1/Slamf8/Nckap1l/Ccl1/Cxcl10/P2rx4",30
"GO:1902106","negative regulation of leukocyte differentiation","22/650","114/25615",0.192982456140351,7.60499325236167,11.4044880385059,1.13889708200366e-13,2.9265099419166e-12,2.9265099419166e-12,"Ccl3/Gpr55/Fgl2/Irf1/Clec2d/Cd74/Pilrb1/Ctla4/Id2/C1qc/Lag3/Cd69/Nfkbid/Socs1/Ifng/Tbx21/Inpp5d/Gpr68/Clec12a/Inpp4b/Tnfrsf11b/Runx3",22
"GO:0030183","B cell differentiation","26/650","166/25615",0.156626506024096,6.17228915662651,10.7877550080277,1.18875299881415e-13,3.04244990612833e-12,3.04244990612833e-12,"Ptprc/Il7/Dpp4/Pnp/Tnfsf13b/Laptm5/Ptprj/Ikzf3/Tlr9/Hhex/Cd27/Card11/Cfb/Plcg2/Id2/Slamf8/Irf8/Il2rg/Malt1/Dock10/Ikzf1/Nckap1l/Ptpn6/Inpp5d/Tnfaip3/Syk",26
"GO:0006911","phagocytosis, engulfment","17/650","62/25615",0.274193548387097,10.8053349875931,12.4728852939066,1.56086872088996e-13,3.97897645357027e-12,3.97897645357027e-12,"Cd300a/Stap1/Itgam/Clec7a/Itgb2/Abca1/C3/Fcer1g/Plcg2/Treml4/Fcgr1/Fcgr3/Aif1/Nckap1l/Arhgap25/Bin2/Sirpa",17
"GO:0002399","MHC class II protein complex assembly","9/650","11/25615",0.818181818181818,32.2426573426573,16.7232235274429,2.17167226918611e-13,5.49244986505968e-12,5.49244986505968e-12,"H2-DMb2/H2-DMa/H2-DMb1/H2-Aa/B2m/H2-Ob/H2-Oa/H2-Eb1/H2-Ab1",9
"GO:0002503","peptide antigen assembly with MHC class II protein complex","9/650","11/25615",0.818181818181818,32.2426573426573,16.7232235274429,2.17167226918611e-13,5.49244986505968e-12,5.49244986505968e-12,"H2-DMb2/H2-DMa/H2-DMb1/H2-Aa/B2m/H2-Ob/H2-Oa/H2-Eb1/H2-Ab1",9
"GO:0031664","regulation of lipopolysaccharide-mediated signaling pathway","13/650","32/25615",0.40625,16.009375,13.7085480230561,3.58416163286402e-13,9.0292762076543e-12,9.0292762076543e-12,"Cx3cl1/Ly86/Cd180/Cd84/Scimp/Trim30a/Acod1/Trim30d/Trim12c/Ptpn6/Tnfaip3/Cd14/Sirpa",13
"GO:0050728","negative regulation of inflammatory response","27/650","189/25615",0.142857142857143,5.62967032967033,10.3079319614798,3.94286821370389e-13,9.89413492376321e-12,9.89413492376321e-12,"Irgm1/Spn/Cx3cl1/Il10ra/Irgm2/Nr4a3/Fpr2/Il2ra/Nr1h3/Mefv/Cd69/Igtp/Nlrp3/Slamf8/Smpdl3b/Acod1/Aoah/Cd200/Prkcd/Il12b/Tnfaip8l2/Ptpn6/Cst7/Clec12a/Tnfaip3/Apoe/Sirpa",27
"GO:0070098","chemokine-mediated signaling pathway","20/650","99/25615",0.202020202020202,7.96114996114996,11.1975210094299,6.05909109089526e-13,1.51453701042456e-11,1.51453701042456e-11,"Ccl3/Ccr1/Ccl22/Ccl2/Cx3cl1/Cxcr6/Ccr5/Cxcr4/Ccl5/Cxcl9/Ccr2/Cxcr3/Xcl1/Slit2/Xcr1/Ccl4/Ccrl2/Ccl1/Cxcl10/Gpr35",20
"GO:0050672","negative regulation of lymphocyte proliferation","19/650","88/25615",0.215909090909091,8.50847902097902,11.3847373116103,6.48481385454534e-13,1.61466837990695e-11,1.61466837990695e-11,"Cd300a/Lst1/Tarm1/Pdcd1lg2/Spn/H2-Aa/Cd86/Laptm5/Il2ra/Ctla4/Slfn1/Xcl1/Crtam/Tyrobp/Zc3h12d/Ptpn6/Inpp5d/Cd274/Ido1",19
"GO:0050853","B cell receptor signaling pathway","16/650","58/25615",0.275862068965517,10.8710875331565,12.1437735206467,7.32849624460771e-13,1.81769343148108e-11,1.81769343148108e-11,"Cd300a/Stap1/Ptprc/Nfatc2/Itk/Cd22/Ctla4/Plcg2/Lpxn/Lck/Nckap1l/Ptpn6/Prkch/Cd72/Cd5/Syk",16
"GO:0046641","positive regulation of alpha-beta T cell proliferation","12/650","27/25615",0.444444444444444,17.5145299145299,13.853500438933,7.91500794110304e-13,1.95561580821715e-11,1.95561580821715e-11,"Irgm1/Ptprc/Zap70/Ripk2/Ccr2/Xcl1/Il12rb1/Il12b/Cd3e/Rasal3/Ptpn22/Syk",12
"GO:0032945","negative regulation of mononuclear cell proliferation","19/650","89/25615",0.213483146067416,8.41287813310285,11.3036857938983,8.05225362597615e-13,1.98190334456976e-11,1.98190334456976e-11,"Cd300a/Lst1/Tarm1/Pdcd1lg2/Spn/H2-Aa/Cd86/Laptm5/Il2ra/Ctla4/Slfn1/Xcl1/Crtam/Tyrobp/Zc3h12d/Ptpn6/Inpp5d/Cd274/Ido1",19
"GO:0002418","immune response to tumor cell","14/650","42/25615",0.333333333333333,13.1358974358974,12.700923466238,1.09727954729928e-12,2.69042893582084e-11,2.69042893582084e-11,"Klrk1/Klre1/Nkg7/Lag3/Xcl1/Crtam/Cd226/Cd160/Prf1/Il12b/Pdcd1/Cd274/Gzmb/Gzmc",14
"GO:0002690","positive regulation of leukocyte chemotaxis","20/650","103/25615",0.194174757281553,7.65197908887229,10.9150776657313,1.3260695683838e-12,3.23903836779375e-11,3.23903836779375e-11,"Ccl3/Ccr1/Gpsm3/Ccl2/Cx3cl1/Rac2/Ptprj/C3ar1/Sell/Cd74/Fpr2/Ccl5/Cmklr1/Ccr2/Xcl1/Il1b/Aif1/Nckap1l/Ccl1/Cxcl10",20
"GO:0002287","alpha-beta T cell activation involved in immune response","18/650","81/25615",0.222222222222222,8.75726495726496,11.282914667763,1.55485196487003e-12,3.78347311451708e-11,3.78347311451708e-11,"Spn/Ly9/Ripk2/Il18r1/Irf1/Slamf6/Ccr2/Cd69/Nfkbid/Nlrp3/Irf4/H2-M3/Malt1/Il12rb1/Sema4a/Ifng/Il12b/Tbx21",18
"GO:0001960","negative regulation of cytokine-mediated signaling pathway","19/650","93/25615",0.204301075268817,8.05103391232423,10.9917418803355,1.85884010112383e-12,4.50610898476206e-11,4.50610898476206e-11,"Samhd1/Stap1/Ptprc/Oas1a/Il1rn/Adar/Parp14/Oas1g/Ccl5/Naip2/Oas1b/Nlrc5/Stat2/Oas3/Slit2/Sorl1/Usp18/Tnfrsf11b/Naip5",19
"GO:0071887","leukocyte apoptotic process","23/650","144/25615",0.159722222222222,6.29428418803419,10.2800468430936,2.04458980252811e-12,4.93776123738368e-11,4.93776123738368e-11,"Il7r/Gimap8/P2rx7/Pnp/Itgam/Ccr5/Cd27/Fcer1g/Nr4a3/Cd74/Il2ra/Ccl5/Hsh2d/Pik3cd/Nfkbid/Cd3g/Fasl/Ifng/Serpinb9/Cd274/Casp7/Ido1/Hcls1",23
"GO:0072678","T cell migration","17/650","72/25615",0.236111111111111,9.30459401709402,11.3861866399228,2.26037216328777e-12,5.41814581229874e-11,5.41814581229874e-11,"Ccl3/Spn/Ccl2/Icam1/Itgal/Ccl5/Ccr2/Cd69/Cxcr3/Xcl1/Aif1/Myo1g/Itga4/Cd200/Cxcl10/Cxcl16/F11r",17
"GO:0099024","plasma membrane invagination","17/650","72/25615",0.236111111111111,9.30459401709402,11.3861866399228,2.26037216328777e-12,5.41814581229874e-11,5.41814581229874e-11,"Cd300a/Stap1/Itgam/Clec7a/Itgb2/Abca1/C3/Fcer1g/Plcg2/Treml4/Fcgr1/Fcgr3/Aif1/Nckap1l/Arhgap25/Bin2/Sirpa",17
"GO:0050921","positive regulation of chemotaxis","24/650","159/25615",0.150943396226415,5.94833091436865,10.0993125229409,2.38807088009037e-12,5.70296183408942e-11,5.70296183408942e-11,"Ccl3/Ccr1/Gpsm3/Ccl2/Cx3cl1/Rac2/Ptprj/C3ar1/Sell/Cxcr4/Cd74/Fpr2/Ccl5/Cmklr1/Ccr2/Cxcr3/Xcl1/Il1b/Slit2/Aif1/Nckap1l/Ccl1/Cxcl10/P2rx4",24
"GO:0002577","regulation of antigen processing and presentation","11/650","23/25615",0.478260869565217,18.8471571906354,13.8168947364058,2.64893986237438e-12,6.30251469477519e-11,6.30251469477519e-11,"Fgl2/Was/Tapbpl/Ctss/Nod1/H2-Ob/Cd74/Tap2/H2-Oa/Slc11a1/Cst7",11
"GO:0042590","antigen processing and presentation of exogenous peptide antigen via MHC class I","9/650","13/25615",0.692307692307692,27.2822485207101,15.2942027382458,2.69745703776846e-12,6.3942671625921e-11,6.3942671625921e-11,"Mpeg1/Tapbp/Clec4a1/H2-K1/Fcer1g/Clec4a2/Clec4a3/Fcgr1/Fcgr3",9
"GO:0070664","negative regulation of leukocyte proliferation","19/650","95/25615",0.2,7.88153846153846,10.8426791071883,2.77765570526549e-12,6.56016920978879e-11,6.56016920978879e-11,"Cd300a/Lst1/Tarm1/Pdcd1lg2/Spn/H2-Aa/Cd86/Laptm5/Il2ra/Ctla4/Slfn1/Xcl1/Crtam/Tyrobp/Zc3h12d/Ptpn6/Inpp5d/Cd274/Ido1",19
"GO:0043370","regulation of CD4-positive, alpha-beta T cell differentiation","16/650","63/25615",0.253968253968254,10.0083028083028,11.5512876113661,2.98532010187083e-12,6.99373625287025e-11,6.99373625287025e-11,"Sash3/Ripk2/Irf1/Gimap3/Cd83/Ccr2/Cd69/Nfkbid/Socs1/Nlrp3/Il2rg/Malt1/Tbx21/Nckap1l/Gpr65/Runx3",16
"GO:0031640","killing of cells of another organism","22/650","133/25615",0.165413533834586,6.51856564488143,10.2959132215392,2.99389394386569e-12,6.99373625287025e-11,6.99373625287025e-11,"Gbp7/Fgl2/Ccl22/Gzmf/C3/Gbp2/Irgm2/Nkg7/Cfb/Cxcl9/Gbp2b/Igtp/Ncf1/C2/Prf1/Gbp5/Ccl1/Lyz2/Cxcl10/Gzmb/Gbp3/Gzmc",22
"GO:0141061","disruption of cell in another organism","22/650","133/25615",0.165413533834586,6.51856564488143,10.2959132215392,2.99389394386569e-12,6.99373625287025e-11,6.99373625287025e-11,"Gbp7/Fgl2/Ccl22/Gzmf/C3/Gbp2/Irgm2/Nkg7/Cfb/Cxcl9/Gbp2b/Igtp/Ncf1/C2/Prf1/Gbp5/Ccl1/Lyz2/Cxcl10/Gzmb/Gbp3/Gzmc",22
"GO:0032733","positive regulation of interleukin-10 production","14/650","45/25615",0.311111111111111,12.2601709401709,12.1987539648785,3.2290210675123e-12,7.51566352815181e-11,7.51566352815181e-11,"Sash3/Clec7a/Tlr9/Fcer1g/Cd83/Plcg2/Tigit/Lilra5/Xcl1/Irf4/Tlr2/Il12b/Cd274/Syk",14
"GO:0043372","positive regulation of CD4-positive, alpha-beta T cell differentiation","13/650","37/25615",0.351351351351351,13.8459459459459,12.6172078204331,3.27099237849391e-12,7.55858094944060e-11,7.55858094944061e-11,"Sash3/Ripk2/Irf1/Gimap3/Cd83/Ccr2/Nfkbid/Socs1/Nlrp3/Il2rg/Malt1/Nckap1l/Gpr65",13
"GO:0045577","regulation of B cell differentiation","13/650","37/25615",0.351351351351351,13.8459459459459,12.6172078204331,3.27099237849391e-12,7.55858094944060e-11,7.55858094944061e-11,"Il7/Pnp/Ikzf3/Tlr9/Cd27/Card11/Id2/Slamf8/Il2rg/Nckap1l/Ptpn6/Inpp5d/Syk",13
"GO:0033077","T cell differentiation in thymus","19/650","96/25615",0.197916666666667,7.7994391025641,10.7697711456403,3.38212257402177e-12,7.78736753244297e-11,7.78736753244297e-11,"Bcl11b/Ptprc/Il7r/H2-DMa/Spn/Zap70/B2m/Card11/Cd74/Il1a/Cd3d/Il1b/Nfkbid/Cd3g/Il2rg/Tox/Dock2/Cd3e/Rasgrp1",19
"GO:0071675","regulation of mononuclear cell migration","23/650","148/25615",0.155405405405405,6.1241683991684,10.0877649197378,3.68201753492023e-12,8.44760023011699e-11,8.44760023011699e-11,"Ccl3/Ccr1/Stap1/Spn/Ccl2/Cx3cl1/Ptprj/C3ar1/Klrk1/Fpr2/Ccl5/Cmklr1/Ccr2/Cd69/Xcl1/Slit2/Aif1/Slamf8/Itga4/Cd200/Ccl1/Cxcl10/P2rx4",23
"GO:0045069","regulation of viral genome replication","18/650","85/25615",0.211764705882353,8.34515837104072,10.9449760443181,3.73717424970507e-12,8.54363251961045e-11,8.54363251961045e-11,"Ifi207/Gbp7/Znfx1/Oas1a/Apobec3/Oas2/Adar/Tnf/Oasl2/Oas1g/Ccl5/Oas1b/Ifih1/Oas3/Eif2ak2/Rsad2/Mx2/Oasl1",18
"GO:0060761","negative regulation of response to cytokine stimulus","19/650","97/25615",0.195876288659794,7.71903251387787,10.6979087453085,4.10768615974738e-12,9.35736733695645e-11,9.35736733695645e-11,"Samhd1/Stap1/Ptprc/Oas1a/Il1rn/Adar/Parp14/Oas1g/Ccl5/Naip2/Oas1b/Nlrc5/Stat2/Oas3/Slit2/Sorl1/Usp18/Tnfrsf11b/Naip5",19
"GO:0043300","regulation of leukocyte degranulation","15/650","55/25615",0.272727272727273,10.7475524475524,11.6768606209294,4.62019558281854e-12,1.04876807152037e-10,1.04876807152037e-10,"Cd300a/Unc13d/Ptafr/Itgam/Itgb2/Fgr/Rac2/Fcer1g/Cd84/Ccr2/Gab2/Cd160/Nckap1l/Stxbp2/Syk",15
"GO:1990868","response to chemokine","20/650","110/25615",0.181818181818182,7.16503496503497,10.4555965892147,4.7854087502919e-12,1.07864792322369e-10,1.07864792322369e-10,"Ccl3/Ccr1/Ccl22/Ccl2/Cx3cl1/Cxcr6/Ccr5/Cxcr4/Ccl5/Cxcl9/Ccr2/Cxcr3/Xcl1/Slit2/Xcr1/Ccl4/Ccrl2/Ccl1/Cxcl10/Gpr35",20
"GO:1990869","cellular response to chemokine","20/650","110/25615",0.181818181818182,7.16503496503497,10.4555965892147,4.7854087502919e-12,1.07864792322369e-10,1.07864792322369e-10,"Ccl3/Ccr1/Ccl22/Ccl2/Cx3cl1/Cxcr6/Ccr5/Cxcr4/Ccl5/Cxcl9/Ccr2/Cxcr3/Xcl1/Slit2/Xcr1/Ccl4/Ccrl2/Ccl1/Cxcl10/Gpr35",20
"GO:0010721","negative regulation of cell development","32/650","295/25615",0.108474576271186,4.27473272490222,9.12818877347904,5.72067339611727e-12,1.28495125512788e-10,1.28495125512788e-10,"Ccl3/Irgm1/Gpr55/Fgl2/Irf1/B2m/Ccr5/Clec2d/Mbp/Cd74/Pilrb1/Ctla4/Il1a/Id2/Ntn1/C1qc/Lag3/Cd69/Il1b/Nfkbid/Slit2/Socs1/Sorl1/Ifng/Tbx21/Id4/Inpp5d/Gpr68/Clec12a/Inpp4b/Tnfrsf11b/Runx3",32
"GO:0034138","toll-like receptor 3 signaling pathway","12/650","31/25615",0.387096774193548,15.2545905707196,12.8138892825212,5.85520708442233e-12,1.3105871188268e-10,1.3105871188268e-10,"Unc93b1/Oas1a/Irf1/Cd86/Tnf/Oas1g/Oas1b/Scimp/Irf2/Tnfaip3/Tlr3/Ptpn22",12
"GO:0019885","antigen processing and presentation of endogenous peptide antigen via MHC class I","14/650","47/25615",0.297872340425532,11.7384615384615,11.8897360057719,6.308614115253e-12,1.40230232098219e-10,1.40230232098219e-10,"H2-Q6/Tapbp/H2-K1/Tap1/B2m/H2-Q4/H2-T23/H2-T22/Tap2/H2-M3/H2-D1/H2-T24/H2-Q7/H2-M2",14
"GO:0032814","regulation of natural killer cell activation","14/650","47/25615",0.297872340425532,11.7384615384615,11.8897360057719,6.308614115253e-12,1.40230232098219e-10,1.40230232098219e-10,"Irf1/Klrc1/Fgr/Klrc2/Klrd1/Tyrobp/Il12rb1/Slamf7/Il15ra/Il12b/Tox/Clec12a/Rasgrp1/Ptpn22",14
"GO:0050860","negative regulation of T cell receptor signaling pathway","13/650","39/25615",0.333333333333333,13.1358974358974,12.2381982744334,7.11797092691889e-12,1.5767532839492e-10,1.5767532839492e-10,"Pdcd1lg2/Cd86/Laptm5/Ptprj/Ctla4/Lag3/Sh2d1a/Cd160/Pdcd1/Ptpn6/Cd274/Ubash3a/Ptpn22",13
"GO:0042093","T-helper cell differentiation","18/650","89/25615",0.202247191011236,7.97009507346586,10.6284985736138,8.54480854758908e-12,1.88631787318599e-10,1.88631787318599e-10,"Spn/Ly9/Ripk2/Il18r1/Irf1/Slamf6/Ccr2/Cd69/Icos/Nfkbid/Nlrp3/Irf4/Malt1/Il12rb1/Sema4a/Il12b/Tbx21/Gpr65",18
"GO:0002483","antigen processing and presentation of endogenous peptide antigen","14/650","48/25615",0.291666666666667,11.4939102564103,11.7421513660304,8.70027871343676e-12,1.91406131695609e-10,1.91406131695609e-10,"H2-Q6/Tapbp/H2-K1/Tap1/B2m/H2-Q4/H2-T23/H2-T22/Tap2/H2-M3/H2-D1/H2-T24/H2-Q7/H2-M2",14
"GO:0031295","T cell costimulation","12/650","32/25615",0.375,14.7778846153846,12.5837879929129,9.15328163710385e-12,2.00684918896775e-10,2.00684918896775e-10,"Pdcd1lg2/Spn/Dpp4/Tnfsf13b/Cd86/Card11/Vav1/Icos/Cd160/Cd274/Cd3e/Cd5",12
"GO:0002837","regulation of immune response to tumor cell","13/650","40/25615",0.325,12.8075,12.0589563861034,1.03020772027817e-11,2.25103890988672e-10,2.25103890988672e-10,"Klrk1/Klre1/Lag3/Xcl1/Crtam/Cd226/Cd160/Prf1/Il12b/Pdcd1/Cd274/Gzmb/Gzmc",13
"GO:0002347","response to tumor cell","15/650","58/25615",0.258620689655172,10.1916445623342,11.3078978858551,1.07664532856296e-11,2.34453206464015e-10,2.34453206464015e-10,"Laptm5/Klrk1/Klre1/Nkg7/Lag3/Xcl1/Crtam/Cd226/Cd160/Prf1/Il12b/Pdcd1/Cd274/Gzmb/Gzmc",15
"GO:0010324","membrane invagination","17/650","80/25615",0.2125,8.37413461538461,10.6590308590617,1.40106222558792e-11,3.01940622737259e-10,3.01940622737259e-10,"Cd300a/Stap1/Itgam/Clec7a/Itgb2/Abca1/C3/Fcer1g/Plcg2/Treml4/Fcgr1/Fcgr3/Aif1/Nckap1l/Arhgap25/Bin2/Sirpa",17
"GO:0045123","cellular extravasation","17/650","80/25615",0.2125,8.37413461538461,10.6590308590617,1.40106222558792e-11,3.01940622737259e-10,3.01940622737259e-10,"Ptafr/Spn/Ccl2/Itgam/Itgb2/Tnf/Icam1/Sell/Itgal/Ccl5/Ccr2/Itga4/Selplg/Vcam1/Jaml/F11r/Sirpa",17
"GO:0032607","interferon-alpha production","12/650","33/25615",0.363636363636364,14.3300699300699,12.3637935921343,1.40535875153239e-11,3.01940622737259e-10,3.01940622737259e-10,"Irf7/Irf5/Stat1/Tlr9/Rigi/Tlr8/Ifih1/Traf3ip3/Nmi/Tlr3/Ptpn22/Gbp4",12
"GO:0032647","regulation of interferon-alpha production","12/650","33/25615",0.363636363636364,14.3300699300699,12.3637935921343,1.40535875153239e-11,3.01940622737259e-10,3.01940622737259e-10,"Irf7/Irf5/Stat1/Tlr9/Rigi/Tlr8/Ifih1/Traf3ip3/Nmi/Tlr3/Ptpn22/Gbp4",12
"GO:0141085","regulation of inflammasome-mediated signaling pathway","15/650","59/25615",0.254237288135593,10.0189048239896,11.1908471937595,1.41020116423995e-11,3.01971075969249e-10,3.01971075969249e-10,"Ifi207/Irgm1/P2rx7/Tlr9/Gbp2/Irgm2/Plcg2/Mefv/Casp4/Igtp/Nlrp3/Trim30a/Eif2ak2/Gbp5/Ptpn22",15
"GO:0002834","regulation of response to tumor cell","13/650","41/25615",0.317073170731707,12.4951219512195,11.8860013896874,1.47375047859384e-11,3.14530666926473e-10,3.14530666926473e-10,"Klrk1/Klre1/Lag3/Xcl1/Crtam/Cd226/Cd160/Prf1/Il12b/Pdcd1/Cd274/Gzmb/Gzmc",13
"GO:0019724","B cell mediated immunity","30/650","271/25615",0.11070110701107,4.36247516321317,8.97916074403799,1.58402382178917e-11,3.36945994409723e-10,3.36945994409723e-10,"Pirb/Ptprc/H2-DMa/Csf2rb2/Irf7/Gimap3/Tnf/C3/Fcgr4/Fcer1g/Cd74/C1qa/Cd40/Csf2rb/C1qc/Fcgr1/Xcl1/Fcgr3/Fcgr2b/C1qb/Cd226/C1rl/Il2rb/Icosl/C2/Ifng/Prkcd/Tbx21/Ptpn6/Inpp5d",30
"GO:0030888","regulation of B cell proliferation","16/650","70/25615",0.228571428571429,9.00747252747253,10.8248308701135,1.71393058912114e-11,3.63375911040073e-10,3.63375911040073e-10,"Cd300a/Ptprc/Il7/Sash3/Nfatc2/Tnfsf13b/Cd22/Ikzf3/Tlr9/Card11/Cd74/Ctla4/Cd40/Tyrobp/Nckap1l/Inpp5d",16
"GO:0043254","regulation of protein-containing complex assembly","40/650","463/25615",0.0863930885529158,3.40455225120452,8.42496388421333,1.8674344435488e-11,3.93372755096275e-10,3.93372755096275e-10,"Ifi207/Irgm1/Wars1/P2rx7/Xaf1/Clec7a/Tnf/Abca1/Tlr9/Icam1/Gbp2/Irgm2/Plcg2/Mefv/Casp4/Igtp/Slit2/Nlrp3/Sorl1/Trim30a/Carmil2/Tlr2/Ikbke/Eif2ak2/Ifng/Tmc8/Prkcd/Plek/Ikzf1/Cyfip2/Nckap1l/Gbp5/Coro1a/Hck/Prex1/Hcls1/Lcp1/Ptpn22/Apoe/Syk",40
"GO:0002752","cell surface pattern recognition receptor signaling pathway","18/650","93/25615",0.193548387096774,7.6272952853598,10.3311826389199,1.8676632986358e-11,3.93372755096275e-10,3.93372755096275e-10,"Oas1a/Ripk2/Clec7a/Oas1g/Nr1h3/Ifi35/Oas1b/Scimp/Tnip3/Pik3ap1/Acod1/Tlr2/Tlr1/Nmi/Tnfaip3/Ptpn22/Cd14/Syk",18
"GO:0031294","lymphocyte costimulation","12/650","34/25615",0.352941176470588,13.9085972850679,12.1531636932131,2.12207302226756e-11,4.45496637093032e-10,4.45496637093032e-10,"Pdcd1lg2/Spn/Dpp4/Tnfsf13b/Cd86/Card11/Vav1/Icos/Cd160/Cd274/Cd3e/Cd5",12
"GO:0019883","antigen processing and presentation of endogenous antigen","14/650","51/25615",0.274509803921569,10.8177978883861,11.3243782426213,2.17376575799103e-11,4.54862255027179e-10,4.54862255027179e-10,"H2-Q6/Tapbp/H2-K1/Tap1/B2m/H2-Q4/H2-T23/H2-T22/Tap2/H2-M3/H2-D1/H2-T24/H2-Q7/H2-M2",14
"GO:0002761","regulation of myeloid leukocyte differentiation","22/650","147/25615",0.149659863945578,5.89774986917844,9.60920468129554,2.33613168251313e-11,4.87250322352738e-10,4.87250322352738e-10,"Ccl3/Gpr55/Ccr1/Itgam/Tnf/Cd4/Clec2d/Cd74/Pilrb1/Ccl5/Id2/Rassf2/C1qc/Tyrobp/Ifng/Il12b/Ikzf1/Inpp5d/Gpr68/Inpp4b/Hcls1/Tnfrsf11b",22
"GO:0071622","regulation of granulocyte chemotaxis","15/650","61/25615",0.245901639344262,9.69041614123581,10.9649243868412,2.37909656560549e-11,4.94605706713582e-10,4.94605706713582e-10,"Bst1/Dpp4/Ccl2/Cx3cl1/Rac2/Ptprj/C3ar1/Sell/Cd74/Ccl5/Cmklr1/Xcl1/Il1b/Slit2/Nckap1l",15
"GO:0034340","response to type I interferon","19/650","109/25615",0.174311926605505,6.86923076923077,9.90838453192236,3.53877224756674e-11,7.33324932850604e-10,7.33324932850604e-10,"Samhd1/Zbp1/Oas1a/Oas2/Adar/Irf7/Stat1/Oasl2/Oas1g/Oas1b/Ifih1/Nlrc5/Stat2/Oas3/Ikbke/Usp18/Mx2/Oasl1/Sp100",19
"GO:0006809","nitric oxide biosynthetic process","18/650","97/25615",0.185567010309278,7.31276764472641,10.0510619727069,3.91889790799807e-11,8.09485535722817e-10,8.09485535722817e-10,"Nos2/Clec7a/Sirpb1a/Itgb2/Gimap3/Tnf/Icam1/Klrk1/Il1b/Aif1/Tlr2/H2-M3/Ifng/Sirpb1c/Sirpb1b/P2rx4/Apoe/Sirpa",18
"GO:0007259","cell surface receptor signaling pathway via JAK-STAT","24/650","181/25615",0.132596685082873,5.22532936676583,9.20496449665652,4.00950651423726e-11,8.24361725983188e-10,8.24361725983188e-10,"Gbp7/Tnfrsf18/Ptprc/Il7r/Csf2rb2/Prl2c2/Il10ra/Tnf/Stat1/Parp14/Parp9/Cd40/Csf2rb/Stat2/Socs1/Tlr2/Il2rg/Il12rb1/Il15ra/Agap2/Ifng/Il12b/Lck/Csf2ra",24
"GO:0141060","disruption of anatomical structure in another organism","22/650","151/25615",0.145695364238411,5.74151808456444,9.42914182123917,4.01658188407126e-11,8.24361725983188e-10,8.24361725983188e-10,"Gbp7/Fgl2/Ccl22/Gzmf/C3/Gbp2/Irgm2/Nkg7/Cfb/Cxcl9/Gbp2b/Igtp/Ncf1/C2/Prf1/Gbp5/Ccl1/Lyz2/Cxcl10/Gzmb/Gbp3/Gzmc",22
"GO:0002526","acute inflammatory response","20/650","123/25615",0.16260162601626,6.40775484677924,9.70056861181578,4.03643296403806e-11,8.25797622961163e-10,8.25797622961163e-10,"Spn/Pik3cg/Il1rn/Cd6/Tnf/Ccr5/C3/Icam1/Dnase1l3/Fcgr4/Fcer1g/Ccl5/Il1a/Fcgr1/Il1b/Fcgr3/Fcgr2b/Nlrp3/Hpse/Serpinb9",20
"GO:0034113","heterotypic cell-cell adhesion","15/650","64/25615",0.234375,9.23617788461539,10.6448942079186,5.0144676091343e-11,1.02263301336758e-09,1.02263301336758e-09,"Ptprc/Itgax/Il1rn/Itgb2/Tnf/Mbp/Sell/Cd2/Il1b/Itga4/Cd200/Lck/Vcam1/Tnfaip3/Sirpa",15
"GO:0097696","cell surface receptor signaling pathway via STAT","25/650","199/25615",0.125628140703518,4.9507151140317,9.02772345363548,5.18069795554428e-11,1.05318998944356e-09,1.05318998944356e-09,"Gbp7/Tnfrsf18/Ptprc/Il7r/Csf2rb2/Prl2c2/Il10ra/Tnf/Stat1/Parp14/Parp9/Ccl5/Cd40/Csf2rb/Stat2/Socs1/Tlr2/Il2rg/Il12rb1/Il15ra/Agap2/Ifng/Il12b/Lck/Csf2ra",25
"GO:0045637","regulation of myeloid cell differentiation","27/650","232/25615",0.116379310344828,4.5862400530504,8.85403980211035,5.23897051633765e-11,1.06167654879978e-09,1.06167654879978e-09,"Ccl3/Gpr55/Ccr1/Csf3r/Itgam/B2m/Tnf/Stat1/Cd4/Clec2d/Cd74/Pilrb1/Ccl5/Id2/Rassf2/C1qc/Tyrobp/Ifng/Il12b/Ikzf1/Nckap1l/Inpp5d/Gpr68/Inpp4b/Hcls1/Tnfrsf11b/Gpr171",27
"GO:0016064","immunoglobulin mediated immune response","29/650","267/25615",0.108614232209738,4.28023624315759,8.69397726119955,5.50365463789365e-11,1.11180746521474e-09,1.11180746521474e-09,"Ptprc/H2-DMa/Csf2rb2/Irf7/Gimap3/Tnf/C3/Fcgr4/Fcer1g/Cd74/C1qa/Cd40/Csf2rb/C1qc/Fcgr1/Xcl1/Fcgr3/Fcgr2b/C1qb/Cd226/C1rl/Il2rb/Icosl/C2/Ifng/Prkcd/Tbx21/Ptpn6/Inpp5d",29
"GO:0045061","thymic T cell selection","11/650","29/25615",0.379310344827586,14.9477453580902,12.1263865164038,5.90096921572352e-11,1.18833311102846e-09,1.18833311102846e-09,"Ptprc/H2-DMa/Spn/Zap70/Card11/Cd74/Cd3d/Cd3g/Tox/Dock2/Cd3e",11
"GO:0045765","regulation of angiogenesis","32/650","323/25615",0.0990712074303406,3.90416765896642,8.47541465651846,6.25903000720656e-11,1.25650027394672e-09,1.25650027394672e-09,"Pik3cg/Itgax/Wars1/Ccl2/Cybb/Cx3cl1/Prl2c2/Itgb2/Tnf/Stat1/C3ar1/C3/Hhex/Cxcr4/Tgm2/Ccl5/Il1a/Cd40/Ccr2/Erap1/Cxcr3/Il1b/Pik3r6/Pik3cd/Fasl/Cd160/Sema4a/Hpse/Ptpn6/Cxcl10/Tlr3/Sp100",32
"GO:0042088","T-helper 1 type immune response","14/650","55/25615",0.254545454545455,10.031048951049,10.8185414163807,6.66687214705817e-11,1.33401524612606e-09,1.33401524612606e-09,"Spn/Ripk2/Il18r1/Irf1/Il18bp/Il1rl1/Slc11a1/Ccr2/Xcl1/Il1b/Il12rb1/Sema4a/Il12b/Tbx21",14
"GO:0001911","negative regulation of leukocyte mediated cytotoxicity","12/650","37/25615",0.324324324324324,12.7808731808732,11.5711000073259,6.686689122861e-11,1.33401524612606e-09,1.33401524612606e-09,"Ptprc/Il7r/Tap1/Clec2d/Klre1/Tap2/Tigit/Klrd1/Klrb1b/Nckap1l/Serpinb9/Inpp5d",12
"GO:0034154","toll-like receptor 7 signaling pathway","8/650","12/25615",0.666666666666667,26.2717948717949,14.1289822141373,7.45614742219977e-11,1.48291922725112e-09,1.48291922725112e-09,"Unc93b1/Pld4/Treml4/Tasl/Scimp/Pik3ap1/Rsad2/Ptpn22",8
"GO:0002726","positive regulation of T cell cytokine production","11/650","30/25615",0.366666666666667,14.4494871794872,11.8933236585872,9.10467254405275e-11,1.80519803774676e-09,1.80519803774676e-09,"Sash3/Il18r1/B2m/Sectm1a/Xcl1/Il1b/Nlrp3/Malt1/Rsad2/Ifng/Tbx21",11
"GO:0141084","inflammasome-mediated signaling pathway","16/650","78/25615",0.205128205128205,8.0836291913215,10.1099213683414,9.84747553729e-11,1.94646716466311e-09,1.94646716466311e-09,"Ifi207/Irgm1/Gsdmd/P2rx7/Tlr9/Gbp2/Irgm2/Plcg2/Mefv/Casp4/Igtp/Nlrp3/Trim30a/Eif2ak2/Gbp5/Ptpn22",16
"GO:1901342","regulation of vasculature development","32/650","330/25615",0.096969696969697,3.82135198135198,8.32362214880162,1.08974314663136e-10,2.1473956975337e-09,2.1473956975337e-09,"Pik3cg/Itgax/Wars1/Ccl2/Cybb/Cx3cl1/Prl2c2/Itgb2/Tnf/Stat1/C3ar1/C3/Hhex/Cxcr4/Tgm2/Ccl5/Il1a/Cd40/Ccr2/Erap1/Cxcr3/Il1b/Pik3r6/Pik3cd/Fasl/Cd160/Sema4a/Hpse/Ptpn6/Cxcl10/Tlr3/Sp100",32
"GO:0046209","nitric oxide metabolic process","18/650","104/25615",0.173076923076923,6.82056213017751,9.5972642626523,1.31345655461701e-10,2.58031954338217e-09,2.58031954338217e-09,"Nos2/Clec7a/Sirpb1a/Itgb2/Gimap3/Tnf/Icam1/Klrk1/Il1b/Aif1/Tlr2/H2-M3/Ifng/Sirpb1c/Sirpb1b/P2rx4/Apoe/Sirpa",18
"GO:0006887","exocytosis","36/650","411/25615",0.0875912408759124,3.45176866928692,8.08528368012087,1.3233288594655e-10,2.59178798573366e-09,2.59178798573366e-09,"Ccl3/Cd300a/Unc13d/Ccr1/Ptafr/Myo1f/Rab11fip1/P2rx7/Itgam/Itgb2/Fgr/Rac2/Rab8b/Fcgr4/Fcer1g/Nkg7/Nr4a3/Lat/Ccl5/Cd84/Ccr2/Glrx/Synj1/Myo1g/Sytl3/Gab2/Cd160/Plek/Nckap1l/Coro1a/Septin1/Hck/Stxbp2/Rasgrp1/Rab27a/Syk",36
"GO:0002369","T cell cytokine production","12/650","39/25615",0.307692307692308,12.1254437869822,11.2192268989857,1.3476170464395e-10,2.62336118373556e-09,2.62336118373556e-09,"Sash3/Il18r1/B2m/Ccr2/Sectm1a/Xcl1/Il1b/Nlrp3/Malt1/Rsad2/Ifng/Tbx21",12
"GO:0002724","regulation of T cell cytokine production","12/650","39/25615",0.307692307692308,12.1254437869822,11.2192268989857,1.3476170464395e-10,2.62336118373556e-09,2.62336118373556e-09,"Sash3/Il18r1/B2m/Ccr2/Sectm1a/Xcl1/Il1b/Nlrp3/Malt1/Rsad2/Ifng/Tbx21",12
"GO:0002888","positive regulation of myeloid leukocyte mediated immunity","11/650","31/25615",0.354838709677419,13.9833746898263,11.6711542827935,1.37902060536386e-10,2.67638319300828e-09,2.67638319300828e-09,"Ptafr/Stap1/Itgam/Itgb2/C3/Sell/Fcer1g/Rigi/Fcgr1/Tyrobp/Fcgr3",11
"GO:0002468","dendritic cell antigen processing and presentation","9/650","18/25615",0.5,19.7038461538462,12.8086168809504,1.63697054734523e-10,3.14847269345681e-09,3.14847269345681e-09,"Mpeg1/Fgl2/Clec4a1/Nod1/Fcgr4/Clec4a2/Cd74/Clec4a3/Slc11a1",9
"GO:0002827","positive regulation of T-helper 1 type immune response","9/650","18/25615",0.5,19.7038461538462,12.8086168809504,1.63697054734523e-10,3.14847269345681e-09,3.14847269345681e-09,"Ripk2/Il18r1/Slc11a1/Ccr2/Xcl1/Il1b/Il12rb1/Il12b/Tbx21",9
"GO:0045059","positive thymic T cell selection","9/650","18/25615",0.5,19.7038461538462,12.8086168809504,1.63697054734523e-10,3.14847269345681e-09,3.14847269345681e-09,"Ptprc/H2-DMa/Zap70/Cd74/Cd3d/Cd3g/Tox/Dock2/Cd3e",9
"GO:2001057","reactive nitrogen species metabolic process","18/650","106/25615",0.169811320754717,6.69187227866473,9.47525611519542,1.82144688609332e-10,3.4849288717678e-09,3.4849288717678e-09,"Nos2/Clec7a/Sirpb1a/Itgb2/Gimap3/Tnf/Icam1/Klrk1/Il1b/Aif1/Tlr2/H2-M3/Ifng/Sirpb1c/Sirpb1b/P2rx4/Apoe/Sirpa",18
"GO:0050798","activated T cell proliferation","13/650","49/25615",0.26530612244898,10.4551020408163,10.6896248403581,1.82275233641653e-10,3.4849288717678e-09,3.4849288717678e-09,"Pdcd1lg2/Itgam/Itgb2/Cd86/Laptm5/Itgal/Il2ra/Crtam/Il12rb1/Icosl/Il12b/Cd274/Ido1",13
"GO:0050871","positive regulation of B cell activation","17/650","94/25615",0.180851063829787,7.12692307692308,9.60256170528805,2.09018279244284e-10,3.9843721835765e-09,3.9843721835765e-09,"Ptprc/Il7/Sash3/Pnp/Nfatc2/Tnfsf13b/Tlr9/Cd27/Card11/Cd74/Cd40/Il2rg/Ifng/Tbx21/Nckap1l/Inpp5d/Syk",17
"GO:0045428","regulation of nitric oxide biosynthetic process","16/650","83/25615",0.192771084337349,7.59666357738647,9.71293673844245,2.63224786683417e-10,5.0028284901014e-09,5.0028284901014e-09,"Clec7a/Sirpb1a/Itgb2/Gimap3/Tnf/Icam1/Klrk1/Il1b/Aif1/Tlr2/H2-M3/Ifng/Sirpb1c/Sirpb1b/Apoe/Sirpa",16
"GO:2000106","regulation of leukocyte apoptotic process","18/650","109/25615",0.165137614678899,6.50769230769231,9.2980384336257,2.93252336186008e-10,5.55708851816789e-09,5.55708851816789e-09,"Il7r/Gimap8/P2rx7/Pnp/Ccr5/Cd27/Fcer1g/Nr4a3/Cd74/Ccl5/Hsh2d/Pik3cd/Nfkbid/Cd3g/Serpinb9/Cd274/Ido1/Hcls1",18
"GO:0044546","NLRP3 inflammasome complex assembly","14/650","61/25615",0.229508196721311,9.04438839848676,10.1498143580552,2.99627425095478e-10,5.66119582003926e-09,5.66119582003926e-09,"Irgm1/Gsdmd/P2rx7/Tlr9/Irgm2/Plcg2/Mefv/Casp4/Igtp/Nlrp3/Trim30a/Eif2ak2/Gbp5/Ptpn22",14
"GO:0002825","regulation of T-helper 1 type immune response","11/650","33/25615",0.333333333333333,13.1358974358974,11.2561848317296,3.00986051896353e-10,5.67018884862807e-09,5.67018884862807e-09,"Ripk2/Il18r1/Irf1/Il1rl1/Slc11a1/Ccr2/Xcl1/Il1b/Il12rb1/Il12b/Tbx21",11
"GO:0043374","CD8-positive, alpha-beta T cell differentiation","9/650","19/25615",0.473684210526316,18.6668016194332,12.430204619274,3.04029725397208e-10,5.71078057295809e-09,5.71078057295809e-09,"Irf1/Gpr18/Igtp/Socs1/Tnfsf8/Ifng/Tox/Nckap1l/Runx3",9
"GO:0042554","superoxide anion generation","13/650","51/25615",0.254901960784314,10.0450980392157,10.4331045110268,3.15535358195392e-10,5.90961848701807e-09,5.90961848701807e-09,"Cybb/Itgam/Clec7a/Ncf4/Itgb2/Rac2/Hvcn1/Fpr2/Tyrobp/Ncf1/Ncf2/Prkcd/Syk",13
"GO:0001934","positive regulation of protein phosphorylation","37/650","446/25615",0.0829596412556054,3.26924801655743,7.80092332430912,3.39757242384326e-10,6.34476896824683e-09,6.34476896824683e-09,"Irgm1/Tnfrsf18/Ptprc/Spn/Pik3cg/Grk3/P2rx7/Il1rn/Ripk2/Clec7a/Cd6/Tnf/Cd4/C3/Icam1/Irgm2/Cxcr4/Parp14/Parp9/Rassf2/Slc11a1/Lilra5/Il1b/Pik3r6/Igtp/Aif1/Pik3r5/Agap2/Ifng/Prkcd/Lck/Sema4d/Tlr1/Cd3e/Fgd2/Rasgrp1/Syk",37
"GO:0019079","viral genome replication","18/650","110/25615",0.163636363636364,6.44853146853147,9.24044184042738,3.42453990027799e-10,6.37659255634371e-09,6.37659255634371e-09,"Ifi207/Gbp7/Znfx1/Oas1a/Apobec3/Oas2/Adar/Tnf/Oasl2/Oas1g/Ccl5/Oas1b/Ifih1/Oas3/Eif2ak2/Rsad2/Mx2/Oasl1",18
"GO:0002428","antigen processing and presentation of peptide antigen via MHC class Ib","12/650","42/25615",0.285714285714286,11.2593406593407,10.7369975081463,3.55432909463925e-10,6.59913586819727e-09,6.59913586819727e-09,"H2-Q6/H2-K1/B2m/H2-Q4/H2-T23/H2-T22/Tap2/H2-M3/H2-D1/H2-T24/H2-Q7/H2-M2",12
"GO:0045055","regulated exocytosis","28/650","271/25615",0.103321033210332,4.07164348566563,8.20252322096342,3.78088248210589e-10,6.99953575361621e-09,6.99953575361621e-09,"Ccl3/Cd300a/Unc13d/Ptafr/Myo1f/Rab11fip1/P2rx7/Itgam/Itgb2/Fgr/Rac2/Fcgr4/Fcer1g/Nkg7/Nr4a3/Lat/Cd84/Ccr2/Synj1/Gab2/Cd160/Plek/Nckap1l/Coro1a/Stxbp2/Rasgrp1/Rab27a/Syk",28
"GO:0060333","type II interferon-mediated signaling pathway","10/650","26/25615",0.384615384615385,15.1568047337278,11.653459049627,3.80587586759453e-10,7.02555936018025e-09,7.02555936018025e-09,"Irgm1/Irf1/Stat1/Irgm2/Parp14/Parp9/Nlrc5/Igtp/Ciita/Ifng",10
"GO:0140895","cell surface toll-like receptor signaling pathway","16/650","85/25615",0.188235294117647,7.4179185520362,9.5633016005982,3.82169135794136e-10,7.034540195821e-09,7.03454019582101e-09,"Oas1a/Ripk2/Oas1g/Nr1h3/Ifi35/Oas1b/Scimp/Tnip3/Pik3ap1/Acod1/Tlr2/Tlr1/Nmi/Tnfaip3/Ptpn22/Cd14",16
"GO:0032621","interleukin-18 production","8/650","14/25615",0.571428571428571,22.5186813186813,12.995135213489,4.32425304689854e-10,7.91424546247186e-09,7.91424546247186e-09,"Gsdmd/Casp1/Tnf/Tlr9/Cd84/Nlrp3/Tlr2/Gbp5",8
"GO:0032661","regulation of interleukin-18 production","8/650","14/25615",0.571428571428571,22.5186813186813,12.995135213489,4.32425304689854e-10,7.91424546247186e-09,7.91424546247186e-09,"Gsdmd/Casp1/Tnf/Tlr9/Cd84/Nlrp3/Tlr2/Gbp5",8
"GO:0042130","negative regulation of T cell proliferation","15/650","74/25615",0.202702702702703,7.98804573804574,9.71364541227351,4.53529891758436e-10,8.27692052459145e-09,8.27692052459145e-09,"Tarm1/Pdcd1lg2/Spn/H2-Aa/Cd86/Laptm5/Il2ra/Ctla4/Slfn1/Xcl1/Crtam/Zc3h12d/Ptpn6/Cd274/Ido1",15
"GO:0080164","regulation of nitric oxide metabolic process","16/650","86/25615",0.186046511627907,7.33166368515206,9.4902960036513,4.58618208499889e-10,8.34607187366371e-09,8.34607187366371e-09,"Clec7a/Sirpb1a/Itgb2/Gimap3/Tnf/Icam1/Klrk1/Il1b/Aif1/Tlr2/H2-M3/Ifng/Sirpb1c/Sirpb1b/Apoe/Sirpa",16
"GO:0031342","negative regulation of cell killing","12/650","43/25615",0.27906976744186,10.9974955277281,10.5869946632263,4.81716897547063e-10,8.74166483006309e-09,8.74166483006309e-09,"Ptprc/Il7r/Tap1/Clec2d/Klre1/Tap2/Tigit/Klrd1/Klrb1b/Nckap1l/Serpinb9/Inpp5d",12
"GO:0035455","response to interferon-alpha","11/650","35/25615",0.314285714285714,12.3852747252747,10.8756910614066,6.19603111392855e-10,1.12121982748949e-08,1.12121982748949e-08,"Oas1a/Adar/Oas1g/Ifi204/Oas1b/Ifit1/Ifit1bl1/Ifit2/Eif2ak2/Tgtp1/Traf3ip3",11
"GO:0034612","response to tumor necrosis factor","26/650","241/25615",0.107883817427386,4.25145228215768,8.18315983519048,6.32308431942911e-10,1.14099701314642e-08,1.14099701314642e-08,"Ccr1/Tifa/Aim2/Tnfrsf18/Nos2/Ccl2/Cx3cl1/Casp1/Tnfsf13b/Irf1/Laptm5/Tnf/Stat1/Pid1/Ccl5/Naip2/Acod1/Ubd/Tmc8/Birc3/Gbp3/Tnfrsf11b/Cxcl16/Naip5/Cd14/Syk",26
"GO:0051701","biological process involved in interaction with host","21/650","158/25615",0.132911392405063,5.23773125608569,8.62160138351476,6.35852798204427e-10,1.14417881671295e-08,1.14417881671295e-08,"Gbp7/Fuca2/Trim25/Dpp4/Gbp9/Cd4/Icam1/Gbp2/Cd300lf/Trim12a/Cd74/Pglyrp2/Gbp6/Trim30a/Trim30d/Trim12c/Gbp5/Clec5a/Gbp3/Naip5/Spint1",21
"GO:0009595","detection of biotic stimulus","12/650","44/25615",0.272727272727273,10.7475524475524,10.4418550085311,6.47177280523561e-10,1.16130358940876e-08,1.16130358940876e-08,"Clec7a/Nod1/Clec4n/Tlr9/Pglyrp2/Naip2/Crtam/Casp4/Nlrp3/Tlr2/Tlr1/Naip5",12
"GO:0060337","type I interferon-mediated signaling pathway","17/650","101/25615",0.168316831683168,6.63297791317593,9.15248562385584,6.73107066048486e-10,1.19779495631454e-08,1.19779495631454e-08,"Samhd1/Zbp1/Oas1a/Oas2/Adar/Irf7/Stat1/Oasl2/Oas1g/Oas1b/Ifih1/Nlrc5/Stat2/Oas3/Ikbke/Usp18/Oasl1",17
"GO:0071357","cellular response to type I interferon","17/650","101/25615",0.168316831683168,6.63297791317593,9.15248562385584,6.73107066048486e-10,1.19779495631454e-08,1.19779495631454e-08,"Samhd1/Zbp1/Oas1a/Oas2/Adar/Irf7/Stat1/Oasl2/Oas1g/Oas1b/Ifih1/Nlrc5/Stat2/Oas3/Ikbke/Usp18/Oasl1",17
"GO:0071677","positive regulation of mononuclear cell migration","17/650","101/25615",0.168316831683168,6.63297791317593,9.15248562385584,6.73107066048486e-10,1.19779495631454e-08,1.19779495631454e-08,"Ccl3/Ccr1/Spn/Ccl2/Cx3cl1/Ptprj/C3ar1/Fpr2/Ccl5/Cmklr1/Ccr2/Xcl1/Aif1/Itga4/Ccl1/Cxcl10/P2rx4",17
"GO:1900225","regulation of NLRP3 inflammasome complex assembly","13/650","55/25615",0.236363636363636,9.31454545454545,9.96022221183201,8.75929558323853e-10,1.55441201178797e-08,1.55441201178797e-08,"Irgm1/P2rx7/Tlr9/Irgm2/Plcg2/Mefv/Casp4/Igtp/Nlrp3/Trim30a/Eif2ak2/Gbp5/Ptpn22",13
"GO:0032727","positive regulation of interferon-alpha production","10/650","28/25615",0.357142857142857,14.0741758241758,11.1689731775689,8.98141757789788e-10,1.58507215715428e-08,1.58507215715428e-08,"Irf7/Irf5/Stat1/Tlr9/Rigi/Tlr8/Ifih1/Traf3ip3/Tlr3/Ptpn22",10
"GO:0035872","nucleotide-binding domain, leucine rich repeat containing receptor signaling pathway","10/650","28/25615",0.357142857142857,14.0741758241758,11.1689731775689,8.98141757789788e-10,1.58507215715428e-08,1.58507215715428e-08,"Irgm1/Lacc1/Slc15a3/Ripk2/Nod1/Irf5/Irgm2/Igtp/Tnfaip3/Ptpn22",10
"GO:0070106","interleukin-27-mediated signaling pathway","8/650","15/25615",0.533333333333333,21.0174358974359,12.5130646678292,9.06006566109742e-10,1.59457155635315e-08,1.59457155635315e-08,"Oas1a/Oas2/Stat1/Oasl2/Oas1g/Oas1b/Oas3/Oasl1",8
"GO:0009620","response to fungus","15/650","78/25615",0.192307692307692,7.57840236686391,9.38884982005924,9.88872010536042e-10,1.73565950701736e-08,1.73565950701736e-08,"Zbp1/Clec4d/Clec4a1/Clec7a/Clec4n/Clec4a2/Clec4e/Clec4a3/Plcg2/Scimp/Pik3cd/Ncf1/Tlr2/Malt1/Syk",15
"GO:0002673","regulation of acute inflammatory response","13/650","56/25615",0.232142857142857,9.14821428571429,9.84949858181275,1.11449244899571e-09,1.94595916573539e-08,1.94595916573539e-08,"Spn/Pik3cg/Tnf/Ccr5/C3/Dnase1l3/Fcer1g/Ccl5/Fcgr1/Il1b/Fcgr3/Nlrp3/Hpse",13
"GO:0002532","production of molecular mediator involved in inflammatory response","18/650","118/25615",0.152542372881356,6.01134289439374,8.80400290469212,1.11474622196548e-09,1.94595916573539e-08,1.94595916573539e-08,"Cd300a/Ccr1/Nos2/Tarm1/Gpsm3/Clec7a/Cd6/Tnf/Fcer1g/Pld4/Mefv/Ncf1/Slamf8/Ptpn6/Gbp5/Tlr3/Syk/Sirpa",18
"GO:0002548","monocyte chemotaxis","12/650","46/25615",0.260869565217391,10.2802675585284,10.1651112835729,1.13988684990169e-09,1.98445342107546e-08,1.98445342107546e-08,"Ccl3/Ccr1/Ccl2/Fpr2/Ccl5/Ccr2/Slit2/Aif1/Slamf8/Ccl1/Cxcl10/Gpr35",12
"GO:0001776","leukocyte homeostasis","19/650","133/25615",0.142857142857143,5.62967032967033,8.63751326448973,1.20774521100281e-09,2.09690682040056e-08,2.09690682040056e-08,"Pirb/Aim2/Ccl2/P2rx7/Itgam/Tnfsf13b/Gimap3/Fcer1g/Cd74/Lat/Il2ra/Ccr2/Gpr174/Pik3cd/Dock10/Ifng/Nckap1l/Coro1a/Tnfaip3",19
"GO:0098581","detection of external biotic stimulus","10/650","29/25615",0.344827586206897,13.5888594164456,10.9449499661207,1.33979021338587e-09,2.31989550695171e-08,2.31989550695171e-08,"Clec7a/Nod1/Clec4n/Tlr9/Pglyrp2/Naip2/Casp4/Tlr2/Tlr1/Naip5",10
"GO:0032637","interleukin-8 production","17/650","106/25615",0.160377358490566,6.32010159651669,8.85636970014396,1.46092517714237e-09,2.51608132385056e-08,2.51608132385056e-08,"Ptprc/Nos2/Clec7a/Nod1/Tnf/Tlr9/Rigi/Tlr8/Cd74/Cd2/Il1b/Tlr2/Tlr1/Tlr3/Ptpn22/Cd14/Syk",17
"GO:0032677","regulation of interleukin-8 production","17/650","106/25615",0.160377358490566,6.32010159651669,8.85636970014396,1.46092517714237e-09,2.51608132385056e-08,2.51608132385056e-08,"Ptprc/Nos2/Clec7a/Nod1/Tnf/Tlr9/Rigi/Tlr8/Cd74/Cd2/Il1b/Tlr2/Tlr1/Tlr3/Ptpn22/Cd14/Syk",17
"GO:0002475","antigen processing and presentation via MHC class Ib","12/650","47/25615",0.25531914893617,10.0615384615385,10.0330293802287,1.49562899248948e-09,2.56211217273399e-08,2.56211217273399e-08,"H2-Q6/H2-K1/B2m/H2-Q4/H2-T23/H2-T22/Tap2/H2-M3/H2-D1/H2-T24/H2-Q7/H2-M2",12
"GO:0050691","regulation of defense response to virus by host","12/650","47/25615",0.25531914893617,10.0615384615385,10.0330293802287,1.49562899248948e-09,2.56211217273399e-08,2.56211217273399e-08,"Aim2/Stat1/Rigi/Parp9/Ccl5/Treml4/Il1b/Dtx3l/Il12rb1/Ifng/Il12b/Ptpn22",12
"GO:0098586","cellular response to virus","13/650","58/25615",0.224137931034483,8.83275862068966,9.63614661627178,1.7762114097075e-09,3.03467608935132e-08,3.03467608935132e-08,"Irgm1/Ifi44/Adar/Irf5/Irgm2/Wdfy4/Ccl5/Ifih1/Igtp/Nlrp3/Ikbke/Cxcl10/Tlr3",13
"GO:0050848","regulation of calcium-mediated signaling","17/650","108/25615",0.157407407407407,6.20306267806268,8.74320859694625,1.96657493319397e-09,3.35100195512945e-08,3.35100195512945e-08,"Ccl3/Bst1/Ptprc/Zap70/Cd8a/Clec7a/Tnf/Cd22/Ptprj/Cd4/Itgal/Plcg2/Tbc1d10c/Cmklr1/Cd3e/P2rx4/Syk",17
"GO:0042327","positive regulation of phosphorylation","37/650","476/25615",0.0777310924369748,3.06320297349709,7.33163824691751,2.04504577544443e-09,3.4754957834537e-08,3.4754957834537e-08,"Irgm1/Tnfrsf18/Ptprc/Spn/Pik3cg/Grk3/P2rx7/Il1rn/Ripk2/Clec7a/Cd6/Tnf/Cd4/C3/Icam1/Irgm2/Cxcr4/Parp14/Parp9/Rassf2/Slc11a1/Lilra5/Il1b/Pik3r6/Igtp/Aif1/Pik3r5/Agap2/Ifng/Prkcd/Lck/Sema4d/Tlr1/Cd3e/Fgd2/Rasgrp1/Syk",37
"GO:0007204","positive regulation of cytosolic calcium ion concentration","23/650","202/25615",0.113861386138614,4.48701447067784,8.02843807394426,2.16152330737587e-09,3.66375348986348e-08,3.66375348986348e-08,"Ccl3/Ccr1/Pik3cg/P2rx7/Cxcr6/Gimap3/Ccr5/C3ar1/Cd4/Cxcr4/Fpr2/Plcg2/Cmklr1/Ccr2/Cxcr3/Il1b/Xcr1/Cd52/Fpr1/Ccrl2/Ccl1/Gpr35/P2rx4",23
"GO:0032480","negative regulation of type I interferon production","12/650","49/25615",0.244897959183673,9.65086342229199,9.78037932645024,2.52130434975894e-09,4.251144131982e-08,4.251144131982e-08,"Irgm1/Gbp7/Xaf1/Irgm2/Tyrobp/Igtp/Acod1/Dhx58/Nmi/Irf2/Gbp4/Sirpa",12
"GO:0060338","regulation of type I interferon-mediated signaling pathway","12/650","49/25615",0.244897959183673,9.65086342229199,9.78037932645024,2.52130434975894e-09,4.251144131982e-08,4.251144131982e-08,"Samhd1/Zbp1/Oas1a/Adar/Irf7/Oas1g/Oas1b/Nlrc5/Stat2/Oas3/Ikbke/Usp18",12
"GO:0030316","osteoclast differentiation","19/650","139/25615",0.136690647482014,5.38666297731046,8.3676912068973,2.57687682322681e-09,4.33347034356257e-08,4.33347034356257e-08,"Ccl3/Gpr55/Ccr1/Tnf/Cd300lf/Clec2d/Snx10/Fcer1g/Pilrb1/Ccl5/Rassf2/Tyrobp/Gab2/Ifng/Il12b/Inpp5d/Gpr68/Inpp4b/Tnfrsf11b",19
"GO:0033631","cell-cell adhesion mediated by integrin","10/650","31/25615",0.32258064516129,12.712158808933,10.5284192830658,2.83380952727385e-09,4.74072718833521e-08,4.74072718833521e-08,"Itgax/Dpp4/Itgam/Itgb2/Icam1/Itgal/Ccl5/Itga4/Vcam1/Cd3e",10
"GO:0090025","regulation of monocyte chemotaxis","10/650","31/25615",0.32258064516129,12.712158808933,10.5284192830658,2.83380952727385e-09,4.74072718833521e-08,4.74072718833521e-08,"Ccr1/Ccl2/Fpr2/Ccl5/Ccr2/Slit2/Aif1/Slamf8/Ccl1/Cxcl10",10
"GO:0048872","homeostasis of number of cells","35/650","439/25615",0.0797266514806378,3.1418433502716,7.30392315308447,2.91316369668491e-09,4.86082171103997e-08,4.86082171103997e-08,"Pirb/Aim2/Il7r/Il7/Sash3/Ccl2/P2rx7/P2ry14/Itgam/Tnfsf13b/Adar/Gimap3/B2m/Rac2/Stat1/Fcer1g/Card11/Cd74/Lat/Il2ra/Id2/Rassf2/Ccr2/Gpr174/Pik3cd/Epsti1/Carmil2/Dock10/Ifng/Ikzf1/Nckap1l/Inpp5d/Coro1a/Tnfaip3/Hcls1",35
"GO:0006959","humoral immune response","29/650","316/25615",0.0917721518987342,3.61652872444012,7.55173890741649,2.92825833375724e-09,4.87335013887475e-08,4.87335013887475e-08,"Ccl3/Ptprc/Ccl22/H2-DMa/Ccl2/Cx3cl1/Gimap3/B2m/Tnf/C3/Cfb/C1qa/Ccl5/Cxcl9/C1qc/Ccr2/Xcl1/Il1b/C1qb/C1rl/Ccl4/Sh2d1a/Acod1/C2/Ifng/Ptpn6/Ccl1/Cxcl10/Rnase6",29
"GO:0072593","reactive oxygen species metabolic process","26/650","260/25615",0.1,3.94076923076923,7.69033764526693,3.21961242271226e-09,5.34439023346345e-08,5.34439023346345e-08,"Ucp2/Nos2/P2rx7/Cybb/Itgam/Clec7a/Ncf4/Itgb2/Tnf/Rac2/Hvcn1/Pid1/Vav1/Fpr2/Plcg2/Tyrobp/Ncf1/Trim30a/Acod1/Ncf2/Prkcd/Birc3/Prex1/Rab27a/Syk/Sirpa",26
"GO:0044403","biological process involved in symbiotic interaction","21/650","173/25615",0.121387283236994,4.78359270787016,8.05714914548969,3.39603046582609e-09,5.62270611146052e-08,5.62270611146052e-08,"Gbp7/Fuca2/Trim25/Dpp4/Gbp9/Cd4/Icam1/Gbp2/Cd300lf/Trim12a/Cd74/Pglyrp2/Gbp6/Trim30a/Trim30d/Trim12c/Gbp5/Clec5a/Gbp3/Naip5/Spint1",21
"GO:0140632","canonical inflammasome complex assembly","14/650","73/25615",0.191780821917808,7.55763962065332,9.05338775558988,3.71776638252714e-09,6.13957101320164e-08,6.13957101320164e-08,"Irgm1/Gsdmd/P2rx7/Tlr9/Irgm2/Plcg2/Mefv/Casp4/Igtp/Nlrp3/Trim30a/Eif2ak2/Gbp5/Ptpn22",14
"GO:0070431","nucleotide-binding oligomerization domain containing 2 signaling pathway","9/650","24/25615",0.375,14.7778846153846,10.8961765519439,3.84086801575688e-09,6.32659900851851e-08,6.32659900851851e-08,"Irgm1/Lacc1/Slc15a3/Ripk2/Irf5/Irgm2/Igtp/Tnfaip3/Ptpn22",9
"GO:0002716","negative regulation of natural killer cell mediated immunity","10/650","32/25615",0.3125,12.3149038461538,10.3342679326263,4.02856754098802e-09,6.6188025277e-08,6.6188025277e-08,"Tap1/Clec2d/Klre1/Tap2/Tigit/Klrd1/Klrb1b/Cd96/Serpinb9/Inpp5d",10
"GO:0002476","antigen processing and presentation of endogenous peptide antigen via MHC class Ib","11/650","41/25615",0.268292682926829,10.5727954971857,9.8983082620252,4.08571360268828e-09,6.67853032663346e-08,6.67853032663346e-08,"H2-Q6/H2-K1/H2-Q4/H2-T23/H2-T22/Tap2/H2-M3/H2-D1/H2-T24/H2-Q7/H2-M2",11
"GO:0002484","antigen processing and presentation of endogenous peptide antigen via MHC class I via ER pathway","11/650","41/25615",0.268292682926829,10.5727954971857,9.8983082620252,4.08571360268828e-09,6.67853032663346e-08,6.67853032663346e-08,"H2-Q6/H2-K1/H2-Q4/H2-T23/H2-T22/Tap2/H2-M3/H2-D1/H2-T24/H2-Q7/H2-M2",11
"GO:0032741","positive regulation of interleukin-18 production","7/650","12/25615",0.583333333333333,22.9878205128205,12.2929743031433,4.65293642157586e-09,7.58641207416328e-08,7.58641207416328e-08,"Gsdmd/Casp1/Tnf/Tlr9/Nlrp3/Tlr2/Gbp5",7
"GO:0032757","positive regulation of interleukin-8 production","15/650","87/25615",0.172413793103448,6.79442970822281,8.73557557401894,4.82650105112918e-09,7.84947917783642e-08,7.84947917783642e-08,"Nos2/Clec7a/Nod1/Tnf/Tlr9/Rigi/Tlr8/Cd74/Cd2/Il1b/Tlr2/Tlr1/Tlr3/Cd14/Syk",15
"GO:0002714","positive regulation of B cell mediated immunity","12/650","52/25615",0.230769230769231,9.09408284023669,9.42742318537409,5.26104851961908e-09,8.51309211335842e-08,8.51309211335842e-08,"Ptprc/Gimap3/Tnf/C3/Fcer1g/Cd40/Fcgr1/Xcl1/Fcgr3/Cd226/Ifng/Tbx21",12
"GO:0002891","positive regulation of immunoglobulin mediated immune response","12/650","52/25615",0.230769230769231,9.09408284023669,9.42742318537409,5.26104851961908e-09,8.51309211335842e-08,8.51309211335842e-08,"Ptprc/Gimap3/Tnf/C3/Fcer1g/Cd40/Fcgr1/Xcl1/Fcgr3/Cd226/Ifng/Tbx21",12
"GO:2001185","regulation of CD8-positive, alpha-beta T cell activation","8/650","18/25615",0.444444444444444,17.5145299145299,11.3093470136735,5.75886118394432e-09,9.29520709689908e-08,9.29520709689908e-08,"Irf1/Xcl1/Crtam/Socs1/Nckap1l/Cd274/Ptpn22/Runx3",8
"GO:0002283","neutrophil activation involved in immune response","9/650","25/25615",0.36,14.1867692307692,10.6439509167184,5.86655891621164e-09,9.39819812412557e-08,9.39819812412557e-08,"Ptafr/Myo1f/Itgam/Itgb2/Dnase1l3/Fcer1g/Tyrobp/Stxbp2/Syk",9
"GO:0002836","positive regulation of response to tumor cell","9/650","25/25615",0.36,14.1867692307692,10.6439509167184,5.86655891621164e-09,9.39819812412557e-08,9.39819812412557e-08,"Klrk1/Xcl1/Crtam/Cd226/Cd160/Prf1/Il12b/Gzmb/Gzmc",9
"GO:0002839","positive regulation of immune response to tumor cell","9/650","25/25615",0.36,14.1867692307692,10.6439509167184,5.86655891621164e-09,9.39819812412557e-08,9.39819812412557e-08,"Klrk1/Xcl1/Crtam/Cd226/Cd160/Prf1/Il12b/Gzmb/Gzmc",9
"GO:1902622","regulation of neutrophil migration","12/650","53/25615",0.226415094339623,8.92249637155298,9.31605758208314,6.64513855865838e-09,1.06189975375178e-07,1.06189975375178e-07,"Bst1/Dpp4/Rac2/C3ar1/Sell/Cd74/Il1a/Xcl1/Il1b/Slit2/Slamf8/Nckap1l",12
"GO:0002230","positive regulation of defense response to virus by host","10/650","34/25615",0.294117647058824,11.5904977375566,9.97072336790707,7.82195026453538e-09,1.24267895689436e-07,1.24267895689436e-07,"Aim2/Stat1/Rigi/Parp9/Ccl5/Treml4/Dtx3l/Il12rb1/Il12b/Ptpn22",10
"GO:0045670","regulation of osteoclast differentiation","15/650","90/25615",0.166666666666667,6.56794871794872,8.53813862524265,7.82755818739693e-09,1.24267895689436e-07,1.24267895689436e-07,"Ccl3/Gpr55/Ccr1/Tnf/Clec2d/Pilrb1/Ccl5/Rassf2/Tyrobp/Ifng/Il12b/Inpp5d/Gpr68/Inpp4b/Tnfrsf11b",15
"GO:0002279","mast cell activation involved in immune response","13/650","65/25615",0.2,7.88153846153846,8.96347400528532,7.85379290938839e-09,1.24267895689436e-07,1.24267895689436e-07,"Cd300a/Unc13d/Fgr/Rac2/Fcer1g/Nr4a3/Lat/Cd84/Gab2/Ptpn6/Stxbp2/Rasgrp1/Syk",13
"GO:0050850","positive regulation of calcium-mediated signaling","13/650","65/25615",0.2,7.88153846153846,8.96347400528532,7.85379290938839e-09,1.24267895689436e-07,1.24267895689436e-07,"Ccl3/Ptprc/Zap70/Cd8a/Clec7a/Tnf/Ptprj/Cd4/Itgal/Plcg2/Cd3e/P2rx4/Syk",13
"GO:0006801","superoxide metabolic process","14/650","78/25615",0.179487179487179,7.07317554240631,8.66777827177705,9.1598155718836e-09,1.44576548485946e-07,1.44576548485946e-07,"Nos2/Cybb/Itgam/Clec7a/Ncf4/Itgb2/Rac2/Hvcn1/Fpr2/Tyrobp/Ncf1/Ncf2/Prkcd/Syk",14
"GO:0002423","natural killer cell mediated immune response to tumor cell","7/650","13/25615",0.538461538461538,21.2195266272189,11.7661751529504,9.86022769474478e-09,1.55250251742746e-07,1.55250251742746e-07,"Klrk1/Klre1/Nkg7/Crtam/Cd226/Cd160/Il12b",7
"GO:0002763","positive regulation of myeloid leukocyte differentiation","14/650","79/25615",0.177215189873418,6.98364167478092,8.59473092546644,1.08758808398933e-08,1.70823125954705e-07,1.70823125954705e-07,"Ccl3/Ccr1/Itgam/Tnf/Cd4/Cd74/Ccl5/Id2/Tyrobp/Ifng/Il12b/Ikzf1/Gpr68/Hcls1",14
"GO:0048247","lymphocyte chemotaxis","11/650","45/25615",0.244444444444444,9.63299145299145,9.35258792033426,1.19706339252901e-08,1.87559395941619e-07,1.87559395941619e-07,"Ccl3/Ccl2/Cx3cl1/Klrk1/Ccl5/Ccr2/Cxcr3/Xcl1/Cyp7b1/Cxcl10/Cxcl16",11
"GO:0070227","lymphocyte apoptotic process","16/650","107/25615",0.149532710280374,5.89273903666427,8.1834292653206,1.2563380506158e-08,1.96367777059754e-07,1.96367777059754e-07,"Il7r/Gimap8/P2rx7/Pnp/Cd27/Cd74/Il2ra/Ccl5/Hsh2d/Nfkbid/Cd3g/Fasl/Serpinb9/Cd274/Casp7/Ido1",16
"GO:0045639","positive regulation of myeloid cell differentiation","17/650","122/25615",0.139344262295082,5.49123581336696,8.02351920478709,1.31862540006822e-08,2.05603144903841e-07,2.05603144903841e-07,"Ccl3/Ccr1/Itgam/Tnf/Stat1/Cd4/Cd74/Ccl5/Id2/Tyrobp/Ifng/Il12b/Ikzf1/Nckap1l/Inpp5d/Gpr68/Hcls1",17
"GO:0071900","regulation of protein serine/threonine kinase activity","20/650","171/25615",0.116959064327485,4.60908681961314,7.64068484922509,1.52180355061593e-08,2.36708620076434e-07,2.36708620076434e-07,"Cd300a/Irgm1/Ptprc/Pik3cg/P2rx7/Il1rn/Tnf/Ptprj/Irgm2/Il1b/Pik3r6/Igtp/Pkib/Pik3r5/Prkcd/Ptpn6/Fgd2/Rasgrp1/Ptpn22/Syk",20
"GO:0002431","Fc receptor mediated stimulatory signaling pathway","8/650","20/25615",0.4,15.7630769230769,10.6572194632752,1.58497840371145e-08,2.44170294135308e-07,2.44170294135308e-07,"Ptprc/Nos2/Ptprj/Fcer1g/Nr4a3/Cd226/Myo1g/Ifng",8
"GO:0050855","regulation of B cell receptor signaling pathway","8/650","20/25615",0.4,15.7630769230769,10.6572194632752,1.58497840371145e-08,2.44170294135308e-07,2.44170294135308e-07,"Cd300a/Stap1/Cd22/Lpxn/Ptpn6/Prkch/Cd72/Cd5",8
"GO:0070673","response to interleukin-18","8/650","20/25615",0.4,15.7630769230769,10.6572194632752,1.58497840371145e-08,2.44170294135308e-07,2.44170294135308e-07,"Gsdmd/Ripk2/Casp1/Il18r1/Il18rap/Casp4/Nlrp3/Ifng",8
"GO:0098543","detection of other organism","8/650","20/25615",0.4,15.7630769230769,10.6572194632752,1.58497840371145e-08,2.44170294135308e-07,2.44170294135308e-07,"Clec7a/Nod1/Clec4n/Pglyrp2/Naip2/Tlr2/Tlr1/Naip5",8
"GO:0061756","leukocyte adhesion to vascular endothelial cell","12/650","57/25615",0.210526315789474,8.29635627530364,8.89835284466229,1.60587554955267e-08,2.46797716036516e-07,2.46797716036516e-07,"Ptafr/Spn/Itgam/Itgb2/Tnf/Icam1/Sell/Ccr2/Itga4/Selplg/Vcam1/Gpr35",12
"GO:0002820","negative regulation of adaptive immune response","13/650","69/25615",0.188405797101449,7.42463768115942,8.62266130945102,1.68437212196818e-08,2.57628726464847e-07,2.57628726464847e-07,"Ptprc/Il7r/Spn/Il1rl1/Lag3/Klrd1/Cd69/Cd160/Tbx21/Pdcd1/Nckap1l/Ptpn6/Cd274",13
"GO:1905517","macrophage migration","13/650","69/25615",0.188405797101449,7.42463768115942,8.62266130945102,1.68437212196818e-08,2.57628726464847e-07,2.57628726464847e-07,"Ccl3/Stap1/Ccl2/Cx3cl1/Ptprj/C3ar1/Ccl5/Cmklr1/Ccr2/Slamf8/Cd200/Gpr35/P2rx4",13
"GO:0002520","immune system development","24/650","244/25615",0.0983606557377049,3.87616645649433,7.28399658009129,1.78725461279193e-08,2.72715525714379e-07,2.72715525714379e-07,"Bcl11b/Samhd1/Ptprc/Il7r/Adar/Cd86/C3ar1/Ltb/Il2ra/Id2/Cd40/Icos/Samd9l/Carmil2/Acod1/Icosl/Ifng/Ikzf1/Tbx21/Pdcd1/Tox/Cd3e/Ido1/Tnfaip3",24
"GO:0002437","inflammatory response to antigenic stimulus","14/650","82/25615",0.170731707317073,6.7281425891182,8.38299909945223,1.79193885790584e-08,2.72782351260358e-07,2.72782351260358e-07,"Spn/Cd6/Tnf/C3/Icam1/Fcgr4/Fcer1g/Il2ra/Fcgr1/Fcgr3/Fcgr2b/Il12b/Serpinb9/Rasgrp1",14
"GO:0002712","regulation of B cell mediated immunity","13/650","71/25615",0.183098591549296,7.21549295774648,8.46232880780764,2.41712561392343e-08,3.66217333581228e-07,3.66217333581228e-07,"Ptprc/Gimap3/Tnf/C3/Fcer1g/Cd40/Fcgr1/Xcl1/Fcgr3/Cd226/Ifng/Tbx21/Ptpn6",13
"GO:0002889","regulation of immunoglobulin mediated immune response","13/650","71/25615",0.183098591549296,7.21549295774648,8.46232880780764,2.41712561392343e-08,3.66217333581228e-07,3.66217333581228e-07,"Ptprc/Gimap3/Tnf/C3/Fcer1g/Cd40/Fcgr1/Xcl1/Fcgr3/Cd226/Ifng/Tbx21/Ptpn6",13
"GO:0090022","regulation of neutrophil chemotaxis","10/650","38/25615",0.263157894736842,10.3704453441296,9.32731887102189,2.57322719506109e-08,3.88950858848764e-07,3.88950858848764e-07,"Bst1/Dpp4/Rac2/C3ar1/Sell/Cd74/Xcl1/Il1b/Slit2/Nckap1l",10
"GO:1901222","regulation of non-canonical NF-kappaB signal transduction","15/650","98/25615",0.153061224489796,6.0317896389325,8.05286286267007,2.58972480932606e-08,3.90525637913394e-07,3.90525637913394e-07,"Il18r1/Nod1/Cd86/Laptm5/Tnf/Trim21/Rassf2/Ifi35/Glrx/Il1b/Nlrp3/Eif2ak2/Nmi/Birc3/Ptpn22",15
"GO:0060339","negative regulation of type I interferon-mediated signaling pathway","9/650","29/25615",0.310344827586207,12.2299734748011,9.76351341583761,2.62620607926133e-08,3.95099481338988e-07,3.95099481338988e-07,"Samhd1/Oas1a/Adar/Oas1g/Oas1b/Nlrc5/Stat2/Oas3/Usp18",9
"GO:0033627","cell adhesion mediated by integrin","14/650","85/25615",0.164705882352941,6.49067873303167,8.18162715687828,2.88735408175988e-08,4.33372958439847e-07,4.33372958439847e-07,"Itgax/Dpp4/Itgam/Itgb2/Icam1/Itgal/Ccl5/Lpxn/Itga4/Nckap1l/Ptpn6/Vcam1/Cd3e/Syk",14
"GO:0043383","negative T cell selection","7/650","15/25615",0.466666666666667,18.3902564102564,10.8707930509493,3.53723006636535e-08,5.28445719682116e-07,5.28445719682116e-07,"Ptprc/Spn/Zap70/Cd74/Themis/Dock2/Cd3e",7
"GO:0141201","pyroptotic cell death","7/650","15/25615",0.466666666666667,18.3902564102564,10.8707930509493,3.53723006636535e-08,5.28445719682116e-07,5.28445719682116e-07,"Gsdmd/Aim2/Casp1/Casp4/Prf1/Gzmb/Gzmc",7
"GO:0043303","mast cell degranulation","12/650","61/25615",0.19672131147541,7.75233291298865,8.51959430048321,3.60555204704534e-08,5.37402931559611e-07,5.37402931559611e-07,"Cd300a/Unc13d/Fgr/Rac2/Fcer1g/Nr4a3/Lat/Cd84/Gab2/Stxbp2/Rasgrp1/Syk",12
"GO:0071639","positive regulation of monocyte chemotactic protein-1 production","8/650","22/25615",0.363636363636364,14.3300699300699,10.0928255222845,3.8466385972145e-08,5.72009406215416e-07,5.72009406215416e-07,"Oas1a/Clec7a/Oas1g/Cd84/Oas1b/Il1b/Oas3/Syk",8
"GO:0002686","negative regulation of leukocyte migration","11/650","50/25615",0.22,8.66969230769231,8.75930483587939,3.92605811932384e-08,5.82471070635944e-07,5.82471070635944e-07,"Cd300a/Stap1/Dpp4/Ccl2/Klrk1/Sell/Gpr18/Cd69/Slit2/Slamf8/Cd200",11
"GO:0043405","regulation of MAP kinase activity","16/650","116/25615",0.137931034482759,5.43554376657825,7.72580753384516,4.07680374264578e-08,6.03442102367662e-07,6.03442102367662e-07,"Cd300a/Ptprc/Pik3cg/P2rx7/Il1rn/Tnf/Ptprj/Il1b/Pik3r6/Pik3r5/Prkcd/Ptpn6/Fgd2/Rasgrp1/Ptpn22/Syk",16
"GO:0002438","acute inflammatory response to antigenic stimulus","10/650","40/25615",0.25,9.85192307692308,9.04043652913466,4.40773364279061e-08,6.48334458488467e-07,6.48334458488467e-07,"Spn/Cd6/C3/Icam1/Fcgr4/Fcer1g/Fcgr1/Fcgr3/Fcgr2b/Serpinb9",10
"GO:0002486","antigen processing and presentation of endogenous peptide antigen via MHC class I via ER pathway, TAP-independent","10/650","40/25615",0.25,9.85192307692308,9.04043652913466,4.40773364279061e-08,6.48334458488467e-07,6.48334458488467e-07,"H2-Q6/H2-K1/H2-Q4/H2-T23/H2-T22/H2-M3/H2-D1/H2-T24/H2-Q7/H2-M2",10
"GO:0018108","peptidyl-tyrosine phosphorylation","22/650","218/25615",0.100917431192661,3.97692307692308,7.12252932091344,4.42046221696682e-08,6.48334458488467e-07,6.48334458488467e-07,"Tnfrsf18/Ptprc/Zap70/Il7/Ripk2/Clec7a/Itgb2/Fgr/Cd4/Icam1/Parp14/Parp9/Lilra5/Socs1/Il12rb1/Ifng/Lck/Ptpn6/Cd3e/Hck/Ptpn22/Syk",22
"GO:0071356","cellular response to tumor necrosis factor","22/650","218/25615",0.100917431192661,3.97692307692308,7.12252932091344,4.42046221696682e-08,6.48334458488467e-07,6.48334458488467e-07,"Ccr1/Tifa/Aim2/Tnfrsf18/Ccl2/Cx3cl1/Casp1/Tnfsf13b/Irf1/Laptm5/Tnf/Stat1/Pid1/Ccl5/Naip2/Acod1/Tmc8/Birc3/Gbp3/Tnfrsf11b/Naip5/Syk",22
"GO:0071902","positive regulation of protein serine/threonine kinase activity","15/650","102/25615",0.147058823529412,5.79524886877828,7.82996946888351,4.50254420170974e-08,6.5886888272855e-07,6.5886888272855e-07,"Irgm1/Ptprc/Pik3cg/P2rx7/Il1rn/Tnf/Irgm2/Il1b/Pik3r6/Igtp/Pik3r5/Prkcd/Fgd2/Rasgrp1/Syk",15
"GO:0001794","type IIa hypersensitivity","6/650","10/25615",0.6,23.6446153846154,11.5566551538433,5.02466742866272e-08,7.302819810346e-07,7.302819810346e-07,"C3/Fcgr4/Fcer1g/Fcgr1/Fcgr3/Fcgr2b",6
"GO:0002445","type II hypersensitivity","6/650","10/25615",0.6,23.6446153846154,11.5566551538433,5.02466742866272e-08,7.302819810346e-07,7.302819810346e-07,"C3/Fcgr4/Fcer1g/Fcgr1/Fcgr3/Fcgr2b",6
"GO:0050859","negative regulation of B cell receptor signaling pathway","6/650","10/25615",0.6,23.6446153846154,11.5566551538433,5.02466742866272e-08,7.302819810346e-07,7.302819810346e-07,"Cd300a/Cd22/Lpxn/Ptpn6/Cd72/Cd5",6
"GO:0045953","negative regulation of natural killer cell mediated cytotoxicity","9/650","31/25615",0.290322580645161,11.4409429280397,9.38568428333817,5.05197518406332e-08,7.32593421725119e-07,7.32593421725119e-07,"Tap1/Clec2d/Klre1/Tap2/Tigit/Klrd1/Klrb1b/Serpinb9/Inpp5d",9
"GO:0002448","mast cell mediated immunity","12/650","63/25615",0.19047619047619,7.50622710622711,8.34289234811532,5.27311766899376e-08,7.62939367243601e-07,7.62939367243601e-07,"Cd300a/Unc13d/Fgr/Rac2/Fcer1g/Nr4a3/Lat/Cd84/Gab2/Stxbp2/Rasgrp1/Syk",12
"GO:0034142","toll-like receptor 4 signaling pathway","13/650","76/25615",0.171052631578947,6.74078947368421,8.08734683110549,5.65632363859406e-08,8.16544338299511e-07,8.16544338299511e-07,"Oas1a/Ripk2/Oas1g/Nr1h3/Ifi35/Oas1b/Scimp/Tnip3/Pik3ap1/Acod1/Nmi/Ptpn22/Cd14",13
"GO:0046006","regulation of activated T cell proliferation","10/650","41/25615",0.24390243902439,9.61163227016886,8.90446169819408,5.69778599199118e-08,8.20685587725366e-07,8.20685587725366e-07,"Pdcd1lg2/Cd86/Laptm5/Il2ra/Crtam/Il12rb1/Icosl/Il12b/Cd274/Ido1",10
"GO:0035457","cellular response to interferon-alpha","8/650","23/25615",0.347826086956522,13.7070234113712,9.83751098354668,5.76720786424827e-08,8.25134595098684e-07,8.25134595098684e-07,"Oas1a/Oas1g/Ifi204/Oas1b/Ifit1/Ifit1bl1/Ifit2/Traf3ip3",8
"GO:0046629","gamma-delta T cell activation","8/650","23/25615",0.347826086956522,13.7070234113712,9.83751098354668,5.76720786424827e-08,8.25134595098684e-07,8.25134595098684e-07,"Ptprc/Itk/Gimap3/Gpr18/Lck/Nckap1l/Jaml/Syk",8
"GO:0090026","positive regulation of monocyte chemotaxis","8/650","23/25615",0.347826086956522,13.7070234113712,9.83751098354668,5.76720786424827e-08,8.25134595098684e-07,8.25134595098684e-07,"Ccr1/Ccl2/Fpr2/Ccl5/Ccr2/Aif1/Ccl1/Cxcl10",8
"GO:0045429","positive regulation of nitric oxide biosynthetic process","11/650","52/25615",0.211538461538462,8.33624260355029,8.54474373185645,6.06311481564914e-08,8.65543323905112e-07,8.65543323905112e-07,"Clec7a/Itgb2/Tnf/Icam1/Klrk1/Il1b/Aif1/Tlr2/H2-M3/Ifng/Apoe",11
"GO:0050829","defense response to Gram-negative bacterium","17/650","135/25615",0.125925925925926,4.96245014245014,7.44835862349664,6.10987329077208e-08,8.7021863213377e-07,8.7021863213377e-07,"Irgm1/Gsdmd/Mpeg1/Casp1/Nod1/B2m/Cd4/Tlr9/Irgm2/Slc11a1/Iigp1/Igtp/Cd160/Il12b/Lyz2/Rnase6/Naip5",17
"GO:0018212","peptidyl-tyrosine modification","22/650","222/25615",0.0990990990990991,3.90526680526681,7.01511990608638,6.12295799695616e-08,8.7021863213377e-07,8.7021863213377e-07,"Tnfrsf18/Ptprc/Zap70/Il7/Ripk2/Clec7a/Itgb2/Fgr/Cd4/Icam1/Parp14/Parp9/Lilra5/Socs1/Il12rb1/Ifng/Lck/Ptpn6/Cd3e/Hck/Ptpn22/Syk",22
"GO:0071351","cellular response to interleukin-18","7/650","16/25615",0.4375,17.2408653846154,10.4854543424873,6.15060988951931e-08,8.72218938858102e-07,8.72218938858102e-07,"Gsdmd/Casp1/Il18r1/Il18rap/Casp4/Nlrp3/Ifng",7
"GO:0071359","cellular response to dsRNA","9/650","32/25615",0.28125,11.0834134615385,9.209507902483,6.87119543926682e-08,9.72259019864539e-07,9.72259019864539e-07,"Oas1a/P2rx7/Rigi/Oas1g/Oas1b/Ifih1/Oas3/Ciita/Tlr3",9
"GO:0002823","negative regulation of adaptive immune response based on somatic recombination of immune receptors built from immunoglobulin superfamily domains","12/650","65/25615",0.184615384615385,7.27526627218935,8.173780677299,7.59959464102626e-08,1.0706095608323e-06,1.0706095608323e-06,"Ptprc/Il7r/Spn/Il1rl1/Lag3/Klrd1/Cd69/Tbx21/Pdcd1/Nckap1l/Ptpn6/Cd274",12
"GO:1901224","positive regulation of non-canonical NF-kappaB signal transduction","12/650","65/25615",0.184615384615385,7.27526627218935,8.173780677299,7.59959464102626e-08,1.0706095608323e-06,1.0706095608323e-06,"Il18r1/Nod1/Cd86/Laptm5/Tnf/Trim21/Ifi35/Glrx/Il1b/Nlrp3/Eif2ak2/Nmi",12
"GO:0043124","negative regulation of canonical NF-kappaB signal transduction","15/650","106/25615",0.141509433962264,5.57656023222061,7.61859687004104,7.6215644320753e-08,1.07135514029872e-06,1.07135514029872e-06,"Rhoh/Irgm1/Ripk2/Stat1/Irgm2/Il1rl1/Tnip3/Nlrc5/Parp10/Nfkbid/Igtp/Cd200/Tmc8/Tnfaip3/Sirpa",15
"GO:0070228","regulation of lymphocyte apoptotic process","13/650","78/25615",0.166666666666667,6.56794871794872,7.94670672349486,7.79559831529877e-08,1.09342627898426e-06,1.09342627898426e-06,"Il7r/Gimap8/P2rx7/Pnp/Cd27/Cd74/Ccl5/Hsh2d/Nfkbid/Cd3g/Serpinb9/Cd274/Ido1",13
"GO:0051924","regulation of calcium ion transport","25/650","284/25615",0.0880281690140845,3.46898699891658,6.75120664495714,8.14362636530221e-08,1.13975284903489e-06,1.13975284903489e-06,"Ccl3/Ccr1/Ucp2/Pik3cg/Ccl2/P2rx7/Cx3cl1/Gimap3/Cd4/Tlr9/Icam1/Cxcr4/Ccl5/Cd84/Cxcl9/Lilra5/Cxcr3/Xcl1/Ptpn6/Cxcl10/Coro1a/Gpr35/P2rx4/Ptpn22/Slc30a1",25
"GO:0002534","cytokine production involved in inflammatory response","13/650","79/25615",0.164556962025316,6.48481012658228,7.87822362658008,9.1168730578294e-08,1.27042933890447e-06,1.27042933890447e-06,"Ccr1/Nos2/Tarm1/Gpsm3/Clec7a/Cd6/Tnf/Pld4/Mefv/Ptpn6/Gbp5/Tlr3/Sirpa",13
"GO:1900015","regulation of cytokine production involved in inflammatory response","13/650","79/25615",0.164556962025316,6.48481012658228,7.87822362658008,9.1168730578294e-08,1.27042933890447e-06,1.27042933890447e-06,"Ccr1/Nos2/Tarm1/Gpsm3/Clec7a/Cd6/Tnf/Pld4/Mefv/Ptpn6/Gbp5/Tlr3/Sirpa",13
"GO:0002507","tolerance induction","9/650","33/25615",0.272727272727273,10.7475524475524,9.04096731092016,9.23604666105657e-08,1.27596481184145e-06,1.27596481184145e-06,"Cd86/C3ar1/Il2ra/Icos/Acod1/Pdcd1/Cd3e/Ido1/Tnfaip3",9
"GO:0002675","positive regulation of acute inflammatory response","9/650","33/25615",0.272727272727273,10.7475524475524,9.04096731092016,9.23604666105657e-08,1.27596481184145e-06,1.27596481184145e-06,"Pik3cg/Tnf/Ccr5/C3/Fcer1g/Ccl5/Fcgr1/Il1b/Fcgr3",9
"GO:0002710","negative regulation of T cell mediated immunity","9/650","33/25615",0.272727272727273,10.7475524475524,9.04096731092016,9.23604666105657e-08,1.27596481184145e-06,1.27596481184145e-06,"Ptprc/Il7r/Spn/Lag3/Klrd1/Tbx21/Pdcd1/Nckap1l/Cd274",9
"GO:0045063","T-helper 1 cell differentiation","9/650","33/25615",0.272727272727273,10.7475524475524,9.04096731092016,9.23604666105657e-08,1.27596481184145e-06,1.27596481184145e-06,"Spn/Ripk2/Il18r1/Irf1/Ccr2/Il12rb1/Sema4a/Il12b/Tbx21",9
"GO:0002260","lymphocyte homeostasis","14/650","93/25615",0.150537634408602,5.93234077750207,7.68894567325732,9.35324906981255e-08,1.28938351983854e-06,1.28938351983854e-06,"Pirb/Aim2/P2rx7/Tnfsf13b/Gimap3/Cd74/Lat/Il2ra/Gpr174/Pik3cd/Dock10/Nckap1l/Coro1a/Tnfaip3",14
"GO:0045766","positive regulation of angiogenesis","20/650","191/25615",0.104712041884817,4.12645992750705,6.99805265705205,9.82885270175628e-08,1.35204603332082e-06,1.35204603332082e-06,"Itgax/Cybb/Cx3cl1/Prl2c2/Itgb2/C3ar1/C3/Cxcr4/Tgm2/Ccl5/Il1a/Cd40/Erap1/Cxcr3/Il1b/Pik3r6/Pik3cd/Hpse/Ptpn6/Tlr3",20
"GO:0002371","dendritic cell cytokine production","7/650","17/25615",0.411764705882353,16.2266968325792,10.1334362565845,1.02269883022155e-07,1.39783346496665e-06,1.39783346496665e-06,"Clec7a/Tlr9/Rigi/Plcg2/Scimp/Tlr2/Tlr3",7
"GO:0002730","regulation of dendritic cell cytokine production","7/650","17/25615",0.411764705882353,16.2266968325792,10.1334362565845,1.02269883022155e-07,1.39783346496665e-06,1.39783346496665e-06,"Clec7a/Tlr9/Rigi/Plcg2/Scimp/Tlr2/Tlr3",7
"GO:0098792","xenophagy","7/650","17/25615",0.411764705882353,16.2266968325792,10.1334362565845,1.02269883022155e-07,1.39783346496665e-06,1.39783346496665e-06,"Irgm1/Ripk2/Nod1/Irgm2/Rnf213/Igtp/Tlr2",7
"GO:0072538","T-helper 17 type immune response","11/650","55/25615",0.2,7.88153846153846,8.24358380273462,1.12094234730763e-07,1.52886064524506e-06,1.52886064524506e-06,"Ly9/Clec7a/Clec4n/Slamf6/Cd69/Nfkbid/Nlrp3/Irf4/Malt1/Il12b/Tbx21",11
"GO:0050730","regulation of peptidyl-tyrosine phosphorylation","18/650","158/25615",0.113924050632911,4.48948393378773,7.09930330482678,1.1916845703033e-07,1.62190289822636e-06,1.62190289822636e-06,"Tnfrsf18/Ptprc/Il7/Ripk2/Clec7a/Itgb2/Cd4/Icam1/Parp14/Parp9/Lilra5/Socs1/Ifng/Lck/Ptpn6/Cd3e/Ptpn22/Syk",18
"GO:0061760","antifungal innate immune response","8/650","25/25615",0.32,12.6104615384615,9.37160426281479,1.21632919268615e-07,1.64845964848435e-06,1.64845964848435e-06,"Clec4d/Clec4a1/Clec7a/Clec4n/Clec4a2/Clec4e/Clec4a3/Plcg2",8
"GO:0071360","cellular response to exogenous dsRNA","8/650","25/25615",0.32,12.6104615384615,9.37160426281479,1.21632919268615e-07,1.64845964848435e-06,1.64845964848435e-06,"Oas1a/Rigi/Oas1g/Oas1b/Ifih1/Oas3/Ciita/Tlr3",8
"GO:1904018","positive regulation of vasculature development","20/650","194/25615",0.103092783505155,4.06264869151467,6.90925669818033,1.27142410484525e-07,1.71950072621598e-06,1.71950072621598e-06,"Itgax/Cybb/Cx3cl1/Prl2c2/Itgb2/C3ar1/C3/Cxcr4/Tgm2/Ccl5/Il1a/Cd40/Erap1/Cxcr3/Il1b/Pik3r6/Pik3cd/Hpse/Ptpn6/Tlr3",20
"GO:0042060","wound healing","31/650","421/25615",0.0736342042755344,2.90175406541202,6.34857762956711,1.41609858819158e-07,1.91113809465182e-06,1.91113809465182e-06,"Gsdmd/Fgl2/Ccl2/Cx3cl1/Casp1/Clec7a/Adamdec1/Tnf/Ptprj/Fcer1g/Cxcr4/F10/Il1a/Slc11a1/Ccr2/Entpd1/Carmil2/Prf1/Prkcd/Plek/Hpse/Ptpn6/Gzmb/Tspan32/Casp7/Jaml/F11r/Rab27a/Gzmc/Apoe/Syk",31
"GO:0070371","ERK1 and ERK2 cascade","28/650","356/25615",0.0786516853932584,3.09948141745895,6.43663012176643,1.48593457794398e-07,2.00118317163777e-06,2.00118317163777e-06,"Ccl3/Gpr55/Ccr1/Nampt/Ptprc/Ripk2/Nod1/Neurl3/Cd4/Tlr9/C3/Icam1/Ctsh/Cxcr4/Cd74/Fpr2/Ccl5/Il1a/Tbc1d10c/Scimp/Il1b/Tlr2/Ptpn6/Rasgrp1/Ptpn22/Apoe/Syk/Sirpa",28
"GO:0097191","extrinsic apoptotic signaling pathway","23/650","254/25615",0.0905511811023622,3.56841308298001,6.63786079567303,1.61165978875667e-07,2.16268265068187e-06,2.16268265068187e-06,"Ptprc/Il7/P2rx7/Cx3cl1/Tnf/Bcl2a1a/Icam1/Cd27/Ltb/Bcl2l14/Il1a/Il1b/Bcl2a1d/Fasl/Agap2/Ifng/Tmc8/Bcl2a1b/Tnfsf10/Tnfaip3/Tlr3/Sp100/Runx3",23
"GO:0043302","positive regulation of leukocyte degranulation","9/650","35/25615",0.257142857142857,10.1334065934066,8.72461234752573,1.61595216738372e-07,2.16268265068187e-06,2.16268265068187e-06,"Ptafr/Itgam/Itgb2/Fgr/Fcer1g/Gab2/Cd160/Stxbp2/Syk",9
"GO:0043304","regulation of mast cell degranulation","9/650","35/25615",0.257142857142857,10.1334065934066,8.72461234752573,1.61595216738372e-07,2.16268265068187e-06,2.16268265068187e-06,"Cd300a/Unc13d/Fgr/Rac2/Fcer1g/Cd84/Gab2/Stxbp2/Syk",9
"GO:0038061","non-canonical NF-kappaB signal transduction","16/650","128/25615",0.125,4.92596153846154,7.18490882988423,1.65300911221244e-07,2.20767786628954e-06,2.20767786628954e-06,"Il18r1/Nod1/Cd86/Laptm5/Tnf/Trim21/Rassf2/Ifi35/Glrx/Il1b/Nlrp3/Eif2ak2/Tlr1/Nmi/Birc3/Ptpn22",16
"GO:0034162","toll-like receptor 9 signaling pathway","8/650","26/25615",0.307692307692308,12.1254437869822,9.15813321007681,1.71793818197393e-07,2.2896337927387e-06,2.2896337927387e-06,"Unc93b1/Tlr9/Pld4/Treml4/Pik3ap1/Rsad2/Ptpn22/Syk",8
"GO:0007229","integrin-mediated signaling pathway","15/650","113/25615",0.132743362831858,5.23110959836624,7.27337487092038,1.80651583897518e-07,2.40270346782123e-06,2.40270346782123e-06,"Itgax/Itgam/Itgb2/Fyb1/Fgr/Fcer1g/Vav1/Itgal/Lat/Tyrobp/Itga4/Gab2/Plek/Tspan32/Syk",15
"GO:2000379","positive regulation of reactive oxygen species metabolic process","13/650","84/25615",0.154761904761905,6.09880952380952,7.55273269123868,1.92480434736893e-07,2.55474031559877e-06,2.55474031559877e-06,"Itgam/Clec7a/Itgb2/Hvcn1/Pid1/Fpr2/Plcg2/Tyrobp/Acod1/Prkcd/Rab27a/Syk/Sirpa",13
"GO:0051338","regulation of transferase activity","31/650","428/25615",0.0724299065420561,2.85429547088426,6.2422649290842,2.0375032731402e-07,2.69874660343353e-06,2.69874660343353e-06,"Cd300a/Irgm1/Ptprc/Pik3cg/P2rx7/Il1rn/Adar/Fgr/Tnf/Arrdc4/Ptprj/Irgm2/Rassf2/Slc11a1/Lilra5/Il1b/Pik3r6/Nlrc5/Igtp/Dtx3l/Pkib/Slamf8/Pik3r5/Agap2/Prkcd/Ptpn6/Tlr1/Fgd2/Rasgrp1/Ptpn22/Syk",31
"GO:0043406","positive regulation of MAP kinase activity","12/650","71/25615",0.169014084507042,6.66045503791983,7.70665047138207,2.10272493850807e-07,2.76382295426244e-06,2.76382295426244e-06,"Ptprc/Pik3cg/P2rx7/Il1rn/Tnf/Il1b/Pik3r6/Pik3r5/Prkcd/Fgd2/Rasgrp1/Syk",12
"GO:0002420","natural killer cell mediated cytotoxicity directed against tumor cell target","6/650","12/25615",0.5,19.7038461538462,10.4569663921494,2.11675107954098e-07,2.76382295426244e-06,2.76382295426244e-06,"Klrk1/Klre1/Nkg7/Crtam/Cd226/Il12b",6
"GO:0002855","regulation of natural killer cell mediated immune response to tumor cell","6/650","12/25615",0.5,19.7038461538462,10.4569663921494,2.11675107954098e-07,2.76382295426244e-06,2.76382295426244e-06,"Klrk1/Klre1/Crtam/Cd226/Cd160/Il12b",6
"GO:0019835","cytolysis","6/650","12/25615",0.5,19.7038461538462,10.4569663921494,2.11675107954098e-07,2.76382295426244e-06,2.76382295426244e-06,"Gbp7/Gbp2/Gbp2b/Igtp/Gbp5/Gbp3",6
"GO:0043320","natural killer cell degranulation","6/650","12/25615",0.5,19.7038461538462,10.4569663921494,2.11675107954098e-07,2.76382295426244e-06,2.76382295426244e-06,"Unc13d/Fcgr4/Nkg7/Cd160/Coro1a/Rab27a",6
"GO:1904415","regulation of xenophagy","6/650","12/25615",0.5,19.7038461538462,10.4569663921494,2.11675107954098e-07,2.76382295426244e-06,2.76382295426244e-06,"Irgm1/Ripk2/Nod1/Irgm2/Igtp/Tlr2",6
"GO:1904417","positive regulation of xenophagy","6/650","12/25615",0.5,19.7038461538462,10.4569663921494,2.11675107954098e-07,2.76382295426244e-06,2.76382295426244e-06,"Irgm1/Ripk2/Nod1/Irgm2/Igtp/Tlr2",6
"GO:0051209","release of sequestered calcium ion into cytosol","16/650","131/25615",0.122137404580153,4.81315325895479,7.06017890488498,2.28495456674632e-07,2.97739313119236e-06,2.97739313119236e-06,"Ccl3/Ptprc/P2rx7/Cx3cl1/Ccr5/Plcg2/Cxcl9/Plcb2/Cxcr3/Xcl1/Xcr1/Lck/Ptpn6/Cxcl10/Coro1a/Trpm2",16
"GO:1905521","regulation of macrophage migration","10/650","47/25615",0.212765957446809,8.38461538461539,8.17632275468554,2.29445547489457e-07,2.98372104670501e-06,2.98372104670501e-06,"Stap1/Ccl2/Cx3cl1/Ptprj/C3ar1/Ccl5/Cmklr1/Slamf8/Cd200/P2rx4",10
"GO:0072677","eosinophil migration","8/650","27/25615",0.296296296296296,11.6763532763533,8.95604449933712,2.38712914982365e-07,3.0973937208026e-06,3.0973937208026e-06,"Ccl3/Cd300a/Ccl22/Ccl2/Cx3cl1/Ccl5/Ccl4/Ccl1",8
"GO:0045620","negative regulation of lymphocyte differentiation","11/650","59/25615",0.186440677966102,7.34719687092568,7.87573565498798,2.39151196375792e-07,3.0973937208026e-06,3.0973937208026e-06,"Fgl2/Irf1/Cd74/Ctla4/Id2/Lag3/Cd69/Nfkbid/Socs1/Tbx21/Runx3",11
"GO:0002689","negative regulation of leukocyte chemotaxis","7/650","19/25615",0.368421052631579,14.5186234817814,9.51158334537609,2.53495974115681e-07,3.27657572981717e-06,3.27657572981717e-06,"Stap1/Dpp4/Ccl2/Klrk1/Gpr18/Slit2/Slamf8",7
"GO:0043549","regulation of kinase activity","29/650","390/25615",0.0743589743589744,2.93031558185404,6.19832905447888,2.91762034960126e-07,3.76361307747761e-06,3.76361307747761e-06,"Cd300a/Irgm1/Ptprc/Pik3cg/P2rx7/Il1rn/Adar/Fgr/Tnf/Ptprj/Irgm2/Rassf2/Slc11a1/Lilra5/Il1b/Pik3r6/Nlrc5/Igtp/Pkib/Slamf8/Pik3r5/Agap2/Prkcd/Ptpn6/Tlr1/Fgd2/Rasgrp1/Ptpn22/Syk",29
"GO:2000401","regulation of lymphocyte migration","12/650","74/25615",0.162162162162162,6.39043659043659,7.49290883598149,3.36274539927583e-07,4.32911351602163e-06,4.32911351602163e-06,"Ccl3/Spn/Ccl2/Klrk1/Ccl5/Ccr2/Cd69/Xcl1/Aif1/Itga4/Cd200/Cxcl10",12
"GO:0030890","positive regulation of B cell proliferation","10/650","49/25615",0.204081632653061,8.04238618524333,7.96188829863459,3.47883219179447e-07,4.44274291879377e-06,4.44274291879377e-06,"Ptprc/Il7/Sash3/Nfatc2/Tnfsf13b/Tlr9/Card11/Cd74/Cd40/Nckap1l",10
"GO:0048246","macrophage chemotaxis","10/650","49/25615",0.204081632653061,8.04238618524333,7.96188829863459,3.47883219179447e-07,4.44274291879377e-06,4.44274291879377e-06,"Ccl3/Stap1/Ccl2/Cx3cl1/Ptprj/C3ar1/Ccl5/Cmklr1/Slamf8/Gpr35",10
"GO:0097028","dendritic cell differentiation","10/650","49/25615",0.204081632653061,8.04238618524333,7.96188829863459,3.47883219179447e-07,4.44274291879377e-06,4.44274291879377e-06,"Pirb/Gimap3/Irf4/Irf8/Slamf9/Ubd/Batf2/Irf9/Clec12a/Trpm2",10
"GO:0001773","myeloid dendritic cell activation","9/650","38/25615",0.236842105263158,9.3334008097166,8.2950472232309,3.4855890894646e-07,4.44274291879377e-06,4.44274291879377e-06,"Pirb/Clec4d/Gimap3/Klrk1/Irf4/Ubd/Batf2/Tspan32/Dock2",9
"GO:0034121","regulation of toll-like receptor signaling pathway","9/650","38/25615",0.236842105263158,9.3334008097166,8.2950472232309,3.4855890894646e-07,4.44274291879377e-06,4.44274291879377e-06,"Cd300a/Irf1/Irf7/Cd300lf/Tasl/Pik3ap1/Irf4/Smpdl3b/Trim30a",9
"GO:0002524","hypersensitivity","7/650","20/25615",0.35,13.7926923076923,9.23483161129631,3.81459307234911e-07,4.852464534014e-06,4.852464534014e-06,"Spn/C3/Fcgr4/Fcer1g/Fcgr1/Fcgr3/Fcgr2b",7
"GO:0002291","T cell activation via T cell receptor contact with antigen bound to MHC molecule on antigen presenting cell","6/650","13/25615",0.461538461538462,18.1881656804734,10.0021613603027,3.84659291033544e-07,4.88350056442586e-06,4.88350056442586e-06,"H2-DMb2/Fgl2/H2-DMb1/Icam1/Itgal/Tyrobp",6
"GO:0051928","positive regulation of calcium ion transport","15/650","120/25615",0.125,4.92596153846154,6.95566650472421,4.0092926932231e-07,5.08001898644284e-06,5.08001898644284e-06,"Ccl3/Ccr1/Ccl2/P2rx7/Cx3cl1/Gimap3/Cd4/Cxcr4/Ccl5/Cxcl9/Lilra5/Cxcr3/Xcl1/Cxcl10/P2rx4",15
"GO:0032930","positive regulation of superoxide anion generation","8/650","29/25615",0.275862068965517,10.8710875331565,8.5820768655545,4.41272768134953e-07,5.54742908512512e-06,5.54742908512512e-06,"Itgam/Clec7a/Itgb2/Hvcn1/Fpr2/Tyrobp/Prkcd/Syk",8
"GO:0052372","modulation by symbiont of entry into host","8/650","29/25615",0.275862068965517,10.8710875331565,8.5820768655545,4.41272768134953e-07,5.54742908512512e-06,5.54742908512512e-06,"Fuca2/Trim25/Cd4/Trim12a/Cd74/Trim30a/Trim30d/Trim12c",8
"GO:0072567","chemokine (C-X-C motif) ligand 2 production","8/650","29/25615",0.275862068965517,10.8710875331565,8.5820768655545,4.41272768134953e-07,5.54742908512512e-06,5.54742908512512e-06,"Oas1a/Tnf/Mbp/Oas1g/Cd74/Ccl5/Oas1b/Oas3",8
"GO:2000341","regulation of chemokine (C-X-C motif) ligand 2 production","8/650","29/25615",0.275862068965517,10.8710875331565,8.5820768655545,4.41272768134953e-07,5.54742908512512e-06,5.54742908512512e-06,"Oas1a/Tnf/Mbp/Oas1g/Cd74/Ccl5/Oas1b/Oas3",8
"GO:0032689","negative regulation of type II interferon production","9/650","39/25615",0.230769230769231,9.09408284023669,8.16231277264257,4.42979736488338e-07,5.55801138125211e-06,5.55801138125211e-06,"Irgm1/Pdcd1lg2/Laptm5/Gimap3/Il1rl1/Pglyrp2/Xcl1/Cd96/Cd274",9
"GO:0150077","regulation of neuroinflammatory response","9/650","40/25615",0.225,8.86673076923077,8.03426324347842,5.58790110699432e-07,6.96769487149404e-06,6.96769487149404e-06,"Ccr1/Stap1/Cx3cl1/Ctsc/Ccl5/Plcg2/Cd200r4/Cd200/Cst7",9
"GO:0002281","macrophage activation involved in immune response","7/650","21/25615",0.333333333333333,13.1358974358974,8.97722391468013,5.59671630400206e-07,6.96769487149404e-06,6.96769487149404e-06,"Tnf/Plcg2/Ifi35/Tyrobp/Ifng/Nmi/Syk",7
"GO:0045579","positive regulation of B cell differentiation","7/650","21/25615",0.333333333333333,13.1358974358974,8.97722391468013,5.59671630400206e-07,6.96769487149404e-06,6.96769487149404e-06,"Il7/Pnp/Cd27/Il2rg/Nckap1l/Inpp5d/Syk",7
"GO:0061081","positive regulation of myeloid leukocyte cytokine production involved in immune response","7/650","21/25615",0.333333333333333,13.1358974358974,8.97722391468013,5.59671630400206e-07,6.96769487149404e-06,6.96769487149404e-06,"Laptm5/Fcer1g/Rigi/Nr4a3/Cd74/Plcg2/Tlr2",7
"GO:0050832","defense response to fungus","11/650","64/25615",0.171875,6.77319711538462,7.46160092650789,5.6644226725209e-07,7.03834646968554e-06,7.03834646968554e-06,"Zbp1/Clec4d/Clec4a1/Clec7a/Clec4n/Clec4a2/Clec4e/Clec4a3/Plcg2/Pik3cd/Ncf1",11
"GO:0097553","calcium ion transmembrane import into cytosol","19/650","194/25615",0.0979381443298969,3.85951625693894,6.45099514892116,5.79419763986627e-07,7.18569993021253e-06,7.18569993021253e-06,"Ccl3/Ptprc/P2rx7/Cx3cl1/Gimap3/Ccr5/Cd4/Plcg2/Cxcl9/Plcb2/Cxcr3/Xcl1/Xcr1/Lck/Ptpn6/Cxcl10/Coro1a/Trpm2/P2rx4",19
"GO:0032715","negative regulation of interleukin-6 production","10/650","52/25615",0.192307692307692,7.57840236686391,7.6620642783388,6.25381445658113e-07,7.74075222910929e-06,7.74075222910929e-06,"Tnf/Cd84/Trim30a/Cd200/Nckap1l/Ptpn6/Inpp5d/Tnfaip3/Ptpn22/Sirpa",10
"GO:0045859","regulation of protein kinase activity","27/650","360/25615",0.075,2.95557692307692,6.02951060532464,6.31855704798608e-07,7.80584816851203e-06,7.80584816851203e-06,"Cd300a/Irgm1/Ptprc/Pik3cg/P2rx7/Il1rn/Adar/Fgr/Tnf/Ptprj/Irgm2/Rassf2/Slc11a1/Lilra5/Il1b/Pik3r6/Igtp/Pkib/Pik3r5/Agap2/Prkcd/Ptpn6/Tlr1/Fgd2/Rasgrp1/Ptpn22/Syk",27
"GO:0001660","fever generation","6/650","14/25615",0.428571428571429,16.889010989011,9.59537636869768,6.586877367451e-07,8.09065013546944e-06,8.09065013546945e-06,"Il1rn/Tnf/Ccr5/Ccl5/Il1a/Il1b",6
"GO:0045060","negative thymic T cell selection","6/650","14/25615",0.428571428571429,16.889010989011,9.59537636869768,6.586877367451e-07,8.09065013546944e-06,8.09065013546945e-06,"Ptprc/Spn/Zap70/Cd74/Dock2/Cd3e",6
"GO:0072683","T cell extravasation","6/650","14/25615",0.428571428571429,16.889010989011,9.59537636869768,6.586877367451e-07,8.09065013546944e-06,8.09065013546945e-06,"Ccl2/Icam1/Itgal/Ccl5/Ccr2/F11r",6
"GO:0045581","negative regulation of T cell differentiation","10/650","53/25615",0.188679245283019,7.43541364296081,7.5673981092142,7.53430539730601e-07,9.23671333440721e-06,9.23671333440721e-06,"Fgl2/Irf1/Cd74/Ctla4/Lag3/Cd69/Nfkbid/Socs1/Tbx21/Runx3",10
"GO:0045730","respiratory burst","8/650","31/25615",0.258064516129032,10.1697270471464,8.24294928361049,7.75487524568461e-07,9.48901306252912e-06,9.48901306252912e-06,"Cybb/Clec7a/Ncf4/Rac2/Slc11a1/Ncf1/Slamf8/Ncf2",8
"GO:0070231","T cell apoptotic process","11/650","66/25615",0.166666666666667,6.56794871794872,7.30819012270788,7.81465494296356e-07,9.54398162615929e-06,9.54398162615929e-06,"Il7r/Gimap8/Pnp/Cd27/Il2ra/Ccl5/Nfkbid/Fasl/Serpinb9/Cd274/Ido1",11
"GO:0048245","eosinophil chemotaxis","7/650","22/25615",0.318181818181818,12.5388111888112,8.73657892825804,8.02900744466636e-07,9.78716201604112e-06,9.78716201604112e-06,"Ccl3/Ccl22/Ccl2/Cx3cl1/Ccl5/Ccl4/Ccl1",7
"GO:2000377","regulation of reactive oxygen species metabolic process","17/650","163/25615",0.104294478527607,4.11000471920717,6.42722477815453,9.4055946863367e-07,1.1443473535043e-05,1.1443473535043e-05,"Itgam/Clec7a/Itgb2/Tnf/Hvcn1/Pid1/Fpr2/Plcg2/Tyrobp/Trim30a/Acod1/Ncf2/Prkcd/Birc3/Rab27a/Syk/Sirpa",17
"GO:0001779","natural killer cell differentiation","8/650","32/25615",0.25,9.85192307692308,8.08474787233971,1.01107938129372e-06,1.21860674398328e-05,1.21860674398328e-05,"Ptprc/Irf1/Id2/Slamf6/Il15ra/Ikzf1/Tox/Rasgrp1",8
"GO:0002828","regulation of type 2 immune response","8/650","32/25615",0.25,9.85192307692308,8.08474787233971,1.01107938129372e-06,1.21860674398328e-05,1.21860674398328e-05,"Irf1/Cd74/Ccr2/Xcl1/Nlrp3/Rsad2/Tbx21/Ido1",8
"GO:0032928","regulation of superoxide anion generation","8/650","32/25615",0.25,9.85192307692308,8.08474787233971,1.01107938129372e-06,1.21860674398328e-05,1.21860674398328e-05,"Itgam/Clec7a/Itgb2/Hvcn1/Fpr2/Tyrobp/Prkcd/Syk",8
"GO:0071605","monocyte chemotactic protein-1 production","8/650","32/25615",0.25,9.85192307692308,8.08474787233971,1.01107938129372e-06,1.21860674398328e-05,1.21860674398328e-05,"Oas1a/Clec7a/Oas1g/Cd84/Oas1b/Il1b/Oas3/Syk",8
"GO:0071637","regulation of monocyte chemotactic protein-1 production","8/650","32/25615",0.25,9.85192307692308,8.08474787233971,1.01107938129372e-06,1.21860674398328e-05,1.21860674398328e-05,"Oas1a/Clec7a/Oas1g/Cd84/Oas1b/Il1b/Oas3/Syk",8
"GO:0070372","regulation of ERK1 and ERK2 cascade","25/650","325/25615",0.0769230769230769,3.03136094674556,5.94680859364882,1.0330509064658e-06,1.24275637137384e-05,1.24275637137384e-05,"Ccl3/Gpr55/Ccr1/Nampt/Ptprc/Ripk2/Nod1/Cd4/Tlr9/C3/Icam1/Cxcr4/Cd74/Fpr2/Il1a/Tbc1d10c/Scimp/Il1b/Tlr2/Ptpn6/Rasgrp1/Ptpn22/Apoe/Syk/Sirpa",25
"GO:0045860","positive regulation of protein kinase activity","20/650","221/25615",0.0904977375565611,3.56630699617125,6.18256630773874,1.03523150892757e-06,1.24305181557957e-05,1.24305181557957e-05,"Irgm1/Ptprc/Pik3cg/P2rx7/Il1rn/Tnf/Irgm2/Rassf2/Slc11a1/Lilra5/Il1b/Pik3r6/Igtp/Pik3r5/Agap2/Prkcd/Tlr1/Fgd2/Rasgrp1/Syk",20
"GO:0002755","MyD88-dependent toll-like receptor signaling pathway","6/650","15/25615",0.4,15.7630769230769,9.22852143406947,1.0742313607994e-06,1.27557527944091e-05,1.27557527944091e-05,"Cd300a/Irf1/Irf7/Tlr9/Cd300lf/Tlr2",6
"GO:0032604","granulocyte macrophage colony-stimulating factor production","6/650","15/25615",0.4,15.7630769230769,9.22852143406947,1.0742313607994e-06,1.27557527944091e-05,1.27557527944091e-05,"Tlr9/Rigi/Cd84/Il1b/Il12b/Syk",6
"GO:0032645","regulation of granulocyte macrophage colony-stimulating factor production","6/650","15/25615",0.4,15.7630769230769,9.22852143406947,1.0742313607994e-06,1.27557527944091e-05,1.27557527944091e-05,"Tlr9/Rigi/Cd84/Il1b/Il12b/Syk",6
"GO:0035655","interleukin-18-mediated signaling pathway","6/650","15/25615",0.4,15.7630769230769,9.22852143406947,1.0742313607994e-06,1.27557527944091e-05,1.27557527944091e-05,"Gsdmd/Casp1/Il18r1/Il18rap/Casp4/Nlrp3",6
"GO:0060330","regulation of response to type II interferon","6/650","15/25615",0.4,15.7630769230769,9.22852143406947,1.0742313607994e-06,1.27557527944091e-05,1.27557527944091e-05,"Irgm1/Irgm2/Parp14/Parp9/Nlrc5/Igtp",6
"GO:0060334","regulation of type II interferon-mediated signaling pathway","6/650","15/25615",0.4,15.7630769230769,9.22852143406947,1.0742313607994e-06,1.27557527944091e-05,1.27557527944091e-05,"Irgm1/Irgm2/Parp14/Parp9/Nlrc5/Igtp",6
"GO:0002922","positive regulation of humoral immune response","7/650","23/25615",0.304347826086957,11.9936454849498,8.51104973259365,1.1289382857647e-06,1.33806264718679e-05,1.33806264718679e-05,"Ptprc/H2-DMa/Gimap3/Tnf/C3/Il1b/Acod1",7
"GO:0044409","symbiont entry into host","14/650","114/25615",0.12280701754386,4.83954116059379,6.62953004890448,1.20906520644666e-06,1.4303931650485e-05,1.4303931650485e-05,"Fuca2/Trim25/Dpp4/Cd4/Cd300lf/Trim12a/Cd74/Trim30a/Trim30d/Trim12c/Gbp5/Clec5a/Naip5/Spint1",14
"GO:1903307","positive regulation of regulated secretory pathway","11/650","69/25615",0.159420289855072,6.28238573021182,7.08961739446663,1.23863649026251e-06,1.46268397305999e-05,1.46268397305999e-05,"Unc13d/Ptafr/Itgam/Itgb2/Fgr/Fcer1g/Gab2/Cd160/Stxbp2/Rab27a/Syk",11
"GO:0032633","interleukin-4 production","8/650","33/25615",0.242424242424242,9.55337995337995,7.93335855051545,1.30506943399234e-06,1.53268117805608e-05,1.53268117805608e-05,"Sash3/Fcer1g/Cd83/Nlrp3/Irf4/Icosl/Cd3e/Syk",8
"GO:0032673","regulation of interleukin-4 production","8/650","33/25615",0.242424242424242,9.55337995337995,7.93335855051545,1.30506943399234e-06,1.53268117805608e-05,1.53268117805608e-05,"Sash3/Fcer1g/Cd83/Nlrp3/Irf4/Icosl/Cd3e/Syk",8
"GO:0050869","negative regulation of B cell activation","8/650","33/25615",0.242424242424242,9.55337995337995,7.93335855051545,1.30506943399234e-06,1.53268117805608e-05,1.53268117805608e-05,"Cd300a/Laptm5/Ctla4/Tbc1d10c/Id2/Tyrobp/Inpp5d/Tnfaip3",8
"GO:1903305","regulation of regulated secretory pathway","17/650","167/25615",0.101796407185629,4.01156149239982,6.30017682176589,1.32114758731507e-06,1.54873213520292e-05,1.54873213520292e-05,"Cd300a/Unc13d/Ptafr/P2rx7/Itgam/Itgb2/Fgr/Rac2/Fcer1g/Cd84/Ccr2/Gab2/Cd160/Nckap1l/Stxbp2/Rab27a/Syk",17
"GO:0006816","calcium ion transport","32/650","494/25615",0.0647773279352227,2.55272500778574,5.62301388756698,1.51322721441797e-06,1.7706687842297e-05,1.7706687842297e-05,"Ccl3/Ccr1/Ucp2/Ptprc/Pik3cg/Ccl2/P2rx7/Cx3cl1/Gimap3/Ccr5/Cd4/Tlr9/Icam1/Cxcr4/Ccl5/Cd84/Plcg2/Cxcl9/Plcb2/Lilra5/Cxcr3/Xcl1/Xcr1/Lck/Ptpn6/Cxcl10/Coro1a/Trpm2/Gpr35/P2rx4/Ptpn22/Slc30a1",32
"GO:0002762","negative regulation of myeloid leukocyte differentiation","10/650","57/25615",0.175438596491228,6.9136302294197,7.2120338411035,1.52308448991948e-06,1.77896268422596e-05,1.77896268422596e-05,"Ccl3/Gpr55/Clec2d/Pilrb1/C1qc/Ifng/Inpp5d/Gpr68/Inpp4b/Tnfrsf11b",10
"GO:0046596","regulation of viral entry into host cell","7/650","24/25615",0.291666666666667,11.4939102564103,8.29906056452402,1.55896500415658e-06,1.81756645856658e-05,1.81756645856658e-05,"Trim25/Cd4/Trim12a/Cd74/Trim30a/Trim30d/Trim12c",7
"GO:0051048","negative regulation of secretion","20/650","227/25615",0.0881057268722467,3.47204337512708,6.03648834184954,1.57320453928047e-06,1.83084528266988e-05,1.83084528266988e-05,"Cd300a/Ucp2/Rab11fip1/Il1rn/Tnf/Cd74/Nr1h3/Cd84/Ccr2/Il1b/Hrh2/Entpd1/Cd200/Rsad2/Il12b/Htr7/Nckap1l/Tifab/Apoe/Slc30a1",20
"GO:0030225","macrophage differentiation","11/650","71/25615",0.154929577464789,6.10541711809317,6.9509721349565,1.66098843327004e-06,1.9260270208171e-05,1.9260270208171e-05,"Ucp2/Itgam/Cd4/Il1rl1/Id2/C1qc/Socs1/Epsti1/Tlr2/Ifng/Hcls1",11
"GO:2000107","negative regulation of leukocyte apoptotic process","11/650","71/25615",0.154929577464789,6.10541711809317,6.9509721349565,1.66098843327004e-06,1.9260270208171e-05,1.9260270208171e-05,"Il7r/Pnp/Ccr5/Cd27/Fcer1g/Cd74/Ccl5/Hsh2d/Serpinb9/Ido1/Hcls1",11
"GO:0010758","regulation of macrophage chemotaxis","8/650","34/25615",0.235294117647059,9.27239819004525,7.78828304260102,1.66884638829916e-06,1.93165210782591e-05,1.93165210782591e-05,"Stap1/Ccl2/Cx3cl1/Ptprj/C3ar1/Ccl5/Cmklr1/Slamf8",8
"GO:0006968","cellular defense response","6/650","16/25615",0.375,14.7778846153846,8.89530062896306,1.68186651794192e-06,1.94256044838217e-05,1.94256044838217e-05,"B2m/Clec2d/Lat/Ccr2/Ncf1/Sh2d1a",6
"GO:0033674","positive regulation of kinase activity","20/650","228/25615",0.087719298245614,3.45681511470985,6.01262063513068,1.68431844605988e-06,1.94256044838217e-05,1.94256044838217e-05,"Irgm1/Ptprc/Pik3cg/P2rx7/Il1rn/Tnf/Irgm2/Rassf2/Slc11a1/Lilra5/Il1b/Pik3r6/Igtp/Pik3r5/Agap2/Prkcd/Tlr1/Fgd2/Rasgrp1/Syk",20
"GO:0043085","positive regulation of catalytic activity","30/650","449/25615",0.066815144766147,2.63303066643824,5.63300336215806,1.71611957722611e-06,1.97569035198934e-05,1.97569035198934e-05,"Irgm1/Ptprc/Pik3cg/P2rx7/Il1rn/Nod1/Tnf/Arrdc4/Icam1/Irgm2/Vav1/Rgs16/Psap/Rassf2/Slc11a1/Lilra5/Il1b/Pik3r6/Igtp/Pik3r5/Dock10/Agap2/Gm2a/Prkcd/Sema4d/Tlr1/Fgd2/Prex1/Rasgrp1/Syk",30
"GO:0002637","regulation of immunoglobulin production","12/650","86/25615",0.13953488372093,5.49874776386404,6.74300626941919,1.77624874908281e-06,2.04125616531448e-05,2.04125616531448e-05,"Ptprc/Sash3/Cd86/Tnf/Cd22/Tlr9/Cd27/Cd40/Xcl1/Ifng/Tbx21/Tnfaip3",12
"GO:0002455","humoral immune response mediated by circulating immunoglobulin","10/650","58/25615",0.172413793103448,6.79442970822281,7.12851971189682,1.79891705423516e-06,2.06361484935834e-05,2.06361484935834e-05,"Ptprc/Gimap3/Tnf/C3/C1qa/C1qc/C1qb/C1rl/C2/Ptpn6",10
"GO:0045622","regulation of T-helper cell differentiation","9/650","46/25615",0.195652173913043,7.71020066889632,7.34999676509895,1.96564448931062e-06,2.24685056927606e-05,2.24685056927606e-05,"Ripk2/Irf1/Ccr2/Cd69/Nfkbid/Nlrp3/Malt1/Tbx21/Gpr65",9
"GO:0070232","regulation of T cell apoptotic process","9/650","46/25615",0.195652173913043,7.71020066889632,7.34999676509895,1.96564448931062e-06,2.24685056927606e-05,2.24685056927606e-05,"Il7r/Gimap8/Pnp/Cd27/Ccl5/Nfkbid/Serpinb9/Cd274/Ido1",9
"GO:0031334","positive regulation of protein-containing complex assembly","20/650","231/25615",0.0865800865800866,3.41192141192141,5.94180929915421,2.06185040829273e-06,2.35263357422247e-05,2.35263357422247e-05,"Wars1/P2rx7/Clec7a/Tnf/Abca1/Tlr9/Icam1/Gbp2/Plcg2/Casp4/Nlrp3/Carmil2/Ifng/Plek/Ikzf1/Nckap1l/Gbp5/Lcp1/Ptpn22/Syk",20
"GO:0002639","positive regulation of immunoglobulin production","10/650","59/25615",0.169491525423729,6.67926988265971,7.0469577702951,2.1172366170636e-06,2.39534615173979e-05,2.39534615173979e-05,"Ptprc/Sash3/Cd86/Tnf/Tlr9/Cd27/Cd40/Xcl1/Ifng/Tbx21",10
"GO:0010818","T cell chemotaxis","7/650","25/25615",0.28,11.0341538461538,8.09925760891115,2.11792748161301e-06,2.39534615173979e-05,2.39534615173979e-05,"Ccl3/Ccl5/Ccr2/Cxcr3/Xcl1/Cxcl10/Cxcl16",7
"GO:0032874","positive regulation of stress-activated MAPK cascade","7/650","25/25615",0.28,11.0341538461538,8.09925760891115,2.11792748161301e-06,2.39534615173979e-05,2.39534615173979e-05,"Ripk2/Clec7a/Nod1/Il1a/Scimp/Il1b/Eif2ak2",7
"GO:0045624","positive regulation of T-helper cell differentiation","7/650","25/25615",0.28,11.0341538461538,8.09925760891115,2.11792748161301e-06,2.39534615173979e-05,2.39534615173979e-05,"Ripk2/Irf1/Ccr2/Nfkbid/Nlrp3/Malt1/Gpr65",7
"GO:0070304","positive regulation of stress-activated protein kinase signaling cascade","7/650","25/25615",0.28,11.0341538461538,8.09925760891115,2.11792748161301e-06,2.39534615173979e-05,2.39534615173979e-05,"Ripk2/Clec7a/Nod1/Il1a/Scimp/Il1b/Eif2ak2",7
"GO:1903556","negative regulation of tumor necrosis factor superfamily cytokine production","11/650","73/25615",0.150684931506849,5.93814541622761,6.817536161303,2.20483789569499e-06,2.48925810930485e-05,2.48925810930485e-05,"Cx3cl1/Clec4a1/Clec4a2/Clec4a3/Gpr18/Trim30a/Ptpn6/Cd274/Tnfaip3/Ptpn22/Sirpa",11
"GO:0002446","neutrophil mediated immunity","9/650","47/25615",0.191489361702128,7.54615384615385,7.24796944191395,2.37684950184721e-06,2.67405975479273e-05,2.67405975479273e-05,"Ptafr/Myo1f/Itgam/Itgb2/Dnase1l3/Sell/Ncf1/Stxbp2/Syk",9
"GO:0045066","regulatory T cell differentiation","9/650","47/25615",0.191489361702128,7.54615384615385,7.24796944191395,2.37684950184721e-06,2.67405975479273e-05,2.67405975479273e-05,"Irf1/Gimap3/Ctla4/Lag3/Socs1/Carmil2/Il2rg/Lck/Tox",9
"GO:1900017","positive regulation of cytokine production involved in inflammatory response","8/650","36/25615",0.222222222222222,8.75726495726496,7.5153236888268,2.65966991494328e-06,2.98701390447476e-05,2.98701390447476e-05,"Tarm1/Gpsm3/Clec7a/Cd6/Tnf/Ptpn6/Gbp5/Tlr3",8
"GO:0032703","negative regulation of interleukin-2 production","7/650","26/25615",0.269230769230769,10.6097633136095,7.91047029030169,2.83492409445035e-06,3.16172784422726e-05,3.16172784422726e-05,"Ptprc/Laptm5/Lag3/Gpr174/Xcl1/Tbx21/Tnfaip3",7
"GO:0032753","positive regulation of interleukin-4 production","7/650","26/25615",0.269230769230769,10.6097633136095,7.91047029030169,2.83492409445035e-06,3.16172784422726e-05,3.16172784422726e-05,"Sash3/Fcer1g/Nlrp3/Irf4/Icosl/Cd3e/Syk",7
"GO:0050765","negative regulation of phagocytosis","7/650","26/25615",0.269230769230769,10.6097633136095,7.91047029030169,2.83492409445035e-06,3.16172784422726e-05,3.16172784422726e-05,"Cd300a/Sirpb1a/Cd300lf/Tlr2/Sirpb1c/Sirpb1b/Sirpa",7
"GO:1901623","regulation of lymphocyte chemotaxis","7/650","26/25615",0.269230769230769,10.6097633136095,7.91047029030169,2.83492409445035e-06,3.16172784422726e-05,3.16172784422726e-05,"Ccl3/Ccl2/Klrk1/Ccl5/Ccr2/Xcl1/Cxcl10",7
"GO:0006898","receptor-mediated endocytosis","23/650","300/25615",0.0766666666666667,3.02125641025641,5.68228048749157,2.93446935333604e-06,3.26707645161711e-05,3.26707645161711e-05,"Cd300a/Grk3/Itgam/Itgb2/B2m/C3/Fcgr4/Fcer1g/Fpr2/Ly75/Plcg2/Fcgr1/Synj1/Fcgr2b/Itga4/Sorl1/Hpse/Clec9a/Fcho1/Cxcl16/Cd14/Apoe/Syk",23
"GO:0002377","immunoglobulin production","14/650","123/25615",0.113821138211382,4.48542839274547,6.25225037439247,3.02740189761277e-06,3.36471103637793e-05,3.36471103637793e-05,"Samhd1/Ptprc/Sash3/Cd86/Tnf/Cd22/Tlr9/Cd27/Cd40/Xcl1/Icosl/Ifng/Tbx21/Tnfaip3",14
"GO:0043331","response to dsRNA","11/650","76/25615",0.144736842105263,5.70374493927125,6.62640859821163,3.31265505143528e-06,3.6689884334766e-05,3.6689884334766e-05,"Oas1a/P2rx7/Ripk2/Stat1/Rigi/Oas1g/Oas1b/Ifih1/Oas3/Ciita/Tlr3",11
"GO:0045671","negative regulation of osteoclast differentiation","8/650","37/25615",0.216216216216216,8.52058212058212,7.38666875489724,3.31830990013996e-06,3.6689884334766e-05,3.6689884334766e-05,"Ccl3/Gpr55/Clec2d/Pilrb1/Ifng/Inpp5d/Inpp4b/Tnfrsf11b",8
"GO:0050901","leukocyte tethering or rolling","8/650","37/25615",0.216216216216216,8.52058212058212,7.38666875489724,3.31830990013996e-06,3.6689884334766e-05,3.6689884334766e-05,"Ptafr/Spn/Tnf/Sell/Ccr2/Itga4/Selplg/Vcam1",8
"GO:0046636","negative regulation of alpha-beta T cell activation","9/650","49/25615",0.183673469387755,7.238147566719,7.05264278472676,3.42520239342102e-06,3.78067013321936e-05,3.78067013321936e-05,"Cd300a/Tarm1/Irf1/Cd69/Xcl1/Socs1/Tbx21/Cd274/Runx3",9
"GO:0016045","detection of bacterium","6/650","18/25615",0.333333333333333,13.1358974358974,8.31080727911966,3.73335402975128e-06,4.09267342783656e-05,4.09267342783656e-05,"Nod1/Pglyrp2/Naip2/Tlr2/Tlr1/Naip5",6
"GO:0035743","CD4-positive, alpha-beta T cell cytokine production","6/650","18/25615",0.333333333333333,13.1358974358974,8.31080727911966,3.73335402975128e-06,4.09267342783656e-05,4.09267342783656e-05,"Il18r1/Xcl1/Il1b/Nlrp3/Rsad2/Tbx21",6
"GO:0043312","neutrophil degranulation","6/650","18/25615",0.333333333333333,13.1358974358974,8.31080727911966,3.73335402975128e-06,4.09267342783656e-05,4.09267342783656e-05,"Ptafr/Myo1f/Itgam/Itgb2/Stxbp2/Syk",6
"GO:0044406","adhesion of symbiont to host","6/650","18/25615",0.333333333333333,13.1358974358974,8.31080727911966,3.73335402975128e-06,4.09267342783656e-05,4.09267342783656e-05,"Gbp7/Gbp9/Icam1/Gbp2/Gbp6/Gbp3",6
"GO:0070374","positive regulation of ERK1 and ERK2 cascade","19/650","221/25615",0.085972850678733,3.38799164636269,5.75298150922327,4.09366843454197e-06,4.48002146907967e-05,4.48002146907967e-05,"Ccl3/Gpr55/Ccr1/Nampt/Ptprc/Ripk2/Nod1/Cd4/C3/Icam1/Cxcr4/Cd74/Fpr2/Il1a/Scimp/Il1b/Tlr2/Ptpn22/Apoe",19
"GO:0045589","regulation of regulatory T cell differentiation","8/650","38/25615",0.210526315789474,8.29635627530364,7.2627755754399,4.11024349779156e-06,4.48288696601239e-05,4.48288696601239e-05,"Irf1/Gimap3/Ctla4/Lag3/Socs1/Carmil2/Il2rg/Lck",8
"GO:0090322","regulation of superoxide metabolic process","8/650","38/25615",0.210526315789474,8.29635627530364,7.2627755754399,4.11024349779156e-06,4.48288696601239e-05,4.48288696601239e-05,"Itgam/Clec7a/Itgb2/Hvcn1/Fpr2/Tyrobp/Prkcd/Syk",8
"GO:0002858","regulation of natural killer cell mediated cytotoxicity directed against tumor cell target","5/650","11/25615",0.454545454545455,17.9125874125874,9.05278243864197,4.21715292134962e-06,4.56077278901515e-05,4.56077278901515e-05,"Klrk1/Klre1/Crtam/Cd226/Il12b",5
"GO:0033004","negative regulation of mast cell activation","5/650","11/25615",0.454545454545455,17.9125874125874,9.05278243864197,4.21715292134962e-06,4.56077278901515e-05,4.56077278901515e-05,"Cd300a/Cd300lf/Cnr2/Cd84/Ptpn6",5
"GO:0045588","positive regulation of gamma-delta T cell differentiation","5/650","11/25615",0.454545454545455,17.9125874125874,9.05278243864197,4.21715292134962e-06,4.56077278901515e-05,4.56077278901515e-05,"Ptprc/Gimap3/Lck/Nckap1l/Syk",5
"GO:0046645","positive regulation of gamma-delta T cell activation","5/650","11/25615",0.454545454545455,17.9125874125874,9.05278243864197,4.21715292134962e-06,4.56077278901515e-05,4.56077278901515e-05,"Ptprc/Gimap3/Lck/Nckap1l/Syk",5
"GO:0140507","granzyme-mediated programmed cell death signaling pathway","5/650","11/25615",0.454545454545455,17.9125874125874,9.05278243864197,4.21715292134962e-06,4.56077278901515e-05,4.56077278901515e-05,"Nkg7/Prf1/Gzmb/Srgn/Gzmc",5
"GO:0032418","lysosome localization","12/650","94/25615",0.127659574468085,5.03076923076923,6.3173161752303,4.61343669723877e-06,4.98096089799359e-05,4.98096089799359e-05,"Cd300a/Unc13d/Fgr/Rac2/Fcer1g/Nr4a3/Lat/Cd84/Gab2/Stxbp2/Rasgrp1/Syk",12
"GO:1904892","regulation of receptor signaling pathway via STAT","14/650","128/25615",0.109375,4.31021634615385,6.05803251542498,4.85768872715114e-06,5.23587120523807e-05,5.23587120523807e-05,"Gbp7/Ptprc/Il7r/Prl2c2/Il10ra/Stat1/Parp14/Ccl5/Socs1/Tlr2/Il12rb1/Agap2/Ifng/Il12b",14
"GO:0032816","positive regulation of natural killer cell activation","7/650","28/25615",0.25,9.85192307692308,7.56199799862255,4.88253499109729e-06,5.236294621504e-05,5.236294621504e-05,"Irf1/Tyrobp/Il12rb1/Il15ra/Il12b/Tox/Rasgrp1",7
"GO:0033003","regulation of mast cell activation","7/650","28/25615",0.25,9.85192307692308,7.56199799862255,4.88253499109729e-06,5.236294621504e-05,5.236294621504e-05,"Cd300a/Cd300lf/Cnr2/Nr4a3/Cd84/Cd226/Ptpn6",7
"GO:0043373","CD4-positive, alpha-beta T cell lineage commitment","7/650","28/25615",0.25,9.85192307692308,7.56199799862255,4.88253499109729e-06,5.236294621504e-05,5.236294621504e-05,"Spn/Ly9/Slamf6/Cd69/Irf4/Tbx21/Tox",7
"GO:0046718","symbiont entry into host cell","13/650","111/25615",0.117117117117117,4.61531531531532,6.15932493947217,4.94090084708742e-06,5.2900578402816e-05,5.2900578402816e-05,"Trim25/Dpp4/Cd4/Cd300lf/Trim12a/Cd74/Trim30a/Trim30d/Trim12c/Gbp5/Clec5a/Naip5/Spint1",13
"GO:0010573","vascular endothelial growth factor production","8/650","39/25615",0.205128205128205,8.0836291913215,7.14334139719485,5.05663414586981e-06,5.39598301545974e-05,5.39598301545974e-05,"Ccl2/Tnf/C3ar1/C3/Il1a/Ccr2/Il1b/Hpse",8
"GO:0141087","positive regulation of inflammasome-mediated signaling pathway","8/650","39/25615",0.205128205128205,8.0836291913215,7.14334139719485,5.05663414586981e-06,5.39598301545974e-05,5.39598301545974e-05,"P2rx7/Tlr9/Gbp2/Plcg2/Casp4/Nlrp3/Gbp5/Ptpn22",8
"GO:1990849","vacuolar localization","12/650","95/25615",0.126315789473684,4.97781376518219,6.26751684163147,5.16020514647623e-06,5.49737277959591e-05,5.49737277959591e-05,"Cd300a/Unc13d/Fgr/Rac2/Fcer1g/Nr4a3/Lat/Cd84/Gab2/Stxbp2/Rasgrp1/Syk",12
"GO:0070588","calcium ion transmembrane transport","25/650","356/25615",0.0702247191011236,2.7673941227312,5.41851056780171,5.26251549183807e-06,5.59708601317347e-05,5.59708601317347e-05,"Ccl3/Ucp2/Ptprc/Pik3cg/P2rx7/Cx3cl1/Gimap3/Ccr5/Cd4/Tlr9/Plcg2/Cxcl9/Plcb2/Cxcr3/Xcl1/Xcr1/Lck/Ptpn6/Cxcl10/Coro1a/Trpm2/Gpr35/P2rx4/Ptpn22/Slc30a1",25
"GO:0032695","negative regulation of interleukin-12 production","6/650","19/25615",0.315789473684211,12.4445344129555,8.05227270842716,5.33944236312154e-06,5.65083653059189e-05,5.65083653059189e-05,"Tlr8/Tigit/Cmklr1/Lilra5/Mefv/Tlr2",6
"GO:0042492","gamma-delta T cell differentiation","6/650","19/25615",0.315789473684211,12.4445344129555,8.05227270842716,5.33944236312154e-06,5.65083653059189e-05,5.65083653059189e-05,"Ptprc/Gimap3/Gpr18/Lck/Nckap1l/Syk",6
"GO:0060099","regulation of phagocytosis, engulfment","6/650","19/25615",0.315789473684211,12.4445344129555,8.05227270842716,5.33944236312154e-06,5.65083653059189e-05,5.65083653059189e-05,"Cd300a/Stap1/C3/Plcg2/Fcgr1/Nckap1l",6
"GO:0001659","temperature homeostasis","19/650","227/25615",0.0837004405286344,3.29844120637072,5.61256881100245,6.04382239239553e-06,6.38577550143896e-05,6.38577550143896e-05,"Ucp2/Il1rn/Il18r1/Gimap3/Tnf/Ccr5/Cxcr4/Ccl5/Nr1h3/Il1a/Cmklr1/Ccr2/Il1b/Gatm/Irf4/Sorl1/Plac8/Trpm2/Syk",19
"GO:0010959","regulation of metal ion transport","28/650","430/25615",0.0651162790697674,2.56608228980322,5.28454285594814,6.15489390687381e-06,6.48812994665871e-05,6.48812994665871e-05,"Ccl3/Ccr1/Ucp2/Pik3cg/Ccl2/P2rx7/Cx3cl1/Gimap3/B2m/Cd4/Tlr9/Icam1/Cxcr4/Ccl5/Cd84/Cxcl9/Lilra5/Cxcr3/Xcl1/Slc31a2/Ifng/Ptpn6/Cxcl10/Coro1a/Gpr35/P2rx4/Ptpn22/Slc30a1",28
"GO:0002360","T cell lineage commitment","8/650","40/25615",0.2,7.88153846153846,7.02808995782217,6.18109515466241e-06,6.48812994665871e-05,6.48812994665871e-05,"Spn/Il7/Ly9/Slamf6/Cd69/Irf4/Tbx21/Tox",8
"GO:0072539","T-helper 17 cell differentiation","8/650","40/25615",0.2,7.88153846153846,7.02808995782217,6.18109515466241e-06,6.48812994665871e-05,6.48812994665871e-05,"Ly9/Slamf6/Cd69/Nfkbid/Nlrp3/Irf4/Malt1/Tbx21",8
"GO:2000316","regulation of T-helper 17 type immune response","8/650","40/25615",0.2,7.88153846153846,7.02808995782217,6.18109515466241e-06,6.48812994665871e-05,6.48812994665871e-05,"Clec7a/Clec4n/Cd69/Nfkbid/Nlrp3/Malt1/Il12b/Tbx21",8
"GO:2000404","regulation of T cell migration","9/650","53/25615",0.169811320754717,6.69187227866473,6.69306837277973,6.75029958990627e-06,7.07404968443032e-05,7.07404968443032e-05,"Spn/Ccl5/Ccr2/Cd69/Xcl1/Aif1/Itga4/Cd200/Cxcl10",9
"GO:0039532","negative regulation of cytoplasmic pattern recognition receptor signaling pathway","10/650","67/25615",0.149253731343284,5.88174512055109,6.45600182037873,6.9653897326924e-06,7.28756736853681e-05,7.28756736853681e-05,"Ifi207/Irgm1/Irgm2/Pld4/Mefv/Igtp/Trim30a/Dhx58/Tnfaip3/Ptpn22",10
"GO:0032725","positive regulation of granulocyte macrophage colony-stimulating factor production","5/650","12/25615",0.416666666666667,16.4198717948718,8.62095848115545,7.07820850234642e-06,7.38156029530412e-05,7.38156029530412e-05,"Tlr9/Rigi/Il1b/Il12b/Syk",5
"GO:0035771","interleukin-4-mediated signaling pathway","5/650","12/25615",0.416666666666667,16.4198717948718,8.62095848115545,7.07820850234642e-06,7.38156029530412e-05,7.38156029530412e-05,"Ptprc/Cd300lf/Parp14/Cd40/Il2rg",5
"GO:0002430","complement receptor mediated signaling pathway","6/650","20/25615",0.3,11.8223076923077,7.81244375931739,7.46429224421584e-06,7.70910182907436e-05,7.70910182907436e-05,"Itgam/C3ar1/C3/Fpr2/Cmklr1/Fpr1",6
"GO:0032693","negative regulation of interleukin-10 production","6/650","20/25615",0.3,11.8223076923077,7.81244375931739,7.46429224421584e-06,7.70910182907436e-05,7.70910182907436e-05,"Pdcd1lg2/Cd84/Tyrobp/Il12b/Cd274/Ido1",6
"GO:0034163","regulation of toll-like receptor 9 signaling pathway","6/650","20/25615",0.3,11.8223076923077,7.81244375931739,7.46429224421584e-06,7.70910182907436e-05,7.70910182907436e-05,"Tlr9/Pld4/Treml4/Rsad2/Ptpn22/Syk",6
"GO:0098883","synapse pruning","6/650","20/25615",0.3,11.8223076923077,7.81244375931739,7.46429224421584e-06,7.70910182907436e-05,7.70910182907436e-05,"Itgam/C3/C1qa/Plxnc1/C1qc/C1qb",6
"GO:1905153","regulation of membrane invagination","6/650","20/25615",0.3,11.8223076923077,7.81244375931739,7.46429224421584e-06,7.70910182907436e-05,7.70910182907436e-05,"Cd300a/Stap1/C3/Plcg2/Fcgr1/Nckap1l",6
"GO:2000318","positive regulation of T-helper 17 type immune response","6/650","20/25615",0.3,11.8223076923077,7.81244375931739,7.46429224421584e-06,7.70910182907436e-05,7.70910182907436e-05,"Clec7a/Clec4n/Nfkbid/Nlrp3/Malt1/Il12b",6
"GO:0097242","amyloid-beta clearance","8/650","41/25615",0.195121951219512,7.68930581613508,6.91676857053185,7.50986372397907e-06,7.74371822838548e-05,7.74371822838548e-05,"Itgam/Itgb2/Tnf/C3/Tyrobp/Ifng/Apoe/Syk",8
"GO:0043330","response to exogenous dsRNA","10/650","68/25615",0.147058823529412,5.79524886877828,6.3888876293346,7.98263875741038e-06,8.21802425923146e-05,8.21802425923145e-05,"Oas1a/Ripk2/Stat1/Rigi/Oas1g/Oas1b/Ifih1/Oas3/Ciita/Tlr3",10
"GO:0061082","myeloid leukocyte cytokine production","7/650","30/25615",0.233333333333333,9.1951282051282,7.24691661968056,8.03265751900079e-06,8.22995086157274e-05,8.22995086157274e-05,"Laptm5/Fcer1g/Rigi/Nr4a3/Cd74/Plcg2/Tlr2",7
"GO:0090023","positive regulation of neutrophil chemotaxis","7/650","30/25615",0.233333333333333,9.1951282051282,7.24691661968056,8.03265751900079e-06,8.22995086157274e-05,8.22995086157274e-05,"Rac2/C3ar1/Sell/Cd74/Xcl1/Il1b/Nckap1l",7
"GO:1904996","positive regulation of leukocyte adhesion to vascular endothelial cell","7/650","30/25615",0.233333333333333,9.1951282051282,7.24691661968056,8.03265751900079e-06,8.22995086157274e-05,8.22995086157274e-05,"Ptafr/Itgb2/Tnf/Icam1/Sell/Ccr2/Itga4",7
"GO:0046425","regulation of receptor signaling pathway via JAK-STAT","13/650","116/25615",0.112068965517241,4.41637931034483,5.95063207654839,8.0639722040303e-06,8.24887857303991e-05,8.24887857303991e-05,"Gbp7/Ptprc/Il7r/Prl2c2/Il10ra/Stat1/Parp14/Socs1/Tlr2/Il12rb1/Agap2/Ifng/Il12b",13
"GO:0017157","regulation of exocytosis","19/650","232/25615",0.0818965517241379,3.22735411140584,5.49909701081136,8.27043541958252e-06,8.44662593567537e-05,8.44662593567537e-05,"Cd300a/Unc13d/Ptafr/P2rx7/Itgam/Itgb2/Fgr/Rac2/Fcer1g/Cd84/Ccr2/Glrx/Gab2/Cd160/Nckap1l/Septin1/Stxbp2/Rab27a/Syk",19
"GO:1903169","regulation of calcium ion transmembrane transport","16/650","172/25615",0.0930232558139535,3.66583184257603,5.66033860045023,8.64165312622515e-06,8.81174280680482e-05,8.81174280680482e-05,"Ucp2/Pik3cg/P2rx7/Cx3cl1/Gimap3/Cd4/Tlr9/Cxcl9/Cxcr3/Xcl1/Ptpn6/Cxcl10/Coro1a/Gpr35/P2rx4/Ptpn22",16
"GO:0033209","tumor necrosis factor-mediated signaling pathway","13/650","117/25615",0.111111111111111,4.37863247863248,5.91031218098845,8.86464644387751e-06,9.02480011972569e-05,9.02480011972569e-05,"Tifa/Aim2/Tnfrsf18/Casp1/Tnfsf13b/Laptm5/Tnf/Stat1/Naip2/Tmc8/Tnfrsf11b/Naip5/Syk",13
"GO:0043903","regulation of biological process involved in symbiotic interaction","8/650","42/25615",0.19047619047619,7.50622710622711,6.80914559196279,9.07197779293045e-06,9.19217434413016e-05,9.19217434413016e-05,"Fuca2/Trim25/Cd4/Trim12a/Cd74/Trim30a/Trim30d/Trim12c",8
"GO:0045672","positive regulation of osteoclast differentiation","8/650","42/25615",0.19047619047619,7.50622710622711,6.80914559196279,9.07197779293045e-06,9.19217434413016e-05,9.19217434413016e-05,"Ccl3/Ccr1/Tnf/Ccl5/Tyrobp/Ifng/Il12b/Gpr68",8
"GO:1902624","positive regulation of neutrophil migration","8/650","42/25615",0.19047619047619,7.50622710622711,6.80914559196279,9.07197779293045e-06,9.19217434413016e-05,9.19217434413016e-05,"Rac2/C3ar1/Sell/Cd74/Il1a/Xcl1/Il1b/Nckap1l",8
"GO:0002363","alpha-beta T cell lineage commitment","7/650","31/25615",0.225806451612903,8.8985111662531,7.10021428388282,1.01493321007102e-05,0.000102193274945082,0.000102193274945082,"Spn/Ly9/Slamf6/Cd69/Irf4/Tbx21/Tox",7
"GO:0046597","host-mediated suppression of symbiont invasion","7/650","31/25615",0.225806451612903,8.8985111662531,7.10021428388282,1.01493321007102e-05,0.000102193274945082,0.000102193274945082,"Trim25/Cd74/Ciita/Trim30a/Trim30d/Trim12c/Ly6e",7
"GO:0071676","negative regulation of mononuclear cell migration","7/650","31/25615",0.225806451612903,8.8985111662531,7.10021428388282,1.01493321007102e-05,0.000102193274945082,0.000102193274945082,"Stap1/Ccl2/Klrk1/Cd69/Slit2/Slamf8/Cd200",7
"GO:1905523","positive regulation of macrophage migration","7/650","31/25615",0.225806451612903,8.8985111662531,7.10021428388282,1.01493321007102e-05,0.000102193274945082,0.000102193274945082,"Ccl2/Cx3cl1/Ptprj/C3ar1/Ccl5/Cmklr1/P2rx4",7
"GO:0141086","negative regulation of inflammasome-mediated signaling pathway","6/650","21/25615",0.285714285714286,11.2593406593407,7.58908838858958,1.02261404897421e-05,0.000102805518788894,0.000102805518788894,"Ifi207/Irgm1/Irgm2/Mefv/Igtp/Trim30a",6
"GO:0048771","tissue remodeling","19/650","236/25615",0.0805084745762712,3.17265319426336,5.41051683548211,1.05562996426035e-05,0.000105958857662632,0.000105958857662632,"Gpr55/Nos2/Il7/Ccl2/P2rx7/Ctss/Adamdec1/Rac2/Fcgr4/Snx10/Tgm2/Il1a/Rassf2/Ccr2/Itga4/Inpp5d/Inpp4b/Tnfrsf11b/Syk",19
"GO:0050731","positive regulation of peptidyl-tyrosine phosphorylation","12/650","102/25615",0.117647058823529,4.63619909502263,5.93740360008945,1.08562968582746e-05,0.000108800079590571,0.000108800079590571,"Tnfrsf18/Ripk2/Clec7a/Cd4/Icam1/Parp14/Parp9/Lilra5/Ifng/Lck/Cd3e/Syk",12
"GO:0042092","type 2 immune response","8/650","43/25615",0.186046511627907,7.33166368515206,6.70500821512063,1.08994551723397e-05,0.000108892846076377,0.000108892846076377,"Irf1/Cd74/Ccr2/Xcl1/Nlrp3/Rsad2/Tbx21/Ido1",8
"GO:1904646","cellular response to amyloid-beta","8/650","43/25615",0.186046511627907,7.33166368515206,6.70500821512063,1.08994551723397e-05,0.000108892846076377,0.000108892846076377,"Icam1/Fpr2/Tyrobp/Fcgr2b/Itga4/Vcam1/Apoe/Syk",8
"GO:0046007","negative regulation of activated T cell proliferation","5/650","13/25615",0.384615384615385,15.1568047337278,8.23814756765499,1.12616767594169e-05,0.000112336974382755,0.000112336974382755,"Pdcd1lg2/Laptm5/Crtam/Cd274/Ido1",5
"GO:0032720","negative regulation of tumor necrosis factor production","10/650","71/25615",0.140845070422535,5.55037919826652,6.19529379853093,1.18410828283416e-05,0.000117933513316692,0.000117933513316692,"Cx3cl1/Clec4a1/Clec4a2/Clec4a3/Gpr18/Trim30a/Ptpn6/Tnfaip3/Ptpn22/Sirpa",10
"GO:0043491","phosphatidylinositol 3-kinase/protein kinase B signal transduction","25/650","374/25615",0.0668449197860963,2.63420403126285,5.13710444761649,1.23090260169657e-05,0.000122404308255399,0.000122404308255399,"Aim2/Pik3cg/Cx3cl1/Fgr/Tnf/Ptprj/Vav1/Fpr2/Ccl5/Cd40/Il1b/Pik3ap1/Pik3cd/Pik3r5/Gab2/Cd160/Agap2/Sema4d/Hpse/Ptpn6/Inpp4b/Hcst/Rasgrp1/Hcls1/P2rx4",25
"GO:0043369","CD4-positive or CD8-positive, alpha-beta T cell lineage commitment","7/650","32/25615",0.21875,8.62043269230769,6.95998784219643,1.27080428621468e-05,0.00012598220269511,0.00012598220269511,"Spn/Ly9/Slamf6/Cd69/Irf4/Tbx21/Tox",7
"GO:2000108","positive regulation of leukocyte apoptotic process","7/650","32/25615",0.21875,8.62043269230769,6.95998784219643,1.27080428621468e-05,0.00012598220269511,0.00012598220269511,"P2rx7/Nr4a3/Ccl5/Pik3cd/Nfkbid/Cd274/Ido1",7
"GO:0043277","apoptotic cell clearance","8/650","45/25615",0.177777777777778,7.00581196581197,6.50642187579003,1.54945567435036e-05,0.000153133896185027,0.000153133896185027,"Ccl2/C3/Cd300lf/Tgm2/Nr1h3/Ccr2/Tyrobp/C2",8
"GO:0050922","negative regulation of chemotaxis","8/650","45/25615",0.177777777777778,7.00581196581197,6.50642187579003,1.54945567435036e-05,0.000153133896185027,0.000153133896185027,"Stap1/Dpp4/Ccl2/Klrk1/Gpr18/Slit2/Aif1/Slamf8",8
"GO:0050857","positive regulation of antigen receptor-mediated signaling pathway","7/650","33/25615",0.212121212121212,8.35920745920746,6.82574979011073,1.57780741697269e-05,0.000155457589672279,0.000155457589672279,"Stap1/Ptprc/Cd86/Fcer1g/Card11/Cd226/Prkch",7
"GO:0071624","positive regulation of granulocyte chemotaxis","7/650","33/25615",0.212121212121212,8.35920745920746,6.82574979011073,1.57780741697269e-05,0.000155457589672279,0.000155457589672279,"Rac2/C3ar1/Sell/Cd74/Xcl1/Il1b/Nckap1l",7
"GO:0034165","positive regulation of toll-like receptor 9 signaling pathway","5/650","14/25615",0.357142857142857,14.0741758241758,7.895496946302,1.71522262164569e-05,0.00016822274994583,0.00016822274994583,"Tlr9/Treml4/Rsad2/Ptpn22/Syk",5
"GO:0045586","regulation of gamma-delta T cell differentiation","5/650","14/25615",0.357142857142857,14.0741758241758,7.895496946302,1.71522262164569e-05,0.00016822274994583,0.00016822274994583,"Ptprc/Gimap3/Lck/Nckap1l/Syk",5
"GO:0046643","regulation of gamma-delta T cell activation","5/650","14/25615",0.357142857142857,14.0741758241758,7.895496946302,1.71522262164569e-05,0.00016822274994583,0.00016822274994583,"Ptprc/Gimap3/Lck/Nckap1l/Syk",5
"GO:0034114","regulation of heterotypic cell-cell adhesion","6/650","23/25615",0.260869565217391,10.2802675585284,7.18458848164061,1.82178261383812e-05,0.000178129855575283,0.000178129855575283,"Il1rn/Tnf/Mbp/Il1b/Lck/Tnfaip3",6
"GO:0034122","negative regulation of toll-like receptor signaling pathway","6/650","23/25615",0.260869565217391,10.2802675585284,7.18458848164061,1.82178261383812e-05,0.000178129855575283,0.000178129855575283,"Cd300a/Cd300lf/Pik3ap1/Irf4/Smpdl3b/Trim30a",6
"GO:0071347","cellular response to interleukin-1","11/650","91/25615",0.120879120879121,4.76356720202874,5.80330771291693,1.94176385350414e-05,0.000189572811472806,0.000189572811472806,"Gsdmd/Zbp1/Ccl2/Il1rn/Casp1/Irf1/Ccl5/Il1b/Nlrp3/Acod1/Sirpa",11
"GO:0008360","regulation of cell shape","14/650","145/25615",0.096551724137931,3.80488063660477,5.46529373983762,2.05188462435153e-05,0.00020001983045272,0.00020001983045272,"Ccl3/Lst1/Ccl2/Fgr/Rac2/Icam1/Parvg/Plxnc1/Sema4a/Sema4d/Coro1a/Hck/F11r/Arhgap15",14
"GO:0045638","negative regulation of myeloid cell differentiation","11/650","92/25615",0.119565217391304,4.71178929765886,5.75494217661501,2.15561410651893e-05,0.000209813106367843,0.000209813106367843,"Ccl3/Gpr55/Clec2d/Pilrb1/C1qc/Ifng/Inpp5d/Gpr68/Inpp4b/Tnfrsf11b/Gpr171",11
"GO:2000403","positive regulation of lymphocyte migration","8/650","47/25615",0.170212765957447,6.70769230769231,6.31961612914236,2.1617805062694e-05,0.000210094976887664,0.000210094976887664,"Ccl3/Spn/Ccl5/Ccr2/Xcl1/Aif1/Itga4/Cxcl10",8
"GO:0042157","lipoprotein metabolic process","12/650","110/25615",0.109090909090909,4.29902097902098,5.59497759406528,2.35155973432935e-05,0.000227849468074385,0.000227849468074385,"Irgm1/Abca1/Irgm2/Apol10b/Apol6/Igtp/Lipg/Apobec1/Apol9a/Apol9b/Apol7e/Apoe",12
"GO:0045921","positive regulation of exocytosis","12/650","110/25615",0.109090909090909,4.29902097902098,5.59497759406528,2.35155973432935e-05,0.000227849468074385,0.000227849468074385,"Unc13d/Ptafr/Itgam/Itgb2/Fgr/Fcer1g/Glrx/Gab2/Cd160/Stxbp2/Rab27a/Syk",12
"GO:2000515","negative regulation of CD4-positive, alpha-beta T cell activation","7/650","35/25615",0.2,7.88153846153846,6.57353363364483,2.37661678093198e-05,0.000229930515070889,0.000229930515070889,"Tarm1/Irf1/Cd69/Xcl1/Tbx21/Cd274/Runx3",7
"GO:0009306","protein secretion","28/650","464/25615",0.0603448275862069,2.37805039787798,4.83365954779423,2.47631762907762e-05,0.000239216006754807,0.000239216006754807,"Gsdmd/Ucp2/Nos2/Rab11fip1/P2rx7/Il1rn/Casp1/Tnf/Abca1/Abcg1/Ccl5/Nr1h3/Il1a/Psap/Glrx/Il1b/Nlrp3/Tlr2/Cd200/Rsad2/Prf1/Ifng/Il12b/Plek/Gpr68/Trpm2/Rab27a/Apoe",28
"GO:0002883","regulation of hypersensitivity","5/650","15/25615",0.333333333333333,13.1358974358974,7.58624981718959,2.51912236442855e-05,0.000241895995053648,0.000241895995053648,"Spn/C3/Fcer1g/Fcgr1/Fcgr3",5
"GO:0032488","Cdc42 protein signal transduction","5/650","15/25615",0.333333333333333,13.1358974358974,7.58624981718959,2.51912236442855e-05,0.000241895995053648,0.000241895995053648,"Was/Shtn1/Abca1/Ntn1/Apoe",5
"GO:0038110","interleukin-2-mediated signaling pathway","5/650","15/25615",0.333333333333333,13.1358974358974,7.58624981718959,2.51912236442855e-05,0.000241895995053648,0.000241895995053648,"Il2ra/Sectm1a/Il2rb/Il2rg/Ifng",5
"GO:0071352","cellular response to interleukin-2","5/650","15/25615",0.333333333333333,13.1358974358974,7.58624981718959,2.51912236442855e-05,0.000241895995053648,0.000241895995053648,"Il2ra/Sectm1a/Il2rb/Il2rg/Ifng",5
"GO:0043270","positive regulation of monoatomic ion transport","19/650","252/25615",0.0753968253968254,2.9712148962149,5.07415264223288,2.64693751462518e-05,0.000253789949163465,0.000253789949163465,"Ccl3/Ccr1/Ptafr/Ccl2/P2rx7/Cx3cl1/Ctss/Gimap3/Cd4/Cxcr4/Ccl5/Plcg2/Cxcl9/Lilra5/Cxcr3/Xcl1/Ifng/Cxcl10/P2rx4",19
"GO:0071692","protein localization to extracellular region","28/650","466/25615",0.0600858369098712,2.36784417299439,4.80838040107279,2.67369719640934e-05,0.000255973633230009,0.000255973633230009,"Gsdmd/Ucp2/Nos2/Rab11fip1/P2rx7/Il1rn/Casp1/Tnf/Abca1/Abcg1/Ccl5/Nr1h3/Il1a/Psap/Glrx/Il1b/Nlrp3/Tlr2/Cd200/Rsad2/Prf1/Ifng/Il12b/Plek/Gpr68/Trpm2/Rab27a/Apoe",28
"GO:0035592","establishment of protein localization to extracellular region","28/650","467/25615",0.0599571734475375,2.3627738428595,4.7957893539156,2.7776420877607e-05,0.000265529356722839,0.000265529356722839,"Gsdmd/Ucp2/Nos2/Rab11fip1/P2rx7/Il1rn/Casp1/Tnf/Abca1/Abcg1/Ccl5/Nr1h3/Il1a/Psap/Glrx/Il1b/Nlrp3/Tlr2/Cd200/Rsad2/Prf1/Ifng/Il12b/Plek/Gpr68/Trpm2/Rab27a/Apoe",28
"GO:0070555","response to interleukin-1","12/650","112/25615",0.107142857142857,4.22225274725275,5.51445471015975,2.82036989689546e-05,0.000269213316755668,0.000269213316755668,"Gsdmd/Zbp1/Ccl2/Il1rn/Ripk2/Casp1/Irf1/Ccl5/Il1b/Nlrp3/Acod1/Sirpa",12
"GO:0010574","regulation of vascular endothelial growth factor production","7/650","36/25615",0.194444444444444,7.66260683760684,6.45480685162265,2.8860839714859e-05,0.000274669680486302,0.000274669680486302,"Ccl2/C3ar1/C3/Il1a/Ccr2/Il1b/Hpse",7
"GO:0033198","response to ATP","7/650","36/25615",0.194444444444444,7.66260683760684,6.45480685162265,2.8860839714859e-05,0.000274669680486302,0.000274669680486302,"Ccl2/P2rx7/Casp1/Sell/Plcg2/Il1b/P2rx4",7
"GO:1904645","response to amyloid-beta","8/650","49/25615",0.163265306122449,6.43390894819466,6.14339727081894,2.96511587706622e-05,0.000281773733643098,0.000281773733643098,"Icam1/Fpr2/Tyrobp/Fcgr2b/Itga4/Vcam1/Apoe/Syk",8
"GO:0002295","T-helper cell lineage commitment","6/650","25/25615",0.24,9.45784615384616,6.8269109550075,3.06085227028977e-05,0.000289586376794426,0.000289586376794426,"Spn/Ly9/Slamf6/Cd69/Irf4/Tbx21",6
"GO:0002523","leukocyte migration involved in inflammatory response","6/650","25/25615",0.24,9.45784615384616,6.8269109550075,3.06085227028977e-05,0.000289586376794426,0.000289586376794426,"Ccl2/Cx3cl1/Itgam/Itgb2/Slamf8/Tbx21",6
"GO:0010759","positive regulation of macrophage chemotaxis","6/650","25/25615",0.24,9.45784615384616,6.8269109550075,3.06085227028977e-05,0.000289586376794426,0.000289586376794426,"Ccl2/Cx3cl1/Ptprj/C3ar1/Ccl5/Cmklr1",6
"GO:0051897","positive regulation of phosphatidylinositol 3-kinase/protein kinase B signal transduction","18/650","233/25615",0.0772532188841202,3.04437107956421,5.05829745940601,3.10875010757323e-05,0.000293685451338977,0.000293685451338977,"Pik3cg/Cx3cl1/Fgr/Tnf/Ptprj/Vav1/Fpr2/Ccl5/Il1b/Pik3ap1/Pik3r5/Agap2/Sema4d/Hpse/Ptpn6/Hcst/Hcls1/P2rx4",18
"GO:0046849","bone remodeling","12/650","114/25615",0.105263157894737,4.14817813765182,5.43579055150412,3.36835933164807e-05,0.000317743617423013,0.000317743617423013,"Gpr55/Il7/P2rx7/Ctss/Rac2/Fcgr4/Snx10/Rassf2/Inpp5d/Inpp4b/Tnfrsf11b/Syk",12
"GO:0002517","T cell tolerance induction","5/650","16/25615",0.3125,12.3149038461538,7.30514691543882,3.58772950653509e-05,0.000337940972873628,0.000337940972873628,"Cd86/Il2ra/Icos/Cd3e/Ido1",5
"GO:0033619","membrane protein proteolysis","9/650","65/25615",0.138461538461538,5.45644970414201,5.80470069334003,3.71539203593869e-05,0.000349453564258714,0.000349453564258714,"P2rx7/Tnf/Napsa/Ctsh/Erap1/Il1b/Ifng/Sppl2a/Apoe",9
"GO:0006925","inflammatory cell apoptotic process","6/650","26/25615",0.230769230769231,9.09408284023669,6.66280737052657,3.89406022854319e-05,0.0003651889475644,0.0003651889475644,"Itgam/Ccr5/Ccl5/Pik3cd/Fasl/Ifng",6
"GO:1902993","positive regulation of amyloid precursor protein catabolic process","6/650","26/25615",0.230769230769231,9.09408284023669,6.66280737052657,3.89406022854319e-05,0.0003651889475644,0.0003651889475644,"Tnf/Abcg1/Spon1/Ifng/Gsap/Apoe",6
"GO:0070229","negative regulation of lymphocyte apoptotic process","8/650","51/25615",0.156862745098039,6.1815987933635,5.9767358530543,4.00416956888159e-05,0.000374967715896433,0.000374967715896434,"Il7r/Pnp/Cd27/Cd74/Ccl5/Hsh2d/Serpinb9/Ido1",8
"GO:0002323","natural killer cell activation involved in immune response","7/650","38/25615",0.184210526315789,7.25931174089069,6.23050392764891,4.17553968506647e-05,0.000387625244752413,0.000387625244752413,"Unc13d/Fcgr4/Nkg7/Cd160/Il12b/Coro1a/Rab27a",7
"GO:0071353","cellular response to interleukin-4","7/650","38/25615",0.184210526315789,7.25931174089069,6.23050392764891,4.17553968506647e-05,0.000387625244752413,0.000387625244752413,"Ptprc/Cd300lf/Parp14/Cd40/Xcl1/Il2rg/Coro1a",7
"GO:0150146","cell junction disassembly","7/650","38/25615",0.184210526315789,7.25931174089069,6.23050392764891,4.17553968506647e-05,0.000387625244752413,0.000387625244752413,"Itgam/C3/C1qa/Plxnc1/C1qc/Il1b/C1qb",7
"GO:1900227","positive regulation of NLRP3 inflammasome complex assembly","7/650","38/25615",0.184210526315789,7.25931174089069,6.23050392764891,4.17553968506647e-05,0.000387625244752413,0.000387625244752413,"P2rx7/Tlr9/Plcg2/Casp4/Nlrp3/Gbp5/Ptpn22",7
"GO:1904994","regulation of leukocyte adhesion to vascular endothelial cell","7/650","38/25615",0.184210526315789,7.25931174089069,6.23050392764891,4.17553968506647e-05,0.000387625244752413,0.000387625244752413,"Ptafr/Itgb2/Tnf/Icam1/Sell/Ccr2/Itga4",7
"GO:2000406","positive regulation of T cell migration","7/650","38/25615",0.184210526315789,7.25931174089069,6.23050392764891,4.17553968506647e-05,0.000387625244752413,0.000387625244752413,"Spn/Ccl5/Ccr2/Xcl1/Aif1/Itga4/Cxcl10",7
"GO:0043030","regulation of macrophage activation","9/650","66/25615",0.136363636363636,5.37377622377622,5.74078351233665,4.20631457771827e-05,0.000389918684664678,0.000389918684664678,"Irgm1/Stap1/Cx3cl1/Ctsc/Il1rl1/Nr1h3/Cd84/Cd200/Cst7",9
"GO:1904894","positive regulation of receptor signaling pathway via STAT","10/650","82/25615",0.121951219512195,4.80581613508443,5.56972050481112,4.27354907156784e-05,0.000395580392445991,0.000395580392445991,"Il7r/Prl2c2/Il10ra/Stat1/Ccl5/Tlr2/Il12rb1/Agap2/Ifng/Il12b",10
"GO:0046330","positive regulation of JNK cascade","12/650","117/25615",0.102564102564103,4.04181459566075,5.32110964147213,4.36302948449907e-05,0.000403282034653554,0.000403282034653554,"Ripk2/Nod1/Tnf/Tlr9/Cd27/Il1a/Naip2/Rassf2/Il1b/Fcgr2b/Tlr3/Naip5",12
"GO:0007157","heterophilic cell-cell adhesion","8/650","52/25615",0.153846153846154,6.06272189349112,5.89670537130351,4.62798288438548e-05,0.000427157500708223,0.000427157500708223,"Cd6/Sell/Itgal/Crtam/Itga4/Cadm1/Vcam1/Jaml",8
"GO:0000045","autophagosome assembly","14/650","156/25615",0.0897435897435897,3.53658777120316,5.12768241051451,4.64041538507995e-05,0.000427690508375231,0.000427690508375231,"Irgm1/9930111J21Rik1/Trim21/Irgm2/Ifi47/Gm12185/Iigp1/Gm5431/Igtp/Tgtp2/Iigp1c/Tgtp1/Rab19/Syk",14
"GO:0007015","actin filament organization","28/650","482/25615",0.0580912863070539,2.28924353654644,4.6106898793808,4.8441022966192e-05,0.000445823970680254,0.000445823970680254,"Rhoh/Myo1f/Was/Cx3cl1/Shtn1/Rac2/Icam1/Coro2a/Coro7/Casp4/Slit2/Aif1/Myo1g/Gmfg/Carmil2/Tlr2/Prkcd/Plek/Cyfip2/Nckap1l/Arhgap25/Coro1a/Prex1/Hcls1/Gpr65/Lcp1/F11r/Sirpa",28
"GO:0039529","RIG-I signaling pathway","6/650","27/25615",0.222222222222222,8.75726495726496,6.50731652953917,4.89968892220511e-05,0.000449651451946366,0.000449651451946366,"Rigi/Oas3/Rnf135/Ddx60/Dhx58/Oasl1",6
"GO:1905146","lysosomal protein catabolic process","6/650","27/25615",0.222222222222222,8.75726495726496,6.50731652953917,4.89968892220511e-05,0.000449651451946366,0.000449651451946366,"Laptm5/Ctsh/Plbd1/Psap/Sorl1/Cst7",6
"GO:0002830","positive regulation of type 2 immune response","5/650","17/25615",0.294117647058824,11.5904977375566,7.04802459318771,4.97663910582288e-05,0.000451068555232134,0.000451068555232134,"Cd74/Xcl1/Nlrp3/Rsad2/Ido1",5
"GO:0034134","toll-like receptor 2 signaling pathway","5/650","17/25615",0.294117647058824,11.5904977375566,7.04802459318771,4.97663910582288e-05,0.000451068555232134,0.000451068555232134,"Ripk2/Pik3ap1/Acod1/Tlr2/Tlr1",5
"GO:0060100","positive regulation of phagocytosis, engulfment","5/650","17/25615",0.294117647058824,11.5904977375566,7.04802459318771,4.97663910582288e-05,0.000451068555232134,0.000451068555232134,"Stap1/C3/Plcg2/Fcgr1/Nckap1l",5
"GO:0070669","response to interleukin-2","5/650","17/25615",0.294117647058824,11.5904977375566,7.04802459318771,4.97663910582288e-05,0.000451068555232134,0.000451068555232134,"Il2ra/Sectm1a/Il2rb/Il2rg/Ifng",5
"GO:0150078","positive regulation of neuroinflammatory response","5/650","17/25615",0.294117647058824,11.5904977375566,7.04802459318771,4.97663910582288e-05,0.000451068555232134,0.000451068555232134,"Ccr1/Stap1/Ctsc/Ccl5/Plcg2",5
"GO:1905155","positive regulation of membrane invagination","5/650","17/25615",0.294117647058824,11.5904977375566,7.04802459318771,4.97663910582288e-05,0.000451068555232134,0.000451068555232134,"Stap1/C3/Plcg2/Fcgr1/Nckap1l",5
"GO:0006665","sphingolipid metabolic process","14/650","157/25615",0.089171974522293,3.5140617344439,5.09850933401788,4.97816929171359e-05,0.000451068555232134,0.000451068555232134,"Gsdmd/P2rx7/Casp1/Naaa/Psap/Gbgt1/Smpdl3b/Prf1/Gm2a/Prkcd/Gzmb/Casp7/Gzmc/Enpp2",14
"GO:0032872","regulation of stress-activated MAPK cascade","7/650","39/25615",0.179487179487179,7.07317554240631,6.12437002174714,4.97832511923386e-05,0.000451068555232134,0.000451068555232134,"Ripk2/Clec7a/Nod1/Il1a/Scimp/Il1b/Eif2ak2",7
"GO:0033028","myeloid cell apoptotic process","7/650","39/25615",0.179487179487179,7.07317554240631,6.12437002174714,4.97832511923386e-05,0.000451068555232134,0.000451068555232134,"Itgam/Ccr5/Fcer1g/Ccl5/Pik3cd/Ifng/Clec5a",7
"GO:0002920","regulation of humoral immune response","8/650","53/25615",0.150943396226415,5.94833091436865,5.81873863634526,5.33073007112233e-05,0.00048231845037873,0.00048231845037873,"Ptprc/H2-DMa/Gimap3/Tnf/C3/Il1b/Acod1/Ptpn6",8
"GO:0045453","bone resorption","10/650","85/25615",0.117647058823529,4.63619909502262,5.41827826943845,5.83995605690202e-05,0.000527649475520937,0.000527649475520937,"Gpr55/Il7/P2rx7/Ctss/Rac2/Fcgr4/Snx10/Inpp5d/Tnfrsf11b/Syk",10
"GO:0002861","regulation of inflammatory response to antigenic stimulus","7/650","40/25615",0.175,6.89634615384615,6.02191667216593,5.90321933821489e-05,0.000531869299140147,0.000531869299140146,"Spn/Tnf/C3/Fcer1g/Fcgr1/Fcgr3/Il12b",7
"GO:1902003","regulation of amyloid-beta formation","7/650","40/25615",0.175,6.89634615384615,6.02191667216593,5.90321933821489e-05,0.000531869299140147,0.000531869299140146,"Tnf/Abcg1/Sorl1/Spon1/Ifng/Gsap/Apoe",7
"GO:0070233","negative regulation of T cell apoptotic process","6/650","28/25615",0.214285714285714,8.44450549450549,6.35967293897377,6.10280767395842e-05,0.000549081743662589,0.000549081743662589,"Il7r/Pnp/Cd27/Ccl5/Serpinb9/Ido1",6
"GO:1903531","negative regulation of secretion by cell","16/650","202/25615",0.0792079207920792,3.12140137090632,4.88427555420816,6.27666475146446e-05,0.000563934186900807,0.000563934186900807,"Cd300a/Ucp2/Rab11fip1/Il1rn/Nr1h3/Cd84/Ccr2/Il1b/Entpd1/Cd200/Rsad2/Il12b/Htr7/Nckap1l/Apoe/Slc30a1",16
"GO:2001236","regulation of extrinsic apoptotic signaling pathway","15/650","182/25615",0.0824175824175824,3.24788672865596,4.91067188949856,6.73512103592319e-05,0.000603671737669757,0.000603671737669757,"Ptprc/Il7/Cx3cl1/Tnf/Icam1/Ltb/Bcl2l14/Il1b/Fasl/Agap2/Tmc8/Tnfsf10/Tnfaip3/Sp100/Runx3",15
"GO:0001820","serotonin secretion","5/650","18/25615",0.277777777777778,10.9465811965812,6.81153741184274,6.74714052999511e-05,0.000603671737669757,0.000603671737669757,"Cd300a/Fcer1g/Fcgr3/Htr7/Syk",5
"GO:1900226","negative regulation of NLRP3 inflammasome complex assembly","5/650","18/25615",0.277777777777778,10.9465811965812,6.81153741184274,6.74714052999511e-05,0.000603671737669757,0.000603671737669757,"Irgm1/Irgm2/Mefv/Igtp/Trim30a",5
"GO:0070302","regulation of stress-activated protein kinase signaling cascade","7/650","41/25615",0.170731707317073,6.7281425891182,5.92292200670073,6.96397318411837e-05,0.000621341162983006,0.000621341162983006,"Ripk2/Clec7a/Nod1/Il1a/Scimp/Il1b/Eif2ak2",7
"GO:0070670","response to interleukin-4","7/650","41/25615",0.170731707317073,6.7281425891182,5.92292200670073,6.96397318411837e-05,0.000621341162983006,0.000621341162983006,"Ptprc/Cd300lf/Parp14/Cd40/Xcl1/Il2rg/Coro1a",7
"GO:0032956","regulation of actin cytoskeleton organization","23/650","366/25615",0.0628415300546448,2.47643968053804,4.59053978811275,7.02296562220303e-05,0.000625735522288935,0.000625735522288935,"Bst1/Myo1f/Was/Cx3cl1/Fgr/Rac2/Icam1/Il1a/Slit2/Gmfg/Carmil2/Tlr2/Prkcd/Plek/Cyfip2/Nckap1l/Coro1a/Hck/Trpm2/Prex1/Hcls1/Gpr65/F11r",23
"GO:0007039","protein catabolic process in the vacuole","6/650","29/25615",0.206896551724138,8.15331564986738,6.21920376498827,7.53060974855048e-05,0.000670036523887649,0.000670036523887649,"Laptm5/Ctsh/Plbd1/Psap/Sorl1/Cst7",6
"GO:0002604","regulation of dendritic cell antigen processing and presentation","4/650","10/25615",0.4,15.7630769230769,7.53432046037643,7.63788852139043e-05,0.000673056184655859,0.000673056184655859,"Fgl2/Nod1/Cd74/Slc11a1",4
"GO:0035723","interleukin-15-mediated signaling pathway","4/650","10/25615",0.4,15.7630769230769,7.53432046037643,7.63788852139043e-05,0.000673056184655859,0.000673056184655859,"Cd4/Il2rb/Il2rg/Il15ra",4
"GO:0060700","regulation of ribonuclease activity","4/650","10/25615",0.4,15.7630769230769,7.53432046037643,7.63788852139043e-05,0.000673056184655859,0.000673056184655859,"Oas1a/Oas1g/Oas1b/Oas3",4
"GO:0071225","cellular response to muramyl dipeptide","4/650","10/25615",0.4,15.7630769230769,7.53432046037643,7.63788852139043e-05,0.000673056184655859,0.000673056184655859,"Ripk2/Nod1/Irf5/Ptpn22",4
"GO:0071350","cellular response to interleukin-15","4/650","10/25615",0.4,15.7630769230769,7.53432046037643,7.63788852139043e-05,0.000673056184655859,0.000673056184655859,"Cd4/Il2rb/Il2rg/Il15ra",4
"GO:0071612","IP-10 production","4/650","10/25615",0.4,15.7630769230769,7.53432046037643,7.63788852139043e-05,0.000673056184655859,0.000673056184655859,"Oas1a/Oas1g/Oas1b/Oas3",4
"GO:0071658","regulation of IP-10 production","4/650","10/25615",0.4,15.7630769230769,7.53432046037643,7.63788852139043e-05,0.000673056184655859,0.000673056184655859,"Oas1a/Oas1g/Oas1b/Oas3",4
"GO:0035821","modulation of process of another organism","12/650","125/25615",0.096,3.78313846153846,5.03308769609522,8.34707768161047e-05,0.000734542835981721,0.000734542835981721,"Ccl3/Trim25/Cd74/Ccl5/Ciita/Trim30a/Trim30d/Prf1/Ifng/Trim12c/Ly6e/Apoe",12
"GO:0045806","negative regulation of endocytosis","9/650","72/25615",0.125,4.92596153846154,5.38277135836723,8.45183734840248e-05,0.000741729550903518,0.000741729550903518,"Cd300a/Sirpb1a/B2m/Cd300lf/Nr1h3/Tlr2/Sirpb1c/Sirpb1b/Sirpa",9
"GO:1904427","positive regulation of calcium ion transmembrane transport","9/650","72/25615",0.125,4.92596153846154,5.38277135836723,8.45183734840248e-05,0.000741729550903518,0.000741729550903518,"P2rx7/Cx3cl1/Gimap3/Cd4/Cxcl9/Cxcr3/Xcl1/Cxcl10/P2rx4",9
"GO:1905037","autophagosome organization","14/650","165/25615",0.0848484848484849,3.34368298368298,4.87333808472411,8.54718315460658e-05,0.00074907373240372,0.00074907373240372,"Irgm1/9930111J21Rik1/Trim21/Irgm2/Ifi47/Gm12185/Iigp1/Gm5431/Igtp/Tgtp2/Iigp1c/Tgtp1/Rab19/Syk",14
"GO:0002863","positive regulation of inflammatory response to antigenic stimulus","5/650","19/25615",0.263157894736842,10.3704453441296,6.59296207147823,8.96613920631045e-05,0.000784720412279814,0.000784720412279814,"Tnf/C3/Fcer1g/Fcgr1/Fcgr3",5
"GO:0031649","heat generation","6/650","30/25615",0.2,7.88153846153846,6.08531485995391,9.21244574771307e-05,0.000804086297327565,0.000804086297327565,"Il1rn/Tnf/Ccr5/Ccl5/Il1a/Il1b",6
"GO:0051132","NK T cell activation","6/650","30/25615",0.2,7.88153846153846,6.08531485995391,9.21244574771307e-05,0.000804086297327565,0.000804086297327565,"Cd300a/Clec2d/Il12rb1/Il12b/Lck/Rasal3",6
"GO:1904062","regulation of monoatomic cation transmembrane transport","21/650","324/25615",0.0648148148148148,2.55420227920228,4.54283163617461,9.29748095834527e-05,0.000810407295473677,0.000810407295473677,"Ucp2/Pik3cg/P2rx7/Cx3cl1/Ctss/Gimap3/Cd4/Tlr9/Plcg2/Cxcl9/Cxcr3/Xcl1/Slc31a2/Ifng/Ptpn6/Cxcl10/Coro1a/Gpr35/P2rx4/Ptpn22/Slc30a1",21
"GO:0001782","B cell homeostasis","7/650","43/25615",0.162790697674419,6.41520572450805,5.73451160309421,9.55304157716527e-05,0.000831554730239969,0.000831554730239969,"Pirb/Tnfsf13b/Cd74/Pik3cd/Dock10/Nckap1l/Tnfaip3",7
"GO:0051259","protein complex oligomerization","21/650","325/25615",0.0646153846153846,2.54634319526627,4.52691926418711,9.70893830212597e-05,0.000843981321418907,0.000843981321418907,"Samhd1/Gsdmd/Tifa/Oas1a/P2rx7/Ripk2/Kctd12/B2m/Card11/Tgm2/Oas1g/Cd74/Oas1b/Ifih1/Nlrp3/Kcna4/Rnf135/Prf1/Gbp5/Trpm2/Cd247",21
"GO:0051896","regulation of phosphatidylinositol 3-kinase/protein kinase B signal transduction","21/650","326/25615",0.0644171779141104,2.53853232656914,4.51106612610896,0.000101364718448815,0.000879955339615117,0.000879955339615118,"Aim2/Pik3cg/Cx3cl1/Fgr/Tnf/Ptprj/Vav1/Fpr2/Ccl5/Il1b/Pik3ap1/Pik3r5/Agap2/Sema4d/Hpse/Ptpn6/Inpp4b/Hcst/Rasgrp1/Hcls1/P2rx4",21
"GO:2000351","regulation of endothelial cell apoptotic process","8/650","58/25615",0.137931034482759,5.43554376657825,5.45676844231351,0.000103151144445237,0.000894254995838327,0.000894254995838327,"Ccl2/Tnf/Icam1/Cd40/Itga4/Fasl/Cd160/Tnfaip3",8
"GO:0070534","protein K63-linked ubiquitination","10/650","91/25615",0.10989010989011,4.33051563820795,5.135555193696,0.000104703792565501,0.000906492134017223,0.000906492134017223,"Ripk2/Arrdc4/Trim21/Rnf213/Parp10/Trim30a/Trim30d/Rnf135/Trim12c/Ptpn22",10
"GO:0006837","serotonin transport","6/650","31/25615",0.193548387096774,7.6272952853598,5.95747928415514,0.000111798487567472,0.000966613033826968,0.000966613033826968,"Cd300a/Fcer1g/Slc29a3/Fcgr3/Htr7/Syk",6
"GO:0051851","host-mediated perturbation of symbiont process","11/650","110/25615",0.1,3.94076923076923,4.9874002196716,0.000113380942652865,0.000978977386561837,0.000978977386561837,"Ccl3/Trim25/Cd74/Ccl5/Ciita/Trim30a/Trim30d/Ifng/Trim12c/Ly6e/Apoe",11
"GO:0002643","regulation of tolerance induction","5/650","20/25615",0.25,9.85192307692308,6.39005590733846,0.000117060425336067,0.000997089440771457,0.000997089440771458,"Cd86/Il2ra/Pdcd1/Cd3e/Ido1",5
"GO:0070230","positive regulation of lymphocyte apoptotic process","5/650","20/25615",0.25,9.85192307692308,6.39005590733846,0.000117060425336067,0.000997089440771457,0.000997089440771458,"P2rx7/Ccl5/Nfkbid/Cd274/Ido1",5
"GO:1902004","positive regulation of amyloid-beta formation","5/650","20/25615",0.25,9.85192307692308,6.39005590733846,0.000117060425336067,0.000997089440771457,0.000997089440771458,"Tnf/Abcg1/Ifng/Gsap/Apoe",5
"GO:0002732","positive regulation of dendritic cell cytokine production","4/650","11/25615",0.363636363636364,14.3300699300699,7.13517216644173,0.00011761416080965,0.000997089440771457,0.000997089440771458,"Clec7a/Rigi/Plcg2/Scimp",4
"GO:0031620","regulation of fever generation","4/650","11/25615",0.363636363636364,14.3300699300699,7.13517216644173,0.00011761416080965,0.000997089440771457,0.000997089440771458,"Tnf/Ccr5/Ccl5/Il1b",4
"GO:0031665","negative regulation of lipopolysaccharide-mediated signaling pathway","4/650","11/25615",0.363636363636364,14.3300699300699,7.13517216644173,0.00011761416080965,0.000997089440771457,0.000997089440771458,"Acod1/Ptpn6/Tnfaip3/Sirpa",4
"GO:0031666","positive regulation of lipopolysaccharide-mediated signaling pathway","4/650","11/25615",0.363636363636364,14.3300699300699,7.13517216644173,0.00011761416080965,0.000997089440771457,0.000997089440771458,"Ly86/Cd180/Scimp/Cd14",4
"GO:0032825","positive regulation of natural killer cell differentiation","4/650","11/25615",0.363636363636364,14.3300699300699,7.13517216644173,0.00011761416080965,0.000997089440771457,0.000997089440771458,"Irf1/Il15ra/Tox/Rasgrp1",4
"GO:0035701","hematopoietic stem cell migration","4/650","11/25615",0.363636363636364,14.3300699300699,7.13517216644173,0.00011761416080965,0.000997089440771457,0.000997089440771458,"Bcl11b/Ptprc/Cxcr4/Ccr2",4
"GO:0042270","protection from natural killer cell mediated cytotoxicity","4/650","11/25615",0.363636363636364,14.3300699300699,7.13517216644173,0.00011761416080965,0.000997089440771457,0.000997089440771458,"Tap1/Clec2d/Tap2/Serpinb9",4
"GO:0060907","positive regulation of macrophage cytokine production","4/650","11/25615",0.363636363636364,14.3300699300699,7.13517216644173,0.00011761416080965,0.000997089440771457,0.000997089440771458,"Laptm5/Cd74/Plcg2/Tlr2",4
"GO:0070672","response to interleukin-15","4/650","11/25615",0.363636363636364,14.3300699300699,7.13517216644173,0.00011761416080965,0.000997089440771457,0.000997089440771458,"Cd4/Il2rb/Il2rg/Il15ra",4
"GO:2000342","negative regulation of chemokine (C-X-C motif) ligand 2 production","4/650","11/25615",0.363636363636364,14.3300699300699,7.13517216644173,0.00011761416080965,0.000997089440771457,0.000997089440771458,"Oas1a/Oas1g/Oas1b/Oas3",4
"GO:0046328","regulation of JNK cascade","14/650","170/25615",0.0823529411764706,3.24533936651584,4.73952501196662,0.000117651587189409,0.000997089440771457,0.000997089440771458,"Ripk2/Nod1/Tnf/Tlr9/Cd27/Il1a/Naip2/Rassf2/Il1b/Fcgr2b/Tlr3/Naip5/Ptpn22/Sirpa",14
"GO:0002335","mature B cell differentiation","7/650","45/25615",0.155555555555556,6.13008547008547,5.55769986094195,0.000128757808389477,0.00108691216963732,0.00108691216963732,"Dpp4/Plcg2/Slamf8/Irf8/Malt1/Dock10/Tnfaip3",7
"GO:0032620","interleukin-17 production","7/650","45/25615",0.155555555555556,6.13008547008547,5.55769986094195,0.000128757808389477,0.00108691216963732,0.00108691216963732,"Ly9/Slamf6/Tlr2/Ifng/Il12b/Nckap1l/Ccl1",7
"GO:0032660","regulation of interleukin-17 production","7/650","45/25615",0.155555555555556,6.13008547008547,5.55769986094195,0.000128757808389477,0.00108691216963732,0.00108691216963732,"Ly9/Slamf6/Tlr2/Ifng/Il12b/Nckap1l/Ccl1",7
"GO:0032682","negative regulation of chemokine production","6/650","32/25615",0.1875,7.38894230769231,5.83522781205314,0.000134665513268701,0.00113529036382957,0.00113529036382957,"Oas1a/Oas1g/Oas1b/Mefv/Oas3/Sirpa",6
"GO:0034765","regulation of monoatomic ion transmembrane transport","22/650","358/25615",0.0614525139664804,2.42170176192523,4.37107973324959,0.000138128421424137,0.00116295803306508,0.00116295803306508,"Ucp2/Ptafr/Pik3cg/P2rx7/Cx3cl1/Ctss/Gimap3/Cd4/Tlr9/Plcg2/Cxcl9/Cxcr3/Xcl1/Slc31a2/Ifng/Ptpn6/Cxcl10/Coro1a/Gpr35/P2rx4/Ptpn22/Slc30a1",22
"GO:0072540","T-helper 17 cell lineage commitment","5/650","21/25615",0.238095238095238,9.38278388278388,6.20095286249902,0.000150446139350544,0.00126500785234018,0.00126500785234018,"Ly9/Slamf6/Cd69/Irf4/Tbx21",5
"GO:1905954","positive regulation of lipid localization","11/650","114/25615",0.0964912280701754,3.80249662618084,4.83892080280394,0.000156223502334053,0.00131186899214896,0.00131186899214896,"P2rx7/Abca1/C3/Abcg1/Nr1h3/Il1a/Il1b/Lipg/Fasl/Ikbke/Apoe",11
"GO:1902991","regulation of amyloid precursor protein catabolic process","7/650","47/25615",0.148936170212766,5.86923076923077,5.39126281637078,0.000170793561924176,0.00143234705195941,0.00143234705195941,"Tnf/Abcg1/Sorl1/Spon1/Ifng/Gsap/Apoe",7
"GO:0002579","positive regulation of antigen processing and presentation","4/650","12/25615",0.333333333333333,13.1358974358974,6.7849505701615,0.000172882136963302,0.00143859436250292,0.00143859436250292,"Nod1/Cd74/Tap2/Slc11a1",4
"GO:0002885","positive regulation of hypersensitivity","4/650","12/25615",0.333333333333333,13.1358974358974,6.7849505701615,0.000172882136963302,0.00143859436250292,0.00143859436250292,"C3/Fcer1g/Fcgr1/Fcgr3",4
"GO:0035745","T-helper 2 cell cytokine production","4/650","12/25615",0.333333333333333,13.1358974358974,6.7849505701615,0.000172882136963302,0.00143859436250292,0.00143859436250292,"Xcl1/Nlrp3/Rsad2/Tbx21",4
"GO:0043313","regulation of neutrophil degranulation","4/650","12/25615",0.333333333333333,13.1358974358974,6.7849505701615,0.000172882136963302,0.00143859436250292,0.00143859436250292,"Ptafr/Itgam/Itgb2/Syk",4
"GO:0140639","positive regulation of pyroptotic inflammatory response","4/650","12/25615",0.333333333333333,13.1358974358974,6.7849505701615,0.000172882136963302,0.00143859436250292,0.00143859436250292,"Gbp2/Gbp2b/Gbp5/Gbp3",4
"GO:2000551","regulation of T-helper 2 cell cytokine production","4/650","12/25615",0.333333333333333,13.1358974358974,6.7849505701615,0.000172882136963302,0.00143859436250292,0.00143859436250292,"Xcl1/Nlrp3/Rsad2/Tbx21",4
"GO:0007264","small GTPase-mediated signal transduction","26/650","468/25615",0.0555555555555556,2.18931623931624,4.1899301244138,0.000181712582151071,0.00151011853523736,0.00151011853523736,"Rhoh/Gpr55/Arhgap30/Was/Pik3cg/Shtn1/Rac2/Abca1/Tgm2/Vav1/Lat/Ntn1/Slit2/Aif1/Dock10/Arhgap9/Sema4d/Arhgap25/Tagap/Dock2/Psd4/Rasal3/Rasgrp1/F11r/Arhgap15/Apoe",26
"GO:0072577","endothelial cell apoptotic process","8/650","63/25615",0.126984126984127,5.00415140415141,5.13449708486458,0.000186514637643246,0.00154802329744214,0.00154802329744214,"Ccl2/Tnf/Icam1/Cd40/Itga4/Fasl/Cd160/Tnfaip3",8
"GO:0032495","response to muramyl dipeptide","5/650","22/25615",0.227272727272727,8.95629370629371,6.0240857402052,0.000190647987572992,0.00157825086619704,0.00157825086619704,"Ripk2/Nod1/Irf5/Tnfaip3/Ptpn22",5
"GO:0044790","suppression of viral release by host","5/650","22/25615",0.227272727272727,8.95629370629371,6.0240857402052,0.000190647987572992,0.00157825086619704,0.00157825086619704,"Trim25/Trim21/Trim30a/Trim30d/Trim12c",5
"GO:0001778","plasma membrane repair","6/650","34/25615",0.176470588235294,6.95429864253394,5.60584271729498,0.00019143828462241,0.00158071920361743,0.00158071920361743,"Gsdmd/Casp1/Prf1/Gzmb/Casp7/Gzmc",6
"GO:0070498","interleukin-1-mediated signaling pathway","6/650","34/25615",0.176470588235294,6.95429864253394,5.60584271729498,0.00019143828462241,0.00158071920361743,0.00158071920361743,"Gsdmd/Zbp1/Il1rn/Casp1/Il1b/Nlrp3",6
"GO:0097192","extrinsic apoptotic signaling pathway in absence of ligand","9/650","80/25615",0.1125,4.43336538461538,4.96279895795484,0.00019243993290035,0.00158695010135025,0.00158695010135025,"Il7/Cx3cl1/Tnf/Bcl2a1a/Il1a/Il1b/Bcl2a1d/Agap2/Bcl2a1b",9
"GO:0033628","regulation of cell adhesion mediated by integrin","7/650","48/25615",0.145833333333333,5.74695512820513,5.31160113639145,0.000195622082500971,0.00161112340767467,0.00161112340767467,"Dpp4/Ccl5/Lpxn/Nckap1l/Ptpn6/Cd3e/Syk",7
"GO:0016525","negative regulation of angiogenesis","11/650","117/25615",0.094017094017094,3.70499671268902,4.73190710195582,0.000196748200638538,0.00161832322778741,0.00161832322778741,"Ccl2/Tnf/Stat1/Hhex/Ccr2/Cxcr3/Fasl/Cd160/Sema4a/Ptpn6/Cxcl10",11
"GO:0007254","JNK cascade","15/650","201/25615",0.0746268656716418,2.94087256027555,4.45746694957901,0.000203657091409373,0.00167300914988979,0.00167300914988979,"Ripk2/Nod1/Tnf/Tlr9/Cd27/Map4k1/Il1a/Naip2/Rassf2/Il1b/Fcgr2b/Tlr3/Naip5/Ptpn22/Sirpa",15
"GO:2000181","negative regulation of blood vessel morphogenesis","11/650","119/25615",0.092436974789916,3.64272786037492,4.66250697344639,0.000228442175205839,0.00187421779504765,0.00187421779504765,"Ccl2/Tnf/Stat1/Hhex/Ccr2/Cxcr3/Fasl/Cd160/Sema4a/Ptpn6/Cxcl10",11
"GO:0038034","signal transduction in absence of ligand","9/650","82/25615",0.109756097560976,4.32523452157599,4.86640085615085,0.000232527687867912,0.00190530340161157,0.00190530340161157,"Il7/Cx3cl1/Tnf/Bcl2a1a/Il1a/Il1b/Bcl2a1d/Agap2/Bcl2a1b",9
"GO:0031333","negative regulation of protein-containing complex assembly","13/650","160/25615",0.08125,3.201875,4.5081223774295,0.000233010116018783,0.00190682418510148,0.00190682418510148,"Ifi207/Irgm1/Xaf1/Irgm2/Mefv/Igtp/Slit2/Sorl1/Trim30a/Carmil2/Tlr2/Tmc8/Prkcd",13
"GO:0002864","regulation of acute inflammatory response to antigenic stimulus","5/650","23/25615",0.217391304347826,8.56688963210702,5.85812723068757,0.000238545254638162,0.00194468872562888,0.00194468872562888,"Spn/C3/Fcer1g/Fcgr1/Fcgr3",5
"GO:0033630","positive regulation of cell adhesion mediated by integrin","5/650","23/25615",0.217391304347826,8.56688963210702,5.85812723068757,0.000238545254638162,0.00194468872562888,0.00194468872562888,"Ccl5/Nckap1l/Ptpn6/Cd3e/Syk",5
"GO:0043306","positive regulation of mast cell degranulation","5/650","23/25615",0.217391304347826,8.56688963210702,5.85812723068757,0.000238545254638162,0.00194468872562888,0.00194468872562888,"Fgr/Fcer1g/Gab2/Stxbp2/Syk",5
"GO:0002664","regulation of T cell tolerance induction","4/650","13/25615",0.307692307692308,12.1254437869822,6.47413377500727,0.000244713452609472,0.00197989826141467,0.00197989826141467,"Cd86/Il2ra/Cd3e/Ido1",4
"GO:0002756","MyD88-independent toll-like receptor signaling pathway","4/650","13/25615",0.307692307692308,12.1254437869822,6.47413377500727,0.000244713452609472,0.00197989826141467,0.00197989826141467,"Irf7/Cd300lf/Tnip3/Cd274",4
"GO:0043301","negative regulation of leukocyte degranulation","4/650","13/25615",0.307692307692308,12.1254437869822,6.47413377500727,0.000244713452609472,0.00197989826141467,0.00197989826141467,"Cd300a/Cd84/Ccr2/Nckap1l",4
"GO:0048304","positive regulation of isotype switching to IgG isotypes","4/650","13/25615",0.307692307692308,12.1254437869822,6.47413377500727,0.000244713452609472,0.00197989826141467,0.00197989826141467,"Ptprc/Cd40/Ifng/Tbx21",4
"GO:0070671","response to interleukin-12","4/650","13/25615",0.307692307692308,12.1254437869822,6.47413377500727,0.000244713452609472,0.00197989826141467,0.00197989826141467,"Ripk2/Il12rb1/Il12b/Sirpa",4
"GO:2000561","regulation of CD4-positive, alpha-beta T cell proliferation","4/650","13/25615",0.307692307692308,12.1254437869822,6.47413377500727,0.000244713452609472,0.00197989826141467,0.00197989826141467,"Irgm1/Tarm1/Xcl1/Cd274",4
"GO:1901343","negative regulation of vasculature development","11/650","120/25615",0.0916666666666667,3.6123717948718,4.62836602281044,0.000245842001091698,0.00198652706290952,0.00198652706290952,"Ccl2/Tnf/Stat1/Hhex/Ccr2/Cxcr3/Fasl/Cd160/Sema4a/Ptpn6/Cxcl10",11
"GO:0034205","amyloid-beta formation","7/650","50/25615",0.14,5.51707692307692,5.15880587499759,0.000254012725570745,0.00204997204656591,0.00204997204656591,"Tnf/Abcg1/Sorl1/Spon1/Ifng/Gsap/Apoe",7
"GO:0007033","vacuole organization","18/650","276/25615",0.0652173913043478,2.57006688963211,4.23162872044825,0.000267139576815306,0.0021532053217836,0.0021532053217836,"Irgm1/P2rx7/9930111J21Rik1/Abca1/Trim21/Irgm2/Ifi47/Gm12185/Tasl/Iigp1/Gm5431/Igtp/Tgtp2/Iigp1c/Tgtp1/Rab19/Coro1a/Syk",18
"GO:0006956","complement activation","8/650","67/25615",0.119402985074627,4.70539609644087,4.9003058031727,0.000287449568129777,0.00231307017700723,0.00231307017700723,"C3/Cfb/C1qa/C1qc/Il1b/C1qb/C1rl/C2",8
"GO:0006509","membrane protein ectodomain proteolysis","7/650","51/25615",0.137254901960784,5.40889894419306,5.08546212145981,0.000288053571233778,0.00231307017700723,0.00231307017700723,"P2rx7/Tnf/Erap1/Il1b/Ifng/Sppl2a/Apoe",7
"GO:0010543","regulation of platelet activation","7/650","51/25615",0.137254901960784,5.40889894419306,5.08546212145981,0.000288053571233778,0.00231307017700723,0.00231307017700723,"Ptprj/Fcer1g/Prkcd/Plek/F11r/Apoe/Syk",7
"GO:0048015","phosphatidylinositol-mediated signaling","5/650","24/25615",0.208333333333333,8.2099358974359,5.70194457710417,0.00029506485326668,0.00236346211644034,0.00236346211644034,"Pik3cg/Plcg2/Plcb2/Synj1/Pik3cd",5
"GO:2000353","positive regulation of endothelial cell apoptotic process","5/650","24/25615",0.208333333333333,8.2099358974359,5.70194457710417,0.00029506485326668,0.00236346211644034,0.00236346211644034,"Ccl2/Cd40/Itga4/Fasl/Cd160",5
"GO:0043409","negative regulation of MAPK cascade","14/650","187/25615",0.0748663101604278,2.9503085150144,4.31914331232723,0.000317684089480257,0.00254147271584206,0.00254147271584206,"Lax1/Cd300a/Ptprc/P2rx7/Dusp2/Ptprj/Tlr9/Tbc1d10c/Il1b/Prkcd/Ptpn6/Ptpn22/Apoe/Sirpa",14
"GO:0043029","T cell homeostasis","7/650","52/25615",0.134615384615385,5.30488165680473,5.01402591778587,0.000325662820049989,0.00259882975900761,0.00259882975900761,"Aim2/P2rx7/Gimap3/Il2ra/Gpr174/Nckap1l/Coro1a",7
"GO:0051403","stress-activated MAPK cascade","7/650","52/25615",0.134615384615385,5.30488165680473,5.01402591778587,0.000325662820049989,0.00259882975900761,0.00259882975900761,"Ripk2/Clec7a/Nod1/Il1a/Scimp/Il1b/Eif2ak2",7
"GO:0002866","positive regulation of acute inflammatory response to antigenic stimulus","4/650","14/25615",0.285714285714286,11.2593406593407,6.19561752390632,0.000335737943166679,0.00266269203321326,0.00266269203321326,"C3/Fcer1g/Fcgr1/Fcgr3",4
"GO:0031652","positive regulation of heat generation","4/650","14/25615",0.285714285714286,11.2593406593407,6.19561752390632,0.000335737943166679,0.00266269203321326,0.00266269203321326,"Tnf/Ccr5/Ccl5/Il1b",4
"GO:0032490","detection of molecule of bacterial origin","4/650","14/25615",0.285714285714286,11.2593406593407,6.19561752390632,0.000335737943166679,0.00266269203321326,0.00266269203321326,"Tlr9/Casp4/Tlr2/Tlr1",4
"GO:0032823","regulation of natural killer cell differentiation","4/650","14/25615",0.285714285714286,11.2593406593407,6.19561752390632,0.000335737943166679,0.00266269203321326,0.00266269203321326,"Irf1/Il15ra/Tox/Rasgrp1",4
"GO:0035739","CD4-positive, alpha-beta T cell proliferation","4/650","14/25615",0.285714285714286,11.2593406593407,6.19561752390632,0.000335737943166679,0.00266269203321326,0.00266269203321326,"Irgm1/Tarm1/Xcl1/Cd274",4
"GO:0030168","platelet activation","10/650","105/25615",0.0952380952380952,3.75311355311355,4.5613472973678,0.000342518066642838,0.00271311474736571,0.00271311474736571,"Ptprj/Fcer1g/Entpd1/Prkcd/Plek/Ptpn6/Tspan32/F11r/Apoe/Syk",10
"GO:0042509","regulation of tyrosine phosphorylation of STAT protein","6/650","38/25615",0.157894736842105,6.22226720647773,5.19823227985791,0.000360588363460902,0.00284688771076147,0.00284688771076147,"Tnfrsf18/Parp14/Parp9/Socs1/Ifng/Lck",6
"GO:0002544","chronic inflammatory response","5/650","25/25615",0.2,7.88153846153846,5.55456430110385,0.000361178935907627,0.00284688771076147,0.00284688771076147,"Unc13d/Ccl2/Tnf/Ido1/Tnfaip3",5
"GO:0043011","myeloid dendritic cell differentiation","5/650","25/25615",0.2,7.88153846153846,5.55456430110385,0.000361178935907627,0.00284688771076147,0.00284688771076147,"Pirb/Gimap3/Irf4/Ubd/Batf2",5
"GO:2000010","positive regulation of protein localization to cell surface","5/650","25/25615",0.2,7.88153846153846,5.55456430110385,0.000361178935907627,0.00284688771076147,0.00284688771076147,"Tnf/Fcer1g/Tyrobp/Agap2/Cd247",5
"GO:0030041","actin filament polymerization","13/650","168/25615",0.0773809523809524,3.04940476190476,4.30024978348243,0.000374707664600271,0.00294990445758841,0.0029499044575884,"Was/Icam1/Coro7/Slit2/Aif1/Carmil2/Tlr2/Prkcd/Cyfip2/Nckap1l/Coro1a/Prex1/Hcls1",13
"GO:0022604","regulation of cell morphogenesis","18/650","286/25615",0.0629370629370629,2.48020441097364,4.06186312231021,0.000409731498212633,0.00322168316342467,0.00322168316342467,"Ccl3/Lst1/Ccl2/Fgr/Rac2/Icam1/Cxcr4/Parvg/Plxnc1/Sema4a/Sema4d/Coro1a/Mov10/Hck/F11r/Arhgap15/Slc30a1/Enpp2",18
"GO:0046427","positive regulation of receptor signaling pathway via JAK-STAT","8/650","71/25615",0.112676056338028,4.44030335861322,4.68393712567979,0.000429134119731258,0.00337011929725379,0.00337011929725379,"Il7r/Prl2c2/Il10ra/Stat1/Tlr2/Il12rb1/Agap2/Il12b",8
"GO:0140367","antibacterial innate immune response","5/650","26/25615",0.192307692307692,7.57840236686391,5.41514445075146,0.000437902348674817,0.00343477983868989,0.0034347798386899,"Irgm1/Mpeg1/Irgm2/Igtp/Tlr2",5
"GO:0050767","regulation of neurogenesis","25/650","469/25615",0.0533049040511727,2.10062325733968,3.88168462282821,0.000443859283785762,0.0034772585841948,0.0034772585841948,"Cx3cl1/Prl2c2/Shtn1/B2m/Tnf/Ccr5/Mbp/Cxcr4/Tgm2/Plxnc1/Id2/Ntn1/Synj1/Il1b/Slit2/Sorl1/Tlr2/Ifng/Sema4d/Id4/Prkch/Spint1/Apoe/Slc30a1/Enpp2",25
"GO:0002767","immune response-inhibiting cell surface receptor signaling pathway","4/650","15/25615",0.266666666666667,10.5087179487179,5.94397820030972,0.000448664022993004,0.00348514834789245,0.00348514834789245,"Pirb/Lair1/Lilra5/Ncr1",4
"GO:0032494","response to peptidoglycan","4/650","15/25615",0.266666666666667,10.5087179487179,5.94397820030972,0.000448664022993004,0.00348514834789245,0.00348514834789245,"Ripk2/Irf5/Nlrp3/Tlr2",4
"GO:0051133","regulation of NK T cell activation","4/650","15/25615",0.266666666666667,10.5087179487179,5.94397820030972,0.000448664022993004,0.00348514834789245,0.00348514834789245,"Cd300a/Il12rb1/Il12b/Rasal3",4
"GO:0070212","protein poly-ADP-ribosylation","4/650","15/25615",0.266666666666667,10.5087179487179,5.94397820030972,0.000448664022993004,0.00348514834789245,0.00348514834789245,"Casp1/Parp14/Parp10/Casp7",4
"GO:0070234","positive regulation of T cell apoptotic process","4/650","15/25615",0.266666666666667,10.5087179487179,5.94397820030972,0.000448664022993004,0.00348514834789245,0.00348514834789245,"Ccl5/Nfkbid/Cd274/Ido1",4
"GO:2000343","positive regulation of chemokine (C-X-C motif) ligand 2 production","4/650","15/25615",0.266666666666667,10.5087179487179,5.94397820030972,0.000448664022993004,0.00348514834789245,0.00348514834789245,"Tnf/Mbp/Cd74/Ccl5",4
"GO:2000402","negative regulation of lymphocyte migration","4/650","15/25615",0.266666666666667,10.5087179487179,5.94397820030972,0.000448664022993004,0.00348514834789245,0.00348514834789245,"Ccl2/Klrk1/Cd69/Cd200",4
"GO:0010563","negative regulation of phosphorus metabolic process","18/650","289/25615",0.0622837370242214,2.45445834442374,4.01232869199444,0.000463693051248091,0.00359320164199968,0.00359320164199968,"Cd300a/Ptprc/Adar/Ptprj/Pid1/Parp14/Rassf2/Slfn1/Slit2/Socs1/Entpd1/Pkib/Plek/Cadm1/Ptpn6/Birc3/Ptpn22/Gbp4",18
"GO:0045936","negative regulation of phosphate metabolic process","18/650","289/25615",0.0622837370242214,2.45445834442374,4.01232869199444,0.000463693051248091,0.00359320164199968,0.00359320164199968,"Cd300a/Ptprc/Adar/Ptprj/Pid1/Parp14/Rassf2/Slfn1/Slit2/Socs1/Entpd1/Pkib/Plek/Cadm1/Ptpn6/Birc3/Ptpn22/Gbp4",18
"GO:0014015","positive regulation of gliogenesis","9/650","90/25615",0.1,3.94076923076923,4.50950549817674,0.000468534458402529,0.00362634380816608,0.00362634380816608,"Tnf/Cxcr4/Id2/Synj1/Il1b/Tlr2/Prkch/Spint1/Enpp2",9
"GO:0043243","positive regulation of protein-containing complex disassembly","6/650","40/25615",0.15,5.91115384615385,5.01574338650969,0.000480286535136525,0.00371282876259571,0.00371282876259571,"Irgm1/Tnf/Irgm2/Igtp/Carmil2/Plek",6
"GO:0050769","positive regulation of neurogenesis","19/650","315/25615",0.0603174603174603,2.37697191697192,3.96779928691346,0.000484592027126759,0.00374049462082695,0.00374049462082695,"Cx3cl1/Prl2c2/Shtn1/Tnf/Cxcr4/Tgm2/Plxnc1/Id2/Ntn1/Synj1/Il1b/Tlr2/Ifng/Sema4d/Prkch/Spint1/Apoe/Slc30a1/Enpp2",19
"GO:0048660","regulation of smooth muscle cell proliferation","14/650","195/25615",0.0717948717948718,2.82927021696252,4.13749033046042,0.000485029890901128,0.00374049462082695,0.00374049462082695,"Nampt/Ptafr/Cx3cl1/Tnf/C3ar1/Tgm2/Nr4a3/Ccl5/Id2/Aif1/Ifng/Il12b/Tnfaip3/Apoe",14
"GO:0032970","regulation of actin filament-based process","23/650","419/25615",0.0548926014319809,2.16319074720029,3.87366220476995,0.000495737350755527,0.00381848530126319,0.00381848530126319,"Bst1/Myo1f/Was/Cx3cl1/Fgr/Rac2/Icam1/Il1a/Slit2/Gmfg/Carmil2/Tlr2/Prkcd/Plek/Cyfip2/Nckap1l/Coro1a/Hck/Trpm2/Prex1/Hcls1/Gpr65/F11r",23
"GO:0008154","actin polymerization or depolymerization","14/650","196/25615",0.0714285714285714,2.81483516483516,4.11543348188331,0.000510453137880939,0.00392712689550557,0.00392712689550557,"Was/Icam1/Coro7/Slit2/Aif1/Carmil2/Tlr2/Prkcd/Plek/Cyfip2/Nckap1l/Coro1a/Prex1/Hcls1",14
"GO:0032303","regulation of icosanoid secretion","5/650","27/25615",0.185185185185185,7.2977207977208,5.2829525446402,0.000526289953095898,0.00403929110954367,0.00403929110954367,"P2rx7/Il1a/Il1b/Hrh2/Syk",5
"GO:0042104","positive regulation of activated T cell proliferation","5/650","27/25615",0.185185185185185,7.2977207977208,5.2829525446402,0.000526289953095898,0.00403929110954367,0.00403929110954367,"Cd86/Il2ra/Il12rb1/Icosl/Il12b",5
"GO:0006672","ceramide metabolic process","10/650","112/25615",0.0892857142857143,3.51854395604396,4.3101512111339,0.00057385523998074,0.00439910031221512,0.00439910031221512,"Gsdmd/P2rx7/Casp1/Psap/Prf1/Gm2a/Prkcd/Gzmb/Casp7/Gzmc",10
"GO:2000146","negative regulation of cell motility","20/650","345/25615",0.0579710144927536,2.28450390189521,3.87589452580846,0.000575570573713236,0.00440699090051708,0.00440699090051708,"Cd300a/Stap1/Was/Dpp4/Ccl2/Cx3cl1/Il1rn/Tnf/Ptprj/Klrk1/Sell/Cd74/Gpr18/Cd69/Slit2/Aif1/Slamf8/Cd200/Sp100/Apoe",20
"GO:0002467","germinal center formation","4/650","16/25615",0.25,9.85192307692308,5.71499320191458,0.000586259598968887,0.00445169227396706,0.00445169227396706,"Unc13d/H2-DMa/Tnfsf13b/Tnfaip3",4
"GO:0010819","regulation of T cell chemotaxis","4/650","16/25615",0.25,9.85192307692308,5.71499320191458,0.000586259598968887,0.00445169227396706,0.00445169227396706,"Ccl5/Ccr2/Xcl1/Cxcl10",4
"GO:0034145","positive regulation of toll-like receptor 4 signaling pathway","4/650","16/25615",0.25,9.85192307692308,5.71499320191458,0.000586259598968887,0.00445169227396706,0.00445169227396706,"Nr1h3/Ifi35/Ptpn22/Cd14",4
"GO:0043691","reverse cholesterol transport","4/650","16/25615",0.25,9.85192307692308,5.71499320191458,0.000586259598968887,0.00445169227396706,0.00445169227396706,"Abca1/Abcg1/Lipg/Apoe",4
"GO:0050999","regulation of nitric-oxide synthase activity","4/650","16/25615",0.25,9.85192307692308,5.71499320191458,0.000586259598968887,0.00445169227396706,0.00445169227396706,"Nod1/Tnf/Cnr2/Il1b",4
"GO:0051044","positive regulation of membrane protein ectodomain proteolysis","4/650","16/25615",0.25,9.85192307692308,5.71499320191458,0.000586259598968887,0.00445169227396706,0.00445169227396706,"Tnf/Il1b/Ifng/Apoe",4
"GO:1900449","regulation of glutamate receptor signaling pathway","4/650","16/25615",0.25,9.85192307692308,5.71499320191458,0.000586259598968887,0.00445169227396706,0.00445169227396706,"Ccl2/Cx3cl1/Ccr2/Ifng",4
"GO:2000319","regulation of T-helper 17 cell differentiation","5/650","28/25615",0.178571428571429,7.03708791208791,5.15734787932499,0.000627433839260316,0.00475871898867564,0.00475871898867564,"Cd69/Nfkbid/Nlrp3/Malt1/Tbx21",5
"GO:0071402","cellular response to lipoprotein particle stimulus","6/650","42/25615",0.142857142857143,5.62967032967033,4.84521963387106,0.000628838104543208,0.00476374526366223,0.00476374526366222,"Ccl2/Itgb2/Abcg1/Fcer1g/Apoe/Syk",6
"GO:0010506","regulation of autophagy","19/650","323/25615",0.0588235294117647,2.31809954751131,3.84669259339648,0.000656641296543741,0.00496266316352587,0.00496266316352587,"Irgm1/Nampt/Ripk2/Casp1/Nod1/Il10ra/Tlr9/Trim21/Irgm2/Dram1/Iigp1/Mefv/Igtp/Tlr2/Ifng/Hpse/Tnfaip3/Ptpn22/Syk",19
"GO:0031400","negative regulation of protein modification process","19/650","323/25615",0.0588235294117647,2.31809954751131,3.84669259339648,0.000656641296543741,0.00496266316352587,0.00496266316352587,"Cd300a/Ptprc/Irf1/Adar/Ptprj/Trim21/Parp14/Rassf2/Slfn1/Parp10/Slit2/Socs1/Dtx3l/Pkib/Cadm1/Ptpn6/Tnfaip3/Ptpn22/Gbp4",19
"GO:0051962","positive regulation of nervous system development","21/650","375/25615",0.056,2.20683076923077,3.79880436772759,0.00066366588997273,0.00500985861008792,0.00500985861008792,"Cx3cl1/Prl2c2/Shtn1/Tnf/Cxcr4/Tgm2/Plxnc1/Id2/Ntn1/Synj1/Il1b/Slit2/Tlr2/Sema4a/Ifng/Sema4d/Prkch/Spint1/Apoe/Slc30a1/Enpp2",21
"GO:0042063","gliogenesis","22/650","402/25615",0.054726368159204,2.1566398775354,3.77162513897272,0.000677667490229952,0.00510954924558358,0.00510954924558358,"Ccl3/Stap1/Ccl2/Cx3cl1/Itgam/Tnf/Kcnj10/Ptprj/Cxcr4/Fpr2/C1qa/Id2/Ccr2/Synj1/Il1b/Tlr2/Ifng/Id4/Prkch/P2rx4/Spint1/Enpp2",22
"GO:0007596","blood coagulation","14/650","202/25615",0.0693069306930693,2.73122619954303,3.98594340571213,0.000688037652336444,0.00518165753647047,0.00518165753647047,"Fgl2/Ptprj/Fcer1g/F10/Entpd1/Prkcd/Plek/Hpse/Ptpn6/Tspan32/F11r/Rab27a/Apoe/Syk",14
"GO:0061844","antimicrobial humoral immune response mediated by antimicrobial peptide","12/650","157/25615",0.0764331210191083,3.01205291523763,4.08043701884118,0.000693781536631495,0.00521879694534042,0.00521879694534042,"Ccl3/Ccl22/Ccl2/Cx3cl1/B2m/Ccl5/Cxcl9/Xcl1/Ccl4/Ccl1/Cxcl10/Rnase6",12
"GO:0031098","stress-activated protein kinase signaling cascade","7/650","59/25615",0.11864406779661,4.6754889178618,4.56062411621647,0.000712759700412195,0.00535528457947128,0.00535528457947128,"Ripk2/Clec7a/Nod1/Il1a/Scimp/Il1b/Eif2ak2",7
"GO:0006910","phagocytosis, recognition","6/650","43/25615",0.13953488372093,5.49874776386404,4.7640149910678,0.000715320432452108,0.00536198186472852,0.00536198186472852,"Clec7a/C3/Fcgr1/Fcgr3/C2/Sirpa",6
"GO:0007260","tyrosine phosphorylation of STAT protein","6/650","43/25615",0.13953488372093,5.49874776386404,4.7640149910678,0.000715320432452108,0.00536198186472852,0.00536198186472852,"Tnfrsf18/Parp14/Parp9/Socs1/Ifng/Lck",6
"GO:0048659","smooth muscle cell proliferation","14/650","203/25615",0.0689655172413793,2.71777188328912,3.96482187862353,0.000722203551829516,0.00540726761882612,0.00540726761882612,"Nampt/Ptafr/Cx3cl1/Tnf/C3ar1/Tgm2/Nr4a3/Ccl5/Id2/Aif1/Ifng/Il12b/Tnfaip3/Apoe",14
"GO:1904064","positive regulation of cation transmembrane transport","12/650","158/25615",0.0759493670886076,2.99298928919182,4.0547071474508,0.00073388803179938,0.00548835473373599,0.00548835473373599,"P2rx7/Cx3cl1/Ctss/Gimap3/Cd4/Plcg2/Cxcl9/Cxcr3/Xcl1/Ifng/Cxcl10/P2rx4",12
"GO:0010575","positive regulation of vascular endothelial growth factor production","5/650","29/25615",0.172413793103448,6.79442970822281,5.03776721470516,0.000742460452130067,0.00553313914673265,0.00553313914673265,"C3ar1/C3/Il1a/Il1b/Hpse",5
"GO:0033081","regulation of T cell differentiation in thymus","5/650","29/25615",0.172413793103448,6.79442970822281,5.03776721470516,0.000742460452130067,0.00553313914673265,0.00553313914673265,"Il7r/Nfkbid/Il2rg/Tox/Rasgrp1",5
"GO:0042531","positive regulation of tyrosine phosphorylation of STAT protein","5/650","29/25615",0.172413793103448,6.79442970822281,5.03776721470516,0.000742460452130067,0.00553313914673265,0.00553313914673265,"Tnfrsf18/Parp14/Parp9/Ifng/Lck",5
"GO:0001865","NK T cell differentiation","4/650","17/25615",0.235294117647059,9.27239819004525,5.50531876148933,0.000751334432172167,0.00554141491650287,0.00554141491650287,"Itk/Psap/Ikzf1/Tox",4
"GO:0002765","immune response-inhibiting signal transduction","4/650","17/25615",0.235294117647059,9.27239819004525,5.50531876148933,0.000751334432172167,0.00554141491650287,0.00554141491650287,"Pirb/Lair1/Lilra5/Ncr1",4
"GO:0002835","negative regulation of response to tumor cell","4/650","17/25615",0.235294117647059,9.27239819004525,5.50531876148933,0.000751334432172167,0.00554141491650287,0.00554141491650287,"Klre1/Lag3/Pdcd1/Cd274",4
"GO:0002838","negative regulation of immune response to tumor cell","4/650","17/25615",0.235294117647059,9.27239819004525,5.50531876148933,0.000751334432172167,0.00554141491650287,0.00554141491650287,"Klre1/Lag3/Pdcd1/Cd274",4
"GO:0002923","regulation of humoral immune response mediated by circulating immunoglobulin","4/650","17/25615",0.235294117647059,9.27239819004525,5.50531876148933,0.000751334432172167,0.00554141491650287,0.00554141491650287,"Ptprc/Gimap3/Tnf/Ptpn6",4
"GO:0010524","positive regulation of calcium ion transport into cytosol","4/650","17/25615",0.235294117647059,9.27239819004525,5.50531876148933,0.000751334432172167,0.00554141491650287,0.00554141491650287,"P2rx7/Gimap3/Cd4/P2rx4",4
"GO:0030889","negative regulation of B cell proliferation","4/650","17/25615",0.235294117647059,9.27239819004525,5.50531876148933,0.000751334432172167,0.00554141491650287,0.00554141491650287,"Cd300a/Ctla4/Tyrobp/Inpp5d",4
"GO:0031650","regulation of heat generation","4/650","17/25615",0.235294117647059,9.27239819004525,5.50531876148933,0.000751334432172167,0.00554141491650287,0.00554141491650287,"Tnf/Ccr5/Ccl5/Il1b",4
"GO:0048302","regulation of isotype switching to IgG isotypes","4/650","17/25615",0.235294117647059,9.27239819004525,5.50531876148933,0.000751334432172167,0.00554141491650287,0.00554141491650287,"Ptprc/Cd40/Ifng/Tbx21",4
"GO:0032370","positive regulation of lipid transport","9/650","96/25615",0.09375,3.69447115384615,4.26782816166548,0.000752268780000869,0.00554194339762108,0.00554194339762108,"P2rx7/Abca1/Abcg1/Nr1h3/Il1a/Il1b/Lipg/Fasl/Apoe",9
"GO:0034767","positive regulation of monoatomic ion transmembrane transport","13/650","181/25615",0.0718232044198895,2.83038674033149,3.98753410619883,0.000759111972246748,0.00558595109932773,0.00558595109932773,"Ptafr/P2rx7/Cx3cl1/Ctss/Gimap3/Cd4/Plcg2/Cxcl9/Cxcr3/Xcl1/Ifng/Cxcl10/P2rx4",13
"GO:0010803","regulation of tumor necrosis factor-mediated signaling pathway","7/650","60/25615",0.116666666666667,4.5975641025641,4.50169243052774,0.00078950261268654,0.00580293453535278,0.00580293453535278,"Casp1/Laptm5/Naip2/Tmc8/Tnfrsf11b/Naip5/Syk",7
"GO:0007599","hemostasis","14/650","205/25615",0.0682926829268293,2.69125703564728,3.92295936843363,0.000794854456476532,0.0058289326808279,0.0058289326808279,"Fgl2/Ptprj/Fcer1g/F10/Entpd1/Prkcd/Plek/Hpse/Ptpn6/Tspan32/F11r/Rab27a/Apoe/Syk",14
"GO:0050817","coagulation","14/650","205/25615",0.0682926829268293,2.69125703564728,3.92295936843363,0.000794854456476532,0.0058289326808279,0.0058289326808279,"Fgl2/Ptprj/Fcer1g/F10/Entpd1/Prkcd/Plek/Hpse/Ptpn6/Tspan32/F11r/Rab27a/Apoe/Syk",14
"GO:0002262","myeloid cell homeostasis","15/650","229/25615",0.0655021834061135,2.58128988915015,3.8784812216683,0.00080631690809822,0.00590624836673086,0.00590624836673086,"Ccl2/Itgam/Adar/B2m/Rac2/Stat1/Fcer1g/Id2/Ccr2/Pik3cd/Ifng/Ikzf1/Nckap1l/Inpp5d/Hcls1",15
"GO:0006958","complement activation, classical pathway","6/650","44/25615",0.136363636363636,5.37377622377622,4.68531330445926,0.000810717488046285,0.00593171884192407,0.00593171884192407,"C3/C1qa/C1qc/C1qb/C1rl/C2",6
"GO:0030336","negative regulation of cell migration","19/650","329/25615",0.0577507598784195,2.27582417582418,3.75818630225538,0.000818082859065008,0.00597879896090286,0.00597879896090286,"Cd300a/Stap1/Dpp4/Ccl2/Cx3cl1/Il1rn/Tnf/Ptprj/Klrk1/Sell/Cd74/Gpr18/Cd69/Slit2/Aif1/Slamf8/Cd200/Sp100/Apoe",19
"GO:0015800","acidic amino acid transport","9/650","98/25615",0.0918367346938776,3.6190737833595,4.19155877293054,0.000873217056875462,0.00637448451519087,0.00637448451519087,"Ucp2/P2rx7/Slc13a3/Il1rn/Tnf/Kcnj10/Il1b/Slc17a6/Prkcd",9
"GO:0050918","positive chemotaxis","8/650","79/25615",0.10126582278481,3.99065238558909,4.29568713214828,0.000881774108397114,0.00642964457700688,0.00642964457700688,"Ccl3/Ccl2/Cx3cl1/Ptprj/Fpr2/Ccl5/Cxcl10/Coro1a",8
"GO:1905952","regulation of lipid localization","13/650","184/25615",0.0706521739130435,2.78423913043478,3.91931209735853,0.000884082477473235,0.00643916761370529,0.00643916761370529,"P2rx7/Abca1/C3/Abcg1/Nr1h3/Il1a/Il1b/Hrh2/Lipg/Fasl/Ikbke/Apoe/Syk",13
"GO:0034764","positive regulation of transmembrane transport","16/650","256/25615",0.0625,2.46298076923077,3.79596442734081,0.000905199556741524,0.00658550617498024,0.00658550617498024,"Ptafr/P2rx7/Cx3cl1/Ctss/Gimap3/Cd4/C3/Nr4a3/Plcg2/Cxcl9/Cxcr3/Xcl1/Ifng/Prkcd/Cxcl10/P2rx4",16
"GO:0001937","negative regulation of endothelial cell proliferation","6/650","45/25615",0.133333333333333,5.25435897435897,4.60897784609388,0.000915634361839641,0.00664636739034786,0.00664636739034786,"Ccl2/Tnf/Stat1/Cxcr3/Il12b/Apoe",6
"GO:0043506","regulation of JUN kinase activity","6/650","45/25615",0.133333333333333,5.25435897435897,4.60897784609388,0.000915634361839641,0.00664636739034786,0.00664636739034786,"Il1rn/Tnf/Il1b/Fgd2/Ptpn22/Syk",6
"GO:0048661","positive regulation of smooth muscle cell proliferation","10/650","119/25615",0.0840336134453782,3.31157078215902,4.07825378202291,0.000921607738933736,0.00668217620193039,0.00668217620193039,"Nampt/Ptafr/Cx3cl1/Tnf/C3ar1/Tgm2/Nr4a3/Ccl5/Id2/Aif1",10
"GO:0001787","natural killer cell proliferation","4/650","18/25615",0.222222222222222,8.75726495726496,5.31226754456581,0.000946723868421372,0.00679525601199877,0.00679525601199877,"Slamf6/Il12rb1/Il12b/Ptpn22",4
"GO:0010623","programmed cell death involved in cell development","4/650","18/25615",0.222222222222222,8.75726495726496,5.31226754456581,0.000946723868421372,0.00679525601199877,0.00679525601199877,"Dnase1l3/Il1a/Il1b/Casp4",4
"GO:0010934","macrophage cytokine production","4/650","18/25615",0.222222222222222,8.75726495726496,5.31226754456581,0.000946723868421372,0.00679525601199877,0.00679525601199877,"Laptm5/Cd74/Plcg2/Tlr2",4
"GO:0010935","regulation of macrophage cytokine production","4/650","18/25615",0.222222222222222,8.75726495726496,5.31226754456581,0.000946723868421372,0.00679525601199877,0.00679525601199877,"Laptm5/Cd74/Plcg2/Tlr2",4
"GO:0045655","regulation of monocyte differentiation","4/650","18/25615",0.222222222222222,8.75726495726496,5.31226754456581,0.000946723868421372,0.00679525601199877,0.00679525601199877,"Cd4/Cd74/Inpp5d/Gpr68",4
"GO:0048291","isotype switching to IgG isotypes","4/650","18/25615",0.222222222222222,8.75726495726496,5.31226754456581,0.000946723868421372,0.00679525601199877,0.00679525601199877,"Ptprc/Cd40/Ifng/Tbx21",4
"GO:0060263","regulation of respiratory burst","4/650","18/25615",0.222222222222222,8.75726495726496,5.31226754456581,0.000946723868421372,0.00679525601199877,0.00679525601199877,"Clec7a/Rac2/Ncf1/Slamf8",4
"GO:0070486","leukocyte aggregation","4/650","18/25615",0.222222222222222,8.75726495726496,5.31226754456581,0.000946723868421372,0.00679525601199877,0.00679525601199877,"Rac2/Nr4a3/Il1b/Sema4d",4
"GO:1903978","regulation of microglial cell activation","4/650","18/25615",0.222222222222222,8.75726495726496,5.31226754456581,0.000946723868421372,0.00679525601199877,0.00679525601199877,"Stap1/Cx3cl1/Ctsc/Cst7",4
"GO:0046513","ceramide biosynthetic process","8/650","80/25615",0.1,3.94076923076923,4.25076997031649,0.000958366794563422,0.00687114764316453,0.00687114764316453,"Gsdmd/P2rx7/Casp1/Prf1/Prkcd/Gzmb/Casp7/Gzmc",8
"GO:0042987","amyloid precursor protein catabolic process","7/650","62/25615",0.112903225806452,4.44925558312655,4.38762870336827,0.000962499725215652,0.00689308610343963,0.00689308610343963,"Tnf/Abcg1/Sorl1/Spon1/Ifng/Gsap/Apoe",7
"GO:0008064","regulation of actin polymerization or depolymerization","12/650","163/25615",0.0736196319018405,2.9011798017933,3.92903260060899,0.000964683329747148,0.00690103085779028,0.00690103085779029,"Was/Icam1/Slit2/Carmil2/Tlr2/Prkcd/Plek/Cyfip2/Nckap1l/Coro1a/Prex1/Hcls1",12
"GO:0001894","tissue homeostasis","18/650","308/25615",0.0584415584415584,2.30304695304695,3.71231385712979,0.0009698513202087,0.0069225832011341,0.0069225832011341,"Gpr55/Il7/Sash3/P2rx7/Ctss/Il10ra/Rac2/Tlr9/Fcgr4/Mbp/Snx10/Ccr2/Epsti1/Inpp5d/Coro1a/Slc28a2/Tnfrsf11b/Syk",18
"GO:0060249","anatomical structure homeostasis","18/650","308/25615",0.0584415584415584,2.30304695304695,3.71231385712979,0.0009698513202087,0.0069225832011341,0.0069225832011341,"Gpr55/Il7/Sash3/P2rx7/Ctss/Il10ra/Rac2/Tlr9/Fcgr4/Mbp/Snx10/Ccr2/Epsti1/Inpp5d/Coro1a/Slc28a2/Tnfrsf11b/Syk",18
"GO:0045862","positive regulation of proteolysis","8/650","81/25615",0.0987654320987654,3.89211775878443,4.20657513456804,0.00104019363923218,0.00741643056429251,0.00741643056429251,"Tnf/Il1b/Spon1/Ifng/Plgrkt/Hpse/Cyfip2/Apoe",8
"GO:0040013","negative regulation of locomotion","20/650","364/25615",0.0549450549450549,2.16525781910397,3.61295891019519,0.00111162860932275,0.00791696472981083,0.00791696472981083,"Cd300a/Stap1/Was/Dpp4/Ccl2/Cx3cl1/Il1rn/Tnf/Ptprj/Klrk1/Sell/Cd74/Gpr18/Cd69/Slit2/Aif1/Slamf8/Cd200/Sp100/Apoe",20
"GO:0030832","regulation of actin filament length","12/650","166/25615",0.072289156626506,2.84874884151993,3.85590383092577,0.0011300922334159,0.00803954873473281,0.00803954873473281,"Was/Icam1/Slit2/Carmil2/Tlr2/Prkcd/Plek/Cyfip2/Nckap1l/Coro1a/Prex1/Hcls1",12
"GO:0002691","regulation of cellular extravasation","6/650","47/25615",0.127659574468085,5.03076923076923,4.46290950359919,0.00115653209314699,0.00821854221944276,0.00821854221944276,"Ptafr/Ccl2/Icam1/Sell/Ccr2/Itga4",6
"GO:0009435","NAD+ biosynthetic process","4/650","19/25615",0.210526315789474,8.29635627530364,5.1336514345293,0.00117527386211691,0.00830243623755396,0.00830243623755396,"Nampt/Pnp/Kynu/Ido1",4
"GO:0032700","negative regulation of interleukin-17 production","4/650","19/25615",0.210526315789474,8.29635627530364,5.1336514345293,0.00117527386211691,0.00830243623755396,0.00830243623755396,"Tlr2/Ifng/Il12b/Nckap1l",4
"GO:0033033","negative regulation of myeloid cell apoptotic process","4/650","19/25615",0.210526315789474,8.29635627530364,5.1336514345293,0.00117527386211691,0.00830243623755396,0.00830243623755396,"Ccr5/Fcer1g/Ccl5/Clec5a",4
"GO:0043031","negative regulation of macrophage activation","4/650","19/25615",0.210526315789474,8.29635627530364,5.1336514345293,0.00117527386211691,0.00830243623755396,0.00830243623755396,"Cx3cl1/Nr1h3/Cd200/Cst7",4
"GO:0061635","regulation of protein complex stability","4/650","19/25615",0.210526315789474,8.29635627530364,5.1336514345293,0.00117527386211691,0.00830243623755396,0.00830243623755396,"Irgm1/Tapbp/Irgm2/Igtp",4
"GO:0015732","prostaglandin transport","5/650","32/25615",0.15625,6.15745192307692,4.71046778190986,0.00118255435201773,0.00830243623755396,0.00830243623755396,"Nos2/P2rx7/Slco3a1/Il1a/Il1b",5
"GO:0030149","sphingolipid catabolic process","5/650","32/25615",0.15625,6.15745192307692,4.71046778190986,0.00118255435201773,0.00830243623755396,0.00830243623755396,"Psap/Smpdl3b/Gm2a/Prkcd/Enpp2",5
"GO:0033032","regulation of myeloid cell apoptotic process","5/650","32/25615",0.15625,6.15745192307692,4.71046778190986,0.00118255435201773,0.00830243623755396,0.00830243623755396,"Ccr5/Fcer1g/Ccl5/Pik3cd/Clec5a",5
"GO:0035590","purinergic nucleotide receptor signaling pathway","5/650","32/25615",0.15625,6.15745192307692,4.71046778190986,0.00118255435201773,0.00830243623755396,0.00830243623755396,"Ptafr/P2rx7/P2ry14/P2rx4/Gpr171",5
"GO:0043032","positive regulation of macrophage activation","5/650","32/25615",0.15625,6.15745192307692,4.71046778190986,0.00118255435201773,0.00830243623755396,0.00830243623755396,"Irgm1/Stap1/Ctsc/Il1rl1/Cd200",5
"GO:0046639","negative regulation of alpha-beta T cell differentiation","5/650","32/25615",0.15625,6.15745192307692,4.71046778190986,0.00118255435201773,0.00830243623755396,0.00830243623755396,"Irf1/Cd69/Socs1/Tbx21/Runx3",5
"GO:0051056","regulation of small GTPase mediated signal transduction","16/650","263/25615",0.0608365019011407,2.39742614799649,3.67561675188495,0.00120100839541292,0.00842279250232819,0.00842279250232819,"Gpr55/Arhgap30/Pik3cg/Abca1/Tgm2/Slit2/Dock10/Sema4d/Arhgap25/Tagap/Dock2/Psd4/Rasal3/Rasgrp1/F11r/Apoe",16
"GO:0050435","amyloid-beta metabolic process","7/650","65/25615",0.107692307692308,4.24390532544379,4.22531403736738,0.00127642844975275,0.00893221825840049,0.00893221825840049,"Tnf/Abcg1/Sorl1/Spon1/Ifng/Gsap/Apoe",7
"GO:0070527","platelet aggregation","7/650","65/25615",0.107692307692308,4.24390532544379,4.22531403736738,0.00127642844975275,0.00893221825840049,0.00893221825840049,"Entpd1/Prkcd/Plek/Ptpn6/Tspan32/F11r/Syk",7
"GO:0042326","negative regulation of phosphorylation","15/650","240/25615",0.0625,2.46298076923077,3.67426781452085,0.00129283907667332,0.00903721243585357,0.00903721243585357,"Cd300a/Ptprc/Adar/Ptprj/Parp14/Rassf2/Slfn1/Slit2/Socs1/Pkib/Cadm1/Ptpn6/Birc3/Ptpn22/Gbp4",15
"GO:0043525","positive regulation of neuron apoptotic process","9/650","104/25615",0.0865384615384615,3.41028106508876,3.97420452038339,0.00133378073107464,0.0093132689308951,0.0093132689308951,"Ccl3/Tnf/Ccr5/Il1b/Casp4/Casp12/Fasl/Ncf2/Casp7",9
"GO:0034143","regulation of toll-like receptor 4 signaling pathway","5/650","33/25615",0.151515151515152,5.97086247086247,4.6105322693013,0.00136495960341739,0.00948971914756854,0.00948971914756854,"Nr1h3/Ifi35/Acod1/Ptpn22/Cd14",5
"GO:0043507","positive regulation of JUN kinase activity","5/650","33/25615",0.151515151515152,5.97086247086247,4.6105322693013,0.00136495960341739,0.00948971914756854,0.00948971914756854,"Il1rn/Tnf/Il1b/Fgd2/Syk",5
"GO:0048535","lymph node development","5/650","33/25615",0.151515151515152,5.97086247086247,4.6105322693013,0.00136495960341739,0.00948971914756854,0.00948971914756854,"Il7r/Ltb/Id2/Ikzf1/Tox",5
"GO:1902914","regulation of protein polyubiquitination","5/650","33/25615",0.151515151515152,5.97086247086247,4.6105322693013,0.00136495960341739,0.00948971914756854,0.00948971914756854,"Ripk2/Parp10/Nmi/Birc3/Ptpn22",5
"GO:0050708","regulation of protein secretion","19/650","344/25615",0.0552325581395349,2.17658765652952,3.54504613196251,0.00137767939930862,0.00956779725530654,0.00956779725530654,"Ucp2/Nos2/Rab11fip1/P2rx7/Tnf/Abcg1/Ccl5/Nr1h3/Il1a/Glrx/Il1b/Tlr2/Cd200/Rsad2/Ifng/Il12b/Gpr68/Trpm2/Apoe",19
"GO:0002312","B cell activation involved in immune response","10/650","126/25615",0.0793650793650794,3.12759462759463,3.86302354033962,0.00142599690834179,0.00989266105743805,0.00989266105743805,"Ptprc/Cd180/Plcg2/Cd40/Irf8/Dock10/Icosl/Ifng/Tbx21/Tnfaip3",10
"GO:0001878","response to yeast","4/650","20/25615",0.2,7.88153846153846,4.96766805535954,0.00143982722131212,0.0099456452362463,0.0099456452362463,"Clec7a/Clec4n/Plcg2/Ncf1",4
"GO:0032310","prostaglandin secretion","4/650","20/25615",0.2,7.88153846153846,4.96766805535954,0.00143982722131212,0.0099456452362463,0.0099456452362463,"Nos2/P2rx7/Il1a/Il1b",4
"GO:0050687","negative regulation of defense response to virus","4/650","20/25615",0.2,7.88153846153846,4.96766805535954,0.00143982722131212,0.0099456452362463,0.0099456452362463,"Irgm1/Fgl2/Irgm2/Igtp",4
"GO:0090209","negative regulation of triglyceride metabolic process","4/650","20/25615",0.2,7.88153846153846,4.96766805535954,0.00143982722131212,0.0099456452362463,0.0099456452362463,"Pik3cg/Sorl1/Apobec1/Apoe",4
"GO:0051260","protein homooligomerization","15/650","243/25615",0.0617283950617284,2.43257359924027,3.62053145099389,0.00146187931897724,0.0100871243234262,0.0100871243234262,"Samhd1/Gsdmd/Tifa/P2rx7/Ripk2/Kctd12/B2m/Card11/Tgm2/Nlrp3/Kcna4/Rnf135/Prf1/Gbp5/Trpm2",15
"GO:0046486","glycerolipid metabolic process","21/650","400/25615",0.0525,2.06890384615385,3.47671222677392,0.00148727433089068,0.0102513415253667,0.0102513415253667,"Pik3cg/C3/Lpcat2/Pgap2/Naaa/Nr1h3/Plcg2/Apol6/Plcb2/Synj1/Pik3cd/Lipg/Sorl1/Pik3r5/Agap2/Apobec1/Gk/Inpp5d/Inpp4b/Apoe/Enpp2",21
"GO:0001933","negative regulation of protein phosphorylation","14/650","219/25615",0.0639269406392694,2.51921320688444,3.64323949322917,0.00149698134649654,0.010307189892705,0.010307189892705,"Cd300a/Ptprc/Adar/Ptprj/Parp14/Rassf2/Slfn1/Slit2/Socs1/Pkib/Cadm1/Ptpn6/Ptpn22/Gbp4",14
"GO:0050995","negative regulation of lipid catabolic process","5/650","34/25615",0.147058823529412,5.79524886877828,4.51462255464196,0.00156729086527859,0.0107797393132224,0.0107797393132224,"Pik3cg/Gimap3/Tnf/Il1b/Sorl1",5
"GO:0000209","protein polyubiquitination","18/650","322/25615",0.0559006211180124,2.20291447682752,3.50503299918609,0.00159470806936725,0.0109565825001232,0.0109565825001232,"Ube2l6/Trim25/Ripk2/Arrdc4/Trim21/Marchf1/Rnf213/Parp10/Dtx3l/Trim30a/Trim30d/Rnf135/Rnf114/Trim12c/Nmi/Birc3/Tnfaip3/Ptpn22",18
"GO:0007266","Rho protein signal transduction","11/650","151/25615",0.0728476821192053,2.87075904228222,3.72025414823763,0.00168447561573394,0.0115486353847117,0.0115486353847117,"Gpr55/Arhgap30/Was/Shtn1/Abca1/Ntn1/Dock10/Sema4d/Tagap/F11r/Apoe",11
"GO:0032368","regulation of lipid transport","11/650","151/25615",0.0728476821192053,2.87075904228222,3.72025414823763,0.00168447561573394,0.0115486353847117,0.0115486353847117,"P2rx7/Abca1/Abcg1/Nr1h3/Il1a/Il1b/Hrh2/Lipg/Fasl/Apoe/Syk",11
"GO:0002634","regulation of germinal center formation","3/650","10/25615",0.3,11.8223076923077,5.52315311364298,0.00170826332358959,0.0115880502542128,0.0115880502542128,"H2-DMa/Tnfsf13b/Tnfaip3",3
"GO:0032627","interleukin-23 production","3/650","10/25615",0.3,11.8223076923077,5.52315311364298,0.00170826332358959,0.0115880502542128,0.0115880502542128,"Clec7a/Plcg2/Ifng",3
"GO:0032667","regulation of interleukin-23 production","3/650","10/25615",0.3,11.8223076923077,5.52315311364298,0.00170826332358959,0.0115880502542128,0.0115880502542128,"Clec7a/Plcg2/Ifng",3
"GO:0051140","regulation of NK T cell proliferation","3/650","10/25615",0.3,11.8223076923077,5.52315311364298,0.00170826332358959,0.0115880502542128,0.0115880502542128,"Il12rb1/Il12b/Rasal3",3
"GO:0070391","response to lipoteichoic acid","3/650","10/25615",0.3,11.8223076923077,5.52315311364298,0.00170826332358959,0.0115880502542128,0.0115880502542128,"Ripk2/Tlr2/Cd14",3
"GO:0070427","nucleotide-binding oligomerization domain containing 1 signaling pathway","3/650","10/25615",0.3,11.8223076923077,5.52315311364298,0.00170826332358959,0.0115880502542128,0.0115880502542128,"Ripk2/Nod1/Tnfaip3",3
"GO:0071223","cellular response to lipoteichoic acid","3/650","10/25615",0.3,11.8223076923077,5.52315311364298,0.00170826332358959,0.0115880502542128,0.0115880502542128,"Ripk2/Tlr2/Cd14",3
"GO:0071349","cellular response to interleukin-12","3/650","10/25615",0.3,11.8223076923077,5.52315311364298,0.00170826332358959,0.0115880502542128,0.0115880502542128,"Il12rb1/Il12b/Sirpa",3
"GO:2000321","positive regulation of T-helper 17 cell differentiation","3/650","10/25615",0.3,11.8223076923077,5.52315311364298,0.00170826332358959,0.0115880502542128,0.0115880502542128,"Nfkbid/Nlrp3/Malt1",3
"GO:2000646","positive regulation of receptor catabolic process","3/650","10/25615",0.3,11.8223076923077,5.52315311364298,0.00170826332358959,0.0115880502542128,0.0115880502542128,"Laptm5/Dtx3l/Apoe",3
"GO:0015844","monoamine transport","9/650","108/25615",0.0833333333333333,3.28397435897436,3.83798264333514,0.00173714210381476,0.0117506689381605,0.0117506689381605,"Cd300a/Fcer1g/Tgm2/Slc29a3/Fcgr3/Entpd1/Htr7/Ly6e/Syk",9
"GO:0030852","regulation of granulocyte differentiation","4/650","21/25615",0.19047619047619,7.50622710622711,4.81281733640846,0.00174321100530308,0.0117506689381605,0.0117506689381605,"C1qc/Ikzf1/Inpp5d/Hcls1",4
"GO:0045591","positive regulation of regulatory T cell differentiation","4/650","21/25615",0.19047619047619,7.50622710622711,4.81281733640846,0.00174321100530308,0.0117506689381605,0.0117506689381605,"Gimap3/Socs1/Carmil2/Il2rg",4
"GO:0060340","positive regulation of type I interferon-mediated signaling pathway","4/650","21/25615",0.19047619047619,7.50622710622711,4.81281733640846,0.00174321100530308,0.0117506689381605,0.0117506689381605,"Zbp1/Irf7/Nlrc5/Ikbke",4
"GO:0140131","positive regulation of lymphocyte chemotaxis","4/650","21/25615",0.19047619047619,7.50622710622711,4.81281733640846,0.00174321100530308,0.0117506689381605,0.0117506689381605,"Ccl3/Ccl5/Ccr2/Xcl1",4
"GO:1902916","positive regulation of protein polyubiquitination","4/650","21/25615",0.19047619047619,7.50622710622711,4.81281733640846,0.00174321100530308,0.0117506689381605,0.0117506689381605,"Ripk2/Nmi/Birc3/Ptpn22",4
"GO:0046627","negative regulation of insulin receptor signaling pathway","6/650","51/25615",0.117647058823529,4.63619909502263,4.19418838986532,0.00178097723076421,0.0119926600947896,0.0119926600947896,"Tnf/Ptprj/Pid1/Il1b/Socs1/Prkcd",6
"GO:0043129","surfactant homeostasis","5/650","35/25615",0.142857142857143,5.62967032967033,4.42245491976393,0.00179081783158981,0.0120211219959592,0.0120211219959592,"Oas1a/Napsa/Ctsh/Oas1g/Oas1b",5
"GO:1901099","negative regulation of signal transduction in absence of ligand","5/650","35/25615",0.142857142857143,5.62967032967033,4.42245491976393,0.00179081783158981,0.0120211219959592,0.0120211219959592,"Il7/Cx3cl1/Tnf/Il1b/Agap2",5
"GO:2001240","negative regulation of extrinsic apoptotic signaling pathway in absence of ligand","5/650","35/25615",0.142857142857143,5.62967032967033,4.42245491976393,0.00179081783158981,0.0120211219959592,0.0120211219959592,"Il7/Cx3cl1/Tnf/Il1b/Agap2",5
"GO:2001238","positive regulation of extrinsic apoptotic signaling pathway","7/650","69/25615",0.101449275362319,3.99788182831661,4.02352956449786,0.00181346340196797,0.0121604268207122,0.0121604268207122,"Ptprc/Tnf/Ltb/Bcl2l14/Fasl/Tnfsf10/Runx3",7
"GO:0006865","amino acid transport","13/650","200/25615",0.065,2.5615,3.57718602231548,0.00187875539694457,0.0125851143586777,0.0125851143586777,"Ucp2/Slc36a1/Nfkbie/P2rx7/Slc13a3/Il1rn/Slco3a1/Tnf/Kcnj10/Slc11a1/Il1b/Slc17a6/Prkcd",13
"GO:0046434","organophosphate catabolic process","16/650","275/25615",0.0581818181818182,2.29281118881119,3.47798527902398,0.00189764582191506,0.0126984132916482,0.0126984132916483,"Samhd1/Ucp2/P2rx7/Pnp/Parp14/Plcg2/Hk3/Synj1/Ncf1/Entpd1/Smpdl3b/Xdh/Ncf2/Ifng/Prkcd/Enpp2",16
"GO:0010038","response to metal ion","20/650","382/25615",0.0523560209424084,2.06322996375352,3.37834533101511,0.00196774949252633,0.0131468584190328,0.0131468584190328,"Ucp2/P2rx7/Cybb/Nfatc2/B2m/Kcnj10/Hvcn1/Tlr9/Il1a/Plcg2/Id2/Slc11a1/Gatm/Xdh/Lck/Apobec1/Trpm2/P2rx4/Cd14/Slc30a1",20
"GO:0006953","acute-phase response","6/650","52/25615",0.115384615384615,4.54704142011834,4.13134646426822,0.00197080084955302,0.0131468584190328,0.0131468584190328,"Il1rn/Tnf/Ccr5/Ccl5/Il1a/Il1b",6
"GO:0048873","homeostasis of number of cells within a tissue","6/650","52/25615",0.115384615384615,4.54704142011834,4.13134646426822,0.00197080084955302,0.0131468584190328,0.0131468584190328,"Il7/Sash3/P2rx7/Ccr2/Epsti1/Coro1a",6
"GO:0030224","monocyte differentiation","5/650","36/25615",0.138888888888889,5.4732905982906,4.33377317721433,0.00203682349588645,0.0135591234586265,0.0135591234586265,"Ifi207/Cd4/Cd74/Inpp5d/Gpr68",5
"GO:0090594","inflammatory response to wounding","5/650","36/25615",0.138888888888889,5.4732905982906,4.33377317721433,0.00203682349588645,0.0135591234586265,0.0135591234586265,"Tnf/Il1a/Ccr2/Ptpn6/Tlr3",5
"GO:1901136","carbohydrate derivative catabolic process","16/650","277/25615",0.0577617328519856,2.27625659539017,3.44604793126213,0.00204150127350793,0.0135761948043633,0.0135761948043633,"Samhd1/Ucp2/Fuca2/P2rx7/Pnp/Pglyrp2/Psap/Hk3/Entpd1/Xdh/Man2b1/Aoah/Ifng/Gm2a/Prkcd/Hpse",16
"GO:0010522","regulation of calcium ion transport into cytosol","4/650","22/25615",0.181818181818182,7.16503496503497,4.66783914617877,0.0020882250092431,0.013858220515886,0.013858220515886,"P2rx7/Gimap3/Cd4/P2rx4",4
"GO:1903236","regulation of leukocyte tethering or rolling","4/650","22/25615",0.181818181818182,7.16503496503497,4.66783914617877,0.0020882250092431,0.013858220515886,0.013858220515886,"Ptafr/Sell/Ccr2/Itga4",4
"GO:0071715","icosanoid transport","7/650","71/25615",0.0985915492957746,3.88526543878657,3.92825878925422,0.00214042195451729,0.0141858024568083,0.0141858024568083,"Nos2/P2rx7/Slco3a1/Il1a/Il1b/Hrh2/Syk",7
"GO:0019730","antimicrobial humoral response","13/650","203/25615",0.0640394088669951,2.52364532019704,3.51675467478985,0.00214200317296141,0.0141858024568083,0.0141858024568083,"Ccl3/Ccl22/Ccl2/Cx3cl1/B2m/Ccl5/Cxcl9/Xcl1/Ccl4/Acod1/Ccl1/Cxcl10/Rnase6",13
"GO:0000266","mitochondrial fission","6/650","53/25615",0.113207547169811,4.46124818577649,4.07007916347633,0.00217552756755978,0.0143929856786859,0.0143929856786859,"Irgm1/Ucp2/Irgm2/Dram1/Stat2/Igtp",6
"GO:0030003","intracellular monoatomic cation homeostasis","23/650","469/25615",0.0490405117270789,1.9325733967525,3.28900537917278,0.00219254618752566,0.0144906550500667,0.0144906550500667,"Ccl3/Ccr1/Lacc1/Ccl2/1600014C10Rik/B2m/Hvcn1/Tgm2/Ccl5/Il1a/Slc11a1/Cd40/Tasl/Ccr2/Slc31a2/Slamf8/Fasl/Slc39a4/Ifng/Tmc8/Inpp4b/Apoe/Slc30a1",23
"GO:0002200","somatic diversification of immune receptors","8/650","91/25615",0.0879120879120879,3.46441251056636,3.80005015525414,0.00220537772040856,0.0145604794202514,0.0145604794202514,"Bcl11b/Samhd1/Ptprc/Adar/Cd40/Icosl/Ifng/Tbx21",8
"GO:0002244","hematopoietic progenitor cell differentiation","12/650","180/25615",0.0666666666666667,2.62717948717949,3.53496760351381,0.00224393464042033,0.0147998317557086,0.0147998317557086,"Ptprc/Fst/Apobec3/Adar/Pld4/Samd9l/Eif2ak2/Plek/Herc6/Ptpn6/Tifab/Sirpa",12
"GO:0002676","regulation of chronic inflammatory response","3/650","11/25615",0.272727272727273,10.7475524475524,5.21756189424149,0.00230475675963206,0.0149975769046395,0.0149975769046395,"Tnf/Ido1/Tnfaip3",3
"GO:0002887","negative regulation of myeloid leukocyte mediated immunity","3/650","11/25615",0.272727272727273,10.7475524475524,5.21756189424149,0.00230475675963206,0.0149975769046395,0.0149975769046395,"Cd300a/Cd84/Ccr2",3
"GO:0018410","C-terminal protein amino acid modification","3/650","11/25615",0.272727272727273,10.7475524475524,5.21756189424149,0.00230475675963206,0.0149975769046395,0.0149975769046395,"Irgm1/Irgm2/Igtp",3
"GO:0031642","negative regulation of myelination","3/650","11/25615",0.272727272727273,10.7475524475524,5.21756189424149,0.00230475675963206,0.0149975769046395,0.0149975769046395,"Tnf/Ctsc/Ifng",3
"GO:0034115","negative regulation of heterotypic cell-cell adhesion","3/650","11/25615",0.272727272727273,10.7475524475524,5.21756189424149,0.00230475675963206,0.0149975769046395,0.0149975769046395,"Il1rn/Mbp/Tnfaip3",3
"GO:0070432","regulation of nucleotide-binding oligomerization domain containing 2 signaling pathway","3/650","11/25615",0.272727272727273,10.7475524475524,5.21756189424149,0.00230475675963206,0.0149975769046395,0.0149975769046395,"Slc15a3/Tnfaip3/Ptpn22",3
"GO:0070587","regulation of cell-cell adhesion involved in gastrulation","3/650","11/25615",0.272727272727273,10.7475524475524,5.21756189424149,0.00230475675963206,0.0149975769046395,0.0149975769046395,"Il1rn/Mbp/Tnfaip3",3
"GO:1900246","positive regulation of RIG-I signaling pathway","3/650","11/25615",0.272727272727273,10.7475524475524,5.21756189424149,0.00230475675963206,0.0149975769046395,0.0149975769046395,"Ddx60/Dhx58/Oasl1",3
"GO:1900451","positive regulation of glutamate receptor signaling pathway","3/650","11/25615",0.272727272727273,10.7475524475524,5.21756189424149,0.00230475675963206,0.0149975769046395,0.0149975769046395,"Ccl2/Ccr2/Ifng",3
"GO:1905522","negative regulation of macrophage migration","3/650","11/25615",0.272727272727273,10.7475524475524,5.21756189424149,0.00230475675963206,0.0149975769046395,0.0149975769046395,"Stap1/Slamf8/Cd200",3
"GO:0032373","positive regulation of sterol transport","5/650","37/25615",0.135135135135135,5.32536382536383,4.24834531557575,0.00230660118022786,0.0149975769046395,0.0149975769046395,"Abca1/Abcg1/Nr1h3/Lipg/Apoe",5
"GO:0032376","positive regulation of cholesterol transport","5/650","37/25615",0.135135135135135,5.32536382536383,4.24834531557575,0.00230660118022786,0.0149975769046395,0.0149975769046395,"Abca1/Abcg1/Nr1h3/Lipg/Apoe",5
"GO:0051281","positive regulation of release of sequestered calcium ion into cytosol","5/650","37/25615",0.135135135135135,5.32536382536383,4.24834531557575,0.00230660118022786,0.0149975769046395,0.0149975769046395,"Cx3cl1/Cxcl9/Cxcr3/Xcl1/Cxcl10",5
"GO:0070266","necroptotic process","5/650","37/25615",0.135135135135135,5.32536382536383,4.24834531557575,0.00230660118022786,0.0149975769046395,0.0149975769046395,"Zbp1/Tnf/Fasl/Birc3/Tlr3",5
"GO:2001233","regulation of apoptotic signaling pathway","22/650","444/25615",0.0495495495495495,1.9526334026334,3.26735746675935,0.00238740658174204,0.0155072799606783,0.0155072799606783,"Ptprc/Il7/Cx3cl1/Tnf/Icam1/Ctsh/Ctsc/Cd74/Ltb/Bcl2l14/Il1b/Fcgr2b/Fasl/Agap2/Tmc8/Prkcd/Lck/Tifab/Tnfsf10/Tnfaip3/Sp100/Runx3",22
"GO:0032309","icosanoid secretion","6/650","54/25615",0.111111111111111,4.37863247863248,4.01031519742715,0.00239588490058218,0.0155309430891422,0.0155309430891422,"Nos2/P2rx7/Il1a/Il1b/Hrh2/Syk",6
"GO:0097300","programmed necrotic cell death","6/650","54/25615",0.111111111111111,4.37863247863248,4.01031519742715,0.00239588490058218,0.0155309430891422,0.0155309430891422,"Zbp1/Casp1/Tnf/Fasl/Birc3/Tlr3",6
"GO:0110053","regulation of actin filament organization","16/650","282/25615",0.0567375886524823,2.23589743589744,3.36738884993534,0.0024414427871936,0.0158103109525521,0.0158103109525521,"Was/Cx3cl1/Icam1/Slit2/Gmfg/Carmil2/Tlr2/Prkcd/Plek/Cyfip2/Nckap1l/Coro1a/Prex1/Hcls1/Gpr65/F11r",16
"GO:0016236","macroautophagy","19/650","362/25615",0.0524861878453039,2.06835954101147,3.30327571451153,0.00245087168139087,0.015855387393006,0.015855387393006,"Irgm1/Ripk2/9930111J21Rik1/Nod1/Trim21/Irgm2/Ifi47/Dram1/Rnf213/Gm12185/Iigp1/Gm5431/Igtp/Tgtp2/Tlr2/Iigp1c/Tgtp1/Rab19/Syk",19
"GO:0010508","positive regulation of autophagy","12/650","182/25615",0.0659340659340659,2.59830938292477,3.49162297966114,0.00245880323029704,0.0158906961281974,0.0158906961281974,"Irgm1/Ripk2/Nod1/Tlr9/Trim21/Irgm2/Mefv/Igtp/Tlr2/Ifng/Hpse/Syk",12
"GO:0002693","positive regulation of cellular extravasation","4/650","23/25615",0.173913043478261,6.85351170568562,4.53166597973454,0.00247763127337045,0.0159641958877952,0.0159641958877952,"Ptafr/Ccl2/Icam1/Ccr2",4
"GO:0019359","nicotinamide nucleotide biosynthetic process","4/650","23/25615",0.173913043478261,6.85351170568562,4.53166597973454,0.00247763127337045,0.0159641958877952,0.0159641958877952,"Nampt/Pnp/Kynu/Ido1",4
"GO:0019363","pyridine nucleotide biosynthetic process","4/650","23/25615",0.173913043478261,6.85351170568562,4.53166597973454,0.00247763127337045,0.0159641958877952,0.0159641958877952,"Nampt/Pnp/Kynu/Ido1",4
"GO:0031589","cell-substrate adhesion","20/650","390/25615",0.0512820512820513,2.02090729783037,3.27817866962129,0.00249838443208373,0.0160817851620299,0.0160817851620299,"Unc13d/Bst1/Itgax/Itgam/Itgb2/Rac2/Ptprj/Itgal/Parvg/Lpxn/Myo1g/Itga4/Cd96/Hpse/Coro1a/Vcam1/Cd3e/Prex1/Enpp2/Sirpa",20
"GO:0007188","adenylate cyclase-modulating G protein-coupled receptor signaling pathway","17/650","309/25615",0.0550161812297735,2.16806074184715,3.33320873492467,0.00250449524718995,0.0161049824503986,0.0161049824503986,"Adgrg5/Abca1/C3ar1/Cxcr4/Cnr2/Fpr2/Psap/Cxcl9/Gpr18/Gpr174/Cxcr3/Htr7/Cxcl10/Gpr68/Gpr35/Gpr65/Gpr171",17
"GO:0019233","sensory perception of pain","9/650","114/25615",0.0789473684210526,3.11113360323887,3.64518130540358,0.00251950745572375,0.0161691467488205,0.0161691467488205,"Ccl3/Ccl2/P2rx7/Tnf/Cxcr4/Ccr2/Htr7/P2rx4/Gpr171",9
"GO:1900182","positive regulation of protein localization to nucleus","9/650","114/25615",0.0789473684210526,3.11113360323887,3.64518130540358,0.00251950745572375,0.0161691467488205,0.0161691467488205,"Irgm1/Irgm2/Parp9/Igtp/Dtx3l/Ifng/Prkcd/Hcls1/Ptpn22",9
"GO:0032252","secretory granule localization","5/650","38/25615",0.131578947368421,5.18522267206478,4.16596063206692,0.00260145160701074,0.0166783683866637,0.0166783683866637,"Unc13d/Pik3cg/P2rx7/Stxbp2/Rasgrp1",5
"GO:0007009","plasma membrane organization","12/650","184/25615",0.0652173913043478,2.57006688963211,3.44885506053087,0.00269014526934649,0.0172298037988852,0.0172298037988852,"Gsdmd/Ptprc/P2rx7/Casp1/Cxcr4/Psap/Fasl/Prf1/Gzmb/Casp7/Bin2/Gzmc",12
"GO:0006869","lipid transport","23/650","478/25615",0.0481171548117155,1.89618603154168,3.19142756587367,0.00277904831075861,0.0177814804266069,0.0177814804266069,"Ucp2/Nos2/P2rx7/Slco3a1/Abca1/Abcg1/Apol10b/Nr1h3/Il1a/Apol6/Psap/Il1b/Hrh2/Lipg/Fasl/Atp8b4/Stra6l/Gm2a/Apol9a/Apol9b/Apol7e/Apoe/Syk",23
"GO:0006873","intracellular monoatomic ion homeostasis","23/650","479/25615",0.0480167014613779,1.8922273968203,3.18071548481069,0.00285172025928869,0.0182283093986772,0.0182283093986772,"Ccl3/Ccr1/Lacc1/Ccl2/1600014C10Rik/B2m/Hvcn1/Tgm2/Ccl5/Il1a/Slc11a1/Cd40/Tasl/Ccr2/Slc31a2/Slamf8/Fasl/Slc39a4/Ifng/Tmc8/Inpp4b/Apoe/Slc30a1",23
"GO:1900077","negative regulation of cellular response to insulin stimulus","6/650","56/25615",0.107142857142857,4.22225274725275,3.89503426780902,0.00288644536558469,0.0184297303990042,0.0184297303990042,"Tnf/Ptprj/Pid1/Il1b/Socs1/Prkcd",6
"GO:0034109","homotypic cell-cell adhesion","8/650","95/25615",0.0842105263157895,3.31854251012146,3.65313840417041,0.00288896925775174,0.0184297303990042,0.0184297303990042,"Ccl5/Entpd1/Prkcd/Plek/Ptpn6/Tspan32/F11r/Syk",8
"GO:0048143","astrocyte activation","4/650","24/25615",0.166666666666667,6.56794871794872,4.40338658339425,0.00291414455739121,0.0185351135016645,0.0185351135016645,"Fpr2/C1qa/Il1b/Ifng",4
"GO:0098761","cellular response to interleukin-7","4/650","24/25615",0.166666666666667,6.56794871794872,4.40338658339425,0.00291414455739121,0.0185351135016645,0.0185351135016645,"Il7r/Il7/Stat1/Il2rg",4
"GO:1903975","regulation of glial cell migration","4/650","24/25615",0.166666666666667,6.56794871794872,4.40338658339425,0.00291414455739121,0.0185351135016645,0.0185351135016645,"Stap1/Cx3cl1/Ccr2/P2rx4",4
"GO:2000191","regulation of fatty acid transport","5/650","39/25615",0.128205128205128,5.05226824457594,4.08642727085171,0.002922680022178,0.0185710152942349,0.0185710152942349,"P2rx7/Il1a/Il1b/Hrh2/Syk",5
"GO:0003333","amino acid transmembrane transport","9/650","117/25615",0.0769230769230769,3.03136094674556,3.5535020229232,0.0030036137404668,0.0188983527959848,0.0188983527959848,"Ucp2/Slc36a1/Nfkbie/Slc13a3/Tnf/Kcnj10/Slc11a1/Slc17a6/Prkcd",9
"GO:0001781","neutrophil apoptotic process","3/650","12/25615",0.25,9.85192307692308,4.94894265916755,0.00301538163385498,0.0188983527959848,0.0188983527959848,"Itgam/Pik3cd/Ifng",3
"GO:0002361","CD4-positive, CD25-positive, alpha-beta regulatory T cell differentiation","3/650","12/25615",0.25,9.85192307692308,4.94894265916755,0.00301538163385498,0.0188983527959848,0.0188983527959848,"Gimap3/Il2rg/Tox",3
"GO:0016553","base conversion or substitution editing","3/650","12/25615",0.25,9.85192307692308,4.94894265916755,0.00301538163385498,0.0188983527959848,0.0188983527959848,"Apobec3/Adar/Apobec1",3
"GO:0033089","positive regulation of T cell differentiation in thymus","3/650","12/25615",0.25,9.85192307692308,4.94894265916755,0.00301538163385498,0.0188983527959848,0.0188983527959848,"Il7r/Il2rg/Rasgrp1",3
"GO:0033632","regulation of cell-cell adhesion mediated by integrin","3/650","12/25615",0.25,9.85192307692308,4.94894265916755,0.00301538163385498,0.0188983527959848,0.0188983527959848,"Dpp4/Ccl5/Cd3e",3
"GO:0034116","positive regulation of heterotypic cell-cell adhesion","3/650","12/25615",0.25,9.85192307692308,4.94894265916755,0.00301538163385498,0.0188983527959848,0.0188983527959848,"Tnf/Il1b/Lck",3
"GO:0034351","negative regulation of glial cell apoptotic process","3/650","12/25615",0.25,9.85192307692308,4.94894265916755,0.00301538163385498,0.0188983527959848,0.0188983527959848,"Ccl2/Prkcd/Prkch",3
"GO:0035589","G protein-coupled purinergic nucleotide receptor signaling pathway","3/650","12/25615",0.25,9.85192307692308,4.94894265916755,0.00301538163385498,0.0188983527959848,0.0188983527959848,"Ptafr/P2ry14/Gpr171",3
"GO:0045625","regulation of T-helper 1 cell differentiation","3/650","12/25615",0.25,9.85192307692308,4.94894265916755,0.00301538163385498,0.0188983527959848,0.0188983527959848,"Ripk2/Irf1/Ccr2",3
"GO:0051135","positive regulation of NK T cell activation","3/650","12/25615",0.25,9.85192307692308,4.94894265916755,0.00301538163385498,0.0188983527959848,0.0188983527959848,"Il12rb1/Il12b/Rasal3",3
"GO:0051798","positive regulation of hair follicle development","3/650","12/25615",0.25,9.85192307692308,4.94894265916755,0.00301538163385498,0.0188983527959848,0.0188983527959848,"Fst/Tnf/Hpse",3
"GO:0070213","protein auto-ADP-ribosylation","3/650","12/25615",0.25,9.85192307692308,4.94894265916755,0.00301538163385498,0.0188983527959848,0.0188983527959848,"Parp12/Parp10/Parp11",3
"GO:0070586","cell-cell adhesion involved in gastrulation","3/650","12/25615",0.25,9.85192307692308,4.94894265916755,0.00301538163385498,0.0188983527959848,0.0188983527959848,"Il1rn/Mbp/Tnfaip3",3
"GO:0007200","phospholipase C-activating G protein-coupled receptor signaling pathway","11/650","163/25615",0.0674846625766871,2.65941481831052,3.42939416509989,0.00306515633132165,0.019191583111511,0.019191583111511,"Gpr55/Ptafr/Pik3cg/C3ar1/Tgm2/Fpr2/Plcb2/Cmklr1/Fpr1/Plek/Gpr68",11
"GO:0031529","ruffle organization","6/650","57/25615",0.105263157894737,4.14817813765182,3.83939583398591,0.00315814442906751,0.0197161514211173,0.0197161514211173,"Stap1/Icam1/Snx10/Aif1/Carmil2/Plek",6
"GO:0045687","positive regulation of glial cell differentiation","6/650","57/25615",0.105263157894737,4.14817813765182,3.83939583398591,0.00315814442906751,0.0197161514211173,0.0197161514211173,"Cxcr4/Id2/Il1b/Tlr2/Spint1/Enpp2",6
"GO:0090207","regulation of triglyceride metabolic process","6/650","57/25615",0.105263157894737,4.14817813765182,3.83939583398591,0.00315814442906751,0.0197161514211173,0.0197161514211173,"Pik3cg/C3/Nr1h3/Sorl1/Apobec1/Apoe",6
"GO:0015833","peptide transport","19/650","371/25615",0.0512129380053908,2.01818370308936,3.18759844486641,0.0032087854750915,0.0200128523223182,0.0200128523223182,"Ucp2/Nos2/Slc15a3/Slc13a3/Il1rn/Tap1/Slco3a1/Tnf/Abca1/Abcg1/Rab8b/Cd74/Tap2/Ccl5/Glrx/Il1b/Ifng/Gpr68/Trpm2",19
"GO:0019216","regulation of lipid metabolic process","20/650","399/25615",0.050125313283208,1.97532292269134,3.16830058166432,0.00323445538297209,0.0201338579265627,0.0201338579265627,"Bcl11b/Pik3cg/Gimap3/Tnf/C3/Abcg1/Cd74/Nr1h3/Il1a/Plcg2/Psap/Id2/Rnf213/Il1b/Sorl1/Ifng/Prkcd/Apobec1/Gk/Apoe",20
"GO:1903532","positive regulation of secretion by cell","20/650","399/25615",0.050125313283208,1.97532292269134,3.16830058166432,0.00323445538297209,0.0201338579265627,0.0201338579265627,"Unc13d/Ptafr/P2rx7/Itgam/Itgb2/Fgr/Abcg1/Rab8b/Fcer1g/Il1a/Glrx/Il1b/Gab2/Tlr2/Cd160/Gpr68/Stxbp2/Trpm2/Rab27a/Syk",20
"GO:0050709","negative regulation of protein secretion","8/650","97/25615",0.0824742268041237,3.25011895321174,3.58259424669095,0.00328746686147693,0.0204440339962515,0.0204440339962515,"Ucp2/Rab11fip1/Nr1h3/Il1b/Cd200/Rsad2/Il12b/Apoe",8
"GO:0098760","response to interleukin-7","4/650","25/25615",0.16,6.30523076923077,4.28221764720021,0.00340042372338808,0.0210911825341121,0.0210911825341121,"Il7r/Il7/Stat1/Il2rg",4
"GO:1901857","positive regulation of cellular respiration","4/650","25/25615",0.16,6.30523076923077,4.28221764720021,0.00340042372338808,0.0210911825341121,0.0210911825341121,"Oas1a/Oas1g/Oas1b/Ifng",4
"GO:0016042","lipid catabolic process","19/650","373/25615",0.0509383378016086,2.00736234275108,3.16233476472901,0.00340137999771795,0.0210911825341121,0.0210911825341121,"Pik3cg/Gimap3/Tnf/Naaa/Plcg2/Apol6/Psap/Plcb2/Cyp4f18/Synj1/Il1b/Smpdl3b/Lipg/Sorl1/Aoah/Gm2a/Prkcd/Apoe/Enpp2",19
"GO:0014013","regulation of gliogenesis","10/650","143/25615",0.0699300699300699,2.7557826788596,3.39732309711293,0.00361259412904482,0.0223577116425664,0.0223577116425664,"Tnf/Cxcr4/Id2/Synj1/Il1b/Tlr2/Id4/Prkch/Spint1/Enpp2",10
"GO:0030833","regulation of actin filament polymerization","10/650","143/25615",0.0699300699300699,2.7557826788596,3.39732309711293,0.00361259412904482,0.0223577116425664,0.0223577116425664,"Icam1/Slit2/Carmil2/Tlr2/Prkcd/Cyfip2/Nckap1l/Coro1a/Prex1/Hcls1",10
"GO:0001866","NK T cell proliferation","3/650","13/25615",0.230769230769231,9.09408284023669,4.71011998235956,0.00384658208822863,0.0234890145767877,0.0234890145767877,"Il12rb1/Il12b/Rasal3",3
"GO:0002841","negative regulation of T cell mediated immune response to tumor cell","3/650","13/25615",0.230769230769231,9.09408284023669,4.71011998235956,0.00384658208822863,0.0234890145767877,0.0234890145767877,"Lag3/Pdcd1/Cd274",3
"GO:0032610","interleukin-1 alpha production","3/650","13/25615",0.230769230769231,9.09408284023669,4.71011998235956,0.00384658208822863,0.0234890145767877,0.0234890145767877,"P2rx7/Cx3cl1/Casp1",3
"GO:0032650","regulation of interleukin-1 alpha production","3/650","13/25615",0.230769230769231,9.09408284023669,4.71011998235956,0.00384658208822863,0.0234890145767877,0.0234890145767877,"P2rx7/Cx3cl1/Casp1",3
"GO:0032817","regulation of natural killer cell proliferation","3/650","13/25615",0.230769230769231,9.09408284023669,4.71011998235956,0.00384658208822863,0.0234890145767877,0.0234890145767877,"Il12rb1/Il12b/Ptpn22",3
"GO:0033083","regulation of immature T cell proliferation","3/650","13/25615",0.230769230769231,9.09408284023669,4.71011998235956,0.00384658208822863,0.0234890145767877,0.0234890145767877,"Ripk2/Il1a/Il1b",3
"GO:0034139","regulation of toll-like receptor 3 signaling pathway","3/650","13/25615",0.230769230769231,9.09408284023669,4.71011998235956,0.00384658208822863,0.0234890145767877,0.0234890145767877,"Tnfaip3/Tlr3/Ptpn22",3
"GO:0036006","cellular response to macrophage colony-stimulating factor stimulus","3/650","13/25615",0.230769230769231,9.09408284023669,4.71011998235956,0.00384658208822863,0.0234890145767877,0.0234890145767877,"Stap1/Ccl2/Tlr2",3
"GO:0046598","positive regulation of viral entry into host cell","3/650","13/25615",0.230769230769231,9.09408284023669,4.71011998235956,0.00384658208822863,0.0234890145767877,0.0234890145767877,"Cd4/Cd74/Trim30a",3
"GO:0048537","mucosa-associated lymphoid tissue development","3/650","13/25615",0.230769230769231,9.09408284023669,4.71011998235956,0.00384658208822863,0.0234890145767877,0.0234890145767877,"Id2/Ikzf1/Tox",3
"GO:0048541","Peyer's patch development","3/650","13/25615",0.230769230769231,9.09408284023669,4.71011998235956,0.00384658208822863,0.0234890145767877,0.0234890145767877,"Id2/Ikzf1/Tox",3
"GO:0070424","regulation of nucleotide-binding domain, leucine rich repeat containing receptor signaling pathway","3/650","13/25615",0.230769230769231,9.09408284023669,4.71011998235956,0.00384658208822863,0.0234890145767877,0.0234890145767877,"Slc15a3/Tnfaip3/Ptpn22",3
"GO:0075294","positive regulation by symbiont of entry into host","3/650","13/25615",0.230769230769231,9.09408284023669,4.71011998235956,0.00384658208822863,0.0234890145767877,0.0234890145767877,"Cd4/Cd74/Trim30a",3
"GO:1900044","regulation of protein K63-linked ubiquitination","3/650","13/25615",0.230769230769231,9.09408284023669,4.71011998235956,0.00384658208822863,0.0234890145767877,0.0234890145767877,"Ripk2/Parp10/Ptpn22",3
"GO:0050862","positive regulation of T cell receptor signaling pathway","4/650","26/25615",0.153846153846154,6.06272189349112,4.16748153097634,0.00393906397333595,0.023985352573185,0.023985352573185,"Cd86/Fcer1g/Card11/Cd226",4
"GO:0051043","regulation of membrane protein ectodomain proteolysis","4/650","26/25615",0.153846153846154,6.06272189349112,4.16748153097634,0.00393906397333595,0.023985352573185,0.023985352573185,"Tnf/Il1b/Ifng/Apoe",4
"GO:0060143","positive regulation of syncytium formation by plasma membrane fusion","4/650","26/25615",0.153846153846154,6.06272189349112,4.16748153097634,0.00393906397333595,0.023985352573185,0.023985352573185,"Cd53/Nfatc2/Cxcl9/Tyrobp",4
"GO:0035023","regulation of Rho protein signal transduction","8/650","100/25615",0.08,3.15261538461538,3.48015229246076,0.00396369502861603,0.0241124780907475,0.0241124780907475,"Gpr55/Arhgap30/Abca1/Dock10/Sema4d/Tagap/F11r/Apoe",8
"GO:0042158","lipoprotein biosynthetic process","6/650","60/25615",0.1,3.94076923076923,3.67983396783597,0.0040880178483292,0.0248452475474615,0.0248452475474615,"Irgm1/Abca1/Irgm2/Igtp/Apobec1/Apoe",6
"GO:0046488","phosphatidylinositol metabolic process","10/650","146/25615",0.0684931506849315,2.69915700737619,3.32225977404788,0.00418632227453948,0.0254186524495667,0.0254186524495667,"Pik3cg/Pgap2/Plcg2/Plcb2/Synj1/Pik3cd/Pik3r5/Agap2/Inpp5d/Inpp4b",10
"GO:0006835","dicarboxylic acid transport","9/650","123/25615",0.0731707317073171,2.88348968105066,3.37865184320638,0.00419030049575207,0.0254187822329663,0.0254187822329663,"Ucp2/P2rx7/Slc13a3/Il1rn/Tnf/Kcnj10/Il1b/Slc17a6/Prkcd",9
"GO:0042982","amyloid precursor protein metabolic process","7/650","80/25615",0.0875,3.44817307692308,3.53874098267814,0.00420789786550722,0.0255014489509607,0.0255014489509607,"Tnf/Abcg1/Sorl1/Spon1/Ifng/Gsap/Apoe",7
"GO:0071248","cellular response to metal ion","12/650","195/25615",0.0615384615384615,2.42508875739645,3.22330233067828,0.00429914323902835,0.0260298738619398,0.0260298738619398,"Ucp2/Cybb/Nfatc2/B2m/Kcnj10/Hvcn1/Tlr9/Plcg2/Id2/Slc11a1/Trpm2/P2rx4",12
"GO:0072666","establishment of protein localization to vacuole","6/650","61/25615",0.0983606557377049,3.87616645649433,3.62893412776717,0.00443878775865492,0.026850068325423,0.026850068325423,"Irgm1/Laptm5/Irgm2/Igtp/Sorl1/Tnfaip3",6
"GO:0120162","positive regulation of cold-induced thermogenesis","8/650","102/25615",0.0784313725490196,3.09079939668175,3.41398244169736,0.00447090443491543,0.0270188994260552,0.0270188994260552,"Ucp2/Cxcr4/Cmklr1/Ccr2/Gatm/Irf4/Plac8/Syk",8
"GO:0031645","negative regulation of nervous system process","4/650","27/25615",0.148148148148148,5.83817663817664,4.05858855974123,0.00453258988989944,0.0272634433077846,0.0272634433077846,"Tnf/Ctsc/Ifng/Gpr35",4
"GO:0043371","negative regulation of CD4-positive, alpha-beta T cell differentiation","4/650","27/25615",0.148148148148148,5.83817663817664,4.05858855974123,0.00453258988989944,0.0272634433077846,0.0272634433077846,"Irf1/Cd69/Tbx21/Runx3",4
"GO:0060055","angiogenesis involved in wound healing","4/650","27/25615",0.148148148148148,5.83817663817664,4.05858855974123,0.00453258988989944,0.0272634433077846,0.0272634433077846,"Cx3cl1/Tnf/Cxcr4/Hpse",4
"GO:0071800","podosome assembly","4/650","27/25615",0.148148148148148,5.83817663817664,4.05858855974123,0.00453258988989944,0.0272634433077846,0.0272634433077846,"Tnf/Hck/Bin2/Lcp1",4
"GO:0072525","pyridine-containing compound biosynthetic process","4/650","27/25615",0.148148148148148,5.83817663817664,4.05858855974123,0.00453258988989944,0.0272634433077846,0.0272634433077846,"Nampt/Pnp/Kynu/Ido1",4
"GO:0015711","organic anion transport","23/650","498/25615",0.0461847389558233,1.82003398208217,2.98189422667433,0.0045689569673641,0.0274564822809607,0.0274564822809607,"Ucp2/Nos2/Slc36a1/Nfkbie/P2rx7/Slc13a3/Il1rn/Slco3a1/Tnf/Kcnj10/Il1a/Slc29a3/Psap/Abcg3/Slc11a1/Il1b/Hrh2/Slc17a6/Slc39a4/Prkcd/Calhm6/Apoe/Syk",23
"GO:0050878","regulation of body fluid levels","19/650","385/25615",0.0493506493506494,1.9447952047952,3.01397062755493,0.00476976360298627,0.0286364125098914,0.0286364125098914,"Fgl2/Oas2/Prl2c2/Ptprj/Fcer1g/F10/Nr1h3/Entpd1/Xdh/Prkcd/Plek/Hpse/Ptpn6/Tifab/Tspan32/F11r/Rab27a/Apoe/Syk",19
"GO:0002829","negative regulation of type 2 immune response","3/650","14/25615",0.214285714285714,8.44450549450549,4.49573810151065,0.00480408503688189,0.0287083183971435,0.0287083183971435,"Irf1/Ccr2/Tbx21",3
"GO:0032308","positive regulation of prostaglandin secretion","3/650","14/25615",0.214285714285714,8.44450549450549,4.49573810151065,0.00480408503688189,0.0287083183971435,0.0287083183971435,"P2rx7/Il1a/Il1b",3
"GO:0036005","response to macrophage colony-stimulating factor","3/650","14/25615",0.214285714285714,8.44450549450549,4.49573810151065,0.00480408503688189,0.0287083183971435,0.0287083183971435,"Stap1/Ccl2/Tlr2",3
"GO:0046642","negative regulation of alpha-beta T cell proliferation","3/650","14/25615",0.214285714285714,8.44450549450549,4.49573810151065,0.00480408503688189,0.0287083183971435,0.0287083183971435,"Tarm1/Xcl1/Cd274",3
"GO:0060368","regulation of Fc receptor mediated stimulatory signaling pathway","3/650","14/25615",0.214285714285714,8.44450549450549,4.49573810151065,0.00480408503688189,0.0287083183971435,0.0287083183971435,"Ptprc/Ptprj/Cd226",3
"GO:0006195","purine nucleotide catabolic process","11/650","173/25615",0.0635838150289017,2.50569141840818,3.20636528872783,0.00480910593038209,0.028711613844586,0.028711613844586,"Samhd1/Ucp2/P2rx7/Pnp/Parp14/Hk3/Ncf1/Entpd1/Xdh/Ncf2/Ifng",11
"GO:0051279","regulation of release of sequestered calcium ion into cytosol","7/650","82/25615",0.0853658536585366,3.3640712945591,3.4597615588303,0.0048230156532218,0.0287679225220955,0.0287679225220955,"Cx3cl1/Cxcl9/Cxcr3/Xcl1/Ptpn6/Cxcl10/Coro1a",7
"GO:0097178","ruffle assembly","5/650","44/25615",0.113636363636364,4.47814685314685,3.72588968711395,0.00497014288303836,0.0296179943234123,0.0296179943234123,"Stap1/Icam1/Snx10/Aif1/Carmil2",5
"GO:0051224","negative regulation of protein transport","10/650","150/25615",0.0666666666666667,2.62717948717949,3.22506777452877,0.00506052747589732,0.0301286640455648,0.0301286640455648,"Ucp2/Rab11fip1/Nr1h3/Il1b/Cd200/Rsad2/Il12b/Sp100/Apoe/Gbp4",10
"GO:0043523","regulation of neuron apoptotic process","17/650","332/25615",0.0512048192771084,2.01786376274328,3.01213192024835,0.00515125153299256,0.030640407266615,0.030640407266615,"Ccl3/Ucp2/Ccl2/Cx3cl1/Tnf/Ccr5/Nr4a3/Fpr2/Il1b/Casp4/Fcgr2b/Casp12/Fasl/Ncf2/Agap2/Coro1a/Casp7",17
"GO:0010743","regulation of macrophage derived foam cell differentiation","4/650","28/25615",0.142857142857143,5.62967032967033,3.95502281967621,0.00518344923167262,0.0306615818271316,0.0306615818271316,"Tnf/Abcg1/Il1b/Prkch",4
"GO:0010875","positive regulation of cholesterol efflux","4/650","28/25615",0.142857142857143,5.62967032967033,3.95502281967621,0.00518344923167262,0.0306615818271316,0.0306615818271316,"Abca1/Abcg1/Nr1h3/Apoe",4
"GO:0032740","positive regulation of interleukin-17 production","4/650","28/25615",0.142857142857143,5.62967032967033,3.95502281967621,0.00518344923167262,0.0306615818271316,0.0306615818271316,"Ly9/Slamf6/Il12b/Ccl1",4
"GO:0060713","labyrinthine layer morphogenesis","4/650","28/25615",0.142857142857143,5.62967032967033,3.95502281967621,0.00518344923167262,0.0306615818271316,0.0306615818271316,"St14/Itga4/Vcam1/Spint1",4
"GO:0097398","cellular response to interleukin-17","4/650","28/25615",0.142857142857143,5.62967032967033,3.95502281967621,0.00518344923167262,0.0306615818271316,0.0306615818271316,"Il1b/Ikbke/Ccl1/Cxcl10",4
"GO:1903306","negative regulation of regulated secretory pathway","4/650","28/25615",0.142857142857143,5.62967032967033,3.95502281967621,0.00518344923167262,0.0306615818271316,0.0306615818271316,"Cd300a/Cd84/Ccr2/Nckap1l",4
"GO:0015807","L-amino acid transport","8/650","105/25615",0.0761904761904762,3.00249084249084,3.31771865423767,0.00532344671429353,0.0314607375277108,0.0314607375277108,"Ucp2/Slc36a1/Slc13a3/Slco3a1/Tnf/Kcnj10/Slc11a1/Slc17a6",8
"GO:2000008","regulation of protein localization to cell surface","5/650","45/25615",0.111111111111111,4.37863247863248,3.6602558312458,0.0054769564481882,0.0323382060874641,0.0323382060874641,"Tnf/Fcer1g/Tyrobp/Agap2/Cd247",5
"GO:0051057","positive regulation of small GTPase mediated signal transduction","7/650","84/25615",0.0833333333333333,3.28397435897436,3.38319125796411,0.00550347101956383,0.0324649199537907,0.0324649199537907,"Gpr55/Pik3cg/Tgm2/Sema4d/Dock2/Rasgrp1/F11r",7
"GO:0120161","regulation of cold-induced thermogenesis","10/650","152/25615",0.0657894736842105,2.59261133603239,3.17765253807847,0.00554817632815151,0.0326986098459131,0.0326986098459131,"Ucp2/Il18r1/Cxcr4/Nr1h3/Cmklr1/Ccr2/Gatm/Irf4/Plac8/Syk",10
"GO:1990845","adaptive thermogenesis","11/650","177/25615",0.0621468926553672,2.44906562364189,3.12149613234799,0.00569526578735114,0.0335347272391785,0.0335347272391785,"Ucp2/Il18r1/Cxcr4/Nr1h3/Cmklr1/Ccr2/Gatm/Irf4/Sorl1/Plac8/Syk",11
"GO:0051047","positive regulation of secretion","21/650","449/25615",0.0467706013363029,1.84312146650677,2.9082773233517,0.00570119938952924,0.03353892388126,0.03353892388126,"Unc13d/Ptafr/P2rx7/Itgam/Prl2c2/Itgb2/Fgr/Abcg1/Rab8b/Fcer1g/Il1a/Glrx/Il1b/Gab2/Tlr2/Cd160/Gpr68/Stxbp2/Trpm2/Rab27a/Syk",21
"GO:0046889","positive regulation of lipid biosynthetic process","9/650","129/25615",0.0697674418604651,2.74937388193202,3.2140767982038,0.0057147459717676,0.0335878573857594,0.0335878573857594,"Tnf/Abcg1/Cd74/Nr1h3/Il1a/Il1b/Ifng/Prkcd/Apoe",9
"GO:0008625","extrinsic apoptotic signaling pathway via death domain receptors","7/650","85/25615",0.0823529411764706,3.24533936651584,3.34576660385857,0.00586948555861409,0.0342342710410759,0.0342342710410759,"Tnf/Icam1/Fasl/Tmc8/Tnfsf10/Tnfaip3/Sp100",7
"GO:0009155","purine deoxyribonucleotide catabolic process","3/650","15/25615",0.2,7.88153846153846,4.30170658342984,0.0058929402903541,0.0342342710410759,0.0342342710410759,"Samhd1/Pnp/Xdh",3
"GO:0010642","negative regulation of platelet-derived growth factor receptor signaling pathway","3/650","15/25615",0.2,7.88153846153846,4.30170658342984,0.0058929402903541,0.0342342710410759,0.0342342710410759,"Ptprj/Glrx/Apoe",3
"GO:0010820","positive regulation of T cell chemotaxis","3/650","15/25615",0.2,7.88153846153846,4.30170658342984,0.0058929402903541,0.0342342710410759,0.0342342710410759,"Ccl5/Ccr2/Xcl1",3
"GO:0033700","phospholipid efflux","3/650","15/25615",0.2,7.88153846153846,4.30170658342984,0.0058929402903541,0.0342342710410759,0.0342342710410759,"Abca1/Abcg1/Apoe",3
"GO:0046479","glycosphingolipid catabolic process","3/650","15/25615",0.2,7.88153846153846,4.30170658342984,0.0058929402903541,0.0342342710410759,0.0342342710410759,"Psap/Gm2a/Prkcd",3
"GO:0090713","immunological memory process","3/650","15/25615",0.2,7.88153846153846,4.30170658342984,0.0058929402903541,0.0342342710410759,0.0342342710410759,"Fgl2/Cd27/Cd160",3
"GO:1903238","positive regulation of leukocyte tethering or rolling","3/650","15/25615",0.2,7.88153846153846,4.30170658342984,0.0058929402903541,0.0342342710410759,0.0342342710410759,"Ptafr/Ccr2/Itga4",3
"GO:1903977","positive regulation of glial cell migration","3/650","15/25615",0.2,7.88153846153846,4.30170658342984,0.0058929402903541,0.0342342710410759,0.0342342710410759,"Cx3cl1/Ccr2/P2rx4",3
"GO:1905671","regulation of lysosome organization","3/650","15/25615",0.2,7.88153846153846,4.30170658342984,0.0058929402903541,0.0342342710410759,0.0342342710410759,"Irgm1/Irgm2/Igtp",3
"GO:2000644","regulation of receptor catabolic process","3/650","15/25615",0.2,7.88153846153846,4.30170658342984,0.0058929402903541,0.0342342710410759,0.0342342710410759,"Laptm5/Dtx3l/Apoe",3
"GO:0006929","substrate-dependent cell migration","4/650","29/25615",0.137931034482759,5.43554376657825,3.85633066442205,0.00589400743639943,0.0342342710410759,0.0342342710410759,"Ptprc/Shtn1/Ntn1/Slit2",4
"GO:0046426","negative regulation of receptor signaling pathway via JAK-STAT","4/650","29/25615",0.137931034482759,5.43554376657825,3.85633066442205,0.00589400743639943,0.0342342710410759,0.0342342710410759,"Gbp7/Ptprc/Parp14/Socs1",4
"GO:0043647","inositol phosphate metabolic process","5/650","46/25615",0.108695652173913,4.28344481605351,3.59651074046696,0.00601918368190452,0.034929752459399,0.034929752459399,"Ptafr/Grk3/Plcg2/Synj1/Plek",5
"GO:0002381","immunoglobulin production involved in immunoglobulin-mediated immune response","6/650","65/25615",0.0923076923076923,3.63763313609468,3.43562070938106,0.00606648135188216,0.0351724514480966,0.0351724514480966,"Ptprc/Cd40/Xcl1/Icosl/Ifng/Tbx21",6
"GO:2001235","positive regulation of apoptotic signaling pathway","11/650","179/25615",0.0614525139664804,2.42170176192523,3.0799254515942,0.00618409787098842,0.0358220421309554,0.0358220421309554,"Ptprc/Tnf/Ctsh/Ctsc/Ltb/Bcl2l14/Fasl/Prkcd/Lck/Tnfsf10/Runx3",11
"GO:0006641","triglyceride metabolic process","9/650","131/25615",0.0687022900763359,2.70739870816207,3.16130496808249,0.00630799783371453,0.0365068271025064,0.0365068271025064,"Pik3cg/C3/Nr1h3/Apol6/Lipg/Sorl1/Apobec1/Gk/Apoe",9
"GO:0046850","regulation of bone remodeling","6/650","66/25615",0.0909090909090909,3.58251748251748,3.3896735967798,0.00653341308409522,0.0377773588228872,0.0377773588228872,"P2rx7/Fcgr4/Inpp5d/Inpp4b/Tnfrsf11b/Syk",6
"GO:0001780","neutrophil homeostasis","4/650","30/25615",0.133333333333333,5.25435897435897,3.7621113405006,0.00666654278799001,0.0384433311221255,0.0384433311221255,"Itgam/Ccr2/Pik3cd/Ifng",4
"GO:0010640","regulation of platelet-derived growth factor receptor signaling pathway","4/650","30/25615",0.133333333333333,5.25435897435897,3.7621113405006,0.00666654278799001,0.0384433311221255,0.0384433311221255,"Ptprj/Glrx/Il1b/Apoe",4
"GO:0032891","negative regulation of organic acid transport","4/650","30/25615",0.133333333333333,5.25435897435897,3.7621113405006,0.00666654278799001,0.0384433311221255,0.0384433311221255,"Il1rn/Tnf/Il1b/Hrh2",4
"GO:0098771","inorganic ion homeostasis","22/650","485/25615",0.045360824742268,1.78756542426646,2.82547105228788,0.00670156407771286,0.0386106256818183,0.0386106256818183,"Ccl3/Ccr1/Ccl2/1600014C10Rik/B2m/Kcnj10/Snx10/Tgm2/Ccl5/Il1a/Slc11a1/Cd40/Ccr2/Slc31a2/Fasl/Slc17a6/Slc39a4/Ifng/Tmc8/Inpp4b/Apoe/Slc30a1",22
"GO:0106106","cold-induced thermogenesis","10/650","157/25615",0.0636942675159236,2.51004409603136,3.06236470366447,0.00692843325123155,0.0398819491092397,0.0398819491092397,"Ucp2/Il18r1/Cxcr4/Nr1h3/Cmklr1/Ccr2/Gatm/Irf4/Plac8/Syk",10
"GO:0048534","hematopoietic or lymphoid organ development","9/650","133/25615",0.0676691729323308,2.66668594563331,3.10951340765801,0.00694749998290162,0.0399558996330886,0.0399558996330886,"Bcl11b/Ptprc/Il7r/Ltb/Id2/Samd9l/Carmil2/Ikzf1/Tox",9
"GO:0008037","cell recognition","11/650","182/25615",0.0604395604395604,2.38178360101437,3.018606676382,0.00697844773881949,0.0400979859339682,0.0400979859339682,"Clec7a/Cd6/C3/Fcgr1/Crtam/Fcgr3/C2/Prf1/Cadm1/Dock2/Sirpa",11
"GO:0030148","sphingolipid biosynthetic process","8/650","110/25615",0.0727272727272727,2.86601398601399,3.16466809649054,0.00701333217801655,0.0402624181515445,0.0402624181515445,"Gsdmd/P2rx7/Casp1/Prf1/Prkcd/Gzmb/Casp7/Gzmc",8
"GO:0046942","carboxylic acid transport","19/650","400/25615",0.0475,1.87186538461538,2.83582574213787,0.00708790459901427,0.0406067481768294,0.0406067481768294,"Ucp2/Nos2/Slc36a1/Nfkbie/P2rx7/Slc13a3/Il1rn/Slco3a1/Tnf/Kcnj10/Il1a/Psap/Slc11a1/Il1b/Hrh2/Slc17a6/Prkcd/Apoe/Syk",19
"GO:0001905","activation of membrane attack complex","3/650","16/25615",0.1875,7.38894230769231,4.12483948839033,0.007117558911443,0.0406067481768294,0.0406067481768294,"C3/Cfb/C2",3
"GO:0032306","regulation of prostaglandin secretion","3/650","16/25615",0.1875,7.38894230769231,4.12483948839033,0.007117558911443,0.0406067481768294,0.0406067481768294,"P2rx7/Il1a/Il1b",3
"GO:0061762","CAMKK-AMPK signaling cascade","3/650","16/25615",0.1875,7.38894230769231,4.12483948839033,0.007117558911443,0.0406067481768294,0.0406067481768294,"Irgm1/Irgm2/Igtp",3
"GO:0071211","protein targeting to vacuole involved in autophagy","3/650","16/25615",0.1875,7.38894230769231,4.12483948839033,0.007117558911443,0.0406067481768294,0.0406067481768294,"Irgm1/Irgm2/Igtp",3
"GO:0150079","negative regulation of neuroinflammatory response","3/650","16/25615",0.1875,7.38894230769231,4.12483948839033,0.007117558911443,0.0406067481768294,0.0406067481768294,"Cx3cl1/Cd200/Cst7",3
"GO:1901741","positive regulation of myoblast fusion","3/650","16/25615",0.1875,7.38894230769231,4.12483948839033,0.007117558911443,0.0406067481768294,0.0406067481768294,"Cd53/Nfatc2/Cxcl9",3
"GO:0050919","negative chemotaxis","5/650","48/25615",0.104166666666667,4.10496794871795,3.47430107078034,0.00721484587161742,0.0411252616497518,0.0411252616497518,"Dpp4/Ntn1/Slit2/Sema4a/Sema4d",5
"GO:1900180","regulation of protein localization to nucleus","11/650","183/25615",0.0601092896174863,2.36876839007987,2.99843646136874,0.00726023251152996,0.0413472816082167,0.0413472816082167,"Irgm1/Rassf5/Irgm2/Parp9/Igtp/Dtx3l/Ifng/Prkcd/Hcls1/Ptpn22/Gbp4",11
"GO:0015849","organic acid transport","19/650","401/25615",0.0473815461346633,1.86719739113754,2.82422225167498,0.00727031264542062,0.0413680145564057,0.0413680145564057,"Ucp2/Nos2/Slc36a1/Nfkbie/P2rx7/Slc13a3/Il1rn/Slco3a1/Tnf/Kcnj10/Il1a/Psap/Slc11a1/Il1b/Hrh2/Slc17a6/Prkcd/Apoe/Syk",19
"GO:0015908","fatty acid transport","9/650","134/25615",0.0671641791044776,2.64678530424799,3.08397425365293,0.00728529935286794,0.0414166044626758,0.0414166044626758,"Ucp2/Nos2/P2rx7/Slco3a1/Il1a/Il1b/Hrh2/Apoe/Syk",9
"GO:1903828","negative regulation of protein localization","14/650","262/25615",0.0534351145038168,2.10575455079272,2.90284801895544,0.00740052120475202,0.0420344369755322,0.0420344369755322,"Irgm1/Ucp2/Rab11fip1/Pid1/Irgm2/Nr1h3/Il1b/Igtp/Cd200/Rsad2/Il12b/Sp100/Apoe/Gbp4",14
"GO:0032535","regulation of cellular component size","19/650","402/25615",0.0472636815920398,1.86255262150785,2.81265172864165,0.00745651395168318,0.0423150579731561,0.0423150579731561,"Il7r/Was/P2rx7/Shtn1/Ccr5/Icam1/Ntn1/Slit2/Carmil2/Tlr2/Prkcd/Sema4d/Plek/Cyfip2/Nckap1l/Coro1a/Prex1/Hcls1/Apoe",19
"GO:0010742","macrophage derived foam cell differentiation","4/650","31/25615",0.129032258064516,5.0848635235732,3.67200928469979,0.00750324220532731,0.0424303062737875,0.0424303062737875,"Tnf/Abcg1/Il1b/Prkch",4
"GO:0045648","positive regulation of erythrocyte differentiation","4/650","31/25615",0.129032258064516,5.0848635235732,3.67200928469979,0.00750324220532731,0.0424303062737875,0.0424303062737875,"Stat1/Id2/Nckap1l/Inpp5d",4
"GO:0045830","positive regulation of isotype switching","4/650","31/25615",0.129032258064516,5.0848635235732,3.67200928469979,0.00750324220532731,0.0424303062737875,0.0424303062737875,"Ptprc/Cd40/Ifng/Tbx21",4
"GO:0097396","response to interleukin-17","4/650","31/25615",0.129032258064516,5.0848635235732,3.67200928469979,0.00750324220532731,0.0424303062737875,0.0424303062737875,"Il1b/Ikbke/Ccl1/Cxcl10",4
"GO:1904950","negative regulation of establishment of protein localization","10/650","159/25615",0.0628930817610063,2.47847121432027,3.01749076769201,0.00754958082709421,0.0426547996774435,0.0426547996774435,"Ucp2/Rab11fip1/Nr1h3/Il1b/Cd200/Rsad2/Il12b/Sp100/Apoe/Gbp4",10
"GO:0016485","protein processing","15/650","290/25615",0.0517241379310345,2.03832891246684,2.86938494179007,0.00758821283000238,0.0428353947451101,0.0428353947451101,"P2rx7/Ctss/Casp1/St14/Ctsh/F10/Casp4/C1rl/Casp12/Anpep/Spon1/Plgrkt/Hpse/Srgn/Casp7",15
"GO:0019674","NAD+ metabolic process","5/650","49/25615",0.102040816326531,4.02119309262166,3.41566072909547,0.00787071699545347,0.0443521806831518,0.0443521806831518,"Nampt/Pnp/Kynu/Parp14/Ido1",5
"GO:2001239","regulation of extrinsic apoptotic signaling pathway in absence of ligand","5/650","49/25615",0.102040816326531,4.02119309262166,3.41566072909547,0.00787071699545347,0.0443521806831518,0.0443521806831518,"Il7/Cx3cl1/Tnf/Il1b/Agap2",5
"GO:0050732","negative regulation of peptidyl-tyrosine phosphorylation","4/650","32/25615",0.125,4.92596153846154,3.58570775176657,0.00840619761294297,0.0472040327496028,0.0472040327496028,"Ptprc/Parp14/Socs1/Ptpn6",4
"GO:0060402","calcium ion transport into cytosol","4/650","32/25615",0.125,4.92596153846154,3.58570775176657,0.00840619761294297,0.0472040327496028,0.0472040327496028,"P2rx7/Gimap3/Cd4/P2rx4",4
"GO:1901223","negative regulation of non-canonical NF-kappaB signal transduction","4/650","32/25615",0.125,4.92596153846154,3.58570775176657,0.00840619761294297,0.0472040327496028,0.0472040327496028,"Rassf2/Ifi35/Nlrp3/Nmi",4
"GO:1904893","negative regulation of receptor signaling pathway via STAT","4/650","32/25615",0.125,4.92596153846154,3.58570775176657,0.00840619761294297,0.0472040327496028,0.0472040327496028,"Gbp7/Ptprc/Parp14/Socs1",4
"GO:0019377","glycolipid catabolic process","3/650","17/25615",0.176470588235294,6.95429864253394,3.96261292979095,0.00848174987128676,0.0474623355166778,0.0474623355166778,"Psap/Gm2a/Prkcd",3
"GO:0033079","immature T cell proliferation","3/650","17/25615",0.176470588235294,6.95429864253394,3.96261292979095,0.00848174987128676,0.0474623355166778,0.0474623355166778,"Ripk2/Il1a/Il1b",3
"GO:0034350","regulation of glial cell apoptotic process","3/650","17/25615",0.176470588235294,6.95429864253394,3.96261292979095,0.00848174987128676,0.0474623355166778,0.0474623355166778,"Ccl2/Prkcd/Prkch",3
"GO:0045342","MHC class II biosynthetic process","3/650","17/25615",0.176470588235294,6.95429864253394,3.96261292979095,0.00848174987128676,0.0474623355166778,0.0474623355166778,"Slc11a1/Ciita/Ifng",3
