"ID","Description","GeneRatio","BgRatio","RichFactor","FoldEnrichment","zScore","pvalue","p.adjust","qvalue","geneID","Count"
"GO:0001666","response to hypoxia","70/1357","332/25615",0.210843373493976,3.97992115847324,12.9258956012521,1.3119028021516e-23,8.42766360102186e-20,8.42766360102186e-20,"Hmox1/Pck1/Jund/Nr4a2/Higd1a/Bmp2/Mt3/Chchd2/Penk/Vegfa/Ak4/Egln1/Ptgs2/Cd38/Plod1/Loxl2/Mmp2/Acot2/Car9/Angpt2/Pgf/Aqp3/Gata6/Cldn3/Rgcc/Mgarp/Bnip3l/Clca1/Lcn2/Zfp36l1/Mstn/Scn2a/Slc2a8/Rad21/Aldh3a1/Abcc9/Cpeb2/Bnip3/Cd24a/Angptl4/Flt1/Eno1/Bbc3/Slc2a1/Edn1/Ndrg1/Slc6a4/Nos2/Stc1/Ece1/Alas2/Cited2/Vldlr/Slc2a4/Fos/Epha4/Rwdd3/Mmp14/Fam162a/Pdk1/Kcnj8/Ero1a/Ddit4/Car3/Hilpda/Egln3/Fosl2/Ada/Pparg/Itpr2",70
"GO:0036293","response to decreased oxygen levels","73/1357","369/25615",0.197831978319783,3.73431549348655,12.5131499241807,8.03558816939738e-23,2.58103092001044e-19,2.58103092001044e-19,"Hmox1/Pck1/Jund/Sox2/Nr4a2/Higd1a/Bmp2/Mt3/Chchd2/Penk/Vegfa/Ak4/Egln1/Ptgs2/Cd38/Plod1/Loxl2/Mmp2/Acot2/Car9/Angpt2/Pgf/Aqp3/Gata6/Cldn3/Rgcc/Mgarp/Bnip3l/Clca1/Lcn2/Zfp36l1/Mstn/Scn2a/Slc2a8/Rad21/Aldh3a1/Abcc9/Cpeb2/Bnip3/Cd24a/Angptl4/Flt1/Eno1/Bbc3/Slc2a1/Edn1/Ndrg1/Map1lc3a/Slc6a4/Nos2/Stc1/Ece1/Alas2/Cited2/Vldlr/Slc2a4/Fos/Epha4/Rwdd3/Mmp14/Fam162a/Mapk8/Pdk1/Kcnj8/Ero1a/Ddit4/Car3/Hilpda/Egln3/Fosl2/Ada/Pparg/Itpr2",73
"GO:0070482","response to oxygen levels","76/1357","433/25615",0.175519630484988,3.31314320919158,11.4816020487646,1.96457348987793e-20,4.2068066996586e-17,4.2068066996586e-17,"Hmox1/Pck1/Gucy1a1/Jund/Sox2/Nr4a2/Higd1a/Bmp2/Mt3/Chchd2/Penk/Atp6v1g1/Vegfa/Ak4/Egln1/Ptgs2/Cd38/Plod1/Loxl2/Mmp2/Acot2/Car9/Angpt2/Pgf/Aqp3/Gata6/Cldn3/Rgcc/Mgarp/Bnip3l/Clca1/Lcn2/Zfp36l1/Mstn/Scn2a/Slc2a8/Rad21/Aldh3a1/Abcc9/Cpeb2/Bnip3/Cd24a/Angptl4/Flt1/Eno1/Bbc3/Slc2a1/Edn1/Ndrg1/Map1lc3a/Slc6a4/Nos2/Stc1/Ece1/Alas2/Cited2/Vldlr/Slc2a4/Fos/Epha4/Rwdd3/Mmp14/Fam162a/Mapk8/Pdk1/Kcnj8/Ero1a/Ddit4/Car3/Hilpda/Atp6v1a/Egln3/Fosl2/Ada/Pparg/Itpr2",76
"GO:0006936","muscle contraction","67/1357","386/25615",0.173575129533679,3.27643842520647,10.6586124689504,6.73386513940529e-18,1.08145874138849e-14,1.08145874138849e-14,"Gucy1a1/Agt/Adra2a/Rpl14/Nr4a1/Myl6b/Kcne3/Snta1/Rpl36a/Kcnj2/Rpl10a/Pde4b/Tmod1/Ptgs1/Npnt/Rpl17/Rpl18a/Kcnh2/Ptgs2/Cd38/Rpl34/Tmem38b/Rpl6/Stac2/Nkx2-5/Gata4/Rpl13a/Bdkrb2/Rpl26/Atp2b4/Tbx20/Sulf1/Rpl23a/Ednrb/Nmu/Ddit3/Rpl36/Rpl11/Abcc9/Tbx2/Kcnd3/Rpl9/Cxcr4/Flt1/Eno1/Rpl29/Edn1/Casq2/Tmem38a/Rpl12/Stc1/Nedd4l/F2r/Aldoa/Kcne4/Cacna1g/Sphk1/Gsto1/Arg2/Comp/Kcnj8/Prkd1/Cdk5/Car3/Rpl15/Ccn2/Ada",67
"GO:0007178","cell surface receptor protein serine/threonine kinase signaling pathway","68/1357","417/25615",0.163069544364508,3.0781329247582,10.1195091023761,1.07755514664394e-16,1.38444285240813e-13,1.38444285240813e-13,"Cited1/Msx1/Inha/Atf3/Elapor2/Spi1/Acvr2b/Bmp6/Bmp2/Msx2/Sap30/Itga3/Npnt/Tsc22d1/Bmpr1b/Lox/Thbs1/Tnfaip6/Fzd1/Gata6/Gata4/Dand5/Rgcc/Zfp703/Ext1/Lrrc32/Cdkn1c/Ptprk/Adamtsl2/Zic2/Smad6/Mstn/Chrdl1/Tbx20/Sulf1/Sfrp2/Cdh3/Gcnt2/Rasl11b/Itga8/Id1/Htra3/Smad9/Map1lc3a/Hes1/Magi2/Dact2/Cited2/Appl2/Itgb8/Fos/Tmem53/Ccn1/Nrep/Bmp3/Peg10/Dlx3/Mapk8/Lrp2/Comp/Atoh8/Ero1a/Bmp4/Runx2/Tgif1/Pparg/Fst/Hspa1a",68
"GO:0141091","transforming growth factor beta receptor superfamily signaling pathway","64/1357","379/25615",0.168865435356201,3.18753730777382,10.1476608658126,1.51318217251988e-16,1.62011371271128e-13,1.62011371271128e-13,"Cited1/Msx1/Inha/Atf3/Elapor2/Spi1/Acvr2b/Bmp6/Bmp2/Msx2/Sap30/Itga3/Npnt/Tsc22d1/Bmpr1b/Lox/Thbs1/Tnfaip6/Fzd1/Gata6/Gata4/Dand5/Rgcc/Zfp703/Ext1/Lrrc32/Cdkn1c/Ptprk/Adamtsl2/Zic2/Smad6/Mstn/Chrdl1/Tbx20/Sulf1/Sfrp2/Cdh3/Gcnt2/Rasl11b/Itga8/Id1/Htra3/Smad9/Hes1/Magi2/Dact2/Cited2/Appl2/Itgb8/Fos/Tmem53/Ccn1/Nrep/Peg10/Dlx3/Lrp2/Comp/Ero1a/Bmp4/Runx2/Tgif1/Pparg/Fst/Hspa1a",64
"GO:0071456","cellular response to hypoxia","39/1357","161/25615",0.242236024844721,4.57249504524504,10.7549323714625,7.19599648184369e-16,6.60386877133769e-13,6.60386877133769e-13,"Pck1/Jund/Higd1a/Mt3/Chchd2/Vegfa/Ak4/Egln1/Ptgs2/Aqp3/Gata6/Rgcc/Mgarp/Bnip3l/Clca1/Lcn2/Zfp36l1/Mstn/Scn2a/Cpeb2/Bnip3/Eno1/Bbc3/Edn1/Ndrg1/Stc1/Cited2/Vldlr/Slc2a4/Fos/Epha4/Rwdd3/Fam162a/Pdk1/Ero1a/Car3/Hilpda/Egln3/Pparg",39
"GO:0140236","translation at presynapse","21/1357","47/25615",0.446808510638298,8.4340456890199,12.0649883425728,4.61251708192784e-15,3.70385121678806e-12,3.70385121678806e-12,"Rps27/Rpl14/Rpl36a/Rpl10a/Rps11/Rps24/Rpl17/Rpl34/Rpl6/Rps14/Rps12/Rpl13a/Rpl26/Rpl23a/Rpl36/Rpl22/Rpl9/Rpl29/Rpl12/Rps10/Rpl15",21
"GO:0140241","translation at synapse","21/1357","48/25615",0.4375,8.25833640383198,11.9047137225545,7.79227032131823e-15,5.00575445441483e-12,5.00575445441483e-12,"Rps27/Rpl14/Rpl36a/Rpl10a/Rps11/Rps24/Rpl17/Rpl34/Rpl6/Rps14/Rps12/Rpl13a/Rpl26/Rpl23a/Rpl36/Rpl22/Rpl9/Rpl29/Rpl12/Rps10/Rpl15",21
"GO:0140242","translation at postsynapse","21/1357","48/25615",0.4375,8.25833640383198,11.9047137225545,7.79227032131823e-15,5.00575445441483e-12,5.00575445441483e-12,"Rps27/Rpl14/Rpl36a/Rpl10a/Rps11/Rps24/Rpl17/Rpl34/Rpl6/Rps14/Rps12/Rpl13a/Rpl26/Rpl23a/Rpl36/Rpl22/Rpl9/Rpl29/Rpl12/Rps10/Rpl15",21
"GO:0036294","cellular response to decreased oxygen levels","41/1357","191/25615",0.214659685863874,4.05195862446805,10.0132374696951,1.15735348969009e-14,6.7589443797901e-12,6.7589443797901e-12,"Pck1/Jund/Higd1a/Mt3/Chchd2/Vegfa/Ak4/Egln1/Ptgs2/Aqp3/Gata6/Rgcc/Mgarp/Bnip3l/Clca1/Lcn2/Zfp36l1/Mstn/Scn2a/Cpeb2/Bnip3/Eno1/Bbc3/Edn1/Ndrg1/Map1lc3a/Stc1/Cited2/Vldlr/Slc2a4/Fos/Epha4/Rwdd3/Fam162a/Mapk8/Pdk1/Ero1a/Car3/Hilpda/Egln3/Pparg",41
"GO:0071453","cellular response to oxygen levels","43/1357","209/25615",0.205741626794258,3.8836195802026,9.90020283570473,1.28615702908904e-14,6.88522729572333e-12,6.88522729572333e-12,"Pck1/Jund/Higd1a/Mt3/Chchd2/Atp6v1g1/Vegfa/Ak4/Egln1/Ptgs2/Aqp3/Gata6/Rgcc/Mgarp/Bnip3l/Clca1/Lcn2/Zfp36l1/Mstn/Scn2a/Cpeb2/Bnip3/Eno1/Bbc3/Edn1/Ndrg1/Map1lc3a/Stc1/Cited2/Vldlr/Slc2a4/Fos/Epha4/Rwdd3/Fam162a/Mapk8/Pdk1/Ero1a/Car3/Hilpda/Atp6v1a/Egln3/Pparg",43
"GO:0045444","fat cell differentiation","49/1357","286/25615",0.171328671328671,3.23403383646567,8.98596808391011,3.14748680149057e-13,1.55534270867503e-10,1.55534270867503e-10,"Fabp3/Steap4/Lpl/Egr2/Nr4a1/Arl4a/Nr4a2/Adipoq/Bmp2/Msx2/Retn/Vegfa/Ptgs2/Insig1/Ffar4/Trib2/Frzb/Bscl2/Six1/Mest/Cebpd/Pim1/Zfp36l1/Scd1/Smad6/Ddit3/Sfrp2/Napepld/Cebpb/Bnip3/Trib3/Sort1/Hes1/Id2/Slc2a4/Zfp36/Aldh6a1/Fabp4/Gm15222/Kcnj8/Ift88/Selenbp1/Ero1a/Jdp2/Ebf2/Medag/Fosl2/Pparg/Mecom",49
"GO:0001649","osteoblast differentiation","44/1357","243/25615",0.181069958847737,3.41791230352599,8.95710079033045,7.16205567707412e-13,3.1771696023288e-10,3.1771696023288e-10,"Cited1/Jund/Sox2/Acvr2b/Bmp6/Ppp3ca/Sox9/Bmp2/Msx2/Penk/Npnt/Vegfa/Ffar4/Spp1/Bmpr1b/Ifitm1/Lox/Tnfaip6/Junb/Fzd1/Cebpd/Smad6/Hoxa2/Creb3l1/Sfrp2/Cebpb/Ranbp3l/Id1/Smad9/Smoc1/Id2/Tmem53/Ccn1/Bmp3/Gdpd2/Prkd1/Rorb/Bmp4/Ccl3/Runx2/Ccn2/Nfatc1/Fosl2/Pparg",44
"GO:0045765","regulation of angiogenesis","52/1357","323/25615",0.160990712074303,3.03889247589041,8.72178001241403,7.41867123831445e-13,3.1771696023288e-10,3.1771696023288e-10,"Hmox1/Fgf18/Agt/S100a1/Adm2/Sars1/Tnmd/Emilin2/Anxa3/Dcn/Lgals3/Plk2/Ptk2b/Vegfa/Egln1/F3/Klf2/Mdk/Adgrg6/Thbs1/Mmp9/Ecm1/Angpt2/Serpine1/Pgf/Gata6/Gata4/Rgcc/Atp2b4/Hgf/Creb3l1/Sulf1/Hspb1/Sfrp2/Ccr3/Adm/Tnfrsf12a/Rhob/Cxcr4/Flt1/Foxc1/Id1/Ism1/Itgb8/Sphk1/Hspb6/Ppp1r15a/Prkd1/Pde3b/Efna1/Adamts1/Pparg",52
"GO:1901342","regulation of vasculature development","52/1357","330/25615",0.157575757575758,2.97443112034122,8.53824493432666,1.73813079670545e-12,6.9785951487724e-10,6.9785951487724e-10,"Hmox1/Fgf18/Agt/S100a1/Adm2/Sars1/Tnmd/Emilin2/Anxa3/Dcn/Lgals3/Plk2/Ptk2b/Vegfa/Egln1/F3/Klf2/Mdk/Adgrg6/Thbs1/Mmp9/Ecm1/Angpt2/Serpine1/Pgf/Gata6/Gata4/Rgcc/Atp2b4/Hgf/Creb3l1/Sulf1/Hspb1/Sfrp2/Ccr3/Adm/Tnfrsf12a/Rhob/Cxcr4/Flt1/Foxc1/Id1/Ism1/Itgb8/Sphk1/Hspb6/Ppp1r15a/Prkd1/Pde3b/Efna1/Adamts1/Pparg",52
"GO:0050673","epithelial cell proliferation","66/1357","485/25615",0.136082474226804,2.5687196590417,8.24937592092628,1.99444483071673e-12,7.53665505442604e-10,7.53665505442604e-10,"Gpr15lg/Hmox1/Fgf18/Nr4a1/Jund/Rap1gap/Ar/Cdkn1a/Bmp6/Bnc1/Sox9/Tnfsf11/Vdr/Tnmd/Itgb3bp/Cdh13/Vegfa/Prdm1/F3/Mdk/Loxl2/Thbs1/Ecm1/Bax/Pgf/Gata6/Rgcc/Six1/Zfp703/Errfi1/Cdkn1c/Ptprk/Zfp36l1/Ptprv/Ereg/Hgf/Sulf1/Ednrb/Sfrp2/Cebpb/Tbx2/Cdh3/Ccr3/Flt1/Pex2/Agap2/Id1/Cxadr/Hes1/Klf9/Osr1/Id2/Fabp7/Zfp36/Pold4/Mmp14/Prkd1/Il6/Atoh8/Ift88/Arg1/Bmp4/Fgf7/Atp5if1/Pparg/Fst",66
"GO:2001233","regulation of apoptotic signaling pathway","62/1357","444/25615",0.13963963963964,2.63586541589489,8.2241297187051,3.05875914475948e-12,1.09163715255194e-09,1.09163715255194e-09,"Eya4/Bcap31/Msx1/Ghitm/Atf3/Hmox1/Agt/Ar/Nr4a2/Pmaip1/Higd1a/Peli3/Tnfsf11/Grina/Sh3rf1/Lgals3/Vegfa/S100a9/Ptgs2/Marchf7/Cth/Bmpr1b/Mmp2/Thbs1/Mmp9/Ier3/Fzd1/Bax/Serpine1/Gata4/Bdkrb2/Rpl26/Rps7/Hgf/Creb3l1/Hspb1/Ddit3/Sfrp2/Deptor/Gclm/Prkra/Vnn1/Tnfrsf12a/Eno1/Bbc3/Agap2/S100a8/Mif/Ripk3/Gstp1/Mpv17l/Faim2/Mapk8/Park7/Bmp4/Tpd52l1/Car3/Mapk8ip1/Ccn2/Tpt1/Pparg/Hspa1a",62
"GO:0090287","regulation of cellular response to growth factor stimulus","52/1357","336/25615",0.154761904761905,2.92131627890655,8.38474167054991,3.52713074219962e-12,1.1925414677837e-09,1.1925414677837e-09,"Msx1/Fgf18/Elapor2/Agt/Bmp2/Mt3/Msx2/Sap30/Itga3/Dcn/Npnt/Tsc22d1/Vegfa/Lox/Thbs1/Tnfaip6/Fzd1/Cadm4/Gata6/Gata4/Dand5/Slit2/Zfp703/Lrrc32/Cdkn1c/Atp2b4/Adamtsl2/Smad6/Chrdl1/Creb3l1/Tbx20/Sulf1/Sfrp2/Cdh3/Rasl11b/Itga8/Htra3/Hes1/Cited2/Tmem204/Tmem53/Ccn1/Nrep/Peg10/Lrp2/Ppp2r5b/Fgfbp3/Bmp4/Runx2/Pparg/Fst/Hspa1a",52
"GO:0006941","striated muscle contraction","42/1357","239/25615",0.175732217573222,3.31715604505385,8.51223843037121,6.58163144747895e-12,2.11402002093024e-09,2.11402002093024e-09,"Rpl14/Nr4a1/Kcne3/Snta1/Rpl36a/Kcnj2/Rpl10a/Pde4b/Rpl17/Rpl18a/Kcnh2/Rpl34/Tmem38b/Rpl6/Stac2/Nkx2-5/Gata4/Rpl13a/Rpl26/Rpl23a/Ddit3/Rpl36/Rpl11/Abcc9/Kcnd3/Rpl9/Cxcr4/Rpl29/Casq2/Tmem38a/Rpl12/Stc1/Nedd4l/Aldoa/Kcne4/Gsto1/Arg2/Kcnj8/Prkd1/Car3/Rpl15/Ccn2",42
"GO:0045667","regulation of osteoblast differentiation","34/1357","167/25615",0.203592814371257,3.84305817252746,8.71802849293879,1.0161029006336e-11,2.99443008576508e-09,2.99443008576508e-09,"Cited1/Jund/Sox2/Acvr2b/Bmp6/Ppp3ca/Sox9/Bmp2/Msx2/Npnt/Vegfa/Ffar4/Bmpr1b/Ifitm1/Tnfaip6/Fzd1/Cebpd/Smad6/Hoxa2/Sfrp2/Cebpb/Ranbp3l/Id1/Smoc1/Id2/Tmem53/Ccn1/Gdpd2/Prkd1/Rorb/Bmp4/Runx2/Nfatc1/Pparg",34
"GO:0051402","neuron apoptotic process","56/1357","389/25615",0.143958868894602,2.71739604033546,8.07276281621433,1.025489755399e-11,2.99443008576508e-09,2.99443008576508e-09,"Cited1/Gba1/Hmox1/Agt/Ar/Nr4a2/Pmaip1/Usp53/Optn/Mt3/Glp1r/Grina/Nefl/Nmnat1/Ptk2b/Vegfa/Egln1/Mdk/Mmp2/Fzd1/Bax/Clcf1/Six1/Lcn2/Epor/Star/Scn2a/Rad21/Ddit3/Gclm/Prnp/Cebpb/Bnip3/Nrbp2/Bbc3/Agap2/F2r/Nqo1/Epha4/Gbe1/Gapdh/Faim2/Fam162a/Mapk8/Park7/Ppargc1a/Kcnj8/Il6/Cdk5/Diablo/Gch1/Ccl3/Snca/Bbs10/Mt1/Egln3",56
"GO:0090092","regulation of transmembrane receptor protein serine/threonine kinase signaling pathway","45/1357","275/25615",0.163636363636364,3.08883231727742,8.23697504514984,1.47314004518978e-11,4.11454419578223e-09,4.11454419578223e-09,"Msx1/Inha/Elapor2/Acvr2b/Bmp6/Bmp2/Msx2/Sap30/Itga3/Npnt/Tsc22d1/Lox/Thbs1/Tnfaip6/Fzd1/Gata6/Gata4/Dand5/Zfp703/Lrrc32/Cdkn1c/Adamtsl2/Smad6/Chrdl1/Tbx20/Sulf1/Sfrp2/Cdh3/Rasl11b/Itga8/Htra3/Hes1/Magi2/Dact2/Cited2/Tmem53/Ccn1/Nrep/Peg10/Lrp2/Atoh8/Bmp4/Pparg/Fst/Hspa1a",45
"GO:0009636","response to toxic substance","44/1357","266/25615",0.165413533834586,3.12237853292036,8.22970707632785,1.71226754668219e-11,4.58316946661934e-09,4.58316946661934e-09,"Gstm5/Nr4a2/Mt2/Hagh/Mt3/Nefl/Penk/Gpx8/Cdh13/Ptgs1/S100a9/Ptgs2/Gpx7/Bax/Rab40b/Lcn2/Pim1/Abcb1a/Ephx1/Ephx2/Star/Prxl2a/Cp/Edn1/Ttpa/S100a8/Slc6a4/Esd/Slc39a8/Hp/Nqo1/Gstp1/Fos/Sesn2/Park7/Gsto1/Hbb-b1/Mgst2/Gch1/Ccl3/Mt1/Gstk1/Aldh2/Prdx5",44
"GO:0032868","response to insulin","50/1357","331/25615",0.151057401812689,2.85138934961829,8.01844210203969,2.26618360296314e-11,5.81763076392244e-09,5.81763076392244e-09,"Cited1/Fabp3/Khk/Lpl/Rab13/Pck1/Agt/Egr2/Adipoq/Rps6kb2/Pdk4/Atp6v1g1/Retn/Pck2/Insig1/Ncoa1/Errfi1/Zfp36l1/Ptprv/Mstn/Star/Blvrb/Atp6v1d/Slc2a8/Sgk1/Cp/Cpeb2/Dnai1/Trib3/Atp6v0b/Slc2a1/Ggh/Sort1/Appl2/Gstp1/Slc2a4/Fos/Slc27a1/Grb14/Sesn2/Otop1/Kcnj8/Pde3b/Car3/Klf15/Atp6v1a/Cry2/Pparg/Vgf/Trarg1",50
"GO:0044282","small molecule catabolic process","55/1357","386/25615",0.142487046632124,2.68961363263218,7.91101429894753,2.35458281229737e-11,5.81763076392244e-09,5.81763076392244e-09,"Khk/Acot4/Sord/Bckdhb/Adh7/Glb1/Adipoq/Xylb/Aig1/Hagh/Etfb/Gk5/Ces1a/Galm/Crot/Gnpda2/Acss2/Mtln/Slc16a3/Npl/Kyat3/Phyh/Adh1/Atp2b4/Ldhd/Gcat/Echdc2/Dbt/Hao1/Eno1/Akr1c18/Pex2/Esd/Nos2/Cbr3/Pfkp/Slc25a17/Aldoa/Qprt/Sesn2/Gapdh/Aldh6a1/Pgam1/Scp2/Cyp26b1/Gls2/Fah/Cyp46a1/Bdh2/Hoga1/Acadm/Xdh/Aldh2/Ada/Cda",55
"GO:0071560","cellular response to transforming growth factor beta stimulus","45/1357","285/25615",0.157894736842105,2.98045223596944,7.95188953468189,5.05672265670317e-11,1.18961380660521e-08,1.18961380660521e-08,"Cited1/Pde3a/Atf3/Spi1/Sox9/Bmp2/Sap30/Itga3/Penk/Npnt/Tsc22d1/Bmpr1b/Lox/Thbs1/Serpine1/Dand5/Rgcc/Ankrd1/Zfp703/Lrrc32/Cdkn1c/Ptprk/Zfp36l1/Adamtsl2/Smad6/Mstn/Star/Cdh3/Gcnt2/Akr1c18/Rasl11b/Itga8/Edn1/Htra3/Smad9/Cited2/Appl2/Itgb8/Fos/Nrep/Peg10/Ppargc1a/Ero1a/Pparg/Hspa1a",45
"GO:0006979","response to oxidative stress","60/1357","451/25615",0.133037694013304,2.5112457864044,7.65834040273767,5.18511621807997e-11,1.18961380660521e-08,1.18961380660521e-08,"Cfl1/Hmox1/Psmb5/Adcyap1r1/Nr4a2/Mt3/Chchd2/Penk/Gpx8/Ptgs1/Ptk2b/Ptgs2/Cd38/Klf2/Mmp2/Mmp9/Gpx7/Lcn2/Epor/Psma7/Ptprk/Star/Hgf/Slc4a1/Hspb1/Abcc9/Gclm/Prnp/Bnip3/Prkra/Psmb1/Rhob/Hao1/Plk3/Edn1/Pex2/Map1lc3a/Pla2r1/Mutyh/Ripk3/Nqo1/Gstp1/Fos/Sesn2/Sphk1/Dusp1/Mmp14/Mapk8/Park7/Selenok/Ppargc1a/Prkd1/Il6/Ero1a/Bmp4/Car3/Gch1/Dcaf11/Snca/Prdx5",60
"GO:0001822","kidney development","54/1357","384/25615",0.140625,2.65446527266028,7.72604381392057,5.93212213040013e-11,1.31406732985139e-08,1.31406732985139e-08,"Cited1/Irx1/Agt/Acvr2b/Bmp6/Ppp3ca/Adipoq/Sox9/Bmp2/Itga3/Irx2/Cys1/Npnt/Fmn1/Vegfa/Prdm1/Spp1/Mmp9/Bax/Angpt2/Pgf/Six1/Slit2/Mme/Ext1/Adamts6/Cdkn1c/Smad6/Sulf1/Ednrb/Ift25/Cd24a/Cxcr4/Foxc1/Itga8/Edn1/Smad9/Hes1/Nek1/Magi2/Heyl/Dact2/Osr1/Id2/Car2/Epha4/Cyp26b1/Lrp2/Arg2/Kcnj8/Ift88/Bmp4/Adamts1/Klf15",54
"GO:0072001","renal system development","55/1357","396/25615",0.138888888888889,2.6216940964546,7.69225598585427,6.38918343815175e-11,1.36813714688956e-08,1.36813714688956e-08,"Cited1/Irx1/Agt/Acvr2b/Bmp6/Ppp3ca/Adipoq/Sox9/Bmp2/Itga3/Irx2/Cys1/Npnt/Fmn1/Vegfa/Prdm1/Spp1/Mmp9/Bax/Angpt2/Pgf/Six1/Slit2/Mme/Ext1/Adamts6/Cdkn1c/Smad6/Sulf1/Ednrb/Ift25/Cd24a/Cxcr4/Foxc1/Itga8/Edn1/Smad9/Hes1/Nek1/Magi2/Heyl/Dact2/Osr1/Id2/Car2/Epha4/Cyp26b1/Lrp2/Arg2/Kcnj8/Ift88/Bmp4/Adamts1/Klf15/Mecom",55
"GO:0043523","regulation of neuron apoptotic process","49/1357","332/25615",0.147590361445783,2.78594481093127,7.74682783470788,8.29065616822321e-11,1.71803791047309e-08,1.71803791047309e-08,"Cited1/Gba1/Hmox1/Agt/Ar/Nr4a2/Pmaip1/Optn/Mt3/Glp1r/Grina/Nefl/Nmnat1/Ptk2b/Vegfa/Egln1/Mdk/Mmp2/Fzd1/Bax/Clcf1/Six1/Lcn2/Epor/Star/Rad21/Ddit3/Gclm/Prnp/Cebpb/Nrbp2/Bbc3/Agap2/F2r/Nqo1/Epha4/Gbe1/Faim2/Mapk8/Park7/Ppargc1a/Il6/Cdk5/Gch1/Ccl3/Snca/Bbs10/Mt1/Egln3",49
"GO:0071772","response to BMP","35/1357","190/25615",0.184210526315789,3.47719427529768,8.10601714432177,9.6584684688895e-11,1.88018186194382e-08,1.88018186194382e-08,"Msx1/Elapor2/Acvr2b/Bmp6/Sox9/Bmp2/Msx2/Itga3/Bmpr1b/Tnfaip6/Fzd1/Gata6/Gata4/Dand5/Ext1/Smad6/Chrdl1/Tbx20/Sulf1/Sfrp2/Kcnd3/Id1/Htra3/Smad9/Hes1/Heyl/Tmem53/Ccn1/Dlx3/Lrp2/Comp/Bmp4/Runx2/Pparg/Fst",35
"GO:0071773","cellular response to BMP stimulus","35/1357","190/25615",0.184210526315789,3.47719427529768,8.10601714432177,9.6584684688895e-11,1.88018186194382e-08,1.88018186194382e-08,"Msx1/Elapor2/Acvr2b/Bmp6/Sox9/Bmp2/Msx2/Itga3/Bmpr1b/Tnfaip6/Fzd1/Gata6/Gata4/Dand5/Ext1/Smad6/Chrdl1/Tbx20/Sulf1/Sfrp2/Kcnd3/Id1/Htra3/Smad9/Hes1/Heyl/Tmem53/Ccn1/Dlx3/Lrp2/Comp/Bmp4/Runx2/Pparg/Fst",35
"GO:0030198","extracellular matrix organization","50/1357","345/25615",0.144927536231884,2.73568079630045,7.67675915469597,1.03202825085317e-10,1.94992631867081e-08,1.94992631867081e-08,"Agt/Lama2/Sox9/Bmp2/Lgals3/Crtap/Npnt/Plod1/Loxl2/Adamtsl3/Col24a1/Mmp2/Lox/Tmem38b/Col22a1/Mmp9/Rgcc/Ext1/Adamts6/Adamtsl2/Ccdc80/Creb3l1/Sulf1/Sfrp2/Col11a2/Pdpn/Adamtsl4/Foxc1/Gas2/Itga8/Adamts5/Slc39a8/Smoc1/Dpt/Ccn1/Col11a1/Col4a6/Col10a1/Col9a2/Mmp14/Gdpd2/Comp/Il6/Adamts2/Ero1a/Adamts1/Ccn2/Hmcn1/Mad2l2/Pparg",50
"GO:0045229","external encapsulating structure organization","50/1357","346/25615",0.144508670520231,2.72777420440363,7.65300748296494,1.14572454715478e-10,2.10289556883494e-08,2.10289556883494e-08,"Agt/Lama2/Sox9/Bmp2/Lgals3/Crtap/Npnt/Plod1/Loxl2/Adamtsl3/Col24a1/Mmp2/Lox/Tmem38b/Col22a1/Mmp9/Rgcc/Ext1/Adamts6/Adamtsl2/Ccdc80/Creb3l1/Sulf1/Sfrp2/Col11a2/Pdpn/Adamtsl4/Foxc1/Gas2/Itga8/Adamts5/Slc39a8/Smoc1/Dpt/Ccn1/Col11a1/Col4a6/Col10a1/Col9a2/Mmp14/Gdpd2/Comp/Il6/Adamts2/Ero1a/Adamts1/Ccn2/Hmcn1/Mad2l2/Pparg",50
"GO:0060348","bone development","42/1357","261/25615",0.160919540229885,3.03754902209912,7.82539390266078,1.20438147155266e-10,2.14915182590396e-08,2.14915182590396e-08,"Msx1/Siglec15/Fgf18/Bmp6/Phex/Sox9/Bmp2/Tnfsf11/Msx2/Ttc9/Lepr/Insig1/Bmpr1b/Lrrc17/Lox/Tmem38b/Thbs1/Cadm1/Ecm1/Acp5/Ext1/Atg9b/Blvrb/Slc9b2/Sulf1/Ranbp3l/Foxc1/Pappa2/Smad9/P2rx5/Stc1/Cited2/Bbln/Col10a1/Mmp14/Cyp26b1/Comp/Bmp4/Hoxb4/Runx2/Fosl2/Gpr68",42
"GO:0043062","extracellular structure organization","50/1357","347/25615",0.144092219020173,2.71991318364166,7.62933982044376,1.27132782565389e-10,2.20729998702719e-08,2.20729998702719e-08,"Agt/Lama2/Sox9/Bmp2/Lgals3/Crtap/Npnt/Plod1/Loxl2/Adamtsl3/Col24a1/Mmp2/Lox/Tmem38b/Col22a1/Mmp9/Rgcc/Ext1/Adamts6/Adamtsl2/Ccdc80/Creb3l1/Sulf1/Sfrp2/Col11a2/Pdpn/Adamtsl4/Foxc1/Gas2/Itga8/Adamts5/Slc39a8/Smoc1/Dpt/Ccn1/Col11a1/Col4a6/Col10a1/Col9a2/Mmp14/Gdpd2/Comp/Il6/Adamts2/Ero1a/Adamts1/Ccn2/Hmcn1/Mad2l2/Pparg",50
"GO:0071559","response to transforming growth factor beta","45/1357","294/25615",0.153061224489796,2.88921390221527,7.70576041465943,1.45055297267626e-10,2.45219797275587e-08,2.45219797275587e-08,"Cited1/Pde3a/Atf3/Spi1/Sox9/Bmp2/Sap30/Itga3/Penk/Npnt/Tsc22d1/Bmpr1b/Lox/Thbs1/Serpine1/Dand5/Rgcc/Ankrd1/Zfp703/Lrrc32/Cdkn1c/Ptprk/Zfp36l1/Adamtsl2/Smad6/Mstn/Star/Cdh3/Gcnt2/Akr1c18/Rasl11b/Itga8/Edn1/Htra3/Smad9/Cited2/Appl2/Itgb8/Fos/Nrep/Peg10/Ppargc1a/Ero1a/Pparg/Hspa1a",45
"GO:0003015","heart process","42/1357","264/25615",0.159090909090909,3.00303141957527,7.73736898102249,1.73911052259396e-10,2.86462717875477e-08,2.86462717875477e-08,"Sgcg/Agt/Kcne3/S100a1/Snta1/Kcnj2/Znhit1/Adm2/Glp1r/Pde4b/Rgs4/Kcnh2/Tmem38b/Nkx2-5/Gata6/Gata4/Ext1/Tac1/Atp2b4/Ednrb/Nmu/Abcc9/Tbx2/Kcnd3/Adm/Thrb/Cxcr4/Edn1/Casq2/Tmem38a/Cxadr/Stc1/Nedd4l/Kcne4/Hopx/Cacna1g/Gsto1/Ramp3/Kcnj8/Gch1/Ccn2/Ada",42
"GO:0002181","cytoplasmic translation","40/1357","245/25615",0.163265306122449,3.08182816236296,7.74406194741497,2.12244931548012e-10,3.40865360066107e-08,3.40865360066107e-08,"Eif2b2/Rpl14/Rps18/Rpl36a/Sars1/Alkbh3/Rps6kb2/Rpl10a/Rps11/Rps24/Mcts2/Rpl17/Rpl18a/Rpl34/Rpl6/Rps29/Rpl39l/Rps14/Rps23/Rps8/Slbp/Rps12/Rpl13a/Rpl36a-ps1/Rpl26/Rps7/Eif3h/Rpl23a/Rpl36/Rpl11/Ybx1/Cpeb2/Rpl22/Rpl9/Rpl29/Rpl9-ps6/Rpl12/Rps10/Rpsa/Rpl15",40
"GO:0051216","cartilage development","39/1357","241/25615",0.161825726141079,3.05465436632552,7.5797339046027,4.64921518092288e-10,7.28452642006062e-08,7.28452642006062e-08,"Msx1/Fgf18/Bmp6/Sox9/Bmp2/Msx2/Lum/Mdk/Loxl2/Adgrg6/Prrx2/Bmpr1b/Thbs1/Ecm1/Frzb/Pitx1/Ctsk/Ext1/Errfi1/Sulf1/Sfrp2/Mboat2/Col11a2/Thrb/Edn1/Prkg2/Smad9/Stc1/Osr1/Itgb8/Ccn1/Col11a1/Bmp3/Col10a1/Comp/Bmp4/Runx2/Ccn2/Fosl2",39
"GO:0001894","tissue homeostasis","45/1357","308/25615",0.146103896103896,2.75788599756912,7.34085867280255,6.77883388197542e-10,1.01272625250721e-07,1.01272625250721e-07,"Siglec15/Sox9/Tnfsf11/Pdk4/Ptgs1/Ptk2b/Vegfa/Ptgs2/Cd38/Spp1/Nanos1/Bax/Acp5/Ctsk/Ext1/Bdkrb2/Errfi1/Brinp1/Gpr137b/Hspb1/Rufy4/Oscar/Col11a2/Bsg/Cdh3/Gcnt2/Foxc1/Slc2a1/Cxadr/Slc39a8/Ocln/F2r/Flt3/Car2/Bbln/Cracd/Comp/Dcstamp/Il6/Ccn2/Bbs10/Fosl2/Ada/Whrn/Prdx5",45
"GO:0060249","anatomical structure homeostasis","45/1357","308/25615",0.146103896103896,2.75788599756912,7.34085867280255,6.77883388197542e-10,1.01272625250721e-07,1.01272625250721e-07,"Siglec15/Sox9/Tnfsf11/Pdk4/Ptgs1/Ptk2b/Vegfa/Ptgs2/Cd38/Spp1/Nanos1/Bax/Acp5/Ctsk/Ext1/Bdkrb2/Errfi1/Brinp1/Gpr137b/Hspb1/Rufy4/Oscar/Col11a2/Bsg/Cdh3/Gcnt2/Foxc1/Slc2a1/Cxadr/Slc39a8/Ocln/F2r/Flt3/Car2/Bbln/Cracd/Comp/Dcstamp/Il6/Ccn2/Bbs10/Fosl2/Ada/Whrn/Prdx5",45
"GO:0050678","regulation of epithelial cell proliferation","53/1357","399/25615",0.132832080200501,2.50736457946635,7.17741051122554,7.31894035185536e-10,1.06856529137088e-07,1.06856529137088e-07,"Gpr15lg/Hmox1/Fgf18/Nr4a1/Jund/Rap1gap/Ar/Bmp6/Bnc1/Sox9/Vdr/Tnmd/Itgb3bp/Cdh13/Vegfa/F3/Mdk/Thbs1/Ecm1/Bax/Pgf/Gata6/Rgcc/Six1/Zfp703/Errfi1/Cdkn1c/Ptprk/Zfp36l1/Sulf1/Ednrb/Sfrp2/Cdh3/Ccr3/Flt1/Pex2/Agap2/Id1/Cxadr/Hes1/Klf9/Osr1/Zfp36/Pold4/Prkd1/Il6/Atoh8/Ift88/Arg1/Bmp4/Fgf7/Atp5if1/Pparg",53
"GO:0061448","connective tissue development","49/1357","354/25615",0.138418079096045,2.61280699782255,7.22703056199151,7.88912115279581e-10,1.10333101569243e-07,1.10333101569244e-07,"Msx1/Arrdc3/Lpl/Fgf18/Spi1/Bmp6/Sox9/Bmp2/Msx2/Lum/Mdk/Ncoa1/Loxl2/Adgrg6/Prrx2/Bmpr1b/Lox/Thbs1/Ecm1/Frzb/Bscl2/Pitx1/Ctsk/Ext1/Errfi1/Sulf1/Sfrp2/Mboat2/Col11a2/Thrb/Edn1/Prkg2/Smad9/Stc1/Osr1/Id2/Itgb8/Ccn1/Col11a1/Bmp3/Col10a1/Comp/Ppargc1a/Bmp4/Runx2/Ccn2/Ebf2/Fosl2/Pparg",49
"GO:0060047","heart contraction","40/1357","256/25615",0.15625,2.94940585851142,7.41408086045159,8.13373008836729e-10,1.10333101569243e-07,1.10333101569244e-07,"Sgcg/Agt/Kcne3/S100a1/Snta1/Kcnj2/Adm2/Glp1r/Pde4b/Rgs4/Kcnh2/Tmem38b/Nkx2-5/Gata6/Gata4/Ext1/Tac1/Atp2b4/Ednrb/Nmu/Abcc9/Tbx2/Kcnd3/Adm/Thrb/Cxcr4/Edn1/Casq2/Tmem38a/Cxadr/Stc1/Nedd4l/Kcne4/Hopx/Cacna1g/Gsto1/Kcnj8/Gch1/Ccn2/Ada",40
"GO:1903522","regulation of blood circulation","43/1357","288/25615",0.149305555555556,2.81832115368869,7.3396625042329,8.17866637871725e-10,1.10333101569243e-07,1.10333101569244e-07,"Agt/Adra2a/Kcne3/S100a1/Snta1/Kcnj2/Adm2/Glp1r/Pde4b/Ptgs1/Rgs4/Kcnh2/Ptgs2/Cd38/Mmp2/Tmem38b/Nkx2-5/Gata4/Tac1/Atp2b4/Smad6/Ednrb/Nmu/Abcc9/Tbx2/Kcnd3/Adm/Thrb/Edn1/Casq2/Tmem38a/Cxadr/Stc1/Dusp5/F2r/Kcne4/Hopx/Cacna1g/Gsto1/Kcnj8/Gch1/Ccn2/Ada",43
"GO:0003279","cardiac septum development","27/1357","130/25615",0.207692307692308,3.92044101808288,7.89548708185126,8.42653861075882e-10,1.10333101569243e-07,1.10333101569244e-07,"Msx2/Sema3c/Prdm1/Egln1/Lmo4/Fzd1/Nkx2-5/Gata6/Gata4/Dand5/Slit2/Adamts6/Smad6/Tbx20/Tbx2/Zfpm1/Cxcr4/Hes1/Heyl/Id2/Cited2/Ccn1/Lrp2/Kcnj8/Ift88/Bmp4/Nfatc1",27
"GO:0030509","BMP signaling pathway","32/1357","176/25615",0.181818181818182,3.43203590808602,7.65733116049948,8.57396975917601e-10,1.10333101569243e-07,1.10333101569244e-07,"Msx1/Elapor2/Acvr2b/Bmp6/Bmp2/Msx2/Itga3/Bmpr1b/Tnfaip6/Fzd1/Gata6/Gata4/Dand5/Ext1/Smad6/Chrdl1/Tbx20/Sulf1/Sfrp2/Id1/Htra3/Smad9/Hes1/Tmem53/Ccn1/Dlx3/Lrp2/Comp/Bmp4/Runx2/Pparg/Fst",32
"GO:0097237","cellular response to toxic substance","29/1357","148/25615",0.195945945945946,3.69871437391703,7.7875350854464,8.58757017195233e-10,1.10333101569243e-07,1.10333101569244e-07,"Gstm5/Hagh/Mt3/Gpx8/Cdh13/Ptgs1/S100a9/Ptgs2/Gpx7/Rab40b/Pim1/Prxl2a/Cp/Edn1/S100a8/Esd/Slc39a8/Hp/Nqo1/Gstp1/Sesn2/Park7/Gsto1/Hbb-b1/Mgst2/Gch1/Gstk1/Aldh2/Prdx5",29
"GO:0048771","tissue remodeling","38/1357","236/25615",0.161016949152542,3.03938773216092,7.44422826652739,8.96852528330968e-10,1.12968247882316e-07,1.12968247882316e-07,"Siglec15/Npr3/Agt/Acvr2b/Ppp3ca/Tnfsf11/Vdr/Pdk4/Lepr/Ptk2b/Rspo3/Vegfa/Sema3c/Cd38/Mdk/Spp1/Mmp2/Ypel4/Mmp9/Bax/Angpt2/Gata4/Acp5/Ctsk/Ext1/Gpr137b/Rufy4/Oscar/Foxc1/Nos2/F2r/Car2/Bbln/Mmp14/Dcstamp/Il6/Fosl2/Pparg",38
"GO:0006935","chemotaxis","59/1357","476/25615",0.123949579831933,2.33969674826452,6.97809875238133,1.21809613881616e-09,1.50481722995288e-07,1.50481722995288e-07,"Gpr15lg/Rab13/Fgf18/Pip5k1a/Spi1/Nr4a1/Tnfsf11/Pde4b/Lgals3/Cdh13/Ptk2b/Vegfa/Sema3c/S100a9/F3/Mdk/Ppbp/Spp1/Mmp2/Lox/Thbs1/Cxcl2/Mmp9/Tnfaip6/Sema4g/Angpt2/Serpine1/Pgf/Slit2/Rpl13a/Mstn/Gpr183/Hgf/Ripor2/Hspb1/Ednrb/Bsg/Ccr3/Cxcr4/Flt1/Edn1/Cxadr/S100a8/Rtn4r/Mif/Unc5c/Gstp1/S100a4/Ccn1/Artn/Dusp1/Cxcl3/Lrp2/Prkd1/Cxcl1/Bmp4/Ccl3/Fgf7/Cxcl14",59
"GO:0003018","vascular process in circulatory system","41/1357","271/25615",0.151291512915129,2.85580847702361,7.26409223951432,1.34882789364967e-09,1.59044235615669e-07,1.59044235615669e-07,"Pde3a/Npr3/Gucy1a1/Agt/Adra2a/S100a1/Bmp6/Snta1/Ptgs1/Vegfa/Ptgs2/Cd38/Klf2/Mmp2/Slit2/Cftr/Ext1/Abcb1a/Bdkrb2/Smad6/Ednrb/Abcc9/Gclm/Adm/Foxc1/Slc2a1/Edn1/Slc6a4/Dusp5/Ece1/Ocln/F2r/Slc16a2/Slc27a1/Cacna1g/Comp/Fgfbp3/Kcnj8/Kng2/Gch1/Fabp5",41
"GO:0033002","muscle cell proliferation","42/1357","282/25615",0.148936170212766,2.81134856300663,7.23409827019366,1.38511045688304e-09,1.59044235615669e-07,1.59044235615669e-07,"Sugt1/Hmox1/Npr3/Agt/Cdkn1a/Adipoq/Bmp2/Spon2/Cdh13/Retn/Vegfa/Ptgs2/Mmp2/Thbs1/Mmp9/Nkx2-5/Gata6/Gata4/Rgcc/Six1/Pim1/Ereg/Mstn/Tbx20/Sulf1/Ddit3/Tbx2/Rgs5/Flt1/Foxc1/Edn1/Cxadr/Id2/Cited2/Gstp1/Fos/Park7/Ppargc1a/Il6/Bmp4/Adamts1/Pparg",42
"GO:0062197","cellular response to chemical stress","49/1357","360/25615",0.136111111111111,2.56926021452551,7.09208053656441,1.4022103960389e-09,1.59044235615669e-07,1.59044235615669e-07,"Cfl1/Pck1/Adcyap1r1/Nr4a2/Mt3/Chchd2/Penk/Gpx8/Aqp5/Ptgs2/Klf2/Mmp2/Gpx7/Lrrc8e/Lcn2/Bdkrb2/Errfi1/Ptprk/Zfp36l1/Fxyd2/Hgf/Scn2a/Hspb1/Ddit3/Abcc9/Bnip3/Prkra/Rhob/Slc2a1/Edn1/Pex2/Map1lc3a/Pla2r1/Ripk3/Nqo1/Slc2a4/Fos/Sesn2/Sphk1/Mapk8/Park7/Ppargc1a/Prkd1/Il6/Bmp4/Car3/Gch1/Snca/Prdx5",49
"GO:0006869","lipid transport","59/1357","478/25615",0.123430962343096,2.32990722212116,6.94192153944846,1.43033543840145e-09,1.59044235615669e-07,1.59044235615669e-07,"Fabp3/Agt/Apol11b/Bmp6/Cidec/Adipoq/Eepd1/Mttp/Tnfsf11/Xkr6/Tmem63b/Abca7/Abca8b/Retn/Vapa/Abca5/Ptgs2/Ces1a/Esyt3/Spp1/Crot/Thbs1/Vmp1/Cftr/Abcb1a/Atp8b1/Bdkrb2/Tac1/Atg9b/Gramd1c/Star/Slc4a1/Lrp10/Ecrg4/Slc2a1/Edn1/Ttpa/Pla2r1/Nos2/Osbpl6/Slc25a17/Mif/Vldlr/Slc27a3/Slc27a1/Fabp7/Abca8a/Scp2/Fabp4/Abcb4/Kcnj8/Ano7/Plscr2/Pitpnm1/Stard10/Osbpl9/Cry2/Fabp5/Pparg",59
"GO:0042330","taxis","59/1357","478/25615",0.123430962343096,2.32990722212116,6.94192153944846,1.43033543840145e-09,1.59044235615669e-07,1.59044235615669e-07,"Gpr15lg/Rab13/Fgf18/Pip5k1a/Spi1/Nr4a1/Tnfsf11/Pde4b/Lgals3/Cdh13/Ptk2b/Vegfa/Sema3c/S100a9/F3/Mdk/Ppbp/Spp1/Mmp2/Lox/Thbs1/Cxcl2/Mmp9/Tnfaip6/Sema4g/Angpt2/Serpine1/Pgf/Slit2/Rpl13a/Mstn/Gpr183/Hgf/Ripor2/Hspb1/Ednrb/Bsg/Ccr3/Cxcr4/Flt1/Edn1/Cxadr/S100a8/Rtn4r/Mif/Unc5c/Gstp1/S100a4/Ccn1/Artn/Dusp1/Cxcl3/Lrp2/Prkd1/Cxcl1/Bmp4/Ccl3/Fgf7/Cxcl14",59
"GO:1990748","cellular detoxification","27/1357","133/25615",0.203007518796992,3.83201001767499,7.74470679601579,1.43595355941917e-09,1.59044235615669e-07,1.59044235615669e-07,"Gstm5/Hagh/Mt3/Gpx8/Ptgs1/S100a9/Ptgs2/Gpx7/Rab40b/Pim1/Prxl2a/Cp/S100a8/Esd/Slc39a8/Hp/Nqo1/Gstp1/Sesn2/Park7/Gsto1/Hbb-b1/Mgst2/Gch1/Gstk1/Aldh2/Prdx5",27
"GO:0003151","outflow tract morphogenesis","22/1357","91/25615",0.241758241758242,4.56347631734515,8.05418008020339,1.50140894470788e-09,1.63475441708532e-07,1.63475441708532e-07,"Msx2/Vegfa/Sema3c/Thbs1/Fzd1/Nkx2-5/Dvl1/Gata6/Gata4/Six1/Smad6/Tbx20/Sfrp2/Tbx2/Zfpm1/Foxc1/Edn1/Hes1/Heyl/Cited2/Lrp2/Bmp4",22
"GO:0098754","detoxification","30/1357","161/25615",0.186335403726708,3.51730388095772,7.57829826360566,1.56213305627983e-09,1.65126737399395e-07,1.65126737399395e-07,"Gstm5/Mt2/Hagh/Mt3/Gpx8/Ptgs1/S100a9/Ptgs2/Gpx7/Rab40b/Pim1/Abcb1a/Prxl2a/Cp/S100a8/Esd/Slc39a8/Hp/Nqo1/Gstp1/Sesn2/Park7/Gsto1/Hbb-b1/Mgst2/Gch1/Mt1/Gstk1/Aldh2/Prdx5",30
"GO:0003007","heart morphogenesis","44/1357","305/25615",0.144262295081967,2.72312357297317,7.16013814401751,1.56798427480745e-09,1.65126737399395e-07,1.65126737399395e-07,"Msx1/Sox9/Bmp2/Msx2/Vegfa/Sema3c/Egln1/Adgrg6/Thbs1/Fzd1/Nkx2-5/Dvl1/Gata6/Gata4/Six1/Ankrd1/Slit2/Ext1/Pim1/Epor/Smad6/Tbx20/Sfrp2/Abcc9/Ccdc40/Tbx2/Zfpm1/Foxc1/Gng5/Edn1/Adamts5/Hes1/Heyl/Id2/Cited2/Ccn1/Col11a1/Lrp2/Kcnj8/Ift88/Bmp4/Efna1/Adamts1/Nfatc1",44
"GO:0050873","brown fat cell differentiation","19/1357","69/25615",0.27536231884058,5.19779351297085,8.25819805148979,1.85155118174265e-09,1.91844593411529e-07,1.91844593411529e-07,"Fabp3/Arl4a/Adipoq/Ptgs2/Ffar4/Six1/Pim1/Scd1/Napepld/Cebpb/Bnip3/Slc2a4/Aldh6a1/Fabp4/Selenbp1/Ero1a/Ebf2/Pparg/Mecom",19
"GO:0060326","cell chemotaxis","46/1357","330/25615",0.139393939393939,2.63122752953261,7.05409271930391,2.06429698966672e-09,2.10492759708238e-07,2.10492759708238e-07,"Gpr15lg/Rab13/Fgf18/Pip5k1a/Spi1/Nr4a1/Tnfsf11/Pde4b/Lgals3/Ptk2b/Vegfa/S100a9/Mdk/Ppbp/Spp1/Mmp2/Lox/Thbs1/Cxcl2/Mmp9/Tnfaip6/Serpine1/Pgf/Slit2/Rpl13a/Mstn/Gpr183/Hgf/Ripor2/Hspb1/Ednrb/Bsg/Ccr3/Cxcr4/Flt1/Edn1/Cxadr/S100a8/Mif/Gstp1/Dusp1/Cxcl3/Prkd1/Cxcl1/Ccl3/Cxcl14",46
"GO:0030324","lung development","39/1357","254/25615",0.153543307086614,2.89831378852146,7.19122378951136,2.20288271546004e-09,2.21114352564302e-07,2.21114352564302e-07,"Fgf18/Sox2/Acvr2b/Phex/Sox9/Bmp2/Itga3/Sim2/Vegfa/Klf2/Lox/Tmem38b/Gata6/Gata4/Mme/Cftr/Ext1/Rpl13a/Errfi1/Adamtsl2/Ift25/Ccdc40/Tbx2/Pdpn/Thrb/Id1/Hes1/Rbbp9/Hopx/Tnc/Mmp14/Ift88/Adamts2/Bmp4/Fgf7/Ccn2/Rab3a/Fosl2/Ada",39
"GO:0043524","negative regulation of neuron apoptotic process","36/1357","223/25615",0.161434977578475,3.04727851928714,7.26243129889626,2.29950305538214e-09,2.21237670490686e-07,2.21237670490686e-07,"Cited1/Gba1/Hmox1/Agt/Nr4a2/Optn/Mt3/Glp1r/Grina/Nefl/Nmnat1/Ptk2b/Vegfa/Mdk/Fzd1/Bax/Clcf1/Six1/Lcn2/Epor/Star/Rad21/Gclm/Cebpb/Nrbp2/Agap2/F2r/Epha4/Gbe1/Faim2/Park7/Ppargc1a/Il6/Snca/Bbs10/Mt1",36
"GO:0060411","cardiac septum morphogenesis","21/1357","85/25615",0.247058823529412,4.66353114569336,8.00175176078479,2.30666395591856e-09,2.21237670490686e-07,2.21237670490686e-07,"Msx2/Sema3c/Egln1/Fzd1/Nkx2-5/Gata6/Gata4/Slit2/Smad6/Tbx20/Tbx2/Zfpm1/Hes1/Heyl/Id2/Cited2/Ccn1/Lrp2/Ift88/Bmp4/Nfatc1",21
"GO:0050900","leukocyte migration","53/1357","412/25615",0.128640776699029,2.42824870681329,6.91237766693033,2.30742900418368e-09,2.21237670490686e-07,2.21237670490686e-07,"Gpr15lg/Gba1/Spi1/Tnfsf11/Itga3/Sele/Add2/Pde4b/Lgals3/Ptk2b/Cyp4f13/Vegfa/S100a9/Mdk/Ppbp/Spp1/Mmp2/Thbs1/Cadm1/Cxcl2/Mmp9/Ecm1/Tnfaip6/Serpine1/Pgf/Slit2/Ext1/Rpl13a/Jam2/Mstn/Gpr183/Il33/Ripor2/Ednrb/Bsg/Ccr3/Flt1/Podxl2/Edn1/Bdkrb1/Cxadr/S100a8/Mif/Ripk3/Artn/Dusp1/Mmp14/Cxcl3/Selenok/Cxcl1/Ccl3/Ada/Cxcl14",53
"GO:0008016","regulation of heart contraction","35/1357","214/25615",0.163551401869159,3.08722856218018,7.2519135648993,2.68933584449402e-09,2.54063139191612e-07,2.54063139191612e-07,"Agt/Kcne3/S100a1/Snta1/Kcnj2/Adm2/Glp1r/Pde4b/Rgs4/Kcnh2/Tmem38b/Nkx2-5/Gata4/Tac1/Atp2b4/Ednrb/Nmu/Abcc9/Tbx2/Kcnd3/Adm/Thrb/Edn1/Casq2/Tmem38a/Cxadr/Stc1/Kcne4/Hopx/Cacna1g/Gsto1/Kcnj8/Gch1/Ccn2/Ada",35
"GO:0060541","respiratory system development","42/1357","289/25615",0.145328719723183,2.74325361511374,7.04899699099543,2.9360826045311e-09,2.73353545674026e-07,2.73353545674026e-07,"Msx1/Fgf18/Sox2/Acvr2b/Phex/Sox9/Bmp2/Itga3/Sim2/Vegfa/Klf2/Lox/Tmem38b/Gata6/Gata4/Six1/Mme/Cftr/Ext1/Rpl13a/Errfi1/Adamtsl2/Aldh1a3/Ift25/Ccdc40/Tbx2/Pdpn/Thrb/Id1/Hes1/Rbbp9/Hopx/Tnc/Mmp14/Ift88/Adamts2/Bmp4/Fgf7/Ccn2/Rab3a/Fosl2/Ada",42
"GO:0030323","respiratory tube development","39/1357","257/25615",0.151750972762646,2.86448133184611,7.10506790280209,3.09942517746843e-09,2.7988963019322e-07,2.7988963019322e-07,"Fgf18/Sox2/Acvr2b/Phex/Sox9/Bmp2/Itga3/Sim2/Vegfa/Klf2/Lox/Tmem38b/Gata6/Gata4/Mme/Cftr/Ext1/Rpl13a/Errfi1/Adamtsl2/Ift25/Ccdc40/Tbx2/Pdpn/Thrb/Id1/Hes1/Rbbp9/Hopx/Tnc/Mmp14/Ift88/Adamts2/Bmp4/Fgf7/Ccn2/Rab3a/Fosl2/Ada",39
"GO:0003205","cardiac chamber development","34/1357","205/25615",0.165853658536585,3.13068641371749,7.24428062086299,3.12132208409042e-09,2.7988963019322e-07,2.7988963019322e-07,"Bmp2/Msx2/Sema3c/Prdm1/Egln1/Adgrg6/Lmo4/Fzd1/Nkx2-5/Gata6/Gata4/Dand5/Slit2/Epor/Adamts6/Smad6/Tbx20/Sfrp2/Tbx2/Zfpm1/Cxcr4/Foxc1/Hes1/Heyl/Id2/Cited2/Ccn1/Col11a1/Lrp2/Kcnj8/Ift88/Bmp4/Adamts1/Nfatc1",34
"GO:1901740","negative regulation of myoblast fusion","16/1357","50/25615",0.32,6.04038319823139,8.43775263791005,3.13699460988665e-09,2.7988963019322e-07,2.7988963019322e-07,"Rpl14/Rpl36a/Rpl10a/Rpl17/Rpl18a/Rpl34/Rpl6/Rpl13a/Rpl26/Rpl23a/Rpl36/Rpl11/Rpl9/Rpl29/Rpl12/Rpl15",16
"GO:0045669","positive regulation of osteoblast differentiation","20/1357","79/25615",0.253164556962025,4.77878417581598,7.95591856976738,3.49452576990889e-09,3.07518267751982e-07,3.07518267751982e-07,"Jund/Acvr2b/Bmp6/Ppp3ca/Bmp2/Msx2/Npnt/Vegfa/Ffar4/Bmpr1b/Ifitm1/Fzd1/Cebpd/Sfrp2/Cebpb/Ccn1/Gdpd2/Prkd1/Bmp4/Runx2",20
"GO:0030316","osteoclast differentiation","27/1357","139/25615",0.194244604316547,3.66659951331492,7.45591084243212,3.96505671444875e-09,3.44209788292145e-07,3.44209788292145e-07,"Siglec15/Spi1/Calcr/Ppp3ca/Bmp2/Tnfsf11/Lrrc17/Tnfaip6/Junb/Stac2/Eeig1/Gpr183/Gpr137b/Slc9b2/Prxl2a/Oscar/Cebpb/P2rx5/Ocstamp/Car2/Bbln/Fos/Dcstamp/Ccl3/Nfatc1/Fosl2/Gpr68",27
"GO:0097193","intrinsic apoptotic signaling pathway","46/1357","341/25615",0.134897360703812,2.54634922212834,6.79906056307705,5.91564072142864e-09,5.06694346592768e-07,5.06694346592768e-07,"Bcap31/Msx1/Hmox1/Cdkn1a/Pmaip1/Grina/S100a9/Ptgs2/Marchf7/Mmp2/Mmp9/Ier3/Fzd1/Bax/Gata4/Lgals12/Bdkrb2/Rpl26/Rps7/Mllt11/Creb3l1/Scn2a/Hspb1/Ddit3/Cebpb/Bnip3/Prkra/Vnn1/Chac1/Eno1/Trib3/Bbc3/S100a8/Mif/Ripk3/Park7/Pdk1/Selenok/Ero1a/Ddit4/Diablo/Car3/Mapk8ip1/Tpt1/Aldh2/Hspa1a",46
"GO:0030595","leukocyte chemotaxis","36/1357","233/25615",0.15450643776824,2.91649403348082,6.95062155304162,7.63937399751549e-09,6.45728138947888e-07,6.45728138947888e-07,"Gpr15lg/Spi1/Tnfsf11/Pde4b/Lgals3/Ptk2b/Vegfa/S100a9/Mdk/Ppbp/Spp1/Mmp2/Thbs1/Cxcl2/Mmp9/Tnfaip6/Serpine1/Pgf/Slit2/Rpl13a/Mstn/Gpr183/Ripor2/Ednrb/Bsg/Ccr3/Flt1/Edn1/Cxadr/S100a8/Mif/Dusp1/Cxcl3/Cxcl1/Ccl3/Cxcl14",36
"GO:0034242","negative regulation of syncytium formation by plasma membrane fusion","16/1357","53/25615",0.30188679245283,5.69847471531263,8.09838732595045,8.13386596302741e-09,6.78596817486858e-07,6.78596817486858e-07,"Rpl14/Rpl36a/Rpl10a/Rpl17/Rpl18a/Rpl34/Rpl6/Rpl13a/Rpl26/Rpl23a/Rpl36/Rpl11/Rpl9/Rpl29/Rpl12/Rpl15",16
"GO:0044092","negative regulation of molecular function","44/1357","322/25615",0.136645962732919,2.579356179369,6.74541972659821,8.5097230610515e-09,7.00852063387113e-07,7.00852063387113e-07,"Npr3/Agt/Kcne3/Cdkn1a/Adipoq/Mt3/Taf7/Lepr/Cnrip1/Egln1/Ecm1/Ppm1e/Serpine1/Bscl2/Errfi1/Mstn/Fxyd2/Slc4a1/Ripor2/Sfrp2/Deptor/Cdkn2c/Angptl4/Trib3/Gtf2f1/Pkia/Id2/Nqo1/Gstp1/Fetub/Zfp36/Gapdh/Gadd45b/Fabp4/Park7/Ramp3/Arg2/Ppargc1a/Il6/Mapk8ip1/Atp5if1/Mad2l2/Prdx5/Cep85",44
"GO:2001234","negative regulation of apoptotic signaling pathway","38/1357","256/25615",0.1484375,2.80193556558585,6.85321423973693,9.14122839442385e-09,7.43332293744035e-07,7.43332293744035e-07,"Eya4/Ghitm/Hmox1/Ar/Nr4a2/Higd1a/Peli3/Grina/Sh3rf1/Lgals3/Vegfa/Ptgs2/Marchf7/Cth/Mmp9/Ier3/Fzd1/Bax/Serpine1/Gata4/Bdkrb2/Hgf/Creb3l1/Hspb1/Sfrp2/Gclm/Eno1/Agap2/Mif/Gstp1/Mpv17l/Faim2/Park7/Bmp4/Car3/Mapk8ip1/Tpt1/Hspa1a",38
"GO:0007179","transforming growth factor beta receptor signaling pathway","35/1357","225/25615",0.155555555555556,2.93629738802915,6.89974592737514,1.02830628023985e-08,8.18166724368229e-07,8.18166724368228e-07,"Cited1/Atf3/Spi1/Bmp2/Sap30/Itga3/Npnt/Tsc22d1/Bmpr1b/Lox/Thbs1/Dand5/Rgcc/Zfp703/Lrrc32/Cdkn1c/Ptprk/Adamtsl2/Smad6/Mstn/Cdh3/Gcnt2/Rasl11b/Itga8/Htra3/Smad9/Cited2/Appl2/Itgb8/Fos/Nrep/Peg10/Ero1a/Pparg/Hspa1a",35
"GO:0051146","striated muscle cell differentiation","51/1357","406/25615",0.125615763546798,2.37114796112839,6.58674211823862,1.03162367175944e-08,8.18166724368229e-07,8.18166724368228e-07,"Msx1/Agt/Rpl14/Rpl36a/Ppp3ca/Bmp2/Rpl10a/Hacd1/Tmod1/Rpl17/Vegfa/Rgs4/Rpl18a/Arrdc2/Rpl34/Neurl2/Rpl6/Mtln/Nkx2-5/Gata6/Gata4/Abcb1a/Rpl13a/Rpl26/Ripor2/Rpl23a/Rpl36/Rpl11/Ybx1/Bhlhe41/Rpl9/Rpl29/Edn1/Casq2/Cxadr/Adamts5/Sort1/Rpl12/Hopx/Pld3/Krt19/Mmp14/Cyp26b1/Kcnj8/Prkd1/Ift88/Myorg/Bmp4/Rpl15/Acadm/Csrp2",51
"GO:0003206","cardiac chamber morphogenesis","28/1357","155/25615",0.180645161290323,3.40989374093708,7.11763435363901,1.10905829483215e-08,8.68852498292898e-07,8.68852498292898e-07,"Bmp2/Msx2/Sema3c/Egln1/Adgrg6/Fzd1/Nkx2-5/Gata6/Gata4/Slit2/Epor/Smad6/Tbx20/Sfrp2/Tbx2/Zfpm1/Foxc1/Hes1/Heyl/Id2/Cited2/Ccn1/Col11a1/Lrp2/Ift88/Bmp4/Adamts1/Nfatc1",28
"GO:0051384","response to glucocorticoid","29/1357","165/25615",0.175757575757576,3.31763471114982,7.0638943635605,1.161898232549e-08,8.99281234445157e-07,8.99281234445157e-07,"Gba1/Pck1/Calcr/Bmp6/Glb1/Nefl/Sult1a1/Pck2/Mdk/Cxcl2/Errfi1/Pappa/Ephx1/Zfp36l1/Mstn/Star/Aldh3a1/Tbx2/Edn1/Klf9/Stc1/Gstp1/Fos/Zfp36/Dusp1/Il6/Ddit4/Bmp4/Fosl2",29
"GO:0071375","cellular response to peptide hormone stimulus","49/1357","384/25615",0.127604166666667,2.40868145111766,6.57827927309238,1.20256767241051e-08,9.19677943757756e-07,9.19677943757756e-07,"Cfl1/Lpl/Rab13/Pck1/Agt/Nr4a1/Nr4a2/Ppp3ca/Adipoq/Glp1r/Rps6kb2/Pdk4/Atp6v1g1/Pck2/Klf2/Insig1/Ncoa1/Mgarp/Errfi1/Zfp36l1/Ptprv/Mstn/Star/Blvrb/Atp6v1d/Slc2a8/Sgk1/Cpeb2/Dnai1/Trib3/Atp6v0b/Akr1c18/Edn1/Klf11/Car2/Appl2/Gstp1/Slc2a4/Fos/Slc27a1/Grb14/Otop1/Prkd1/Pde3b/Car3/Klf15/Atp6v1a/Pparg/Trarg1",49
"GO:0060485","mesenchyme development","44/1357","327/25615",0.134556574923547,2.53991648243675,6.62849499873999,1.36130898976752e-08,1.02882928826665e-06,1.02882928826665e-06,"Cfl1/Msx1/Agt/Sox9/Bmp2/Msx2/Vegfa/Sema3c/Mdk/Loxl2/Thbs1/Sema4g/Frzb/Nkx2-5/Gata4/Dand5/Rgcc/Six1/Zfp703/Ext1/Zfp36l1/Zic2/Tbx20/Ednrb/Sfrp2/Tbx2/Gcnt2/Ranbp3l/Pdpn/Foxc1/Edn1/Meox1/Adamts5/Hes1/Heyl/Nrtn/Osr1/Cited2/Epha4/Il6/Bmp4/Efna1/Nfatc1/Mad2l2",44
"GO:0048545","response to steroid hormone","47/1357","364/25615",0.129120879120879,2.4373112149457,6.53225824496768,1.64203281871387e-08,1.22656032876952e-06,1.22656032876952e-06,"Pde3a/Gba1/Pck1/Jund/Calcr/Ar/Bmp6/Glb1/Vdr/Nefl/Sult1a1/Taf7/Crebrf/Pck2/Paqr7/Mdk/Ncoa1/Spp1/Lox/Cxcl2/Junb/Mgarp/Adh1/Errfi1/Pappa/Ephx1/Zfp36l1/Mstn/Star/Sgk1/Aldh3a1/Tbx2/Edn1/Klf9/Heyl/Stc1/Car2/Gstp1/Fos/Zfp36/Dusp1/Park7/Il6/Ddit4/Bmp4/Cry2/Fosl2",47
"GO:0048872","homeostasis of number of cells","53/1357","439/25615",0.120728929384966,2.27890311436691,6.39260206413687,2.07475746797092e-08,1.53198183612014e-06,1.53198183612014e-06,"Gpr15lg/Tsc22d3/Hba-a1/Gba1/Hmox1/Spi1/Hbb-bt/Pmaip1/Znhit1/Sox9/Tmem63b/Bbip1/Pde4b/Rps24/Vegfa/Klf2/Ypel4/Bax/Rps14/Ext1/Brinp1/Zfp36l1/Gpr183/Afp/Blvrb/Slc4a1/Napepld/Zfpm1/Hscb/F2r/Mif/Alas2/Id2/Cited2/Ripk3/Flt3/Lmo1/Hcar2/Zfp36/Hbb-b1/Cdin1/Il6/Ift88/Bmp4/Rhd/Lgals2/Atp5if1/Trim10/Fosl2/Ada/Prdx5/Mecom/Hspa1a",53
"GO:0006066","alcohol metabolic process","49/1357","393/25615",0.124681933842239,2.35352080719894,6.39547169955189,2.54040787532571e-08,1.85449774898777e-06,1.85449774898777e-06,"Gba1/Pck1/Sord/Rdh14/Agt/Adcyap1r1/Adh7/Bmp6/Mttp/Bmp2/Lepr/Nudt10/Isyna1/Gk5/Abhd4/Pck2/Abca5/Ces1a/Insig1/Acss2/Cftr/Adh1/Errfi1/Ephx1/Lmf1/Ephx2/Aldh1a3/Star/Grk3/Ednrb/Napepld/Marchf6/Thrb/Hao1/Akr1c18/Pex2/Itpk1/Vldlr/Tpk1/Sphk1/Scp2/Park7/Lrp2/Cyp46a1/Plpp1/Gdpd1/Gch1/Snca/Aldh2",49
"GO:0045766","positive regulation of angiogenesis","31/1357","191/25615",0.162303664921466,3.06367603313438,6.77075960814988,2.57377157840513e-08,1.85774254153647e-06,1.85774254153647e-06,"Hmox1/Fgf18/S100a1/Adm2/Emilin2/Anxa3/Lgals3/Ptk2b/Vegfa/F3/Mdk/Thbs1/Mmp9/Ecm1/Angpt2/Serpine1/Pgf/Gata6/Gata4/Hgf/Hspb1/Sfrp2/Ccr3/Adm/Rhob/Cxcr4/Flt1/Itgb8/Sphk1/Hspb6/Prkd1",31
"GO:0060142","regulation of syncytium formation by plasma membrane fusion","19/1357","80/25615",0.2375,4.48309690493736,7.37978569468802,2.65912980818118e-08,1.89802776530621e-06,1.89802776530621e-06,"Rpl14/Rpl36a/Rpl10a/Rpl17/Rpl18a/Rpl34/Rpl6/Rpl13a/Rpl26/Ripor2/Rpl23a/Rpl36/Rpl11/Rpl9/Rpl29/Rpl12/Ocstamp/Dcstamp/Rpl15",19
"GO:0006816","calcium ion transport","57/1357","494/25615",0.115384615384615,2.17802278782382,6.25316422892282,3.07187117785324e-08,2.16853851060761e-06,2.16853851060761e-06,"Trpc1/Ghitm/Cemip/Agt/Adcyap1r1/Ppp3ca/Glp1r/Grina/Vdr/Lpar3/Mcub/Cacng7/Pde4b/Lgals3/Ptk2b/Rgs4/Ptgs2/Cacna1i/Tmem38b/Bax/Serpine1/Clca1/P2rx6/Atp2b4/Plcl1/Ednrb/Ddit3/Prnp/Cxcr4/Edn1/Bdkrb1/Casq2/Tmem38a/P2rx5/Hes1/Epb41/Stc1/F2r/Best1/Atp2c2/Cacna1g/Faim2/Gsto1/Ramp3/Cd19/Selenok/Kcnj8/Prkd1/Ero1a/Bmp4/Cdk5/Ccl3/Cracr2b/Snca/Ccn2/Nfatc1/Itpr2",57
"GO:0006879","intracellular iron ion homeostasis","19/1357","81/25615",0.234567901234568,4.42775002956776,7.30791279406107,3.30271171178403e-08,2.30615435179354e-06,2.30615435179354e-06,"Steap4/Hmox1/Acvr2b/Bmp6/Bmp2/Atp6v1g1/Egln1/Lcn2/Hpx/Fth1/Cp/Steap2/Smad9/Ndfip1/Slc39a8/Alas2/Ftl1/Frrs1/Atp6v1a",19
"GO:0045598","regulation of fat cell differentiation","27/1357","153/25615",0.176470588235294,3.33109367549525,6.84006636063935,3.36612130737976e-08,2.32515734178576e-06,2.32515734178576e-06,"Lpl/Adipoq/Bmp2/Msx2/Vegfa/Ptgs2/Insig1/Ffar4/Trib2/Frzb/Six1/Pim1/Zfp36l1/Ddit3/Sfrp2/Napepld/Cebpb/Trib3/Sort1/Hes1/Id2/Zfp36/Ift88/Jdp2/Medag/Pparg/Mecom",27
"GO:0031960","response to corticosteroid","30/1357","183/25615",0.163934426229508,3.09445860565133,6.72524638139393,3.40811951254171e-08,2.32912337750723e-06,2.32912337750723e-06,"Gba1/Pck1/Calcr/Bmp6/Glb1/Nefl/Sult1a1/Pck2/Mdk/Cxcl2/Errfi1/Pappa/Ephx1/Zfp36l1/Mstn/Star/Sgk1/Aldh3a1/Tbx2/Edn1/Klf9/Stc1/Gstp1/Fos/Zfp36/Dusp1/Il6/Ddit4/Bmp4/Fosl2",30
"GO:1904018","positive regulation of vasculature development","31/1357","194/25615",0.15979381443299,3.0162995996323,6.66746499234061,3.73187574053167e-08,2.52353365865005e-06,2.52353365865005e-06,"Hmox1/Fgf18/S100a1/Adm2/Emilin2/Anxa3/Lgals3/Ptk2b/Vegfa/F3/Mdk/Thbs1/Mmp9/Ecm1/Angpt2/Serpine1/Pgf/Gata6/Gata4/Hgf/Hspb1/Sfrp2/Ccr3/Adm/Rhob/Cxcr4/Flt1/Itgb8/Sphk1/Hspb6/Prkd1",31
"GO:0048705","skeletal system morphogenesis","38/1357","270/25615",0.140740740740741,2.65665001774066,6.47243405601299,3.93986390942773e-08,2.63642559939206e-06,2.63642559939206e-06,"Msx1/Fgf18/Acvr2b/Bmp6/Sox9/Msx2/Vdr/Fmn1/Vegfa/Insig1/Prrx2/Bmpr1b/Mmp2/Thbs1/Six1/Acp5/Ext1/Hoxb2/Atg9b/Hoxa2/Sulf1/Col11a2/Prkra/Foxc1/Pappa2/Stc1/Osr1/Cited2/Col11a1/Col10a1/Mmp14/Cyp26b1/Comp/Bmp4/Hoxb4/Runx2/Ccn2/Fosl2",38
"GO:0051145","smooth muscle cell differentiation","19/1357","82/25615",0.231707317073171,4.37375307798767,7.23719755713223,4.08681453074898e-08,2.7065666541785e-06,2.7065666541785e-06,"Agt/Sox9/Npnt/Vegfa/Cth/Cfd/Gata6/Six1/Smad6/Ereg/Ednrb/Tbx2/Adm/Itga8/Hes1/Tmem204/Comp/Bmp4/Nfatc1",19
"GO:0043270","positive regulation of monoatomic ion transport","36/1357","252/25615",0.142857142857143,2.69659964206759,6.40148100489805,6.06645296346921e-08,3.97662182013532e-06,3.97662182013532e-06,"Trpc1/Cemip/Kcne3/S100a1/Adcyap1r1/Ppp3ca/Kcnj2/Lpar3/Atpsckmt/Lgals3/Hcn1/Kcnh2/Stac2/Bax/Serpine1/Nkx2-5/Vmp1/Lcn2/Fxyd2/Sgk1/Cxcr4/Edn1/Bdkrb1/P2rx5/Slc6a4/Fhl1/Stc1/Nedd4l/F2r/Atp2c2/Gsto1/Cd19/Cxcl1/Bmp4/Ccl3/Snca",36
"GO:0030510","regulation of BMP signaling pathway","22/1357","110/25615",0.2,3.77523949889462,6.89898621589443,6.19212357027924e-08,4.0180001833812e-06,4.0180001833812e-06,"Msx1/Elapor2/Msx2/Itga3/Tnfaip6/Fzd1/Gata6/Gata4/Dand5/Smad6/Chrdl1/Tbx20/Sulf1/Sfrp2/Htra3/Hes1/Tmem53/Ccn1/Lrp2/Bmp4/Pparg/Fst",22
"GO:1901739","regulation of myoblast fusion","17/1357","68/25615",0.25,4.71904937361828,7.26302563398749,6.33516415090176e-08,4.06970945053929e-06,4.06970945053929e-06,"Rpl14/Rpl36a/Rpl10a/Rpl17/Rpl18a/Rpl34/Rpl6/Rpl13a/Rpl26/Ripor2/Rpl23a/Rpl36/Rpl11/Rpl9/Rpl29/Rpl12/Rpl15",17
"GO:0019395","fatty acid oxidation","23/1357","120/25615",0.191666666666667,3.61793785310734,6.79866399815444,7.16150212680434e-08,4.55499897649417e-06,4.55499897649417e-06,"Fabp3/Adh7/Adipoq/Sox9/Etfb/Pdk4/Fmo2/Crot/Mtln/Phyh/Abcc9/Cp/Echdc2/Hao1/Pex2/Slc25a17/Appl2/Sesn2/Scp2/Ppargc1a/Bdh2/Acadm/Pparg",23
"GO:0010038","response to metal ion","47/1357","382/25615",0.12303664921466,2.32246408963413,6.1593127419127,7.31422120929581e-08,4.58752117468132e-06,4.58752117468132e-06,"Khk/Trpc1/Hmox1/Sord/Jund/Sox2/Bmp6/Ppp3ca/Mt2/Mttp/Mt3/Penk/Hcn1/Loxl2/Gss/Thbs1/Junb/Adcy1/Lcn2/Star/Abcc9/Cp/Prnp/Bnip3/Bsg/Edn1/Ggh/P2rx5/Map1lc3a/Slc39a8/Atp7b/Id2/Car2/Fos/Rasa4/Cacna1g/Cpne8/Dusp1/Fabp4/Mapk8/Park7/Snca/Nfatc1/Xdh/Mt1/Gstk1/Pparg",47
"GO:0000302","response to reactive oxygen species","33/1357","221/25615",0.149321266968326,2.81861772541906,6.42204182182896,7.35545891955442e-08,4.58752117468132e-06,4.58752117468132e-06,"Cfl1/Hmox1/Adcyap1r1/Mt3/Ptk2b/Klf2/Mmp2/Lcn2/Epor/Ptprk/Star/Hgf/Slc4a1/Abcc9/Bnip3/Rhob/Plk3/Edn1/Pex2/Map1lc3a/Ripk3/Nqo1/Gstp1/Fos/Sesn2/Sphk1/Dusp1/Mapk8/Park7/Il6/Car3/Gch1/Prdx5",33
"GO:0097529","myeloid leukocyte migration","35/1357","243/25615",0.1440329218107,2.71879387780477,6.36723258277375,7.49842988354917e-08,4.63172245883845e-06,4.63172245883845e-06,"Spi1/Tnfsf11/Pde4b/Lgals3/Ptk2b/Cyp4f13/Vegfa/S100a9/Mdk/Ppbp/Spp1/Mmp2/Thbs1/Cxcl2/Mmp9/Tnfaip6/Serpine1/Pgf/Slit2/Rpl13a/Mstn/Ripor2/Ednrb/Bsg/Ccr3/Flt1/Edn1/Cxadr/S100a8/Mif/Dusp1/Mmp14/Cxcl3/Cxcl1/Ccl3",35
"GO:0002573","myeloid leukocyte differentiation","39/1357","289/25615",0.134948096885813,2.5473069283199,6.25666959030613,8.26627192109656e-08,5.05738388772612e-06,5.05738388772612e-06,"Siglec15/Gba1/Spi1/Calcr/Ppp3ca/Adipoq/Bmp2/Tnfsf11/Vegfa/Lrrc17/Tnfaip6/Junb/Stac2/Eeig1/Zfp36l1/Gpr183/Gpr137b/Slc9b2/Il33/Prxl2a/Oscar/Cebpb/Zfpm1/P2rx5/Ndfip1/Ocstamp/Id2/Cited2/Car2/Bbln/Itgb8/Fos/Dcstamp/Bmp4/Ccl3/Nfatc1/Fosl2/Pparg/Gpr68",39
"GO:0051047","positive regulation of secretion","52/1357","449/25615",0.115812917594655,2.18610750492784,5.99709956012273,1.09198233947545e-07,6.61782504602859e-06,6.61782504602859e-06,"Npr3/Agt/Pard6a/Bmp6/Ppp3ca/Bmp2/Tnfsf11/Glp1r/Vdr/Lgals3/Lepr/Retn/Pck2/S100a9/Cd38/Cacna1i/Ffar4/Spp1/Vsnl1/Clcf1/Rgcc/Ankrd1/Stam/Tac1/Sytl2/Slc4a8/Sybu/Nmu/Rufy4/Bsg/Rapgefl1/Ecrg4/Rapgef4/Edn1/Rab15/Camk2n1/Pla2r1/S100a8/Slc6a4/Stxbp2/Mif/Aldoa/Scamp5/Hcar2/Cacna1g/Sphk1/Prkd1/Cdk5/Snca/Rab3a/Pparg/Gpr68",52
"GO:0070661","leukocyte proliferation","45/1357","363/25615",0.12396694214876,2.34002448278592,6.0816200762676,1.10678038470435e-07,6.64481980499135e-06,6.64481980499135e-06,"Gba1/Npr3/Cdkn1a/Ppp3ca/Znhit1/Tnfsf11/Sh3rf1/Lgals3/Cd59b/Prdm1/Cd38/Marchf7/Bax/Clcf1/Tac1/Lrrc32/Gpr183/Slc4a1/Il33/Ripor2/Prnp/Cebpb/Cd24a/Cxcr4/Dhps/Hes1/Ndfip1/Ocstamp/Mif/Ripk3/Flt3/Gstp1/Lmo1/Prlr/Satb1/Arg2/Cd19/Selenok/Il6/Arg1/Bmp4/Btnl2/Mapk8ip1/Fosl2/Ada",45
"GO:0034103","regulation of tissue remodeling","19/1357","87/25615",0.218390804597701,4.12238795856309,6.89984325192407,1.12515118883841e-07,6.6925659602759e-06,6.6925659602759e-06,"Siglec15/Agt/Ppp3ca/Tnfsf11/Pdk4/Lepr/Vegfa/Cd38/Mdk/Spp1/Ypel4/Gata4/Gpr137b/Rufy4/Oscar/Car2/Dcstamp/Il6/Pparg",19
"GO:0008217","regulation of blood pressure","34/1357","236/25615",0.144067796610169,2.71945218140714,6.27639086472803,1.13917607442058e-07,6.71382302942917e-06,6.71382302942917e-06,"Hmox1/Npr3/Gucy1a1/Agt/Ar/Adipoq/Adm2/Glp1r/Ptgs1/Ptgs2/Ier3/Pgf/Mme/Ext1/Bdkrb2/Tac1/Ephx2/Ednrb/Nmu/Abcc9/Adm/Edn1/Bdkrb1/Camk2n1/Nos2/Ece1/Nedd4l/F2r/Id2/Lvrn/Anpep/Kcnj8/Gch1/Pparg",34
"GO:0032370","positive regulation of lipid transport","20/1357","96/25615",0.208333333333333,3.9325411446819,6.80846227275979,1.20396976070724e-07,6.82240865446628e-06,6.82240865446628e-06,"Fabp3/Bmp6/Adipoq/Eepd1/Tnfsf11/Abca7/Abca8b/Retn/Abca5/Ces1a/Spp1/Tac1/Ecrg4/Edn1/Pla2r1/Mif/Abca8a/Scp2/Abcb4/Pparg",20
"GO:0098869","cellular oxidant detoxification","20/1357","96/25615",0.208333333333333,3.9325411446819,6.80846227275979,1.20396976070724e-07,6.82240865446628e-06,6.82240865446628e-06,"Mt3/Gpx8/Ptgs1/S100a9/Ptgs2/Gpx7/Prxl2a/Cp/S100a8/Hp/Nqo1/Gstp1/Sesn2/Park7/Gsto1/Hbb-b1/Mgst2/Gch1/Gstk1/Prdx5",20
"GO:1905954","positive regulation of lipid localization","22/1357","114/25615",0.192982456140351,3.64277495507376,6.68859859157798,1.20691168939737e-07,6.82240865446628e-06,6.82240865446628e-06,"Fabp3/Lpl/Bmp6/Adipoq/Eepd1/Tnfsf11/Abca7/Abca8b/Retn/Abca5/Ces1a/Spp1/Tac1/Ecrg4/Edn1/Pla2r1/Mif/Abca8a/Scp2/Abcb4/Hilpda/Pparg",22
"GO:0035296","regulation of tube diameter","31/1357","204/25615",0.151960784313725,2.86844177612091,6.33701748186071,1.21070141128449e-07,6.82240865446628e-06,6.82240865446628e-06,"Npr3/Gucy1a1/Agt/Adra2a/S100a1/Snta1/Ptgs1/Vegfa/Ptgs2/Cd38/Klf2/Mmp2/Cftr/Ext1/Bdkrb2/Smad6/Ednrb/Abcc9/Gclm/Adm/Foxc1/Edn1/Slc6a4/Dusp5/Ece1/F2r/Cacna1g/Comp/Kcnj8/Kng2/Gch1",31
"GO:0097746","blood vessel diameter maintenance","31/1357","204/25615",0.151960784313725,2.86844177612091,6.33701748186071,1.21070141128449e-07,6.82240865446628e-06,6.82240865446628e-06,"Npr3/Gucy1a1/Agt/Adra2a/S100a1/Snta1/Ptgs1/Vegfa/Ptgs2/Cd38/Klf2/Mmp2/Cftr/Ext1/Bdkrb2/Smad6/Ednrb/Abcc9/Gclm/Adm/Foxc1/Edn1/Slc6a4/Dusp5/Ece1/F2r/Cacna1g/Comp/Kcnj8/Kng2/Gch1",31
"GO:0061036","positive regulation of cartilage development","12/1357","35/25615",0.342857142857143,6.47183914096221,7.66157759416794,1.24573673547305e-07,6.95879372928595e-06,6.95879372928595e-06,"Fgf18/Bmp6/Sox9/Bmp2/Mdk/Loxl2/Bmpr1b/Thrb/Prkg2/Ccn1/Bmp4/Runx2",12
"GO:0035150","regulation of tube size","31/1357","205/25615",0.151219512195122,2.85444937721301,6.30508159212248,1.35518512641208e-07,7.49073603292734e-06,7.49073603292734e-06,"Npr3/Gucy1a1/Agt/Adra2a/S100a1/Snta1/Ptgs1/Vegfa/Ptgs2/Cd38/Klf2/Mmp2/Cftr/Ext1/Bdkrb2/Smad6/Ednrb/Abcc9/Gclm/Adm/Foxc1/Edn1/Slc6a4/Dusp5/Ece1/F2r/Cacna1g/Comp/Kcnj8/Kng2/Gch1",31
"GO:0003281","ventricular septum development","19/1357","88/25615",0.215909090909091,4.07554264085215,6.83540623348202,1.36428411558608e-07,7.49073603292734e-06,7.49073603292734e-06,"Prdm1/Egln1/Lmo4/Fzd1/Nkx2-5/Gata4/Dand5/Slit2/Smad6/Zfpm1/Cxcr4/Hes1/Heyl/Id2/Cited2/Ccn1/Lrp2/Bmp4/Nfatc1",19
"GO:0009410","response to xenobiotic stimulus","54/1357","479/25615",0.112734864300626,2.12800556305125,5.89429740380183,1.51511968978423e-07,8.23649176774485e-06,8.23649176774485e-06,"Fabp3/Pde3a/Gsta4/Gstm5/Uchl1/Adipoq/Sult1a1/Pde4b/Cdh13/Fmo2/Kcnh2/Cd38/Mdk/Mmp2/Lox/Crot/Mmp9/Car9/Ppm1e/Fzd1/Serpine1/Gata6/Gata4/Ankrd1/Cftr/Lcn2/Pim1/Abcb1a/Errfi1/Star/Sfrp2/Aldh3a1/Abcc9/Gclm/Prnp/Edn1/Slc6a2/Ggh/Slc6a4/Gstm1/Nos2/Rbbp9/Nqo1/Gstp1/Fos/Gsto1/Cyp26b1/Kcnj8/Cyp46a1/Ccl3/Snca/Cyp2s1/Fosl2/Aldh2",54
"GO:0043086","negative regulation of catalytic activity","35/1357","250/25615",0.14,2.64266764922623,6.17310132881805,1.52575112135996e-07,8.23649176774485e-06,8.23649176774485e-06,"Npr3/Agt/Cdkn1a/Adipoq/Mt3/Taf7/Lepr/Egln1/Ecm1/Ppm1e/Serpine1/Bscl2/Errfi1/Mstn/Slc4a1/Sfrp2/Deptor/Cdkn2c/Angptl4/Trib3/Pkia/Nqo1/Gstp1/Fetub/Zfp36/Gapdh/Gadd45b/Fabp4/Arg2/Il6/Mapk8ip1/Atp5if1/Mad2l2/Prdx5/Cep85",35
"GO:0010959","regulation of metal ion transport","50/1357","430/25615",0.116279069767442,2.19490668540385,5.91014820762732,1.68652659768836e-07,9.02853905295836e-06,9.02853905295836e-06,"Trpc1/Cemip/Agt/Kcne3/Adcyap1r1/Snta1/Ppp3ca/Kcnj2/Glp1r/Vdr/Lpar3/Mcub/Pde4b/Lgals3/Kcnf1/Ptk2b/Rgs4/Kcnh2/Ptgs2/Tmem38b/Bax/Serpine1/Nkx2-5/Lcn2/Fxyd2/Sgk1/Abcc9/Prnp/Cxcr4/Bdkrb1/Casq2/Tmem38a/P2rx5/Hes1/Fhl1/Epb41/Stc1/Nedd4l/F2r/Osr1/Best1/Atp2c2/Cacna1g/Gsto1/Cd19/Prkd1/Cxcl1/Bmp4/Ccl3/Snca",50
"GO:0090100","positive regulation of transmembrane receptor protein serine/threonine kinase signaling pathway","21/1357","107/25615",0.196261682242991,3.70467427461622,6.63085888461878,1.72206216519468e-07,9.1425845861245e-06,9.1425845861245e-06,"Msx1/Elapor2/Acvr2b/Bmp6/Bmp2/Msx2/Npnt/Tsc22d1/Thbs1/Gata6/Gata4/Cdkn1c/Tbx20/Sulf1/Itga8/Hes1/Cited2/Ccn1/Atoh8/Bmp4/Pparg",21
"GO:2001242","regulation of intrinsic apoptotic signaling pathway","30/1357","197/25615",0.152284263959391,2.87454784179793,6.2468357180061,1.83518287606661e-07,9.66329081627206e-06,9.66329081627206e-06,"Bcap31/Msx1/Pmaip1/Grina/S100a9/Ptgs2/Marchf7/Mmp2/Mmp9/Fzd1/Bax/Gata4/Bdkrb2/Rpl26/Rps7/Creb3l1/Hspb1/Ddit3/Prkra/Vnn1/Eno1/Bbc3/S100a8/Mif/Ripk3/Park7/Car3/Mapk8ip1/Tpt1/Hspa1a",30
"GO:0042180","ketone metabolic process","35/1357","252/25615",0.138888888888889,2.6216940964546,6.11885308519702,1.85809436294919e-07,9.70438877039481e-06,9.70438877039481e-06,"Fabp3/Agt/Bmp6/Adipoq/Hagh/Sox9/Bmp2/Pdk4/Fmo2/Ptgs2/Ces1a/Insig1/Mtln/Kyat3/Star/Afp/Ednrb/Angptl4/Trib3/Akr1c18/Edn1/Cbr3/Aldoa/Nqo1/Appl2/Tpk1/Scp2/Park7/Pdk1/Ppargc1a/Cyp46a1/Snca/Fabp5/Coq8a/Pparg",35
"GO:0060349","bone morphogenesis","22/1357","117/25615",0.188034188034188,3.54937046904622,6.53693179789436,1.94777819644765e-07,1.00907476886933e-05,1.00907476886933e-05,"Msx1/Fgf18/Bmp6/Sox9/Msx2/Insig1/Bmpr1b/Thbs1/Acp5/Ext1/Atg9b/Foxc1/Pappa2/Stc1/Cited2/Col10a1/Mmp14/Cyp26b1/Comp/Bmp4/Runx2/Fosl2",22
"GO:0001890","placenta development","30/1357","198/25615",0.151515151515152,2.86002992340502,6.21428993998285,2.05500109386571e-07,1.05610616215947e-05,1.05610616215947e-05,"Phlda2/Cited1/Vdr/Rspo3/Prdm1/Egln1/Ptgs2/Ncoa1/Adgrg6/Junb/Serpine1/Pgf/Mme/Epor/Cdkn1c/Zfp36l1/Tfeb/Cebpb/Bsg/Adm/Ttpa/Hes1/Stc1/Cited2/Krt19/Ccn1/Peg10/Dlx3/Ada/Pparg",30
"GO:0014074","response to purine-containing compound","27/1357","167/25615",0.161676646706587,3.05184031347769,6.29181720188181,2.17452360844358e-07,1.10866187782869e-05,1.10866187782869e-05,"Cited1/Pde3a/Pck1/Adipoq/Atp5po/Penk/Hcn1/Tmem38b/Cftr/P2rx6/Zfp36l1/Star/Aldh3a1/Abcc9/Bsg/Casq2/Tmem38a/P2rx5/Slc6a4/Stc1/Rap1a/Fos/Dusp1/Kcnj8/Ada/Vgf/Itpr2",27
"GO:0002062","chondrocyte differentiation","23/1357","128/25615",0.1796875,3.39181673728814,6.41615218652413,2.44504898750488e-07,1.23677123588436e-05,1.23677123588436e-05,"Fgf18/Bmp6/Sox9/Bmp2/Msx2/Mdk/Loxl2/Bmpr1b/Ecm1/Ext1/Sulf1/Sfrp2/Mboat2/Col11a2/Thrb/Prkg2/Osr1/Col11a1/Comp/Bmp4/Runx2/Ccn2/Fosl2",23
"GO:0062012","regulation of small molecule metabolic process","48/1357","411/25615",0.116788321167883,2.20451941541292,5.82238756525664,2.60139265966532e-07,1.30557394106953e-05,1.30557394106953e-05,"Fabp3/Pck1/Agt/Adcyap1r1/Bmp6/Uchl1/Pmaip1/Adipoq/Sox9/Bmp2/Atpsckmt/Pdk4/Fmo2/Lepr/Isyna1/Ptgs2/Ces1a/Insig1/Ier3/Mtln/Lmf1/Atp2b4/Ephx2/Star/Slc4a1/Marchf6/Thrb/Angptl4/Eno1/Trib3/Edn1/Pex2/Nqo1/Appl2/Tpk1/Sesn2/Scp2/Park7/Pdk1/Ppargc1a/Il6/Ddit4/Snca/Atp5if1/Acadm/Gfi1/Fabp5/Pparg",48
"GO:0032526","response to retinoic acid","21/1357","110/25615",0.190909090909091,3.60363770349032,6.47240017833315,2.81109276531961e-07,1.3998806142956e-05,1.3998806142956e-05,"Pck1/Sox2/Bmp6/Sox9/Ptk2b/Ncoa1/Mmp2/Aqp3/Gata6/Gata4/Mest/Adh1/Brinp1/Star/Hoxa2/Tbx2/Slc6a4/Osr1/Dusp1/Cyp26b1/Rorb",21
"GO:0030258","lipid modification","30/1357","201/25615",0.149253731343284,2.81734290962285,6.11785990072076,2.87011021326628e-07,1.41827600077097e-05,1.41827600077097e-05,"Fabp3/Plppr3/Adh7/Adipoq/Sox9/Etfb/Plpp6/Pdk4/Fmo2/Crot/Mtln/Phyh/Ephx2/Porcn/Abcc9/Mboat2/Cp/Echdc2/Hao1/Pex2/Slc25a17/Appl2/Sesn2/Plpp5/Scp2/Ppargc1a/Plpp1/Bdh2/Acadm/Pparg",30
"GO:0034440","lipid oxidation","23/1357","130/25615",0.176923076923077,3.33963494132986,6.3252629795085,3.26584003395369e-07,1.5994879305896e-05,1.5994879305896e-05,"Fabp3/Adh7/Adipoq/Sox9/Etfb/Pdk4/Fmo2/Crot/Mtln/Phyh/Abcc9/Cp/Echdc2/Hao1/Pex2/Slc25a17/Appl2/Sesn2/Scp2/Ppargc1a/Bdh2/Acadm/Pparg",23
"GO:0043583","ear development","37/1357","281/25615",0.131672597864769,2.48547796190571,5.92200296561852,3.28661903545808e-07,1.5994879305896e-05,1.5994879305896e-05,"Eya4/Msx1/Sox2/Pls1/Ror1/Sox9/Bmp2/Cys1/Insig1/Prrx2/Frzb/Dvl1/Six1/Cebpd/Atp8b1/Aldh1a3/Hoxa2/Ripor2/Foxg1/Lrp10/Tbx2/Prkra/Sobp/Clic5/Itga8/Edn1/Hes1/Ece1/Osr1/Epha4/Col11a1/Otop1/Ift88/Bmp4/Gfi1/Cxcl14/Whrn",37
"GO:0030856","regulation of epithelial cell differentiation","27/1357","171/25615",0.157894736842105,2.98045223596944,6.1456930441662,3.5492648758365e-07,1.70841131231359e-05,1.70841131231359e-05,"Cited1/Msx1/Dmbt1/Sox2/Bmp6/Sox9/Bmp2/Msx2/Vdr/Vegfa/Mmp9/Frzb/Serpine1/Errfi1/Cdkn1c/Zfp36l1/Cebpb/Cd24a/Foxc1/Id1/Hes1/Osr1/Prlr/Zfp36/Atoh8/Bmp4/Xdh",27
"GO:0006873","intracellular monoatomic ion homeostasis","53/1357","479/25615",0.110647181628392,2.08859805262437,5.68837680020914,3.56362260040506e-07,1.70841131231359e-05,1.70841131231359e-05,"Steap4/Trpc1/Hmox1/Agt/Kcne3/Acvr2b/Bmp6/Mt2/Bmp2/Mt3/Grina/Vdr/Mcub/Atp6v1g1/Egln1/Spp1/Bax/Cftr/Lcn2/Atp2b4/Slc4a8/Slc4a1/Atp6v1d/Atp6v0d2/Sgk1/Hpx/Fth1/Atp6v1b2/Cp/Prnp/Steap2/Bnip3/Edn1/Casq2/Ttpa/Smad9/Slc9a2/Ndfip1/Stc1/Slc39a8/Atp7b/Alas2/Car2/Ftl1/Atp2c2/Erc2/Ankrd9/Frrs1/Selenok/Cdk5/Ccl3/Atp6v1a/Mt1",53
"GO:0032869","cellular response to insulin stimulus","35/1357","259/25615",0.135135135135135,2.55083749925312,5.93303533382438,3.63117717353523e-07,1.72790238242891e-05,1.72790238242891e-05,"Lpl/Rab13/Pck1/Agt/Adipoq/Rps6kb2/Pdk4/Atp6v1g1/Pck2/Insig1/Ncoa1/Errfi1/Zfp36l1/Ptprv/Mstn/Star/Blvrb/Atp6v1d/Slc2a8/Sgk1/Cpeb2/Dnai1/Trib3/Atp6v0b/Appl2/Gstp1/Slc2a4/Slc27a1/Grb14/Otop1/Pde3b/Car3/Atp6v1a/Pparg/Trarg1",35
"GO:0034599","cellular response to oxidative stress","36/1357","272/25615",0.132352941176471,2.49832025662144,5.87572175825706,4.15822007201613e-07,1.96414748107585e-05,1.96414748107585e-05,"Cfl1/Adcyap1r1/Nr4a2/Mt3/Chchd2/Penk/Gpx8/Klf2/Mmp2/Gpx7/Lcn2/Ptprk/Hgf/Hspb1/Bnip3/Prkra/Rhob/Edn1/Pex2/Map1lc3a/Pla2r1/Ripk3/Nqo1/Fos/Sesn2/Sphk1/Mapk8/Park7/Ppargc1a/Prkd1/Il6/Bmp4/Car3/Gch1/Snca/Prdx5",36
"GO:0030003","intracellular monoatomic cation homeostasis","52/1357","469/25615",0.110874200426439,2.09288330429126,5.64971951852055,4.30396270522051e-07,2.01815010352821e-05,2.01815010352821e-05,"Steap4/Trpc1/Hmox1/Agt/Acvr2b/Bmp6/Mt2/Bmp2/Mt3/Grina/Vdr/Mcub/Atp6v1g1/Egln1/Spp1/Bax/Cftr/Lcn2/Atp2b4/Slc4a8/Slc4a1/Atp6v1d/Atp6v0d2/Sgk1/Hpx/Fth1/Atp6v1b2/Cp/Prnp/Steap2/Bnip3/Edn1/Casq2/Ttpa/Smad9/Slc9a2/Ndfip1/Stc1/Slc39a8/Atp7b/Alas2/Car2/Ftl1/Atp2c2/Erc2/Ankrd9/Frrs1/Selenok/Cdk5/Ccl3/Atp6v1a/Mt1",52
"GO:0001659","temperature homeostasis","32/1357","227/25615",0.140969162995595,2.66096176133542,5.94510389427254,4.38376815796655e-07,2.04067584396936e-05,2.04067584396936e-05,"Arrdc3/Npr3/Acvr2b/Adipoq/Tnfsf11/Dnajc28/Lepr/Vegfa/Ptgs2/Ffar4/Bscl2/Lcn2/Scd1/Plcl1/Ednrb/Nmu/Ddit3/Napepld/Cebpb/Cxcr4/Clic5/Id1/Adamts5/Mfap2/Appl2/Slc27a1/Prlr/Fabp4/Ppargc1a/Ebf2/Fabp5/Pparg",32
"GO:0060562","epithelial tube morphogenesis","47/1357","406/25615",0.11576354679803,2.18517557202029,5.69336503356589,4.4668456479109e-07,2.06438967209925e-05,2.06438967209925e-05,"Cited1/Cfl1/Irx1/Agt/Ar/Sox2/Sox9/Bmp2/Msx2/Vdr/Irx2/Zic5/Npnt/Fmn1/Vegfa/Mdk/Lmo4/Pgf/Nkx2-5/Dvl1/Gata4/Six1/Slit2/Ext1/Lcn2/Rps7/Zic2/Tbx20/Sfrp2/Ccdc40/Tbx2/Bsg/Adm/Rhob/Cxcr4/Flt1/Edn1/Hes1/Osr1/Cited2/Epha4/Tnc/Mmp14/Lrp2/Bmp4/Nfatc1/Tgif1",47
"GO:0048762","mesenchymal cell differentiation","35/1357","262/25615",0.133587786259542,2.52162943628457,5.85525750232882,4.79524310151393e-07,2.2003315488661e-05,2.2003315488661e-05,"Cfl1/Msx1/Agt/Sox9/Bmp2/Msx2/Vegfa/Sema3c/Mdk/Loxl2/Sema4g/Frzb/Rgcc/Six1/Zfp703/Ext1/Tbx20/Ednrb/Sfrp2/Gcnt2/Ranbp3l/Pdpn/Foxc1/Edn1/Hes1/Heyl/Nrtn/Osr1/Cited2/Epha4/Il6/Bmp4/Efna1/Nfatc1/Mad2l2",35
"GO:0070663","regulation of leukocyte proliferation","36/1357","274/25615",0.131386861313869,2.48008434233953,5.82573870483402,4.97645278671938e-07,2.26728600722591e-05,2.26728600722591e-05,"Cdkn1a/Ppp3ca/Znhit1/Sh3rf1/Lgals3/Cd59b/Prdm1/Cd38/Marchf7/Clcf1/Tac1/Lrrc32/Gpr183/Slc4a1/Il33/Ripor2/Prnp/Cebpb/Cd24a/Dhps/Hes1/Ndfip1/Ocstamp/Mif/Ripk3/Gstp1/Lmo1/Prlr/Arg2/Selenok/Il6/Arg1/Bmp4/Btnl2/Mapk8ip1/Ada",36
"GO:0072073","kidney epithelium development","27/1357","175/25615",0.154285714285714,2.91232761343299,6.00376794285081,5.69336475301114e-07,2.57564613896786e-05,2.57564613896786e-05,"Cited1/Irx1/Agt/Sox9/Bmp2/Irx2/Npnt/Fmn1/Vegfa/Pgf/Six1/Slit2/Ext1/Smad6/Ednrb/Cd24a/Foxc1/Edn1/Smad9/Hes1/Magi2/Heyl/Osr1/Epha4/Arg2/Bmp4/Klf15",27
"GO:0016042","lipid catabolic process","44/1357","373/25615",0.117962466487936,2.22668281436144,5.64450609311054,6.16240389881316e-07,2.76834144377453e-05,2.76834144377453e-05,"Liph/Lpl/Gba1/Adra2a/Glb1/Cidec/Adipoq/Aig1/Neu1/Etfb/Plpp6/Pnpla6/Abhd4/Pafah1b3/Ces1a/Spp1/Acot2/Crot/Mtln/Bscl2/Phyh/Ptprv/Hint2/Blvrb/Napepld/Cp/Echdc2/Hao1/Akr1c18/Pex2/Smpd2/Iah1/Slc25a17/Sesn2/Hcar2/Scp2/Fabp4/Cyp26b1/Mgst2/Pde3b/Cyp46a1/Bdh2/Gdpd1/Acadm",44
"GO:0042471","ear morphogenesis","25/1357","155/25615",0.161290322580645,3.04454798297953,6.03858365790844,6.32894863666343e-07,2.82341430846707e-05,2.82341430846707e-05,"Eya4/Msx1/Sox2/Pls1/Sox9/Insig1/Prrx2/Frzb/Dvl1/Six1/Aldh1a3/Hoxa2/Ripor2/Foxg1/Tbx2/Prkra/Sobp/Clic5/Itga8/Edn1/Osr1/Col11a1/Otop1/Gfi1/Whrn",25
"GO:1903532","positive regulation of secretion by cell","46/1357","399/25615",0.115288220551378,2.17620321991419,5.6005650318108,6.63297322177807e-07,2.93863586046223e-05,2.93863586046223e-05,"Agt/Pard6a/Bmp6/Ppp3ca/Bmp2/Tnfsf11/Glp1r/Vdr/Lgals3/Lepr/Retn/Pck2/Cd38/Cacna1i/Ffar4/Spp1/Vsnl1/Clcf1/Rgcc/Ankrd1/Stam/Tac1/Slc4a8/Sybu/Nmu/Rufy4/Bsg/Rapgefl1/Ecrg4/Rapgef4/Edn1/Rab15/Camk2n1/Slc6a4/Stxbp2/Aldoa/Scamp5/Hcar2/Cacna1g/Sphk1/Prkd1/Cdk5/Snca/Rab3a/Pparg/Gpr68",46
"GO:0003231","cardiac ventricle development","25/1357","156/25615",0.16025641025641,3.0250316497553,6.00032224343358,7.16272844989515e-07,3.15160051795387e-05,3.15160051795387e-05,"Sema3c/Prdm1/Egln1/Lmo4/Fzd1/Nkx2-5/Gata4/Dand5/Slit2/Epor/Smad6/Tbx20/Sfrp2/Zfpm1/Cxcr4/Foxc1/Hes1/Heyl/Id2/Cited2/Ccn1/Col11a1/Lrp2/Bmp4/Nfatc1",25
"GO:0016054","organic acid catabolic process","34/1357","255/25615",0.133333333333333,2.51682633259641,5.75748023488279,7.26997962831098e-07,3.15556413055876e-05,3.15556413055876e-05,"Acot4/Sord/Bckdhb/Adipoq/Xylb/Aig1/Etfb/Ces1a/Crot/Gnpda2/Mtln/Slc16a3/Npl/Kyat3/Phyh/Atp2b4/Ldhd/Gcat/Echdc2/Dbt/Hao1/Pex2/Nos2/Slc25a17/Qprt/Sesn2/Aldh6a1/Scp2/Cyp26b1/Gls2/Fah/Bdh2/Hoga1/Acadm",34
"GO:0046395","carboxylic acid catabolic process","34/1357","255/25615",0.133333333333333,2.51682633259641,5.75748023488279,7.26997962831098e-07,3.15556413055876e-05,3.15556413055876e-05,"Acot4/Sord/Bckdhb/Adipoq/Xylb/Aig1/Etfb/Ces1a/Crot/Gnpda2/Mtln/Slc16a3/Npl/Kyat3/Phyh/Atp2b4/Ldhd/Gcat/Echdc2/Dbt/Hao1/Pex2/Nos2/Slc25a17/Qprt/Sesn2/Aldh6a1/Scp2/Cyp26b1/Gls2/Fah/Bdh2/Hoga1/Acadm",34
"GO:0046683","response to organophosphorus","24/1357","146/25615",0.164383561643836,3.10293657443393,6.02695274167441,7.39988480719915e-07,3.19039328868774e-05,3.19039328868774e-05,"Cited1/Pde3a/Pck1/Adipoq/Atp5po/Penk/Hcn1/Cftr/Errfi1/P2rx6/Zfp36l1/Star/Aldh3a1/Abcc9/Bsg/P2rx5/Slc6a4/Stc1/Rap1a/Fos/Dusp1/Kcnj8/Vgf/Itpr2",24
"GO:0046688","response to copper ion","11/1357","34/25615",0.323529411764706,6.1070050717413,7.04771152566888,8.18977174921585e-07,3.50740624779751e-05,3.50740624779751e-05,"Sord/Mt2/Mt3/Loxl2/Cp/Prnp/Map1lc3a/Atp7b/Park7/Snca/Mt1",11
"GO:0090257","regulation of muscle system process","36/1357","280/25615",0.128571428571429,2.42693967786083,5.67839116328165,8.41994514787565e-07,3.58210116754657e-05,3.58210116754657e-05,"Npr3/Gucy1a1/Agt/Adra2a/Nr4a1/Jund/Ppp3ca/Kcnj2/Pde4b/Ptgs1/Npnt/Rgs4/Ptgs2/Tmem38b/Nkx2-5/Gata4/Errfi1/Atp2b4/Mstn/Nmu/Flt1/Eno1/Edn1/Casq2/Tmem38a/Stc1/Ece1/F2r/Sphk1/Gsto1/Arg2/Prkd1/Ccn2/Nfatc1/Ada/Pparg",36
"GO:0045600","positive regulation of fat cell differentiation","16/1357","72/25615",0.222222222222222,4.19471055432736,6.42041267761979,8.69622920136437e-07,3.65304919471576e-05,3.65304919471576e-05,"Lpl/Bmp2/Ptgs2/Ffar4/Frzb/Six1/Pim1/Zfp36l1/Sfrp2/Napepld/Cebpb/Id2/Zfp36/Medag/Pparg/Mecom",16
"GO:0061138","morphogenesis of a branching epithelium","32/1357","234/25615",0.136752136752137,2.58136034112453,5.74758678623507,8.70044406587036e-07,3.65304919471576e-05,3.65304919471576e-05,"Cited1/Agt/Ar/Sox2/Sox9/Bmp2/Msx2/Vdr/Npnt/Rspo3/Vegfa/Sema3c/Mdk/Pgf/Six1/Slit2/Ext1/Hgf/Tbx20/Sulf1/Sfrp2/Tbx2/Adm/Cxcr4/Flt1/Edn1/Tnc/Mmp14/Il6/Bmp4/Fgf7/Nfatc1",32
"GO:0014902","myotube differentiation","28/1357","190/25615",0.147368421052632,2.78175542023814,5.83036224791172,9.18120315940247e-07,3.82987331792217e-05,3.82987331792217e-05,"Rpl14/Rpl36a/Ppp3ca/Rpl10a/Hacd1/Rpl17/Rpl18a/Arrdc2/Rpl34/Rpl6/Nkx2-5/Rpl13a/Rpl26/Ripor2/Rpl23a/Rpl36/Rpl11/Bhlhe41/Rpl9/Rpl29/Adamts5/Sort1/Rpl12/Pld3/Mmp14/Cyp26b1/Myorg/Rpl15",28
"GO:0032963","collagen metabolic process","23/1357","139/25615",0.165467625899281,3.12339958541641,5.93710375805217,1.11140336132808e-06,4.60622915688491e-05,4.60622915688491e-05,"Retn/Plod1/Mmp2/Mmp9/Serpine1/Rgcc/Ctsk/Errfi1/Creb3l1/Tnfrsf12a/Id1/F2r/Rap1a/Mmp14/Il6/Adamts2/Arg1/Bmp4/Ccn2/Klf15/Fosl2/Pparg/Prdx5",23
"GO:0048659","smooth muscle cell proliferation","29/1357","203/25615",0.142857142857143,2.69659964206759,5.73996305686638,1.13563458067868e-06,4.66683273887653e-05,4.66683273887653e-05,"Hmox1/Npr3/Agt/Cdkn1a/Adipoq/Bmp2/Spon2/Cdh13/Retn/Vegfa/Ptgs2/Mmp2/Thbs1/Mmp9/Rgcc/Ereg/Sulf1/Ddit3/Rgs5/Flt1/Edn1/Id2/Gstp1/Park7/Ppargc1a/Il6/Bmp4/Adamts1/Pparg",29
"GO:0072593","reactive oxygen species metabolic process","34/1357","260/25615",0.130769230769231,2.46842582620033,5.62869882199752,1.14055532379143e-06,4.66683273887653e-05,4.66683273887653e-05,"Agt/Cdkn1a/Pmaip1/Mt3/Pdk4/Ptk2b/Thbs1/Ier3/Acp5/Lcn2/Blvrb/Abcc9/Bnip3/Edn1/Pla2r1/Nos2/Ripk3/Nqo1/Gstp1/Ccn1/Sesn2/Mpv17l/Park7/Arg2/Gls2/Cxcl1/Ddit4/Car3/Gch1/Snca/Ccn2/Atp5if1/Aldh2/Prdx5",34
"GO:0043616","keratinocyte proliferation","14/1357","57/25615",0.245614035087719,4.63625903373024,6.5002481850407,1.15484352063497e-06,4.69538909908799e-05,4.69538909908799e-05,"Gpr15lg/Cdkn1a/Vdr/Cdh13/Mdk/Ptprk/Zfp36l1/Ereg/Cdh3/Klf9/Zfp36/Prkd1/Fgf7/Fst",14
"GO:0051924","regulation of calcium ion transport","36/1357","284/25615",0.126760563380282,2.39275742887687,5.58225429805788,1.18305955578726e-06,4.77985823042599e-05,4.77985823042599e-05,"Trpc1/Cemip/Agt/Adcyap1r1/Ppp3ca/Glp1r/Vdr/Lpar3/Mcub/Pde4b/Lgals3/Ptk2b/Rgs4/Ptgs2/Tmem38b/Bax/Serpine1/Prnp/Cxcr4/Bdkrb1/Casq2/Tmem38a/P2rx5/Hes1/Epb41/Stc1/F2r/Best1/Atp2c2/Cacna1g/Gsto1/Cd19/Prkd1/Bmp4/Ccl3/Snca",36
"GO:0098771","inorganic ion homeostasis","52/1357","485/25615",0.107216494845361,2.02383973136619,5.38403326441347,1.19418320236456e-06,4.79464555749372e-05,4.79464555749373e-05,"Steap4/Trpc1/Hmox1/Agt/Kcne3/Acvr2b/Bmp6/Mt2/Znhit1/Bmp2/Tnfsf11/Mt3/Grina/Vdr/Mcub/Atp6v1g1/Egln1/Kcnh2/Spp1/Bax/Ext1/Lcn2/Atp2b4/Slc9b2/Ednrb/Sgk1/Hpx/Fth1/Cp/Prnp/Steap2/Bnip3/Edn1/Casq2/Smad9/Cnnm2/Ndfip1/Stc1/Slc39a8/Atp7b/Alas2/Ftl1/Atp2c2/Erc2/Ankrd9/Frrs1/Selenok/Cdk5/Rhd/Ccl3/Atp6v1a/Mt1",52
"GO:0050670","regulation of lymphocyte proliferation","33/1357","249/25615",0.132530120481928,2.50166472818318,5.6318073468934,1.20711897265512e-06,4.81647967722763e-05,4.81647967722763e-05,"Cdkn1a/Ppp3ca/Znhit1/Sh3rf1/Lgals3/Cd59b/Prdm1/Cd38/Marchf7/Clcf1/Tac1/Lrrc32/Gpr183/Slc4a1/Ripor2/Prnp/Cebpb/Cd24a/Dhps/Hes1/Ndfip1/Mif/Ripk3/Lmo1/Prlr/Arg2/Selenok/Il6/Arg1/Bmp4/Btnl2/Mapk8ip1/Ada",33
"GO:0030278","regulation of ossification","24/1357","150/25615",0.16,3.0201915991157,5.86904555682805,1.22229852018375e-06,4.84694178621015e-05,4.84694178621015e-05,"Egr2/Calcr/Acvr2b/Bmp6/Sox9/Bmp2/Vdr/Gfra4/Ptk2b/Mdk/Adgrg6/Bmpr1b/Ecm1/Tac1/Smad6/Creb3l1/Thrb/Osr1/Tmem53/Ccn1/Bmp3/Comp/Bmp4/Runx2",24
"GO:2001236","regulation of extrinsic apoptotic signaling pathway","27/1357","182/25615",0.148351648351648,2.80031501291634,5.76483036091395,1.25163212390138e-06,4.93281273861501e-05,4.93281273861501e-05,"Eya4/Atf3/Hmox1/Agt/Ar/Pmaip1/Peli3/Tnfsf11/Grina/Sh3rf1/Lgals3/Vegfa/Bmpr1b/Thbs1/Bax/Serpine1/Hgf/Sfrp2/Deptor/Gclm/Tnfrsf12a/Agap2/Gstp1/Faim2/Park7/Bmp4/Hspa1a",27
"GO:0032964","collagen biosynthetic process","16/1357","74/25615",0.216216216216216,4.08133999880499,6.27823638391868,1.28560602741361e-06,5.03581287811283e-05,5.03581287811283e-05,"Plod1/Serpine1/Rgcc/Errfi1/Creb3l1/Tnfrsf12a/F2r/Rap1a/Il6/Arg1/Bmp4/Ccn2/Klf15/Fosl2/Pparg/Prdx5",16
"GO:0046651","lymphocyte proliferation","39/1357","322/25615",0.12111801242236,2.28624752262252,5.49355460517619,1.37080069404259e-06,5.3369840354725e-05,5.3369840354725e-05,"Cdkn1a/Ppp3ca/Znhit1/Sh3rf1/Lgals3/Cd59b/Prdm1/Cd38/Marchf7/Bax/Clcf1/Tac1/Lrrc32/Gpr183/Slc4a1/Ripor2/Prnp/Cebpb/Cd24a/Cxcr4/Dhps/Hes1/Ndfip1/Mif/Ripk3/Flt3/Lmo1/Prlr/Satb1/Arg2/Cd19/Selenok/Il6/Arg1/Bmp4/Btnl2/Mapk8ip1/Fosl2/Ada",39
"GO:0032368","regulation of lipid transport","24/1357","151/25615",0.158940397350993,3.00019033024738,5.83039011698364,1.38128188624244e-06,5.34539448025387e-05,5.34539448025387e-05,"Fabp3/Agt/Bmp6/Adipoq/Eepd1/Tnfsf11/Abca7/Abca8b/Retn/Abca5/Ces1a/Spp1/Thbs1/Tac1/Ecrg4/Edn1/Pla2r1/Osbpl6/Mif/Abca8a/Scp2/Abcb4/Cry2/Pparg",24
"GO:0097553","calcium ion transmembrane import into cytosol","28/1357","194/25615",0.144329896907216,2.72439963837756,5.70221519846748,1.4038488099548e-06,5.40019446416144e-05,5.40019446416144e-05,"Trpc1/Ghitm/Cemip/Adcyap1r1/Ppp3ca/Glp1r/Ptk2b/Cacna1i/Tmem38b/Bax/Plcl1/Ddit3/Prnp/Bdkrb1/Casq2/Tmem38a/P2rx5/F2r/Cacna1g/Gsto1/Cd19/Prkd1/Ero1a/Bmp4/Ccl3/Snca/Ccn2/Itpr2",28
"GO:0031400","negative regulation of protein modification process","39/1357","323/25615",0.120743034055728,2.27916935691781,5.47190882382652,1.48100466180657e-06,5.66307973062226e-05,5.66307973062226e-05,"Agt/Pard6a/Cdkn1a/Adipoq/Peli3/Atg14/Taf7/Crtap/Marchf7/Cadm1/Ppm1e/Cadm4/Bax/Dvl1/Slit2/Bdkrb2/Errfi1/Hint2/Hgf/Sfrp2/Deptor/Rpl11/Cdkn2c/Trib3/Bdkrb1/Pkia/Gstp1/Gadd45b/Fabp4/Park7/Ppp1r15a/Ppargc1a/Il6/Cdk5/Mapk8ip1/Klf15/Mad2l2/Cep85/Hspa1a",39
"GO:0032944","regulation of mononuclear cell proliferation","33/1357","252/25615",0.130952380952381,2.47188300522862,5.55359724579497,1.58011156052011e-06,5.9650661533727e-05,5.9650661533727e-05,"Cdkn1a/Ppp3ca/Znhit1/Sh3rf1/Lgals3/Cd59b/Prdm1/Cd38/Marchf7/Clcf1/Tac1/Lrrc32/Gpr183/Slc4a1/Ripor2/Prnp/Cebpb/Cd24a/Dhps/Hes1/Ndfip1/Mif/Ripk3/Lmo1/Prlr/Arg2/Selenok/Il6/Arg1/Bmp4/Btnl2/Mapk8ip1/Ada",33
"GO:0002262","myeloid cell homeostasis","31/1357","229/25615",0.135371179039301,2.55529311060553,5.59157278070906,1.5966759969352e-06,5.9650661533727e-05,5.9650661533727e-05,"Hba-a1/Hmox1/Spi1/Hbb-bt/Bbip1/Pde4b/Rps24/Vegfa/Klf2/Ypel4/Bax/Rps14/Zfp36l1/Blvrb/Slc4a1/Zfpm1/Hscb/Alas2/Id2/Cited2/Hcar2/Zfp36/Hbb-b1/Cdin1/Il6/Bmp4/Rhd/Atp5if1/Trim10/Mecom/Hspa1a",31
"GO:0071674","mononuclear cell migration","31/1357","229/25615",0.135371179039301,2.55529311060553,5.59157278070906,1.5966759969352e-06,5.9650661533727e-05,5.9650661533727e-05,"Gpr15lg/Gba1/Spi1/Tnfsf11/Lgals3/Ptk2b/Cyp4f13/Mdk/Mmp2/Thbs1/Cadm1/Mmp9/Ecm1/Serpine1/Slit2/Ext1/Rpl13a/Jam2/Mstn/Gpr183/Ripor2/Ednrb/Flt1/Mif/Ripk3/Artn/Dusp1/Mmp14/Selenok/Ccl3/Cxcl14",31
"GO:0019216","regulation of lipid metabolic process","45/1357","399/25615",0.112781954887218,2.12889445426388,5.37530139189441,1.59712232001884e-06,5.9650661533727e-05,5.9650661533727e-05,"Fabp3/Pck1/Agt/Adra2a/Bmp6/Cidec/Adipoq/Sox9/Bmp2/Atg14/Abca7/Pdk4/Fmo2/Ptgs2/Ces1a/Insig1/Mtln/Bscl2/Lmf1/Ephx2/Star/Marchf6/Thrb/Angptl4/Trib3/Akr1c18/Edn1/Pex2/Thrsp/Id2/Rubcnl/Appl2/Tpk1/Slc27a1/Ccn1/Hcar2/Sphk1/Scp2/Pdk1/Ppargc1a/Pde3b/Snca/Gfi1/Fabp5/Pparg",45
"GO:0003197","endocardial cushion development","13/1357","51/25615",0.254901960784314,4.81157975349314,6.44431596224077,1.76346074918012e-06,6.54824962585728e-05,6.54824962585728e-05,"Msx1/Sox9/Bmp2/Msx2/Thbs1/Gata4/Tbx20/Tbx2/Adamts5/Heyl/Cited2/Bmp4/Nfatc1",13
"GO:0001763","morphogenesis of a branching structure","33/1357","254/25615",0.12992125984252,2.45241935951816,5.50207911551276,1.88519506836531e-06,6.96005351676939e-05,6.96005351676939e-05,"Cited1/Agt/Ar/Sox2/Sox9/Bmp2/Msx2/Vdr/Npnt/Rspo3/Vegfa/Sema3c/Prdm1/Mdk/Pgf/Six1/Slit2/Ext1/Hgf/Tbx20/Sulf1/Sfrp2/Tbx2/Adm/Cxcr4/Flt1/Edn1/Tnc/Mmp14/Il6/Bmp4/Fgf7/Nfatc1",33
"GO:0045453","bone resorption","17/1357","85/25615",0.2,3.77523949889462,6.06157738633793,1.9159074944557e-06,7.03302271107623e-05,7.03302271107623e-05,"Siglec15/Tnfsf11/Pdk4/Ptk2b/Vegfa/Cd38/Spp1/Acp5/Ctsk/Ext1/Gpr137b/Rufy4/Oscar/Car2/Bbln/Dcstamp/Il6",17
"GO:0007162","negative regulation of cell adhesion","39/1357","327/25615",0.119266055045872,2.25128960943257,5.38611477485748,2.00939798754908e-06,7.29286591639281e-05,7.29286591639281e-05,"Cfl1/Spi1/Bmp6/Adipoq/Bmp2/Lgals3/Cdh13/Vegfa/Marchf7/Mdk/Mmp2/Thbs1/Angpt2/Serpine1/Rgcc/Acp5/Zfp703/Lrrc32/Jam2/Ripor2/Hspb1/Prnp/Cebpb/Gcnt2/Ndfip1/Dact2/Gstp1/Epha4/Tnc/Dusp1/Mmp14/Gdpd2/Arg2/Pde3b/Kng2/Arg1/Bmp4/Efna1/Mad2l2",39
"GO:0032943","mononuclear cell proliferation","39/1357","327/25615",0.119266055045872,2.25128960943257,5.38611477485748,2.00939798754908e-06,7.29286591639281e-05,7.29286591639281e-05,"Cdkn1a/Ppp3ca/Znhit1/Sh3rf1/Lgals3/Cd59b/Prdm1/Cd38/Marchf7/Bax/Clcf1/Tac1/Lrrc32/Gpr183/Slc4a1/Ripor2/Prnp/Cebpb/Cd24a/Cxcr4/Dhps/Hes1/Ndfip1/Mif/Ripk3/Flt3/Lmo1/Prlr/Satb1/Arg2/Cd19/Selenok/Il6/Arg1/Bmp4/Btnl2/Mapk8ip1/Fosl2/Ada",39
"GO:0002063","chondrocyte development","11/1357","37/25615",0.297297297297297,5.61184249835687,6.63961913877828,2.11310602788961e-06,7.62617591188923e-05,7.62617591188923e-05,"Fgf18/Sox9/Msx2/Bmpr1b/Ecm1/Ext1/Sulf1/Sfrp2/Col11a1/Comp/Runx2",11
"GO:0048010","vascular endothelial growth factor receptor signaling pathway","13/1357","52/25615",0.25,4.71904937361828,6.34934369484379,2.2377929297962e-06,8.02595443772069e-05,8.02595443772069e-05,"Fgf18/Mt3/Ptk2b/Vegfa/Cadm4/Pgf/Sulf1/Hspb1/Flt1/Foxc1/Tmem204/Prkd1/Bmp4",13
"GO:0061035","regulation of cartilage development","16/1357","77/25615",0.207792207792208,3.92232675209831,6.07409843406618,2.24886643647217e-06,8.02595443772069e-05,8.02595443772069e-05,"Fgf18/Bmp6/Sox9/Bmp2/Mdk/Loxl2/Bmpr1b/Frzb/Ctsk/Mboat2/Thrb/Prkg2/Ccn1/Bmp4/Runx2/Ccn2",16
"GO:0006575","modified amino acid metabolic process","29/1357","210/25615",0.138095238095238,2.606712987332,5.52954609164907,2.28516605090048e-06,8.11044569667664e-05,8.11044569667664e-05,"Gsta4/Gstm5/Hagh/Sult1a1/Mthfd2l/Crtap/Gss/Cth/Crot/P4ha2/Ctsk/Mboat2/Gclm/Lpcat4/Vnn1/Chac1/Ggh/Gstm1/Gstp1/Slc16a2/Park7/Gsto1/Mgst2/Ero1a/Hoga1/Gch1/Snca/Acadm/Gstk1",29
"GO:0048608","reproductive structure development","43/1357","380/25615",0.113157894736842,2.13599076911143,5.27674462845185,2.47875195747334e-06,8.74917723890591e-05,8.74917723890591e-05,"Inha/Rab13/Eif2b2/Agt/Ar/Sox2/Bmp6/Sox9/Retn/Vegfa/Ncoa1/Bmpr1b/Mmp2/Tnfaip6/Bax/Serpine1/Gata6/Gata4/Cftr/Abcb1a/Errfi1/Fndc3a/Cdkn1c/Ereg/Star/Afp/Sulf1/Sfrp2/Cebpb/Foxc1/Gas2/Osr1/Cited2/Tnc/Prlr/Mmp14/Itih5/Lrp2/Bmp4/Fgf7/Adamts1/Fst/Vgf",43
"GO:0015711","organic anion transport","52/1357","498/25615",0.104417670682731,1.97100857372008,5.17553182865383,2.61166868399549e-06,9.16795607977434e-05,9.16795607977434e-05,"Fabp3/Slc6a8/Agt/Slco5a1/Mttp/Tnfsf11/Slc37a2/Rgs4/Ptgs2/Ces1a/Crot/Thbs1/Slc16a3/Slc38a9/Cftr/Lrrc8e/Abcb1a/Atp8b1/Bdkrb2/Slc7a4/Slc6a9/Slc4a8/Slc7a3/Slc6a17/Slc4a1/Slc2a8/Slc2a1/Edn1/Slc43a1/Pla2r1/Nos2/Slc39a8/Slc16a7/Slc25a17/Mif/Best1/Slc27a3/Slc2a4/Slc38a4/Slc27a1/Fabp7/Fabp4/Lrp2/Arg2/Abcb4/Kcnj8/Arg1/Stard10/Snca/Fabp5/Slc1a7/Pparg",52
"GO:0006081","aldehyde metabolic process","17/1357","87/25615",0.195402298850575,3.6884523839775,5.94093376155695,2.68465291903947e-06,9.37294040864649e-05,9.37294040864649e-05,"Khk/Pck1/Bmp6/Hagh/Bmp2/Aldh1a3/Ednrb/Aldh3a1/Eno1/Esd/Aldoa/Tkt/Gapdh/Pgam1/Park7/Hoga1/Aldh2",17
"GO:0106106","cold-induced thermogenesis","24/1357","157/25615",0.152866242038217,2.8855333749513,5.60496673901844,2.80476671269964e-06,9.73936289858514e-05,9.73936289858514e-05,"Arrdc3/Npr3/Acvr2b/Adipoq/Lepr/Vegfa/Ffar4/Bscl2/Lcn2/Scd1/Plcl1/Ddit3/Cebpb/Cxcr4/Id1/Adamts5/Mfap2/Appl2/Prlr/Fabp4/Ppargc1a/Ebf2/Fabp5/Pparg",24
"GO:1904064","positive regulation of cation transmembrane transport","24/1357","158/25615",0.151898734177215,2.86727050548959,5.56843686663951,3.14338990152925e-06,0.0001082546290329,0.0001082546290329,"Trpc1/Cemip/Kcne3/S100a1/Adcyap1r1/Ppp3ca/Kcnj2/Atpsckmt/Hcn1/Kcnh2/Stac2/Bax/Lcn2/Fxyd2/Edn1/Bdkrb1/P2rx5/Fhl1/Nedd4l/F2r/Gsto1/Cd19/Bmp4/Snca",24
"GO:0007204","positive regulation of cytosolic calcium ion concentration","28/1357","202/25615",0.138613861386139,2.61650262299627,5.45538318445689,3.151247762944e-06,0.0001082546290329,0.0001082546290329,"Agt/Calcr/Adcyap1r1/Glp1r/Ptk2b/Cd38/Cacna1i/Ffar4/Cxcl2/Bax/Epor/Bdkrb2/Tac1/Ednrb/Nmu/Ccr3/Adm/Cd24a/Cxcr4/Edn1/F2r/Cacna1g/Cxcl3/Cxcl1/Kng2/Bmp4/Cdk5/Ccl3",28
"GO:0061458","reproductive system development","43/1357","385/25615",0.111688311688312,2.10825062925284,5.18216046360631,3.47709383710596e-06,0.00011881303622111,0.00011881303622111,"Inha/Rab13/Eif2b2/Agt/Ar/Sox2/Bmp6/Sox9/Retn/Vegfa/Ncoa1/Bmpr1b/Mmp2/Tnfaip6/Bax/Serpine1/Gata6/Gata4/Cftr/Abcb1a/Errfi1/Fndc3a/Cdkn1c/Ereg/Star/Afp/Sulf1/Sfrp2/Cebpb/Foxc1/Gas2/Osr1/Cited2/Tnc/Prlr/Mmp14/Itih5/Lrp2/Bmp4/Fgf7/Adamts1/Fst/Vgf",43
"GO:0007520","myoblast fusion","18/1357","98/25615",0.183673469387755,3.46705668265832,5.78733323089408,3.4956513671503e-06,0.000118815155463352,0.000118815155463352,"Rpl14/Rpl36a/Rpl10a/Rpl17/Rpl18a/Rpl34/Rpl6/Rpl13a/Rpl26/Ripor2/Rpl23a/Rpl36/Rpl11/Rpl9/Rpl29/Adamts5/Rpl12/Rpl15",18
"GO:0008585","female gonad development","22/1357","138/25615",0.159420289855072,3.00924887593049,5.59757942098144,3.56371248186102e-06,0.000119875884870662,0.000119875884870662,"Inha/Eif2b2/Agt/Retn/Vegfa/Bmpr1b/Mmp2/Tnfaip6/Bax/Serpine1/Abcb1a/Ereg/Afp/Cebpb/Foxc1/Gas2/Mmp14/Bmp4/Fgf7/Adamts1/Fst/Vgf",22
"GO:0014706","striated muscle tissue development","51/1357","490/25615",0.104081632653061,1.96466545350638,5.09944440343429,3.56418026312212e-06,0.000119875884870662,0.000119875884870662,"Sgcg/Tsc22d3/Atf3/Agt/Egr2/Nr4a1/Myl6b/Ppp3ca/Bmp2/Sap30/Uqcc2/Mcub/Vegfa/Sema3c/Rgs4/Egln1/Arrdc2/Lox/Nkx2-5/Gata6/Gata4/Pitx1/Six1/Ankrd1/Pim1/Abcb1a/Epor/Vamp5/Mstn/Tbx20/Abcc9/Tbx2/Zfpm1/Foxc1/Edn1/Cxadr/Heyl/Id2/Cited2/Fos/Col11a1/Cyp26b1/Lrp2/Kcnj8/Ift88/Ero1a/Myorg/Bmp4/Cdk5/Acadm/Hlf",51
"GO:0071621","granulocyte chemotaxis","21/1357","128/25615",0.1640625,3.09687615143699,5.62496126654206,3.69442446618011e-06,0.000123285844095686,0.000123285844095686,"Pde4b/Lgals3/Vegfa/S100a9/Mdk/Ppbp/Spp1/Thbs1/Cxcl2/Tnfaip6/Slit2/Mstn/Ripor2/Bsg/Ccr3/Edn1/Cxadr/S100a8/Cxcl3/Cxcl1/Ccl3",21
"GO:0000768","syncytium formation by plasma membrane fusion","20/1357","118/25615",0.169491525423729,3.19935550753781,5.66360592426094,3.74233181797304e-06,0.000123285844095686,0.000123285844095686,"Rpl14/Rpl36a/Rpl10a/Rpl17/Rpl18a/Rpl34/Rpl6/Rpl13a/Rpl26/Ripor2/Rpl23a/Rpl36/Rpl11/Rpl9/Rpl29/Adamts5/Rpl12/Ocstamp/Dcstamp/Rpl15",20
"GO:0006939","smooth muscle contraction","20/1357","118/25615",0.169491525423729,3.19935550753781,5.66360592426094,3.74233181797304e-06,0.000123285844095686,0.000123285844095686,"Gucy1a1/Agt/Adra2a/Ptgs1/Npnt/Ptgs2/Cd38/Bdkrb2/Atp2b4/Sulf1/Ednrb/Nmu/Tbx2/Flt1/Edn1/F2r/Cacna1g/Sphk1/Comp/Ada",20
"GO:0140253","cell-cell fusion","20/1357","118/25615",0.169491525423729,3.19935550753781,5.66360592426094,3.74233181797304e-06,0.000123285844095686,0.000123285844095686,"Rpl14/Rpl36a/Rpl10a/Rpl17/Rpl18a/Rpl34/Rpl6/Rpl13a/Rpl26/Ripor2/Rpl23a/Rpl36/Rpl11/Rpl9/Rpl29/Adamts5/Rpl12/Ocstamp/Dcstamp/Rpl15",20
"GO:0072006","nephron development","26/1357","182/25615",0.142857142857143,2.69659964206759,5.43272097201662,3.99661783632791e-06,0.00013099118867638,0.00013099118867638,"Cited1/Irx1/Agt/Ppp3ca/Sox9/Bmp2/Itga3/Irx2/Npnt/Fmn1/Vegfa/Angpt2/Pgf/Six1/Ext1/Sulf1/Ednrb/Cd24a/Foxc1/Edn1/Hes1/Magi2/Heyl/Osr1/Bmp4/Klf15",26
"GO:0072009","nephron epithelium development","22/1357","139/25615",0.158273381294964,2.98759960344179,5.55740198695718,4.02483043614927e-06,0.000131246247318898,0.000131246247318898,"Cited1/Irx1/Agt/Sox9/Bmp2/Irx2/Npnt/Fmn1/Vegfa/Pgf/Six1/Ext1/Ednrb/Cd24a/Foxc1/Edn1/Hes1/Magi2/Heyl/Osr1/Bmp4/Klf15",22
"GO:0046394","carboxylic acid biosynthetic process","40/1357","350/25615",0.114285714285714,2.15727971365407,5.15601107750515,4.31243288515168e-06,0.000139914489162699,0.000139914489162699,"Lpl/Agt/Hacd1/Pdk4/Ptgs1/Pck2/Ptgs2/Adi1/Ces1a/Insig1/Cth/Acss2/Fads3/Errfi1/Atp2b4/Scd1/Aldh1a3/Star/Tecr/Angptl4/Hao1/Trib3/Edn1/Pex2/Elovl4/Dhps/Gstm1/Osbpl6/Mif/Gstp1/Sphk1/Scp2/Park7/Gsto1/Gls2/Mgst2/Ugdh/Htatip2/Hoga1/Fabp5",40
"GO:0090101","negative regulation of transmembrane receptor protein serine/threonine kinase signaling pathway","24/1357","161/25615",0.149068322981366,2.81384310476618,5.46054219170112,4.39552771165104e-06,0.000141893819194202,0.000141893819194202,"Inha/Bmp2/Sap30/Tnfaip6/Fzd1/Dand5/Lrrc32/Adamtsl2/Smad6/Chrdl1/Tbx20/Sfrp2/Cdh3/Rasl11b/Htra3/Magi2/Dact2/Tmem53/Peg10/Lrp2/Bmp4/Pparg/Fst/Hspa1a",24
"GO:1990874","vascular associated smooth muscle cell proliferation","16/1357","81/25615",0.197530864197531,3.72863160384654,5.81740256320382,4.52480744959637e-06,0.000145336815281035,0.000145336815281035,"Hmox1/Agt/Cdkn1a/Adipoq/Spon2/Mmp2/Mmp9/Rgcc/Ddit3/Rgs5/Edn1/Gstp1/Park7/Ppargc1a/Adamts1/Pparg",16
"GO:0060840","artery development","21/1357","130/25615",0.161538461538462,3.04923190295335,5.54015092833711,4.75704510559819e-06,0.000152036108250561,0.000152036108250561,"Egr2/Acvr2b/Cyp4f13/Vegfa/Prdm1/Mdk/Prrx2/Lox/Six1/Adamts6/Smad6/Ddit3/Tbx2/Cxcr4/Foxc1/Edn1/Hes1/Cited2/Lrp2/Comp/Bmp4",21
"GO:0048660","regulation of smooth muscle cell proliferation","27/1357","195/25615",0.138461538461538,2.61362734538858,5.3497551832481,4.79212147832373e-06,0.000152398952360157,0.000152398952360157,"Hmox1/Npr3/Agt/Cdkn1a/Adipoq/Bmp2/Cdh13/Retn/Vegfa/Ptgs2/Mmp2/Thbs1/Mmp9/Rgcc/Ereg/Sulf1/Rgs5/Flt1/Edn1/Id2/Gstp1/Park7/Ppargc1a/Il6/Bmp4/Adamts1/Pparg",27
"GO:0006949","syncytium formation","20/1357","120/25615",0.166666666666667,3.14603291574552,5.57314861612003,4.88002439555837e-06,0.000153557271837356,0.000153557271837356,"Rpl14/Rpl36a/Rpl10a/Rpl17/Rpl18a/Rpl34/Rpl6/Rpl13a/Rpl26/Ripor2/Rpl23a/Rpl36/Rpl11/Rpl9/Rpl29/Adamts5/Rpl12/Ocstamp/Dcstamp/Rpl15",20
"GO:0042542","response to hydrogen peroxide","20/1357","120/25615",0.166666666666667,3.14603291574552,5.57314861612003,4.88002439555837e-06,0.000153557271837356,0.000153557271837356,"Cfl1/Hmox1/Ptk2b/Klf2/Mmp2/Lcn2/Star/Slc4a1/Abcc9/Bnip3/Rhob/Edn1/Map1lc3a/Ripk3/Nqo1/Sphk1/Dusp1/Mapk8/Park7/Il6",20
"GO:1905952","regulation of lipid localization","26/1357","184/25615",0.141304347826087,2.66728877639294,5.36832932041229,4.90025540576867e-06,0.000153557271837356,0.000153557271837356,"Fabp3/Lpl/Agt/Bmp6/Adipoq/Eepd1/Tnfsf11/Abca7/Abca8b/Retn/Abca5/Ces1a/Spp1/Thbs1/Tac1/Ecrg4/Edn1/Pla2r1/Osbpl6/Mif/Abca8a/Scp2/Abcb4/Hilpda/Cry2/Pparg",26
"GO:0007389","pattern specification process","51/1357","496/25615",0.102822580645161,1.94089933914945,5.00476810523059,5.03533584912659e-06,0.000157024259683443,0.000157024259683443,"Cited1/Msx1/Irx1/Egr2/Ar/Acvr2b/Bmp2/Msx2/Irx2/Pierce2/Sim2/Sema3c/Bmpr1b/Ifitm1/Nkx2-5/Dvl1/Gata4/Dand5/Six1/Ext1/Zic2/Smad6/Hoxb2/Hoxa2/Chrdl1/Tbx20/Ddit3/Sfrp2/Foxg1/Ift25/Ccdc40/Tbx2/Dnai1/Bhlhe41/Foxc1/Edn1/Meox1/Hes1/Heyl/Stc1/Osr1/Cited2/Celsr2/Mapk8/Cyp26b1/Lrp2/Ift88/Bmp4/Hoxb4/Tgif1/Fst",51
"GO:0034405","response to fluid shear stress","10/1357","33/25615",0.303030303030303,5.72005984681003,6.4170933698723,5.08551492013341e-06,0.000157168670143842,0.000157168670143842,"Ptk2b/Ptgs2/Klf2/Spp1/Mmp2/Smad6/Cited2/Car2/Ift88/Gpr68",10
"GO:0032496","response to lipopolysaccharide","47/1357","443/25615",0.106094808126411,2.00266655133236,5.03501373246046,5.09879505328323e-06,0.000157168670143842,0.000157168670143842,"Cited1/Pck1/Spi1/Nr4a1/Jund/Bmp6/Spon2/Pde4b/Penk/Prdm1/Ptgs2/Ppbp/Cxcl2/Ppm1e/Serpine1/Ankrd1/Acp5/Lcn2/Rpl13a/Tac1/Smad6/Star/Ednrb/Cebpb/Adm/Cd68/Edn1/Bdkrb1/S100a8/Nos2/F2r/Mif/Nqo1/Gstp1/Fos/Zfp36/Cxcl3/Mapk8/Mgst2/Kcnj8/Il6/Plscr2/Gch1/Snca/Slpi/Gfi1/Fosl2",47
"GO:0046545","development of primary female sexual characteristics","22/1357","141/25615",0.156028368794326,2.94522230410219,5.4781176520328,5.11336426837841e-06,0.000157168670143842,0.000157168670143842,"Inha/Eif2b2/Agt/Retn/Vegfa/Bmpr1b/Mmp2/Tnfaip6/Bax/Serpine1/Abcb1a/Ereg/Afp/Cebpb/Foxc1/Gas2/Mmp14/Bmp4/Fgf7/Adamts1/Fst/Vgf",22
"GO:0097191","extrinsic apoptotic signaling pathway","32/1357","254/25615",0.125984251968504,2.37810362135094,5.22055500317966,5.18048731444368e-06,0.000158473573847553,0.000158473573847553,"Eya4/Atf3/Hmox1/Agt/Spi1/Ar/Pmaip1/Peli3/Tnfsf11/Grina/Sh3rf1/Lgals3/Vegfa/Bmpr1b/Thbs1/Bax/Serpine1/Lcn2/Mllt11/Hgf/Il33/Sfrp2/Deptor/Gclm/Tnfrsf12a/Agap2/Sort1/Gstp1/Faim2/Park7/Bmp4/Hspa1a",32
"GO:0001933","negative regulation of protein phosphorylation","29/1357","219/25615",0.132420091324201,2.49958779607178,5.27123558254304,5.31984302924962e-06,0.000161965268340756,0.000161965268340756,"Agt/Pard6a/Cdkn1a/Adipoq/Atg14/Taf7/Cadm1/Ppm1e/Cadm4/Bax/Dvl1/Slit2/Bdkrb2/Errfi1/Hgf/Sfrp2/Deptor/Cdkn2c/Trib3/Bdkrb1/Pkia/Gstp1/Gadd45b/Fabp4/Ppp1r15a/Ppargc1a/Il6/Mapk8ip1/Cep85",29
"GO:0120161","regulation of cold-induced thermogenesis","23/1357","152/25615",0.151315789473684,2.85626672613738,5.42885846611241,5.34712588401334e-06,0.000162028003202366,0.000162028003202366,"Arrdc3/Npr3/Acvr2b/Adipoq/Lepr/Vegfa/Ffar4/Bscl2/Lcn2/Scd1/Plcl1/Ddit3/Cebpb/Cxcr4/Id1/Adamts5/Mfap2/Appl2/Prlr/Fabp4/Ppargc1a/Ebf2/Fabp5",23
"GO:0003179","heart valve morphogenesis","13/1357","56/25615",0.232142857142857,4.38197441835983,5.99229979907546,5.46520646028919e-06,0.00016433156884844,0.00016433156884844,"Sox9/Bmp2/Gata4/Slit2/Smad6/Tbx20/Zfpm1/Adamts5/Heyl/Ccn1/Bmp4/Efna1/Nfatc1",13
"GO:0008406","gonad development","35/1357","291/25615",0.120274914089347,2.2703330319813,5.15464859439903,5.47430817770333e-06,0.00016433156884844,0.00016433156884844,"Inha/Rab13/Eif2b2/Agt/Ar/Sox9/Retn/Vegfa/Ncoa1/Bmpr1b/Mmp2/Tnfaip6/Bax/Serpine1/Gata6/Gata4/Cftr/Abcb1a/Fndc3a/Ereg/Star/Afp/Sfrp2/Cebpb/Foxc1/Gas2/Osr1/Cited2/Mmp14/Lrp2/Bmp4/Fgf7/Adamts1/Fst/Vgf",35
"GO:0043954","cellular component maintenance","20/1357","121/25615",0.165289256198347,3.12003264371456,5.5286280534104,5.55884540932007e-06,0.000166093129811498,0.000166093129811498,"Cfl1/C1ql3/Pard6a/C1ql1/Itga3/Vdr/Zfp804a/Cadm1/Cldn3/Mpp2/Adgrl3/Prnp/Cbln1/Sort1/Magi2/Epb41l3/F2r/Erc2/Rab3a/Whrn",20
"GO:0090288","negative regulation of cellular response to growth factor stimulus","19/1357","111/25615",0.171171171171171,3.23106083238729,5.57147109948462,5.59409582786067e-06,0.000166372553695264,0.000166372553695264,"Agt/Dcn/Thbs1/Tnfaip6/Fzd1/Cadm4/Dand5/Slit2/Atp2b4/Smad6/Chrdl1/Creb3l1/Sulf1/Sfrp2/Htra3/Tmem53/Lrp2/Bmp4/Pparg",19
"GO:0002237","response to molecule of bacterial origin","48/1357","459/25615",0.104575163398693,1.97398143733052,4.980091936303,6.01369634336413e-06,0.000178027582072678,0.000178027582072678,"Cited1/Pck1/Spi1/Nr4a1/Jund/Bmp6/Spon2/Pde4b/Penk/Prdm1/Ptgs2/Ppbp/Cxcl2/Ppm1e/Serpine1/Ankrd1/Acp5/Lcn2/Rpl13a/Tac1/Smad6/Star/Ednrb/Cebpb/Adm/Cd24a/Cd68/Edn1/Bdkrb1/S100a8/Nos2/F2r/Mif/Nqo1/Gstp1/Fos/Zfp36/Cxcl3/Mapk8/Mgst2/Kcnj8/Il6/Plscr2/Gch1/Snca/Slpi/Gfi1/Fosl2",48
"GO:0006937","regulation of muscle contraction","25/1357","175/25615",0.142857142857143,2.69659964206759,5.32648823943495,6.0830200786245e-06,0.000179253765986623,0.000179253765986623,"Gucy1a1/Adra2a/Nr4a1/Kcnj2/Pde4b/Ptgs1/Npnt/Ptgs2/Tmem38b/Nkx2-5/Gata4/Nmu/Flt1/Eno1/Edn1/Casq2/Tmem38a/Stc1/F2r/Sphk1/Gsto1/Arg2/Prkd1/Ccn2/Ada",25
"GO:0034764","positive regulation of transmembrane transport","32/1357","256/25615",0.125,2.35952468680914,5.17061437759294,6.11217746930488e-06,0.00017929053909961,0.00017929053909961,"Trpc1/Cemip/Agt/Kcne3/S100a1/Adcyap1r1/Ppp3ca/Adipoq/Kcnj2/Atpsckmt/Hcn1/Kcnh2/Stac2/Bax/Vmp1/Lcn2/Pim1/Fxyd2/Edn1/Bdkrb1/P2rx5/Fhl1/Ocln/Nedd4l/F2r/Car2/Rap1a/Gsto1/Cd19/Bmp4/Snca/Klf15",32
"GO:0007517","muscle organ development","42/1357","381/25615",0.110236220472441,2.08084066868207,5.02727041641608,6.2386790381282e-06,0.000182169427913344,0.000182169427913344,"Msx1/Tsc22d3/Atf3/Egr2/Nr4a1/Myl6b/Ppp3ca/Bmp2/Sap30/Uqcc2/Mcub/Egln1/Arrdc2/Lox/Fzd1/Nkx2-5/Gata4/Pitx1/Six1/Ankrd1/Epor/Vamp5/Mstn/Tbx20/Ripor2/Abcc9/Zfpm1/Foxc1/Jph1/Fhl1/Heyl/Cited2/Fos/Col11a1/Cyp26b1/Lrp2/Il6/Ero1a/Myorg/Bmp4/Cdk5/Hlf",42
"GO:0042474","middle ear morphogenesis","9/1357","27/25615",0.333333333333333,6.29206583149103,6.50713893679208,6.29337382855376e-06,0.00018293499309787,0.00018293499309787,"Eya4/Msx1/Insig1/Prrx2/Six1/Hoxa2/Prkra/Edn1/Osr1",9
"GO:0001936","regulation of endothelial cell proliferation","22/1357","143/25615",0.153846153846154,2.90403038376509,5.40022059350855,6.46275306539601e-06,0.00018701227789236,0.00018701227789236,"Hmox1/Nr4a1/Bmp6/Tnmd/Cdh13/Vegfa/F3/Mdk/Thbs1/Ecm1/Pgf/Rgcc/Sulf1/Ccr3/Flt1/Pold4/Prkd1/Atoh8/Arg1/Bmp4/Atp5if1/Pparg",22
"GO:0016053","organic acid biosynthetic process","40/1357","356/25615",0.112359550561798,2.12092106679473,5.03724511707616,6.51451158836238e-06,0.000187664674635157,0.000187664674635157,"Lpl/Agt/Hacd1/Pdk4/Ptgs1/Pck2/Ptgs2/Adi1/Ces1a/Insig1/Cth/Acss2/Fads3/Errfi1/Atp2b4/Scd1/Aldh1a3/Star/Tecr/Angptl4/Hao1/Trib3/Edn1/Pex2/Elovl4/Dhps/Gstm1/Osbpl6/Mif/Gstp1/Sphk1/Scp2/Park7/Gsto1/Gls2/Mgst2/Ugdh/Htatip2/Hoga1/Fabp5",40
"GO:0034101","erythrocyte homeostasis","26/1357","187/25615",0.13903743315508,2.6244980473599,5.27333092519,6.60906540784267e-06,0.000189538554374916,0.000189538554374916,"Hba-a1/Hmox1/Spi1/Hbb-bt/Bbip1/Rps24/Vegfa/Klf2/Ypel4/Rps14/Zfp36l1/Blvrb/Slc4a1/Zfpm1/Hscb/Alas2/Id2/Cited2/Zfp36/Hbb-b1/Cdin1/Bmp4/Rhd/Atp5if1/Trim10/Hspa1a",26
"GO:0046034","ATP metabolic process","32/1357","258/25615",0.124031007751938,2.34123379776411,5.1211386830757,7.19552150777981e-06,0.000205440134071011,0.000205440134071011,"Sdhb/Khk/S100a1/Uchl1/Mttp/Atp5po/Atpsckmt/Nmnat1/Ak4/Ndufa11/Ier3/Atp5f1e/Ldhd/Slc4a1/Ndufb7/Atp6v1b2/Abcc9/Ndufs8/Aldoc/Eno1/Ndufv3/Ndufb4/Pfkp/Aldoa/Gapdh/Nudt2/Pgam1/Ppargc1a/Ddit4/Atp5if1/Atp6v1a/Hspa1a",32
"GO:0006970","response to osmotic stress","19/1357","113/25615",0.168141592920354,3.1738739149999,5.47756554338995,7.32337494030296e-06,0.000206530982493177,0.000206530982493177,"Tsc22d3/Pck1/Agt/Gypa/Ptk2b/Aqp5/Ptgs2/Bax/Lrrc8e/Bdkrb2/Errfi1/Zfp36l1/Fxyd2/Scn2a/Slc2a1/Plk3/Pappa2/Nedd4l/Slc2a4",19
"GO:0048562","embryonic organ morphogenesis","39/1357","345/25615",0.11304347826087,2.13383102111435,5.01483204156576,7.32980126725383e-06,0.000206530982493177,0.000206530982493177,"Eya4/Msx1/Sox2/Pls1/Sox9/Insig1/Prrx2/Frzb/Nkx2-5/Dvl1/Gata4/Six1/Aldh1a3/Hoxb2/Hoxa2/Tbx20/Ripor2/Foxg1/Ccdc40/Tbx2/Prkra/Sobp/Clic5/Itga8/Edn1/Hes1/Mfap2/Osr1/Id2/Cited2/Col11a1/Mmp14/Otop1/Bmp4/Efna1/Hoxb4/Runx2/Gfi1/Whrn",39
"GO:0071384","cellular response to corticosteroid stimulus","16/1357","84/25615",0.19047619047619,3.59546618942345,5.63536741654659,7.40575805855383e-06,0.000206530982493177,0.000206530982493177,"Pck1/Pck2/Errfi1/Ephx1/Zfp36l1/Mstn/Star/Sgk1/Tbx2/Edn1/Klf9/Stc1/Gstp1/Zfp36/Ddit4/Bmp4",16
"GO:0045137","development of primary sexual characteristics","35/1357","295/25615",0.11864406779661,2.23954885527647,5.06458584095513,7.41253522870746e-06,0.000206530982493177,0.000206530982493177,"Inha/Rab13/Eif2b2/Agt/Ar/Sox9/Retn/Vegfa/Ncoa1/Bmpr1b/Mmp2/Tnfaip6/Bax/Serpine1/Gata6/Gata4/Cftr/Abcb1a/Fndc3a/Ereg/Star/Afp/Sfrp2/Cebpb/Foxc1/Gas2/Osr1/Cited2/Mmp14/Lrp2/Bmp4/Fgf7/Adamts1/Fst/Vgf",35
"GO:0010712","regulation of collagen metabolic process","14/1357","66/25615",0.212121212121212,4.00404189276702,5.77952477816732,7.43170746916546e-06,0.000206530982493177,0.000206530982493177,"Retn/Serpine1/Rgcc/Errfi1/Creb3l1/Tnfrsf12a/F2r/Rap1a/Il6/Bmp4/Ccn2/Klf15/Pparg/Prdx5",14
"GO:0046850","regulation of bone remodeling","14/1357","66/25615",0.212121212121212,4.00404189276702,5.77952477816732,7.43170746916546e-06,0.000206530982493177,0.000206530982493177,"Siglec15/Tnfsf11/Pdk4/Lepr/Vegfa/Cd38/Mdk/Spp1/Gpr137b/Rufy4/Oscar/Car2/Dcstamp/Il6",14
"GO:1990845","adaptive thermogenesis","25/1357","177/25615",0.141242937853107,2.66612958961485,5.260839587248,7.45877769900638e-06,0.000206530982493177,0.000206530982493177,"Arrdc3/Npr3/Acvr2b/Adipoq/Lepr/Vegfa/Ffar4/Bscl2/Lcn2/Scd1/Plcl1/Ddit3/Cebpb/Cxcr4/Clic5/Id1/Adamts5/Mfap2/Appl2/Prlr/Fabp4/Ppargc1a/Ebf2/Fabp5/Pparg",25
"GO:0001935","endothelial cell proliferation","24/1357","166/25615",0.144578313253012,2.72908879438165,5.2861211223307,7.5239180241129e-06,0.000207384504878914,0.000207384504878914,"Hmox1/Nr4a1/Bmp6/Tnmd/Cdh13/Vegfa/F3/Mdk/Loxl2/Thbs1/Ecm1/Pgf/Rgcc/Sulf1/Ccr3/Flt1/Pold4/Mmp14/Prkd1/Atoh8/Arg1/Bmp4/Atp5if1/Pparg",24
"GO:0009259","ribonucleotide metabolic process","44/1357","410/25615",0.107317073170732,2.02573826769955,4.95206419904353,7.55416783027177e-06,0.000207384504878914,0.000207384504878914,"Sdhb/Khk/Npr3/Gucy1a1/S100a1/Adcyap1r1/Uchl1/Mttp/Atp5po/Atpsckmt/Pde4b/Nmnat1/Nudt10/Ak4/Ndufa11/Adcy1/Ier3/Atp5f1e/Ldhd/Slc4a1/Ednrb/Ndufb7/Atp6v1b2/Abcc9/Ndufs8/Aldoc/Eno1/Adss1/Ndufv3/Ndufb4/Pfkp/Aldoa/Gapdh/Nudt2/Pgam1/Entpd5/Ppargc1a/Ddit4/Atp5if1/Atp6v1a/Xdh/Ada/Cda/Hspa1a",44
"GO:2001244","positive regulation of intrinsic apoptotic signaling pathway","15/1357","75/25615",0.2,3.77523949889462,5.6927456985968,7.61505451069053e-06,0.000208166426283727,0.000208166426283727,"Bcap31/Msx1/Pmaip1/S100a9/Mmp2/Bax/Rpl26/Rps7/Ddit3/Prkra/Vnn1/Bbc3/S100a8/Ripk3/Park7",15
"GO:0048839","inner ear development","31/1357","247/25615",0.125506072874494,2.36907741833468,5.113691213375,7.81247458675891e-06,0.000212658206548048,0.000212658206548048,"Msx1/Sox2/Pls1/Ror1/Sox9/Bmp2/Cys1/Insig1/Prrx2/Frzb/Dvl1/Six1/Cebpd/Atp8b1/Aldh1a3/Ripor2/Foxg1/Lrp10/Tbx2/Sobp/Clic5/Itga8/Hes1/Epha4/Col11a1/Otop1/Ift88/Bmp4/Gfi1/Cxcl14/Whrn",31
"GO:0035425","autocrine signaling","6/1357","11/25615",0.545454545454545,10.2961077242581,7.29364651680266,8.02268840778698e-06,0.00021628744186245,0.00021628744186245,"S100a9/Fzd1/Cd68/S100a8/Il6/Hilpda",6
"GO:0014823","response to activity","17/1357","94/25615",0.180851063829787,3.41378039793663,5.54515856888252,8.04680862470823e-06,0.00021628744186245,0.00021628744186245,"Cfl1/Pck1/Agt/Bmp6/Mmp2/Angpt2/Perm1/Mstn/Star/Slc4a1/Abcc9/Gclm/Edn1/Fos/Ppargc1a/Il6/Cry2",17
"GO:0030593","neutrophil chemotaxis","17/1357","94/25615",0.180851063829787,3.41378039793663,5.54515856888252,8.04680862470823e-06,0.00021628744186245,0.00021628744186245,"Pde4b/Lgals3/S100a9/Mdk/Ppbp/Spp1/Cxcl2/Tnfaip6/Slit2/Ripor2/Bsg/Edn1/Cxadr/S100a8/Cxcl3/Cxcl1/Ccl3",17
"GO:0032965","regulation of collagen biosynthetic process","13/1357","58/25615",0.224137931034483,4.23087185220949,5.82612668164758,8.26701545283691e-06,0.00022084508425047,0.00022084508425047,"Serpine1/Rgcc/Errfi1/Creb3l1/Tnfrsf12a/F2r/Rap1a/Il6/Bmp4/Ccn2/Klf15/Pparg/Prdx5",13
"GO:1905314","semi-lunar valve development","11/1357","42/25615",0.261904761904762,4.94376601045724,6.04987046714355,8.28512847203663e-06,0.00022084508425047,0.00022084508425047,"Sox9/Bmp2/Gata4/Slit2/Smad6/Tbx20/Adamts5/Heyl/Bmp4/Efna1/Nfatc1",11
"GO:0046849","bone remodeling","19/1357","114/25615",0.166666666666667,3.14603291574552,5.43139426615871,8.356918839347e-06,0.000221838209189939,0.000221838209189939,"Siglec15/Tnfsf11/Pdk4/Lepr/Ptk2b/Vegfa/Cd38/Mdk/Spp1/Acp5/Ctsk/Ext1/Gpr137b/Rufy4/Oscar/Car2/Bbln/Dcstamp/Il6",19
"GO:0071385","cellular response to glucocorticoid stimulus","15/1357","76/25615",0.197368421052632,3.7255652949618,5.62810995184477,9.02705019333068e-06,0.000238641030625335,0.000238641030625335,"Pck1/Pck2/Errfi1/Ephx1/Zfp36l1/Mstn/Star/Tbx2/Edn1/Klf9/Stc1/Gstp1/Zfp36/Ddit4/Bmp4",15
"GO:2001235","positive regulation of apoptotic signaling pathway","25/1357","179/25615",0.139664804469274,2.63634043218898,5.19609280691061,9.1121650020643e-06,0.000239903885136316,0.000239903885136316,"Bcap31/Msx1/Atf3/Agt/Pmaip1/Tnfsf11/S100a9/Bmpr1b/Mmp2/Thbs1/Bax/Rpl26/Rps7/Ddit3/Prkra/Vnn1/Tnfrsf12a/Bbc3/S100a8/Ripk3/Mapk8/Park7/Tpd52l1/Ccn2/Pparg",25
"GO:0046942","carboxylic acid transport","43/1357","400/25615",0.1075,2.02919123065586,4.90679277446288,9.15059151133317e-06,0.000239932244362466,0.000239932244362466,"Fabp3/Slc6a8/Agt/Tnfsf11/Rgs4/Ptgs2/Ces1a/Crot/Thbs1/Slc16a3/Slc38a9/Lrrc8e/Abcb1a/Atp8b1/Bdkrb2/Slc7a4/Slc6a9/Slc7a3/Slc6a17/Slc2a1/Edn1/Slc43a1/Pla2r1/Nos2/Slc16a7/Slc25a17/Mif/Best1/Slc27a3/Slc38a4/Slc27a1/Fabp7/Fabp4/Lrp2/Arg2/Abcb4/Kcnj8/Arg1/Stard10/Snca/Fabp5/Slc1a7/Pparg",43
"GO:0048144","fibroblast proliferation","20/1357","125/25615",0.16,3.0201915991157,5.35505308172629,9.21194303309143e-06,0.000240559032701542,0.000240559032701542,"Agt/Cdkn1a/Pmaip1/Ifi30/Mmp9/Bax/Serpine1/Btc/Ereg/Fth1/Abcc9/Pex2/Mif/Gstp1/Rasgrf1/Sphk1/Kcnj8/Tgif1/Fosl2/Pparg",20
"GO:0043627","response to estrogen","19/1357","115/25615",0.165217391304348,3.11867610778251,5.38572940796664,9.51985584039456e-06,0.000247593335703217,0.000247593335703217,"Cited1/Gba1/Hmox1/Gstm5/Ar/Mmp2/Gata6/Gata4/Mme/Smad6/Mstn/Star/Abcc9/Cd24a/Ocstamp/Cited2/Car2/Krt19/Mmp14",19
"GO:0098739","import across plasma membrane","36/1357","311/25615",0.115755627009646,2.18502607653065,4.9729562984446,9.6130423364721e-06,0.000249008806328616,0.000249008806328616,"Agt/Ppp3ca/Adipoq/Kcnj2/Rgs4/Kcnh2/Thbs1/Lrrc8e/Lcn2/Slc6a9/Slc7a3/Abcc9/Prnp/Steap2/Kcnd3/Slc2a1/Slc43a1/Slc9a2/P2rx5/Sort1/Slc39a8/Ocln/Nedd4l/Appl2/Slc16a2/Slc2a4/Slc38a4/Rap1a/Slc27a1/Sesn2/Lrp2/Arg2/Kcnj8/Arg1/Klf15/Trarg1",36
"GO:0015849","organic acid transport","43/1357","401/25615",0.107231920199501,2.02413090339736,4.88886352514358,9.73647004351433e-06,0.000250583862451819,0.000250583862451819,"Fabp3/Slc6a8/Agt/Tnfsf11/Rgs4/Ptgs2/Ces1a/Crot/Thbs1/Slc16a3/Slc38a9/Lrrc8e/Abcb1a/Atp8b1/Bdkrb2/Slc7a4/Slc6a9/Slc7a3/Slc6a17/Slc2a1/Edn1/Slc43a1/Pla2r1/Nos2/Slc16a7/Slc25a17/Mif/Best1/Slc27a3/Slc38a4/Slc27a1/Fabp7/Fabp4/Lrp2/Arg2/Abcb4/Kcnj8/Arg1/Stard10/Snca/Fabp5/Slc1a7/Pparg",43
"GO:1901654","response to ketone","33/1357","274/25615",0.12043795620438,2.27341064714457,5.01225334394899,9.75186264211625e-06,0.000250583862451819,0.000250583862451819,"Gba1/Pck1/Jund/Ar/Glb1/Hagh/Aard/Nefl/Pck2/Ncoa1/Spp1/Car9/Adcy1/Cftr/Adh1/Errfi1/Pappa/Mstn/Star/Sgk1/Tbx2/Akr1c18/Edn1/Klf9/Rap1a/Fos/Dusp1/Mmp14/Park7/Abcb4/Prkd1/Ddit4/Bmp4",33
"GO:1904062","regulation of monoatomic cation transmembrane transport","37/1357","324/25615",0.114197530864198,2.15561514597378,4.95112464796526,9.89842231402546e-06,0.000253336513726293,0.000253336513726293,"Trpc1/Cemip/Kcne3/S100a1/Adcyap1r1/Snta1/Ppp3ca/Kcnj2/Mcub/Atpsckmt/Pde4b/Hcn1/Ptk2b/Rgs4/Kcnh2/Tmem38b/Mmp9/Stac2/Bax/Lcn2/Fxyd2/Abcc9/Prnp/Edn1/Bdkrb1/Casq2/Tmem38a/P2rx5/Fhl1/Nedd4l/F2r/Osr1/Gsto1/Cd19/Prkd1/Bmp4/Snca",37
"GO:0017015","regulation of transforming growth factor beta receptor signaling pathway","22/1357","147/25615",0.149659863945578,2.82500914883271,5.24840599959866,1.01710233660156e-05,0.000259280373425731,0.000259280373425731,"Bmp2/Sap30/Itga3/Npnt/Tsc22d1/Lox/Thbs1/Dand5/Zfp703/Lrrc32/Cdkn1c/Adamtsl2/Smad6/Cdh3/Rasl11b/Itga8/Htra3/Cited2/Nrep/Peg10/Pparg/Hspa1a",22
"GO:1902041","regulation of extrinsic apoptotic signaling pathway via death domain receptors","12/1357","51/25615",0.235294117647059,4.44145823399367,5.81854392798297,1.07789461508675e-05,0.000273691502265505,0.000273691502265505,"Atf3/Hmox1/Pmaip1/Grina/Lgals3/Bmpr1b/Thbs1/Serpine1/Hgf/Sfrp2/Faim2/Park7",12
"GO:2001237","negative regulation of extrinsic apoptotic signaling pathway","18/1357","106/25615",0.169811320754717,3.20539202736336,5.38137363345783,1.09759523020936e-05,0.000277596525939564,0.000277596525939564,"Eya4/Hmox1/Ar/Peli3/Grina/Sh3rf1/Lgals3/Vegfa/Serpine1/Hgf/Sfrp2/Gclm/Agap2/Gstp1/Faim2/Park7/Bmp4/Hspa1a",18
"GO:0009150","purine ribonucleotide metabolic process","42/1357","390/25615",0.107692307692308,2.03282126863557,4.8611947398442,1.1082726530356e-05,0.000278346071323,0.000278346071323,"Sdhb/Khk/Npr3/Gucy1a1/S100a1/Adcyap1r1/Uchl1/Mttp/Atp5po/Atpsckmt/Pde4b/Nmnat1/Nudt10/Ak4/Ndufa11/Adcy1/Ier3/Atp5f1e/Ldhd/Slc4a1/Ednrb/Ndufb7/Atp6v1b2/Abcc9/Ndufs8/Aldoc/Eno1/Adss1/Ndufv3/Ndufb4/Pfkp/Aldoa/Gapdh/Nudt2/Pgam1/Ppargc1a/Ddit4/Atp5if1/Atp6v1a/Xdh/Ada/Hspa1a",42
"GO:0034767","positive regulation of monoatomic ion transmembrane transport","25/1357","181/25615",0.138121546961326,2.60720959868413,5.13222398521926,1.1092246926944e-05,0.000278346071323,0.000278346071323,"Trpc1/Cemip/Kcne3/S100a1/Adcyap1r1/Ppp3ca/Kcnj2/Atpsckmt/Hcn1/Kcnh2/Stac2/Bax/Vmp1/Lcn2/Fxyd2/Edn1/Bdkrb1/P2rx5/Fhl1/Nedd4l/F2r/Gsto1/Cd19/Bmp4/Snca",25
"GO:0042476","odontogenesis","22/1357","148/25615",0.148648648648649,2.80592124917843,5.21124992902367,1.13579352393832e-05,0.000282803782859682,0.000282803782859682,"Msx1/Acvr2b/Phex/Bmp2/Tnfsf11/Msx2/Hacd1/Aqp5/Bax/Serpine1/Aqp3/Cftr/Bsg/Foxc1/Edn1/Osr1/Car2/Dlx3/Ift88/Bmp4/Runx2/Fst",22
"GO:0072329","monocarboxylic acid catabolic process","22/1357","148/25615",0.148648648648649,2.80592124917843,5.21124992902367,1.13579352393832e-05,0.000282803782859682,0.000282803782859682,"Sord/Adipoq/Xylb/Aig1/Etfb/Ces1a/Crot/Mtln/Slc16a3/Phyh/Ldhd/Echdc2/Hao1/Pex2/Slc25a17/Sesn2/Scp2/Cyp26b1/Fah/Bdh2/Hoga1/Acadm",22
"GO:0046879","hormone secretion","44/1357","417/25615",0.105515587529976,1.99173306896119,4.82926366206715,1.15763669535346e-05,0.00028712965756566,0.00028712965756566,"Inha/Agt/Adra2a/Acvr2b/Bmp6/Ppp3ca/Adipoq/Tnfsf11/Uqcc2/Glp1r/Vdr/Lepr/Retn/Pck2/Cd38/Ffar4/Spp1/Vsnl1/Clcf1/Hmgn3/Abcb1a/Tac1/Ptprv/Slc9b2/Sybu/Nmu/Pim3/Ecrg4/Rapgef4/Edn1/Camk2n1/Nos2/Aldoa/Slc16a2/Hcar2/Park7/Prkd1/Il6/Pde3b/Rab3a/Cry2/Pparg/Gpr68/Vgf",44
"GO:0006163","purine nucleotide metabolic process","49/1357","484/25615",0.101239669421488,1.91101999427517,4.78571503370883,1.16399919640986e-05,0.00028759733991296,0.00028759733991296,"Sdhb/Khk/Npr3/Gucy1a1/S100a1/Adcyap1r1/Uchl1/Mttp/Atp5po/Atpsckmt/Pde4b/Mthfd2l/Nmnat1/Slc37a2/Fmo2/Nudt10/Ak4/Ndufa11/Adcy1/Ier3/Atp5f1e/Ldhd/Slc4a1/Ednrb/Ndufb7/Atp6v1b2/Abcc9/Ndufs8/Aldoc/Eno1/Adss1/Nudt17/Ndufv3/Ndufb4/Pfkp/Aldoa/Nqo1/Tkt/Qprt/Gapdh/Nudt2/Pgam1/Ppargc1a/Ddit4/Atp5if1/Atp6v1a/Xdh/Ada/Hspa1a",49
"GO:0042326","negative regulation of phosphorylation","30/1357","240/25615",0.125,2.35952468680914,5.00484721407079,1.17785831705886e-05,0.000289906583478396,0.000289906583478396,"Agt/Pard6a/Cdkn1a/Adipoq/Atg14/Taf7/Cadm1/Ppm1e/Cadm4/Bax/Dvl1/Slit2/Bdkrb2/Errfi1/Mstn/Hgf/Sfrp2/Deptor/Cdkn2c/Trib3/Bdkrb1/Pkia/Gstp1/Gadd45b/Fabp4/Ppp1r15a/Ppargc1a/Il6/Mapk8ip1/Cep85",30
"GO:0010563","negative regulation of phosphorus metabolic process","34/1357","289/25615",0.117647058823529,2.22072911699684,4.93612392249063,1.19185168204723e-05,0.000291119969789787,0.000291119969789787,"Agt/Pard6a/Cdkn1a/Adipoq/Atg14/Taf7/Cadm1/Ier3/Ppm1e/Cadm4/Bax/Dvl1/Slit2/Bdkrb2/Errfi1/Mstn/Hgf/Slc4a1/Sfrp2/Deptor/Cdkn2c/Trib3/Bdkrb1/Pkia/Gstp1/Gadd45b/Fabp4/Ppp1r15a/Ppargc1a/Il6/Ddit4/Mapk8ip1/Atp5if1/Cep85",34
"GO:0045936","negative regulation of phosphate metabolic process","34/1357","289/25615",0.117647058823529,2.22072911699684,4.93612392249063,1.19185168204723e-05,0.000291119969789787,0.000291119969789787,"Agt/Pard6a/Cdkn1a/Adipoq/Atg14/Taf7/Cadm1/Ier3/Ppm1e/Cadm4/Bax/Dvl1/Slit2/Bdkrb2/Errfi1/Mstn/Hgf/Slc4a1/Sfrp2/Deptor/Cdkn2c/Trib3/Bdkrb1/Pkia/Gstp1/Gadd45b/Fabp4/Ppp1r15a/Ppargc1a/Il6/Ddit4/Mapk8ip1/Atp5if1/Cep85",34
"GO:0003176","aortic valve development","10/1357","36/25615",0.277777777777778,5.2433881929092,6.0259200268655,1.20745060918467e-05,0.00029381298156827,0.00029381298156827,"Sox9/Bmp2/Gata4/Slit2/Smad6/Tbx20/Adamts5/Bmp4/Efna1/Nfatc1",10
"GO:0003148","outflow tract septum morphogenesis","9/1357","29/25615",0.310344827586207,5.85813025690545,6.19110381824909,1.22150906534072e-05,0.000295731563989393,0.000295731563989393,"Msx2/Sema3c/Nkx2-5/Gata6/Smad6/Tbx20/Tbx2/Lrp2/Bmp4",9
"GO:0010718","positive regulation of epithelial to mesenchymal transition","13/1357","60/25615",0.216666666666667,4.08984279046917,5.66728686821053,1.22638942690161e-05,0.000295731563989393,0.000295731563989393,"Agt/Bmp2/Mdk/Loxl2/Rgcc/Zfp703/Tbx20/Gcnt2/Pdpn/Foxc1/Il6/Bmp4/Mad2l2",13
"GO:0016525","negative regulation of angiogenesis","19/1357","117/25615",0.162393162393162,3.06536540508538,5.29587714092595,1.22914582168692e-05,0.000295731563989393,0.000295731563989393,"Agt/Sars1/Tnmd/Dcn/Plk2/Klf2/Thbs1/Angpt2/Serpine1/Rgcc/Atp2b4/Creb3l1/Sulf1/Flt1/Foxc1/Ism1/Pde3b/Adamts1/Pparg",19
"GO:0001889","liver development","24/1357","171/25615",0.140350877192982,2.64929087641728,5.11804086102729,1.25590204184987e-05,0.000300087026701101,0.000300087026701101,"Hmox1/Pck1/Sox9/Pck2/Cadm1/Frzb/Gata6/Errfi1/Ephx1/Hgf/Cp/Cebpb/Ccdc40/Hes1/Hp/Cited2/Rap1a/Il6/Ift88/Bmp4/Car3/Acadm/Gstk1/Ada",24
"GO:0042311","vasodilation","15/1357","78/25615",0.192307692307692,3.63003797970637,5.50206242832919,1.25659106759957e-05,0.000300087026701101,0.000300087026701101,"Npr3/Gucy1a1/Agt/Adra2a/S100a1/Vegfa/Klf2/Cftr/Ext1/Bdkrb2/Ednrb/Abcc9/Kcnj8/Kng2/Gch1",15
"GO:0019693","ribose phosphate metabolic process","44/1357","419/25615",0.105011933174224,1.98222598987307,4.79461526406229,1.30447245381806e-05,0.000310367816419525,0.000310367816419525,"Sdhb/Khk/Npr3/Gucy1a1/S100a1/Adcyap1r1/Uchl1/Mttp/Atp5po/Atpsckmt/Pde4b/Nmnat1/Nudt10/Ak4/Ndufa11/Adcy1/Ier3/Atp5f1e/Ldhd/Slc4a1/Ednrb/Ndufb7/Atp6v1b2/Abcc9/Ndufs8/Aldoc/Eno1/Adss1/Ndufv3/Ndufb4/Pfkp/Aldoa/Gapdh/Nudt2/Pgam1/Entpd5/Ppargc1a/Ddit4/Atp5if1/Atp6v1a/Xdh/Ada/Cda/Hspa1a",44
"GO:0034331","cell junction maintenance","16/1357","88/25615",0.181818181818182,3.43203590808602,5.40520985967447,1.37485268521045e-05,0.00032590603873771,0.00032590603873771,"C1ql3/Pard6a/C1ql1/Vdr/Cadm1/Cldn3/Mpp2/Adgrl3/Cbln1/Sort1/Magi2/Epb41l3/F2r/Erc2/Rab3a/Whrn",16
"GO:0002027","regulation of heart rate","19/1357","118/25615",0.161016949152542,3.03938773216092,5.25166959236266,1.39321996469605e-05,0.000329045774014979,0.000329045774014979,"Agt/Kcne3/Snta1/Kcnj2/Adm2/Rgs4/Kcnh2/Tac1/Ednrb/Nmu/Kcnd3/Adm/Edn1/Casq2/Kcne4/Cacna1g/Kcnj8/Gch1/Ada",19
"GO:1903844","regulation of cellular response to transforming growth factor beta stimulus","22/1357","150/25615",0.146666666666667,2.76850896585605,5.13785904901865,1.4114316774536e-05,0.000332125900950987,0.000332125900950987,"Bmp2/Sap30/Itga3/Npnt/Tsc22d1/Lox/Thbs1/Dand5/Zfp703/Lrrc32/Cdkn1c/Adamtsl2/Smad6/Cdh3/Rasl11b/Itga8/Htra3/Cited2/Nrep/Peg10/Pparg/Hspa1a",22
"GO:0032332","positive regulation of chondrocyte differentiation","8/1357","23/25615",0.347826086956522,6.56563391112108,6.31578840381944,1.45738397461121e-05,0.00034168739609133,0.000341687396091329,"Fgf18/Bmp6/Sox9/Loxl2/Bmpr1b/Thrb/Prkg2/Runx2",8
"GO:0034976","response to endoplasmic reticulum stress","34/1357","292/25615",0.116438356164384,2.1979134068907,4.86923129161693,1.48411189175727e-05,0.000346688537914499,0.000346688537914499,"Bcap31/Atf3/Pmaip1/Grina/Abca7/Usp13/Crebrf/Thbs1/Atg10/Bax/Cftr/Calr4/H13/Creb3l1/Ddit3/Serp2/Cebpb/Marchf6/Chac1/Trib3/Bbc3/Scamp5/Sesn2/Rasgrf1/Park7/Dnajb9/Calr3/Ppp1r15a/Selenok/Kcnj8/Ero1a/Ubxn8/Bbs10/Hspa1a",34
"GO:0003002","regionalization","46/1357","448/25615",0.102678571428571,1.93818099273608,4.73817441187462,1.49252839467935e-05,0.000347391391573194,0.000347391391573195,"Msx1/Irx1/Egr2/Ar/Acvr2b/Bmp2/Msx2/Irx2/Pierce2/Sema3c/Bmpr1b/Ifitm1/Nkx2-5/Dvl1/Gata4/Dand5/Six1/Ext1/Zic2/Smad6/Hoxb2/Hoxa2/Tbx20/Ddit3/Sfrp2/Foxg1/Ift25/Ccdc40/Tbx2/Dnai1/Bhlhe41/Foxc1/Edn1/Meox1/Hes1/Heyl/Osr1/Cited2/Celsr2/Mapk8/Cyp26b1/Lrp2/Ift88/Bmp4/Hoxb4/Tgif1",46
"GO:0043542","endothelial cell migration","30/1357","243/25615",0.123456790123457,2.33039475240409,4.92841691190891,1.50343216673514e-05,0.000348666001411787,0.000348666001411787,"Rab13/Hmox1/Fgf18/Agt/Nr4a1/Anxa3/Dcn/Plk2/Cdh13/Ptk2b/Vegfa/S100a9/Ptgs2/Loxl2/Thbs1/Angpt2/Rgcc/Slit2/Lcn2/Atp2b4/Hspb1/Bsg/Rhob/S100a8/Stc1/Prkd1/Atoh8/Bmp4/Efna1/Pparg",30
"GO:0003170","heart valve development","14/1357","70/25615",0.2,3.77523949889462,5.49917657833598,1.52162272292289e-05,0.000349511604032432,0.000349511604032432,"Sox9/Bmp2/Prdm1/Gata4/Slit2/Smad6/Tbx20/Zfpm1/Adamts5/Heyl/Ccn1/Bmp4/Efna1/Nfatc1",14
"GO:0070371","ERK1 and ERK2 cascade","39/1357","356/25615",0.109550561797753,2.06789804012486,4.79896787339018,1.52340051570798e-05,0.000349511604032432,0.000349511604032432,"Atf3/Fgf18/Agt/Calcr/Adipoq/Sox9/Bmp2/Tnfsf11/Mt3/Abca7/Npnt/Ptk2b/Vegfa/Dusp4/Ffar4/Clcf1/Epor/Errfi1/Zfp36l1/Gpr183/Gcnt2/Ccr3/Cxcr4/Edn1/Ece1/F2r/Mif/Gstp1/Rap1a/Epha4/Ccn1/Dusp1/Ramp3/Fgfbp3/Mturn/Il6/Bmp4/Ccl3/Ccn2",39
"GO:0070588","calcium ion transmembrane transport","39/1357","356/25615",0.109550561797753,2.06789804012486,4.79896787339018,1.52340051570798e-05,0.000349511604032432,0.000349511604032432,"Trpc1/Ghitm/Cemip/Adcyap1r1/Ppp3ca/Glp1r/Grina/Mcub/Cacng7/Pde4b/Ptk2b/Cacna1i/Tmem38b/Bax/P2rx6/Atp2b4/Plcl1/Ednrb/Ddit3/Prnp/Edn1/Bdkrb1/Casq2/Tmem38a/P2rx5/F2r/Atp2c2/Cacna1g/Faim2/Gsto1/Cd19/Kcnj8/Prkd1/Ero1a/Bmp4/Ccl3/Snca/Ccn2/Itpr2",39
"GO:0032373","positive regulation of sterol transport","10/1357","37/25615",0.27027027027027,5.10167499850624,5.90513657628884,1.57639135229419e-05,0.000356637760606462,0.000356637760606462,"Adipoq/Eepd1/Abca7/Abca8b/Abca5/Ces1a/Abca8a/Scp2/Abcb4/Pparg",10
"GO:0032376","positive regulation of cholesterol transport","10/1357","37/25615",0.27027027027027,5.10167499850624,5.90513657628884,1.57639135229419e-05,0.000356637760606462,0.000356637760606462,"Adipoq/Eepd1/Abca7/Abca8b/Abca5/Ces1a/Abca8a/Scp2/Abcb4/Pparg",10
"GO:0048661","positive regulation of smooth muscle cell proliferation","19/1357","119/25615",0.159663865546218,3.01384665878142,5.20792816045252,1.57666755934364e-05,0.000356637760606462,0.000356637760606462,"Hmox1/Agt/Cdh13/Retn/Vegfa/Ptgs2/Mmp2/Thbs1/Mmp9/Rgcc/Ereg/Sulf1/Flt1/Edn1/Id2/Ppargc1a/Il6/Bmp4/Adamts1",19
"GO:2000181","negative regulation of blood vessel morphogenesis","19/1357","119/25615",0.159663865546218,3.01384665878142,5.20792816045252,1.57666755934364e-05,0.000356637760606462,0.000356637760606462,"Agt/Sars1/Tnmd/Dcn/Plk2/Klf2/Thbs1/Angpt2/Serpine1/Rgcc/Atp2b4/Creb3l1/Sulf1/Flt1/Foxc1/Ism1/Pde3b/Adamts1/Pparg",19
"GO:0003180","aortic valve morphogenesis","9/1357","30/25615",0.3,5.66285924834193,6.04395682702467,1.66316987252676e-05,0.000373573540598319,0.000373573540598319,"Sox9/Gata4/Slit2/Smad6/Tbx20/Adamts5/Bmp4/Efna1/Nfatc1",9
"GO:0035988","chondrocyte proliferation","9/1357","30/25615",0.3,5.66285924834193,6.04395682702467,1.66316987252676e-05,0.000373573540598319,0.000373573540598319,"Sox9/Bmpr1b/Ext1/Errfi1/Stc1/Mmp14/Comp/Ccn2/Fosl2",9
"GO:0034765","regulation of monoatomic ion transmembrane transport","39/1357","358/25615",0.108938547486034,2.05634553710741,4.76055693526014,1.73226994437313e-05,0.000387738749918224,0.000387738749918224,"Trpc1/Cemip/Kcne3/S100a1/Adcyap1r1/Snta1/Ppp3ca/Kcnj2/Mcub/Atpsckmt/Pde4b/Hcn1/Ptk2b/Rgs4/Kcnh2/Tmem38b/Mmp9/Stac2/Bax/Vmp1/Lcn2/Fxyd2/Abcc9/Prnp/Edn1/Bdkrb1/Casq2/Tmem38a/P2rx5/Fhl1/Nedd4l/F2r/Osr1/Park7/Gsto1/Cd19/Prkd1/Bmp4/Snca",39
"GO:0051928","positive regulation of calcium ion transport","19/1357","120/25615",0.158333333333333,2.98873126995824,5.16464348877523,1.78146594821461e-05,0.000395990908350541,0.000395990908350541,"Trpc1/Cemip/Adcyap1r1/Ppp3ca/Lpar3/Lgals3/Bax/Serpine1/Cxcr4/Bdkrb1/P2rx5/Stc1/F2r/Atp2c2/Gsto1/Cd19/Bmp4/Ccl3/Snca",19
"GO:1901343","negative regulation of vasculature development","19/1357","120/25615",0.158333333333333,2.98873126995824,5.16464348877523,1.78146594821461e-05,0.000395990908350541,0.000395990908350541,"Agt/Sars1/Tnmd/Dcn/Plk2/Klf2/Thbs1/Angpt2/Serpine1/Rgcc/Atp2b4/Creb3l1/Sulf1/Flt1/Foxc1/Ism1/Pde3b/Adamts1/Pparg",19
"GO:0010721","negative regulation of cell development","34/1357","295/25615",0.115254237288136,2.17556174512571,4.8031453897025,1.84063259387841e-05,0.000407731854588789,0.000407731854588789,"Cfl1/Dynlt1b/Il17d/Ppp3ca/Adipoq/Mt3/Tsc22d1/Vegfa/Mdk/Lrrc17/Tnfaip6/Stac2/Frzb/Slit2/Cftr/Brinp1/Gpr137b/Hspb1/Ednrb/Zfpm1/Clec12a/Id1/Ttpa/Hes1/Rtn4r/Id2/Flt3/Appl2/Grb14/Gdpd2/Bmp4/Cdk5/Ccl3/Gpr68",34
"GO:0015718","monocarboxylic acid transport","26/1357","198/25615",0.131313131313131,2.47869260028435,4.94025630160425,1.85706090391613e-05,0.000409247978602666,0.000409247978602666,"Fabp3/Slc6a8/Tnfsf11/Ptgs2/Ces1a/Crot/Thbs1/Slc16a3/Atp8b1/Bdkrb2/Slc2a1/Edn1/Pla2r1/Nos2/Slc16a7/Slc25a17/Mif/Slc27a3/Slc27a1/Fabp7/Fabp4/Abcb4/Kcnj8/Stard10/Fabp5/Pparg",26
"GO:0061008","hepaticobiliary system development","24/1357","175/25615",0.137142857142857,2.58873565638488,4.98784838772701,1.86021808455757e-05,0.000409247978602666,0.000409247978602666,"Hmox1/Pck1/Sox9/Pck2/Cadm1/Frzb/Gata6/Errfi1/Ephx1/Hgf/Cp/Cebpb/Ccdc40/Hes1/Hp/Cited2/Rap1a/Il6/Ift88/Bmp4/Car3/Acadm/Gstk1/Ada",24
"GO:0051209","release of sequestered calcium ion into cytosol","20/1357","131/25615",0.152671755725191,2.88186221289666,5.10729333484083,1.87948439559731e-05,0.000412075350079082,0.000412075350079082,"Trpc1/Ghitm/Cemip/Glp1r/Ptk2b/Tmem38b/Bax/Plcl1/Ddit3/Bdkrb1/Casq2/Tmem38a/F2r/Gsto1/Cd19/Prkd1/Ero1a/Ccl3/Snca/Itpr2",20
"GO:0045926","negative regulation of growth","30/1357","246/25615",0.121951219512195,2.30197530420404,4.85310576961394,1.90913296685454e-05,0.000417152046907265,0.000417152046907265,"Cfl1/Msx1/Agt/Cdkn1a/Mt2/Cgref1/Mt3/Rgs4/Cth/Osgin1/Frzb/Slit2/Mstn/Sfrp2/Cdkn2c/Eno1/Bbc3/Bdkrb1/Cxadr/Sertad3/Slc6a4/Fhl1/Rtn4r/Cited2/Sesn2/Dcstamp/Cdk5/Mt1/Pparg/Hspa1a",30
"GO:0046883","regulation of hormone secretion","38/1357","347/25615",0.109510086455331,2.06713401956766,4.73368548289123,1.96472688737492e-05,0.000427844255067678,0.000427844255067678,"Inha/Agt/Adra2a/Bmp6/Ppp3ca/Adipoq/Tnfsf11/Uqcc2/Glp1r/Vdr/Lepr/Retn/Pck2/Cd38/Ffar4/Spp1/Vsnl1/Clcf1/Hmgn3/Tac1/Ptprv/Slc9b2/Sybu/Nmu/Pim3/Ecrg4/Rapgef4/Edn1/Camk2n1/Nos2/Aldoa/Hcar2/Prkd1/Il6/Pde3b/Cry2/Pparg/Gpr68",38
"GO:0001541","ovarian follicle development","15/1357","81/25615",0.185185185185185,3.49559212860613,5.32056581958474,2.0183387301545e-05,0.000438034054138936,0.000438034054138936,"Inha/Eif2b2/Vegfa/Bmpr1b/Mmp2/Tnfaip6/Bax/Ereg/Cebpb/Foxc1/Gas2/Mmp14/Bmp4/Fgf7/Vgf",15
"GO:0072330","monocarboxylic acid biosynthetic process","30/1357","247/25615",0.121457489878543,2.29265556613034,4.82824515393845,2.06506183895297e-05,0.000446665227388347,0.000446665227388347,"Lpl/Agt/Hacd1/Pdk4/Ptgs1/Pck2/Ptgs2/Ces1a/Insig1/Acss2/Fads3/Errfi1/Scd1/Aldh1a3/Star/Tecr/Angptl4/Trib3/Edn1/Pex2/Elovl4/Gstm1/Osbpl6/Mif/Gstp1/Sphk1/Scp2/Park7/Hoga1/Fabp5",30
"GO:0010565","regulation of ketone metabolic process","23/1357","165/25615",0.139393939393939,2.63122752953261,4.97180116267481,2.11347407161393e-05,0.000455602598525096,0.000455602598525096,"Fabp3/Agt/Bmp6/Adipoq/Sox9/Bmp2/Pdk4/Fmo2/Ptgs2/Ces1a/Insig1/Mtln/Star/Angptl4/Trib3/Edn1/Appl2/Tpk1/Pdk1/Ppargc1a/Snca/Fabp5/Pparg",23
"GO:0010506","regulation of autophagy","36/1357","323/25615",0.111455108359133,2.1038486371549,4.7219385495371,2.20446347887593e-05,0.000473627872518361,0.000473627872518361,"Gba1/Hmox1/Optn/Atg14/Ctsa/Rragb/Dcn/Plk2/Lepr/Usp13/Dap/Tmem59/Gata4/Bnip3l/Wdr45/Usp20/Mtcl1/Gpr137b/Tfeb/Ddit3/Deptor/Depp1/Rab39b/Rufy4/Bnip3/Nrbp2/Trib3/Plk3/Fbxl2/Sesn2/Ulk3/Prkd1/Wipi1/Snca/Atp5if1/Tpt1",36
"GO:0050767","regulation of neurogenesis","47/1357","469/25615",0.100213219616205,1.89164452503249,4.60940473413571,2.25962207984747e-05,0.000483860408031338,0.000483860408031338,"Eif2b2/Egr2/Sox2/Dynlt1b/Ppp3ca/Bmp2/Mt3/Chodl/Nefl/Lpar3/Shtn1/Vegfa/Islr2/Mdk/Tle6/Clcf1/Slit2/Mme/Mest/Brinp1/Obsl1/Star/Il33/Sgk1/Ptprd/Foxg1/Bhlhe41/Tnfrsf12a/Cxcr4/Flt1/Id1/Zfp365/Hes1/Rtn4r/Heyl/Id2/Appl2/Epha4/Mapk8/Mapre3/Lrp2/Gdpd2/Il6/Bmp4/Cdk5/Runx2/Pparg",47
"GO:0009914","hormone transport","44/1357","429/25615",0.102564102564103,1.93602025584339,4.62418738171713,2.33141110360109e-05,0.00049757425015061,0.00049757425015061,"Inha/Agt/Adra2a/Acvr2b/Bmp6/Ppp3ca/Adipoq/Tnfsf11/Uqcc2/Glp1r/Vdr/Lepr/Retn/Pck2/Cd38/Ffar4/Spp1/Vsnl1/Clcf1/Hmgn3/Abcb1a/Tac1/Ptprv/Slc9b2/Sybu/Nmu/Pim3/Ecrg4/Rapgef4/Edn1/Camk2n1/Nos2/Aldoa/Slc16a2/Hcar2/Park7/Prkd1/Il6/Pde3b/Rab3a/Cry2/Pparg/Gpr68/Vgf",44
"GO:0050886","endocrine process","20/1357","133/25615",0.150375939849624,2.83852593901851,5.02782272862781,2.35748662446471e-05,0.000501473313760308,0.000501473313760308,"Inha/Agt/Bmp6/Adipoq/Vdr/Retn/Spp1/Mme/Abcb1a/Tac1/Ednrb/Ecrg4/Edn1/Ece1/F2r/Lvrn/Hcar2/Anpep/Cry2/Pparg",20
"GO:0070555","response to interleukin-1","18/1357","112/25615",0.160714285714286,3.03367459732603,5.10147743880188,2.38722224409141e-05,0.000504457753159316,0.000504457753159316,"Cited1/Cfl1/Pck1/Sox9/Sele/Klf2/Mmp2/Cxcl2/Serpine1/Ankrd1/Lcn2/St18/Cebpb/Edn1/Rps6ka5/Hes1/Il6/Snca",18
"GO:0071774","response to fibroblast growth factor","18/1357","112/25615",0.160714285714286,3.03367459732603,5.10147743880188,2.38722224409141e-05,0.000504457753159316,0.000504457753159316,"Fgf18/Nr4a1/Ier2/Thbs1/Churc1/Ext1/Zfp36l1/Star/Creb3l1/Sulf1/Gclm/Tbx2/Zfp36/Fgfbp3/Runx2/Fgf7/Snca/Ccn2",18
"GO:1903706","regulation of hemopoiesis","45/1357","443/25615",0.101580135440181,1.91744669808418,4.60707173039337,2.40208543755452e-05,0.000505934322978696,0.000505934322978696,"Siglec15/Pck1/Spi1/Il17d/Ppp3ca/Adipoq/Tnfsf11/Sh3rf1/Tsc22d1/Ptk2b/Prdm1/Mdk/Lrrc17/Lox/Ypel4/Tnfaip6/Stac2/Eeig1/Zfp36l1/Gpr137b/Slc9b2/Hspb1/Prxl2a/Cebpb/Zfpm1/Clec12a/Vnn1/Ndfip1/Ocstamp/Id2/Flt3/Tcim/Car2/Fos/Zfp36/Mmp14/Cyp26b1/Mturn/Dcstamp/Il6/Bmp4/Ccl3/Ada/Gpr68/Hspa1a",45
"GO:0051591","response to cAMP","17/1357","102/25615",0.166666666666667,3.14603291574552,5.1363762690557,2.45752211710841e-05,0.00051591902223217,0.00051591902223217,"Cited1/Pck1/Adipoq/Atp5po/Penk/Hcn1/Cftr/Zfp36l1/Star/Aldh3a1/Bsg/Stc1/Rap1a/Fos/Dusp1/Vgf/Itpr2",17
"GO:0019217","regulation of fatty acid metabolic process","19/1357","123/25615",0.154471544715447,2.91583538532511,5.03744041039954,2.54632696469447e-05,0.000532820990918478,0.000532820990918478,"Fabp3/Agt/Adipoq/Sox9/Pdk4/Fmo2/Ptgs2/Insig1/Mtln/Angptl4/Trib3/Edn1/Appl2/Tpk1/Pdk1/Ppargc1a/Snca/Fabp5/Pparg",19
"GO:0010837","regulation of keratinocyte proliferation","10/1357","39/25615",0.256410256410256,4.84005063960849,5.67615274766494,2.61156227586714e-05,0.000544697274680861,0.000544697274680861,"Gpr15lg/Vdr/Mdk/Ptprk/Zfp36l1/Cdh3/Klf9/Zfp36/Prkd1/Fgf7",10
"GO:0072522","purine-containing compound biosynthetic process","32/1357","275/25615",0.116363636363636,2.19650298117505,4.71821750164802,2.64769786362362e-05,0.0005504469603857,0.0005504469603857,"Sdhb/Npr3/Gucy1a1/Adcyap1r1/Atp5po/Atpsckmt/Mthfd2l/Pdk4/Nmnat1/Ak4/Ndufa11/Spp1/Acss2/Adcy1/Atp5f1e/Ldhd/Ednrb/Ndufb7/Ndufs8/Eno1/Adss1/Elovl4/Ndufv3/Ndufb4/Aldoa/Tpk1/Qprt/Nudt2/Pdk1/Snca/Atp5if1/Ada",32
"GO:0048145","regulation of fibroblast proliferation","18/1357","113/25615",0.15929203539823,3.00682791947359,5.05665548832991,2.70077935462928e-05,0.000559595559434761,0.000559595559434761,"Agt/Cdkn1a/Pmaip1/Ifi30/Mmp9/Bax/Serpine1/Btc/Ereg/Fth1/Pex2/Mif/Gstp1/Rasgrf1/Sphk1/Tgif1/Fosl2/Pparg",18
"GO:0060426","lung vasculature development","6/1357","13/25615",0.461538461538462,8.71209115129528,6.57821424816619,2.71783646549884e-05,0.000559595559434761,0.000559595559434761,"Bmp2/Vegfa/Errfi1/Id1/Ift88/Bmp4",6
"GO:0098915","membrane repolarization during ventricular cardiac muscle cell action potential","6/1357","13/25615",0.461538461538462,8.71209115129528,6.57821424816619,2.71783646549884e-05,0.000559595559434761,0.000559595559434761,"Kcne3/Kcnh2/Kcnd3/Casq2/Kcne4/Kcnj8",6
"GO:0045124","regulation of bone resorption","12/1357","56/25615",0.214285714285714,4.04489946310138,5.39505867989273,2.9665804007942e-05,0.000608859824111884,0.000608859824111883,"Siglec15/Tnfsf11/Pdk4/Vegfa/Cd38/Spp1/Gpr137b/Rufy4/Oscar/Car2/Dcstamp/Il6",12
"GO:0050727","regulation of inflammatory response","44/1357","434/25615",0.101382488479263,1.91371587501571,4.54067772884015,3.08589439271138e-05,0.000631330750916494,0.000631330750916494,"Lpl/Gba1/Agt/Adipoq/Tnfsf11/Tslp/Map3k8/S100a9/Ptgs2/Mdk/Ffar4/Tnfaip6/Ier3/Serpine1/Clcf1/Acp5/Tac1/Hgf/Il33/Ednrb/Napepld/Cebpb/Syt11/Clec12a/Cd24a/Camk2n1/S100a8/Ndfip1/Slc39a8/Fbxl2/Gstp1/Tnc/Zfp36/Sphk1/Fabp4/Park7/Il6/Ccl3/Ddt/Lgals2/Snca/Nfatc1/Ada/Pparg",44
"GO:0009144","purine nucleoside triphosphate metabolic process","33/1357","290/25615",0.113793103448276,2.14798109419866,4.65007693536209,3.14373472316048e-05,0.000641122281320092,0.000641122281320092,"Sdhb/Khk/S100a1/Uchl1/Mttp/Atp5po/Atpsckmt/Nmnat1/Ak4/Ndufa11/Ier3/Atp5f1e/Ldhd/Slc4a1/Ndufb7/Atp6v1b2/Abcc9/Ndufs8/Aldoc/Eno1/Ndufv3/Ndufb4/Pfkp/Aldoa/Gapdh/Nudt2/Pgam1/Ppargc1a/Ddit4/Atp5if1/Atp6v1a/Ada/Hspa1a",33
"GO:0015850","organic hydroxy compound transport","35/1357","316/25615",0.110759493670886,2.09071807691949,4.61429658313863,3.24789493407016e-05,0.00065653743865436,0.00065653743865436,"Agt/Adra2a/Bmp6/Adipoq/Eepd1/Mttp/Abca7/Lgals3/Abca8b/Ptgs1/Vapa/Abca5/Ces1a/Spp1/Slc16a3/Aqp3/Cftr/Abcb1a/Atp8b1/Tac1/Gramd1c/Star/Syt11/Ecrg4/Slc6a2/Slc6a4/Osbpl6/Slc16a7/Abca8a/Scp2/Park7/Abcb4/Snca/Rab3a/Pparg",35
"GO:0046686","response to cadmium ion","11/1357","48/25615",0.229166666666667,4.32579525915009,5.45478168235741,3.263712981627e-05,0.00065653743865436,0.00065653743865436,"Hmox1/Sord/Sox2/Mt2/Mt3/Gss/Star/Prnp/Slc39a8/Mapk8/Mt1",11
"GO:0010594","regulation of endothelial cell migration","24/1357","181/25615",0.132596685082873,2.50292121473676,4.79920497767188,3.26506098804287e-05,0.00065653743865436,0.00065653743865436,"Hmox1/Fgf18/Agt/Anxa3/Dcn/Plk2/Ptk2b/Vegfa/Ptgs2/Thbs1/Angpt2/Rgcc/Slit2/Lcn2/Atp2b4/Hspb1/Bsg/Rhob/Stc1/Prkd1/Atoh8/Bmp4/Efna1/Pparg",24
"GO:0002761","regulation of myeloid leukocyte differentiation","21/1357","147/25615",0.142857142857143,2.69659964206759,4.87912279565273,3.27969751556307e-05,0.00065653743865436,0.00065653743865436,"Ppp3ca/Adipoq/Tnfsf11/Lrrc17/Tnfaip6/Stac2/Eeig1/Zfp36l1/Gpr137b/Slc9b2/Prxl2a/Cebpb/Zfpm1/Ndfip1/Ocstamp/Id2/Car2/Fos/Dcstamp/Ccl3/Gpr68",21
"GO:1901655","cellular response to ketone","21/1357","147/25615",0.142857142857143,2.69659964206759,4.87912279565273,3.27969751556307e-05,0.00065653743865436,0.00065653743865436,"Pck1/Ar/Hagh/Pck2/Spp1/Adcy1/Cftr/Errfi1/Mstn/Star/Sgk1/Tbx2/Akr1c18/Klf9/Rap1a/Fos/Mmp14/Park7/Prkd1/Ddit4/Bmp4",21
"GO:0042327","positive regulation of phosphorylation","47/1357","476/25615",0.0987394957983193,1.86382622319377,4.49942473783816,3.28064317883016e-05,0.00065653743865436,0.00065653743865436,"Fgf18/Tom1l1/Cemip/Agt/Cdkn1a/Higd1a/Adipoq/Sox9/Bmp2/Mt3/Atg14/Ptk2b/Vegfa/Unc119/Thbs1/Mmp9/Lmo4/Fzd1/Dvl1/Pim1/Mst1r/Ereg/Grk3/Ednrb/Hpx/Cxcr4/Flt1/Agap2/Hes1/Mif/Ripk3/Vldlr/Flt3/Rap1a/Prlr/Sesn2/Sphk1/Ppp1r15a/Prkd1/Il6/Bmp4/Cdk5/Tpd52l1/Fgf7/Ccn2/Hspa2/Mad2l2",47
"GO:0071280","cellular response to copper ion","7/1357","19/25615",0.368421052631579,6.95438855059535,6.14085794677995,3.30732440209332e-05,0.000657778698422522,0.000657778698422522,"Mt2/Mt3/Prnp/Map1lc3a/Atp7b/Snca/Mt1",7
"GO:0086013","membrane repolarization during cardiac muscle cell action potential","7/1357","19/25615",0.368421052631579,6.95438855059535,6.14085794677995,3.30732440209332e-05,0.000657778698422522,0.000657778698422522,"Kcne3/Kcnj2/Kcnh2/Kcnd3/Casq2/Kcne4/Kcnj8",7
"GO:0030513","positive regulation of BMP signaling pathway","10/1357","40/25615",0.25,4.71904937361828,5.56743620168914,3.31762078903986e-05,0.000657789998419509,0.000657789998419509,"Msx1/Elapor2/Msx2/Gata6/Gata4/Tbx20/Sulf1/Hes1/Ccn1/Bmp4",10
"GO:0043085","positive regulation of catalytic activity","45/1357","449/25615",0.10022271714922,1.8918238023414,4.5091664208414,3.33863742291034e-05,0.000659920209377724,0.000659920209377724,"Prss22/Arrdc3/Fgf18/Tom1l1/Cemip/Pip5k1a/Agt/Rap1gap/Arhgef19/Nr4a2/Cdkn1a/Higd1a/Adipoq/Amph/Bmp2/Rgs10/Mt3/Atpsckmt/Ptk2b/Rgs1/Rgs4/Unc119/Lmo4/Adcy1/Pim1/Lmf1/Mst1r/Ereg/Sfrp2/Flt1/Agap2/Rtn4r/Ripk3/Vldlr/Rap1a/Ccn1/Prlr/Sesn2/Rasgrf1/Mapk8/Park7/Cdk5/Tpd52l1/Gch1/Arhgap24",45
"GO:0090596","sensory organ morphogenesis","37/1357","343/25615",0.107871720116618,2.03620789298981,4.56956942815321,3.48396182702206e-05,0.000686532845913794,0.000686532845913794,"Eya4/Msx1/Sox2/Pls1/Sox9/Hcn1/Vegfa/Prdm1/Aqp5/Insig1/Prrx2/Frzb/Bax/Dvl1/Six1/Aldh1a3/Hoxa2/Ripor2/Foxg1/Tbx2/Prkra/Sobp/Clic5/Flt1/Itga8/Edn1/Mfap2/Osr1/Cited2/Col11a1/Cyp26b1/Otop1/Rorb/Bmp4/Bbs10/Gfi1/Whrn",37
"GO:0031646","positive regulation of nervous system process","12/1357","57/25615",0.210526315789474,3.97393631462592,5.3162670624548,3.57796923344949e-05,0.000700758364502425,0.000700758364502425,"Gba1/Egr2/Sgms1os1/Atpsckmt/Tac1/Hgf/Nmu/Ncmap/Rapgef4/Elovl4/Fgfbp3/Il6",12
"GO:0032330","regulation of chondrocyte differentiation","12/1357","57/25615",0.210526315789474,3.97393631462592,5.3162670624548,3.57796923344949e-05,0.000700758364502425,0.000700758364502425,"Fgf18/Bmp6/Sox9/Mdk/Loxl2/Bmpr1b/Mboat2/Thrb/Prkg2/Bmp4/Runx2/Ccn2",12
"GO:0044344","cellular response to fibroblast growth factor stimulus","17/1357","105/25615",0.161904761904762,3.05614626100993,4.99337928345688,3.61381378145273e-05,0.000703854410039295,0.000703854410039295,"Fgf18/Nr4a1/Thbs1/Churc1/Ext1/Zfp36l1/Star/Creb3l1/Sulf1/Gclm/Tbx2/Zfp36/Fgfbp3/Runx2/Fgf7/Snca/Ccn2",17
"GO:0002685","regulation of leukocyte migration","29/1357","242/25615",0.119834710743802,2.26202366669306,4.66541630810158,3.61569046253063e-05,0.000703854410039295,0.000703854410039295,"Gpr15lg/Spi1/Sele/Lgals3/Ptk2b/Vegfa/Mdk/Ppbp/Thbs1/Mmp9/Ecm1/Tnfaip6/Serpine1/Pgf/Slit2/Jam2/Mstn/Il33/Ripor2/Edn1/Bdkrb1/Mif/Ripk3/Dusp1/Mmp14/Selenok/Ccl3/Ada/Cxcl14",29
"GO:0008625","extrinsic apoptotic signaling pathway via death domain receptors","15/1357","85/25615",0.176470588235294,3.33109367549525,5.0914901991145,3.6541114050973e-05,0.000709184642487767,0.000709184642487767,"Atf3/Hmox1/Spi1/Pmaip1/Grina/Lgals3/Bmpr1b/Thbs1/Bax/Serpine1/Hgf/Sfrp2/Sort1/Faim2/Park7",15
"GO:0003299","muscle hypertrophy in response to stress","9/1357","33/25615",0.272727272727273,5.14805386212903,5.63943038869114,3.8822708477876e-05,0.000746697842101423,0.000746697842101423,"Ppp3ca/Bmp2/Gata6/Gata4/Errfi1/Atp2b4/Bmp4/Klf15/Pparg",9
"GO:0014898","cardiac muscle hypertrophy in response to stress","9/1357","33/25615",0.272727272727273,5.14805386212903,5.63943038869114,3.8822708477876e-05,0.000746697842101423,0.000746697842101423,"Ppp3ca/Bmp2/Gata6/Gata4/Errfi1/Atp2b4/Bmp4/Klf15/Pparg",9
"GO:0060914","heart formation","9/1357","33/25615",0.272727272727273,5.14805386212903,5.63943038869114,3.8822708477876e-05,0.000746697842101423,0.000746697842101423,"Bmp2/Six1/Ext1/Pim1/Gng5/Hes1/Lrp2/Ift88/Bmp4",9
"GO:0034614","cellular response to reactive oxygen species","22/1357","160/25615",0.1375,2.59547715549005,4.78812149117275,3.91826818046372e-05,0.000751371784814894,0.000751371784814894,"Cfl1/Mt3/Klf2/Mmp2/Lcn2/Ptprk/Hgf/Bnip3/Rhob/Edn1/Pex2/Map1lc3a/Ripk3/Nqo1/Fos/Sphk1/Mapk8/Park7/Il6/Car3/Gch1/Prdx5",22
"GO:1901293","nucleoside phosphate biosynthetic process","36/1357","332/25615",0.108433734939759,2.04681659578624,4.54073826494243,3.96065750537281e-05,0.000755231745580793,0.000755231745580793,"Sdhb/Npr3/Gucy1a1/Adcyap1r1/Atp5po/Atpsckmt/Mthfd2l/Pdk4/Nmnat1/Pmm1/Ak4/Ndufa11/Gnpda2/Acss2/Adcy1/Atp5f1e/Ldhd/Ednrb/Ndufb7/Ndufs8/Eno1/Adss1/Elovl4/Ndufv3/Ndufb4/Aldoa/Tpk1/Qprt/Gfpt2/Nudt2/Pdk1/Ugdh/Snca/Atp5if1/Ada/Cda",36
"GO:0021700","developmental maturation","43/1357","425/25615",0.101176470588235,1.90982704061728,4.47342697280095,3.96389456570121e-05,0.000755231745580793,0.000755231745580793,"Pde3a/Gba1/Nr4a2/Bnc1/C1ql1/Bmp2/Msx2/Nefl/Cend1/Ropn1l/Srrm4/Atp6v1g1/Ptk2b/Vegfa/Zdhhc20/Klf2/Mmp2/Slit2/Cftr/Ext1/Hid1/Cdkn1c/Ereg/Chrdl1/Atp6v1d/Sybu/Ednrb/Ddit3/Atp6v1b2/Zar1/Cdh3/Edn1/P2rx5/Hes1/Id2/Grb14/Catsperd/Nrn1/Runx2/Fgf7/Rab3a/Atp6v1a/Pparg",43
"GO:0071248","cellular response to metal ion","25/1357","195/25615",0.128205128205128,2.42002531980424,4.70789481640625,4.00133518547855e-05,0.000755231745580793,0.000755231745580793,"Hmox1/Jund/Sox2/Bmp6/Mt2/Mt3/Junb/Adcy1/Star/Abcc9/Prnp/Bnip3/Edn1/Map1lc3a/Slc39a8/Atp7b/Id2/Fos/Rasa4/Cpne8/Fabp4/Snca/Nfatc1/Mt1/Pparg",25
"GO:0048246","macrophage chemotaxis","11/1357","49/25615",0.224489795918367,4.23751372324906,5.36511945811293,4.0084119894204e-05,0.000755231745580793,0.000755231745580793,"Lgals3/Ptk2b/Mdk/Mmp2/Thbs1/Mmp9/Rpl13a/Mstn/Ednrb/Mif/Ccl3",11
"GO:0030199","collagen fibril organization","14/1357","76/25615",0.184210526315789,3.47719427529768,5.11524041608079,4.02116936792208e-05,0.000755231745580793,0.000755231745580793,"Crtap/Plod1/Loxl2/Lox/Ext1/Sfrp2/Col11a2/Foxc1/Dpt/Col11a1/Col4a6/Comp/Adamts2/Ero1a",14
"GO:0060350","endochondral bone morphogenesis","14/1357","76/25615",0.184210526315789,3.47719427529768,5.11524041608079,4.02116936792208e-05,0.000755231745580793,0.000755231745580793,"Fgf18/Bmp6/Sox9/Bmpr1b/Thbs1/Ext1/Foxc1/Stc1/Col10a1/Mmp14/Comp/Bmp4/Runx2/Fosl2",14
"GO:0046184","aldehyde biosynthetic process","8/1357","26/25615",0.307692307692308,5.80806076753019,5.80137708700415,4.02720642799734e-05,0.000755231745580793,0.000755231745580793,"Pck1/Bmp6/Bmp2/Eno1/Aldoa/Tkt/Gapdh/Pgam1",8
"GO:0050878","regulation of body fluid levels","40/1357","385/25615",0.103896103896104,1.96116337604915,4.49438305285358,4.03244845476669e-05,0.000755231745580793,0.000755231745580793,"Trpc1/Npr3/Adra2a/Ppp3ca/Thbd/Adm2/Vdr/Emilin2/Vegfa/S100a9/Aqp5/F3/Ncoa1/Thbs1/Angpt2/Serpine1/Aqp3/Cftr/Ext1/Btc/Sytl2/Slc4a1/Ednrb/Pdpn/Adm/Angptl4/Edn1/Slc6a4/Atp7b/F2r/Celsr2/F2rl2/Tfpi2/Prlr/Comp/Il6/Kng2/Xdh/Fosl2/Ada",40
"GO:0050729","positive regulation of inflammatory response","23/1357","172/25615",0.133720930232558,2.52414268821443,4.74358647401538,4.13138954817302e-05,0.000771512978414635,0.000771512978414635,"Lpl/Agt/Tnfsf11/Tslp/Map3k8/S100a9/Ptgs2/Mdk/Serpine1/Tac1/Il33/Napepld/Cebpb/Cd24a/Camk2n1/S100a8/Fabp4/Park7/Il6/Ccl3/Ddt/Lgals2/Snca",23
"GO:0006790","sulfur compound metabolic process","34/1357","307/25615",0.110749185667752,2.09052350101657,4.54649203481071,4.19056758607609e-05,0.000780295831100081,0.00078029583110008,"Acot4/Gsta4/Gstm5/Bckdhb/Chst5/Hagh/Sult1a1/Pdk4/Adi1/Gss/Cth/Acot2/Acot1/Crot/Acss2/Ext1/Sulf1/Gclm/Vnn1/Dbt/Chac1/Elovl4/Gstm1/Chst1/Chst7/Gstp1/Slc27a3/Tpk1/Pter/Gsto1/Pdk1/Mgst2/Snca/Gstk1",34
"GO:0014888","striated muscle adaptation","12/1357","58/25615",0.206896551724138,3.9054201712703,5.23925019485341,4.29569123905796e-05,0.000794555825177468,0.000794555825177468,"Ar/Ppp3ca/Bmp2/Gata6/Gata4/Errfi1/Atp2b4/Mstn/Bmp4/Klf15/Nfatc1/Pparg",12
"GO:1902895","positive regulation of miRNA transcription","12/1357","58/25615",0.206896551724138,3.9054201712703,5.23925019485341,4.29569123905796e-05,0.000794555825177468,0.000794555825177468,"Agt/Spi1/Ar/Gnl3/Bmp2/Gata4/Smad6/Fos/Il6/Atoh8/Bmp4/Pparg",12
"GO:0045637","regulation of myeloid cell differentiation","28/1357","232/25615",0.120689655172414,2.27816176657434,4.62550836357242,4.30425633813448e-05,0.000794555825177468,0.000794555825177468,"Spi1/Ppp3ca/Adipoq/Tnfsf11/Ptk2b/Lrrc17/Lox/Ypel4/Tnfaip6/Stac2/Eeig1/Zfp36l1/Gpr137b/Slc9b2/Prxl2a/Cebpb/Zfpm1/Ndfip1/Ocstamp/Id2/Car2/Fos/Zfp36/Mturn/Dcstamp/Ccl3/Gpr68/Hspa1a",28
"GO:0009205","purine ribonucleoside triphosphate metabolic process","32/1357","282/25615",0.113475177304965,2.14197985752886,4.56079778385277,4.34624816565374e-05,0.000800008544875634,0.000800008544875634,"Sdhb/Khk/S100a1/Uchl1/Mttp/Atp5po/Atpsckmt/Nmnat1/Ak4/Ndufa11/Ier3/Atp5f1e/Ldhd/Slc4a1/Ndufb7/Atp6v1b2/Abcc9/Ndufs8/Aldoc/Eno1/Ndufv3/Ndufb4/Pfkp/Aldoa/Gapdh/Nudt2/Pgam1/Ppargc1a/Ddit4/Atp5if1/Atp6v1a/Hspa1a",32
"GO:0045859","regulation of protein kinase activity","38/1357","360/25615",0.105555555555556,1.99248751330549,4.48542651546507,4.41899695992264e-05,0.000811075327729802,0.000811075327729802,"Fgf18/Tom1l1/Cemip/Agt/Trpt1/Cdkn1a/Higd1a/Adipoq/Mt3/Taf7/Ptk2b/Unc119/Trib2/Ppm1e/Pim1/Errfi1/Mst1r/Ereg/Sfrp2/Deptor/Cdkn2c/Flt1/Trib3/Agap2/Pkia/Ripk3/Vldlr/Gstp1/Rap1a/Prlr/Sesn2/Gadd45b/Fabp4/Il6/Cdk5/Tpd52l1/Mapk8ip1/Cep85",38
"GO:0001837","epithelial to mesenchymal transition","23/1357","173/25615",0.132947976878613,2.50955226805134,4.71190703151721,4.53007120583681e-05,0.000829093373968538,0.000829093373968538,"Msx1/Agt/Sox9/Bmp2/Msx2/Vegfa/Mdk/Loxl2/Rgcc/Zfp703/Tbx20/Sfrp2/Gcnt2/Pdpn/Foxc1/Edn1/Heyl/Epha4/Il6/Bmp4/Efna1/Nfatc1/Mad2l2",23
"GO:0043491","phosphatidylinositol 3-kinase/protein kinase B signal transduction","39/1357","374/25615",0.10427807486631,1.96837353551992,4.46196917247927,4.61823720980485e-05,0.000842828290789386,0.000842828290789386,"Agt/Adra2a/Calcr/Tnfsf11/Atg14/Dcn/Ptk2b/Vegfa/Lox/Thbs1/Clcf1/Rgcc/Fam110c/Errfi1/Mst1r/Zfp36l1/Mstn/Hgf/Il33/Ddit3/Gcnt2/Flt1/Plk3/Edn1/Agap2/Magi2/F2r/Fbxl2/Nyap2/Sesn2/Park7/Ramp3/Lrp2/Pdk1/Cd19/Prkd1/Il6/Pde3b/Myorg",39
"GO:0007613","memory","24/1357","185/25615",0.12972972972973,2.448803999283,4.67760398495076,4.67176792073958e-05,0.000846469596975014,0.000846469596975013,"Itga3/Glp1r/Abca7/Plk2/Ptgs1/Ptgs2/Mdk/Acss2/Adcy1/Mme/Tafa2/Lcn2/Tac1/Brinp1/Scn2a/Sgk1/Cebpb/Syt11/Itga8/Camk2n1/Slc6a4/Slc2a4/Fos/Dcaf11",24
"GO:0051338","regulation of transferase activity","43/1357","428/25615",0.100467289719626,1.89644040248211,4.42340002340071,4.67263087269117e-05,0.000846469596975014,0.000846469596975013,"Arrdc3/Fgf18/Tom1l1/Cemip/Agt/Trpt1/Cdkn1a/Higd1a/Adipoq/Mt3/Taf7/Ptk2b/Unc119/Trib2/Lmo4/Ppm1e/Pim1/Errfi1/Mst1r/Ereg/Mstn/Sfrp2/Deptor/Cdkn2c/Flt1/Trib3/Agap2/Pkia/Ripk3/Vldlr/Gstp1/Rap1a/Prlr/Sesn2/Zfp36/Gadd45b/Fabp4/Il6/Cdk5/Tpd52l1/Mapk8ip1/Mad2l2/Cep85",43
"GO:1904705","regulation of vascular associated smooth muscle cell proliferation","14/1357","77/25615",0.181818181818182,3.43203590808602,5.05502182132474,4.67771959723116e-05,0.000846469596975014,0.000846469596975013,"Hmox1/Agt/Cdkn1a/Adipoq/Mmp2/Mmp9/Rgcc/Rgs5/Edn1/Gstp1/Park7/Ppargc1a/Adamts1/Pparg",14
"GO:0031214","biomineral tissue development","25/1357","197/25615",0.126903553299492,2.39545653483161,4.65028820835547,4.74669845300457e-05,0.000854139800058862,0.000854139800058862,"Acvr2b/Bmp6/Phex/Sox9/Bmp2/Msx2/Vdr/Hacd1/Ptk2b/Ptgs2/Fam83h/Adgrg6/Spp1/Bmpr1b/Lox/Tmem38b/Ecm1/Cftr/Cebpb/Osr1/Ccn1/Comp/Otop1/Bmp4/Fosl2",25
"GO:0048754","branching morphogenesis of an epithelial tube","25/1357","197/25615",0.126903553299492,2.39545653483161,4.65028820835547,4.74669845300457e-05,0.000854139800058862,0.000854139800058862,"Cited1/Agt/Ar/Sox2/Sox9/Bmp2/Msx2/Vdr/Npnt/Vegfa/Mdk/Pgf/Six1/Slit2/Ext1/Tbx20/Sfrp2/Tbx2/Cxcr4/Flt1/Edn1/Tnc/Mmp14/Bmp4/Nfatc1",25
"GO:0003184","pulmonary valve morphogenesis","7/1357","20/25615",0.35,6.60666912306559,5.93257843099878,4.85565021729685e-05,0.000871304385360754,0.000871304385360754,"Slit2/Smad6/Tbx20/Adamts5/Heyl/Bmp4/Nfatc1",7
"GO:0015980","energy derivation by oxidation of organic compounds","46/1357","470/25615",0.0978723404255319,1.84745762711864,4.38573344040553,4.90966918133218e-05,0.00087854358832529,0.00087854358832529,"Sdhb/Khk/Gba1/Mrps36/Uchl1/Higd1a/Mttp/Uqcc2/Atp5po/Atpsckmt/Etfb/Pdk4/Lepr/Ak4/Ndufa11/Ppp1r1a/Ier3/Mtln/Pgf/Atp5f1e/Wdr45/Slc4a1/Mtfr1/Ndufb7/Abcc9/Ndufs8/Aldoc/Eno1/Cox4i1/Ndufv3/Ndufb4/Pfkp/Aldoa/Tpk1/Gbe1/Gapdh/Pgam1/Cox4i2/Park7/Pdk1/Ppargc1a/Ddit4/Wipi1/Snca/Atp5if1/Acadm",46
"GO:0042063","gliogenesis","41/1357","402/25615",0.101990049751244,1.92518432157562,4.42211629503744,4.95431711369896e-05,0.000884070364955615,0.000884070364955615,"Gba1/Eif2b2/Agt/Egr2/Ror1/Sox9/Bmp2/Penk/Lepr/S100a9/Mdk/Adgrg6/Clcf1/Gpr183/Il33/Foxg1/Ncmap/Bnip3/Ccdc85c/Cdkn2c/Cxcr4/Flt1/Zfp365/Ndrg1/S100a8/Hes1/Id2/Gstp1/Epha4/Mmp14/Adam22/Lrp2/Gdpd2/Il6/Gap43/Bmp4/Cdk5/Ccl3/Runx2/Klf15/Pparg",41
"GO:0014887","cardiac muscle adaptation","9/1357","34/25615",0.264705882352941,4.99664051324288,5.51539875395759,5.03281174968814e-05,0.000895589547922345,0.000895589547922345,"Ppp3ca/Bmp2/Gata6/Gata4/Errfi1/Atp2b4/Bmp4/Klf15/Pparg",9
"GO:0045333","cellular respiration","39/1357","376/25615",0.103723404255319,1.95790346352248,4.42568729457619,5.19085470642874e-05,0.00092116161972647,0.00092116161972647,"Sdhb/Khk/Gba1/Mrps36/Uchl1/Higd1a/Mttp/Uqcc2/Atp5po/Atpsckmt/Etfb/Pdk4/Ak4/Ndufa11/Ier3/Mtln/Atp5f1e/Slc4a1/Mtfr1/Ndufb7/Abcc9/Ndufs8/Aldoc/Eno1/Cox4i1/Ndufv3/Ndufb4/Pfkp/Aldoa/Tpk1/Gapdh/Pgam1/Cox4i2/Park7/Pdk1/Ppargc1a/Ddit4/Snca/Atp5if1",39
"GO:0010717","regulation of epithelial to mesenchymal transition","17/1357","108/25615",0.157407407407407,2.97125330931521,4.85540825828221,5.22828088371505e-05,0.000925247283663511,0.000925247283663511,"Agt/Bmp2/Vegfa/Mdk/Loxl2/Rgcc/Zfp703/Tbx20/Sfrp2/Gcnt2/Pdpn/Foxc1/Epha4/Il6/Bmp4/Efna1/Mad2l2",17
"GO:0043549","regulation of kinase activity","40/1357","390/25615",0.102564102564103,1.9360202558434,4.40558001880099,5.37724745920428e-05,0.000948995540602426,0.000948995540602426,"Fgf18/Tom1l1/Cemip/Agt/Trpt1/Cdkn1a/Higd1a/Adipoq/Mt3/Taf7/Ptk2b/Unc119/Trib2/Lmo4/Ppm1e/Pim1/Errfi1/Mst1r/Ereg/Mstn/Sfrp2/Deptor/Cdkn2c/Flt1/Trib3/Agap2/Pkia/Ripk3/Vldlr/Gstp1/Rap1a/Prlr/Sesn2/Gadd45b/Fabp4/Il6/Cdk5/Tpd52l1/Mapk8ip1/Cep85",40
"GO:1902893","regulation of miRNA transcription","14/1357","78/25615",0.179487179487179,3.38803544772594,4.99579101740504,5.42609146308809e-05,0.000954992097503503,0.000954992097503503,"Agt/Spi1/Ar/Gnl3/Sox9/Bmp2/Gata6/Gata4/Smad6/Fos/Il6/Atoh8/Bmp4/Pparg",14
"GO:2000027","regulation of animal organ morphogenesis","16/1357","98/25615",0.163265306122449,3.08182816236296,4.88364673164784,5.46917952653399e-05,0.000959945608700938,0.000959945608700938,"Msx1/Agt/Ar/Sox9/Bmp2/Vegfa/Six1/Hgf/Sulf1/Sfrp2/Edn1/Cited2/Ift88/Bmp4/Runx2/Fgf7",16
"GO:0042472","inner ear morphogenesis","19/1357","130/25615",0.146153846153846,2.75882886457684,4.75503887716573,5.57396848391894e-05,0.000975672303561178,0.000975672303561179,"Sox2/Pls1/Sox9/Insig1/Prrx2/Frzb/Dvl1/Six1/Aldh1a3/Ripor2/Foxg1/Tbx2/Sobp/Clic5/Itga8/Col11a1/Otop1/Gfi1/Whrn",19
"GO:0070059","intrinsic apoptotic signaling pathway in response to endoplasmic reticulum stress","13/1357","69/25615",0.188405797101449,3.55638503519058,5.02910251569945,5.88851197370349e-05,0.00102318358414131,0.00102318358414131,"Pmaip1/Grina/Bax/Creb3l1/Ddit3/Cebpb/Chac1/Trib3/Bbc3/Park7/Selenok/Ero1a/Hspa1a",13
"GO:1905517","macrophage migration","13/1357","69/25615",0.188405797101449,3.55638503519058,5.02910251569945,5.88851197370349e-05,0.00102318358414131,0.00102318358414131,"Lgals3/Ptk2b/Cyp4f13/Mdk/Mmp2/Thbs1/Mmp9/Rpl13a/Mstn/Ednrb/Mif/Mmp14/Ccl3",13
"GO:0001934","positive regulation of protein phosphorylation","44/1357","446/25615",0.0986547085201794,1.86222576178658,4.3446677897971,5.8931806683108e-05,0.00102318358414131,0.00102318358414131,"Fgf18/Tom1l1/Cemip/Agt/Cdkn1a/Higd1a/Adipoq/Sox9/Bmp2/Mt3/Atg14/Ptk2b/Vegfa/Unc119/Mmp9/Fzd1/Dvl1/Pim1/Mst1r/Ereg/Grk3/Ednrb/Hpx/Cxcr4/Flt1/Agap2/Hes1/Ripk3/Vldlr/Flt3/Rap1a/Prlr/Sesn2/Sphk1/Ppp1r15a/Prkd1/Il6/Bmp4/Cdk5/Tpd52l1/Fgf7/Ccn2/Hspa2/Mad2l2",44
"GO:0030218","erythrocyte differentiation","23/1357","176/25615",0.130681818181818,2.46677580893683,4.61818350210047,5.94120465740523e-05,0.0010287412053685,0.0010287412053685,"Hba-a1/Spi1/Hbb-bt/Vegfa/Klf2/Ypel4/Rps14/Zfp36l1/Blvrb/Slc4a1/Zfpm1/Hscb/Alas2/Id2/Cited2/Zfp36/Hbb-b1/Cdin1/Bmp4/Rhd/Atp5if1/Trim10/Hspa1a",23
"GO:0050920","regulation of chemotaxis","27/1357","224/25615",0.120535714285714,2.27525594799453,4.53401126497925,5.97905404996532e-05,0.00103251191443487,0.00103251191443487,"Fgf18/Spi1/Cdh13/Ptk2b/Vegfa/F3/Mdk/Ppbp/Thbs1/Tnfaip6/Angpt2/Serpine1/Pgf/Slit2/Mstn/Gpr183/Ripor2/Hspb1/Cxcr4/Edn1/Mif/Gstp1/Artn/Dusp1/Prkd1/Ccl3/Cxcl14",27
"GO:0032835","glomerulus development","14/1357","79/25615",0.177215189873418,3.34514892307118,4.93751772999925,6.27690912792933e-05,0.00107815145020904,0.00107815145020904,"Ppp3ca/Angpt2/Ext1/Sulf1/Ednrb/Cd24a/Foxc1/Edn1/Hes1/Magi2/Heyl/Osr1/Bmp4/Klf15",14
"GO:0050918","positive chemotaxis","14/1357","79/25615",0.177215189873418,3.34514892307118,4.93751772999925,6.27690912792933e-05,0.00107815145020904,0.00107815145020904,"Lgals3/Cdh13/Vegfa/F3/Angpt2/Pgf/Hgf/Mif/S100a4/Artn/Lrp2/Bmp4/Ccl3/Fgf7",14
"GO:0007492","endoderm development","15/1357","89/25615",0.168539325842697,3.1813816001921,4.87569350216071,6.35844013004263e-05,0.00108924318387717,0.00108924318387717,"Sox2/Dusp4/Mmp2/Mmp9/Angpt2/Nkx2-5/Gata6/Gata4/Ext1/Zfp36l1/Dusp5/Col11a1/Dusp1/Mmp14/Bmp4",15
"GO:0046660","female sex differentiation","23/1357","177/25615",0.129943502824859,2.45283922244566,4.58737072013442,6.49223270667424e-05,0.00110920486456583,0.00110920486456583,"Inha/Eif2b2/Agt/Retn/Vegfa/Bmpr1b/Mmp2/Tnfaip6/Bax/Serpine1/Abcb1a/Ereg/Afp/Cebpb/Foxc1/Gas2/Mmp14/Lrp2/Bmp4/Fgf7/Adamts1/Fst/Vgf",23
"GO:0050679","positive regulation of epithelial cell proliferation","27/1357","226/25615",0.119469026548673,2.25512093960519,4.48247759475495,6.97136720830395e-05,0.00118790617894283,0.00118790617894283,"Hmox1/Fgf18/Nr4a1/Ar/Bmp6/Bnc1/Sox9/Itgb3bp/Cdh13/Vegfa/F3/Mdk/Ecm1/Pgf/Zfp703/Cdh3/Ccr3/Agap2/Id1/Cxadr/Osr1/Pold4/Prkd1/Il6/Arg1/Bmp4/Fgf7",27
"GO:0008277","regulation of G protein-coupled receptor signaling pathway","23/1357","178/25615",0.129213483146067,2.43905922681394,4.55676734250142,7.08847314899588e-05,0.00120466538383994,0.00120466538383994,"Pde3a/Arrdc3/Agt/Dynlt1b/Ppp3ca/Rgs10/Rgs11/Rnf113a2/Pde4b/Rgs1/Rgs4/Serpine1/Slit2/Usp20/Atp2b4/Grk3/Rgs5/Adm/Edn1/Ece1/Ramp3/Snca/Ada",23
"GO:0060412","ventricular septum morphogenesis","11/1357","52/25615",0.211538461538462,3.993041777677,5.10986788029883,7.18136314757818e-05,0.00121723157942064,0.00121723157942064,"Egln1/Fzd1/Nkx2-5/Slit2/Zfpm1/Hes1/Heyl/Id2/Cited2/Bmp4/Nfatc1",11
"GO:0045670","regulation of osteoclast differentiation","15/1357","90/25615",0.166666666666667,3.14603291574552,4.82365111670068,7.2611099843566e-05,0.00122428794066947,0.00122428794066947,"Ppp3ca/Tnfsf11/Lrrc17/Tnfaip6/Stac2/Eeig1/Gpr137b/Slc9b2/Prxl2a/Cebpb/Ocstamp/Car2/Fos/Ccl3/Gpr68",15
"GO:0045744","negative regulation of G protein-coupled receptor signaling pathway","15/1357","90/25615",0.166666666666667,3.14603291574552,4.82365111670068,7.2611099843566e-05,0.00122428794066947,0.00122428794066947,"Pde3a/Arrdc3/Ppp3ca/Rnf113a2/Pde4b/Rgs1/Rgs4/Serpine1/Slit2/Atp2b4/Grk3/Rgs5/Adm/Snca/Ada",15
"GO:0002790","peptide secretion","36/1357","342/25615",0.105263157894737,1.98696815731296,4.34599203560678,7.33850249960399e-05,0.00123409790726325,0.00123409790726325,"Agt/Adra2a/Acvr2b/Ppp3ca/Tnfsf11/Uqcc2/Glp1r/Lepr/Pck2/S100a9/Cd38/Ffar4/Vsnl1/Clcf1/Hmgn3/Ptprv/Slc9b2/Sybu/Nmu/Pim3/Ecrg4/Rapgef4/Edn1/Camk2n1/S100a8/Nos2/Aldoa/Slc16a2/Park7/Prkd1/Il6/Pde3b/Rab3a/Pparg/Gpr68/Vgf",36
"GO:0030308","negative regulation of cell growth","24/1357","191/25615",0.12565445026178,2.37187821920081,4.50102510506822,7.80899869095729e-05,0.00130638040600806,0.00130638040600806,"Cfl1/Msx1/Agt/Cdkn1a/Cgref1/Mt3/Rgs4/Cth/Osgin1/Frzb/Slit2/Sfrp2/Cdkn2c/Eno1/Bbc3/Bdkrb1/Sertad3/Fhl1/Rtn4r/Sesn2/Dcstamp/Cdk5/Pparg/Hspa1a",24
"GO:0042129","regulation of T cell proliferation","24/1357","191/25615",0.12565445026178,2.37187821920081,4.50102510506822,7.80899869095729e-05,0.00130638040600806,0.00130638040600806,"Ppp3ca/Znhit1/Sh3rf1/Lgals3/Cd59b/Marchf7/Lrrc32/Slc4a1/Ripor2/Prnp/Cebpb/Cd24a/Dhps/Hes1/Ndfip1/Ripk3/Lmo1/Arg2/Selenok/Il6/Arg1/Bmp4/Btnl2/Mapk8ip1",24
"GO:0050680","negative regulation of epithelial cell proliferation","21/1357","156/25615",0.134615384615385,2.54102658579446,4.56617855902761,7.95000970713199e-05,0.0013265159054186,0.0013265159054186,"Jund/Rap1gap/Ar/Sox9/Vdr/Tnmd/Thbs1/Gata6/Rgcc/Cdkn1c/Ptprk/Sulf1/Sfrp2/Flt1/Pex2/Klf9/Atoh8/Ift88/Bmp4/Atp5if1/Pparg",21
"GO:0006749","glutathione metabolic process","13/1357","71/25615",0.183098591549296,3.45620517504437,4.90174251360752,8.02324469898499e-05,0.00133526745974818,0.00133526745974818,"Gsta4/Gstm5/Hagh/Gss/Cth/Gclm/Chac1/Gstm1/Gstp1/Gsto1/Mgst2/Snca/Gstk1",13
"GO:0071383","cellular response to steroid hormone stimulus","27/1357","228/25615",0.118421052631579,2.23533917697708,4.43148289390175,8.10915741930691e-05,0.00134396707754356,0.00134396707754356,"Pde3a/Pck1/Ar/Vdr/Taf7/Crebrf/Pck2/Paqr7/Ncoa1/Mgarp/Errfi1/Ephx1/Zfp36l1/Mstn/Star/Sgk1/Tbx2/Edn1/Klf9/Heyl/Stc1/Gstp1/Zfp36/Park7/Ddit4/Bmp4/Cry2",27
"GO:0048511","rhythmic process","37/1357","357/25615",0.103641456582633,1.95635660306864,4.30383506820611,8.11736030645858e-05,0.00134396707754356,0.00134396707754356,"Agt/Jund/Mttp/Lepr/Retn/Mdk/Ncoa1/Bmpr1b/Mmp2/Tnfaip6/Adcy1/Ereg/Mstn/Star/Afp/Nmu/Bhlhe41/Gas2/Id1/Elovl4/Prkg2/Slc6a4/Nos2/Klf9/Ciart/Id2/Car2/Mapk8/Ppargc1a/Il6/Rorb/Cdk5/Adamts1/Cry2/Hlf/Ada/Pparg",37
"GO:0035914","skeletal muscle cell differentiation","15/1357","91/25615",0.164835164835165,3.1114611254626,4.77233089891686,8.27386005282335e-05,0.00136285325588044,0.00136285325588044,"Atf3/Egr2/Nr4a1/Sap30/Uqcc2/Mcub/Gata4/Six1/Ankrd1/Mstn/Heyl/Cited2/Fos/Cyp26b1/Hlf",15
"GO:0071347","cellular response to interleukin-1","15/1357","91/25615",0.164835164835165,3.1114611254626,4.77233089891686,8.27386005282335e-05,0.00136285325588044,0.00136285325588044,"Cfl1/Pck1/Sox9/Klf2/Mmp2/Cxcl2/Serpine1/Ankrd1/Lcn2/St18/Cebpb/Edn1/Rps6ka5/Hes1/Il6",15
"GO:0061614","miRNA transcription","14/1357","81/25615",0.172839506172839,3.26255265336572,4.82372907596566,8.33321126621776e-05,0.00136911890471056,0.00136911890471056,"Agt/Spi1/Ar/Gnl3/Sox9/Bmp2/Gata6/Gata4/Smad6/Fos/Il6/Atoh8/Bmp4/Pparg",14
"GO:0001818","negative regulation of cytokine production","35/1357","331/25615",0.105740181268882,1.99597254473281,4.31359734612693,8.38590222336804e-05,0.00137390944800851,0.00137390944800851,"Gba1/Hmox1/Rnf128/Adipoq/Peli3/Sars1/Klf2/Ffar4/Thbs1/Trib2/Gata6/Rgcc/Acp5/Errfi1/Lrrc32/Hgf/Il33/Rad21/Ddit3/Prnp/Syt11/Zfpm1/Cd24a/Flt1/Ndfip1/Flt3/Prg4/Appl2/Gstp1/Zfp36/Arg2/Il6/Arg1/Klf15/Pparg",35
"GO:0007548","sex differentiation","38/1357","371/25615",0.102425876010782,1.93341106412393,4.28333403489928,8.40514341636586e-05,0.00137390944800851,0.00137390944800851,"Inha/Rab13/Eif2b2/Agt/Ar/Sox2/Bmp6/Sox9/Retn/Vegfa/Ncoa1/Bmpr1b/Mmp2/Tnfaip6/Bax/Serpine1/Gata6/Gata4/Cftr/Abcb1a/Fndc3a/Ereg/Star/Afp/Sfrp2/Cebpb/Foxc1/Gas2/Smad9/Osr1/Cited2/Mmp14/Lrp2/Bmp4/Fgf7/Adamts1/Fst/Vgf",38
"GO:0034612","response to tumor necrosis factor","28/1357","241/25615",0.116182572614108,2.19308518607986,4.40135741768648,8.44824200640365e-05,0.0013774494073385,0.0013774494073385,"Cfl1/Gba1/Pck1/Adipoq/Peli3/Tnfsf11/Npnt/Ptk2b/Klf2/Ankrd1/Ext1/Lcn2/Zfp36l1/St18/Edn1/H2bc21/Hes1/Nos2/Ocstamp/Slc2a4/Fos/Zfp36/Sphk1/Fabp4/Dcstamp/Il6/Gch1/Hspa1a",28
"GO:0015908","fatty acid transport","19/1357","134/25615",0.141791044776119,2.67647576414171,4.60195720041544,8.47204499762506e-05,0.00137783334341122,0.00137783334341122,"Fabp3/Tnfsf11/Ptgs2/Crot/Thbs1/Bdkrb2/Slc2a1/Edn1/Pla2r1/Nos2/Slc25a17/Mif/Slc27a3/Slc27a1/Fabp7/Fabp4/Kcnj8/Fabp5/Pparg",19
"GO:0035592","establishment of protein localization to extracellular region","45/1357","467/25615",0.0963597430406852,1.81890554015265,4.22417259103531,8.50984146488759e-05,0.00138048539319288,0.00138048539319288,"Agt/Adra2a/Pard6a/Acvr2b/Ppp3ca/Mttp/Uqcc2/Glp1r/Lepr/Pck2/Cd38/Vsnl1/Hmgn3/Ankrd1/Dph3/Lrrc32/Lmf1/Ptprv/Slc4a8/Porcn/Slc9b2/Sybu/Ednrb/Nmu/Bsg/Rapgefl1/Pim3/Rapgef4/Cbln1/Camk2n1/Nos2/F2r/Aldoa/F2rl2/Hcar2/Park7/Gdpd2/Comp/Kcnj8/Il6/Pde3b/Rab3a/Pparg/Gpr68/Vgf",45
"GO:0120162","positive regulation of cold-induced thermogenesis","16/1357","102/25615",0.156862745098039,2.96097215599578,4.69344657877099,8.97036629212056e-05,0.00145152728112298,0.00145152728112298,"Adipoq/Lepr/Vegfa/Ffar4/Bscl2/Lcn2/Scd1/Cebpb/Cxcr4/Mfap2/Appl2/Prlr/Fabp4/Ppargc1a/Ebf2/Fabp5",16
"GO:0048645","animal organ formation","13/1357","72/25615",0.180555555555556,3.40820232539098,4.83976638173693,9.32153234075058e-05,0.00150456089841663,0.00150456089841663,"Ar/Bmp2/Gata6/Six1/Ext1/Pim1/Sulf1/Gng5/Hes1/Cited2/Lrp2/Ift88/Bmp4",13
"GO:0001657","ureteric bud development","17/1357","113/25615",0.150442477876106,2.83978192394728,4.63574543326987,9.35611433750992e-05,0.00150635785724721,0.00150635785724721,"Cited1/Agt/Sox9/Bmp2/Npnt/Fmn1/Vegfa/Pgf/Six1/Slit2/Smad6/Foxc1/Smad9/Hes1/Osr1/Arg2/Bmp4",17
"GO:0042440","pigment metabolic process","14/1357","82/25615",0.170731707317073,3.22276542588565,4.76815941725431,9.56495022861548e-05,0.00153382291815506,0.00153382291815506,"Cited1/Trpc1/Hmox1/Sox2/Slc6a9/Blvrb/Grk3/Hpx/Tbx2/Cdh3/Alas2/Bdh2/Ddt/Atp5if1",14
"GO:0009060","aerobic respiration","34/1357","320/25615",0.10625,2.00559598378777,4.28136552860999,9.57491920159621e-05,0.00153382291815506,0.00153382291815506,"Sdhb/Khk/Mrps36/Uchl1/Mttp/Uqcc2/Atp5po/Atpsckmt/Pdk4/Ak4/Ndufa11/Ier3/Atp5f1e/Slc4a1/Mtfr1/Ndufb7/Ndufs8/Aldoc/Eno1/Cox4i1/Ndufv3/Ndufb4/Pfkp/Aldoa/Tpk1/Gapdh/Pgam1/Cox4i2/Park7/Pdk1/Ppargc1a/Ddit4/Snca/Atp5if1",34
"GO:0060343","trabecula formation","8/1357","29/25615",0.275862068965517,5.20722689502706,5.36160562121982,9.59833146168018e-05,0.00153382291815506,0.00153382291815506,"Msx2/Vdr/Vegfa/Egln1/Adgrg6/Mmp2/Nkx2-5/Adamts1",8
"GO:0009141","nucleoside triphosphate metabolic process","33/1357","307/25615",0.107491856677524,2.02903751569255,4.2901513486471,9.64612170420939e-05,0.00153763488406554,0.00153763488406554,"Sdhb/Khk/S100a1/Uchl1/Mttp/Atp5po/Atpsckmt/Nmnat1/Ak4/Ndufa11/Ier3/Atp5f1e/Ldhd/Slc4a1/Ndufb7/Atp6v1b2/Abcc9/Ndufs8/Aldoc/Eno1/Ndufv3/Ndufb4/Pfkp/Aldoa/Gapdh/Nudt2/Pgam1/Ppargc1a/Ddit4/Atp5if1/Atp6v1a/Ada/Hspa1a",33
"GO:0071356","cellular response to tumor necrosis factor","26/1357","218/25615",0.119266055045872,2.25128960943257,4.38829693107189,9.68448701766572e-05,0.00153992932181893,0.00153992932181893,"Cfl1/Gba1/Pck1/Adipoq/Peli3/Tnfsf11/Npnt/Ptk2b/Klf2/Ankrd1/Ext1/Lcn2/Zfp36l1/St18/Edn1/H2bc21/Hes1/Ocstamp/Slc2a4/Fos/Zfp36/Sphk1/Fabp4/Dcstamp/Il6/Hspa1a",26
"GO:0007379","segment specification","7/1357","22/25615",0.318181818181818,6.00606283915053,5.55582003391987,9.72947529883507e-05,0.00154326294616584,0.00154326294616584,"Irx1/Irx2/Six1/Hoxa2/Meox1/Osr1/Bmp4",7
"GO:0035265","organ growth","27/1357","231/25615",0.116883116883117,2.2063087980553,4.35597708322958,0.000101292615607626,0.00160271862724973,0.00160271862724973,"Agt/Ar/Acvr2b/Sox9/Msx2/Lepr/Rgs4/Tmem38b/Thbs1/Ecm1/Nkx2-5/Gata6/Gata4/Ext1/Pim1/Tbx20/Tbx2/Foxc1/Edn1/Cxadr/Slc6a4/Stc1/Cited2/Prlr/Comp/Fgf7/Fosl2",27
"GO:0090087","regulation of peptide transport","31/1357","282/25615",0.109929078014184,2.07504298698109,4.29346773521868,0.000102764506902944,0.00162188901758257,0.00162188901758257,"Agt/Adra2a/Ppp3ca/Tnfsf11/Uqcc2/Glp1r/Lepr/Pck2/S100a9/Cd38/Ffar4/Vsnl1/Clcf1/Hmgn3/Ptprv/Slc9b2/Sybu/Nmu/Pim3/Ecrg4/Rapgef4/Camk2n1/S100a8/Nos2/Aldoa/Car2/Prkd1/Il6/Pde3b/Pparg/Gpr68",31
"GO:0030279","negative regulation of ossification","11/1357","54/25615",0.203703703703704,3.84515134146674,4.95010559084956,0.00010326161397747,0.00162188901758257,0.00162188901758257,"Calcr/Acvr2b/Sox9/Vdr/Gfra4/Ptk2b/Mdk/Ecm1/Smad6/Tmem53/Bmp3",11
"GO:0060428","lung epithelium development","11/1357","54/25615",0.203703703703704,3.84515134146674,4.95010559084956,0.00010326161397747,0.00162188901758257,0.00162188901758257,"Sox9/Klf2/Tmem38b/Gata6/Errfi1/Adamtsl2/Thrb/Rbbp9/Bmp4/Fgf7/Fosl2",11
"GO:0050921","positive regulation of chemotaxis","21/1357","159/25615",0.132075471698113,2.49308268794928,4.4667173492788,0.000104868969251364,0.00164311770358722,0.00164311770358722,"Fgf18/Spi1/Cdh13/Ptk2b/Vegfa/F3/Mdk/Ppbp/Thbs1/Serpine1/Pgf/Slit2/Mstn/Ripor2/Hspb1/Cxcr4/Edn1/Artn/Prkd1/Ccl3/Cxcl14",21
"GO:0035860","glial cell-derived neurotrophic factor receptor signaling pathway","6/1357","16/25615",0.375,7.07857406042741,5.75242988897422,0.000110516698115409,0.0017232021084791,0.0017232021084791,"Gfra4/Sulf1/Ddit3/Nrtn/Artn/Mmp14",6
"GO:0070278","extracellular matrix constituent secretion","6/1357","16/25615",0.375,7.07857406042741,5.75242988897422,0.000110516698115409,0.0017232021084791,0.0017232021084791,"Agt/Bmp2/Tmem38b/Rgcc/Creb3l1/Ccn2",6
"GO:0062014","negative regulation of small molecule metabolic process","19/1357","137/25615",0.138686131386861,2.61786680580284,4.49077723138895,0.000114496764888479,0.0017809375729869,0.0017809375729869,"Adipoq/Sox9/Bmp2/Fmo2/Lepr/Isyna1/Insig1/Ier3/Atp2b4/Slc4a1/Marchf6/Angptl4/Trib3/Appl2/Ppargc1a/Il6/Ddit4/Atp5if1/Gfi1",19
"GO:0140353","lipid export from cell","12/1357","64/25615",0.1875,3.53928703021371,4.81059683294128,0.000117959293602972,0.00183036353165578,0.00183036353165579,"Agt/Bmp6/Tnfsf11/Retn/Ptgs2/Spp1/Abcb1a/Tac1/Ecrg4/Edn1/Nos2/Cry2",12
"GO:0033574","response to testosterone","10/1357","46/25615",0.217391304347826,4.10352119445067,4.98285088039294,0.000119405602540564,0.00184834118245923,0.00184834118245923,"Gba1/Ar/Aard/Spp1/Car9/Adh1/Mstn/Akr1c18/Edn1/Dusp1",10
"GO:0042594","response to starvation","28/1357","246/25615",0.113821138211382,2.14851028392377,4.281065752456,0.000120559148763,0.00186171147032094,0.00186171147032094,"Atf3/Gba1/Pck1/Cdkn1a/Pmaip1/Higd1a/Atg14/Rragb/Pdk4/Rpl17/Pck2/Wdr45/Pim1/Tfeb/Ddit3/Angptl4/Slc2a1/Pex2/Map1lc3a/Fos/Sesn2/Zfp36/Mapk8/Rnf167/Ulk3/Prkd1/Wipi1/Acadm",28
"GO:0045668","negative regulation of osteoblast differentiation","13/1357","74/25615",0.175675675675676,3.31608874902906,4.7190354385359,0.000124708855966611,0.00192117431829619,0.00192117431829619,"Cited1/Sox2/Sox9/Tnfaip6/Smad6/Hoxa2/Ranbp3l/Id1/Id2/Tmem53/Rorb/Nfatc1/Pparg",13
"GO:0031099","regeneration","27/1357","234/25615",0.115384615384615,2.17802278782382,4.28162262142301,0.000125885126206254,0.00193003830727679,0.00193003830727679,"Hmox1/Cdkn1a/Spaar/Nefl/Mcub/Mdk/Mmp2/Angpt2/Serpine1/Gata4/Adh1/Abcb1a/Mstn/Hgf/Cebpb/Adm/P2rx5/Rtn4r/Hopx/Gstp1/Rap1a/Epha4/Tnc/Nrep/Il6/Gap43/Car3",27
"GO:0042098","T cell proliferation","27/1357","234/25615",0.115384615384615,2.17802278782382,4.28162262142301,0.000125885126206254,0.00193003830727679,0.00193003830727679,"Ppp3ca/Znhit1/Sh3rf1/Lgals3/Cd59b/Marchf7/Bax/Lrrc32/Slc4a1/Ripor2/Prnp/Cebpb/Cd24a/Cxcr4/Dhps/Hes1/Ndfip1/Ripk3/Lmo1/Satb1/Arg2/Selenok/Il6/Arg1/Bmp4/Btnl2/Mapk8ip1",27
"GO:0141193","nuclear receptor-mediated signaling pathway","24/1357","197/25615",0.121827411167513,2.29963827343835,4.33097870642535,0.000127091811859778,0.00194389952235052,0.00194389952235052,"Pde3a/Jund/Ar/Bmp2/Vdr/Taf7/Crebrf/Paqr7/Klf2/Ncoa1/Pim1/Errfi1/Aldh1a3/Thrb/Klf9/Heyl/Cited2/Park7/Cyp26b1/Stard10/Tgif1/Cry2/Fabp5/Pparg",24
"GO:1901798","positive regulation of signal transduction by p53 class mediator","9/1357","38/25615",0.236842105263158,4.47067835395416,5.06386937498392,0.000129163742667972,0.00196953271451051,0.00196953271451051,"Msx1/Pmaip1/Znhit1/Ankrd1/Rpl26/Rps7/Rpl11/Pla2r1/Ppp1r15a",9
"GO:0070372","regulation of ERK1 and ERK2 cascade","34/1357","325/25615",0.104615384615385,1.97474066096026,4.18270734758211,0.000129380885044122,0.00196953271451051,0.00196953271451051,"Atf3/Fgf18/Calcr/Adipoq/Bmp2/Tnfsf11/Mt3/Abca7/Npnt/Ptk2b/Vegfa/Dusp4/Ffar4/Clcf1/Epor/Errfi1/Gpr183/Gcnt2/Cxcr4/Ece1/F2r/Mif/Gstp1/Rap1a/Epha4/Ccn1/Dusp1/Ramp3/Fgfbp3/Mturn/Il6/Bmp4/Ccl3/Ccn2",34
"GO:0015914","phospholipid transport","17/1357","116/25615",0.146551724137931,2.76633928798313,4.50964836539347,0.000130196946368779,0.00197260656479489,0.00197260656479489,"Mttp/Xkr6/Tmem63b/Abca7/Vapa/Vmp1/Abcb1a/Atp8b1/Atg9b/Slc4a1/Osbpl6/Scp2/Abcb4/Ano7/Plscr2/Pitpnm1/Osbpl9",17
"GO:0042310","vasoconstriction","17/1357","116/25615",0.146551724137931,2.76633928798313,4.50964836539347,0.000130196946368779,0.00197260656479489,0.00197260656479489,"Agt/Adra2a/Snta1/Ptgs1/Ptgs2/Cd38/Mmp2/Bdkrb2/Smad6/Ednrb/Adm/Edn1/Slc6a4/Dusp5/F2r/Cacna1g/Comp",17
"GO:0007519","skeletal muscle tissue development","25/1357","210/25615",0.119047619047619,2.24716636838966,4.29215670274543,0.000134582723337559,0.00203425744640113,0.00203425744640113,"Tsc22d3/Atf3/Egr2/Nr4a1/Myl6b/Ppp3ca/Sap30/Uqcc2/Mcub/Arrdc2/Gata4/Pitx1/Six1/Ankrd1/Vamp5/Mstn/Abcc9/Heyl/Cited2/Fos/Cyp26b1/Ero1a/Myorg/Cdk5/Hlf",25
"GO:0097530","granulocyte migration","21/1357","162/25615",0.12962962962963,2.44691449002429,4.369502729348,0.000137165567077263,0.00206783808614953,0.00206783808614953,"Pde4b/Lgals3/Vegfa/S100a9/Mdk/Ppbp/Spp1/Thbs1/Cxcl2/Tnfaip6/Slit2/Mstn/Ripor2/Bsg/Ccr3/Edn1/Cxadr/S100a8/Cxcl3/Cxcl1/Ccl3",21
"GO:0046887","positive regulation of hormone secretion","24/1357","198/25615",0.121212121212121,2.28802393872401,4.30323948241495,0.000137498577449391,0.00206783808614953,0.00206783808614953,"Agt/Bmp6/Tnfsf11/Glp1r/Vdr/Lepr/Retn/Pck2/Cd38/Ffar4/Spp1/Vsnl1/Clcf1/Tac1/Sybu/Nmu/Ecrg4/Edn1/Camk2n1/Aldoa/Hcar2/Prkd1/Pparg/Gpr68",24
"GO:2000630","positive regulation of miRNA metabolic process","12/1357","65/25615",0.184615384615385,3.48483646051811,4.74416917708683,0.000137770034382316,0.00206783808614953,0.00206783808614953,"Agt/Spi1/Ar/Gnl3/Bmp2/Gata4/Smad6/Fos/Il6/Atoh8/Bmp4/Pparg",12
"GO:0005996","monosaccharide metabolic process","33/1357","313/25615",0.105431309904153,1.9901422278518,4.16863102516221,0.000139412989281907,0.00208762014719574,0.00208762014719574,"Khk/Atf3/Pck1/Sord/Glb1/Pmaip1/Adipoq/Xylb/Pdk4/Lepr/Pmm1/Pcx/Pck2/Galm/Man2b2/Errfi1/Slc2a8/Aldoc/Eno1/Cbr2/Pfkp/Aldoa/Chst1/Sesn2/Gapdh/Pgam1/Gsto1/Pdk1/Ppargc1a/Il6/Ero1a/Acadm/Fabp5",33
"GO:0072163","mesonephric epithelium development","17/1357","117/25615",0.145299145299145,2.74269536244481,4.46850736961367,0.000144929410909973,0.00215037388939654,0.00215037388939654,"Cited1/Agt/Sox9/Bmp2/Npnt/Fmn1/Vegfa/Pgf/Six1/Slit2/Smad6/Foxc1/Smad9/Hes1/Osr1/Arg2/Bmp4",17
"GO:0072164","mesonephric tubule development","17/1357","117/25615",0.145299145299145,2.74269536244481,4.46850736961367,0.000144929410909973,0.00215037388939654,0.00215037388939654,"Cited1/Agt/Sox9/Bmp2/Npnt/Fmn1/Vegfa/Pgf/Six1/Slit2/Smad6/Foxc1/Smad9/Hes1/Osr1/Arg2/Bmp4",17
"GO:0051336","regulation of hydrolase activity","27/1357","236/25615",0.114406779661017,2.15956496758802,4.23267541157914,0.000145114361308751,0.00215037388939654,0.00215037388939654,"Prss22/Pip5k1a/Rap1gap/Arhgef19/Amph/Bmp2/Rgs10/Lepr/Ptk2b/Rgs1/Rgs4/Egln1/Ecm1/Serpine1/Lmf1/Ripor2/Sfrp2/Angptl4/Rtn4r/Rap1a/Fetub/Epha4/Ccn1/Rasgrf1/Gapdh/Atp5if1/Arhgap24",27
"GO:0009306","protein secretion","44/1357","464/25615",0.0948275862068965,1.78998424516555,4.0616352763894,0.000145757995244084,0.00215037388939654,0.00215037388939654,"Agt/Adra2a/Pard6a/Acvr2b/Ppp3ca/Mttp/Uqcc2/Glp1r/Lepr/Pck2/Cd38/Vsnl1/Hmgn3/Ankrd1/Dph3/Lmf1/Ptprv/Slc4a8/Porcn/Slc9b2/Sybu/Ednrb/Nmu/Bsg/Rapgefl1/Pim3/Rapgef4/Cbln1/Camk2n1/Nos2/F2r/Aldoa/F2rl2/Hcar2/Park7/Gdpd2/Comp/Kcnj8/Il6/Pde3b/Rab3a/Pparg/Gpr68/Vgf",44
"GO:0071548","response to dexamethasone","11/1357","56/25615",0.196428571428571,3.70782450784293,4.79781756071001,0.000145761548241496,0.00215037388939654,0.00215037388939654,"Gba1/Pck1/Pck2/Errfi1/Pappa/Mstn/Star/Tbx2/Edn1/Ddit4/Bmp4",11
"GO:0035360","positive regulation of peroxisome proliferator activated receptor signaling pathway","5/1357","11/25615",0.454545454545455,8.58008977021505,5.94727352452158,0.000146281660906957,0.00215037388939654,0.00215037388939654,"Jund/Bmp2/Cited2/Stard10/Fabp5",5
"GO:0046166","glyceraldehyde-3-phosphate biosynthetic process","5/1357","11/25615",0.454545454545455,8.58008977021505,5.94727352452158,0.000146281660906957,0.00215037388939654,0.00215037388939654,"Pck1/Eno1/Tkt/Gapdh/Pgam1",5
"GO:1901329","regulation of odontoblast differentiation","5/1357","11/25615",0.454545454545455,8.58008977021505,5.94727352452158,0.000146281660906957,0.00215037388939654,0.00215037388939654,"Msx1/Bmp2/Serpine1/Cebpb/Bmp4",5
"GO:0009152","purine ribonucleotide biosynthetic process","22/1357","175/25615",0.125714285714286,2.37300768501948,4.31056868431115,0.000151287718687795,0.00221888654075433,0.00221888654075433,"Sdhb/Npr3/Gucy1a1/Adcyap1r1/Atp5po/Atpsckmt/Ak4/Ndufa11/Adcy1/Atp5f1e/Ldhd/Ednrb/Ndufb7/Ndufs8/Eno1/Adss1/Ndufv3/Ndufb4/Aldoa/Nudt2/Atp5if1/Ada",22
"GO:0006164","purine nucleotide biosynthetic process","25/1357","212/25615",0.117924528301887,2.225966685669,4.23940810504578,0.000156433782213323,0.00228913580168197,0.00228913580168197,"Sdhb/Npr3/Gucy1a1/Adcyap1r1/Atp5po/Atpsckmt/Mthfd2l/Nmnat1/Ak4/Ndufa11/Adcy1/Atp5f1e/Ldhd/Ednrb/Ndufb7/Ndufs8/Eno1/Adss1/Ndufv3/Ndufb4/Aldoa/Qprt/Nudt2/Atp5if1/Ada",25
"GO:0050769","positive regulation of neurogenesis","33/1357","315/25615",0.104761904761905,1.9775064041829,4.12872311060344,0.00015715203860985,0.00229441976370381,0.00229441976370381,"Eif2b2/Egr2/Sox2/Bmp2/Chodl/Nefl/Lpar3/Shtn1/Vegfa/Islr2/Mdk/Tle6/Clcf1/Mme/Obsl1/Star/Il33/Sgk1/Ptprd/Foxg1/Tnfrsf12a/Cxcr4/Flt1/Zfp365/Hes1/Id2/Epha4/Mapk8/Mapre3/Lrp2/Il6/Runx2/Pparg",33
"GO:0010821","regulation of mitochondrion organization","18/1357","129/25615",0.13953488372093,2.63388802248462,4.40014953101839,0.000158510099777241,0.00230899973008842,0.00230899973008842,"Ghitm/Pmaip1/Higd1a/Dcn/Mmp9/Ier3/Bax/Mgarp/Mllt11/Hgf/Bnip3/Bbc3/Mpv17l/Fam162a/Ppargc1a/Atp5if1/Pparg/Hspa1a",18
"GO:0071692","protein localization to extracellular region","44/1357","466/25615",0.0944206008583691,1.78230190934939,4.03095656678824,0.000160452970791962,0.00232901121027571,0.00232901121027571,"Agt/Adra2a/Pard6a/Acvr2b/Ppp3ca/Mttp/Uqcc2/Glp1r/Lepr/Pck2/Cd38/Vsnl1/Hmgn3/Ankrd1/Dph3/Lmf1/Ptprv/Slc4a8/Porcn/Slc9b2/Sybu/Ednrb/Nmu/Bsg/Rapgefl1/Pim3/Rapgef4/Cbln1/Camk2n1/Nos2/F2r/Aldoa/F2rl2/Hcar2/Park7/Gdpd2/Comp/Kcnj8/Il6/Pde3b/Rab3a/Pparg/Gpr68/Vgf",44
"GO:0007369","gastrulation","24/1357","200/25615",0.12,2.26514369933677,4.24825843456478,0.00016060896110712,0.00232901121027571,0.00232901121027571,"Sox2/Acvr2b/Adipoq/Itga3/Syf2/Dusp4/Mmp2/Mmp9/Dvl1/Gata6/Gata4/Ext1/Sfrp2/Foxc1/Itga8/Dusp5/Osr1/Col11a1/Dusp1/Mmp14/Atoh8/Ugdh/Bmp4/Tgif1",24
"GO:0010660","regulation of muscle cell apoptotic process","17/1357","118/25615",0.144067796610169,2.71945218140714,4.42779692856611,0.000161098842475246,0.00233085352265987,0.00233085352265987,"Hmox1/Agt/Ptk2b/Mdk/Acot1/Nkx2-5/Gata6/Gata4/Cftr/Sfrp2/Bnip3/Edn1/Mapk8/Hspb6/Gch1/Atp5if1/Pparg",17
"GO:0031650","regulation of heat generation","6/1357","17/25615",0.352941176470588,6.66218735099051,5.52340398747872,0.000163151975804953,0.00234997375015923,0.00234997375015923,"Arrdc3/Tnfsf11/Ptgs2/Ednrb/Nmu/Slc27a1",6
"GO:0071895","odontoblast differentiation","6/1357","17/25615",0.352941176470588,6.66218735099051,5.52340398747872,0.000163151975804953,0.00234997375015923,0.00234997375015923,"Msx1/Bmp2/Serpine1/Cebpb/Dlx3/Bmp4",6
"GO:0045933","positive regulation of muscle contraction","11/1357","57/25615",0.192982456140351,3.64277495507376,4.72427650116184,0.000172061557262736,0.00247275938222778,0.00247275938222778,"Ptgs1/Npnt/Ptgs2/Nmu/Eno1/Edn1/F2r/Sphk1/Gsto1/Ccn2/Ada",11
"GO:0006090","pyruvate metabolic process","20/1357","153/25615",0.130718954248366,2.46747679666315,4.3059782527795,0.000174702740478661,0.00250511251079222,0.00250511251079222,"Khk/Pck1/Uchl1/Mttp/Pdk4/Pck2/Ier3/Slc16a3/Slc4a1/Aldoc/Eno1/Pfkp/Aldoa/Tpk1/Gapdh/Pgam1/Pdk1/Ppargc1a/Ddit4/Hoga1",20
"GO:0015833","peptide transport","37/1357","371/25615",0.0997304582210243,1.88253182559435,4.04985407902577,0.000177641936435052,0.00254158529990818,0.00254158529990818,"Agt/Adra2a/Acvr2b/Ppp3ca/Tnfsf11/Uqcc2/Glp1r/Lepr/Pck2/S100a9/Cd38/Ffar4/Vsnl1/Clcf1/Hmgn3/Ptprv/Slc9b2/Sybu/Nmu/Pim3/Ecrg4/Rapgef4/Edn1/Camk2n1/S100a8/Nos2/Aldoa/Car2/Slc16a2/Park7/Prkd1/Il6/Pde3b/Rab3a/Pparg/Gpr68/Vgf",37
"GO:0001892","embryonic placenta development","17/1357","119/25615",0.142857142857143,2.69659964206759,4.38750836088184,0.000178821567671686,0.00255067924268605,0.00255067924268605,"Phlda2/Cited1/Rspo3/Prdm1/Egln1/Ncoa1/Junb/Cdkn1c/Zfp36l1/Tfeb/Cebpb/Adm/Ttpa/Hes1/Cited2/Krt19/Ccn1",17
"GO:0003177","pulmonary valve development","7/1357","24/25615",0.291666666666667,5.50555760255465,5.2228995035065,0.000179865768514443,0.00255067924268605,0.00255067924268605,"Slit2/Smad6/Tbx20/Adamts5/Heyl/Bmp4/Nfatc1",7
"GO:0071276","cellular response to cadmium ion","7/1357","24/25615",0.291666666666667,5.50555760255465,5.2228995035065,0.000179865768514443,0.00255067924268605,0.00255067924268605,"Hmox1/Sox2/Mt2/Mt3/Star/Slc39a8/Mt1",7
"GO:0086011","membrane repolarization during action potential","7/1357","24/25615",0.291666666666667,5.50555760255465,5.2228995035065,0.000179865768514443,0.00255067924268605,0.00255067924268605,"Kcne3/Kcnj2/Kcnh2/Kcnd3/Casq2/Kcne4/Kcnj8",7
"GO:0086003","cardiac muscle cell contraction","13/1357","77/25615",0.168831168831169,3.18689048607988,4.54548351495402,0.000188978986971224,0.0026740110403153,0.0026740110403153,"Kcne3/Snta1/Kcnj2/Pde4b/Kcnh2/Gata4/Abcc9/Kcnd3/Casq2/Stc1/Nedd4l/Kcne4/Kcnj8",13
"GO:0031644","regulation of nervous system process","22/1357","178/25615",0.123595505617978,2.3330131734742,4.22097352411249,0.000193715358680375,0.00273500541574227,0.00273500541574227,"Gba1/Agt/Egr2/Sgms1os1/Atpsckmt/Celf4/Plk2/Ptk2b/Rgs4/Dvl1/Tac1/Jam2/Hgf/Nmu/Ncmap/Rapgef4/Cbln1/Elovl4/Fgfbp3/Il6/Ccl3/Fabp5",22
"GO:0030072","peptide hormone secretion","34/1357","332/25615",0.102409638554217,1.933104562687,4.04749371574774,0.000194298198136937,0.00273721847550808,0.00273721847550808,"Agt/Adra2a/Acvr2b/Ppp3ca/Tnfsf11/Uqcc2/Glp1r/Lepr/Pck2/Cd38/Ffar4/Vsnl1/Clcf1/Hmgn3/Ptprv/Slc9b2/Sybu/Nmu/Pim3/Ecrg4/Rapgef4/Edn1/Camk2n1/Nos2/Aldoa/Slc16a2/Park7/Prkd1/Il6/Pde3b/Rab3a/Pparg/Gpr68/Vgf",34
"GO:0001709","cell fate determination","9/1357","40/25615",0.225,4.24714443625645,4.8609920628559,0.000196920686277964,0.00276204910185511,0.00276204910185511,"Gata6/Hoxa2/Chrdl1/Foxg1/Tbx2/Hes1/Cyp26b1/Bmp4/Ebf2",9
"GO:0035886","vascular associated smooth muscle cell differentiation","9/1357","40/25615",0.225,4.24714443625645,4.8609920628559,0.000196920686277964,0.00276204910185511,0.00276204910185511,"Vegfa/Cth/Cfd/Gata6/Smad6/Adm/Hes1/Comp/Nfatc1",9
"GO:0060048","cardiac muscle contraction","19/1357","143/25615",0.132867132867133,2.5080262405244,4.27707164185456,0.000202794866203373,0.00283824448908599,0.00283824448908599,"Kcne3/Snta1/Kcnj2/Pde4b/Kcnh2/Tmem38b/Nkx2-5/Gata4/Abcc9/Kcnd3/Cxcr4/Casq2/Tmem38a/Stc1/Nedd4l/Kcne4/Gsto1/Kcnj8/Ccn2",19
"GO:0034104","negative regulation of tissue remodeling","8/1357","32/25615",0.25,4.71904937361828,4.97888767217547,0.000204114267614947,0.00284431682246945,0.00284431682246945,"Agt/Vegfa/Cd38/Ypel4/Gata4/Gpr137b/Il6/Pparg",8
"GO:0086005","ventricular cardiac muscle cell action potential","8/1357","32/25615",0.25,4.71904937361828,4.97888767217547,0.000204114267614947,0.00284431682246945,0.00284431682246945,"Kcne3/Snta1/Kcnh2/Kcnd3/Casq2/Nedd4l/Kcne4/Kcnj8",8
"GO:0001558","regulation of cell growth","42/1357","443/25615",0.0948081264108352,1.7896169182119,3.96515872729273,0.000204900776903586,0.0028490965169451,0.0028490965169451,"Cfl1/Msx1/Eif2b2/Agt/Cdkn1a/Cgref1/Mt3/Lpar3/Cacng7/Shtn1/Ptk2b/Vegfa/Rgs4/Islr2/Cd38/Cth/Nanos1/Osgin1/Frzb/Slit2/Sfrp2/Sgk1/Cdkn2c/Tnfrsf12a/Cxcr4/Eno1/Bbc3/Edn1/Bdkrb1/Sertad3/Fhl1/Rtn4r/Nedd4l/Tnc/Sesn2/Sphk1/Mmp14/Dcstamp/Cdk5/Mad2l2/Pparg/Hspa1a",42
"GO:0009260","ribonucleotide biosynthetic process","23/1357","191/25615",0.120418848167539,2.27304996006744,4.17677731891369,0.000206854546415348,0.00287005098525313,0.00287005098525313,"Sdhb/Npr3/Gucy1a1/Adcyap1r1/Atp5po/Atpsckmt/Ak4/Ndufa11/Adcy1/Atp5f1e/Ldhd/Ednrb/Ndufb7/Ndufs8/Eno1/Adss1/Ndufv3/Ndufb4/Aldoa/Nudt2/Atp5if1/Ada/Cda",23
"GO:0002791","regulation of peptide secretion","30/1357","280/25615",0.107142857142857,2.02244973155069,4.06875610133773,0.000207414146104454,0.0028716130917565,0.0028716130917565,"Agt/Adra2a/Ppp3ca/Tnfsf11/Uqcc2/Glp1r/Lepr/Pck2/S100a9/Cd38/Ffar4/Vsnl1/Clcf1/Hmgn3/Ptprv/Slc9b2/Sybu/Nmu/Pim3/Ecrg4/Rapgef4/Camk2n1/S100a8/Nos2/Aldoa/Prkd1/Il6/Pde3b/Pparg/Gpr68",30
"GO:0090199","regulation of release of cytochrome c from mitochondria","10/1357","49/25615",0.204081632653061,3.85228520295369,4.72672925911091,0.000208320064627812,0.00287177702825979,0.00287177702825979,"Ghitm/Pmaip1/Higd1a/Mmp9/Bax/Mllt11/Hgf/Bnip3/Bbc3/Fam162a",10
"GO:1903524","positive regulation of blood circulation","10/1357","49/25615",0.204081632653061,3.85228520295369,4.72672925911091,0.000208320064627812,0.00287177702825979,0.00287177702825979,"Adm2/Rgs4/Nkx2-5/Nmu/Adm/Edn1/Dusp5/Gch1/Ccn2/Ada",10
"GO:0001823","mesonephros development","17/1357","121/25615",0.140495867768595,2.65202774715738,4.30816335542066,0.000219428866197259,0.00301843905021669,0.00301843905021669,"Cited1/Agt/Sox9/Bmp2/Npnt/Fmn1/Vegfa/Pgf/Six1/Slit2/Smad6/Foxc1/Smad9/Hes1/Osr1/Arg2/Bmp4",17
"GO:0009612","response to mechanical stimulus","29/1357","268/25615",0.108208955223881,2.04257360947657,4.05799934555066,0.000221794287170416,0.00304445833500588,0.00304445833500588,"Arrdc3/Jund/Sox2/Bmp6/Kcnj2/Usp53/Sox9/Arrdc2/Mdk/Mmp2/Thbs1/Angpt2/Gata4/Ankrd1/Ripor2/Bnip3/Cxcr4/Slc2a1/Edn1/Bdkrb1/Smpd2/Fos/Col11a1/Mmp14/Mapk8/Gap43/Gfi1/Whrn/Strbp",29
"GO:0031346","positive regulation of cell projection organization","44/1357","473/25615",0.0930232558139535,1.75592534832308,3.92473825623797,0.000223027391284084,0.00305485706099991,0.00305485706099991,"Cfl1/Eif2b2/Agt/Neu1/Itga3/Chodl/Nefl/Lpar3/Zfp804a/Shtn1/Ptk2b/Vegfa/S100a9/Islr2/Mdk/Mien1/Fzd1/Dvl1/Ankrd1/Lcn2/Epor/Obsl1/Mstn/Hgf/Ripor2/Hspb1/Sgk1/Ptprd/Serpini1/Tnfrsf12a/Cdc42ep2/Magi2/Vldlr/Rap1a/Epha4/Sphk1/Mapre3/Ppp2r5b/Prkd1/Il6/Ift88/Pqbp1/Bmp4/Adamts1",44
"GO:0032926","negative regulation of activin receptor signaling pathway","6/1357","18/25615",0.333333333333333,6.29206583149103,5.3121225661892,0.000233783173647076,0.00318858409237541,0.00318858409237541,"Inha/Dand5/Smad6/Magi2/Dact2/Fst",6
"GO:0090336","positive regulation of brown fat cell differentiation","6/1357","18/25615",0.333333333333333,6.29206583149103,5.3121225661892,0.000233783173647076,0.00318858409237541,0.00318858409237541,"Ptgs2/Ffar4/Six1/Pim1/Napepld/Mecom",6
"GO:0141156","cAMP/PKA signal transduction","14/1357","89/25615",0.157303370786517,2.96928949351262,4.40163792825029,0.000235152165270779,0.0032004608256345,0.0032004608256345,"Pde3a/Rab13/Calcr/Adcyap1r1/Adipoq/Glp1r/Pde4b/Edn1/Pkia/Ece1/Mif/Sesn2/Ramp3/Pde3b",14
"GO:0098868","bone growth","9/1357","41/25615",0.219512195121951,4.14355554756727,4.76447296931904,0.000240546464993824,0.00326695664084635,0.00326695664084635,"Sox9/Msx2/Lepr/Thbs1/Ecm1/Ext1/Stc1/Comp/Fosl2",9
"GO:0030282","bone mineralization","19/1357","145/25615",0.131034482758621,2.47343277513786,4.20824470166433,0.00024326362331115,0.0032968892745798,0.0032968892745798,"Acvr2b/Bmp6/Phex/Sox9/Bmp2/Vdr/Ptk2b/Ptgs2/Adgrg6/Spp1/Bmpr1b/Lox/Tmem38b/Ecm1/Osr1/Ccn1/Comp/Bmp4/Fosl2",19
"GO:2001243","negative regulation of intrinsic apoptotic signaling pathway","16/1357","111/25615",0.144144144144144,2.72089333253666,4.29746572945952,0.000246762201152651,0.00333726395832554,0.00333726395832554,"Grina/Ptgs2/Marchf7/Mmp9/Fzd1/Gata4/Bdkrb2/Creb3l1/Hspb1/Eno1/Mif/Park7/Car3/Mapk8ip1/Tpt1/Hspa1a",16
"GO:0010665","regulation of cardiac muscle cell apoptotic process","12/1357","69/25615",0.173913043478261,3.28281695556054,4.49091992640106,0.000248050343294817,0.00334061929837716,0.00334061929837716,"Agt/Mdk/Acot1/Nkx2-5/Gata6/Gata4/Sfrp2/Bnip3/Mapk8/Hspb6/Gch1/Atp5if1",12
"GO:0141161","regulation of cAMP/PKA signal transduction","12/1357","69/25615",0.173913043478261,3.28281695556054,4.49091992640106,0.000248050343294817,0.00334061929837716,0.00334061929837716,"Pde3a/Rab13/Calcr/Adcyap1r1/Adipoq/Pde4b/Pkia/Ece1/Mif/Sesn2/Ramp3/Pde3b",12
"GO:1990778","protein localization to cell periphery","40/1357","419/25615",0.0954653937947494,1.80202362715734,3.91497961218079,0.000248969517611844,0.00334598364254913,0.00334598364254913,"Rab13/Pip5k1a/C1ql3/Ar/Pls1/Adipoq/Optn/Itga3/Bbip1/Cacng7/Lgals3/Tspan15/Ypel4/Stac2/Tmem59/Mest/Errfi1/Atp2b4/Vamp5/Sytl2/Slc4a1/Tmem150a/Prnp/Bsg/Rapgef4/Prkg2/Epb41/Magi2/Epb41l3/Rap1a/Atp2c2/Sesn2/Mmp14/Scp2/Adam22/Ramp3/Gdpd2/Cdk5/Snca/Trarg1",40
"GO:0006520","amino acid metabolic process","30/1357","283/25615",0.106007067137809,2.00101033510316,4.00495988218532,0.000249570995839862,0.00334706487948908,0.00334706487948908,"Bckdhb/Sars1/Mthfd2l/Etfb/Crtap/Adi1/Cth/Kyat3/Hpdl/P4ha2/Atp2b4/Gcat/Gclm/Dbt/Hao1/Adss1/Dhps/Nos2/Slc39a8/Slc16a2/Qprt/Aldh6a1/Park7/Arg2/Gls2/Fah/Ero1a/Arg1/Htatip2/Hoga1",30
"GO:0008544","epidermis development","40/1357","420/25615",0.0952380952380952,1.79773309471172,3.89875732715609,0.000261457405666879,0.00349917161250839,0.00349917161250839,"Cst6/Gba1/Sprr2h/Elapor2/Sprr2e/Cdkn1a/Pls1/Ppp3ca/Tmprss11f/Sox9/Msx2/Vdr/Evpl/Ptgs1/Ptgs2/Sprr1a/Plod1/Gata6/Ext1/Errfi1/Zfp36l1/Ripor2/Krt7/Ybx1/Ppl/Cdh3/Clic5/Foxc1/Hes1/Zfp36/Satb1/Dlx3/Cyp26b1/Ift88/Bmp4/Fgf7/Gfi1/Fosl2/Whrn/Fst",40
"GO:0014015","positive regulation of gliogenesis","14/1357","90/25615",0.155555555555556,2.93629738802915,4.35222730718776,0.000265093940481055,0.00353311923993838,0.00353311923993838,"Egr2/Bmp2/Mdk/Clcf1/Il33/Cxcr4/Flt1/Zfp365/Hes1/Id2/Lrp2/Il6/Runx2/Pparg",14
"GO:0043648","dicarboxylic acid metabolic process","14/1357","90/25615",0.155555555555556,2.93629738802915,4.35222730718776,0.000265093940481055,0.00353311923993838,0.00353311923993838,"Sdhb/Acot4/Pck1/Mrps36/Fahd1/Mthfd2l/Pck2/Kyat3/Phyh/Gclm/Adss1/Qprt/Gls2/Hoga1",14
"GO:1990266","neutrophil migration","17/1357","123/25615",0.138211382113821,2.60890534476458,4.23040771785803,0.000267832639161876,0.00356222955274512,0.00356222955274512,"Pde4b/Lgals3/S100a9/Mdk/Ppbp/Spp1/Cxcl2/Tnfaip6/Slit2/Ripor2/Bsg/Edn1/Cxadr/S100a8/Cxcl3/Cxcl1/Ccl3",17
"GO:0071320","cellular response to cAMP","11/1357","60/25615",0.183333333333333,3.46063620732007,4.51321708282476,0.000276318979887357,0.0036675064603231,0.0036675064603231,"Pck1/Adipoq/Atp5po/Penk/Hcn1/Cftr/Zfp36l1/Star/Stc1/Rap1a/Itpr2",11
"GO:0038066","p38MAPK cascade","12/1357","70/25615",0.171428571428571,3.2359195704811,4.43050646184955,0.000285127374656676,0.00377661495833915,0.00377661495833915,"Spi1/Rell2/Bmp2/Zfp36l1/Hgf/Map1lc3a/Zfp36/Sphk1/Dusp1/Gadd45b/Kcnj8/Bmp4",12
"GO:0015695","organic cation transport","19/1357","147/25615",0.129251700680272,2.43978062853734,4.14055638776087,0.000290618378609856,0.00384142482343562,0.00384142482343562,"Slc6a8/Agt/Adra2a/Slc25a48/Ptgs1/Rgs4/Slc38a9/Slc6a9/Slc7a3/Slc6a17/Slc43a1/Slc5a7/Slc6a2/Slc25a17/Slc38a4/Arg2/Arg1/Slc35f2/Snca",19
"GO:0010714","positive regulation of collagen metabolic process","9/1357","42/25615",0.214285714285714,4.04489946310138,4.67097877723798,0.000291891228878056,0.00384243699654228,0.00384243699654228,"Retn/Serpine1/Rgcc/Creb3l1/Tnfrsf12a/F2r/Bmp4/Ccn2/Prdx5",9
"GO:0045672","positive regulation of osteoclast differentiation","9/1357","42/25615",0.214285714285714,4.04489946310138,4.67097877723798,0.000291891228878056,0.00384243699654228,0.00384243699654228,"Ppp3ca/Tnfsf11/Eeig1/Slc9b2/Ocstamp/Car2/Fos/Ccl3/Gpr68",9
"GO:0032924","activin receptor signaling pathway","10/1357","51/25615",0.196078431372549,3.70121519499473,4.56699985946736,0.000294192008848826,0.00386480463158458,0.00386480463158458,"Inha/Acvr2b/Dand5/Zic2/Smad6/Magi2/Dact2/Cited2/Tgif1/Fst",10
"GO:0006469","negative regulation of protein kinase activity","17/1357","124/25615",0.137096774193548,2.5878657855326,4.19210669509593,0.00029533151368917,0.0038718564162025,0.0038718564162025,"Agt/Cdkn1a/Adipoq/Taf7/Ppm1e/Errfi1/Sfrp2/Deptor/Cdkn2c/Trib3/Pkia/Gstp1/Gadd45b/Fabp4/Il6/Mapk8ip1/Cep85",17
"GO:0072078","nephron tubule morphogenesis","14/1357","91/25615",0.153846153846154,2.90403038376509,4.30349530159021,0.000298249456836113,0.00390214767966434,0.00390214767966434,"Cited1/Irx1/Agt/Sox9/Bmp2/Irx2/Npnt/Fmn1/Vegfa/Pgf/Six1/Hes1/Osr1/Bmp4",14
"GO:0070252","actin-mediated cell contraction","16/1357","113/25615",0.141592920353982,2.67273592842097,4.21483537820983,0.000303721699473268,0.00396566706791926,0.00396566706791926,"Myl6b/Kcne3/Snta1/Kcnj2/Pde4b/Shtn1/Kcnh2/Gata4/Abcc9/Kcnd3/Pdpn/Casq2/Stc1/Nedd4l/Kcne4/Kcnj8",16
"GO:0014812","muscle cell migration","18/1357","136/25615",0.132352941176471,2.49832025662144,4.14365936425105,0.000309465443922131,0.00403246655528553,0.00403246655528553,"Agt/Adipoq/S100a11/Retn/F3/Mdk/Serpine1/Six1/Slit2/Mstn/Ddit3/Tcp11l2/Rapgef4/Gstp1/Park7/Ppargc1a/Adamts1/Pparg",18
"GO:0071371","cellular response to gonadotropin stimulus","7/1357","26/25615",0.269230769230769,5.08205317158891,4.92538070598332,0.000311455131714321,0.00405017766423644,0.00405017766423644,"Gata6/Gata4/Star/Gclm/Akr1c18/Edn1/Ppargc1a",7
"GO:0071675","regulation of mononuclear cell migration","19/1357","148/25615",0.128378378378378,2.42329562429047,4.10712771912821,0.000317173601082768,0.0041162085118297,0.0041162085118297,"Gpr15lg/Spi1/Lgals3/Ptk2b/Mdk/Thbs1/Ecm1/Serpine1/Slit2/Jam2/Mstn/Ripor2/Mif/Ripk3/Dusp1/Mmp14/Selenok/Ccl3/Cxcl14",19
"GO:0003171","atrioventricular valve development","8/1357","34/25615",0.235294117647059,4.44145823399367,4.74924236810194,0.000320601243167096,0.0041263842427892,0.0041263842427892,"Bmp2/Gata4/Smad6/Tbx20/Zfpm1/Heyl/Ccn1/Efna1",8
"GO:0008045","motor neuron axon guidance","8/1357","34/25615",0.235294117647059,4.44145823399367,4.74924236810194,0.000320601243167096,0.0041263842427892,0.0041263842427892,"Kif5c/Egr2/Lmo4/Slit2/Hoxa2/Cxcr4/Epha4/Cdk5",8
"GO:0060037","pharyngeal system development","8/1357","34/25615",0.235294117647059,4.44145823399367,4.74924236810194,0.000320601243167096,0.0041263842427892,0.0041263842427892,"Nkx2-5/Six1/Hoxa2/Tbx2/Edn1/Hes1/Ece1/Bmp4",8
"GO:0099622","cardiac muscle cell membrane repolarization","8/1357","34/25615",0.235294117647059,4.44145823399367,4.74924236810194,0.000320601243167096,0.0041263842427892,0.0041263842427892,"Kcne3/Snta1/Kcnj2/Kcnh2/Kcnd3/Casq2/Kcne4/Kcnj8",8
"GO:0045332","phospholipid translocation","11/1357","61/25615",0.180327868852459,3.40390446621646,4.4458397771288,0.000321169383778736,0.0041263842427892,0.0041263842427892,"Xkr6/Tmem63b/Abca7/Vmp1/Abcb1a/Atp8b1/Atg9b/Slc4a1/Abcb4/Ano7/Plscr2",11
"GO:0008637","apoptotic mitochondrial changes","17/1357","125/25615",0.136,2.56716285924834,4.15418037707828,0.000325244591042497,0.00416541489160798,0.00416541489160798,"Ghitm/Pmaip1/Higd1a/Mmp9/Ier3/Bax/Bnip3l/Mllt11/Hgf/Gclm/Bnip3/Ggct/Bbc3/Mpv17l/Fam162a/Atp5if1/Hspa1a",17
"GO:0019682","glyceraldehyde-3-phosphate metabolic process","6/1357","19/25615",0.315789473684211,5.96090447193887,5.11626162633878,0.000326418525782221,0.00416541489160798,0.00416541489160798,"Khk/Pck1/Eno1/Tkt/Gapdh/Pgam1",6
"GO:0071372","cellular response to follicle-stimulating hormone stimulus","6/1357","19/25615",0.315789473684211,5.96090447193887,5.11626162633878,0.000326418525782221,0.00416541489160798,0.00416541489160798,"Gata4/Star/Gclm/Akr1c18/Edn1/Ppargc1a",6
"GO:0097035","regulation of membrane lipid distribution","12/1357","71/25615",0.169014084507042,3.1903432385025,4.3711733370835,0.000326800919266877,0.00416541489160798,0.00416541489160798,"Xkr6/Tmem63b/Abca7/Vmp1/Abcb1a/Atp8b1/Atg9b/Slc4a1/Tlcd1/Abcb4/Ano7/Plscr2",12
"GO:1902806","regulation of cell cycle G1/S phase transition","22/1357","185/25615",0.118918918918919,2.24473699934275,4.01875391786794,0.000335752554901878,0.00427103844096963,0.00427103844096963,"Gpr15lg/Sox2/Cdkn1a/Mlf1/Cdk2ap2/Hacd1/Rpl17/Rgcc/Pim1/Atp2b4/Ptprv/Tbx2/Pdpn/Cdkn2c/Plk3/Fhl1/Klf11/Id2/Tcim/Appl2/Ube2e2/Adamts1",22
"GO:0042475","odontogenesis of dentin-containing tooth","15/1357","103/25615",0.145631067961165,2.74896080016599,4.20656462626017,0.000340283666973905,0.00432012307636436,0.00432012307636436,"Msx1/Acvr2b/Bmp2/Msx2/Bax/Serpine1/Cftr/Bsg/Foxc1/Car2/Dlx3/Ift88/Bmp4/Runx2/Fst",15
"GO:0030336","negative regulation of cell migration","33/1357","329/25615",0.100303951367781,1.89335719549426,3.85730653016373,0.000349240569701457,0.00442509155771629,0.00442509155771629,"Adipoq/Sap30/Emilin2/Dcn/Ifitm1/Thbs1/Tnfaip6/Angpt2/Serpine1/Cldn3/Rgcc/Slit2/Miip/Atp2b4/Ptprk/Sulf1/Il33/Ripor2/Sfrp2/Rhob/Magi2/Stc1/Mif/Cited2/Gstp1/Epha4/Dusp1/Park7/Ppargc1a/Scai/Ada/Pparg/Gm266",33
"GO:0048638","regulation of developmental growth","38/1357","398/25615",0.0954773869346734,1.80225001203512,3.81509792382037,0.000350170486975156,0.00442814017387481,0.00442814017387481,"Cfl1/Eif2b2/Agt/Ar/Cdkn1a/Pls1/Spaar/Mt3/Lpar3/Cacng7/Shtn1/Vegfa/Rgs4/Islr2/Serpine1/Nkx2-5/Gata6/Gata4/Six1/Slit2/Pim1/Mstn/Tbx20/Tbx2/Tnfrsf12a/Cxcr4/Foxc1/Edn1/Cxadr/P2rx5/Slc6a4/Rtn4r/Nedd4l/Hopx/Cited2/Flt3/Cdk5/Fosl2",38
"GO:0010657","muscle cell apoptotic process","17/1357","126/25615",0.134920634920635,2.54678855084161,4.11662164568644,0.000357745230710637,0.00450574278114299,0.00450574278114299,"Hmox1/Agt/Ptk2b/Mdk/Acot1/Nkx2-5/Gata6/Gata4/Cftr/Sfrp2/Bnip3/Edn1/Mapk8/Hspb6/Gch1/Atp5if1/Pparg",17
"GO:0051279","regulation of release of sequestered calcium ion into cytosol","13/1357","82/25615",0.158536585365854,2.99256789546525,4.27435178927873,0.000359112749680139,0.00450574278114299,0.00450574278114299,"Trpc1/Cemip/Ptk2b/Tmem38b/Bax/Bdkrb1/Casq2/Tmem38a/F2r/Gsto1/Cd19/Prkd1/Snca",13
"GO:0061180","mammary gland epithelium development","13/1357","82/25615",0.158536585365854,2.99256789546525,4.27435178927873,0.000359112749680139,0.00450574278114299,0.00450574278114299,"Msx1/Ar/Tnfsf11/Msx2/Vdr/Bax/Slit2/Zfp703/Cebpb/Agap2/Id2/Atp2c2/Prlr",13
"GO:0070301","cellular response to hydrogen peroxide","13/1357","82/25615",0.158536585365854,2.99256789546525,4.27435178927873,0.000359112749680139,0.00450574278114299,0.00450574278114299,"Cfl1/Klf2/Lcn2/Bnip3/Rhob/Edn1/Map1lc3a/Ripk3/Nqo1/Sphk1/Mapk8/Park7/Il6",13
"GO:1902105","regulation of leukocyte differentiation","35/1357","357/25615",0.0980392156862745,1.85060759749736,3.82793907172819,0.000361259195892184,0.00452383835167913,0.00452383835167913,"Pck1/Spi1/Ppp3ca/Adipoq/Tnfsf11/Sh3rf1/Prdm1/Mdk/Lrrc17/Tnfaip6/Stac2/Eeig1/Zfp36l1/Gpr137b/Slc9b2/Hspb1/Prxl2a/Cebpb/Zfpm1/Clec12a/Vnn1/Ndfip1/Ocstamp/Id2/Flt3/Car2/Fos/Mmp14/Cyp26b1/Dcstamp/Il6/Bmp4/Ccl3/Ada/Gpr68",35
"GO:0010595","positive regulation of endothelial cell migration","16/1357","115/25615",0.139130434782609,2.62625356444843,4.13397857968368,0.00037169397209323,0.00459670474890909,0.00459670474890909,"Hmox1/Fgf18/Agt/Anxa3/Plk2/Ptk2b/Vegfa/Ptgs2/Thbs1/Lcn2/Hspb1/Bsg/Rhob/Prkd1/Atoh8/Bmp4",16
"GO:0032371","regulation of sterol transport","11/1357","62/25615",0.17741935483871,3.34900278127749,4.37985324411165,0.000371988374721065,0.00459670474890909,0.00459670474890909,"Adipoq/Eepd1/Abca7/Abca8b/Abca5/Ces1a/Osbpl6/Abca8a/Scp2/Abcb4/Pparg",11
"GO:0032374","regulation of cholesterol transport","11/1357","62/25615",0.17741935483871,3.34900278127749,4.37985324411165,0.000371988374721065,0.00459670474890909,0.00459670474890909,"Adipoq/Eepd1/Abca7/Abca8b/Abca5/Ces1a/Osbpl6/Abca8a/Scp2/Abcb4/Pparg",11
"GO:0071871","response to epinephrine","5/1357","13/25615",0.384615384615385,7.26007595941273,5.33968285163423,0.000372726403756484,0.00459670474890909,0.00459670474890909,"Adipoq/Pde4b/Penk/Atp2b4/Star",5
"GO:0097084","vascular associated smooth muscle cell development","5/1357","13/25615",0.384615384615385,7.26007595941273,5.33968285163423,0.000372726403756484,0.00459670474890909,0.00459670474890909,"Vegfa/Smad6/Adm/Hes1/Comp",5
"GO:0097501","stress response to metal ion","5/1357","13/25615",0.384615384615385,7.26007595941273,5.33968285163423,0.000372726403756484,0.00459670474890909,0.00459670474890909,"Mt2/Mt3/Slc39a8/Park7/Mt1",5
"GO:0010662","regulation of striated muscle cell apoptotic process","12/1357","72/25615",0.166666666666667,3.14603291574552,4.31288428310931,0.000373518038438753,0.00459670474890909,0.00459670474890909,"Agt/Mdk/Acot1/Nkx2-5/Gata6/Gata4/Sfrp2/Bnip3/Mapk8/Hspb6/Gch1/Atp5if1",12
"GO:1904427","positive regulation of calcium ion transmembrane transport","12/1357","72/25615",0.166666666666667,3.14603291574552,4.31288428310931,0.000373518038438753,0.00459670474890909,0.00459670474890909,"Trpc1/Cemip/Adcyap1r1/Ppp3ca/Bax/Bdkrb1/P2rx5/F2r/Gsto1/Cd19/Bmp4/Snca",12
"GO:1990928","response to amino acid starvation","12/1357","72/25615",0.166666666666667,3.14603291574552,4.31288428310931,0.000373518038438753,0.00459670474890909,0.00459670474890909,"Atf3/Cdkn1a/Rragb/Rpl17/Pim1/Tfeb/Pex2/Map1lc3a/Sesn2/Mapk8/Rnf167/Prkd1",12
"GO:0072088","nephron epithelium morphogenesis","14/1357","93/25615",0.150537634408602,2.84157811744756,4.20799677678314,0.00037532648679577,0.0046056677593816,0.0046056677593816,"Cited1/Irx1/Agt/Sox9/Bmp2/Irx2/Npnt/Fmn1/Vegfa/Pgf/Six1/Hes1/Osr1/Bmp4",14
"GO:0001508","action potential","23/1357","199/25615",0.115577889447236,2.18167106720041,3.95795333940616,0.00037639719390961,0.0046056677593816,0.0046056677593816,"Gba1/Kcne3/Snta1/Kcnj2/Usp53/Kcnf1/Hcn1/Gpr88/Kcnh2/Cacna1i/Tac1/Scn2a/Abcc9/Kcna4/Kcnd3/Rapgef4/Casq2/Cxadr/Nedd4l/Kcne4/Cacna1g/Kcnj8/Bbs10",23
"GO:0046390","ribose phosphate biosynthetic process","23/1357","199/25615",0.115577889447236,2.18167106720041,3.95795333940616,0.00037639719390961,0.0046056677593816,0.0046056677593816,"Sdhb/Npr3/Gucy1a1/Adcyap1r1/Atp5po/Atpsckmt/Ak4/Ndufa11/Adcy1/Atp5f1e/Ldhd/Ednrb/Ndufb7/Ndufs8/Eno1/Adss1/Ndufv3/Ndufb4/Aldoa/Nudt2/Atp5if1/Ada/Cda",23
"GO:0043525","positive regulation of neuron apoptotic process","15/1357","104/25615",0.144230769230769,2.72252848477977,4.16313477990853,0.000378482713757599,0.0046183690242738,0.0046183690242738,"Ar/Pmaip1/Optn/Egln1/Mmp2/Bax/Lcn2/Ddit3/Prnp/Bbc3/Nqo1/Mapk8/Cdk5/Gch1/Ccl3",15
"GO:0031669","cellular response to nutrient levels","30/1357","290/25615",0.103448275862069,1.95271008563515,3.85910118005147,0.000378873050403533,0.0046183690242738,0.0046183690242738,"Lpl/Atf3/Gba1/Pck1/Cdkn1a/Phex/Pmaip1/Higd1a/Atg14/Vdr/Rragb/Penk/Pdk4/Rpl17/Ncoa1/Wdr45/Lcn2/Pim1/Tfeb/Deptor/Cd68/Angptl4/Slc2a1/Map1lc3a/Fos/Sesn2/Mapk8/Rnf167/Prkd1/Wipi1",30
"GO:1901136","carbohydrate derivative catabolic process","29/1357","277/25615",0.104693140794224,1.97620840194845,3.86364655430221,0.000386065186922345,0.00469712644088853,0.00469712644088853,"Khk/Gba1/Cemip/Glb1/Uchl1/Mttp/Neu1/Pde4b/Nudt10/Galm/Gnpda2/Ier3/Npl/Man2b2/Slc4a1/Sulf1/Aldoc/Ovgp1/Eno1/Pfkp/Aldoa/Gapdh/Pgam1/Entpd5/Ppargc1a/Ddit4/Xdh/Ada/Cda",29
"GO:0060538","skeletal muscle organ development","25/1357","225/25615",0.111111111111111,2.09735527716368,3.91028395292125,0.000392392942097745,0.00476508933844218,0.00476508933844218,"Tsc22d3/Atf3/Egr2/Nr4a1/Myl6b/Ppp3ca/Sap30/Uqcc2/Mcub/Arrdc2/Gata4/Pitx1/Six1/Ankrd1/Vamp5/Mstn/Abcc9/Heyl/Cited2/Fos/Cyp26b1/Ero1a/Myorg/Cdk5/Hlf",25
"GO:2000146","negative regulation of cell motility","34/1357","345/25615",0.0985507246376812,1.86026294148431,3.80486517196112,0.000395901792068065,0.00479633437149212,0.00479633437149212,"Cfl1/Adipoq/Sap30/Emilin2/Dcn/Ifitm1/Thbs1/Tnfaip6/Angpt2/Serpine1/Cldn3/Rgcc/Slit2/Miip/Atp2b4/Ptprk/Sulf1/Il33/Ripor2/Sfrp2/Rhob/Magi2/Stc1/Mif/Cited2/Gstp1/Epha4/Dusp1/Park7/Ppargc1a/Scai/Ada/Pparg/Gm266",34
"GO:0045987","positive regulation of smooth muscle contraction","8/1357","35/25615",0.228571428571429,4.31455942730814,4.64099064109852,0.000396459145588779,0.00479633437149212,0.00479633437149212,"Ptgs1/Npnt/Ptgs2/Nmu/Edn1/F2r/Sphk1/Ada",8
"GO:0001959","regulation of cytokine-mediated signaling pathway","21/1357","175/25615",0.12,2.26514369933677,3.97192883260321,0.000401214696721756,0.00482121618211061,0.00482121618211061,"Adipoq/Peli3/Rnf113a2/Tslp/Crebrf/Ecm1/Slit2/Ext1/Hpx/Cd24a/Cxcr4/Edn1/H2bc21/Sphk1/Otop1/Il6/Arg1/Gfi1/Ythdf3/Pparg/Hspa1a",21
"GO:0032925","regulation of activin receptor signaling pathway","7/1357","27/25615",0.259259259259259,4.89382898004858,4.78786299643303,0.000401361819355082,0.00482121618211061,0.00482121618211061,"Inha/Acvr2b/Dand5/Smad6/Magi2/Dact2/Fst",7
"GO:0099625","ventricular cardiac muscle cell membrane repolarization","7/1357","27/25615",0.259259259259259,4.89382898004858,4.78786299643303,0.000401361819355082,0.00482121618211061,0.00482121618211061,"Kcne3/Snta1/Kcnh2/Kcnd3/Casq2/Kcne4/Kcnj8",7
"GO:0019318","hexose metabolic process","30/1357","291/25615",0.103092783505155,1.94599974169826,3.83859674280953,0.000401517848292213,0.00482121618211061,0.00482121618211061,"Khk/Atf3/Pck1/Sord/Glb1/Pmaip1/Adipoq/Pdk4/Lepr/Pmm1/Pcx/Pck2/Galm/Man2b2/Errfi1/Slc2a8/Aldoc/Eno1/Cbr2/Pfkp/Aldoa/Chst1/Sesn2/Gapdh/Pgam1/Pdk1/Ppargc1a/Il6/Acadm/Fabp5",30
"GO:0033673","negative regulation of kinase activity","18/1357","139/25615",0.129496402877698,2.44439967554328,4.03859490257723,0.000405325122040933,0.00485785183580402,0.00485785183580402,"Agt/Cdkn1a/Adipoq/Taf7/Ppm1e/Errfi1/Mstn/Sfrp2/Deptor/Cdkn2c/Trib3/Pkia/Gstp1/Gadd45b/Fabp4/Il6/Mapk8ip1/Cep85",18
"GO:0001706","endoderm formation","10/1357","53/25615",0.188679245283019,3.5615466970704,4.4151343921843,0.000407794539809523,0.00487834659913664,0.00487834659913664,"Sox2/Dusp4/Mmp2/Mmp9/Gata6/Gata4/Dusp5/Col11a1/Dusp1/Mmp14",10
"GO:0003158","endothelium development","19/1357","151/25615",0.125827814569536,2.37515067811251,4.00845099678035,0.000409919111229553,0.00489050534257428,0.00489050534257428,"Agt/Acvr2b/Bmp6/Tnmd/Vegfa/Cldn3/Lcn2/Ednrb/Bsg/Pdpn/Rhob/Cxcr4/Edn1/Id1/Stc1/Rap1a/Atoh8/Ift88/Bmp4",19
"GO:0072080","nephron tubule development","16/1357","116/25615",0.137931034482759,2.60361344751353,4.09419232845115,0.000410333496209143,0.00489050534257428,0.00489050534257428,"Cited1/Irx1/Agt/Sox9/Bmp2/Irx2/Npnt/Fmn1/Vegfa/Pgf/Six1/Cd24a/Hes1/Heyl/Osr1/Bmp4",16
"GO:0060395","SMAD protein signal transduction","14/1357","94/25615",0.148936170212766,2.81134856300663,4.16119669128781,0.000419854160980349,0.00497838883494692,0.00497838883494692,"Cited1/Bmp6/Bmp2/Smad6/Tbx20/Smad9/Map1lc3a/Magi2/Fos/Mapk8/Atoh8/Bmp4/Runx2/Pparg",14
"GO:2000628","regulation of miRNA metabolic process","14/1357","94/25615",0.148936170212766,2.81134856300663,4.16119669128781,0.000419854160980349,0.00497838883494692,0.00497838883494692,"Agt/Spi1/Ar/Gnl3/Sox9/Bmp2/Gata6/Gata4/Smad6/Fos/Il6/Atoh8/Bmp4/Pparg",14
"GO:0044843","cell cycle G1/S phase transition","27/1357","252/25615",0.107142857142857,2.02244973155069,3.8578297275888,0.000420032183770428,0.00497838883494692,0.00497838883494692,"Gpr15lg/Sox2/Cdkn1a/Mlf1/Ppp3ca/Cdk2ap2/Hacd1/Plk2/Rpl17/Rgcc/Pim1/Atp2b4/Ptprv/Tbx2/Pdpn/Cdkn2c/E2f5/Plk3/Fhl1/Klf11/Id2/Tcim/Appl2/Ccng2/Ube2e2/Adamts1/Nfatc1",27
"GO:0009651","response to salt stress","9/1357","44/25615",0.204545454545455,3.86104039659677,4.49239155932122,0.000421898454376115,0.00498212439505912,0.00498212439505912,"Pck1/Agt/Ptk2b/Bax/Bdkrb2/Zfp36l1/Fxyd2/Pappa2/Nedd4l",9
"GO:0086002","cardiac muscle cell action potential involved in contraction","9/1357","44/25615",0.204545454545455,3.86104039659677,4.49239155932122,0.000421898454376115,0.00498212439505912,0.00498212439505912,"Kcne3/Snta1/Kcnj2/Kcnh2/Kcnd3/Casq2/Nedd4l/Kcne4/Kcnj8",9
"GO:0010656","negative regulation of muscle cell apoptotic process","12/1357","73/25615",0.164383561643836,3.10293657443393,4.25560474738995,0.000425756007572071,0.00501845246356511,0.00501845246356511,"Hmox1/Ptk2b/Mdk/Acot1/Nkx2-5/Gata4/Cftr/Sfrp2/Edn1/Hspb6/Gch1/Atp5if1",12
"GO:0030858","positive regulation of epithelial cell differentiation","11/1357","63/25615",0.174603174603175,3.29584400697149,4.31520400440293,0.000429388581720649,0.00505200045599533,0.00505200045599533,"Dmbt1/Sox2/Bmp6/Sox9/Bmp2/Vdr/Serpine1/Cd24a/Foxc1/Atoh8/Bmp4",11
"GO:0034308","primary alcohol metabolic process","17/1357","128/25615",0.1328125,2.50699497973471,4.04257942657792,0.000431249439774931,0.00506461864920322,0.00506461864920322,"Rdh14/Adh7/Bmp6/Bmp2/Abhd4/Ces1a/Acss2/Adh1/Aldh1a3/Ednrb/Napepld/Hao1/Akr1c18/Tpk1/Park7/Gdpd1/Aldh2",17
"GO:1905039","carboxylic acid transmembrane transport","20/1357","164/25615",0.121951219512195,2.30197530420404,3.95615570204666,0.00044213250380315,0.00518295475261211,0.00518295475261211,"Slc6a8/Agt/Rgs4/Thbs1/Slc16a3/Slc38a9/Lrrc8e/Abcb1a/Slc7a4/Slc6a9/Slc7a3/Slc2a1/Slc43a1/Slc16a7/Slc38a4/Slc27a1/Lrp2/Arg2/Arg1/Slc1a7",20
"GO:0071466","cellular response to xenobiotic stimulus","24/1357","214/25615",0.11214953271028,2.11695672835212,3.88077942038198,0.000443397061197776,0.00518831096745813,0.00518831096745813,"Gsta4/Gstm5/Uchl1/Adipoq/Sult1a1/Pde4b/Cdh13/Fmo2/Kcnh2/Ppm1e/Serpine1/Ankrd1/Abcc9/Prnp/Edn1/Gstm1/Nos2/Rbbp9/Gstp1/Gsto1/Cyp26b1/Cyp46a1/Cyp2s1/Aldh2",24
"GO:0071498","cellular response to fluid shear stress","6/1357","20/25615",0.3,5.66285924834193,4.93390596025956,0.000445502250186184,0.00520304966924597,0.00520304966924597,"Ptk2b/Ptgs2/Klf2/Spp1/Mmp2/Car2",6
"GO:0051962","positive regulation of nervous system development","36/1357","375/25615",0.096,1.81211495946942,3.74705096022853,0.000446276520509733,0.00520304966924597,0.00520304966924597,"Eif2b2/Egr2/Sox2/Bmp2/Chodl/Nefl/Lpar3/Shtn1/Vegfa/Islr2/Mdk/Tle6/Clcf1/Slit2/Mme/Obsl1/Adgrl3/Star/Il33/Sgk1/Ptprd/Foxg1/Tnfrsf12a/Cxcr4/Flt1/Cbln1/Zfp365/Hes1/Id2/Epha4/Mapk8/Mapre3/Lrp2/Il6/Runx2/Pparg",36
"GO:0007005","mitochondrion organization","42/1357","460/25615",0.091304347826087,1.72347890166928,3.70334145088501,0.000450624387915728,0.00524422294922217,0.00524422294922217,"Ghitm/Gba1/Pmaip1/Higd1a/Nsun7/Chchd2/Uqcc2/Dcn/Adgrg6/Mmp9/Ier3/Chchd10/Bax/Mgarp/Bnip3l/Mllt11/Hgf/Mtfr1/Abcc9/Cp/Gclm/Bnip3/Ndufs8/Ggct/Bbc3/Edn1/Cxadr/Camkmt/Higd1b/Sesn2/Mpv17l/Fam162a/Park7/Ppargc1a/Slirp/Cdk5/Dcaf11/Snca/Atp5if1/Rab3a/Pparg/Hspa1a",42
"GO:0019751","polyol metabolic process","16/1357","117/25615",0.136752136752137,2.58136034112453,4.05482248395753,0.000452377707741685,0.00525510740421806,0.00525510740421806,"Gba1/Pck1/Sord/Adcyap1r1/Nudt10/Isyna1/Gk5/Pck2/Ephx1/Grk3/Itpk1/Sphk1/Scp2/Plpp1/Gch1/Snca",16
"GO:0072028","nephron morphogenesis","14/1357","95/25615",0.147368421052632,2.78175542023814,4.11500802796097,0.000468808989274678,0.00543329226941737,0.00543329226941737,"Cited1/Irx1/Agt/Sox9/Bmp2/Irx2/Npnt/Fmn1/Vegfa/Pgf/Six1/Hes1/Osr1/Bmp4",14
"GO:0007411","axon guidance","28/1357","267/25615",0.104868913857678,1.97952632900842,3.80540624056016,0.000469408033861557,0.00543329226941737,0.00543329226941737,"Kif5c/Kifc2/Egr2/Lama2/Vegfa/Sema3c/Bmpr1b/Lmo4/Sema4g/Dvl1/Slit2/Ext1/Ptprv/Zic2/Hoxa2/Foxg1/Bsg/Cxcr4/Edn1/Rtn4r/Ece1/Unc5c/Epha4/Artn/Lrp2/Gap43/Cdk5/Efna1",28
"GO:0030857","negative regulation of epithelial cell differentiation","10/1357","54/25615",0.185185185185185,3.49559212860613,4.34192879944477,0.000477006568407716,0.00551131330117116,0.00551131330117116,"Cited1/Msx1/Sox9/Msx2/Vegfa/Mmp9/Frzb/Id1/Hes1/Osr1",10
"GO:0010659","cardiac muscle cell apoptotic process","12/1357","74/25615",0.162162162162162,3.06100499910375,4.19930179007497,0.000484023198205386,0.00558234295380862,0.00558234295380862,"Agt/Mdk/Acot1/Nkx2-5/Gata6/Gata4/Sfrp2/Bnip3/Mapk8/Hspb6/Gch1/Atp5if1",12
"GO:0003416","endochondral bone growth","8/1357","36/25615",0.222222222222222,4.19471055432736,4.53672146741813,0.000486280922053781,0.00559833090192381,0.00559833090192381,"Sox9/Msx2/Thbs1/Ecm1/Ext1/Stc1/Comp/Fosl2",8
"GO:0030514","negative regulation of BMP signaling pathway","11/1357","64/25615",0.171875,3.24434644436256,4.25184146920363,0.000494024849065826,0.00567730882003375,0.00567730882003375,"Tnfaip6/Fzd1/Dand5/Smad6/Chrdl1/Sfrp2/Htra3/Tmem53/Lrp2/Bmp4/Pparg",11
"GO:1903707","negative regulation of hemopoiesis","16/1357","118/25615",0.135593220338983,2.55948440603025,4.01586059666783,0.000498068510136421,0.0057135573377078,0.0057135573377078,"Il17d/Adipoq/Tsc22d1/Mdk/Lrrc17/Tnfaip6/Stac2/Gpr137b/Hspb1/Zfpm1/Clec12a/Id2/Flt3/Bmp4/Ccl3/Gpr68",16
"GO:0045823","positive regulation of heart contraction","9/1357","45/25615",0.2,3.77523949889462,4.40699432705303,0.000502856610346755,0.00575820118514715,0.00575820118514715,"Adm2/Rgs4/Nkx2-5/Nmu/Adm/Edn1/Gch1/Ccn2/Ada",9
"GO:0003181","atrioventricular valve morphogenesis","7/1357","28/25615",0.25,4.71904937361828,4.65695890668035,0.000510857479459879,0.00579814213436442,0.00579814213436442,"Bmp2/Gata4/Smad6/Zfpm1/Heyl/Ccn1/Efna1",7
"GO:0007263","nitric oxide mediated signal transduction","7/1357","28/25615",0.25,4.71904937361828,4.65695890668035,0.000510857479459879,0.00579814213436442,0.00579814213436442,"Gucy1a1/Mt2/Vegfa/Thbs1/Atp2b4/Nos2/Mt1",7
"GO:0010875","positive regulation of cholesterol efflux","7/1357","28/25615",0.25,4.71904937361828,4.65695890668035,0.000510857479459879,0.00579814213436442,0.00579814213436442,"Adipoq/Eepd1/Abca7/Abca8b/Ces1a/Abca8a/Pparg",7
"GO:0072010","glomerular epithelium development","7/1357","28/25615",0.25,4.71904937361828,4.65695890668035,0.000510857479459879,0.00579814213436442,0.00579814213436442,"Ext1/Ednrb/Cd24a/Foxc1/Edn1/Magi2/Klf15",7
"GO:0090200","positive regulation of release of cytochrome c from mitochondria","7/1357","28/25615",0.25,4.71904937361828,4.65695890668035,0.000510857479459879,0.00579814213436442,0.00579814213436442,"Pmaip1/Mmp9/Bax/Mllt11/Bnip3/Bbc3/Fam162a",7
"GO:0048844","artery morphogenesis","13/1357","85/25615",0.152941176470588,2.88694785209589,4.12140301189107,0.000513539875889258,0.00581830716527794,0.00581830716527794,"Vegfa/Prdm1/Mdk/Prrx2/Six1/Tbx2/Foxc1/Edn1/Hes1/Cited2/Lrp2/Comp/Bmp4",13
"GO:2000243","positive regulation of reproductive process","15/1357","107/25615",0.14018691588785,2.64619591044015,4.03586224079204,0.000515916113269863,0.00582308969839781,0.00582308969839781,"Pde3a/Msx1/Ar/Bnc1/Sox9/Msx2/Retn/Vegfa/Cftr/Tac1/Ednrb/Cfap69/Prdm9/Cited2/Park7",15
"GO:0040013","negative regulation of locomotion","35/1357","364/25615",0.0961538461538462,1.81501898985318,3.70407915899745,0.000516381252645242,0.00582308969839781,0.00582308969839781,"Cfl1/Arrdc3/Adipoq/Sap30/Emilin2/Dcn/Ifitm1/Thbs1/Tnfaip6/Angpt2/Serpine1/Cldn3/Rgcc/Slit2/Miip/Atp2b4/Ptprk/Sulf1/Il33/Ripor2/Sfrp2/Rhob/Magi2/Stc1/Mif/Cited2/Gstp1/Epha4/Dusp1/Park7/Ppargc1a/Scai/Ada/Pparg/Gm266",35
"GO:0002688","regulation of leukocyte chemotaxis","17/1357","130/25615",0.130769230769231,2.46842582620033,3.96992682599435,0.000517422156097583,0.00582308969839781,0.00582308969839781,"Spi1/Ptk2b/Vegfa/Mdk/Ppbp/Thbs1/Tnfaip6/Serpine1/Pgf/Slit2/Mstn/Ripor2/Edn1/Mif/Dusp1/Ccl3/Cxcl14",17
"GO:0002687","positive regulation of leukocyte migration","20/1357","166/25615",0.120481927710843,2.27424066198471,3.89557233852692,0.000517587829667676,0.00582308969839781,0.00582308969839781,"Spi1/Sele/Lgals3/Ptk2b/Vegfa/Mdk/Ppbp/Thbs1/Mmp9/Serpine1/Pgf/Jam2/Mstn/Ripor2/Edn1/Bdkrb1/Mmp14/Selenok/Ccl3/Cxcl14",20
"GO:0061333","renal tubule morphogenesis","14/1357","96/25615",0.145833333333333,2.75277880127733,4.06941548377979,0.000522540249285404,0.005868528953513,0.005868528953513,"Cited1/Irx1/Agt/Sox9/Bmp2/Irx2/Npnt/Fmn1/Vegfa/Pgf/Six1/Hes1/Osr1/Bmp4",14
"GO:0097485","neuron projection guidance","28/1357","269/25615",0.104089219330855,1.96480866113475,3.7623894573465,0.000528736649174187,0.00592775608079403,0.00592775608079403,"Kif5c/Kifc2/Egr2/Lama2/Vegfa/Sema3c/Bmpr1b/Lmo4/Sema4g/Dvl1/Slit2/Ext1/Ptprv/Zic2/Hoxa2/Foxg1/Bsg/Cxcr4/Edn1/Rtn4r/Ece1/Unc5c/Epha4/Artn/Lrp2/Gap43/Cdk5/Efna1",28
"GO:0042060","wound healing","39/1357","421/25615",0.0926365795724466,1.74862637122197,3.66318403308069,0.000534987348329051,0.0059873845394875,0.0059873845394875,"Hmox1/Adra2a/Arhgef19/Cdkn1a/Bnc1/Thbd/Msx2/Emilin2/Evpl/Vegfa/S100a9/F3/Thbs1/Cadm4/Angpt2/Serpine1/Gata4/Cldn3/Ext1/Slc4a1/Syt11/Ppl/Pdpn/Tnfrsf12a/Angptl4/Cxcr4/Cxadr/Slc6a4/F2r/F2rl2/Tfpi2/Chmp1b/Comp/Il6/Kng2/Nfatc1/Rab3a/Arhgap24/Pparg",39
"GO:0014820","tonic smooth muscle contraction","5/1357","14/25615",0.357142857142857,6.74149910516896,5.08231975254642,0.000554559853144362,0.00617416377226929,0.00617416377226929,"Agt/Cd38/Nmu/Edn1/Cacna1g",5
"GO:0070493","thrombin-activated receptor signaling pathway","5/1357","14/25615",0.357142857142857,6.74149910516896,5.08231975254642,0.000554559853144362,0.00617416377226929,0.00617416377226929,"Serpine1/F2r/F2rl2/Snca/Iqgap2",5
"GO:1990839","response to endothelin","5/1357","14/25615",0.357142857142857,6.74149910516896,5.08231975254642,0.000554559853144362,0.00617416377226929,0.00617416377226929,"Klf2/Ednrb/Klf11/Prkd1/Klf15",5
"GO:0050864","regulation of B cell activation","18/1357","143/25615",0.125874125874126,2.37602485944417,3.9026886579699,0.000572410284012249,0.00636187485206694,0.00636187485206694,"Spi1/Cdkn1a/Shld3/Prdm1/Cd38/Clcf1/Zfp36l1/Gpr183/Ndfip1/Mif/Id2/Flt3/Prlr/Mmp14/Cd19/Il6/Mad2l2/Ada",18
"GO:0015698","inorganic anion transport","21/1357","180/25615",0.116666666666667,2.20222304102186,3.82830525250958,0.000585037864760113,0.006490990057373,0.006490990057373,"Apol11b/Slc25a30/Vdr/Slc37a2/Gabra3/Gabre/Cldn3/Clca1/Cftr/Abcb1a/Atp8b1/Slc4a8/Slc4a1/Cebpb/Clic5/Prkg2/Slc6a2/P2rx5/Best1/Ano7/Slc1a7",21
"GO:0035929","steroid hormone secretion","8/1357","37/25615",0.216216216216216,4.08133999880499,4.43617145130995,0.000591903313232551,0.00652210443260019,0.00652210443260019,"Agt/Bmp6/Retn/Spp1/Abcb1a/Tac1/Ecrg4/Cry2",8
"GO:0051281","positive regulation of release of sequestered calcium ion into cytosol","8/1357","37/25615",0.216216216216216,4.08133999880499,4.43617145130995,0.000591903313232551,0.00652210443260019,0.00652210443260019,"Trpc1/Cemip/Bax/Bdkrb1/F2r/Gsto1/Cd19/Snca",8
"GO:0051341","regulation of oxidoreductase activity","8/1357","37/25615",0.216216216216216,4.08133999880499,4.43617145130995,0.000591903313232551,0.00652210443260019,0.00652210443260019,"Mt3/Ptk2b/Slc4a1/Ripk3/Park7/Arg2/Gch1/Prdx5",8
"GO:0090183","regulation of kidney development","8/1357","37/25615",0.216216216216216,4.08133999880499,4.43617145130995,0.000591903313232551,0.00652210443260019,0.00652210443260019,"Agt/Ppp3ca/Adipoq/Sox9/Vegfa/Six1/Osr1/Bmp4",8
"GO:0010001","glial cell differentiation","30/1357","298/25615",0.100671140939597,1.90028833836978,3.6973006443535,0.000596400491537846,0.00656040540691631,0.00656040540691631,"Gba1/Eif2b2/Agt/Egr2/Ror1/Sox9/Bmp2/S100a9/Mdk/Adgrg6/Clcf1/Il33/Ncmap/Bnip3/Ccdc85c/Cdkn2c/Cxcr4/Zfp365/Ndrg1/S100a8/Hes1/Id2/Gstp1/Epha4/Adam22/Gap43/Bmp4/Cdk5/Klf15/Pparg",30
"GO:0009895","negative regulation of catabolic process","38/1357","410/25615",0.0926829268292683,1.74950123119507,3.61844569030674,0.000620102779497138,0.00680592205246386,0.00680592205246386,"Hmox1/Adra2a/Cidec/Mt3/Sgms1os1/Ctsa/Rragb/Nmnat1/Lepr/Vegfa/Marchf7/Ier3/Dap/Bscl2/Gata4/Rps7/Atp2b4/Eif3h/Slc4a1/Deptor/Rpl11/Zar1/Ybx1/Nrbp2/Tent5c/Agap2/Nos2/Nqo1/Hcar2/Zfp36/Park7/Ppargc1a/Slirp/Pde3b/Ddit4/Snca/Mad2l2/Tpt1",38
"GO:1905330","regulation of morphogenesis of an epithelium","12/1357","76/25615",0.157894736842105,2.98045223596944,4.08950134455283,0.000620839091336212,0.00680592205246386,0.00680592205246386,"Agt/Ar/Sox9/Vegfa/Mdk/Six1/Lcn2/Hgf/Sulf1/Tbx2/Bmp4/Fgf7",12
"GO:0042698","ovulation cycle","13/1357","87/25615",0.149425287356322,2.82058123480633,4.02311478082271,0.000645034579744304,0.00705911778582182,0.00705911778582182,"Agt/Retn/Mdk/Ncoa1/Bmpr1b/Mmp2/Tnfaip6/Ereg/Mstn/Afp/Gas2/Car2/Adamts1",13
"GO:0034204","lipid translocation","11/1357","66/25615",0.166666666666667,3.14603291574552,4.1287874317523,0.000647842132255358,0.00707778547212316,0.00707778547212316,"Xkr6/Tmem63b/Abca7/Vmp1/Abcb1a/Atp8b1/Atg9b/Slc4a1/Abcb4/Ano7/Plscr2",11
"GO:0007565","female pregnancy","25/1357","233/25615",0.107296137339056,2.02534307880613,3.71865060798961,0.00065957107814523,0.00718212257741799,0.007182122577418,"Adra2a/Ar/Acvr2b/Thbd/Vdr/Vegfa/Prdm1/Ptgs2/Mmp2/Mmp9/Tle6/Junb/Angpt2/Vmp1/Epor/Errfi1/Mstn/Bsg/Akr1c18/Slc2a1/Klf9/Stc1/Cited2/Fos/Ythdf3",25
"GO:0061326","renal tubule development","16/1357","121/25615",0.132231404958678,2.49602611497165,3.90134178942408,0.00065962831890981,0.00718212257741799,0.007182122577418,"Cited1/Irx1/Agt/Sox9/Bmp2/Irx2/Npnt/Fmn1/Vegfa/Pgf/Six1/Cd24a/Hes1/Heyl/Osr1/Bmp4",16
"GO:0003014","renal system process","18/1357","145/25615",0.124137931034483,2.34325210276218,3.83643803764277,0.000676177886380152,0.00734475416514339,0.00734475416514339,"Npr3/Agt/Ppp3ca/Adipoq/Adm2/Itga3/Xpnpep3/Aqp3/Oit3/Btc/Slc4a1/Sulf1/Ednrb/Adm/Edn1/Stc1/F2r/Bmp4",18
"GO:0006633","fatty acid biosynthetic process","21/1357","182/25615",0.115384615384615,2.17802278782382,3.77217402752994,0.000676851566899889,0.00734475416514339,0.00734475416514339,"Lpl/Agt/Hacd1/Pdk4/Ptgs1/Ptgs2/Insig1/Acss2/Fads3/Scd1/Tecr/Angptl4/Trib3/Edn1/Elovl4/Gstm1/Mif/Gstp1/Sphk1/Scp2/Fabp5",21
"GO:0009165","nucleotide biosynthetic process","26/1357","247/25615",0.105263157894737,1.98696815731296,3.68646091619225,0.000694320884504477,0.00750895178797434,0.00750895178797434,"Sdhb/Npr3/Gucy1a1/Adcyap1r1/Atp5po/Atpsckmt/Mthfd2l/Nmnat1/Ak4/Ndufa11/Adcy1/Atp5f1e/Ldhd/Ednrb/Ndufb7/Ndufs8/Eno1/Adss1/Ndufv3/Ndufb4/Aldoa/Qprt/Nudt2/Atp5if1/Ada/Cda",26
"GO:0019722","calcium-mediated signaling","26/1357","247/25615",0.105263157894737,1.98696815731296,3.68646091619225,0.000694320884504477,0.00750895178797434,0.00750895178797434,"Calcr/Camta1/Ppp3ca/Tnfsf11/Cdh13/Egln1/Tmem38b/Atp2b4/Ednrb/Cp/Prnp/Ccr3/Cxcr4/Edn1/Casq2/Tmem38a/Sphk1/Gsto1/Ramp3/Selenok/Kcnj8/Prkd1/Ccl3/Nfatc1/Ada/Itpr2",26
"GO:0010658","striated muscle cell apoptotic process","12/1357","77/25615",0.155844155844156,2.94174506407373,4.0359452085833,0.000700567110603592,0.0075637699470882,0.0075637699470882,"Agt/Mdk/Acot1/Nkx2-5/Gata6/Gata4/Sfrp2/Bnip3/Mapk8/Hspb6/Gch1/Atp5if1",12
"GO:0070374","positive regulation of ERK1 and ERK2 cascade","24/1357","221/25615",0.108597285067873,2.04990380030477,3.70750049348647,0.000705258980413342,0.00760165048687132,0.00760165048687132,"Fgf18/Calcr/Bmp2/Tnfsf11/Mt3/Abca7/Npnt/Ptk2b/Vegfa/Ffar4/Epor/Gpr183/Gcnt2/Cxcr4/F2r/Mif/Rap1a/Ramp3/Fgfbp3/Mturn/Il6/Bmp4/Ccl3/Ccn2",24
"GO:0090276","regulation of peptide hormone secretion","28/1357","274/25615",0.102189781021898,1.9289544884863,3.65644440914061,0.000706754898287328,0.00760501418190585,0.00760501418190585,"Agt/Adra2a/Ppp3ca/Tnfsf11/Uqcc2/Glp1r/Lepr/Pck2/Cd38/Ffar4/Vsnl1/Clcf1/Hmgn3/Ptprv/Slc9b2/Sybu/Nmu/Pim3/Ecrg4/Rapgef4/Camk2n1/Nos2/Aldoa/Prkd1/Il6/Pde3b/Pparg/Gpr68",28
"GO:0048147","negative regulation of fibroblast proliferation","8/1357","38/25615",0.210526315789474,3.97393631462592,4.33910131995644,0.000715300532049774,0.00768069171250036,0.00768069171250037,"Pmaip1/Ifi30/Mmp9/Bax/Fth1/Pex2/Gstp1/Pparg",8
"GO:0014033","neural crest cell differentiation","14/1357","99/25615",0.141414141414141,2.66936126184468,3.93606953792783,0.000716179068460106,0.00768069171250036,0.00768069171250037,"Cfl1/Sox9/Sema3c/Sema4g/Frzb/Six1/Ext1/Ednrb/Foxc1/Edn1/Hes1/Nrtn/Cited2/Bmp4",14
"GO:0046364","monosaccharide biosynthetic process","16/1357","122/25615",0.131147540983607,2.47556688452106,3.86393198302708,0.000722578461119318,0.0077364067237175,0.0077364067237175,"Atf3/Pck1/Sord/Adipoq/Lepr/Pcx/Pck2/Aldoc/Eno1/Sesn2/Gapdh/Pgam1/Gsto1/Ppargc1a/Il6/Acadm",16
"GO:0001881","receptor recycling","11/1357","67/25615",0.164179104477612,3.09907720058514,4.06900749376579,0.000738552677564305,0.0078420866126828,0.0078420866126828,"Optn/Snx16/Atp6v1g1/Pheta2/Atp6v1d/Atp6v0b/Pex2/Ece1/Ramp3/Snca/Atp6v1a",11
"GO:0006693","prostaglandin metabolic process","11/1357","67/25615",0.164179104477612,3.09907720058514,4.06900749376579,0.000738552677564305,0.0078420866126828,0.0078420866126828,"Ptgs1/Ptgs2/Pdpn/Akr1c18/Edn1/Gstm1/Mif/Gstp1/Sphk1/Cyp2s1/Fabp5",11
"GO:0034198","cellular response to amino acid starvation","11/1357","67/25615",0.164179104477612,3.09907720058514,4.06900749376579,0.000738552677564305,0.0078420866126828,0.0078420866126828,"Atf3/Cdkn1a/Rragb/Rpl17/Pim1/Tfeb/Map1lc3a/Sesn2/Mapk8/Rnf167/Prkd1",11
"GO:0045778","positive regulation of ossification","11/1357","67/25615",0.164179104477612,3.09907720058514,4.06900749376579,0.000738552677564305,0.0078420866126828,0.0078420866126828,"Acvr2b/Bmp6/Bmp2/Vdr/Bmpr1b/Tac1/Thrb/Osr1/Ccn1/Bmp4/Runx2",11
"GO:0060688","regulation of morphogenesis of a branching structure","11/1357","67/25615",0.164179104477612,3.09907720058514,4.06900749376579,0.000738552677564305,0.0078420866126828,0.0078420866126828,"Agt/Ar/Sox9/Vegfa/Mdk/Pgf/Six1/Hgf/Sulf1/Bmp4/Fgf7",11
"GO:0009743","response to carbohydrate","30/1357","302/25615",0.0993377483443709,1.87511895640461,3.61826094004712,0.000741625196896858,0.0078617166086888,0.0078617166086888,"Khk/Pck1/Eif2b2/Agt/Adra2a/Acvr2b/Ppp3ca/Adipoq/Glp1r/Lepr/Pck2/Vsnl1/Thbs1/Angpt2/Hmgn3/Lcn2/Hid1/Zfp36l1/Star/Slc9b2/Sybu/Gclm/Pim3/Camk2n1/Aldoa/Gstp1/Rap1a/Sesn2/Pde3b/Gpr68",30
"GO:0045687","positive regulation of glial cell differentiation","10/1357","57/25615",0.175438596491228,3.3116135955216,4.13228593986889,0.000745380068849845,0.00788850339751467,0.00788850339751467,"Egr2/Bmp2/Mdk/Clcf1/Il33/Cxcr4/Zfp365/Hes1/Id2/Pparg",10
"GO:0034284","response to monosaccharide","28/1357","275/25615",0.101818181818182,1.92194010852817,3.63552287287823,0.000748064323042805,0.00790389015004438,0.00790389015004438,"Khk/Pck1/Eif2b2/Agt/Adra2a/Acvr2b/Ppp3ca/Adipoq/Glp1r/Lepr/Pck2/Vsnl1/Thbs1/Angpt2/Hmgn3/Lcn2/Hid1/Star/Slc9b2/Sybu/Gclm/Pim3/Camk2n1/Aldoa/Gstp1/Sesn2/Pde3b/Gpr68",28
"GO:0007189","adenylate cyclase-activating G protein-coupled receptor signaling pathway","23/1357","209/25615",0.110047846889952,2.07728489173627,3.69859429907186,0.000750905986831921,0.0079208867970579,0.0079208867970579,"Pde3a/Arrdc3/Adgrg2/Agt/Adra2a/Calcr/Adcyap1r1/Adm2/Glp1r/Lpar3/Pde4b/Ffar4/Adgrg6/Adcy1/Tac1/Atp2b4/Adgrl3/Lpar2/Adm/Rapgef4/Rap1a/Ramp3/Gpr68",23
"GO:0046486","glycerolipid metabolic process","37/1357","400/25615",0.0925,1.74604826823876,3.55687470215005,0.000752743858686109,0.00792725663639273,0.00792725663639273,"Sh3yl1/Fabp3/Liph/Lpl/Pck1/Gpat3/Pip5k1a/Cidec/Mttp/Atg14/Pnpla6/Pip5k1b/Gk5/Abhd4/Pck2/Insig1/Pgap4/Bscl2/Lmf1/Scd1/Plcl1/Napepld/Tmem150a/Mboat2/Lpcat4/Thrb/Agap2/Thrsp/Slc27a1/Scp2/Fabp4/Gdpd2/Plpp1/Gdpd1/Pitpnm1/Fgf7/Fabp5",37
"GO:0032635","interleukin-6 production","20/1357","171/25615",0.116959064327485,2.2077423970144,3.74783795017541,0.000756819415025596,0.00794413059170659,0.00794413059170659,"Lpl/Gba1/Il17d/Spon2/Tslp/Klf2/Ereg/Hgf/Il33/Cebpb/Syt11/Bsg/Cd24a/Nos2/F2r/Flt3/Prg4/Ccn1/Selenok/Il6",20
"GO:0032675","regulation of interleukin-6 production","20/1357","171/25615",0.116959064327485,2.2077423970144,3.74783795017541,0.000756819415025596,0.00794413059170659,0.00794413059170659,"Lpl/Gba1/Il17d/Spon2/Tslp/Klf2/Ereg/Hgf/Il33/Cebpb/Syt11/Bsg/Cd24a/Nos2/F2r/Flt3/Prg4/Ccn1/Selenok/Il6",20
"GO:0045786","negative regulation of cell cycle","36/1357","386/25615",0.0932642487046632,1.76047437772288,3.56065052977624,0.000759243921990952,0.00795657904546473,0.00795657904546473,"Gpr15lg/Tom1l1/Nr4a1/Sox2/Cdkn1a/Znhit1/Bmp2/Cdk2ap2/Syf2/Ptgs2/Ier3/Rad17/Rgcc/Miip/Cdkn1c/Ptprk/Brinp1/Zfp36l1/Ptprv/Creb3l1/Rad21/Btg3/Naa10/Cdkn2c/Rhob/Foxc1/Plk3/Nek1/Fhl1/Abraxas1/Grb14/Dusp1/Rnf167/Ppp2r5b/Bmp4/Cdk5",36
"GO:0010586","miRNA metabolic process","15/1357","111/25615",0.135135135135135,2.55083749925312,3.87279727278449,0.000763726598106422,0.0079775279125783,0.0079775279125783,"Agt/Spi1/Ar/Gnl3/Sox9/Bmp2/Elob/Gata6/Gata4/Smad6/Fos/Il6/Atoh8/Bmp4/Pparg",15
"GO:0070167","regulation of biomineral tissue development","15/1357","111/25615",0.135135135135135,2.55083749925312,3.87279727278449,0.000763726598106422,0.0079775279125783,0.0079775279125783,"Acvr2b/Bmp6/Sox9/Bmp2/Vdr/Ptk2b/Adgrg6/Bmpr1b/Ecm1/Cftr/Cebpb/Osr1/Ccn1/Comp/Bmp4",15
"GO:0044703","multi-organism reproductive process","27/1357","262/25615",0.103053435114504,1.94525699370524,3.63736595260392,0.000767156999040873,0.00800035156142625,0.00800035156142625,"Adra2a/Ar/Acvr2b/Thbd/Vdr/Ropn1l/Vegfa/Prdm1/Ptgs2/Mmp2/Mmp9/Tle6/Junb/Angpt2/Vmp1/Epor/Errfi1/Mstn/Bsg/Akr1c18/Slc2a1/Edn1/Klf9/Stc1/Cited2/Fos/Ythdf3",27
"GO:0032354","response to follicle-stimulating hormone","6/1357","22/25615",0.272727272727273,5.14805386212903,4.60358598952501,0.000782876466916008,0.00812471473904432,0.00812471473904432,"Gata4/Star/Gclm/Akr1c18/Edn1/Ppargc1a",6
"GO:0060749","mammary gland alveolus development","6/1357","22/25615",0.272727272727273,5.14805386212903,4.60358598952501,0.000782876466916008,0.00812471473904432,0.00812471473904432,"Ar/Tnfsf11/Vegfa/Agap2/Id2/Prlr",6
"GO:0061377","mammary gland lobule development","6/1357","22/25615",0.272727272727273,5.14805386212903,4.60358598952501,0.000782876466916008,0.00812471473904432,0.00812471473904432,"Ar/Tnfsf11/Vegfa/Agap2/Id2/Prlr",6
"GO:0009913","epidermal cell differentiation","28/1357","276/25615",0.101449275362319,1.91497655741031,3.61468871300602,0.000791468727082704,0.00819166112448731,0.00819166112448731,"Sprr2h/Sprr2e/Cdkn1a/Pls1/Ppp3ca/Msx2/Vdr/Evpl/Ptgs1/Ptgs2/Sprr1a/Gata6/Errfi1/Zfp36l1/Ripor2/Krt7/Ppl/Cdh3/Clic5/Foxc1/Hes1/Zfp36/Dlx3/Cyp26b1/Bmp4/Gfi1/Fosl2/Whrn",28
"GO:0061684","chaperone-mediated autophagy","5/1357","15/25615",0.333333333333333,6.29206583149103,4.84899811693267,0.000795682896771148,0.00819166112448731,0.00819166112448731,"Ctsa/Atg9b/Plk3/Zdhhc12/Snca",5
"GO:1901201","regulation of extracellular matrix assembly","5/1357","15/25615",0.333333333333333,6.29206583149103,4.84899811693267,0.000795682896771148,0.00819166112448731,0.00819166112448731,"Agt/Sox9/Rgcc/Mad2l2/Pparg",5
"GO:2000136","regulation of cell proliferation involved in heart morphogenesis","5/1357","15/25615",0.333333333333333,6.29206583149103,4.84899811693267,0.000795682896771148,0.00819166112448731,0.00819166112448731,"Sox9/Six1/Pim1/Gng5/Hes1",5
"GO:0002040","sprouting angiogenesis","18/1357","147/25615",0.122448979591837,2.31137112177222,3.77127318381494,0.000795703073113337,0.00819166112448731,0.00819166112448731,"Hmox1/Nr4a1/S100a1/Plk2/Cdh13/Ptk2b/Rspo3/Vegfa/Ptgs2/Klf2/Loxl2/Adgrg6/Thbs1/Pgf/Slit2/Creb3l1/Flt1/Bmp4",18
"GO:0035357","peroxisome proliferator activated receptor signaling pathway","7/1357","30/25615",0.233333333333333,4.40444608204372,4.41281283519813,0.000800522510117886,0.00821494665335032,0.00821494665335032,"Jund/Bmp2/Ncoa1/Cited2/Stard10/Fabp5/Pparg",7
"GO:2000831","regulation of steroid hormone secretion","7/1357","30/25615",0.233333333333333,4.40444608204372,4.41281283519813,0.000800522510117886,0.00821494665335032,0.00821494665335032,"Agt/Bmp6/Retn/Spp1/Tac1/Ecrg4/Cry2",7
"GO:1901605","alpha-amino acid metabolic process","23/1357","210/25615",0.10952380952381,2.06739305891848,3.67346200829361,0.000801956220995049,0.00821653391335279,0.00821653391335279,"Crtap/Adi1/Cth/Kyat3/P4ha2/Atp2b4/Gcat/Gclm/Hao1/Adss1/Dhps/Nos2/Slc39a8/Qprt/Aldh6a1/Park7/Arg2/Gls2/Fah/Ero1a/Arg1/Htatip2/Hoga1",23
"GO:0042593","glucose homeostasis","33/1357","345/25615",0.0956521739130435,1.8055493255583,3.56287179804019,0.000803343135640429,0.00821763742572311,0.00821763742572311,"Pck1/Agt/Adra2a/Ppp3ca/Adipoq/Pdk4/Lepr/Pck2/Vsnl1/Hmgn3/Ptprv/Star/Slc9b2/Sybu/Cp/Gclm/Pim3/Dhps/Camk2n1/Aldoa/Appl2/Slc2a4/Sesn2/Park7/Il6/Pde3b/Klf15/Cry2/Fabp5/Fosl2/Pparg/Gpr68/Vgf",33
"GO:1903169","regulation of calcium ion transmembrane transport","20/1357","172/25615",0.116279069767442,2.19490668540385,3.71890587044224,0.000814682659554267,0.00832038379169572,0.00832038379169572,"Trpc1/Cemip/Adcyap1r1/Ppp3ca/Mcub/Pde4b/Ptk2b/Tmem38b/Bax/Prnp/Bdkrb1/Casq2/Tmem38a/P2rx5/F2r/Gsto1/Cd19/Prkd1/Bmp4/Snca",20
"GO:0008207","C21-steroid hormone metabolic process","9/1357","48/25615",0.1875,3.53928703021371,4.16479527431799,0.000825183497302558,0.00841425204233593,0.00841425204233593,"Bmp6/Bmp2/Star/Afp/Ednrb/Akr1c18/Scp2/Ppargc1a/Cyp46a1",9
"GO:0060759","regulation of response to cytokine stimulus","21/1357","185/25615",0.113513513513514,2.14270349937262,3.68932888432653,0.000837875717454445,0.00850683322930603,0.00850683322930603,"Adipoq/Peli3/Rnf113a2/Tslp/Crebrf/Ecm1/Slit2/Ext1/Hpx/Cd24a/Cxcr4/Edn1/H2bc21/Sphk1/Otop1/Il6/Arg1/Gfi1/Ythdf3/Pparg/Hspa1a",21
"GO:0001836","release of cytochrome c from mitochondria","11/1357","68/25615",0.161764705882353,3.05350253587065,4.01033706712431,0.000839559817462644,0.00850683322930603,0.00850683322930603,"Ghitm/Pmaip1/Higd1a/Mmp9/Bax/Mllt11/Hgf/Bnip3/Ggct/Bbc3/Fam162a",11
"GO:0006692","prostanoid metabolic process","11/1357","68/25615",0.161764705882353,3.05350253587065,4.01033706712431,0.000839559817462644,0.00850683322930603,0.00850683322930603,"Ptgs1/Ptgs2/Pdpn/Akr1c18/Edn1/Gstm1/Mif/Gstp1/Sphk1/Cyp2s1/Fabp5",11
"GO:0035924","cellular response to vascular endothelial growth factor stimulus","11/1357","68/25615",0.161764705882353,3.05350253587065,4.01033706712431,0.000839559817462644,0.00850683322930603,0.00850683322930603,"Nr4a1/Dcn/Vegfa/Cadm4/Pgf/Atp2b4/Hspb1/Flt1/Foxc1/Sphk1/Prkd1",11
"GO:0090181","regulation of cholesterol metabolic process","10/1357","58/25615",0.172413793103448,3.25451680939191,4.06549722126507,0.000858526429448252,0.00864504987060956,0.00864504987060956,"Pck1/Agt/Ces1a/Insig1/Lmf1/Ephx2/Marchf6/Thrb/Pex2/Scp2",10
"GO:0003203","endocardial cushion morphogenesis","8/1357","39/25615",0.205128205128205,3.87204051168679,4.24529314110245,0.000858583720026292,0.00864504987060956,0.00864504987060956,"Msx1/Sox9/Bmp2/Msx2/Tbx20/Tbx2/Adamts5/Heyl",8
"GO:0032967","positive regulation of collagen biosynthetic process","8/1357","39/25615",0.205128205128205,3.87204051168679,4.24529314110245,0.000858583720026292,0.00864504987060956,0.00864504987060956,"Serpine1/Rgcc/Creb3l1/Tnfrsf12a/F2r/Bmp4/Ccn2/Prdx5",8
"GO:0071549","cellular response to dexamethasone stimulus","8/1357","39/25615",0.205128205128205,3.87204051168679,4.24529314110245,0.000858583720026292,0.00864504987060956,0.00864504987060956,"Pck1/Pck2/Errfi1/Mstn/Star/Tbx2/Ddit4/Bmp4",8
"GO:0015918","sterol transport","16/1357","124/25615",0.129032258064516,2.43563838638363,3.79021284174647,0.000863947661946938,0.00868544566564496,0.00868544566564496,"Adipoq/Eepd1/Mttp/Abca7/Abca8b/Vapa/Abca5/Ces1a/Cftr/Gramd1c/Star/Osbpl6/Abca8a/Scp2/Abcb4/Pparg",16
"GO:0001938","positive regulation of endothelial cell proliferation","14/1357","101/25615",0.138613861386139,2.61650262299627,3.84989562548582,0.000876450735265685,0.00879737425522931,0.00879737425522932,"Hmox1/Nr4a1/Bmp6/Cdh13/Vegfa/F3/Mdk/Ecm1/Pgf/Ccr3/Pold4/Prkd1/Arg1/Bmp4",14
"GO:0072659","protein localization to plasma membrane","31/1357","319/25615",0.0971786833855799,1.83436401983908,3.54671354566345,0.000879534539071952,0.00881455519344496,0.00881455519344496,"Rab13/Pip5k1a/Ar/Pls1/Adipoq/Optn/Itga3/Lgals3/Tspan15/Ypel4/Stac2/Tmem59/Mest/Errfi1/Atp2b4/Vamp5/Sytl2/Slc4a1/Tmem150a/Prnp/Bsg/Prkg2/Epb41l3/Rap1a/Atp2c2/Sesn2/Mmp14/Scp2/Ramp3/Cdk5/Trarg1",31
"GO:0002763","positive regulation of myeloid leukocyte differentiation","12/1357","79/25615",0.151898734177215,2.86727050548959,3.93138411674321,0.000885865504624609,0.00886417445748986,0.00886417445748986,"Ppp3ca/Tnfsf11/Eeig1/Zfp36l1/Slc9b2/Ocstamp/Id2/Car2/Fos/Dcstamp/Ccl3/Gpr68",12
"GO:0070509","calcium ion import","13/1357","90/25615",0.144444444444444,2.72656186031278,3.88080349767484,0.000894777389114141,0.00893942449093195,0.00893942449093195,"Ppp3ca/Lgals3/Cacna1i/Serpine1/Ddit3/Prnp/Cxcr4/P2rx5/Hes1/Stc1/Atp2c2/Cacna1g/Cdk5",13
"GO:0031589","cell-substrate adhesion","36/1357","390/25615",0.0923076923076923,1.74241823025906,3.49435057671457,0.000913806653821801,0.0091153632673156,0.0091153632673156,"Cfl1/Pip5k1a/Agt/Rell2/Itga3/Hacd1/Cdh13/Npnt/Ptk2b/Fmn1/Vegfa/Mdk/Spp1/Thbs1/Edil3/Itga10/Angpt2/Serpine1/Ptprk/Smad6/Ccdc80/Msln/Sorbs3/Gcnt2/Pdpn/Tnfrsf12a/Rpl29/Itga8/Smoc1/Itgb8/Ccn1/Mmp14/Gdpd2/Cdk5/Efna1/Ccn2",36
"GO:0001704","formation of primary germ layer","16/1357","125/25615",0.128,2.41615327929256,3.75388947552894,0.000943023342079702,0.0093922200767752,0.0093922200767752,"Sox2/Itga3/Dusp4/Mmp2/Mmp9/Gata6/Gata4/Sfrp2/Foxc1/Itga8/Dusp5/Col11a1/Dusp1/Mmp14/Atoh8/Bmp4",16
"GO:0006940","regulation of smooth muscle contraction","11/1357","69/25615",0.159420289855072,3.00924887593049,3.95273733710267,0.000951742648770334,0.00946319298604758,0.00946319298604758,"Gucy1a1/Adra2a/Ptgs1/Npnt/Ptgs2/Nmu/Flt1/Edn1/F2r/Sphk1/Ada",11
"GO:0046890","regulation of lipid biosynthetic process","25/1357","239/25615",0.104602510460251,1.97449764586539,3.5798867880082,0.000953095557592277,0.00946319298604758,0.00946319298604758,"Fabp3/Pck1/Agt/Bmp6/Bmp2/Pdk4/Ptgs2/Ces1a/Insig1/Bscl2/Star/Marchf6/Angptl4/Trib3/Akr1c18/Edn1/Pex2/Thrsp/Slc27a1/Ccn1/Sphk1/Scp2/Ppargc1a/Gfi1/Fabp5",25
"GO:0006644","phospholipid metabolic process","35/1357","377/25615",0.0928381962864721,1.75243212813411,3.48106128238438,0.0009662971185902,0.00957946402750531,0.00957946402750531,"Sh3yl1/Fabp3/Liph/Gpat3/Pip5k1a/Plppr3/Atg14/Abca8b/Plpp6/Pnpla6/Pip5k1b/Isyna1/Abhd4/Vapa/Tmem38b/Pgap4/Bscl2/Gata6/Plcl1/Napepld/Tmem150a/Mboat2/Lpcat4/Agap2/Smpd2/Plpp5/Abca8a/Scp2/Gdpd2/Plpp1/Gdpd1/Pitpnm1/Fgf7/Snca/Fabp5",35
"GO:0010463","mesenchymal cell proliferation","10/1357","59/25615",0.169491525423729,3.19935550753781,4.00014866186014,0.000985395985235171,0.00966732026880556,0.00966732026880556,"Msx1/Sox9/Bmp2/Vegfa/Prrx2/Six1/Tbx2/Osr1/Bmp4/Fgf7",10
"GO:0070169","positive regulation of biomineral tissue development","10/1357","59/25615",0.169491525423729,3.19935550753781,4.00014866186014,0.000985395985235171,0.00966732026880556,0.00966732026880556,"Acvr2b/Bmp6/Bmp2/Vdr/Bmpr1b/Cftr/Cebpb/Osr1/Ccn1/Bmp4",10
"GO:0099558","maintenance of synapse structure","10/1357","59/25615",0.169491525423729,3.19935550753781,4.00014866186014,0.000985395985235171,0.00966732026880556,0.00966732026880556,"C1ql3/C1ql1/Cadm1/Mpp2/Adgrl3/Cbln1/Sort1/Magi2/Erc2/Rab3a",10
"GO:0035809","regulation of urine volume","7/1357","31/25615",0.225806451612903,4.26236717617135,4.29863522470434,0.000987198333800817,0.00966732026880556,0.00966732026880556,"Npr3/Adm2/Btc/Slc4a1/Ednrb/Adm/Edn1",7
"GO:0050820","positive regulation of coagulation","7/1357","31/25615",0.225806451612903,4.26236717617135,4.29863522470434,0.000987198333800817,0.00966732026880556,0.00966732026880556,"Emilin2/S100a9/F3/Thbs1/Angpt2/Serpine1/F2r",7
"GO:1902042","negative regulation of extrinsic apoptotic signaling pathway via death domain receptors","7/1357","31/25615",0.225806451612903,4.26236717617135,4.29863522470434,0.000987198333800817,0.00966732026880556,0.00966732026880556,"Hmox1/Grina/Serpine1/Hgf/Sfrp2/Faim2/Park7",7
"GO:1903055","positive regulation of extracellular matrix organization","7/1357","31/25615",0.225806451612903,4.26236717617135,4.29863522470434,0.000987198333800817,0.00966732026880556,0.00966732026880556,"Agt/Sox9/Bmp2/Rgcc/Pdpn/Il6/Mad2l2",7
"GO:1904706","negative regulation of vascular associated smooth muscle cell proliferation","7/1357","31/25615",0.225806451612903,4.26236717617135,4.29863522470434,0.000987198333800817,0.00966732026880556,0.00966732026880556,"Hmox1/Cdkn1a/Adipoq/Rgs5/Gstp1/Park7/Pparg",7
"GO:0060986","endocrine hormone secretion","12/1357","80/25615",0.15,2.83142962417097,3.88032791224561,0.000992820589063169,0.00970628042628405,0.00970628042628405,"Inha/Agt/Bmp6/Vdr/Retn/Spp1/Abcb1a/Tac1/Ecrg4/Hcar2/Cry2/Pparg",12
"GO:0030500","regulation of bone mineralization","13/1357","91/25615",0.142857142857143,2.69659964206759,3.83465970426356,0.000994198711160477,0.00970628042628405,0.00970628042628405,"Acvr2b/Bmp6/Sox9/Bmp2/Vdr/Ptk2b/Adgrg6/Bmpr1b/Ecm1/Osr1/Ccn1/Comp/Bmp4",13
"GO:0034219","carbohydrate transmembrane transport","18/1357","150/25615",0.12,2.26514369933677,3.67548603339986,0.00100872646151723,0.00977678124905681,0.00977678124905681,"Adipoq/Ffar4/Aqp3/Slc2a8/Trib3/Slc2a1/Edn1/Sort1/Ocln/Appl2/Slc2a4/Rap1a/Slc27a1/Sesn2/Klf15/Tmem144/Fabp5/Trarg1",18
"GO:0060993","kidney morphogenesis","15/1357","114/25615",0.131578947368421,2.4837101966412,3.75512183226636,0.00101013618355942,0.00977678124905681,0.00977678124905681,"Cited1/Irx1/Agt/Ppp3ca/Sox9/Bmp2/Irx2/Npnt/Fmn1/Vegfa/Pgf/Six1/Hes1/Osr1/Bmp4",15
"GO:0010976","positive regulation of neuron projection development","25/1357","240/25615",0.104166666666667,1.96627057234095,3.55715245845926,0.00101168224109074,0.00977678124905681,0.00977678124905681,"Agt/Neu1/Itga3/Zfp804a/Ptk2b/S100a9/Mdk/Fzd1/Dvl1/Ankrd1/Epor/Hgf/Hspb1/Ptprd/Serpini1/Magi2/Vldlr/Rap1a/Sphk1/Mapre3/Ppp2r5b/Prkd1/Il6/Bmp4/Adamts1",25
"GO:0030728","ovulation","6/1357","23/25615",0.260869565217391,4.92422543334081,4.45314547842312,0.00101207340140454,0.00977678124905681,0.00977678124905681,"Agt/Mmp2/Ereg/Afp/Gas2/Adamts1",6
"GO:0042481","regulation of odontogenesis","6/1357","23/25615",0.260869565217391,4.92422543334081,4.45314547842312,0.00101207340140454,0.00977678124905681,0.00977678124905681,"Msx1/Bmp2/Edn1/Ift88/Bmp4/Runx2",6
"GO:0061318","renal filtration cell differentiation","6/1357","23/25615",0.260869565217391,4.92422543334081,4.45314547842312,0.00101207340140454,0.00977678124905681,0.00977678124905681,"Ext1/Ednrb/Cd24a/Edn1/Magi2/Klf15",6
"GO:0072112","podocyte differentiation","6/1357","23/25615",0.260869565217391,4.92422543334081,4.45314547842312,0.00101207340140454,0.00977678124905681,0.00977678124905681,"Ext1/Ednrb/Cd24a/Edn1/Magi2/Klf15",6
"GO:0001958","endochondral ossification","8/1357","40/25615",0.2,3.77523949889462,4.15454792402265,0.00102399947846338,0.00986227694639777,0.00986227694639777,"Fgf18/Bmp6/Ext1/Foxc1/Col10a1/Mmp14/Bmp4/Runx2",8
"GO:0036075","replacement ossification","8/1357","40/25615",0.2,3.77523949889462,4.15454792402265,0.00102399947846338,0.00986227694639777,0.00986227694639777,"Fgf18/Bmp6/Ext1/Foxc1/Col10a1/Mmp14/Bmp4/Runx2",8
"GO:0033500","carbohydrate homeostasis","33/1357","350/25615",0.0942857142857143,1.77975576376461,3.47403424451678,0.0010255294209517,0.00986227694639777,0.00986227694639777,"Pck1/Agt/Adra2a/Ppp3ca/Adipoq/Pdk4/Lepr/Pck2/Vsnl1/Hmgn3/Ptprv/Star/Slc9b2/Sybu/Cp/Gclm/Pim3/Dhps/Camk2n1/Aldoa/Appl2/Slc2a4/Sesn2/Park7/Il6/Pde3b/Klf15/Cry2/Fabp5/Fosl2/Pparg/Gpr68/Vgf",33
"GO:0051048","negative regulation of secretion","24/1357","227/25615",0.105726872246696,1.99572132100156,3.563999389328,0.00102785291371186,0.00986984621477579,0.00986984621477579,"Inha/Hmox1/Adra2a/Spi1/Ppp3ca/Adipoq/Ptgs1/Ffar4/Vsnl1/Dph3/Ptprv/Nmu/Syt11/Pim3/Edn1/F2r/Rap1a/Il6/Pde3b/Cdk5/Snca/Cry2/Ada/Pparg",24
"GO:0045776","negative regulation of blood pressure","11/1357","70/25615",0.157142857142857,2.96625960627434,3.89617140360634,0.00107602685241865,0.0103170097013991,0.0103170097013991,"Agt/Adipoq/Adm2/Ier3/Bdkrb2/Tac1/Abcc9/Bdkrb1/Nos2/Nedd4l/Gch1",11
"GO:0009746","response to hexose","27/1357","268/25615",0.100746268656716,1.90170646399542,3.50970349480583,0.0010784251925055,0.0103245952856264,0.0103245952856264,"Khk/Pck1/Eif2b2/Agt/Adra2a/Acvr2b/Ppp3ca/Adipoq/Glp1r/Lepr/Pck2/Vsnl1/Thbs1/Angpt2/Hmgn3/Lcn2/Hid1/Star/Slc9b2/Sybu/Gclm/Pim3/Camk2n1/Aldoa/Sesn2/Pde3b/Gpr68",27
"GO:0019319","hexose biosynthetic process","15/1357","115/25615",0.130434782608696,2.4621127166704,3.71672830358935,0.00110590251527934,0.010505394725159,0.010505394725159,"Atf3/Pck1/Sord/Adipoq/Lepr/Pcx/Pck2/Aldoc/Eno1/Sesn2/Gapdh/Pgam1/Ppargc1a/Il6/Acadm",15
"GO:0003188","heart valve formation","5/1357","16/25615",0.3125,5.89881171702284,4.63596736032494,0.0011071220779783,0.010505394725159,0.010505394725159,"Sox9/Gata4/Tbx20/Zfpm1/Efna1",5
"GO:0038092","nodal signaling pathway","5/1357","16/25615",0.3125,5.89881171702284,4.63596736032494,0.0011071220779783,0.010505394725159,0.010505394725159,"Dand5/Zic2/Dact2/Cited2/Tgif1",5
"GO:0046185","aldehyde catabolic process","5/1357","16/25615",0.3125,5.89881171702284,4.63596736032494,0.0011071220779783,0.010505394725159,0.010505394725159,"Hagh/Esd/Park7/Hoga1/Aldh2",5
"GO:0061323","cell proliferation involved in heart morphogenesis","5/1357","16/25615",0.3125,5.89881171702284,4.63596736032494,0.0011071220779783,0.010505394725159,0.010505394725159,"Sox9/Six1/Pim1/Gng5/Hes1",5
"GO:2000833","positive regulation of steroid hormone secretion","5/1357","16/25615",0.3125,5.89881171702284,4.63596736032494,0.0011071220779783,0.010505394725159,0.010505394725159,"Bmp6/Retn/Spp1/Tac1/Ecrg4",5
"GO:1903531","negative regulation of secretion by cell","22/1357","202/25615",0.108910891089109,2.05582348949707,3.56319973034167,0.00110894518444051,0.0105071738419555,0.0105071738419555,"Inha/Hmox1/Adra2a/Spi1/Ppp3ca/Adipoq/Ptgs1/Ffar4/Vsnl1/Dph3/Ptprv/Syt11/Pim3/Edn1/F2r/Rap1a/Il6/Pde3b/Cdk5/Snca/Cry2/Pparg",22
"GO:0072132","mesenchyme morphogenesis","10/1357","60/25615",0.166666666666667,3.14603291574552,3.93618219013187,0.00112721138630474,0.0106645153838316,0.0106645153838316,"Msx1/Sox9/Bmp2/Msx2/Tbx20/Tbx2/Foxc1/Adamts5/Heyl/Osr1",10
"GO:0072331","signal transduction by p53 class mediator","20/1357","177/25615",0.112994350282486,2.13290367169188,3.57716741946405,0.00116458361670516,0.0110018899319322,0.0110018899319322,"Msx1/Cdkn1a/Mlf1/Pmaip1/Znhit1/Marchf7/Bax/Ankrd1/Bdkrb2/Rpl26/Rps7/Ptprv/Rpl11/Bbc3/Ndrg1/Pla2r1/Mif/Sesn2/Ppp1r15a/Ddit4",20
"GO:0009267","cellular response to starvation","22/1357","203/25615",0.108374384236453,2.0456962801892,3.53781638765047,0.00118298201750417,0.0111429273906844,0.0111429273906844,"Atf3/Gba1/Pck1/Cdkn1a/Pmaip1/Higd1a/Atg14/Rragb/Pdk4/Rpl17/Wdr45/Pim1/Tfeb/Angptl4/Slc2a1/Map1lc3a/Fos/Sesn2/Mapk8/Rnf167/Prkd1/Wipi1",22
"GO:0055088","lipid homeostasis","22/1357","203/25615",0.108374384236453,2.0456962801892,3.53781638765047,0.00118298201750417,0.0111429273906844,0.0111429273906844,"Fabp3/Lpl/Mttp/Plpp6/Abhd4/Vapa/Abca5/Ces1a/Insig1/Mtln/Errfi1/Ephx2/Scd1/Tlcd4/Cd24a/Angptl4/Pex2/Tlcd1/Sesn2/Fabp4/Abcb4/Osbpl9",22
"GO:0002828","regulation of type 2 immune response","7/1357","32/25615",0.21875,4.12916820191599,4.18918261618167,0.00120646187233286,0.0112649870172475,0.0112649870172475,"Ecm1/Clcf1/Il33/Ndfip1/Arg2/Il6/Arg1",7
"GO:0010460","positive regulation of heart rate","7/1357","32/25615",0.21875,4.12916820191599,4.18918261618167,0.00120646187233286,0.0112649870172475,0.0112649870172475,"Adm2/Rgs4/Nmu/Adm/Edn1/Gch1/Ada",7
"GO:0017121","plasma membrane phospholipid scrambling","7/1357","32/25615",0.21875,4.12916820191599,4.18918261618167,0.00120646187233286,0.0112649870172475,0.0112649870172475,"Xkr6/Tmem63b/Vmp1/Atg9b/Slc4a1/Ano7/Plscr2",7
"GO:0035767","endothelial cell chemotaxis","7/1357","32/25615",0.21875,4.12916820191599,4.18918261618167,0.00120646187233286,0.0112649870172475,0.0112649870172475,"Rab13/Fgf18/Nr4a1/Vegfa/Thbs1/Hspb1/Prkd1",7
"GO:0046697","decidualization","7/1357","32/25615",0.21875,4.12916820191599,4.18918261618167,0.00120646187233286,0.0112649870172475,0.0112649870172475,"Vdr/Ptgs2/Junb/Epor/Bsg/Stc1/Cited2",7
"GO:0090280","positive regulation of calcium ion import","7/1357","32/25615",0.21875,4.12916820191599,4.18918261618167,0.00120646187233286,0.0112649870172475,0.0112649870172475,"Ppp3ca/Lgals3/Serpine1/Cxcr4/P2rx5/Stc1/Atp2c2",7
"GO:0010874","regulation of cholesterol efflux","8/1357","41/25615",0.195121951219512,3.68316048672646,4.06668354285844,0.00121392748172872,0.0113174422913681,0.0113174422913681,"Adipoq/Eepd1/Abca7/Abca8b/Abca5/Ces1a/Abca8a/Pparg",8
"GO:0019218","regulation of steroid metabolic process","16/1357","128/25615",0.125,2.35952468680914,3.64698396658689,0.00121805718249664,0.0113174422913681,0.0113174422913681,"Pck1/Agt/Bmp6/Bmp2/Ces1a/Insig1/Lmf1/Ephx2/Star/Marchf6/Thrb/Akr1c18/Pex2/Scp2/Ppargc1a/Gfi1",16
"GO:0043534","blood vessel endothelial cell migration","16/1357","128/25615",0.125,2.35952468680914,3.64698396658689,0.00121805718249664,0.0113174422913681,0.0113174422913681,"Hmox1/Fgf18/Nr4a1/Plk2/Ptk2b/Vegfa/Ptgs2/Thbs1/Angpt2/Rgcc/Slit2/Atp2b4/Hspb1/Prkd1/Efna1/Pparg",16
"GO:0008203","cholesterol metabolic process","19/1357","165/25615",0.115151515151515,2.17362274178781,3.57707236208434,0.00122070961717775,0.0113174422913681,0.0113174422913681,"Gba1/Pck1/Agt/Mttp/Lepr/Abca5/Ces1a/Insig1/Cftr/Errfi1/Lmf1/Ephx2/Star/Marchf6/Thrb/Pex2/Vldlr/Scp2/Cyp46a1",19
"GO:0014855","striated muscle cell proliferation","13/1357","93/25615",0.139784946236559,2.6386082519156,3.7442116504012,0.00122088846636334,0.0113174422913681,0.0113174422913681,"Sugt1/Nkx2-5/Gata6/Gata4/Six1/Pim1/Mstn/Tbx20/Tbx2/Foxc1/Cxadr/Cited2/Fos",13
"GO:0072171","mesonephric tubule morphogenesis","12/1357","82/25615",0.146341463414634,2.76237036504484,3.78054416130314,0.00123906880263574,0.0114694207321787,0.0114694207321787,"Cited1/Agt/Sox9/Bmp2/Npnt/Fmn1/Vegfa/Pgf/Six1/Hes1/Osr1/Bmp4",12
"GO:0045165","cell fate commitment","30/1357","312/25615",0.0961538461538462,1.81501898985318,3.42578534904659,0.00124761474049853,0.0115319094862771,0.0115319094862771,"Sox2/Sox9/Bmp2/Prdm1/Lmo4/Nkx2-5/Gata6/Gata4/Pitx1/Six1/Ext1/Blvrb/Hoxa2/Chrdl1/Tbx20/Sfrp2/Foxg1/Tbx2/Pdpn/Edn1/Hes1/Id2/Cyp26b1/Il6/Gap43/Bmp4/Runx2/Ebf2/Gfi1/Pparg",30
"GO:0051896","regulation of phosphatidylinositol 3-kinase/protein kinase B signal transduction","31/1357","326/25615",0.0950920245398773,1.79497583536401,3.41663063094533,0.00124999389541215,0.0115372999771949,0.0115372999771949,"Agt/Adra2a/Calcr/Tnfsf11/Dcn/Ptk2b/Vegfa/Lox/Thbs1/Clcf1/Fam110c/Mst1r/Mstn/Hgf/Il33/Ddit3/Gcnt2/Flt1/Plk3/Agap2/Magi2/F2r/Fbxl2/Sesn2/Park7/Ramp3/Cd19/Prkd1/Il6/Pde3b/Myorg",31
"GO:0035270","endocrine system development","18/1357","153/25615",0.117647058823529,2.22072911699684,3.58195307910526,0.00126858226684234,0.0116469652658376,0.0116469652658376,"Rap1gap/Sox2/Bmp6/Sox9/Bmp2/Mdk/Nkx2-5/Gata6/Pitx1/Six1/Cftr/Cdkn1c/Edn1/Hes1/Cited2/Il6/Pde3b/Bmp4",18
"GO:0006814","sodium ion transport","27/1357","271/25615",0.0996309963099631,1.88065436291798,3.44709844931137,0.0012715300284646,0.0116469652658376,0.0116469652658376,"Slc6a8/Agt/Kcne3/Snta1/Ppp3ca/Hcn1/Cacna1i/Nkx2-5/Cftr/Slc6a9/Slc4a8/Fxyd2/Slc6a17/Slc9b2/Scn2a/Ednrb/Sgk1/Edn1/Slc5a7/Slc6a2/Slc9a2/Slc6a4/Nedd4l/Osr1/Slc38a4/Cacna1g/Cxcl1",27
"GO:0018119","peptidyl-cysteine S-nitrosylation","4/1357","10/25615",0.4,7.55047899778924,4.90017735535288,0.00127275367631039,0.0116469652658376,0.0116469652658376,"S100a9/S100a8/Nos2/Gapdh",4
"GO:0034447","very-low-density lipoprotein particle clearance","4/1357","10/25615",0.4,7.55047899778924,4.90017735535288,0.00127275367631039,0.0116469652658376,0.0116469652658376,"Lpl/Mttp/Vldlr/Lrpap1",4
"GO:1901031","regulation of response to reactive oxygen species","4/1357","10/25615",0.4,7.55047899778924,4.90017735535288,0.00127275367631039,0.0116469652658376,0.0116469652658376,"Adcyap1r1/Epor/Sesn2/Gch1",4
"GO:2000048","negative regulation of cell-cell adhesion mediated by cadherin","4/1357","10/25615",0.4,7.55047899778924,4.90017735535288,0.00127275367631039,0.0116469652658376,0.0116469652658376,"Bmp6/Vegfa/Rgcc/Mad2l2",4
"GO:0061005","cell differentiation involved in kidney development","10/1357","61/25615",0.163934426229508,3.09445860565133,3.87354302611289,0.00128525883778042,0.0117331352339728,0.0117331352339728,"Cited1/Mmp9/Ext1/Ednrb/Cd24a/Edn1/Hes1/Magi2/Osr1/Klf15",10
"GO:0006754","ATP biosynthetic process","14/1357","105/25615",0.133333333333333,2.51682633259641,3.68363346976522,0.00128863651027749,0.0117331352339728,0.0117331352339728,"Sdhb/Atp5po/Atpsckmt/Ndufa11/Atp5f1e/Ldhd/Ndufb7/Ndufs8/Eno1/Ndufv3/Ndufb4/Aldoa/Nudt2/Atp5if1",14
"GO:0003283","atrial septum development","6/1357","24/25615",0.25,4.71904937361828,4.31116919157209,0.00128947594570124,0.0117331352339728,0.0117331352339728,"Nkx2-5/Gata4/Dand5/Tbx20/Zfpm1/Ccn1",6
"GO:0072311","glomerular epithelial cell differentiation","6/1357","24/25615",0.25,4.71904937361828,4.31116919157209,0.00128947594570124,0.0117331352339728,0.0117331352339728,"Ext1/Ednrb/Cd24a/Edn1/Magi2/Klf15",6
"GO:0035850","epithelial cell differentiation involved in kidney development","9/1357","51/25615",0.176470588235294,3.33109367549525,3.94122782520956,0.00129830406889625,0.0117800922861434,0.0117800922861434,"Cited1/Mmp9/Ext1/Ednrb/Cd24a/Edn1/Magi2/Osr1/Klf15",9
"GO:0086009","membrane repolarization","9/1357","51/25615",0.176470588235294,3.33109367549525,3.94122782520956,0.00129830406889625,0.0117800922861434,0.0117800922861434,"Kcne3/Snta1/Kcnj2/Kcnh2/Kcnd3/Casq2/Nedd4l/Kcne4/Kcnj8",9
"GO:0009261","ribonucleotide catabolic process","19/1357","166/25615",0.114457831325301,2.16052862888548,3.54793514257598,0.00131158930399878,0.0118838500548493,0.0118838500548493,"Khk/Uchl1/Mttp/Pde4b/Nudt10/Ier3/Slc4a1/Aldoc/Eno1/Pfkp/Aldoa/Gapdh/Pgam1/Entpd5/Ppargc1a/Ddit4/Xdh/Ada/Cda",19
"GO:0030879","mammary gland development","20/1357","179/25615",0.111731843575419,2.10907234575118,3.52178723005217,0.00133683289360818,0.0120955133923084,0.0120955133923084,"Msx1/Ar/Sox9/Tnfsf11/Msx2/Vdr/Vegfa/Ncoa1/Bax/Slit2/Zfp703/Cebpb/Tbx2/Agap2/Atp7b/Id2/Atp2c2/Prlr/Bmp4/Xdh",20
"GO:0050871","positive regulation of B cell activation","13/1357","94/25615",0.138297872340426,2.6105379513633,3.69987606542291,0.00134944952772111,0.012192494748355,0.012192494748355,"Spi1/Cdkn1a/Shld3/Prdm1/Cd38/Clcf1/Gpr183/Mif/Prlr/Mmp14/Il6/Mad2l2/Ada",13
"GO:0008643","carbohydrate transport","18/1357","154/25615",0.116883116883117,2.2063087980553,3.55125826789697,0.0013669520528805,0.0123159887625587,0.0123159887625587,"Adipoq/Ffar4/Aqp3/Slc2a8/Trib3/Slc2a1/Edn1/Sort1/Ocln/Appl2/Slc2a4/Rap1a/Slc27a1/Sesn2/Klf15/Tmem144/Fabp5/Trarg1",18
"GO:0046165","alcohol biosynthetic process","18/1357","154/25615",0.116883116883117,2.2063087980553,3.55125826789697,0.0013669520528805,0.0123159887625587,0.0123159887625587,"Gba1/Pck1/Adcyap1r1/Bmp6/Bmp2/Isyna1/Pck2/Ces1a/Insig1/Cftr/Ephx1/Marchf6/Pex2/Sphk1/Scp2/Park7/Gch1/Snca",18
"GO:0010667","negative regulation of cardiac muscle cell apoptotic process","8/1357","42/25615",0.19047619047619,3.59546618942345,3.9815329322852,0.00143087718828182,0.0128379260579922,0.0128379260579922,"Mdk/Acot1/Nkx2-5/Gata4/Sfrp2/Hspb6/Gch1/Atp5if1",8
"GO:0070633","transepithelial transport","8/1357","42/25615",0.19047619047619,3.59546618942345,3.9815329322852,0.00143087718828182,0.0128379260579922,0.0128379260579922,"Cldn3/Cftr/Abcb1a/Ednrb/Edn1/Cxadr/Best1/Prkd1",8
"GO:0072210","metanephric nephron development","8/1357","42/25615",0.19047619047619,3.59546618942345,3.9815329322852,0.00143087718828182,0.0128379260579922,0.0128379260579922,"Cited1/Irx1/Sox9/Irx2/Fmn1/Hes1/Osr1/Bmp4",8
"GO:1904659","D-glucose transmembrane transport","16/1357","130/25615",0.123076923076923,2.32322430701207,3.57737080040866,0.00143674997295443,0.0128726385303476,0.0128726385303476,"Adipoq/Ffar4/Slc2a8/Trib3/Slc2a1/Edn1/Sort1/Ocln/Appl2/Slc2a4/Rap1a/Slc27a1/Sesn2/Klf15/Fabp5/Trarg1",16
"GO:0051899","membrane depolarization","15/1357","118/25615",0.127118644067797,2.39951663065336,3.60392426476955,0.00144027495951912,0.0128862483843327,0.0128862483843327,"Shtn1/Dcn/Hcn1/Kcnh2/Cacna1i/Mllt11/Scn2a/Gclm/Edn1/Slc6a4/Fhl1/Nedd4l/Cacna1g/Park7/Atp5if1",15
"GO:0001974","blood vessel remodeling","10/1357","62/25615",0.161290322580645,3.04454798297953,3.81217944370625,0.00146088777298414,0.0130343653522918,0.0130343653522918,"Npr3/Acvr2b/Rspo3/Vegfa/Sema3c/Bax/Angpt2/Ext1/Foxc1/Nos2",10
"GO:0022602","ovulation cycle process","10/1357","62/25615",0.161290322580645,3.04454798297953,3.81217944370625,0.00146088777298414,0.0130343653522918,0.0130343653522918,"Agt/Retn/Bmpr1b/Mmp2/Tnfaip6/Ereg/Mstn/Afp/Gas2/Adamts1",10
"GO:0002793","positive regulation of peptide secretion","18/1357","155/25615",0.116129032258065,2.19207454774526,3.52079870120378,0.00147171307732323,0.0131127389857482,0.0131127389857482,"Agt/Tnfsf11/Glp1r/Lepr/Pck2/S100a9/Cd38/Ffar4/Vsnl1/Clcf1/Sybu/Nmu/Ecrg4/Camk2n1/S100a8/Aldoa/Prkd1/Gpr68",18
"GO:0090279","regulation of calcium ion import","9/1357","52/25615",0.173076923076923,3.26703418173573,3.87039206575388,0.00149738507926965,0.0132949593596551,0.0132949593596551,"Ppp3ca/Lgals3/Serpine1/Prnp/Cxcr4/P2rx5/Hes1/Stc1/Atp2c2",9
"GO:0042416","dopamine biosynthetic process","5/1357","17/25615",0.294117647058824,5.55182279249209,4.44025508233125,0.00150044295388386,0.0132949593596551,0.0132949593596551,"Nr4a2/Park7/Gch1/Snca/Aldh2",5
"GO:0060413","atrial septum morphogenesis","5/1357","17/25615",0.294117647058824,5.55182279249209,4.44025508233125,0.00150044295388386,0.0132949593596551,0.0132949593596551,"Nkx2-5/Gata4/Tbx20/Zfpm1/Ccn1",5
"GO:0061308","cardiac neural crest cell development involved in heart development","5/1357","17/25615",0.294117647058824,5.55182279249209,4.44025508233125,0.00150044295388386,0.0132949593596551,0.0132949593596551,"Sema3c/Edn1/Hes1/Cited2/Bmp4",5
"GO:0035107","appendage morphogenesis","20/1357","181/25615",0.110497237569061,2.0857676789473,3.46712894748233,0.00153034904013962,0.013522644063077,0.013522644063077,"Msx1/Sox9/Msx2/Fmn1/Sema3c/Prrx2/Bax/Pitx1/Ext1/Errfi1/Sulf1/Sfrp2/Tbx2/Ece1/Osr1/Cyp26b1/Ift88/Bmp4/Runx2/Mecom",20
"GO:0035108","limb morphogenesis","20/1357","181/25615",0.110497237569061,2.0857676789473,3.46712894748233,0.00153034904013962,0.013522644063077,0.013522644063077,"Msx1/Sox9/Msx2/Fmn1/Sema3c/Prrx2/Bax/Pitx1/Ext1/Errfi1/Sulf1/Sfrp2/Tbx2/Ece1/Osr1/Cyp26b1/Ift88/Bmp4/Runx2/Mecom",20
"GO:0021675","nerve development","14/1357","107/25615",0.130841121495327,2.46978284974414,3.60336280015425,0.00154898587244084,0.0136497739980247,0.0136497739980247,"Egr2/Six1/Ext1/Atp8b1/Hoxb2/Sulf1/Scn2a/Edn1/Hes1/Nrtn/Ece1/Cited2/Col25a1/Epha4",14
"GO:0044272","sulfur compound biosynthetic process","14/1357","107/25615",0.130841121495327,2.46978284974414,3.60336280015425,0.00154898587244084,0.0136497739980247,0.0136497739980247,"Hagh/Pdk4/Adi1/Gss/Cth/Acss2/Gclm/Elovl4/Gstm1/Gstp1/Tpk1/Pdk1/Mgst2/Snca",14
"GO:0006641","triglyceride metabolic process","16/1357","131/25615",0.122137404580153,2.30548977031733,3.54304324564846,0.00155792611679456,0.0137097498277921,0.0137097498277921,"Lpl/Pck1/Gpat3/Cidec/Mttp/Atg14/Gk5/Pck2/Insig1/Lmf1/Scd1/Thrb/Thrsp/Slc27a1/Scp2/Fabp4",16
"GO:0046434","organophosphate catabolic process","27/1357","275/25615",0.0981818181818182,1.85329939036645,3.36484921568578,0.00157503244211882,0.0138413247717801,0.0138413247717801,"Khk/Uchl1/Mttp/Pde4b/Plpp6/Nudt10/Galm/Acot2/Ier3/Slc4a1/Napepld/Vnn1/Aldoc/Eno1/Smpd2/Nudt17/Pfkp/Aldoa/Gapdh/Pgam1/Entpd5/Ppargc1a/Gdpd1/Ddit4/Xdh/Ada/Cda",27
"GO:0045780","positive regulation of bone resorption","6/1357","25/25615",0.24,4.53028739867354,4.17682283423095,0.00162138067407007,0.0142291659156095,0.0142291659156095,"Tnfsf11/Spp1/Rufy4/Oscar/Car2/Dcstamp",6
"GO:0034763","negative regulation of transmembrane transport","17/1357","144/25615",0.118055555555556,2.22843998198641,3.49633728589381,0.00164395850129588,0.0144076253919846,0.0144076253919846,"Kcne3/Ppp3ca/Vdr/Mcub/Rgs4/Kcnh2/Thbs1/Mmp9/Cldn3/Fxyd2/Slc43a1/Nedd4l/Osr1/Appl2/Park7/Gsto1/Fabp5",17
"GO:0045599","negative regulation of fat cell differentiation","10/1357","63/25615",0.158730158730159,2.99622182451954,3.75204255371266,0.00165551026190178,0.014469384928513,0.014469384928513,"Adipoq/Bmp2/Msx2/Vegfa/Insig1/Trib2/Ddit3/Trib3/Sort1/Jdp2",10
"GO:0086001","cardiac muscle cell action potential","10/1357","63/25615",0.158730158730159,2.99622182451954,3.75204255371266,0.00165551026190178,0.014469384928513,0.014469384928513,"Kcne3/Snta1/Kcnj2/Kcnh2/Kcnd3/Casq2/Cxadr/Nedd4l/Kcne4/Kcnj8",10
"GO:1905332","positive regulation of morphogenesis of an epithelium","8/1357","43/25615",0.186046511627907,3.51185069664616,3.898942514231,0.00167748367284955,0.0146415151010673,0.0146415151010673,"Agt/Ar/Sox9/Vegfa/Mdk/Six1/Lcn2/Bmp4",8
"GO:0014896","muscle hypertrophy","16/1357","132/25615",0.121212121212121,2.28802393872401,3.50902735474078,0.00168757060939571,0.014709570684882,0.014709570684882,"Agt/Jund/Ar/Ppp3ca/Bmp2/Rgs4/Gata6/Gata4/Errfi1/Atp2b4/Mstn/Edn1/Ece1/Bmp4/Klf15/Pparg",16
"GO:0014909","smooth muscle cell migration","15/1357","120/25615",0.125,2.35952468680914,3.53062297939602,0.00170724565397072,0.0148407930732177,0.0148407930732177,"Agt/Adipoq/S100a11/Retn/F3/Mdk/Serpine1/Slit2/Ddit3/Rapgef4/Gstp1/Park7/Ppargc1a/Adamts1/Pparg",15
"GO:0030301","cholesterol transport","15/1357","120/25615",0.125,2.35952468680914,3.53062297939602,0.00170724565397072,0.0148407930732177,0.0148407930732177,"Adipoq/Eepd1/Abca7/Abca8b/Vapa/Abca5/Ces1a/Cftr/Gramd1c/Star/Osbpl6/Abca8a/Scp2/Abcb4/Pparg",15
"GO:0017158","regulation of calcium ion-dependent exocytosis","9/1357","53/25615",0.169811320754717,3.20539202736336,3.80125890322327,0.00172025587143194,0.0149336807001065,0.0149336807001065,"Adra2a/Ppp3ca/Cacna1i/Syt11/Scamp5/Cacna1g/Syt12/Cdk5/Rab3a",9
"GO:0009749","response to glucose","26/1357","263/25615",0.0988593155893536,1.86608796523308,3.33914205684143,0.00172728726025316,0.0149744849660814,0.0149744849660814,"Khk/Pck1/Eif2b2/Agt/Adra2a/Acvr2b/Ppp3ca/Adipoq/Glp1r/Lepr/Pck2/Vsnl1/Thbs1/Angpt2/Hmgn3/Hid1/Star/Slc9b2/Sybu/Gclm/Pim3/Camk2n1/Aldoa/Sesn2/Pde3b/Gpr68",26
"GO:0048863","stem cell differentiation","27/1357","277/25615",0.0974729241877256,1.83991816733131,3.32423581545534,0.00174887480042535,0.0151412017761893,0.0151412017761893,"Cfl1/Msx1/Sox2/Sox9/Msx2/Sema3c/Sema4g/Frzb/Fzd1/Shc4/Nkx2-5/Six1/Ext1/Ednrb/Tbx2/Nr6a1/Foxc1/Edn1/Meox1/Smad9/Hes1/Nrtn/Osr1/Cited2/Bmp4/Hoxb4/Runx2",27
"GO:0034698","response to gonadotropin","7/1357","34/25615",0.205882352941176,3.88627595474446,3.98308598224629,0.00175802420749974,0.0151999293525953,0.0151999293525953,"Gata6/Gata4/Star/Gclm/Akr1c18/Edn1/Ppargc1a",7
"GO:0009755","hormone-mediated signaling pathway","23/1357","223/25615",0.103139013452915,1.94687238732234,3.35889601584097,0.00179361657290686,0.0154452987457824,0.0154452987457824,"Pde3a/Ar/Adipoq/Vdr/Taf7/Crebrf/Paqr7/Klf2/Ncoa1/Pim1/Errfi1/Aldh1a3/Thrb/Klf9/Heyl/Appl2/Slc27a1/Prlr/Park7/Cyp26b1/Tgif1/Cry2/Pparg",23
"GO:0048736","appendage development","23/1357","223/25615",0.103139013452915,1.94687238732234,3.35889601584097,0.00179361657290686,0.0154452987457824,0.0154452987457824,"Msx1/Sox9/Msx2/Fmn1/Rspo3/Sema3c/Prrx2/Bax/Pitx1/Ext1/Errfi1/Sulf1/Sfrp2/Tbx2/Ece1/Smoc1/Osr1/Cyp26b1/Comp/Ift88/Bmp4/Runx2/Mecom",23
"GO:0060173","limb development","23/1357","223/25615",0.103139013452915,1.94687238732234,3.35889601584097,0.00179361657290686,0.0154452987457824,0.0154452987457824,"Msx1/Sox9/Msx2/Fmn1/Rspo3/Sema3c/Prrx2/Bax/Pitx1/Ext1/Errfi1/Sulf1/Sfrp2/Tbx2/Ece1/Smoc1/Osr1/Cyp26b1/Comp/Ift88/Bmp4/Runx2/Mecom",23
"GO:0043112","receptor metabolic process","13/1357","97/25615",0.134020618556701,2.52979966420774,3.57024683155025,0.00180434386235054,0.0155168741254884,0.0155168741254884,"Optn/Snx16/Atp6v1g1/Pheta2/Atp6v1d/Atp6v0b/Pex2/Ece1/Nedd4l/Ramp3/Cdk5/Snca/Atp6v1a",13
"GO:0001776","leukocyte homeostasis","16/1357","133/25615",0.120300751879699,2.27082075121481,3.47531754726326,0.0018261392106619,0.0156833132209787,0.0156833132209787,"Gpr15lg/Tsc22d3/Pmaip1/Bbip1/Pde4b/Bax/Gpr183/Mif/Ripk3/Flt3/Lmo1/Hcar2/Il6/Lgals2/Ada/Mecom",16
"GO:1901292","nucleoside phosphate catabolic process","22/1357","210/25615",0.104761904761905,1.9775064041829,3.3641146610677,0.00183014308518164,0.0156967145249758,0.0156967145249758,"Khk/Uchl1/Mttp/Pde4b/Nudt10/Acot2/Ier3/Slc4a1/Vnn1/Aldoc/Eno1/Nudt17/Pfkp/Aldoa/Gapdh/Pgam1/Entpd5/Ppargc1a/Ddit4/Xdh/Ada/Cda",22
"GO:0014910","regulation of smooth muscle cell migration","14/1357","109/25615",0.128440366972477,2.42446573323508,3.52488707457895,0.00185172848274567,0.0158395522944849,0.0158395522944849,"Agt/Adipoq/S100a11/Retn/F3/Mdk/Serpine1/Slit2/Rapgef4/Gstp1/Park7/Ppargc1a/Adamts1/Pparg",14
"GO:1900076","regulation of cellular response to insulin stimulus","14/1357","109/25615",0.128440366972477,2.42446573323508,3.52488707457895,0.00185172848274567,0.0158395522944849,0.0158395522944849,"Lpl/Agt/Rps6kb2/Atp6v1g1/Ncoa1/Mstn/Blvrb/Atp6v1d/Trib3/Atp6v0b/Appl2/Grb14/Atp6v1a/Pparg",14
"GO:0007009","plasma membrane organization","20/1357","184/25615",0.108695652173913,2.05176059722534,3.38645430358757,0.0018650291470745,0.0158898504519982,0.0158898504519982,"Ar/Baiap2l1/Xkr6/Tmem63b/Abca7/S100a9/Vmp1/Atp8b1/Atg9b/Slc4a1/Lyzl4/Syt11/Cxcr4/Ndrg1/Tlcd1/Epb41l3/Chmp1b/Ano7/Plscr2/Rab3a",20
"GO:0015748","organophosphate ester transport","20/1357","184/25615",0.108695652173913,2.05176059722534,3.38645430358757,0.0018650291470745,0.0158898504519982,0.0158898504519982,"Mttp/Xkr6/Tmem63b/Abca7/Slc37a2/Vapa/Vmp1/Lrrc8e/Abcb1a/Atp8b1/Atg9b/Slc4a1/Osbpl6/Slc25a17/Scp2/Abcb4/Ano7/Plscr2/Pitpnm1/Osbpl9",20
"GO:0016331","morphogenesis of embryonic epithelium","20/1357","184/25615",0.108695652173913,2.05176059722534,3.38645430358757,0.0018650291470745,0.0158898504519982,0.0158898504519982,"Cfl1/Irx1/Ar/Sox9/Irx2/Zic5/Lmo4/Dvl1/Six1/Rps7/Zic2/Aldh1a3/Sulf1/Sfrp2/Adm/Osr1/Cited2/Lrp2/Bmp4/Tgif1",20
"GO:0008202","steroid metabolic process","35/1357","392/25615",0.0892857142857143,1.68537477629224,3.23425241620328,0.00188354206032347,0.0160263234377721,0.0160263234377721,"Gba1/Pck1/Agt/Bmp6/Mttp/Bmp2/Sult1a1/Lepr/Abca5/Ces1a/Insig1/Spp1/Bmpr1b/Cftr/Atp8b1/Errfi1/Lmf1/Ephx2/Hint2/Star/Afp/Tecr/Ednrb/Marchf6/Adm/Thrb/Akr1c18/Pex2/Osbpl6/Vldlr/Scp2/Lrp2/Ppargc1a/Cyp46a1/Gfi1",35
"GO:0003263","cardioblast proliferation","4/1357","11/25615",0.363636363636364,6.86407181617204,4.60090053224049,0.00191645197082664,0.0160931862229939,0.0160931862229939,"Six1/Pim1/Gng5/Hes1",4
"GO:0003264","regulation of cardioblast proliferation","4/1357","11/25615",0.363636363636364,6.86407181617204,4.60090053224049,0.00191645197082664,0.0160931862229939,0.0160931862229939,"Six1/Pim1/Gng5/Hes1",4
"GO:0017014","protein nitrosylation","4/1357","11/25615",0.363636363636364,6.86407181617204,4.60090053224049,0.00191645197082664,0.0160931862229939,0.0160931862229939,"S100a9/S100a8/Nos2/Gapdh",4
"GO:0033212","iron import into cell","4/1357","11/25615",0.363636363636364,6.86407181617204,4.60090053224049,0.00191645197082664,0.0160931862229939,0.0160931862229939,"Steap4/Lcn2/Steap2/Slc39a8",4
"GO:0043568","positive regulation of insulin-like growth factor receptor signaling pathway","4/1357","11/25615",0.363636363636364,6.86407181617204,4.60090053224049,0.00191645197082664,0.0160931862229939,0.0160931862229939,"Ar/Cdh3/Ift88/Myorg",4
"GO:0050812","regulation of acyl-CoA biosynthetic process","4/1357","11/25615",0.363636363636364,6.86407181617204,4.60090053224049,0.00191645197082664,0.0160931862229939,0.0160931862229939,"Pdk4/Tpk1/Pdk1/Snca",4
"GO:0071872","cellular response to epinephrine stimulus","4/1357","11/25615",0.363636363636364,6.86407181617204,4.60090053224049,0.00191645197082664,0.0160931862229939,0.0160931862229939,"Adipoq/Pde4b/Atp2b4/Star",4
"GO:0072674","multinuclear osteoclast differentiation","4/1357","11/25615",0.363636363636364,6.86407181617204,4.60090053224049,0.00191645197082664,0.0160931862229939,0.0160931862229939,"Oscar/Ocstamp/Bbln/Dcstamp",4
"GO:0097646","calcitonin family receptor signaling pathway","4/1357","11/25615",0.363636363636364,6.86407181617204,4.60090053224049,0.00191645197082664,0.0160931862229939,0.0160931862229939,"Calcr/Adm2/Adm/Ramp3",4
"GO:1903242","regulation of cardiac muscle hypertrophy in response to stress","4/1357","11/25615",0.363636363636364,6.86407181617204,4.60090053224049,0.00191645197082664,0.0160931862229939,0.0160931862229939,"Ppp3ca/Errfi1/Atp2b4/Pparg",4
"GO:0071695","anatomical structure maturation","31/1357","335/25615",0.0925373134328358,1.74675260396617,3.25395651590029,0.0019203130973564,0.0161045578817461,0.0161045578817461,"Pde3a/Gba1/Nr4a2/Bnc1/C1ql1/Bmp2/Msx2/Cend1/Ropn1l/Srrm4/Ptk2b/Vegfa/Klf2/Mmp2/Cftr/Ext1/Hid1/Cdkn1c/Ereg/Ednrb/Ddit3/Zar1/Cdh3/Edn1/P2rx5/Hes1/Id2/Grb14/Catsperd/Runx2/Pparg",31
"GO:0043588","skin development","33/1357","364/25615",0.0906593406593407,1.71130361900443,3.23271597800241,0.00195606341147185,0.0163016508021929,0.0163016508021929,"Arrdc3/Gba1/Sprr2h/Sprr2e/Cdkn1a/Ppp3ca/Tmprss11f/Sox9/Msx2/Itga3/Vdr/Evpl/Ptgs1/Ptgs2/Sprr1a/Gata6/Ext1/Errfi1/Zfp36l1/Scd1/Krt7/Ppl/Cdh3/Foxc1/Dact2/Zfp36/Dlx3/Cyp26b1/Comp/Adamts2/Fgf7/Fosl2/Fst",33
"GO:0001893","maternal placenta development","8/1357","44/25615",0.181818181818182,3.43203590808602,3.81877082142842,0.0019565026102881,0.0163016508021929,0.0163016508021929,"Vdr/Prdm1/Ptgs2/Junb/Epor/Bsg/Stc1/Cited2",8
"GO:0010664","negative regulation of striated muscle cell apoptotic process","8/1357","44/25615",0.181818181818182,3.43203590808602,3.81877082142842,0.0019565026102881,0.0163016508021929,0.0163016508021929,"Mdk/Acot1/Nkx2-5/Gata4/Sfrp2/Hspb6/Gch1/Atp5if1",8
"GO:0046164","alcohol catabolic process","8/1357","44/25615",0.181818181818182,3.43203590808602,3.81877082142842,0.0019565026102881,0.0163016508021929,0.0163016508021929,"Sord/Adh7/Gk5/Acss2/Adh1/Hao1/Cyp46a1/Aldh2",8
"GO:0046320","regulation of fatty acid oxidation","8/1357","44/25615",0.181818181818182,3.43203590808602,3.81877082142842,0.0019565026102881,0.0163016508021929,0.0163016508021929,"Fabp3/Sox9/Pdk4/Fmo2/Mtln/Appl2/Ppargc1a/Pparg",8
"GO:0046189","phenol-containing compound biosynthetic process","9/1357","54/25615",0.166666666666667,3.14603291574552,3.73375200803997,0.00196890573203679,0.016327966172138,0.016327966172138,"Cited1/Trpc1/Nr4a2/Cdh3/Park7/Gch1/Ddt/Snca/Aldh2",9
"GO:0061383","trabecula morphogenesis","9/1357","54/25615",0.166666666666667,3.14603291574552,3.73375200803997,0.00196890573203679,0.016327966172138,0.016327966172138,"Msx2/Vdr/Vegfa/Egln1/Adgrg6/Mmp2/Nkx2-5/Adamts1/Nfatc1",9
"GO:0032611","interleukin-1 beta production","13/1357","98/25615",0.13265306122449,2.5039853819199,3.52811698277848,0.00198152885473685,0.016327966172138,0.016327966172138,"Lpl/Ffar4/Acp5/Errfi1/Hspb1/Rad21/F2r/Gstp1/Ccn1/Sphk1/Arg2/Il6/Ccl3",13
"GO:0032651","regulation of interleukin-1 beta production","13/1357","98/25615",0.13265306122449,2.5039853819199,3.52811698277848,0.00198152885473685,0.016327966172138,0.016327966172138,"Lpl/Ffar4/Acp5/Errfi1/Hspb1/Rad21/F2r/Gstp1/Ccn1/Sphk1/Arg2/Il6/Ccl3",13
"GO:0019184","nonribosomal peptide biosynthetic process","5/1357","18/25615",0.277777777777778,5.2433881929092,4.25947047795941,0.00198761979243647,0.016327966172138,0.016327966172138,"Hagh/Gss/Gclm/Mgst2/Bdh2",5
"GO:0045837","negative regulation of membrane potential","5/1357","18/25615",0.277777777777778,5.2433881929092,4.25947047795941,0.00198761979243647,0.016327966172138,0.016327966172138,"Pmaip1/Bax/Bnip3l/Bnip3/Il6",5
"GO:0061307","cardiac neural crest cell differentiation involved in heart development","5/1357","18/25615",0.277777777777778,5.2433881929092,4.25947047795941,0.00198761979243647,0.016327966172138,0.016327966172138,"Sema3c/Edn1/Hes1/Cited2/Bmp4",5
"GO:0061687","detoxification of inorganic compound","5/1357","18/25615",0.277777777777778,5.2433881929092,4.25947047795941,0.00198761979243647,0.016327966172138,0.016327966172138,"Mt2/Mt3/Slc39a8/Park7/Mt1",5
"GO:0070486","leukocyte aggregation","5/1357","18/25615",0.277777777777778,5.2433881929092,4.25947047795941,0.00198761979243647,0.016327966172138,0.016327966172138,"S100a9/Thbs1/Jam2/S100a8/Gstp1",5
"GO:2000272","negative regulation of signaling receptor activity","5/1357","18/25615",0.277777777777778,5.2433881929092,4.25947047795941,0.00198761979243647,0.016327966172138,0.016327966172138,"Cnrip1/Errfi1/Park7/Ramp3/Ppargc1a",5
"GO:2000310","regulation of NMDA receptor activity","5/1357","18/25615",0.277777777777778,5.2433881929092,4.25947047795941,0.00198761979243647,0.016327966172138,0.016327966172138,"Cfl1/Cnih2/Rasgrf1/Park7/Ppargc1a",5
"GO:0009062","fatty acid catabolic process","15/1357","122/25615",0.122950819672131,2.3208439542385,3.45877320296912,0.00201431323991633,0.0164634070680078,0.0164634070680078,"Adipoq/Aig1/Etfb/Ces1a/Crot/Mtln/Phyh/Echdc2/Hao1/Pex2/Slc25a17/Sesn2/Scp2/Bdh2/Acadm",15
"GO:0030194","positive regulation of blood coagulation","6/1357","26/25615",0.230769230769231,4.35604557564764,4.0493843249625,0.00201435833677679,0.0164634070680078,0.0164634070680078,"Emilin2/S100a9/F3/Thbs1/Serpine1/F2r",6
"GO:0035930","corticosteroid hormone secretion","6/1357","26/25615",0.230769230769231,4.35604557564764,4.0493843249625,0.00201435833677679,0.0164634070680078,0.0164634070680078,"Agt/Bmp6/Abcb1a/Tac1/Ecrg4/Cry2",6
"GO:1900048","positive regulation of hemostasis","6/1357","26/25615",0.230769230769231,4.35604557564764,4.0493843249625,0.00201435833677679,0.0164634070680078,0.0164634070680078,"Emilin2/S100a9/F3/Thbs1/Serpine1/F2r",6
"GO:0045921","positive regulation of exocytosis","14/1357","110/25615",0.127272727272727,2.40242513566021,3.48629791540419,0.00202058334874507,0.016493300422285,0.016493300422285,"Ppp3ca/Cacna1i/Vsnl1/Stam/Tac1/Slc4a8/Rufy4/Rab15/Stxbp2/Scamp5/Cacna1g/Cdk5/Snca/Rab3a",14
"GO:0043271","negative regulation of monoatomic ion transport","17/1357","147/25615",0.115646258503401,2.18296161500709,3.40198997986901,0.00205499925386042,0.016710525578227,0.016710525578227,"Kcne3/Ppp3ca/Mcub/Ptk2b/Rgs4/Kcnh2/Ptgs2/Mmp9/Fxyd2/Casq2/Prkg2/Hes1/Stc1/Nedd4l/Osr1/Park7/Gsto1",17
"GO:0043500","muscle adaptation","17/1357","147/25615",0.115646258503401,2.18296161500709,3.40198997986901,0.00205499925386042,0.016710525578227,0.016710525578227,"Agt/Jund/Ar/Ppp3ca/Bmp2/Rgs4/Gata6/Gata4/Errfi1/Atp2b4/Mstn/Edn1/Ece1/Bmp4/Klf15/Nfatc1/Pparg",17
"GO:0051345","positive regulation of hydrolase activity","17/1357","147/25615",0.115646258503401,2.18296161500709,3.40198997986901,0.00205499925386042,0.016710525578227,0.016710525578227,"Prss22/Pip5k1a/Rap1gap/Arhgef19/Amph/Bmp2/Rgs10/Ptk2b/Rgs1/Rgs4/Lmf1/Sfrp2/Rtn4r/Rap1a/Ccn1/Rasgrf1/Arhgap24",17
"GO:0007566","embryo implantation","12/1357","87/25615",0.137931034482759,2.60361344751353,3.54366003563915,0.00208227498106762,0.016910915901869,0.016910915901869,"Acvr2b/Vegfa/Ptgs2/Mmp2/Mmp9/Vmp1/Errfi1/Mstn/Bsg/Klf9/Stc1/Ythdf3",12
"GO:0014912","negative regulation of smooth muscle cell migration","7/1357","35/25615",0.2,3.77523949889462,3.88584390283116,0.00209841547297748,0.0169863803749043,0.0169863803749043,"Adipoq/Serpine1/Slit2/Gstp1/Park7/Ppargc1a/Pparg",7
"GO:0048384","retinoic acid receptor signaling pathway","7/1357","35/25615",0.2,3.77523949889462,3.88584390283116,0.00209841547297748,0.0169863803749043,0.0169863803749043,"Vdr/Klf2/Aldh1a3/Thrb/Cyp26b1/Tgif1/Pparg",7
"GO:0016052","carbohydrate catabolic process","21/1357","199/25615",0.105527638190955,1.99196053961776,3.3225265806338,0.00209949969141874,0.0169863803749043,0.0169863803749043,"Khk/Sord/Glb1/Uchl1/Mttp/Neu1/Gk5/Galm/Ier3/Man2b2/Wdr45/Slc4a1/Aldoc/Eno1/Pfkp/Aldoa/Gapdh/Pgam1/Ppargc1a/Ddit4/Wipi1",21
"GO:0008631","intrinsic apoptotic signaling pathway in response to oxidative stress","10/1357","65/25615",0.153846153846154,2.90403038376509,3.6352663052166,0.00210769194932926,0.0169884731273415,0.0169884731273415,"Mmp2/Fzd1/Gata4/Hspb1/Vnn1/Park7/Pdk1/Diablo/Car3/Aldh2",10
"GO:0044060","regulation of endocrine process","10/1357","65/25615",0.153846153846154,2.90403038376509,3.6352663052166,0.00210769194932926,0.0169884731273415,0.0169884731273415,"Inha/Agt/Bmp6/Vdr/Retn/Spp1/Tac1/Ecrg4/F2r/Cry2",10
"GO:1902930","regulation of alcohol biosynthetic process","10/1357","65/25615",0.153846153846154,2.90403038376509,3.6352663052166,0.00210769194932926,0.0169884731273415,0.0169884731273415,"Pck1/Adcyap1r1/Bmp6/Bmp2/Isyna1/Insig1/Marchf6/Pex2/Scp2/Snca",10
"GO:0003073","regulation of systemic arterial blood pressure","16/1357","135/25615",0.118518518518519,2.23717896230792,3.40879456997467,0.00213194972109061,0.0171409824884682,0.0171409824884682,"Agt/Ar/Adm2/Ier3/Mme/Tac1/Ednrb/Nmu/Adm/Edn1/Camk2n1/Ece1/Nedd4l/F2r/Lvrn/Anpep",16
"GO:0008645","hexose transmembrane transport","16/1357","135/25615",0.118518518518519,2.23717896230792,3.40879456997467,0.00213194972109061,0.0171409824884682,0.0171409824884682,"Adipoq/Ffar4/Slc2a8/Trib3/Slc2a1/Edn1/Sort1/Ocln/Appl2/Slc2a4/Rap1a/Slc27a1/Sesn2/Klf15/Fabp5/Trarg1",16
"GO:0007188","adenylate cyclase-modulating G protein-coupled receptor signaling pathway","29/1357","309/25615",0.0938511326860841,1.77155251566252,3.22726115083334,0.00214248489835645,0.0172041537338023,0.0172041537338023,"Pde3a/Gpr15lg/Arrdc3/Npr3/Adgrg2/Agt/Adra2a/Calcr/Adcyap1r1/Adm2/Glp1r/Lpar3/Pde4b/Gpr88/Ffar4/Adgrg6/Adcy1/Chrm4/Tac1/Atp2b4/Adgrl3/Lpar2/Adm/Cxcr4/Rapgef4/Edn1/Rap1a/Ramp3/Gpr68",29
"GO:0043266","regulation of potassium ion transport","13/1357","99/25615",0.131313131313131,2.47869260028435,3.48650530772891,0.00217280265963914,0.0174258230780547,0.0174258230780547,"Kcne3/Kcnj2/Kcnf1/Ptk2b/Rgs4/Kcnh2/Fxyd2/Abcc9/Prnp/Casq2/Fhl1/Nedd4l/Cxcl1",13
"GO:0002526","acute inflammatory response","15/1357","123/25615",0.121951219512195,2.30197530420404,3.42337502531652,0.00218427649040952,0.0174960002174449,0.0174960002174449,"Tnfsf11/Ptgs2/F3/Ext1/Lcn2/Bdkrb2/Tac1/Ednrb/Vnn1/Cd163/Hp/Gstp1/Park7/Il6/Pparg",15
"GO:0006094","gluconeogenesis","14/1357","111/25615",0.126126126126126,2.38078166596958,3.44812881610945,0.00220198535399189,0.0175939725299054,0.0175939725299054,"Atf3/Pck1/Adipoq/Lepr/Pcx/Pck2/Aldoc/Eno1/Sesn2/Gapdh/Pgam1/Ppargc1a/Il6/Acadm",14
"GO:0072676","lymphocyte migration","14/1357","111/25615",0.126126126126126,2.38078166596958,3.44812881610945,0.00220198535399189,0.0175939725299054,0.0175939725299054,"Gpr15lg/Gba1/Ptk2b/Cadm1/Ecm1/Ext1/Jam2/Gpr183/Ripor2/Ripk3/Artn/Selenok/Ccl3/Cxcl14",14
"GO:1904035","regulation of epithelial cell apoptotic process","9/1357","55/25615",0.163636363636364,3.08883231727742,3.66779985161717,0.00224540558834009,0.0179186155273251,0.0179186155273251,"Hmox1/Itgb3bp/Mdk/Zfp36l1/Ttpa/Pla2r1/Sort1/Zfp36/Ppargc1a",9
"GO:0006887","exocytosis","36/1357","411/25615",0.0875912408759124,1.65338956155969,3.15834448977269,0.00226534379465187,0.0180317030589364,0.0180317030589364,"Gpr15lg/Rab13/Hmox1/Adra2a/Spi1/Ppp3ca/Prss12/Tmem63b/Anxa3/Lgi3/Syngr3/Cacna1i/Vsnl1/Dvl1/Rab40b/Stam/Tac1/Sytl2/Slc4a8/Exoc3l4/Rufy4/Syt11/Steap2/Rapgef4/Rab15/Stxbp2/Rap1a/Scamp5/Erc2/Cacna1g/Syt12/Cdk5/Ccl3/Snca/Rab3a/Trarg1",36
"GO:0001937","negative regulation of endothelial cell proliferation","8/1357","45/25615",0.177777777777778,3.35576844346188,3.7408872893032,0.00227080444811325,0.0180317030589364,0.0180317030589364,"Tnmd/Thbs1/Rgcc/Sulf1/Flt1/Atoh8/Atp5if1/Pparg",8
"GO:0070741","response to interleukin-6","8/1357","45/25615",0.177777777777778,3.35576844346188,3.7408872893032,0.00227080444811325,0.0180317030589364,0.0180317030589364,"Cited1/Cfl1/Pck1/Spi1/Lcn2/St18/Il6/Gfi1",8
"GO:1900744","regulation of p38MAPK cascade","8/1357","45/25615",0.177777777777778,3.35576844346188,3.7408872893032,0.00227080444811325,0.0180317030589364,0.0180317030589364,"Spi1/Rell2/Bmp2/Hgf/Sphk1/Dusp1/Gadd45b/Bmp4",8
"GO:0042776","proton motive force-driven mitochondrial ATP synthesis","10/1357","66/25615",0.151515151515152,2.86002992340502,3.57854164961396,0.00236837941666388,0.0187560074835553,0.0187560074835553,"Sdhb/Atp5po/Atpsckmt/Ndufa11/Atp5f1e/Ndufb7/Ndufs8/Ndufv3/Ndufb4/Atp5if1",10
"GO:0060135","maternal process involved in female pregnancy","10/1357","66/25615",0.151515151515152,2.86002992340502,3.57854164961396,0.00236837941666388,0.0187560074835553,0.0187560074835553,"Ar/Vdr/Prdm1/Ptgs2/Junb/Angpt2/Epor/Bsg/Stc1/Cited2",10
"GO:0006942","regulation of striated muscle contraction","13/1357","100/25615",0.13,2.4539056742815,3.44539941579436,0.00237899447924016,0.0187560074835553,0.0187560074835553,"Nr4a1/Kcnj2/Pde4b/Tmem38b/Nkx2-5/Gata4/Casq2/Tmem38a/Stc1/Gsto1/Arg2/Prkd1/Ccn2",13
"GO:0032890","regulation of organic acid transport","13/1357","100/25615",0.13,2.4539056742815,3.44539941579436,0.00237899447924016,0.0187560074835553,0.0187560074835553,"Fabp3/Agt/Tnfsf11/Rgs4/Ces1a/Thbs1/Edn1/Slc43a1/Pla2r1/Mif/Arg2/Arg1/Snca",13
"GO:0043535","regulation of blood vessel endothelial cell migration","13/1357","100/25615",0.13,2.4539056742815,3.44539941579436,0.00237899447924016,0.0187560074835553,0.0187560074835553,"Hmox1/Fgf18/Plk2/Vegfa/Ptgs2/Thbs1/Angpt2/Rgcc/Atp2b4/Hspb1/Prkd1/Efna1/Pparg",13
"GO:0031647","regulation of protein stability","34/1357","383/25615",0.0887728459530026,1.67569377235531,3.15119004456055,0.00237953706399401,0.0187560074835553,0.0187560074835553,"Msx1/Sugt1/Bbof1/Rnf128/Ifi30/Bmp2/Mt3/Ctsa/Crtap/Usp13/Serf1/Marchf7/Dvl1/Pim1/Rps7/Brinp1/Hspb1/Rpl11/Prnp/Prkra/Pex2/Id1/Nedd4l/Cct5/Serf2/Epha4/Gapdh/Park7/Efna1/Dcaf11/Cfp/Snca/Egln3/Hspa1a",34
"GO:0033674","positive regulation of kinase activity","23/1357","228/25615",0.100877192982456,1.90417781742492,3.24352097435205,0.00238824223006399,0.0188015540268763,0.0188015540268763,"Fgf18/Tom1l1/Cemip/Agt/Cdkn1a/Higd1a/Adipoq/Mt3/Ptk2b/Unc119/Lmo4/Pim1/Mst1r/Ereg/Flt1/Agap2/Ripk3/Vldlr/Rap1a/Prlr/Sesn2/Cdk5/Tpd52l1",23
"GO:0000422","autophagy of mitochondrion","14/1357","112/25615",0.125,2.35952468680914,3.41037082646861,0.00239663140279627,0.0188214671535003,0.0188214671535003,"Gba1/Optn/Atg14/Atg10/Bnip3l/Wdr45/Nipsnap1/Atg9b/Bnip3/Map1lc3a/Ulk3/Wipi1/Atp5if1/Lrba",14
"GO:0042274","ribosomal small subunit biogenesis","14/1357","112/25615",0.125,2.35952468680914,3.41037082646861,0.00239663140279627,0.0188214671535003,0.0188214671535003,"Rps27/Rps11/Rps24/Fcf1/Rps14/Rps23/Rps8/Rps12/Rps7/Tsr3/Trmt112/Rps10/Utp23/Rpsa",14
"GO:0090335","regulation of brown fat cell differentiation","6/1357","27/25615",0.222222222222222,4.19471055432736,3.9282250262535,0.00247521448461157,0.0193932405189048,0.0193932405189048,"Ptgs2/Ffar4/Six1/Pim1/Napepld/Mecom",6
"GO:0006821","chloride transport","16/1357","137/25615",0.116788321167883,2.20451941541292,3.34343244209032,0.0024793158591828,0.0193932405189048,0.0193932405189048,"Apol11b/Gabra3/Gabre/Clca1/Cftr/Abcb1a/Atp8b1/Slc4a8/Slc4a1/Clic5/Prkg2/Slc6a2/P2rx5/Best1/Ano7/Slc1a7",16
"GO:0030048","actin filament-based movement","16/1357","137/25615",0.116788321167883,2.20451941541292,3.34343244209032,0.0024793158591828,0.0193932405189048,0.0193932405189048,"Myl6b/Kcne3/Snta1/Kcnj2/Pde4b/Shtn1/Kcnh2/Gata4/Abcc9/Kcnd3/Pdpn/Casq2/Stc1/Nedd4l/Kcne4/Kcnj8",16
"GO:0010574","regulation of vascular endothelial growth factor production","7/1357","36/25615",0.194444444444444,3.67037173503644,3.79212218769445,0.00248755139906251,0.0193932405189048,0.0193932405189048,"Sars1/Ptgs2/Gata4/Sulf1/Bsg/Flt1/Il6",7
"GO:0060306","regulation of membrane repolarization","7/1357","36/25615",0.194444444444444,3.67037173503644,3.79212218769445,0.00248755139906251,0.0193932405189048,0.0193932405189048,"Kcne3/Snta1/Kcnj2/Kcnh2/Casq2/Nedd4l/Kcne4",7
"GO:0090594","inflammatory response to wounding","7/1357","36/25615",0.194444444444444,3.67037173503644,3.79212218769445,0.00248755139906251,0.0193932405189048,0.0193932405189048,"Hmox1/Mdk/Il33/Cd24a/F2r/Il6/Pparg",7
"GO:0034341","response to type II interferon","17/1357","150/25615",0.113333333333333,2.13930238270695,3.30989277949517,0.00254881918484437,0.0198151075373463,0.0198151075373463,"Cited1/Atf3/Ifitm1/Pim1/Rpl13a/Star/Hpx/Cdc42ep2/Edn1/Stxbp2/Nos2/Gapdh/Otop1/Arg1/Gch1/Snca/Pparg",17
"GO:0046902","regulation of mitochondrial membrane permeability","9/1357","56/25615",0.160714285714286,3.03367459732603,3.60333532234456,0.00255190493792625,0.0198151075373463,0.0198151075373463,"Pmaip1/Ier3/Bax/Bnip3l/Bnip3/Alkbh7/Mpv17l/Atp5if1/Hspa1a",9
"GO:0045446","endothelial cell differentiation","15/1357","125/25615",0.12,2.26514369933677,3.35359857397961,0.00256001172401142,0.0198151075373463,0.0198151075373463,"Agt/Acvr2b/Bmp6/Tnmd/Vegfa/Cldn3/Ednrb/Pdpn/Cxcr4/Id1/Stc1/Rap1a/Atoh8/Ift88/Bmp4",15
"GO:0045833","negative regulation of lipid metabolic process","15/1357","125/25615",0.12,2.26514369933677,3.35359857397961,0.00256001172401142,0.0198151075373463,0.0198151075373463,"Adra2a/Cidec/Sox9/Bmp2/Fmo2/Insig1/Bscl2/Marchf6/Angptl4/Trib3/Appl2/Hcar2/Sphk1/Pde3b/Gfi1",15
"GO:0007292","female gamete generation","20/1357","189/25615",0.105820105820106,1.99748121634636,3.25535036578182,0.00256017111706062,0.0198151075373463,0.0198151075373463,"Pde3a/Agt/Bnc1/Ptk2b/Paqr7/Mdk/Bmpr1b/Mmp2/Nanos1/Tnfaip6/4930447C04Rik/Ereg/Afp/Zar1/Gas2/Prdm9/Edn1/Grb14/Adamts1/Mlh3",20
"GO:0009166","nucleotide catabolic process","20/1357","189/25615",0.105820105820106,1.99748121634636,3.25535036578182,0.00256017111706062,0.0198151075373463,0.0198151075373463,"Khk/Uchl1/Mttp/Pde4b/Nudt10/Ier3/Slc4a1/Aldoc/Eno1/Nudt17/Pfkp/Aldoa/Gapdh/Pgam1/Entpd5/Ppargc1a/Ddit4/Xdh/Ada/Cda",20
"GO:0032966","negative regulation of collagen biosynthetic process","5/1357","19/25615",0.263157894736842,4.9674203932824,4.09166530589762,0.00258090595909871,0.019882950012336,0.019882950012336,"Errfi1/Rap1a/Il6/Klf15/Pparg",5
"GO:0035358","regulation of peroxisome proliferator activated receptor signaling pathway","5/1357","19/25615",0.263157894736842,4.9674203932824,4.09166530589762,0.00258090595909871,0.019882950012336,0.019882950012336,"Jund/Bmp2/Cited2/Stard10/Fabp5",5
"GO:0006638","neutral lipid metabolic process","18/1357","163/25615",0.110429447852761,2.08448806687433,3.28517684500727,0.00258131698478957,0.019882950012336,0.019882950012336,"Lpl/Pck1/Gpat3/Cidec/Mttp/Atg14/Gk5/Pck2/Insig1/Lmf1/Scd1/Thrb/Thrsp/Slc27a1/Scp2/Fabp4/Plpp1/Snca",18
"GO:2000377","regulation of reactive oxygen species metabolic process","18/1357","163/25615",0.110429447852761,2.08448806687433,3.28517684500727,0.00258131698478957,0.019882950012336,0.019882950012336,"Agt/Cdkn1a/Mt3/Ptk2b/Thbs1/Ier3/Acp5/Lcn2/Ripk3/Gstp1/Mpv17l/Park7/Arg2/Cxcl1/Car3/Gch1/Snca/Aldh2",18
"GO:0001656","metanephros development","13/1357","101/25615",0.128712871287129,2.42960957849654,3.40478733786697,0.00260096116869093,0.0199863331909935,0.0199863331909935,"Cited1/Irx1/Adipoq/Sox9/Irx2/Fmn1/Six1/Slit2/Itga8/Hes1/Osr1/Id2/Bmp4",13
"GO:1901796","regulation of signal transduction by p53 class mediator","13/1357","101/25615",0.128712871287129,2.42960957849654,3.40478733786697,0.00260096116869093,0.0199863331909935,0.0199863331909935,"Msx1/Mlf1/Pmaip1/Znhit1/Marchf7/Ankrd1/Bdkrb2/Rpl26/Rps7/Rpl11/Pla2r1/Mif/Ppp1r15a",13
"GO:0044706","multi-multicellular organism process","26/1357","271/25615",0.0959409594095941,1.81100049762473,3.17445603572544,0.00261756463260182,0.0200864300526817,0.0200864300526817,"Adra2a/Ar/Acvr2b/Thbd/Vdr/Vegfa/Prdm1/Ptgs2/Mmp2/Mmp9/Tle6/Junb/Angpt2/Vmp1/Epor/Errfi1/Mstn/Bsg/Akr1c18/Slc2a1/Edn1/Klf9/Stc1/Cited2/Fos/Ythdf3",26
"GO:0070232","regulation of T cell apoptotic process","8/1357","46/25615",0.173913043478261,3.28281695556054,3.66517119236369,0.00262336781042964,0.0200864300526817,0.0200864300526817,"Tsc22d3/Lgals3/Bbc3/Ripk3/Arg2/Bmp4/Efna1/Ada",8
"GO:0120009","intermembrane lipid transfer","8/1357","46/25615",0.173913043478261,3.28281695556054,3.66517119236369,0.00262336781042964,0.0200864300526817,0.0200864300526817,"Cidec/Mttp/Tmem63b/Ttpa/Osbpl6/Scp2/Pitpnm1/Osbpl9",8
"GO:0060675","ureteric bud morphogenesis","11/1357","78/25615",0.141025641025641,2.66202785178467,3.47697678463261,0.0026324558939937,0.0201320198369232,0.0201320198369232,"Cited1/Agt/Sox9/Bmp2/Npnt/Fmn1/Vegfa/Pgf/Six1/Hes1/Bmp4",11
"GO:0015749","monosaccharide transmembrane transport","16/1357","138/25615",0.115942028985507,2.18854463704036,3.31117418101525,0.0026698875361871,0.0203940042003162,0.0203940042003162,"Adipoq/Ffar4/Slc2a8/Trib3/Slc2a1/Edn1/Sort1/Ocln/Appl2/Slc2a4/Rap1a/Slc27a1/Sesn2/Klf15/Fabp5/Trarg1",16
"GO:0010612","regulation of cardiac muscle adaptation","4/1357","12/25615",0.333333333333333,6.29206583149103,4.33682166169194,0.00275476630034278,0.0208932924597426,0.0208932924597426,"Ppp3ca/Errfi1/Atp2b4/Pparg",4
"GO:0014824","artery smooth muscle contraction","4/1357","12/25615",0.333333333333333,6.29206583149103,4.33682166169194,0.00275476630034278,0.0208932924597426,0.0208932924597426,"Agt/Cd38/Edn1/Cacna1g",4
"GO:0048385","regulation of retinoic acid receptor signaling pathway","4/1357","12/25615",0.333333333333333,6.29206583149103,4.33682166169194,0.00275476630034278,0.0208932924597426,0.0208932924597426,"Klf2/Aldh1a3/Cyp26b1/Tgif1",4
"GO:0061771","response to caloric restriction","4/1357","12/25615",0.333333333333333,6.29206583149103,4.33682166169194,0.00275476630034278,0.0208932924597426,0.0208932924597426,"Gsta4/Ddit3/Chac1/Nqo1",4
"GO:1990859","cellular response to endothelin","4/1357","12/25615",0.333333333333333,6.29206583149103,4.33682166169194,0.00275476630034278,0.0208932924597426,0.0208932924597426,"Klf2/Klf11/Prkd1/Klf15",4
"GO:2001204","regulation of osteoclast development","4/1357","12/25615",0.333333333333333,6.29206583149103,4.33682166169194,0.00275476630034278,0.0208932924597426,0.0208932924597426,"Siglec15/Tnfsf11/Slc9b2/Gpr68",4
"GO:0042632","cholesterol homeostasis","14/1357","114/25615",0.12280701754386,2.31812951686512,3.33605372379327,0.00282855556195844,0.0214024039222862,0.0214024039222862,"Fabp3/Lpl/Mttp/Plpp6/Vapa/Abca5/Ces1a/Insig1/Errfi1/Ephx2/Scd1/Cd24a/Pex2/Fabp4",14
"GO:1902106","negative regulation of leukocyte differentiation","14/1357","114/25615",0.12280701754386,2.31812951686512,3.33605372379327,0.00282855556195844,0.0214024039222862,0.0214024039222862,"Adipoq/Mdk/Lrrc17/Tnfaip6/Stac2/Gpr137b/Hspb1/Zfpm1/Clec12a/Id2/Flt3/Bmp4/Ccl3/Gpr68",14
"GO:0050708","regulation of protein secretion","31/1357","344/25615",0.0901162790697674,1.70105268118798,3.09613431370049,0.00288001408426674,0.0217405528523261,0.0217405528523261,"Agt/Adra2a/Pard6a/Ppp3ca/Uqcc2/Glp1r/Lepr/Pck2/Cd38/Vsnl1/Hmgn3/Ankrd1/Dph3/Ptprv/Slc9b2/Sybu/Nmu/Bsg/Rapgefl1/Pim3/Rapgef4/Camk2n1/Nos2/F2r/Aldoa/F2rl2/Hcar2/Il6/Pde3b/Pparg/Gpr68",31
"GO:0097305","response to alcohol","31/1357","344/25615",0.0901162790697674,1.70105268118798,3.09613431370049,0.00288001408426674,0.0217405528523261,0.0217405528523261,"Pck1/Adra2a/Spi1/Jund/Ar/Adh7/Glb1/Nefl/Penk/Ces1a/Adcy1/Cldn3/Cftr/Adh1/Mstn/Gramd1c/Star/Dmap1/Sgk1/Akr1c18/Ggh/Klf9/Gstp1/Slc2a4/Rap1a/Fos/Prkd1/Car3/Ccl3/Aldh2/Itpr2",31
"GO:0061756","leukocyte adhesion to vascular endothelial cell","9/1357","57/25615",0.157894736842105,2.98045223596944,3.54029537857593,0.00289062835087808,0.0217950663451183,0.0217950663451183,"Sele/Add2/Mdk/Ext1/Jam2/Podxl2/Slc39a8/Epha4/Il6",9
"GO:0006635","fatty acid beta-oxidation","11/1357","79/25615",0.139240506329114,2.62833129669879,3.42831731011519,0.00291499257462693,0.0219272977744771,0.0219272977744771,"Adipoq/Etfb/Crot/Mtln/Echdc2/Pex2/Slc25a17/Sesn2/Scp2/Bdh2/Acadm",11
"GO:0030330","DNA damage response, signal transduction by p53 class mediator","11/1357","79/25615",0.139240506329114,2.62833129669879,3.42831731011519,0.00291499257462693,0.0219272977744771,0.0219272977744771,"Cdkn1a/Pmaip1/Znhit1/Marchf7/Ankrd1/Rpl26/Ptprv/Ndrg1/Pla2r1/Mif/Sesn2",11
"GO:0000038","very long-chain fatty acid metabolic process","7/1357","37/25615",0.189189189189189,3.57117249895437,3.70168888882051,0.00292986928575617,0.0220134272417517,0.0220134272417517,"Acot4/Hacd1/Acot2/Acot1/Tecr/Pex2/Elovl4",7
"GO:0017157","regulation of exocytosis","23/1357","232/25615",0.0991379310344828,1.87134716540035,3.15329695077374,0.00297712485764436,0.0223423482307329,0.0223423482307329,"Hmox1/Adra2a/Spi1/Ppp3ca/Lgi3/Cacna1i/Vsnl1/Dvl1/Stam/Tac1/Slc4a8/Rufy4/Syt11/Rapgef4/Rab15/Stxbp2/Rap1a/Scamp5/Cacna1g/Syt12/Cdk5/Snca/Rab3a",23
"GO:0003272","endocardial cushion formation","6/1357","28/25615",0.214285714285714,4.04489946310138,3.81279468221753,0.00301094821328931,0.0225435096994994,0.0225435096994994,"Msx1/Bmp2/Msx2/Tbx20/Tbx2/Heyl",6
"GO:0045217","cell-cell junction maintenance","6/1357","28/25615",0.214285714285714,4.04489946310138,3.81279468221753,0.00301094821328931,0.0225435096994994,0.0225435096994994,"Pard6a/Vdr/Cldn3/Epb41l3/F2r/Whrn",6
"GO:0055092","sterol homeostasis","14/1357","115/25615",0.121739130434783,2.29797186889238,3.29947802749503,0.00306733915258723,0.0229123101351399,0.0229123101351399,"Fabp3/Lpl/Mttp/Plpp6/Vapa/Abca5/Ces1a/Insig1/Errfi1/Ephx2/Scd1/Cd24a/Pex2/Fabp4",14
"GO:0061515","myeloid cell development","14/1357","115/25615",0.121739130434783,2.29797186889238,3.29947802749503,0.00306733915258723,0.0229123101351399,0.0229123101351399,"Hba-a1/Siglec15/Hbb-bt/Tnfsf11/Klf2/Slc4a1/Slc9b2/Cebpb/Zfpm1/P2rx5/Cited2/Hbb-b1/Rhd/Gpr68",14
"GO:0002690","positive regulation of leukocyte chemotaxis","13/1357","103/25615",0.12621359223301,2.38243269347719,3.32499874554924,0.00309578274668671,0.0230979191227822,0.0230979191227822,"Spi1/Ptk2b/Vegfa/Mdk/Ppbp/Thbs1/Serpine1/Pgf/Mstn/Ripor2/Edn1/Ccl3/Cxcl14",13
"GO:1902652","secondary alcohol metabolic process","19/1357","179/25615",0.106145251396648,2.00361872846363,3.18692611468049,0.00312332937658458,0.0232764128946396,0.0232764128946396,"Gba1/Pck1/Agt/Mttp/Lepr/Abca5/Ces1a/Insig1/Cftr/Errfi1/Lmf1/Ephx2/Star/Marchf6/Thrb/Pex2/Vldlr/Scp2/Cyp46a1",19
"GO:0051897","positive regulation of phosphatidylinositol 3-kinase/protein kinase B signal transduction","23/1357","233/25615",0.0987124463519313,1.86331563250164,3.13101952707106,0.00314210612618556,0.0233892117666466,0.0233892117666466,"Agt/Adra2a/Calcr/Tnfsf11/Dcn/Ptk2b/Vegfa/Thbs1/Fam110c/Mst1r/Hgf/Il33/Gcnt2/Flt1/Agap2/F2r/Sesn2/Park7/Ramp3/Cd19/Prkd1/Il6/Myorg",23
"GO:0010469","regulation of signaling receptor activity","11/1357","80/25615",0.1375,2.59547715549005,3.3804053718967,0.00322142578971681,0.0238772917967854,0.0238772917967854,"Cfl1/Cacng7/Cnrip1/Errfi1/Cnih2/Pate4/Rasgrf1/Park7/Ramp3/Ppp2r5b/Ppargc1a",11
"GO:0017156","calcium-ion regulated exocytosis","11/1357","80/25615",0.1375,2.59547715549005,3.3804053718967,0.00322142578971681,0.0238772917967854,0.0238772917967854,"Adra2a/Ppp3ca/Cacna1i/Syt11/Rapgef4/Stxbp2/Scamp5/Cacna1g/Syt12/Cdk5/Rab3a",11
"GO:0071470","cellular response to osmotic stress","11/1357","80/25615",0.1375,2.59547715549005,3.3804053718967,0.00322142578971681,0.0238772917967854,0.0238772917967854,"Pck1/Aqp5/Ptgs2/Lrrc8e/Bdkrb2/Errfi1/Zfp36l1/Fxyd2/Scn2a/Slc2a1/Slc2a4",11
"GO:0009142","nucleoside triphosphate biosynthetic process","15/1357","128/25615",0.1171875,2.21205439388357,3.25138850659585,0.00322254233932331,0.0238772917967854,0.0238772917967854,"Sdhb/Atp5po/Atpsckmt/Ak4/Ndufa11/Atp5f1e/Ldhd/Ndufb7/Ndufs8/Eno1/Ndufv3/Ndufb4/Aldoa/Nudt2/Atp5if1",15
"GO:0006525","arginine metabolic process","5/1357","20/25615",0.25,4.71904937361828,3.93523348952034,0.00329270719540288,0.0240641081038317,0.0240641081038317,"Atp2b4/Nos2/Slc39a8/Arg2/Arg1",5
"GO:0010713","negative regulation of collagen metabolic process","5/1357","20/25615",0.25,4.71904937361828,3.93523348952034,0.00329270719540288,0.0240641081038317,0.0240641081038317,"Errfi1/Rap1a/Il6/Klf15/Pparg",5
"GO:0010958","regulation of amino acid import across plasma membrane","5/1357","20/25615",0.25,4.71904937361828,3.93523348952034,0.00329270719540288,0.0240641081038317,0.0240641081038317,"Agt/Rgs4/Slc43a1/Arg2/Arg1",5
"GO:0032486","Rap protein signal transduction","5/1357","20/25615",0.25,4.71904937361828,3.93523348952034,0.00329270719540288,0.0240641081038317,0.0240641081038317,"Plk2/Rapgefl1/Rapgef4/Rap1a/Gm266",5
"GO:0036035","osteoclast development","5/1357","20/25615",0.25,4.71904937361828,3.93523348952034,0.00329270719540288,0.0240641081038317,0.0240641081038317,"Siglec15/Tnfsf11/Slc9b2/P2rx5/Gpr68",5
"GO:0042448","progesterone metabolic process","5/1357","20/25615",0.25,4.71904937361828,3.93523348952034,0.00329270719540288,0.0240641081038317,0.0240641081038317,"Afp/Akr1c18/Scp2/Ppargc1a/Cyp46a1",5
"GO:0044070","regulation of monoatomic anion transport","5/1357","20/25615",0.25,4.71904937361828,3.93523348952034,0.00329270719540288,0.0240641081038317,0.0240641081038317,"Abcb1a/Atp8b1/Prkg2/Stc1/Car2",5
"GO:0060841","venous blood vessel development","5/1357","20/25615",0.25,4.71904937361828,3.93523348952034,0.00329270719540288,0.0240641081038317,0.0240641081038317,"Acvr2b/Vegfa/Sema3c/Nkx2-5/Tbx20",5
"GO:0072189","ureter development","5/1357","20/25615",0.25,4.71904937361828,3.93523348952034,0.00329270719540288,0.0240641081038317,0.0240641081038317,"Sox9/Six1/Osr1/Bmp4/Mecom",5
"GO:0097066","response to thyroid hormone","5/1357","20/25615",0.25,4.71904937361828,3.93523348952034,0.00329270719540288,0.0240641081038317,0.0240641081038317,"Gba1/Gclm/Thrb/Hes1/Ppargc1a",5
"GO:0098751","bone cell development","5/1357","20/25615",0.25,4.71904937361828,3.93523348952034,0.00329270719540288,0.0240641081038317,0.0240641081038317,"Siglec15/Tnfsf11/Slc9b2/P2rx5/Gpr68",5
"GO:1903789","regulation of amino acid transmembrane transport","5/1357","20/25615",0.25,4.71904937361828,3.93523348952034,0.00329270719540288,0.0240641081038317,0.0240641081038317,"Agt/Rgs4/Slc43a1/Arg2/Arg1",5
"GO:0046173","polyol biosynthetic process","10/1357","69/25615",0.144927536231884,2.73568079630045,3.41455474780428,0.00330880594973523,0.0240722190499424,0.0240722190499424,"Gba1/Pck1/Adcyap1r1/Isyna1/Pck2/Ephx1/Sphk1/Scp2/Gch1/Snca",10
"GO:0097106","postsynaptic density organization","10/1357","69/25615",0.144927536231884,2.73568079630045,3.41455474780428,0.00330880594973523,0.0240722190499424,0.0240722190499424,"Cfl1/C1ql3/Ptk2b/Cadm1/Mpp2/Adgrl3/Ptprd/Cbln1/Magi2/Zdhhc12",10
"GO:1903053","regulation of extracellular matrix organization","10/1357","69/25615",0.144927536231884,2.73568079630045,3.41455474780428,0.00330880594973523,0.0240722190499424,0.0240722190499424,"Agt/Lama2/Sox9/Bmp2/Rgcc/Pdpn/Gdpd2/Il6/Mad2l2/Pparg",10
"GO:1903307","positive regulation of regulated secretory pathway","10/1357","69/25615",0.144927536231884,2.73568079630045,3.41455474780428,0.00330880594973523,0.0240722190499424,0.0240722190499424,"Ppp3ca/Cacna1i/Tac1/Slc4a8/Rab15/Stxbp2/Scamp5/Cacna1g/Cdk5/Rab3a",10
"GO:0009206","purine ribonucleoside triphosphate biosynthetic process","14/1357","116/25615",0.120689655172414,2.27816176657434,3.26328025456651,0.00332237719482646,0.024143609841137,0.024143609841137,"Sdhb/Atp5po/Atpsckmt/Ndufa11/Atp5f1e/Ldhd/Ndufb7/Ndufs8/Eno1/Ndufv3/Ndufb4/Aldoa/Nudt2/Atp5if1",14
"GO:0045638","negative regulation of myeloid cell differentiation","12/1357","92/25615",0.130434782608696,2.4621127166704,3.32284465625643,0.00334561939369917,0.0242576286513809,0.0242576286513809,"Adipoq/Ptk2b/Lrrc17/Ypel4/Tnfaip6/Stac2/Zfp36l1/Gpr137b/Zfpm1/Zfp36/Ccl3/Gpr68",12
"GO:0090398","cellular senescence","12/1357","92/25615",0.130434782608696,2.4621127166704,3.32284465625643,0.00334561939369917,0.0242576286513809,0.0242576286513809,"Spi1/Cdkn1a/Plk2/Ybx1/Tbx2/Ecrg4/Pla2r1/Mif/Id2/Arg2/Comp/Gch1",12
"GO:0051592","response to calcium ion","17/1357","154/25615",0.11038961038961,2.08373608705223,3.19041587491274,0.00335748969716152,0.024316250072791,0.024316250072791,"Trpc1/Jund/Ppp3ca/Mttp/Penk/Hcn1/Thbs1/Junb/Adcy1/Abcc9/Edn1/P2rx5/Fos/Rasa4/Cpne8/Dusp1/Nfatc1",17
"GO:0035794","positive regulation of mitochondrial membrane permeability","7/1357","38/25615",0.184210526315789,3.47719427529768,3.61433326492896,0.00342993319788342,0.0247850290924669,0.0247850290924669,"Ier3/Bax/Bnip3l/Bnip3/Mpv17l/Atp5if1/Hspa1a",7
"GO:0060563","neuroepithelial cell differentiation","7/1357","38/25615",0.184210526315789,3.47719427529768,3.61433326492896,0.00342993319788342,0.0247850290924669,0.0247850290924669,"Msx1/Bmp2/Serpine1/Cebpb/Hes1/Dlx3/Bmp4",7
"GO:0045860","positive regulation of protein kinase activity","22/1357","221/25615",0.0995475113122172,1.87907848361271,3.10426908718814,0.00344509758093627,0.0248592967881235,0.0248592967881235,"Fgf18/Tom1l1/Cemip/Agt/Cdkn1a/Higd1a/Adipoq/Mt3/Ptk2b/Unc119/Pim1/Mst1r/Ereg/Flt1/Agap2/Ripk3/Vldlr/Rap1a/Prlr/Sesn2/Cdk5/Tpd52l1",22
"GO:0042445","hormone metabolic process","28/1357","305/25615",0.0918032786885246,1.73289681916474,3.04542434033099,0.00345363535570867,0.0248592967881235,0.0248592967881235,"Rdh14/Agt/Adh7/Bmp6/Bmp2/Sult1a1/Ces1a/Spp1/Bmpr1b/Mme/Ctsk/Adh1/Hid1/Aldh1a3/Star/Afp/Ednrb/Adm/Akr1c18/Ece1/Lvrn/Slc16a2/Scp2/Cyp26b1/Anpep/Ppargc1a/Cyp46a1/Cyp2s1",28
"GO:0006040","amino sugar metabolic process","8/1357","48/25615",0.166666666666667,3.14603291574552,3.51980207029829,0.00345568991777619,0.0248592967881235,0.0248592967881235,"Chst5/Mdp1/Gnpda2/Npl/Ovgp1/Chst1/Chst7/Gfpt2",8
"GO:0120163","negative regulation of cold-induced thermogenesis","8/1357","48/25615",0.166666666666667,3.14603291574552,3.51980207029829,0.00345568991777619,0.0248592967881235,0.0248592967881235,"Arrdc3/Npr3/Acvr2b/Adipoq/Plcl1/Ddit3/Id1/Adamts5",8
"GO:0072523","purine-containing compound catabolic process","20/1357","194/25615",0.103092783505155,1.94599974169826,3.12821574813913,0.00346119549513194,0.024871051298353,0.024871051298353,"Khk/Uchl1/Mttp/Pde4b/Nudt10/Acot2/Ier3/Slc4a1/Vnn1/Aldoc/Eno1/Nudt17/Pfkp/Aldoa/Gapdh/Pgam1/Ppargc1a/Ddit4/Xdh/Ada",20
"GO:0048738","cardiac muscle tissue development","27/1357","291/25615",0.0927835051546392,1.75139976752843,3.04896563185582,0.0034922530642066,0.0250661828876684,0.0250661828876684,"Sgcg/Agt/Bmp2/Vegfa/Rgs4/Egln1/Nkx2-5/Gata6/Gata4/Ankrd1/Pim1/Abcb1a/Epor/Tbx20/Tbx2/Zfpm1/Foxc1/Edn1/Cxadr/Id2/Cited2/Col11a1/Lrp2/Kcnj8/Ift88/Bmp4/Acadm",27
"GO:0008543","fibroblast growth factor receptor signaling pathway","11/1357","81/25615",0.135802469135802,2.5634342276445,3.33321884510841,0.00355317495371284,0.025418258243487,0.025418258243487,"Fgf18/Thbs1/Churc1/Ext1/Creb3l1/Sulf1/Tbx2/Fgfbp3/Runx2/Fgf7/Ccn2",11
"GO:0032411","positive regulation of transporter activity","11/1357","81/25615",0.135802469135802,2.5634342276445,3.33321884510841,0.00355317495371284,0.025418258243487,0.025418258243487,"Kcne3/S100a1/Atpsckmt/Hcn1/Syngr3/Stac2/Vmp1/Edn1/Nedd4l/Park7/Bmp4",11
"GO:0060976","coronary vasculature development","11/1357","81/25615",0.135802469135802,2.5634342276445,3.33321884510841,0.00355317495371284,0.025418258243487,0.025418258243487,"Vegfa/Prdm1/Gata6/Gata4/Epor/Adamts6/Smad6/Abcc9/Lrp2/Kcnj8/Bmp4",11
"GO:0050671","positive regulation of lymphocyte proliferation","17/1357","155/25615",0.109677419354839,2.07029262842608,3.16111513596026,0.00358979551264884,0.0256516644863806,0.0256516644863806,"Cdkn1a/Ppp3ca/Cd59b/Cd38/Clcf1/Tac1/Gpr183/Slc4a1/Cd24a/Dhps/Hes1/Mif/Prlr/Selenok/Il6/Btnl2/Ada",17
"GO:0009145","purine nucleoside triphosphate biosynthetic process","14/1357","117/25615",0.11965811965812,2.25869029848396,3.22745271264526,0.00359447660630401,0.0256565752432188,0.0256565752432188,"Sdhb/Atp5po/Atpsckmt/Ndufa11/Atp5f1e/Ldhd/Ndufb7/Ndufs8/Eno1/Ndufv3/Ndufb4/Aldoa/Nudt2/Atp5if1",14
"GO:0060561","apoptotic process involved in morphogenesis","6/1357","29/25615",0.206896551724138,3.9054201712703,3.70260922716127,0.00362870960052661,0.0258434927647261,0.0258434927647261,"Spi1/Vdr/Bax/Nkx2-5/Foxc1/Ccn1",6
"GO:0099550","trans-synaptic signaling, modulating synaptic transmission","6/1357","29/25615",0.206896551724138,3.9054201712703,3.70260922716127,0.00362870960052661,0.0258434927647261,0.0258434927647261,"Gucy1a1/C1ql3/C1ql1/Cnrip1/Cbln1/F2r",6
"GO:0046888","negative regulation of hormone secretion","13/1357","105/25615",0.123809523809524,2.33705302312524,3.24705153186801,0.0036646606166547,0.026070631009291,0.026070631009291,"Inha/Adra2a/Ppp3ca/Adipoq/Ffar4/Vsnl1/Ptprv/Pim3/Edn1/Il6/Pde3b/Cry2/Pparg",13
"GO:0006006","glucose metabolic process","24/1357","250/25615",0.096,1.81211495946942,3.05190641443212,0.00370599370850412,0.0263355128135293,0.0263355128135293,"Atf3/Pck1/Pmaip1/Adipoq/Pdk4/Lepr/Pcx/Pck2/Galm/Errfi1/Slc2a8/Aldoc/Eno1/Cbr2/Pfkp/Aldoa/Sesn2/Gapdh/Pgam1/Pdk1/Ppargc1a/Il6/Acadm/Fabp5",24
"GO:0014897","striated muscle hypertrophy","15/1357","130/25615",0.115384615384615,2.17802278782382,3.18481477482297,0.00373792286845801,0.0265330569137837,0.0265330569137837,"Agt/Jund/Ar/Ppp3ca/Bmp2/Rgs4/Gata6/Gata4/Errfi1/Atp2b4/Edn1/Ece1/Bmp4/Klf15/Pparg",15
"GO:0010508","positive regulation of autophagy","19/1357","182/25615",0.104395604395604,1.97059204612631,3.10795524973527,0.00375451851927144,0.0265628050306164,0.0265628050306164,"Gba1/Hmox1/Optn/Dcn/Plk2/Tmem59/Bnip3l/Wdr45/Usp20/Tfeb/Ddit3/Deptor/Rufy4/Bnip3/Plk3/Sesn2/Prkd1/Wipi1/Atp5if1",19
"GO:0016125","sterol metabolic process","19/1357","182/25615",0.104395604395604,1.97059204612631,3.10795524973527,0.00375451851927144,0.0265628050306164,0.0265628050306164,"Gba1/Pck1/Agt/Mttp/Lepr/Abca5/Ces1a/Insig1/Cftr/Errfi1/Lmf1/Ephx2/Star/Marchf6/Thrb/Pex2/Vldlr/Scp2/Cyp46a1",19
"GO:0030216","keratinocyte differentiation","19/1357","182/25615",0.104395604395604,1.97059204612631,3.10795524973527,0.00375451851927144,0.0265628050306164,0.0265628050306164,"Sprr2h/Sprr2e/Cdkn1a/Ppp3ca/Msx2/Vdr/Evpl/Ptgs1/Ptgs2/Sprr1a/Errfi1/Zfp36l1/Krt7/Ppl/Cdh3/Foxc1/Zfp36/Cyp26b1/Fosl2",19
"GO:0001547","antral ovarian follicle growth","4/1357","13/25615",0.307692307692308,5.80806076753019,4.10115145510227,0.00381345069882556,0.0267484040437025,0.0267484040437025,"Bmpr1b/Tnfaip6/Ereg/Gas2",4
"GO:0003207","cardiac chamber formation","4/1357","13/25615",0.307692307692308,5.80806076753019,4.10115145510227,0.00381345069882556,0.0267484040437025,0.0267484040437025,"Bmp2/Nkx2-5/Tbx20/Tbx2",4
"GO:0036302","atrioventricular canal development","4/1357","13/25615",0.307692307692308,5.80806076753019,4.10115145510227,0.00381345069882556,0.0267484040437025,0.0267484040437025,"Bmp2/Gata4/Tbx20/Tbx2",4
"GO:0051354","negative regulation of oxidoreductase activity","4/1357","13/25615",0.307692307692308,5.80806076753019,4.10115145510227,0.00381345069882556,0.0267484040437025,0.0267484040437025,"Mt3/Slc4a1/Arg2/Prdx5",4
"GO:0060346","bone trabecula formation","4/1357","13/25615",0.307692307692308,5.80806076753019,4.10115145510227,0.00381345069882556,0.0267484040437025,0.0267484040437025,"Msx2/Vdr/Vegfa/Mmp2",4
"GO:0090649","response to oxygen-glucose deprivation","4/1357","13/25615",0.307692307692308,5.80806076753019,4.10115145510227,0.00381345069882556,0.0267484040437025,0.0267484040437025,"Sox2/Bnip3/Map1lc3a/Mapk8",4
"GO:1902043","positive regulation of extrinsic apoptotic signaling pathway via death domain receptors","4/1357","13/25615",0.307692307692308,5.80806076753019,4.10115145510227,0.00381345069882556,0.0267484040437025,0.0267484040437025,"Atf3/Pmaip1/Bmpr1b/Thbs1",4
"GO:0014013","regulation of gliogenesis","16/1357","143/25615",0.111888111888112,2.1120220972837,3.15392269020057,0.00381406259402732,0.0267484040437025,0.0267484040437025,"Egr2/Bmp2/Mdk/Clcf1/Il33/Cxcr4/Flt1/Zfp365/Hes1/Id2/Lrp2/Gdpd2/Il6/Bmp4/Runx2/Pparg",16
"GO:0007422","peripheral nervous system development","11/1357","82/25615",0.134146341463415,2.53217283462444,3.28673653332756,0.00391169844190788,0.0274032178743907,0.0274032178743907,"Agt/Egr2/Adgrg6/Ednrb/Ncmap/Ndrg1/Heyl/Cited2/Artn/Adam22/Cdk5",11
"GO:0030501","positive regulation of bone mineralization","8/1357","49/25615",0.163265306122449,3.08182816236296,3.44994886110687,0.00394187765399508,0.027524589183983,0.027524589183983,"Acvr2b/Bmp6/Bmp2/Vdr/Bmpr1b/Osr1/Ccn1/Bmp4",8
"GO:1904645","response to amyloid-beta","8/1357","49/25615",0.163265306122449,3.08182816236296,3.44994886110687,0.00394187765399508,0.027524589183983,0.027524589183983,"Calcr/Mmp2/Mmp9/Lcn2/Prnp/Epha4/Ramp3/Cdk5",8
"GO:2001259","positive regulation of cation channel activity","8/1357","49/25615",0.163265306122449,3.08182816236296,3.44994886110687,0.00394187765399508,0.027524589183983,0.027524589183983,"Kcne3/S100a1/Atpsckmt/Hcn1/Stac2/Edn1/Nedd4l/Bmp4",8
"GO:0010573","vascular endothelial growth factor production","7/1357","39/25615",0.179487179487179,3.38803544772594,3.52986333782121,0.00399241589616467,0.0278472092475156,0.0278472092475156,"Sars1/Ptgs2/Gata4/Sulf1/Bsg/Flt1/Il6",7
"GO:0007584","response to nutrient","18/1357","170/25615",0.105882352941176,1.99865620529715,3.08987114404879,0.00405824382603797,0.0282756598031105,0.0282756598031105,"Lpl/Bckdhb/Phex/Vdr/Penk/Ncoa1/Spp1/Pim1/Scd1/Star/Sfrp2/Gclm/Cox4i1/Slc6a4/Stc1/Gstp1/Cyp26b1/Ada",18
"GO:0015986","proton motive force-driven ATP synthesis","10/1357","71/25615",0.140845070422535,2.65861936541875,3.31003498403546,0.00408545233357075,0.0283117473694014,0.0283117473694014,"Sdhb/Atp5po/Atpsckmt/Ndufa11/Atp5f1e/Ndufb7/Ndufs8/Ndufv3/Ndufb4/Atp5if1",10
"GO:0032720","negative regulation of tumor necrosis factor production","10/1357","71/25615",0.140845070422535,2.65861936541875,3.31003498403546,0.00408545233357075,0.0283117473694014,0.0283117473694014,"Adipoq/Thbs1/Acp5/Errfi1/Rad21/Syt11/Cd24a/Flt3/Gstp1/Arg2",10
"GO:0048286","lung alveolus development","10/1357","71/25615",0.140845070422535,2.65861936541875,3.31003498403546,0.00408545233357075,0.0283117473694014,0.0283117473694014,"Sox2/Vegfa/Tmem38b/Gata6/Errfi1/Pdpn/Hopx/Bmp4/Fosl2/Ada",10
"GO:0045664","regulation of neuron differentiation","23/1357","238/25615",0.0966386554621849,1.82417034610454,3.021248540921,0.00408693957255685,0.0283117473694014,0.0283117473694014,"Rap1gap/Sox2/Bmp6/Sox9/Bmp2/Ncoa1/Tle6/Nkx2-5/Six1/Brinp1/Hoxa2/Ednrb/Sfrp2/Foxg1/Slc6a4/Hes1/Heyl/Id2/Nrep/Mapk8/Il6/Bmp4/Tgif1",23
"GO:0050821","protein stabilization","23/1357","238/25615",0.0966386554621849,1.82417034610454,3.021248540921,0.00408693957255685,0.0283117473694014,0.0283117473694014,"Msx1/Bbof1/Ifi30/Mt3/Crtap/Usp13/Marchf7/Dvl1/Pim1/Rps7/Brinp1/Hspb1/Rpl11/Prkra/Cct5/Epha4/Gapdh/Park7/Efna1/Dcaf11/Cfp/Egln3/Hspa1a",23
"GO:0006665","sphingolipid metabolic process","17/1357","157/25615",0.10828025477707,2.04391947392384,3.10317176417408,0.00409427355326493,0.0283117473694014,0.0283117473694014,"Gba1/Glb1/Neu1/Abca8b/Hacd1/Vapa/Fads3/Bax/St8sia6/Tecr/Elovl4/Smpd2/Itgb8/Ccn1/Sphk1/Abca8a/Plpp1",17
"GO:0032946","positive regulation of mononuclear cell proliferation","17/1357","157/25615",0.10828025477707,2.04391947392384,3.10317176417408,0.00409427355326493,0.0283117473694014,0.0283117473694014,"Cdkn1a/Ppp3ca/Cd59b/Cd38/Clcf1/Tac1/Gpr183/Slc4a1/Cd24a/Dhps/Hes1/Mif/Prlr/Selenok/Il6/Btnl2/Ada",17
"GO:0006636","unsaturated fatty acid biosynthetic process","9/1357","60/25615",0.15,2.83142962417097,3.35914729743899,0.00412342994896138,0.0284434605985877,0.0284434605985877,"Ptgs1/Ptgs2/Fads3/Scd1/Edn1/Elovl4/Mif/Sphk1/Fabp5",9
"GO:0089718","amino acid import across plasma membrane","9/1357","60/25615",0.15,2.83142962417097,3.35914729743899,0.00412342994896138,0.0284434605985877,0.0284434605985877,"Agt/Rgs4/Slc6a9/Slc7a3/Slc43a1/Slc16a2/Slc38a4/Arg2/Arg1",9
"GO:0001946","lymphangiogenesis","5/1357","21/25615",0.238095238095238,4.49433273677931,3.78883726361236,0.00413545955776477,0.0284434605985877,0.0284434605985877,"Acvr2b/Vegfa/Pdpn/Foxc1/Nfatc1",5
"GO:0034310","primary alcohol catabolic process","5/1357","21/25615",0.238095238095238,4.49433273677931,3.78883726361236,0.00413545955776477,0.0284434605985877,0.0284434605985877,"Adh7/Acss2/Adh1/Hao1/Aldh2",5
"GO:2000846","regulation of corticosteroid hormone secretion","5/1357","21/25615",0.238095238095238,4.49433273677931,3.78883726361236,0.00413545955776477,0.0284434605985877,0.0284434605985877,"Agt/Bmp6/Tac1/Ecrg4/Cry2",5
"GO:0032612","interleukin-1 production","14/1357","119/25615",0.117647058823529,2.22072911699684,3.15687866152583,0.00419319166638487,0.0287789137445047,0.0287789137445047,"Lpl/Ffar4/Acp5/Errfi1/Hspb1/Rad21/S100a13/F2r/Gstp1/Ccn1/Sphk1/Arg2/Il6/Ccl3",14
"GO:0032652","regulation of interleukin-1 production","14/1357","119/25615",0.117647058823529,2.22072911699684,3.15687866152583,0.00419319166638487,0.0287789137445047,0.0287789137445047,"Lpl/Ffar4/Acp5/Errfi1/Hspb1/Rad21/S100a13/F2r/Gstp1/Ccn1/Sphk1/Arg2/Il6/Ccl3",14
"GO:0006820","monoatomic anion transport","19/1357","184/25615",0.103260869565217,1.94917256736407,3.05614180078345,0.00423143208847666,0.0290103732511997,0.0290103732511997,"Apol11b/Gabra3/Gabre/Clca1/Cftr/Lrrc8e/Abcb1a/Atp8b1/Slc4a8/Slc4a1/Clic5/Prkg2/Slc6a2/P2rx5/Stc1/Best1/Car2/Ano7/Slc1a7",19
"GO:0001991","regulation of systemic arterial blood pressure by circulatory renin-angiotensin","6/1357","30/25615",0.2,3.77523949889462,3.59724083928485,0.00433575637312879,0.0295051895561222,0.0295051895561222,"Agt/Mme/Ednrb/F2r/Lvrn/Anpep",6
"GO:0014829","vascular associated smooth muscle contraction","6/1357","30/25615",0.2,3.77523949889462,3.59724083928485,0.00433575637312879,0.0295051895561222,0.0295051895561222,"Agt/Cd38/Ednrb/Edn1/Cacna1g/Comp",6
"GO:0016188","synaptic vesicle maturation","6/1357","30/25615",0.2,3.77523949889462,3.59724083928485,0.00433575637312879,0.0295051895561222,0.0295051895561222,"Atp6v1g1/Zdhhc20/Atp6v1d/Atp6v1b2/Rab3a/Atp6v1a",6
"GO:0031649","heat generation","6/1357","30/25615",0.2,3.77523949889462,3.59724083928485,0.00433575637312879,0.0295051895561222,0.0295051895561222,"Arrdc3/Tnfsf11/Ptgs2/Ednrb/Nmu/Slc27a1",6
"GO:0050926","regulation of positive chemotaxis","6/1357","30/25615",0.2,3.77523949889462,3.59724083928485,0.00433575637312879,0.0295051895561222,0.0295051895561222,"Cdh13/Vegfa/F3/Angpt2/Pgf/Artn",6
"GO:0051450","myoblast proliferation","6/1357","30/25615",0.2,3.77523949889462,3.59724083928485,0.00433575637312879,0.0295051895561222,0.0295051895561222,"Neu1/Gata6/Mstn/Hgf/Fos/Atoh8",6
"GO:1900745","positive regulation of p38MAPK cascade","6/1357","30/25615",0.2,3.77523949889462,3.59724083928485,0.00433575637312879,0.0295051895561222,0.0295051895561222,"Spi1/Rell2/Bmp2/Sphk1/Gadd45b/Bmp4",6
"GO:0000423","mitophagy","12/1357","95/25615",0.126315789473684,2.38436178877555,3.19721764822941,0.00436140328944808,0.0295544881133064,0.0295544881133064,"Gba1/Optn/Atg14/Atg10/Bnip3l/Nipsnap1/Atg9b/Bnip3/Map1lc3a/Ulk3/Atp5if1/Lrba",12
"GO:0031016","pancreas development","12/1357","95/25615",0.126315789473684,2.38436178877555,3.19721764822941,0.00436140328944808,0.0295544881133064,0.0295544881133064,"Acvr2b/Bmp6/Sox9/Gata6/Cftr/Ptprv/Ccdc40/Hes1/Il6/Pde3b/Ift88/Bmp4",12
"GO:0048644","muscle organ morphogenesis","12/1357","95/25615",0.126315789473684,2.38436178877555,3.19721764822941,0.00436140328944808,0.0295544881133064,0.0295544881133064,"Bmp2/Egln1/Fzd1/Nkx2-5/Gata4/Ankrd1/Epor/Tbx20/Zfpm1/Foxc1/Col11a1/Lrp2",12
"GO:0070664","negative regulation of leukocyte proliferation","12/1357","95/25615",0.126315789473684,2.38436178877555,3.19721764822941,0.00436140328944808,0.0295544881133064,0.0295544881133064,"Prdm1/Marchf7/Lrrc32/Il33/Ripor2/Prnp/Cebpb/Ndfip1/Gstp1/Arg2/Arg1/Bmp4",12
"GO:2000241","regulation of reproductive process","21/1357","212/25615",0.0990566037735849,1.86981201596196,3.00782081066347,0.00444851797166393,0.0301130447312635,0.0301130447312635,"Pde3a/Msx1/Ar/Bnc1/Sox9/Msx2/Retn/Vegfa/Cftr/Tac1/Sulf1/Ednrb/Cfap69/Ovgp1/Prdm9/Cited2/Grb14/Dusp1/Park7/Bmp4/Ada",21
"GO:0071364","cellular response to epidermal growth factor stimulus","8/1357","50/25615",0.16,3.0201915991157,3.38186132365955,0.00447916714561214,0.0302885997299078,0.0302885997299078,"Cfl1/Sox9/Errfi1/Zfp36l1/Foxc1/Gstp1/Fos/Zfp36",8
"GO:0048146","positive regulation of fibroblast proliferation","10/1357","72/25615",0.138888888888889,2.6216940964546,3.25912008585407,0.00452426136339333,0.0304972245524016,0.0304972245524016,"Agt/Cdkn1a/Serpine1/Btc/Ereg/Mif/Rasgrf1/Sphk1/Tgif1/Fosl2",10
"GO:0048662","negative regulation of smooth muscle cell proliferation","10/1357","72/25615",0.138888888888889,2.6216940964546,3.25912008585407,0.00452426136339333,0.0304972245524016,0.0304972245524016,"Hmox1/Npr3/Cdkn1a/Adipoq/Bmp2/Rgs5/Gstp1/Park7/Ppargc1a/Pparg",10
"GO:0055008","cardiac muscle tissue morphogenesis","10/1357","72/25615",0.138888888888889,2.6216940964546,3.25912008585407,0.00452426136339333,0.0304972245524016,0.0304972245524016,"Bmp2/Egln1/Nkx2-5/Ankrd1/Epor/Tbx20/Zfpm1/Foxc1/Col11a1/Lrp2",10
"GO:0070665","positive regulation of leukocyte proliferation","18/1357","172/25615",0.104651162790698,1.97541601686346,3.03578546806015,0.00458959667761299,0.0309052086551214,0.0309052086551214,"Cdkn1a/Ppp3ca/Cd59b/Cd38/Clcf1/Tac1/Gpr183/Slc4a1/Cd24a/Dhps/Hes1/Ocstamp/Mif/Prlr/Selenok/Il6/Btnl2/Ada",18
"GO:0032640","tumor necrosis factor production","20/1357","199/25615",0.100502512562814,1.89710527582644,3.00481320124762,0.0046123715416918,0.0309294185647391,0.0309294185647391,"Lpl/Adipoq/Spon2/Thbs1/Acp5/Errfi1/Il33/Hspb1/Rad21/Syt11/Cd24a/Mif/Flt3/Gstp1/Ccn1/Zfp36/Arg2/Selenok/Il6/Ccl3",20
"GO:0032680","regulation of tumor necrosis factor production","20/1357","199/25615",0.100502512562814,1.89710527582644,3.00481320124762,0.0046123715416918,0.0309294185647391,0.0309294185647391,"Lpl/Adipoq/Spon2/Thbs1/Acp5/Errfi1/Il33/Hspb1/Rad21/Syt11/Cd24a/Mif/Flt3/Gstp1/Ccn1/Zfp36/Arg2/Selenok/Il6/Ccl3",20
"GO:0003230","cardiac atrium development","7/1357","40/25615",0.175,3.30333456153279,3.4481037851894,0.00462207998476798,0.0309294185647391,0.0309294185647391,"Bmp2/Nkx2-5/Gata4/Dand5/Tbx20/Zfpm1/Ccn1",7
"GO:0043267","negative regulation of potassium ion transport","7/1357","40/25615",0.175,3.30333456153279,3.4481037851894,0.00462207998476798,0.0309294185647391,0.0309294185647391,"Kcne3/Ptk2b/Rgs4/Kcnh2/Fxyd2/Casq2/Nedd4l",7
"GO:0071425","hematopoietic stem cell proliferation","7/1357","40/25615",0.175,3.30333456153279,3.4481037851894,0.00462207998476798,0.0309294185647391,0.0309294185647391,"Gba1/Tsc22d1/Pim1/Sfrp2/Prg4/Cxcl1/Mecom",7
"GO:0110110","positive regulation of animal organ morphogenesis","7/1357","40/25615",0.175,3.30333456153279,3.4481037851894,0.00462207998476798,0.0309294185647391,0.0309294185647391,"Msx1/Ar/Sox9/Bmp2/Six1/Edn1/Bmp4",7
"GO:0007589","body fluid secretion","15/1357","133/25615",0.112781954887218,2.12889445426388,3.08719125192212,0.00463569206765011,0.0309560143893808,0.0309560143893808,"Trpc1/Npr3/Ppp3ca/Vdr/Vegfa/Aqp5/Ncoa1/Sytl2/Edn1/Atp7b/Celsr2/Prlr/Xdh/Fosl2/Ada",15
"GO:0048534","hematopoietic or lymphoid organ development","15/1357","133/25615",0.112781954887218,2.12889445426388,3.08719125192212,0.00463569206765011,0.0309560143893808,0.0309560143893808,"Tnfsf11/Lrrc17/Lmo4/Nkx2-5/Six1/Blvrb/Pdpn/Hes1/Id2/Cited2/Ripk3/Flt3/Artn/Hoxb4/Ada",15
"GO:0009154","purine ribonucleotide catabolic process","17/1357","159/25615",0.106918238993711,2.01820979500656,3.04608404696465,0.00465562011713484,0.0310568054335142,0.0310568054335142,"Khk/Uchl1/Mttp/Pde4b/Nudt10/Ier3/Slc4a1/Aldoc/Eno1/Pfkp/Aldoa/Gapdh/Pgam1/Ppargc1a/Ddit4/Xdh/Ada",17
"GO:0045995","regulation of embryonic development","11/1357","84/25615",0.130952380952381,2.47188300522862,3.19580411505056,0.00471508644727319,0.0314086771066887,0.0314086771066887,"Phlda2/Cfl1/Msx1/Lama2/Tle6/Ino80c/Mbip/Sfrp2/Hes1/Osr1/Tgif1",11
"GO:0099504","synaptic vesicle cycle","25/1357","269/25615",0.0929368029739777,1.75429344744174,2.94145961652389,0.00471814654544748,0.0314086771066887,0.0314086771066887,"Ppp3ca/Amph/Atp6v1g1/Syngr3/Dvl1/Slc4a8/Atp6v1d/Atp6v1b2/Syt11/Rapgef4/Arpc3/Cxadr/Stxbp2/Magi2/Slc2a4/Rap1a/Scamp5/Erc2/Park7/Syt12/Cdk5/Snca/Rab3a/Ap3s1/Atp6v1a",25
"GO:0009201","ribonucleoside triphosphate biosynthetic process","14/1357","121/25615",0.115702479338843,2.18402285060019,3.08769865743092,0.00487035061428554,0.0322980963563652,0.0322980963563652,"Sdhb/Atp5po/Atpsckmt/Ndufa11/Atp5f1e/Ldhd/Ndufb7/Ndufs8/Eno1/Ndufv3/Ndufb4/Aldoa/Nudt2/Atp5if1",14
"GO:0022904","respiratory electron transport chain","14/1357","121/25615",0.115702479338843,2.18402285060019,3.08769865743092,0.00487035061428554,0.0322980963563652,0.0322980963563652,"Sdhb/Gba1/Higd1a/Etfb/Ndufa11/Ndufb7/Ndufs8/Cox4i1/Ndufv3/Ndufb4/Cox4i2/Park7/Ppargc1a/Snca",14
"GO:0006195","purine nucleotide catabolic process","18/1357","173/25615",0.104046242774566,1.96399742717061,3.00901555486599,0.00487596823633575,0.0322980963563652,0.0322980963563652,"Khk/Uchl1/Mttp/Pde4b/Nudt10/Ier3/Slc4a1/Aldoc/Eno1/Nudt17/Pfkp/Aldoa/Gapdh/Pgam1/Ppargc1a/Ddit4/Xdh/Ada",18
"GO:0006865","amino acid transport","20/1357","200/25615",0.1,1.88761974944731,2.98056109298304,0.00487689188444494,0.0322980963563652,0.0322980963563652,"Slc6a8/Agt/Rgs4/Slc38a9/Lrrc8e/Slc7a4/Slc6a9/Slc7a3/Slc6a17/Slc43a1/Slc6a2/Slc6a4/Best1/Slc16a2/Slc38a4/Arg2/Kcnj8/Arg1/Snca/Slc1a7",20
"GO:0007219","Notch signaling pathway","20/1357","200/25615",0.1,1.88761974944731,2.98056109298304,0.00487689188444494,0.0322980963563652,0.0322980963563652,"Sox2/Arrdc1/Sox9/Bmp2/Tspan15/Cfd/Six1/Tbx2/Ccdc85c/Chac1/Foxc1/Gas2/Hes1/Heyl/Hp/Tcim/Krt19/Nrip2/Mmp14/Ift88",20
"GO:0050867","positive regulation of cell activation","34/1357","401/25615",0.084788029925187,1.60047559803513,2.86647267379029,0.00488581043967252,0.0323082279169373,0.0323082279169373,"Pck1/Spi1/Jund/Cdkn1a/Ppp3ca/Tnfsf11/Shld3/Plpp6/Tslp/Cd59b/Prdm1/Cd38/Mdk/Thbs1/Clcf1/Cftr/Tac1/Gpr183/Slc4a1/Il33/Pdpn/Vnn1/Cd24a/Dhps/Hes1/Mif/Prlr/Mmp14/Selenok/Il6/Btnl2/Ccn2/Mad2l2/Ada",34
"GO:0032102","negative regulation of response to external stimulus","37/1357","446/25615",0.0829596412556054,1.56596257241145,2.85182775505535,0.00488848031370844,0.0323082279169373,0.0323082279169373,"Gba1/Adipoq/Thbd/Prdm1/Mdk/Ffar4/Thbs1/Tnfaip6/Ier3/Angpt2/Serpine1/Dvl1/Acp5/Slit2/Pim1/Hgf/Il33/Syt11/Clec12a/Cd24a/Rtn4r/Ndfip1/Slc39a8/Mif/Gstp1/Epha4/Fabp7/Zfp36/Dusp1/Arg2/Otop1/Kng2/Arg1/Nfatc1/Ythdf3/Ada/Pparg",37
"GO:0006986","response to unfolded protein","15/1357","134/25615",0.111940298507463,2.11300718221714,3.05522544725872,0.00497118645502636,0.0327873734980383,0.0327873734980383,"Atf3/Optn/Abca7/Crebrf/Thbs1/Creb3l1/Hspb1/Ddit3/Serp2/Chac1/Dnajb9/Comp/Ppp1r15a/Ero1a/Hspa1a",15
"GO:0072526","pyridine-containing compound catabolic process","15/1357","134/25615",0.111940298507463,2.11300718221714,3.05522544725872,0.00497118645502636,0.0327873734980383,0.0327873734980383,"Khk/Uchl1/Mttp/Ier3/Slc4a1/Aldoc/Eno1/Nudt17/Pfkp/Aldoa/Qprt/Gapdh/Pgam1/Ppargc1a/Ddit4",15
"GO:0006119","oxidative phosphorylation","16/1357","147/25615",0.108843537414966,2.05455210824197,3.03270677592308,0.0049953426812566,0.0328380114161072,0.0328380114161072,"Sdhb/Uqcc2/Atp5po/Atpsckmt/Ak4/Ndufa11/Atp5f1e/Ndufb7/Ndufs8/Cox4i1/Ndufv3/Ndufb4/Cox4i2/Park7/Snca/Atp5if1",16
"GO:0015909","long-chain fatty acid transport","10/1357","73/25615",0.136986301369863,2.58578047869495,3.20906251548221,0.00499931120251445,0.0328380114161072,0.0328380114161072,"Fabp3/Thbs1/Bdkrb2/Slc2a1/Pla2r1/Mif/Slc27a1/Fabp4/Fabp5/Pparg",10
"GO:1900046","regulation of hemostasis","10/1357","73/25615",0.136986301369863,2.58578047869495,3.20906251548221,0.00499931120251445,0.0328380114161072,0.0328380114161072,"Thbd/Emilin2/S100a9/F3/Thbs1/Angpt2/Serpine1/F2r/Comp/Kng2",10
"GO:1903556","negative regulation of tumor necrosis factor superfamily cytokine production","10/1357","73/25615",0.136986301369863,2.58578047869495,3.20906251548221,0.00499931120251445,0.0328380114161072,0.0328380114161072,"Adipoq/Thbs1/Acp5/Errfi1/Rad21/Syt11/Cd24a/Flt3/Gstp1/Arg2",10
"GO:1903034","regulation of response to wounding","19/1357","187/25615",0.101604278074866,1.91790241922454,2.97963005955595,0.00503980959807233,0.0330702112952162,0.0330702112952162,"Adra2a/Thbd/Emilin2/S100a9/F3/Mdk/Thbs1/Cadm4/Angpt2/Serpine1/Cldn3/Il33/Cd24a/Tnfrsf12a/Cxcr4/Rtn4r/F2r/Epha4/Kng2",19
"GO:0019320","hexose catabolic process","8/1357","51/25615",0.156862745098039,2.96097215599578,3.31545579095175,0.00507095562500113,0.033081735254202,0.033081735254202,"Khk/Glb1/Galm/Eno1/Pfkp/Aldoa/Gapdh/Pgam1",8
"GO:0010917","negative regulation of mitochondrial membrane potential","4/1357","14/25615",0.285714285714286,5.39319928413517,3.88881772680793,0.00511700703709805,0.033081735254202,0.033081735254202,"Pmaip1/Bax/Bnip3l/Bnip3",4
"GO:0031652","positive regulation of heat generation","4/1357","14/25615",0.285714285714286,5.39319928413517,3.88881772680793,0.00511700703709805,0.033081735254202,0.033081735254202,"Tnfsf11/Ptgs2/Nmu/Slc27a1",4
"GO:0042487","regulation of odontogenesis of dentin-containing tooth","4/1357","14/25615",0.285714285714286,5.39319928413517,3.88881772680793,0.00511700703709805,0.033081735254202,0.033081735254202,"Bmp2/Ift88/Bmp4/Runx2",4
"GO:0043517","positive regulation of DNA damage response, signal transduction by p53 class mediator","4/1357","14/25615",0.285714285714286,5.39319928413517,3.88881772680793,0.00511700703709805,0.033081735254202,0.033081735254202,"Pmaip1/Znhit1/Ankrd1/Pla2r1",4
"GO:0061309","cardiac neural crest cell development involved in outflow tract morphogenesis","4/1357","14/25615",0.285714285714286,5.39319928413517,3.88881772680793,0.00511700703709805,0.033081735254202,0.033081735254202,"Sema3c/Edn1/Hes1/Bmp4",4
"GO:0086100","endothelin receptor signaling pathway","4/1357","14/25615",0.285714285714286,5.39319928413517,3.88881772680793,0.00511700703709805,0.033081735254202,0.033081735254202,"Ptk2b/Six1/Ednrb/Edn1",4
"GO:1902931","negative regulation of alcohol biosynthetic process","4/1357","14/25615",0.285714285714286,5.39319928413517,3.88881772680793,0.00511700703709805,0.033081735254202,0.033081735254202,"Bmp2/Isyna1/Insig1/Marchf6",4
"GO:1903671","negative regulation of sprouting angiogenesis","4/1357","14/25615",0.285714285714286,5.39319928413517,3.88881772680793,0.00511700703709805,0.033081735254202,0.033081735254202,"Klf2/Thbs1/Creb3l1/Flt1",4
"GO:0001502","cartilage condensation","5/1357","22/25615",0.227272727272727,4.29004488510752,3.65135194513014,0.00512151340801441,0.033081735254202,0.033081735254202,"Sox9/Bmpr1b/Sulf1/Col11a1/Ccn2",5
"GO:0035633","maintenance of blood-brain barrier","5/1357","22/25615",0.227272727272727,4.29004488510752,3.65135194513014,0.00512151340801441,0.033081735254202,0.033081735254202,"Ptgs1/Vegfa/Ptgs2/Bdkrb2/Ocln",5
"GO:0061621","canonical glycolysis","5/1357","22/25615",0.227272727272727,4.29004488510752,3.65135194513014,0.00512151340801441,0.033081735254202,0.033081735254202,"Eno1/Pfkp/Aldoa/Gapdh/Pgam1",5
"GO:0061718","glucose catabolic process to pyruvate","5/1357","22/25615",0.227272727272727,4.29004488510752,3.65135194513014,0.00512151340801441,0.033081735254202,0.033081735254202,"Eno1/Pfkp/Aldoa/Gapdh/Pgam1",5
"GO:0070242","thymocyte apoptotic process","5/1357","22/25615",0.227272727272727,4.29004488510752,3.65135194513014,0.00512151340801441,0.033081735254202,0.033081735254202,"Bax/Bbc3/Bmp4/Efna1/Ada",5
"GO:0110076","negative regulation of ferroptosis","5/1357","22/25615",0.227272727272727,4.29004488510752,3.65135194513014,0.00512151340801441,0.033081735254202,0.033081735254202,"Hmox1/Fth1/Nqo1/Gstp1/Egln3",5
"GO:0010742","macrophage derived foam cell differentiation","6/1357","31/25615",0.193548387096774,3.65345757957544,3.49630976615203,0.0051394103025675,0.033081735254202,0.033081735254202,"Lpl/Agt/Adipoq/Abca5/Selenok/Pparg",6
"GO:0018198","peptidyl-cysteine modification","6/1357","31/25615",0.193548387096774,3.65345757957544,3.49630976615203,0.0051394103025675,0.033081735254202,0.033081735254202,"Zdhhc20/S100a9/S100a8/Nos2/Zdhhc12/Gapdh",6
"GO:0061615","glycolytic process through fructose-6-phosphate","6/1357","31/25615",0.193548387096774,3.65345757957544,3.49630976615203,0.0051394103025675,0.033081735254202,0.033081735254202,"Slc4a1/Eno1/Pfkp/Aldoa/Gapdh/Pgam1",6
"GO:0110075","regulation of ferroptosis","6/1357","31/25615",0.193548387096774,3.65345757957544,3.49630976615203,0.0051394103025675,0.033081735254202,0.033081735254202,"Hmox1/Pck2/Fth1/Nqo1/Gstp1/Egln3",6
"GO:0060711","labyrinthine layer development","9/1357","62/25615",0.145161290322581,2.74009318468158,3.24450564330084,0.00515019671906163,0.0330848637232519,0.0330848637232519,"Cited1/Rspo3/Egln1/Ncoa1/Junb/Zfp36l1/Adm/Hes1/Ccn1",9
"GO:0071300","cellular response to retinoic acid","9/1357","62/25615",0.145161290322581,2.74009318468158,3.24450564330084,0.00515019671906163,0.0330848637232519,0.0330848637232519,"Pck1/Sox9/Ptk2b/Brinp1/Hoxa2/Slc6a4/Osr1/Cyp26b1/Rorb",9
"GO:0099084","postsynaptic specialization organization","11/1357","85/25615",0.129411764705882,2.44280202869652,3.15131582466764,0.00516304662261583,0.033120044234813,0.033120044234813,"Cfl1/C1ql3/Ptk2b/Cadm1/Mpp2/Adgrl3/Ptprd/Cbln1/Magi2/Zdhhc12/Gap43",11
"GO:0045685","regulation of glial cell differentiation","12/1357","97/25615",0.123711340206186,2.33519969003791,3.11608936410212,0.00516598448369904,0.033120044234813,0.033120044234813,"Egr2/Bmp2/Mdk/Clcf1/Il33/Cxcr4/Zfp365/Hes1/Id2/Epha4/Bmp4/Pparg",12
"GO:0045055","regulated exocytosis","25/1357","271/25615",0.0922509225092251,1.74134663233147,2.90181362213952,0.00518226516446852,0.0331912975239739,0.0331912975239739,"Gpr15lg/Hmox1/Adra2a/Spi1/Ppp3ca/Anxa3/Syngr3/Cacna1i/Dvl1/Tac1/Slc4a8/Syt11/Steap2/Rapgef4/Rab15/Stxbp2/Rap1a/Scamp5/Erc2/Cacna1g/Syt12/Cdk5/Ccl3/Snca/Rab3a",25
"GO:0045639","positive regulation of myeloid cell differentiation","14/1357","122/25615",0.114754098360656,2.16612102395593,3.05361442291116,0.0052405776813334,0.0334979811192893,0.0334979811192893,"Ppp3ca/Tnfsf11/Eeig1/Zfp36l1/Slc9b2/Ocstamp/Id2/Car2/Fos/Mturn/Dcstamp/Ccl3/Gpr68/Hspa1a",14
"GO:2000177","regulation of neural precursor cell proliferation","14/1357","122/25615",0.114754098360656,2.16612102395593,3.05361442291116,0.0052405776813334,0.0334979811192893,0.0334979811192893,"Sox2/Optn/Cend1/Vegfa/Mdk/Foxg1/Gng5/Slc6a4/Id2/Appl2/Slc16a2/Mapk8/Lrp2/Gdpd2",14
"GO:0021537","telencephalon development","29/1357","329/25615",0.088145896656535,1.66385935361617,2.86638875550465,0.00524668442623837,0.0335036786820629,0.0335036786820629,"Cfl1/Sox2/Bmp2/Nefl/Lypd6/Mdk/Ncoa1/Bax/Mgarp/Slit2/Mme/Ext1/Atp2b4/Aldh1a3/Dclk2/Scn2a/Foxg1/Bnip3/Ccdc85c/Cxcr4/Slc2a1/Prdm8/Hes1/Rtn4r/Id2/Fos/Ift88/Bmp4/Cdk5",29
"GO:0016051","carbohydrate biosynthetic process","22/1357","229/25615",0.0960698689956332,1.81343382042973,2.92444837452679,0.0052573330891134,0.0335383393887433,0.0335383393887433,"Khk/Atf3/Pck1/Sord/Adcyap1r1/Adipoq/Lepr/Pcx/Pck2/Ext1/St8sia6/Aldoc/Eno1/Gbe1/Sesn2/Gapdh/Pgam1/Gsto1/Ppargc1a/Il6/Snca/Acadm",22
"GO:0006639","acylglycerol metabolic process","17/1357","161/25615",0.105590062111801,1.99313886587604,2.98982677447916,0.00527846160057643,0.0336063799029762,0.0336063799029762,"Lpl/Pck1/Gpat3/Cidec/Mttp/Atg14/Gk5/Pck2/Insig1/Lmf1/Scd1/Thrb/Thrsp/Slc27a1/Scp2/Fabp4/Plpp1",17
"GO:1902600","proton transmembrane transport","17/1357","161/25615",0.105590062111801,1.99313886587604,2.98982677447916,0.00527846160057643,0.0336063799029762,0.0336063799029762,"Ghitm/Atp6v0e/Atp5po/Atp6v1g1/Atp5f1e/Fxyd2/Slc9b2/Atp6v1d/Atp6v0d2/Ndufb7/Atp6v1b2/Ndufs8/Atp6v0b/Slc9a2/Cox4i2/Otop1/Atp6v1a",17
"GO:0001556","oocyte maturation","7/1357","41/25615",0.170731707317073,3.22276542588565,3.36889411639783,0.00532375844127607,0.0337757244663768,0.0337757244663768,"Pde3a/Bnc1/Ptk2b/Ereg/Zar1/Edn1/Grb14",7
"GO:0042168","heme metabolic process","7/1357","41/25615",0.170731707317073,3.22276542588565,3.36889411639783,0.00532375844127607,0.0337757244663768,0.0337757244663768,"Hmox1/Slc6a9/Blvrb/Hpx/Alas2/Bdh2/Atp5if1",7
"GO:0071604","transforming growth factor beta production","7/1357","41/25615",0.170731707317073,3.22276542588565,3.36889411639783,0.00532375844127607,0.0337757244663768,0.0337757244663768,"Lum/Ptgs2/Thbs1/Gata6/Cd24a/Klf15/Fosl2",7
"GO:0022612","gland morphogenesis","15/1357","135/25615",0.111111111111111,2.09735527716368,3.02353889299128,0.00532609104676833,0.0337757244663768,0.0337757244663768,"Ar/Sox9/Msx2/Vdr/Sema3c/Mmp2/Bax/Slit2/Hgf/Sulf1/Tbx2/Tnc/Il6/Bmp4/Fgf7",15
"GO:0071706","tumor necrosis factor superfamily cytokine production","20/1357","202/25615",0.099009900990099,1.86893044499734,2.93247191230326,0.00544353415438342,0.0344524762638021,0.0344524762638021,"Lpl/Adipoq/Spon2/Thbs1/Acp5/Errfi1/Il33/Hspb1/Rad21/Syt11/Cd24a/Mif/Flt3/Gstp1/Ccn1/Zfp36/Arg2/Selenok/Il6/Ccl3",20
"GO:1903555","regulation of tumor necrosis factor superfamily cytokine production","20/1357","202/25615",0.099009900990099,1.86893044499734,2.93247191230326,0.00544353415438342,0.0344524762638021,0.0344524762638021,"Lpl/Adipoq/Spon2/Thbs1/Acp5/Errfi1/Il33/Hspb1/Rad21/Syt11/Cd24a/Mif/Flt3/Gstp1/Ccn1/Zfp36/Arg2/Selenok/Il6/Ccl3",20
"GO:0060425","lung morphogenesis","10/1357","74/25615",0.135135135135135,2.55083749925312,3.15983449315312,0.0055125893648305,0.0348551910232983,0.0348551910232983,"Sox2/Sox9/Gata4/Ext1/Rpl13a/Tbx2/Id1/Tnc/Bmp4/Fgf7",10
"GO:0009953","dorsal/ventral pattern formation","12/1357","98/25615",0.122448979591837,2.31137112177222,3.07627373315536,0.00561032712960072,0.035438290541352,0.035438290541352,"Bmpr1b/Smad6/Hoxb2/Hoxa2/Tbx20/Ddit3/Foxg1/Edn1/Mapk8/Ift88/Bmp4/Tgif1",12
"GO:0007498","mesoderm development","14/1357","123/25615",0.113821138211382,2.14851028392377,3.01985867904577,0.00563313012787408,0.0355473751880777,0.0355473751880777,"Acvr2b/Itga3/Vegfa/Churc1/Dand5/Ext1/Zfp36l1/Zic2/Sfrp2/Foxc1/Itga8/Osr1/Cited2/Bmp4",14
"GO:0060415","muscle tissue morphogenesis","11/1357","86/25615",0.127906976744186,2.41439735394423,3.10745529697695,0.00564396833816161,0.0355596714762492,0.0355596714762493,"Bmp2/Egln1/Fzd1/Nkx2-5/Ankrd1/Epor/Tbx20/Zfpm1/Foxc1/Col11a1/Lrp2",11
"GO:0050728","negative regulation of inflammatory response","19/1357","189/25615",0.100529100529101,1.89760715552904,2.9294043177904,0.00564614958059997,0.0355596714762492,0.0355596714762493,"Gba1/Adipoq/Mdk/Ffar4/Tnfaip6/Ier3/Acp5/Hgf/Il33/Syt11/Clec12a/Cd24a/Ndfip1/Slc39a8/Gstp1/Zfp36/Nfatc1/Ada/Pparg",19
"GO:0010811","positive regulation of cell-substrate adhesion","16/1357","149/25615",0.10738255033557,2.02697422759443,2.97353765368179,0.00568891626739244,0.03579392566281,0.03579392566281,"Cfl1/Rell2/Itga3/Hacd1/Cdh13/Npnt/Ptk2b/Fmn1/Vegfa/Mdk/Spp1/Thbs1/Edil3/Ccdc80/Smoc1/Ccn1",16
"GO:0060079","excitatory postsynaptic potential","15/1357","136/25615",0.110294117647059,2.08193354718453,2.99212671955569,0.0057012038397507,0.0358361384212901,0.0358361384212901,"Ppp3ca/Celf4/Plk2/Ptk2b/Rgs4/Dvl1/Mpp2/P2rx6/Cbln1/Elovl4/P2rx5/Cdk5/Snca/Begain/Slc1a7",15
"GO:0048873","homeostasis of number of cells within a tissue","8/1357","52/25615",0.153846153846154,2.90403038376509,3.2506541584814,0.00572069572422504,0.0359235086338433,0.0359235086338433,"Sox9/Vegfa/Bax/Brinp1/F2r/Flt3/Fosl2/Prdx5",8
"GO:0046496","nicotinamide nucleotide metabolic process","20/1357","203/25615",0.0985221674876847,1.85972389108109,2.90863162501735,0.00574652080078197,0.0360504390861556,0.0360504390861556,"Khk/Uchl1/Mttp/Nmnat1/Slc37a2/Fmo2/Ier3/Slc4a1/Aldoc/Eno1/Nudt17/Pfkp/Aldoa/Nqo1/Tkt/Qprt/Gapdh/Pgam1/Ppargc1a/Ddit4",20
"GO:0022408","negative regulation of cell-cell adhesion","21/1357","217/25615",0.0967741935483871,1.82672878978772,2.89263941580885,0.00580110852713459,0.0363573865154269,0.0363573865154269,"Spi1/Bmp6/Adipoq/Bmp2/Lgals3/Vegfa/Marchf7/Mdk/Rgcc/Zfp703/Lrrc32/Ripor2/Hspb1/Prnp/Cebpb/Ndfip1/Gstp1/Arg2/Arg1/Bmp4/Mad2l2",21
"GO:1904375","regulation of protein localization to cell periphery","18/1357","176/25615",0.102272727272727,1.93052019829839,2.92976813632324,0.00582419149818772,0.0364664777625321,0.0364664777625321,"Ar/Pls1/Itga3/Lgals3/Stac2/Tmem59/Mest/Atp2b4/Prnp/Rapgef4/Epb41/Magi2/Epb41l3/Rap1a/Mmp14/Ramp3/Cdk5/Snca",18
"GO:0002696","positive regulation of leukocyte activation","32/1357","376/25615",0.0851063829787234,1.60648489314665,2.80206992475138,0.00586292632579562,0.0366732606785891,0.0366732606785891,"Pck1/Spi1/Jund/Cdkn1a/Ppp3ca/Tnfsf11/Shld3/Plpp6/Tslp/Cd59b/Prdm1/Cd38/Mdk/Thbs1/Clcf1/Cftr/Tac1/Gpr183/Slc4a1/Il33/Vnn1/Cd24a/Dhps/Hes1/Mif/Prlr/Mmp14/Selenok/Il6/Btnl2/Mad2l2/Ada",32
"GO:0010389","regulation of G2/M transition of mitotic cell cycle","13/1357","111/25615",0.117117117117117,2.21072583268604,3.02346035943442,0.0058956258515417,0.036841926527533,0.036841926527533,"Cdkn1a/Hacd1/Syf2/Ier3/Rad17/Pim1/Miip/Creb3l1/Rad21/Pkia/Fhl1/Abraxas1/Hspa2",13
"GO:0001945","lymph vessel development","6/1357","32/25615",0.1875,3.53928703021371,3.39947756018787,0.0060470137864678,0.0375323831538832,0.0375323831538832,"Acvr2b/Vegfa/Pdpn/Foxc1/Tmem204/Nfatc1",6
"GO:0001963","synaptic transmission, dopaminergic","6/1357","32/25615",0.1875,3.53928703021371,3.39947756018787,0.0060470137864678,0.0375323831538832,0.0375323831538832,"Ptgs2/Slc6a2/Slc6a4/Park7/Cdk5/Snca",6
"GO:0003156","regulation of animal organ formation","6/1357","32/25615",0.1875,3.53928703021371,3.39947756018787,0.0060470137864678,0.0375323831538832,0.0375323831538832,"Ar/Bmp2/Six1/Sulf1/Cited2/Bmp4",6
"GO:0030511","positive regulation of transforming growth factor beta receptor signaling pathway","6/1357","32/25615",0.1875,3.53928703021371,3.39947756018787,0.0060470137864678,0.0375323831538832,0.0375323831538832,"Npnt/Tsc22d1/Thbs1/Cdkn1c/Itga8/Cited2",6
"GO:0060740","prostate gland epithelium morphogenesis","6/1357","32/25615",0.1875,3.53928703021371,3.39947756018787,0.0060470137864678,0.0375323831538832,0.0375323831538832,"Ar/Sox9/Mmp2/Sulf1/Tnc/Bmp4",6
"GO:0097707","ferroptosis","6/1357","32/25615",0.1875,3.53928703021371,3.39947756018787,0.0060470137864678,0.0375323831538832,0.0375323831538832,"Hmox1/Pck2/Fth1/Nqo1/Gstp1/Egln3",6
"GO:1903846","positive regulation of cellular response to transforming growth factor beta stimulus","6/1357","32/25615",0.1875,3.53928703021371,3.39947756018787,0.0060470137864678,0.0375323831538832,0.0375323831538832,"Npnt/Tsc22d1/Thbs1/Cdkn1c/Itga8/Cited2",6
"GO:0030512","negative regulation of transforming growth factor beta receptor signaling pathway","12/1357","99/25615",0.121212121212121,2.28802393872401,3.03694107752999,0.00608446843580234,0.037728402733199,0.037728402733199,"Bmp2/Sap30/Dand5/Lrrc32/Adamtsl2/Smad6/Cdh3/Rasl11b/Htra3/Peg10/Pparg/Hspa1a",12
"GO:0032757","positive regulation of interleukin-8 production","11/1357","87/25615",0.126436781609195,2.38664566022074,3.06420529045559,0.00615947658721467,0.0381566804207011,0.0381566804207011,"Fcna/Il17d/Adipoq/F3/Serpine1/Ddit3/Nos2/F2r/Park7/Il6/Hspa1a",11
"GO:0006700","C21-steroid hormone biosynthetic process","5/1357","23/25615",0.217391304347826,4.10352119445067,3.52182401572496,0.0062630245209616,0.0385011191604376,0.0385011191604376,"Bmp6/Bmp2/Star/Scp2/Ppargc1a",5
"GO:0036303","lymph vessel morphogenesis","5/1357","23/25615",0.217391304347826,4.10352119445067,3.52182401572496,0.0062630245209616,0.0385011191604376,0.0385011191604376,"Acvr2b/Vegfa/Pdpn/Foxc1/Nfatc1",5
"GO:0060307","regulation of ventricular cardiac muscle cell membrane repolarization","5/1357","23/25615",0.217391304347826,4.10352119445067,3.52182401572496,0.0062630245209616,0.0385011191604376,0.0385011191604376,"Kcne3/Snta1/Kcnh2/Casq2/Kcne4",5
"GO:0061450","trophoblast cell migration","5/1357","23/25615",0.217391304347826,4.10352119445067,3.52182401572496,0.0062630245209616,0.0385011191604376,0.0385011191604376,"Acvr2b/Vegfa/Mmp2/Mstn/Ythdf3",5
"GO:0072079","nephron tubule formation","5/1357","23/25615",0.217391304347826,4.10352119445067,3.52182401572496,0.0062630245209616,0.0385011191604376,0.0385011191604376,"Irx1/Sox9/Irx2/Six1/Osr1",5
"GO:0090190","positive regulation of branching involved in ureteric bud morphogenesis","5/1357","23/25615",0.217391304347826,4.10352119445067,3.52182401572496,0.0062630245209616,0.0385011191604376,0.0385011191604376,"Agt/Sox9/Vegfa/Six1/Bmp4",5
"GO:0150104","transport across blood-brain barrier","5/1357","23/25615",0.217391304347826,4.10352119445067,3.52182401572496,0.0062630245209616,0.0385011191604376,0.0385011191604376,"Abcb1a/Slc2a1/Slc16a2/Slc27a1/Fabp5",5
"GO:2001026","regulation of endothelial cell chemotaxis","5/1357","23/25615",0.217391304347826,4.10352119445067,3.52182401572496,0.0062630245209616,0.0385011191604376,0.0385011191604376,"Fgf18/Vegfa/Thbs1/Hspb1/Prkd1",5
"GO:0007159","leukocyte cell-cell adhesion","36/1357","438/25615",0.0821917808219178,1.55146828721697,2.75332031261893,0.00628956241040191,0.0386272934267896,0.0386272934267896,"Pck1/Ppp3ca/Tnfsf11/Sele/Add2/Lgals3/Cd59b/S100a9/Marchf7/Mdk/Thbs1/Ext1/Lrrc32/Jam2/Slc4a1/Ripor2/Hspb1/Prnp/Cebpb/Vnn1/Cd24a/Podxl2/Dhps/S100a8/Hes1/Ndfip1/Slc39a8/Gstp1/Epha4/Arg2/Selenok/Il6/Arg1/Bmp4/Btnl2/Ada",36
"GO:0051147","regulation of muscle cell differentiation","17/1357","164/25615",0.103658536585366,1.95667900857343,2.9069453948744,0.00633860686598622,0.0388913185359078,0.0388913185359078,"Msx1/Lama2/Bmp2/Rgs4/Cth/Nkx2-5/Ereg/Ybx1/Bhlhe41/Edn1/Hopx/Id2/Mmp14/Cyp26b1/Prkd1/Bmp4/Nfatc1",17
"GO:0090102","cochlea development","9/1357","64/25615",0.140625,2.65446527266028,3.13433074172834,0.00636461534880862,0.0390136345426971,0.0390136345426971,"Sox9/Frzb/Dvl1/Six1/Tbx2/Sobp/Hes1/Epha4/Ift88",9
"GO:0030522","intracellular receptor signaling pathway","37/1357","454/25615",0.0814977973568282,1.53836851827204,2.73744097854247,0.00646834674962629,0.0396116868632977,0.0396116868632977,"Pde3a/Nr4a1/Jund/Ar/Nr4a2/Peli3/Bmp2/Vdr/Taf7/Crebrf/Paqr7/Klf2/Ncoa1/Pim1/Errfi1/Aldh1a3/Thrb/Nr6a1/Flt1/Klf9/Heyl/Pld3/Cited2/Fbxl2/Zdhhc12/Mapk8/Park7/Cyp26b1/Kcnj8/Prkd1/Rorb/Stard10/Tgif1/Cry2/Fabp5/Pparg/Hspa1a",37
"GO:0060560","developmental growth involved in morphogenesis","26/1357","291/25615",0.0893470790378007,1.68653310947182,2.78575526153792,0.00667235361278354,0.0404198178721745,0.0404198178721745,"Cfl1/Eif2b2/Sox9/Mt3/Lpar3/Cacng7/Shtn1/Fmn1/Vegfa/Islr2/Cadm1/Dvl1/Six1/Slit2/Sfrp2/Tbx2/Bsg/Tnfrsf12a/Cxcr4/Edn1/Rtn4r/Nedd4l/Tnc/Nrn1/Bmp4/Cdk5",26
"GO:0001542","ovulation from ovarian follicle","4/1357","15/25615",0.266666666666667,5.03365266519283,3.69594309683213,0.00668839763358055,0.0404198178721745,0.0404198178721745,"Agt/Mmp2/Afp/Adamts1",4
"GO:0003183","mitral valve morphogenesis","4/1357","15/25615",0.266666666666667,5.03365266519283,3.69594309683213,0.00668839763358055,0.0404198178721745,0.0404198178721745,"Gata4/Smad6/Zfpm1/Efna1",4
"GO:0006750","glutathione biosynthetic process","4/1357","15/25615",0.266666666666667,5.03365266519283,3.69594309683213,0.00668839763358055,0.0404198178721745,0.0404198178721745,"Hagh/Gss/Gclm/Mgst2",4
"GO:0009310","amine catabolic process","4/1357","15/25615",0.266666666666667,5.03365266519283,3.69594309683213,0.00668839763358055,0.0404198178721745,0.0404198178721745,"Sult1a1/Atp2b4/Sat1/Dhps",4
"GO:0035810","positive regulation of urine volume","4/1357","15/25615",0.266666666666667,5.03365266519283,3.69594309683213,0.00668839763358055,0.0404198178721745,0.0404198178721745,"Npr3/Btc/Ednrb/Edn1",4
"GO:0038020","insulin receptor recycling","4/1357","15/25615",0.266666666666667,5.03365266519283,3.69594309683213,0.00668839763358055,0.0404198178721745,0.0404198178721745,"Atp6v1g1/Atp6v1d/Atp6v0b/Atp6v1a",4
"GO:0042447","hormone catabolic process","4/1357","15/25615",0.266666666666667,5.03365266519283,3.69594309683213,0.00668839763358055,0.0404198178721745,0.0404198178721745,"Spp1/Mme/Akr1c18/Ece1",4
"GO:0046689","response to mercury ion","4/1357","15/25615",0.266666666666667,5.03365266519283,3.69594309683213,0.00668839763358055,0.0404198178721745,0.0404198178721745,"Jund/Bsg/Slc39a8/Park7",4
"GO:0048711","positive regulation of astrocyte differentiation","4/1357","15/25615",0.266666666666667,5.03365266519283,3.69594309683213,0.00668839763358055,0.0404198178721745,0.0404198178721745,"Bmp2/Clcf1/Hes1/Id2",4
"GO:0060330","regulation of response to type II interferon","4/1357","15/25615",0.266666666666667,5.03365266519283,3.69594309683213,0.00668839763358055,0.0404198178721745,0.0404198178721745,"Hpx/Otop1/Arg1/Pparg",4
"GO:0060334","regulation of type II interferon-mediated signaling pathway","4/1357","15/25615",0.266666666666667,5.03365266519283,3.69594309683213,0.00668839763358055,0.0404198178721745,0.0404198178721745,"Hpx/Otop1/Arg1/Pparg",4
"GO:0060347","heart trabecula formation","4/1357","15/25615",0.266666666666667,5.03365266519283,3.69594309683213,0.00668839763358055,0.0404198178721745,0.0404198178721745,"Egln1/Adgrg6/Nkx2-5/Adamts1",4
"GO:0110095","cellular detoxification of aldehyde","4/1357","15/25615",0.266666666666667,5.03365266519283,3.69594309683213,0.00668839763358055,0.0404198178721745,0.0404198178721745,"Hagh/Esd/Park7/Aldh2",4
"GO:0014032","neural crest cell development","11/1357","88/25615",0.125,2.35952468680914,3.02154923666188,0.00671122306861241,0.0404815934204377,0.0404815934204377,"Cfl1/Sox9/Sema3c/Sema4g/Ednrb/Foxc1/Edn1/Hes1/Nrtn/Cited2/Bmp4",11
"GO:1903036","positive regulation of response to wounding","11/1357","88/25615",0.125,2.35952468680914,3.02154923666188,0.00671122306861241,0.0404815934204377,0.0404815934204377,"Adra2a/Emilin2/S100a9/F3/Mdk/Thbs1/Serpine1/Cldn3/Cd24a/Cxcr4/F2r",11
"GO:0033559","unsaturated fatty acid metabolic process","17/1357","165/25615",0.103030303030303,1.94482034791541,2.87970796178911,0.00672806450163357,0.0405451091543096,0.0405451091543096,"Ptgs1/Ptgs2/Fads3/Ephx1/Ephx2/Scd1/Pdpn/Akr1c18/Edn1/Elovl4/Gstm1/Mif/Gstp1/Sphk1/Scp2/Cyp2s1/Fabp5",17
"GO:0030073","insulin secretion","25/1357","277/25615",0.0902527075812274,1.70362793271418,2.78482507660848,0.0068079737703568,0.0409882132153441,0.0409882132153441,"Agt/Adra2a/Acvr2b/Ppp3ca/Uqcc2/Glp1r/Lepr/Pck2/Cd38/Vsnl1/Hmgn3/Ptprv/Slc9b2/Sybu/Pim3/Rapgef4/Camk2n1/Nos2/Aldoa/Park7/Il6/Pde3b/Rab3a/Gpr68/Vgf",25
"GO:0090277","positive regulation of peptide hormone secretion","16/1357","152/25615",0.105263157894737,1.98696815731296,2.88649813152729,0.00687362255080153,0.0413447109235478,0.0413447109235478,"Agt/Tnfsf11/Glp1r/Lepr/Pck2/Cd38/Ffar4/Vsnl1/Clcf1/Sybu/Nmu/Ecrg4/Camk2n1/Aldoa/Prkd1/Gpr68",16
"GO:0003300","cardiac muscle hypertrophy","14/1357","126/25615",0.111111111111111,2.09735527716368,2.9205003389263,0.00695424351452364,0.0417633320574046,0.0417633320574046,"Agt/Jund/Ppp3ca/Bmp2/Rgs4/Gata6/Gata4/Errfi1/Atp2b4/Edn1/Ece1/Bmp4/Klf15/Pparg",14
"GO:0007616","long-term memory","7/1357","43/25615",0.162790697674419,3.07286935956539,3.21754731809793,0.00696272239001873,0.0417633320574046,0.0417633320574046,"Acss2/Adcy1/Lcn2/Tac1/Sgk1/Camk2n1/Slc2a4",7
"GO:0042092","type 2 immune response","7/1357","43/25615",0.162790697674419,3.07286935956539,3.21754731809793,0.00696272239001873,0.0417633320574046,0.0417633320574046,"Ecm1/Clcf1/Il33/Ndfip1/Arg2/Il6/Arg1",7
"GO:0050850","positive regulation of calcium-mediated signaling","9/1357","65/25615",0.138461538461538,2.61362734538858,3.08081486928148,0.00704876375229638,0.0420289428593148,0.0420289428593148,"Calcr/Camta1/Ppp3ca/Cdh13/Prnp/Edn1/Ramp3/Ccl3/Ada",9
"GO:0003209","cardiac atrium morphogenesis","6/1357","33/25615",0.181818181818182,3.43203590808602,3.30644144514769,0.00706588703114259,0.0420289428593148,0.0420289428593148,"Bmp2/Nkx2-5/Gata4/Tbx20/Zfpm1/Ccn1",6
"GO:0033598","mammary gland epithelial cell proliferation","6/1357","33/25615",0.181818181818182,3.43203590808602,3.30644144514769,0.00706588703114259,0.0420289428593148,0.0420289428593148,"Tnfsf11/Bax/Zfp703/Cebpb/Agap2/Id2",6
"GO:0060512","prostate gland morphogenesis","6/1357","33/25615",0.181818181818182,3.43203590808602,3.30644144514769,0.00706588703114259,0.0420289428593148,0.0420289428593148,"Ar/Sox9/Mmp2/Sulf1/Tnc/Bmp4",6
"GO:0060669","embryonic placenta morphogenesis","6/1357","33/25615",0.181818181818182,3.43203590808602,3.30644144514769,0.00706588703114259,0.0420289428593148,0.0420289428593148,"Rspo3/Ncoa1/Cdkn1c/Zfp36l1/Adm/Ccn1",6
"GO:0070972","protein localization to endoplasmic reticulum","6/1357","33/25615",0.181818181818182,3.43203590808602,3.30644144514769,0.00706588703114259,0.0420289428593148,0.0420289428593148,"Bcap31/Pck1/Vapa/Btf3/Insig1/Ppp1r15a",6
"GO:0141163","positive regulation of cAMP/PKA signal transduction","6/1357","33/25615",0.181818181818182,3.43203590808602,3.30644144514769,0.00706588703114259,0.0420289428593148,0.0420289428593148,"Calcr/Adcyap1r1/Adipoq/Ece1/Mif/Ramp3",6
"GO:1902110","positive regulation of mitochondrial membrane permeability involved in apoptotic process","6/1357","33/25615",0.181818181818182,3.43203590808602,3.30644144514769,0.00706588703114259,0.0420289428593148,0.0420289428593148,"Ier3/Bax/Bnip3/Mpv17l/Atp5if1/Hspa1a",6
"GO:1904321","response to forskolin","6/1357","33/25615",0.181818181818182,3.43203590808602,3.30644144514769,0.00706588703114259,0.0420289428593148,0.0420289428593148,"Jund/Adcy1/Cftr/Akr1c18/Rap1a/Fos",6
"GO:0050810","regulation of steroid biosynthetic process","12/1357","101/25615",0.118811881188119,2.2427165339968,2.95967905024812,0.00712757595743447,0.0423175119690934,0.0423175119690934,"Pck1/Bmp6/Bmp2/Ces1a/Insig1/Star/Marchf6/Akr1c18/Pex2/Scp2/Ppargc1a/Gfi1",12
"GO:0071677","positive regulation of mononuclear cell migration","12/1357","101/25615",0.118811881188119,2.2427165339968,2.95967905024812,0.00712757595743447,0.0423175119690934,0.0423175119690934,"Spi1/Lgals3/Ptk2b/Mdk/Thbs1/Serpine1/Jam2/Mstn/Mmp14/Selenok/Ccl3/Cxcl14",12
"GO:0030183","B cell differentiation","17/1357","166/25615",0.102409638554217,1.933104562687,2.85266075067409,0.00713663529928934,0.042332174665406,0.042332174665406,"Spi1/Ptk2b/Prdm1/Bax/Clcf1/Zfp36l1/Gpr183/Tpd52/Id2/Flt3/Mmp14/Dnajb9/Cd19/Il6/Nfatc1/Fosl2/Ada",17
"GO:0031018","endocrine pancreas development","8/1357","54/25615",0.148148148148148,2.7964737028849,3.12557521663518,0.00720805534431896,0.0426377049096731,0.0426377049096731,"Bmp6/Sox9/Gata6/Cftr/Hes1/Il6/Pde3b/Bmp4",8
"GO:0046365","monosaccharide catabolic process","8/1357","54/25615",0.148148148148148,2.7964737028849,3.12557521663518,0.00720805534431896,0.0426377049096731,0.0426377049096731,"Khk/Glb1/Galm/Eno1/Pfkp/Aldoa/Gapdh/Pgam1",8
"GO:0060043","regulation of cardiac muscle cell proliferation","8/1357","54/25615",0.148148148148148,2.7964737028849,3.12557521663518,0.00720805534431896,0.0426377049096731,0.0426377049096731,"Nkx2-5/Gata6/Gata4/Pim1/Tbx20/Tbx2/Cxadr/Cited2",8
"GO:0007611","learning or memory","31/1357","367/25615",0.0844686648501362,1.59444719980563,2.71290107429804,0.00734086500243194,0.043383364099009,0.043383364099009,"Agt/Nr4a2/Amph/C1ql1/Itga3/Glp1r/Abca7/Plk2/Ptgs1/Gpr88/Ptgs2/Mdk/Acss2/Adcy1/Mme/Tafa2/Lcn2/Tac1/Brinp1/Scn2a/Sgk1/Prnp/Cebpb/Syt11/Itga8/Camk2n1/Slc6a4/Slc2a4/Fos/Cdk5/Dcaf11",31
"GO:0170062","nutrient storage","13/1357","114/25615",0.114035087719298,2.15254883708904,2.91698561532018,0.00735922546123272,0.0434518973924255,0.0434518973924255,"Phlda2/Lpl/Gba1/Cidec/Ces1a/Tle6/Bscl2/Mest/Alkbh7/Fabp4/Hilpda/Cry2/Pparg",13
"GO:0048813","dendrite morphogenesis","20/1357","208/25615",0.0961538461538462,1.81501898985318,2.79141129921943,0.00747607997562968,0.0441013202602802,0.0441013202602802,"Cfl1/Ppp3ca/Fmn1/Dvl1/Lzts3/Obsl1/Sgk1/Ptprd/Id1/Zfp365/Nedd4l/Vldlr/Celsr2/Epha4/Hecw1/Mapk8/Mapre3/Pqbp1/Cdk5/Efna1",20
"GO:1903305","regulation of regulated secretory pathway","17/1357","167/25615",0.101796407185629,1.92152908626373,2.82580107180042,0.00756497923890016,0.0443810075474381,0.0443810075474381,"Hmox1/Adra2a/Spi1/Ppp3ca/Cacna1i/Dvl1/Tac1/Slc4a8/Syt11/Rab15/Stxbp2/Rap1a/Scamp5/Cacna1g/Syt12/Cdk5/Rab3a",17
"GO:0010232","vascular transport","5/1357","24/25615",0.208333333333333,3.9325411446819,3.39943887963769,0.00757185309339853,0.0443810075474381,0.0443810075474381,"Abcb1a/Slc2a1/Slc16a2/Slc27a1/Fabp5",5
"GO:0018126","protein hydroxylation","5/1357","24/25615",0.208333333333333,3.9325411446819,3.39943887963769,0.00757185309339853,0.0443810075474381,0.0443810075474381,"Crtap/Plod1/P4ha2/Ero1a/Egln3",5
"GO:0031952","regulation of protein autophosphorylation","5/1357","24/25615",0.208333333333333,3.9325411446819,3.39943887963769,0.00757185309339853,0.0443810075474381,0.0443810075474381,"Tom1l1/Vegfa/Errfi1/Prlr/Ppp2r5b",5
"GO:0042953","lipoprotein transport","5/1357","24/25615",0.208333333333333,3.9325411446819,3.39943887963769,0.00757185309339853,0.0443810075474381,0.0443810075474381,"Mttp/Unc119/Vmp1/Lrp2/Pparg",5
"GO:0043117","positive regulation of vascular permeability","5/1357","24/25615",0.208333333333333,3.9325411446819,3.39943887963769,0.00757185309339853,0.0443810075474381,0.0443810075474381,"Pde3a/Bmp6/Vegfa/Ocln/Fgfbp3",5
"GO:0044321","response to leptin","5/1357","24/25615",0.208333333333333,3.9325411446819,3.39943887963769,0.00757185309339853,0.0443810075474381,0.0443810075474381,"Lepr/Star/Edn1/Lrp2/Car3",5
"GO:0045682","regulation of epidermis development","9/1357","66/25615",0.136363636363636,2.57402693106451,3.02829586747562,0.00778777180529098,0.0455634299427953,0.0455634299427953,"Elapor2/Msx2/Vdr/Errfi1/Zfp36l1/Foxc1/Hes1/Zfp36/Bmp4",9
"GO:0070231","T cell apoptotic process","9/1357","66/25615",0.136363636363636,2.57402693106451,3.02829586747562,0.00778777180529098,0.0455634299427953,0.0455634299427953,"Tsc22d3/Lgals3/Bax/Bbc3/Ripk3/Arg2/Bmp4/Efna1/Ada",9
"GO:0035282","segmentation","13/1357","115/25615",0.11304347826087,2.13383102111435,2.88222775140071,0.00790623057900127,0.0461096593538456,0.0461096593538456,"Irx1/Egr2/Irx2/Sema3c/Ifitm1/Six1/Zic2/Hoxa2/Sfrp2/Foxc1/Meox1/Osr1/Bmp4",13
"GO:0055078","sodium ion homeostasis","7/1357","44/25615",0.159090909090909,3.00303141957527,3.14515008353562,0.00790984505104885,0.0461096593538456,0.0461096593538456,"Agt/Spp1/Ext1/Slc9b2/Ednrb/Sgk1/Edn1",7
"GO:1902175","regulation of oxidative stress-induced intrinsic apoptotic signaling pathway","7/1357","44/25615",0.159090909090909,3.00303141957527,3.14515008353562,0.00790984505104885,0.0461096593538456,0.0461096593538456,"Mmp2/Fzd1/Gata4/Hspb1/Vnn1/Park7/Car3",7
"GO:1902742","apoptotic process involved in development","7/1357","44/25615",0.159090909090909,3.00303141957527,3.14515008353562,0.00790984505104885,0.0461096593538456,0.0461096593538456,"Spi1/Vdr/Xkr6/Bax/Nkx2-5/Foxc1/Ccn1",7
"GO:0006801","superoxide metabolic process","10/1357","78/25615",0.128205128205128,2.42002531980424,2.97070537370847,0.00798890668340045,0.0464861743968881,0.0464861743968881,"Agt/Mt3/Acp5/Edn1/Nos2/Nqo1/Gstp1/Park7/Cxcl1/Gch1",10
"GO:0070228","regulation of lymphocyte apoptotic process","10/1357","78/25615",0.128205128205128,2.42002531980424,2.97070537370847,0.00798890668340045,0.0464861743968881,0.0464861743968881,"Tsc22d3/Lgals3/Bax/Bbc3/Mif/Ripk3/Arg2/Bmp4/Efna1/Ada",10
"GO:0072175","epithelial tube formation","17/1357","168/25615",0.101190476190476,1.91009141313121,2.79912629008834,0.00801376562819602,0.046588624792336,0.046588624792336,"Cfl1/Irx1/Sox9/Irx2/Zic5/Vegfa/Lmo4/Six1/Rps7/Zic2/Sfrp2/Adm/Osr1/Cited2/Lrp2/Bmp4/Tgif1",17
"GO:0045940","positive regulation of steroid metabolic process","8/1357","55/25615",0.145454545454545,2.74562872646881,3.06516551422671,0.00805276168576217,0.0466464752654068,0.0466464752654068,"Pck1/Agt/Bmp6/Ces1a/Insig1/Star/Scp2/Ppargc1a",8
"GO:0046148","pigment biosynthetic process","8/1357","55/25615",0.145454545454545,2.74562872646881,3.06516551422671,0.00805276168576217,0.0466464752654068,0.0466464752654068,"Cited1/Trpc1/Sox2/Slc6a9/Cdh3/Alas2/Ddt/Atp5if1",8
"GO:0048713","regulation of oligodendrocyte differentiation","8/1357","55/25615",0.145454545454545,2.74562872646881,3.06516551422671,0.00805276168576217,0.0466464752654068,0.0466464752654068,"Mdk/Il33/Cxcr4/Zfp365/Hes1/Id2/Bmp4/Pparg",8
"GO:0070849","response to epidermal growth factor","8/1357","55/25615",0.145454545454545,2.74562872646881,3.06516551422671,0.00805276168576217,0.0466464752654068,0.0466464752654068,"Cfl1/Sox9/Errfi1/Zfp36l1/Foxc1/Gstp1/Fos/Zfp36",8
"GO:0021697","cerebellar cortex formation","6/1357","34/25615",0.176470588235294,3.33109367549525,3.21692959639065,0.00820328620763748,0.0472627000877697,0.0472627000877697,"Gba1/Cend1/Cbln1/Faim2/Cdk5/Whrn",6
"GO:0035116","embryonic hindlimb morphogenesis","6/1357","34/25615",0.176470588235294,3.33109367549525,3.21692959639065,0.00820328620763748,0.0472627000877697,0.0472627000877697,"Msx1/Msx2/Pitx1/Osr1/Bmp4/Mecom",6
"GO:0045662","negative regulation of myoblast differentiation","6/1357","34/25615",0.176470588235294,3.33109367549525,3.21692959639065,0.00820328620763748,0.0472627000877697,0.0472627000877697,"Sox9/Mstn/Ddit3/Bmp4/Sra1/Cxcl14",6
"GO:0048745","smooth muscle tissue development","6/1357","34/25615",0.176470588235294,3.33109367549525,3.21692959639065,0.00820328620763748,0.0472627000877697,0.0472627000877697,"Sox9/Six1/Itga8/Osr1/Bmp4/Fosl2",6
"GO:0060487","lung epithelial cell differentiation","6/1357","34/25615",0.176470588235294,3.33109367549525,3.21692959639065,0.00820328620763748,0.0472627000877697,0.0472627000877697,"Sox9/Klf2/Tmem38b/Gata6/Thrb/Rbbp9",6
"GO:0097205","renal filtration","6/1357","34/25615",0.176470588235294,3.33109367549525,3.21692959639065,0.00820328620763748,0.0472627000877697,0.0472627000877697,"Ppp3ca/Itga3/Xpnpep3/Sulf1/Edn1/F2r",6
"GO:0001838","embryonic epithelial tube formation","16/1357","155/25615",0.103225806451613,1.9485107091069,2.80143157071673,0.00824914734276011,0.0474843391844901,0.0474843391844901,"Cfl1/Irx1/Sox9/Irx2/Zic5/Lmo4/Six1/Rps7/Zic2/Sfrp2/Adm/Osr1/Cited2/Lrp2/Bmp4/Tgif1",16
"GO:0072524","pyridine-containing compound metabolic process","20/1357","210/25615",0.0952380952380952,1.79773309471172,2.74541996661588,0.0082767816459928,0.0476007567536775,0.0476007567536775,"Khk/Uchl1/Mttp/Nmnat1/Slc37a2/Fmo2/Ier3/Slc4a1/Aldoc/Eno1/Nudt17/Pfkp/Aldoa/Nqo1/Tkt/Qprt/Gapdh/Pgam1/Ppargc1a/Ddit4",20
"GO:0006836","neurotransmitter transport","23/1357","253/25615",0.0909090909090909,1.71601795404301,2.7070330268288,0.00843970397741846,0.0484943276842005,0.0484943276842005,"Slc6a8/Nr4a1/Ppp3ca/Syngr3/Dvl1/Slc6a9/Slc4a8/Slc6a17/Syt11/Slc6a2/Slc6a4/Stxbp2/Best1/Rap1a/Erc2/Sphk1/Park7/Kcnj8/Syt12/Cdk5/Snca/Rab3a/Slc1a7",23
"GO:0022898","regulation of transmembrane transporter activity","17/1357","169/25615",0.100591715976331,1.89878909707718,2.77263382367172,0.00848367266557166,0.0487034076886795,0.0487034076886795,"Cfl1/Kcne3/S100a1/Atpsckmt/Cacng7/Hcn1/Stac2/Vmp1/Pim1/Fxyd2/Edn1/Cnih2/Nedd4l/Rasgrf1/Park7/Ppargc1a/Bmp4",17
"GO:0022900","electron transport chain","14/1357","129/25615",0.108527131782946,2.04857957304359,2.823881963188,0.00851115305484978,0.0487739939557136,0.0487739939557136,"Sdhb/Gba1/Higd1a/Etfb/Ndufa11/Ndufb7/Ndufs8/Cox4i1/Ndufv3/Ndufb4/Cox4i2/Park7/Ppargc1a/Snca",14
"GO:0046031","ADP metabolic process","14/1357","129/25615",0.108527131782946,2.04857957304359,2.823881963188,0.00851115305484978,0.0487739939557136,0.0487739939557136,"Khk/Uchl1/Mttp/Ak4/Ier3/Slc4a1/Aldoc/Eno1/Pfkp/Aldoa/Gapdh/Pgam1/Ppargc1a/Ddit4",14
"GO:0010881","regulation of cardiac muscle contraction by regulation of the release of sequestered calcium ion","4/1357","16/25615",0.25,4.71904937361828,3.51950483167566,0.00854882281878131,0.0489026160176769,0.0489026160176769,"Tmem38b/Casq2/Tmem38a/Gsto1",4
"GO:0043584","nose development","4/1357","16/25615",0.25,4.71904937361828,3.51950483167566,0.00854882281878131,0.0489026160176769,0.0489026160176769,"Msx1/Sox2/Six1/Aldh1a3",4
"GO:0033344","cholesterol efflux","9/1357","67/25615",0.134328358208955,2.53560861866057,2.97673805188269,0.00858434285454891,0.0490185053312197,0.0490185053312197,"Adipoq/Eepd1/Abca7/Abca8b/Abca5/Ces1a/Abca8a/Scp2/Pparg",9
"GO:0070542","response to fatty acid","9/1357","67/25615",0.134328358208955,2.53560861866057,2.97673805188269,0.00858434285454891,0.0490185053312197,0.0490185053312197,"Fabp3/Lpl/Hmox1/Jund/Sox9/Pdk4/Scd1/Edn1/Hes1",9
"GO:0060612","adipose tissue development","11/1357","91/25615",0.120879120879121,2.28173815867257,2.89698850961027,0.00860075610715537,0.0490250729657197,0.0490250729657197,"Arrdc3/Lpl/Spi1/Ncoa1/Bscl2/Errfi1/Id2/Ppargc1a/Ebf2/Fosl2/Pparg",11
"GO:0072332","intrinsic apoptotic signaling pathway by p53 class mediator","11/1357","91/25615",0.120879120879121,2.28173815867257,2.89698850961027,0.00860075610715537,0.0490250729657197,0.0490250729657197,"Msx1/Cdkn1a/Pmaip1/Marchf7/Bax/Bdkrb2/Rpl26/Rps7/Bbc3/Mif/Ddit4",11
"GO:0035148","tube formation","18/1357","183/25615",0.0983606557377049,1.8566751633908,2.75075932609915,0.00862821251870055,0.0490944528079117,0.0490944528079117,"Cfl1/Irx1/Sox9/Irx2/Zic5/Vegfa/Lmo4/Six1/Rps7/Zic2/Sfrp2/Adm/Osr1/Cited2/Lrp2/Atoh8/Bmp4/Tgif1",18
"GO:0060078","regulation of postsynaptic membrane potential","18/1357","183/25615",0.0983606557377049,1.8566751633908,2.75075932609915,0.00862821251870055,0.0490944528079117,0.0490944528079117,"Ppp3ca/Celf4/Plk2/Hcn1/Ptk2b/Rgs4/Gabra3/Gabre/Dvl1/Mpp2/P2rx6/Cbln1/Elovl4/P2rx5/Cdk5/Snca/Begain/Slc1a7",18
"GO:0035904","aorta development","10/1357","79/25615",0.126582278481013,2.38939208790799,2.92525050348717,0.00872425655423721,0.0495970124817875,0.0495970124817875,"Egr2/Prdm1/Lox/Six1/Adamts6/Smad6/Tbx2/Cxcr4/Hes1/Lrp2",10
"GO:0043254","regulation of protein-containing complex assembly","37/1357","463/25615",0.0799136069114471,1.50846502655617,2.61135821372146,0.00873682906351692,0.0496245710910988,0.0496245710910988,"Cfl1/Gba1/Stxbp6/Baiap2l1/Sox9/Add2/Lgals3/Tmod1/Togaram1/Ptk2b/Fmn1/Vegfa/Syngr3/Lmo4/Bax/Mtln/Slit2/Rpl13a/Sgk1/Syt11/Cdc42ep2/Bbc3/Arpc3/Hes1/Fbxl2/Zdhhc12/Cracd/Ssh3/Mapk8/Park7/Mapre3/Ppp2r5b/Prkd1/Snca/Bbs10/Rab3a/Hspa1a",37
