"ID","Description","GeneRatio","BgRatio","RichFactor","FoldEnrichment","zScore","pvalue","p.adjust","qvalue","geneID","Count"
"GO:0022409","positive regulation of cell-cell adhesion","61/1399","338/25615",0.180473372781065,3.30437844445102,10.2505164255876,1.26445026106531e-16,8.12282847708354e-13,8.12282847708354e-13,"Ephb4/Gli3/Xcl1/Nlrp3/Itpkb/Rasal3/Piezo1/Fadd/Ptk2/Il12rb2/Efnb1/Pdcd1lg2/Ccr7/Kif26b/Ptpn22/Sirpb1b/Irf1/Card11/Il2ra/Cd55/Lck/Zfp609/H2-Aa/Gimap3/Ccl2/Sell/Pkp3/Itga4/Mmrn1/Irgm1/Hspd1/Rhoh/H2-Ab1/Tnfrsf14/Abl2/Sash3/H2-DMb1/Cd74/Hsph1/Cdh1/Klhl25/Prkcq/Il7/Smarcd1/Tnfsf4/Cd276/Il18/Sirpb1a/Skap1/H2-DMa/Il6ra/Myo10/H2-Eb1/Ccl5/Lef1/Cd83/Ccr5/Itgal/Igf2/Icosl/Pawr",61
"GO:0051251","positive regulation of lymphocyte activation","60/1399","338/25615",0.177514792899408,3.2502083060174,10.0095525790773,4.99429904765547e-16,1.60416885410694e-12,1.60416885410694e-12,"Ephb4/Gli3/Xcl1/Nlrp3/Itpkb/Rasal3/Fadd/Tacr1/Il12rb2/Efnb1/Pdcd1lg2/Tlr9/Ccr7/Ptpn22/Sirpb1b/Irf1/Card11/Il2ra/Cd55/Lck/Zfp609/H2-Aa/Gimap3/Ccl2/Nod2/Bcl2/Tnfrsf4/Irgm1/Hspd1/Rhoh/H2-Ab1/Tnfrsf14/Abl2/Tbx21/Atad5/Sash3/H2-DMb1/Cd74/Hsph1/Tirap/Klhl25/Prkcq/Il7/Smarcd1/Tnfsf4/Il15ra/Cd276/Slc39a10/Il18/Sirpb1a/H2-DMa/Clec7a/H2-Eb1/Ccl5/Lef1/Cd83/Itgal/Ighm/Igf2/Icosl",60
"GO:0007159","leukocyte cell-cell adhesion","69/1399","438/25615",0.157534246575342,2.88437435741772,9.56089628116823,1.83101577521503e-15,3.92081511332713e-12,3.92081511332713e-12,"Ephb4/Gli3/Xcl1/Nlrp3/Itpkb/Rasal3/Fadd/Ass1/Il12rb2/Efnb1/Pdcd1lg2/Selplg/Ccr7/Ptpn22/Fgl2/Sirpb1b/Irf1/Cbl/Card11/Il2ra/Cd55/Lck/Itgax/Msn/Zfp609/H2-Aa/Loxl3/Gimap3/Ccl2/Sell/Itga4/Irgm1/Hspd1/Rhoh/H2-Ab1/Zdhhc21/Tnfrsf14/Fut9/Abl2/Tbx21/Sash3/Cxcl12/H2-DMb1/Slfn1/Cd74/Stk10/Hsph1/Klhl25/Csk/Prkcq/Il7/Smarcd1/Tnfsf4/Cd276/Il18/Sirpb1a/Skap1/H2-DMa/Wnk1/H2-Eb1/Laptm5/Ccl5/Lef1/Cd83/Itgal/Igf2/Gpr35/Icosl/Pawr",69
"GO:1903037","regulation of leukocyte cell-cell adhesion","64/1399","393/25615",0.162849872773537,2.98170085138967,9.51570492319588,3.90093680050295e-15,5.14083273425682e-12,5.14083273425682e-12,"Ephb4/Gli3/Xcl1/Nlrp3/Itpkb/Rasal3/Fadd/Ass1/Il12rb2/Efnb1/Pdcd1lg2/Ccr7/Ptpn22/Fgl2/Sirpb1b/Irf1/Cbl/Card11/Il2ra/Cd55/Lck/Zfp609/H2-Aa/Loxl3/Gimap3/Ccl2/Sell/Itga4/Irgm1/Hspd1/Rhoh/H2-Ab1/Zdhhc21/Tnfrsf14/Fut9/Abl2/Tbx21/Sash3/Cxcl12/H2-DMb1/Slfn1/Cd74/Hsph1/Klhl25/Csk/Prkcq/Il7/Smarcd1/Tnfsf4/Cd276/Il18/Sirpb1a/Skap1/H2-DMa/Wnk1/H2-Eb1/Laptm5/Ccl5/Lef1/Cd83/Itgal/Igf2/Icosl/Pawr",64
"GO:0035458","cellular response to interferon-beta","25/1399","67/25615",0.373134328358209,6.83190551886742,11.4885649263001,4.00127080810774e-15,5.14083273425682e-12,5.14083273425682e-12,"Oas1g/Ifi203/Gbp2/Ifi47/Ifi209/Traf3ip3/Oas1b/Iigp1c/Oas1a/Irf1/Gbp7/F830016B08Rik/Tgtp1/Oas1c/Tgtp2/Igtp/Mndal/Irgm1/Gm4841/9930111J21Rik1/Gbp6/Stat1/Sting1/Iigp1/Irgm2",25
"GO:0002696","positive regulation of leukocyte activation","62/1399","376/25615",0.164893617021277,3.01912080057184,9.48017838415926,5.8289913777364e-15,6.24090676842977e-12,6.24090676842977e-12,"Ephb4/Gli3/Xcl1/Nlrp3/Itpkb/Rasal3/Fadd/Tacr1/Il12rb2/Efnb1/Pdcd1lg2/Tlr9/Ccr7/Ptpn22/Sirpb1b/Irf1/Card11/Il2ra/Cd55/Lck/Zfp609/H2-Aa/Gimap3/Ccl2/Nod2/Bcl2/Il1rl1/Tnfrsf4/Irgm1/Hspd1/Rhoh/H2-Ab1/Tnfrsf14/Abl2/Tbx21/Atad5/Sash3/H2-DMb1/Cd74/Hsph1/Klrk1/Tirap/Klhl25/Prkcq/Il7/Smarcd1/Tnfsf4/Il15ra/Cd276/Slc39a10/Il18/Sirpb1a/H2-DMa/Clec7a/H2-Eb1/Ccl5/Lef1/Cd83/Itgal/Ighm/Igf2/Icosl",62
"GO:1903039","positive regulation of leukocyte cell-cell adhesion","52/1399","281/25615",0.185053380782918,3.38823613206179,9.67553297288024,7.87625351841992e-15,7.22815037176137e-12,7.22815037176137e-12,"Ephb4/Gli3/Xcl1/Nlrp3/Itpkb/Rasal3/Fadd/Il12rb2/Efnb1/Pdcd1lg2/Ccr7/Ptpn22/Sirpb1b/Irf1/Card11/Il2ra/Cd55/Lck/Zfp609/H2-Aa/Gimap3/Ccl2/Sell/Itga4/Irgm1/Hspd1/Rhoh/H2-Ab1/Tnfrsf14/Abl2/Sash3/H2-DMb1/Cd74/Hsph1/Klhl25/Prkcq/Il7/Smarcd1/Tnfsf4/Cd276/Il18/Sirpb1a/Skap1/H2-DMa/H2-Eb1/Ccl5/Lef1/Cd83/Itgal/Igf2/Icosl/Pawr",52
"GO:0002833","positive regulation of response to biotic stimulus","72/1399","485/25615",0.148453608247423,2.71811234829002,9.18168818995077,1.03107454480713e-14,7.37505285660123e-12,7.37505285660123e-12,"Rigi/Oas1g/Xcl1/Nlrp3/Ubqln1/Map3k20/Ifi203/Gbp2/Fadd/P2rx7/Ifi209/Rnf144a/Slc15a3/Trim30a/Sh2d1b1/Inava/Tlr9/Traf3ip3/Oas1b/Zcchc3/Ptpn22/Rab7b/Tlr8/Oas1a/Parp1/Oas3/Scimp/Irf1/Gbp7/Sh2d1a/Oas1c/Klrc1/Gzmc/Traf3/Adcy7/Prf1/Trim56/Lrrc14/Oasl1/Letmd1/Gsdmd/Il18rap/Igtp/Gimap3/Klrd1/Nod2/Mndal/Tspan6/Mapkapk3/Plcg2/Irgm1/Hspd1/Cgas/Cul5/Tril/Cd74/Klrk1/Tirap/Gzmb/Parp9/Sting1/Nono/Clec7a/Ipo5/Nlrc5/Klre1/Klri2/Irgm2/Masp1/Dhx9/Mapk11/Zdhhc3",72
"GO:0050867","positive regulation of cell activation","64/1399","401/25615",0.159600997506234,2.9222155476213,9.325019606099,1.03828696903038e-14,7.37505285660123e-12,7.37505285660123e-12,"Ephb4/Gli3/Xcl1/Nlrp3/Itpkb/Rasal3/Fadd/Tacr1/Il12rb2/Efnb1/Pdcd1lg2/Tlr9/Ccr7/Ptpn22/Sirpb1b/Irf1/Card11/Il2ra/Cd55/Lck/Zfp609/H2-Aa/Gimap3/Ccl2/Nod2/Bcl2/Il1rl1/Tnfrsf4/Irgm1/Hspd1/Rhoh/H2-Ab1/Tnfrsf14/Pear1/Abl2/Tbx21/Atad5/Sash3/H2-DMb1/Cd74/Hsph1/Klrk1/Tirap/Klhl25/Prkcq/Il7/Smarcd1/Tnfsf4/Il15ra/Cd276/Slc39a10/Il18/Sirpb1a/H2-DMa/Clec7a/H2-Eb1/Ccl5/Lef1/Cd83/Itgal/Ighm/Igf2/Smo/Icosl",64
"GO:0045089","positive regulation of innate immune response","69/1399","454/25615",0.151982378854626,2.78272239768494,9.21179054010177,1.14804683321937e-14,7.37505285660123e-12,7.37505285660123e-12,"Rigi/Oas1g/Xcl1/Nlrp3/Ubqln1/Map3k20/Ifi203/Gbp2/Fadd/P2rx7/Ifi209/Rnf144a/Slc15a3/Trim30a/Sh2d1b1/Inava/Tlr9/Traf3ip3/Oas1b/Zcchc3/Ptpn22/Rab7b/Tlr8/Oas1a/Parp1/Oas3/Scimp/Irf1/Gbp7/Sh2d1a/Oas1c/Klrc1/Traf3/Adcy7/Trim56/Lrrc14/Oasl1/Letmd1/Gsdmd/Il18rap/Igtp/Gimap3/Klrd1/Nod2/Mndal/Tspan6/Mapkapk3/Plcg2/Irgm1/Hspd1/Cgas/Cul5/Tril/Cd74/Klrk1/Tirap/Parp9/Sting1/Nono/Clec7a/Ipo5/Nlrc5/Klre1/Klri2/Irgm2/Masp1/Dhx9/Mapk11/Zdhhc3",69
"GO:0050870","positive regulation of T cell activation","48/1399","253/25615",0.189723320158103,3.47374041876326,9.50427496976387,3.19353238932946e-14,1.8650229153684e-11,1.8650229153684e-11,"Ephb4/Gli3/Xcl1/Nlrp3/Itpkb/Rasal3/Fadd/Il12rb2/Efnb1/Pdcd1lg2/Ccr7/Ptpn22/Sirpb1b/Irf1/Card11/Il2ra/Cd55/Lck/Zfp609/H2-Aa/Gimap3/Ccl2/Irgm1/Hspd1/Rhoh/H2-Ab1/Tnfrsf14/Abl2/Sash3/H2-DMb1/Cd74/Hsph1/Klhl25/Prkcq/Il7/Smarcd1/Tnfsf4/Cd276/Il18/Sirpb1a/H2-DMa/H2-Eb1/Ccl5/Lef1/Cd83/Itgal/Igf2/Icosl",48
"GO:0002699","positive regulation of immune effector process","52/1399","302/25615",0.172185430463576,3.15263030830915,9.04476876802951,1.58568932258672e-13,8.07988621436745e-11,8.07988621436745e-11,"Rigi/Arid5a/Xcl1/Nlrp3/Fadd/P2rx7/H2-T24/Fzd5/Sh2d1b1/Inava/H2-Q7/Tlr9/Ccr7/Ptpn22/Scimp/Irf1/Fgr/Cd55/Sh2d1a/Klrc1/Gata2/H2-D1/Il18rap/Gimap3/Klrd1/Ccl2/Nod2/Sell/Dennd1b/Tnfrsf4/Plcg2/Hspd1/H2-Q6/Tnfrsf14/Myo18a/H2-Q4/Tbx21/Atad5/Sash3/H2-DMb1/Cd74/Klrk1/Tnfsf4/Il18/Raet1a/Clec7a/Laptm5/Klre1/Klri2/Ighm/Masp1/H2-K1",52
"GO:0035456","response to interferon-beta","25/1399","77/25615",0.324675324675325,5.94464506187165,10.4443976774571,1.63509527999341e-13,8.07988621436745e-11,8.07988621436745e-11,"Oas1g/Ifi203/Gbp2/Ifi47/Ifi209/Traf3ip3/Oas1b/Iigp1c/Oas1a/Irf1/Gbp7/F830016B08Rik/Tgtp1/Oas1c/Tgtp2/Igtp/Mndal/Irgm1/Gm4841/9930111J21Rik1/Gbp6/Stat1/Sting1/Iigp1/Irgm2",25
"GO:0002218","activation of innate immune response","59/1399","377/25615",0.156498673740053,2.86541352955787,8.77030476623162,2.74450024206955e-13,1.25933353964677e-10,1.25933353964677e-10,"Rigi/Oas1g/Nlrp3/Ubqln1/Map3k20/Ifi203/Gbp2/P2rx7/Ifi209/Rnf144a/Slc15a3/Trim30a/Inava/Tlr9/Traf3ip3/Oas1b/Zcchc3/Ptpn22/Rab7b/Tlr8/Oas1a/Parp1/Oas3/Scimp/Irf1/Gbp7/Oas1c/Klrc1/Traf3/Adcy7/Trim56/Lrrc14/Oasl1/Letmd1/Gsdmd/Igtp/Klrd1/Nod2/Mndal/Tspan6/Mapkapk3/Plcg2/Irgm1/Hspd1/Cgas/Cul5/Tril/Klrk1/Tirap/Sting1/Nono/Clec7a/Ipo5/Klre1/Klri2/Irgm2/Masp1/Mapk11/Zdhhc3",59
"GO:0002697","regulation of immune effector process","66/1399","461/25615",0.143167028199566,2.62131767500492,8.44328419401329,7.48048792905958e-13,3.20364363041858e-10,3.20364363041858e-10,"Rigi/Arid5a/Xcl1/Nlrp3/Fadd/P2rx7/H2-T24/Fzd5/Sh2d1b1/Inava/H2-Q7/Tlr9/Serping1/Ccr7/Ptpn22/Tlr8/Fgl2/Scimp/Irf1/Fgr/Cd55/Klrb1b/Sh2d1a/Klrc1/Gata2/Loxl3/H2-D1/Il18rap/Gimap3/Klrd1/Ccl2/Nod2/Sell/Dennd1b/Tnfrsf4/Pkp3/Plcg2/Hspd1/Serpinb9b/Cgas/H2-Q6/Tnfrsf14/Myo18a/H2-Q4/Tbx21/Atad5/Sash3/H2-DMb1/Tril/Cd74/Klrk1/Tap1/Tnfsf4/Serpinb9/Il18/Raet1a/Clec7a/Laptm5/Klre1/Clec2d/Slamf8/Klri2/Ighm/Igf2/Masp1/H2-K1",66
"GO:0009615","response to virus","64/1399","443/25615",0.144469525959368,2.64516576658271,8.39554746624451,1.10881390742763e-12,4.45188783832192e-10,4.45188783832192e-10,"Klra8/Rigi/Oas1g/Nlrp3/Mx2/Map3k14/Trim44/Gbp2/Fadd/Ncr1/Trim30a/Tlr9/Traf3ip3/Oas1b/Slfn9/Zcchc3/Ptpn22/Tlr8/Oas1a/Apobec3/Fgl2/Oas3/Irf1/Gbp7/Ifit1bl1/Itgax/Tgtp1/Oas1c/Traf3/Prf1/Trim56/Oasl1/Gli2/Tgtp2/Igtp/Zmynd11/Bcl2/Bcl3/Trim27/Irgm1/Cgas/Cul5/Polr3e/Tbx21/Pou2f2/Parp9/Smad3/Tnfsf4/Stat1/Sting1/Oas2/Dtx3l/Oasl2/Adar/Hmga2/Nlrc5/Ccl5/Rnase6/Irgm2/Wdfy4/Trim21/Pml/Dhx9/Mapk11",64
"GO:0002758","innate immune response-activating signaling pathway","54/1399","342/25615",0.157894736842105,2.89097475640495,8.46187764770719,1.96460434015762e-12,7.4238931065721e-10,7.4238931065721e-10,"Rigi/Oas1g/Nlrp3/Ubqln1/Map3k20/Gbp2/P2rx7/Rnf144a/Slc15a3/Trim30a/Inava/Tlr9/Traf3ip3/Oas1b/Zcchc3/Ptpn22/Rab7b/Tlr8/Oas1a/Parp1/Oas3/Scimp/Irf1/Oas1c/Klrc1/Traf3/Adcy7/Trim56/Lrrc14/Oasl1/Letmd1/Gsdmd/Igtp/Klrd1/Nod2/Tspan6/Mapkapk3/Plcg2/Irgm1/Hspd1/Cgas/Cul5/Tril/Klrk1/Tirap/Sting1/Clec7a/Ipo5/Klre1/Klri2/Irgm2/Masp1/Mapk11/Zdhhc3",54
"GO:0050863","regulation of T cell activation","58/1399","394/25615",0.147208121827411,2.69530810622526,8.15101991705589,5.88082198543413e-12,2.09880002413494e-09,2.09880002413494e-09,"Ephb4/Gli3/Xcl1/Nlrp3/Itpkb/Rasal3/Fadd/Il12rb2/Efnb1/Pdcd1lg2/Ccr7/Ptpn22/Fgl2/Sirpb1b/Irf1/Cbl/Card11/Il2ra/Cd55/Lck/Zfp609/H2-Aa/Loxl3/Gimap3/Ccl2/Irgm1/Hspd1/Rhoh/H2-Ab1/Cgas/Tnfrsf14/Abl2/Tbx21/Sash3/H2-DMb1/Slfn1/Cd74/Hsph1/Klhl25/Csk/Prkcq/Il7/Smarcd1/Tnfsf4/Cd276/Il18/Sirpb1a/Fancd2/H2-DMa/H2-Eb1/Laptm5/Ccl5/Lef1/Cd83/Itgal/Igf2/Icosl/Pawr",58
"GO:0070665","positive regulation of leukocyte proliferation","35/1399","172/25615",0.203488372093023,3.72577173063816,8.62116393473133,1.20283689598334e-11,4.06685485252471e-09,4.06685485252471e-09,"Xcl1/Rasal3/Fadd/Ptk2/Tacr1/Il12rb2/Efnb1/Pdcd1lg2/Tlr9/Ccr7/Ptpn22/Card11/Il2ra/Cd55/St6gal1/Bcl2/Csf2rb/Tnfrsf4/Irgm1/Atad5/Sash3/H2-DMb1/Cd74/Tirap/Prkcq/Il7/Tnfsf4/Cd276/Slc39a10/Il18/Ccl5/Itgal/Ighm/Igf2/Icosl",35
"GO:0032946","positive regulation of mononuclear cell proliferation","33/1399","157/25615",0.210191082802548,3.84849505788939,8.60497298653966,1.84165347544262e-11,5.91539096312168e-09,5.91539096312169e-09,"Xcl1/Rasal3/Fadd/Tacr1/Il12rb2/Efnb1/Pdcd1lg2/Tlr9/Ccr7/Ptpn22/Card11/Il2ra/Cd55/St6gal1/Bcl2/Tnfrsf4/Irgm1/Atad5/Sash3/H2-DMb1/Cd74/Tirap/Prkcq/Il7/Tnfsf4/Cd276/Slc39a10/Il18/Ccl5/Itgal/Ighm/Igf2/Icosl",33
"GO:0002753","cytoplasmic pattern recognition receptor signaling pathway","41/1399","234/25615",0.175213675213675,3.20807597612458,8.1557505235486,3.31425290696616e-11,1.01384574639765e-08,1.01384574639765e-08,"Rigi/Oas1g/Nlrp3/Ubqln1/Map3k20/Gbp2/P2rx7/Rnf144a/Slc15a3/Trim30a/Inava/Tlr9/Traf3ip3/Oas1b/Zcchc3/Ptpn22/Rab7b/Tlr8/Oas1a/Parp1/Oas3/Scimp/Irf1/Oas1c/Adcy7/Trim56/Oasl1/Gsdmd/Igtp/Nod2/Tspan6/Plcg2/Irgm1/Cgas/Cul5/Tirap/Sting1/Ipo5/Irgm2/Mapk11/Zdhhc3",41
"GO:0007015","actin filament organization","64/1399","482/25615",0.132780082987552,2.43113783111232,7.62393476401434,4.62009642238609e-11,1.29891911995981e-08,1.29891911995981e-08,"Sorbs1/Srf/Kank2/Actr3/Myh10/Fscn1/Ppp1r9a/Lima1/Tacr1/Dnai3/Iqgap3/Gas7/Arhgap28/Dpysl3/Shank3/Alms1/Abitram/Rapgef3/Iqgap1/Synpo2/Zyx/Magel2/Dbn1/Cit/Cdc42ep5/Bcl2/Shroom4/Trim27/Myo7a/Cnn2/Fat1/Svil/Coro1c/Mical2/Cald1/Arhgef5/Ttn/Cyria/Rhoh/Myo1d/Rhou/Samd14/Abl2/Ppm1f/Arhgap35/Synpo/Smad3/Tpm3-rs7/Prkcq/Phactr1/Arap1/Phldb2/Ssh2/Plec/Clasp1/Myh9/Pcdh15/Xirp2/Diaph2/Tesk1/Sptbn2/Hip1r/Pawr/Nf2",64
"GO:0051607","defense response to virus","52/1399","349/25615",0.148997134670487,2.72806404902396,7.81269119312869,4.65055102102673e-11,1.29891911995981e-08,1.29891911995981e-08,"Rigi/Oas1g/Nlrp3/Mx2/Map3k14/Trim44/Gbp2/Fadd/Ncr1/Trim30a/Tlr9/Traf3ip3/Oas1b/Slfn9/Zcchc3/Ptpn22/Tlr8/Oas1a/Apobec3/Fgl2/Oas3/Irf1/Gbp7/Ifit1bl1/Itgax/Oas1c/Traf3/Prf1/Trim56/Oasl1/Igtp/Zmynd11/Bcl2/Trim27/Irgm1/Cgas/Cul5/Polr3e/Parp9/Stat1/Sting1/Oas2/Dtx3l/Oasl2/Adar/Nlrc5/Ccl5/Rnase6/Irgm2/Trim21/Pml/Dhx9",52
"GO:0002705","positive regulation of leukocyte mediated immunity","37/1399","199/25615",0.185929648241206,3.40428015703967,8.18378790183618,5.09708568865938e-11,1.36431993599783e-08,1.36431993599783e-08,"Rigi/Arid5a/Xcl1/Nlrp3/Fadd/P2rx7/H2-T24/Fzd5/Sh2d1b1/H2-Q7/Scimp/Cd55/Sh2d1a/Klrc1/H2-D1/Il18rap/Gimap3/Klrd1/Ccl2/Nod2/Sell/Dennd1b/Plcg2/Hspd1/H2-Q6/H2-Q4/Tbx21/Atad5/Sash3/Klrk1/Tnfsf4/Il18/Raet1a/Clec7a/Klre1/Klri2/H2-K1",37
"GO:0046631","alpha-beta T cell activation","39/1399","219/25615",0.178082191780822,3.2605970996896,8.07530473541992,6.01113463181134e-11,1.50481526979922e-08,1.50481526979922e-08,"Gli3/Xcl1/Nlrp3/Itpkb/Rasal3/Il12rb2/Ccr7/Ptpn22/Nkg7/Irf1/Cd55/Lck/Dock2/Loxl3/Igtp/Gimap3/Bcl2/Bcl3/Itk/Tmem98/Cdh26/Sema4a/Irgm1/Kmt2a/Tnfrsf14/Abl2/Tbx21/Sash3/Hsph1/Klhl25/Prkcq/Tnfsf4/Il18/Il6ra/Clec4a1/Lef1/Clec2d/Cd83/Wdfy4",39
"GO:0050671","positive regulation of lymphocyte proliferation","32/1399","155/25615",0.206451612903226,3.78002720837465,8.34414902116728,6.09047276070668e-11,1.50481526979922e-08,1.50481526979922e-08,"Xcl1/Rasal3/Fadd/Tacr1/Il12rb2/Efnb1/Pdcd1lg2/Tlr9/Ccr7/Ptpn22/Card11/Il2ra/Cd55/Bcl2/Tnfrsf4/Irgm1/Atad5/Sash3/H2-DMb1/Cd74/Tirap/Prkcq/Il7/Tnfsf4/Cd276/Slc39a10/Il18/Ccl5/Itgal/Ighm/Igf2/Icosl",32
"GO:0001906","cell killing","48/1399","314/25615",0.152866242038217,2.79890549664683,7.70904685683729,1.05048958216729e-10,2.49938706512691e-08,2.49938706512691e-08,"Nts/Xcl1/Gbp2/Fadd/P2rx7/H2-T24/Sh2d1b1/H2-Q7/Fgl2/Nkg7/Rpl30/Gbp7/Nppb/Cd55/Klrb1b/Sh2d1a/Klrc1/Gzmc/Prf1/H2-D1/Il18rap/Igtp/C1ra/Gimap3/Klrd1/Ccl2/Sell/Serpinb9b/H2-Q6/Trem1/H2-Q4/Cxcl12/C1s1/Klrk1/Tap1/Gzmb/Serpinb9/Il18/Raet1a/Klre1/Clec2d/Ccr5/Klri2/Irgm2/Igf2/Masp1/Fcgr4/H2-K1",48
"GO:0002703","regulation of leukocyte mediated immunity","48/1399","320/25615",0.15,2.7464260185847,7.55621307784482,2.04070804440543e-10,4.52052016457257e-08,4.52052016457257e-08,"Rigi/Arid5a/Xcl1/Nlrp3/Fadd/P2rx7/H2-T24/Fzd5/Sh2d1b1/H2-Q7/Tlr9/Scimp/Fgr/Cd55/Klrb1b/Sh2d1a/Klrc1/Gata2/H2-D1/Il18rap/Gimap3/Klrd1/Ccl2/Nod2/Sell/Dennd1b/Plcg2/Hspd1/Serpinb9b/H2-Q6/Tnfrsf14/H2-Q4/Tbx21/Atad5/Sash3/Klrk1/Tap1/Tnfsf4/Serpinb9/Il18/Raet1a/Clec7a/Klre1/Clec2d/Klri2/Ighm/Igf2/H2-K1",48
"GO:1901888","regulation of cell junction assembly","48/1399","320/25615",0.15,2.7464260185847,7.55621307784482,2.04070804440543e-10,4.52052016457257e-08,4.52052016457257e-08,"Kdr/Actr3/Ppp1r9a/Gpm6b/Ptk2/Aplnr/Fzd5/Sdc2/Asic1/Rap2a/Crmp1/Col16a1/Epha3/Ace/Iqgap1/Psd/Prickle2/Bhlhb9/Srpx2/Robo1/Coro1c/S1pr2/Abi3/Sema4a/Cldn1/Mycbp2/Cul5/Iglon5/Xlr3b/Ppm1f/Slitrk6/Enpp2/Farp1/Smad3/Dlg4/Ccdc141/Elavl2/Phldb2/Sema4c/Eif4g1/Dock1/Clasp1/Lrrc15/Myh9/Arhgap32/Vcl/Senp1/Peak1",48
"GO:0030522","intracellular receptor signaling pathway","60/1399","454/25615",0.13215859030837,2.41975860668256,7.33626217926601,2.25625543786502e-10,4.83139497761496e-08,4.83139497761496e-08,"Rigi/Oas1g/Kank2/Nlrp3/Ubqln1/Map3k20/Nr2c2/Gbp2/P2rx7/Rnf144a/Slc15a3/Trim30a/Inava/Abhd2/Tlr9/Traf3ip3/Oas1b/Ptgis/Zcchc3/Akap13/Ptpn22/Rab7b/Tlr8/Oas1a/Parp1/Oas3/Scimp/Irf1/Cnot9/Rnf14/Oas1c/Adcy7/Trim56/Oasl1/Gsdmd/Igtp/Nod2/Rbfox2/Tspan6/Plcg2/Irgm1/Cgas/Cul5/Carm1/Cyp7b1/Tirap/Ezh2/Huwe1/Sting1/Brca1/Ipo5/Hmga2/Kmt2d/Psmc3ip/Irgm2/Pml/Lbh/Zfp366/Mapk11/Zdhhc3",60
"GO:0002221","pattern recognition receptor signaling pathway","49/1399","332/25615",0.147590361445783,2.70230672511346,7.503932352578,2.34976118166632e-10,4.86931155839498e-08,4.86931155839498e-08,"Rigi/Oas1g/Nlrp3/Ubqln1/Map3k20/Gbp2/P2rx7/Rnf144a/Slc15a3/Trim30a/Inava/Tlr9/Traf3ip3/Oas1b/Zcchc3/Ptpn22/Rab7b/Tlr8/Oas1a/Parp1/Oas3/Scimp/Irf1/Oas1c/Traf3/Adcy7/Trim56/Lrrc14/Oasl1/Letmd1/Gsdmd/Igtp/Nod2/Tspan6/Mapkapk3/Plcg2/Irgm1/Hspd1/Cgas/Cul5/Tril/Tirap/Sting1/Clec7a/Ipo5/Irgm2/Masp1/Mapk11/Zdhhc3",49
"GO:0032944","regulation of mononuclear cell proliferation","41/1399","252/25615",0.162698412698413,2.97892769211568,7.58798111335254,3.52124131684446e-10,7.06889194356526e-08,7.06889194356526e-08,"Xcl1/Rasal3/Fadd/Tacr1/Il12rb2/Efnb1/Pdcd1lg2/Tlr9/Ccr7/Ptpn22/Irf1/Card11/Il2ra/Cd55/St6gal1/H2-Aa/Sox11/Atm/Bcl2/Tnfrsf4/Irgm1/Tnfrsf14/Atad5/Sash3/H2-DMb1/Slfn1/Cd74/Tirap/Prkcq/Il7/Tnfsf4/Cd276/Slc39a10/Il18/Laptm5/Ccl5/Itgal/Ighm/Igf2/Icosl/Pawr",41
"GO:0070663","regulation of leukocyte proliferation","43/1399","274/25615",0.156934306569343,2.87338975180395,7.4935550644906,4.2369199629888e-10,8.16076624284144e-08,8.16076624284144e-08,"Xcl1/Rasal3/Fadd/Ptk2/Tacr1/Il12rb2/Efnb1/Pdcd1lg2/Tlr9/Ccr7/Ptpn22/Irf1/Card11/Il2ra/Cd55/St6gal1/H2-Aa/Sox11/Atm/Bcl2/Csf2rb/Tnfrsf4/Irgm1/Tnfrsf14/Atad5/Sash3/H2-DMb1/Slfn1/Cd74/Tirap/Prkcq/Il7/Tnfsf4/Cd276/Slc39a10/Il18/Laptm5/Ccl5/Itgal/Ighm/Igf2/Icosl/Pawr",43
"GO:0032943","mononuclear cell proliferation","48/1399","327/25615",0.146788990825688,2.68763402430307,7.38229274852335,4.31921002890114e-10,8.16076624284144e-08,8.16076624284144e-08,"Xcl1/Rasal3/Fadd/P2rx7/Tacr1/Il12rb2/Efnb1/Pdcd1lg2/Tlr9/Ccr7/Ptpn22/Irf1/Card11/Il2ra/Cd55/Msn/Dock2/St6gal1/H2-Aa/Sox11/Atm/Bcl2/Tnfrsf4/Irgm1/Hspd1/Tnfrsf14/Atad5/Sash3/Cxcl12/H2-DMb1/Slfn1/Cd74/Tirap/Prkcq/Il7/Tnfsf4/Cd276/Slc39a10/Il18/Laptm5/Ccl5/Lef1/Itgal/Ighm/Igf2/Icosl/Gapt/Pawr",48
"GO:0070661","leukocyte proliferation","51/1399","363/25615",0.140495867768595,2.57241004495537,7.25216351494565,5.99716700664195e-10,1.10073716716194e-07,1.10073716716194e-07,"Xcl1/Rasal3/Fadd/P2rx7/Ptk2/Tacr1/Il12rb2/Efnb1/Pdcd1lg2/Tlr9/Ccr7/Ptpn22/Irf1/Card11/Il2ra/Cd55/Msn/Dock2/St6gal1/H2-Aa/Sox11/Atm/Bcl2/Csf2rb/Tnfrsf4/Irgm1/Hspd1/Tnfrsf14/Atad5/Sash3/Cxcl12/H2-DMb1/Slfn1/Cd74/Ndp/Tirap/Prkcq/Il7/Tnfsf4/Cd276/Slc39a10/Il18/Laptm5/Ccl5/Lef1/Itgal/Ighm/Igf2/Icosl/Gapt/Pawr",51
"GO:0032479","regulation of type I interferon production","30/1399","151/25615",0.198675496688742,3.63765035574133,7.81337632205424,6.39464074809916e-10,1.11024789637268e-07,1.11024789637268e-07,"Rigi/Oas1g/Tlr9/Traf3ip3/Oas1b/Zcchc3/Ptpn22/Tlr8/Oas1a/Oas3/Irf1/Gbp7/Oas1c/Traf3/Trim56/Igtp/Tasor2/Siglec1/Trim27/Plcg2/Irgm1/Hspd1/Cgas/Tirap/Stat1/Sting1/Oas2/Irgm2/Dhx9/Pola1",30
"GO:0032606","type I interferon production","30/1399","151/25615",0.198675496688742,3.63765035574133,7.81337632205424,6.39464074809916e-10,1.11024789637268e-07,1.11024789637268e-07,"Rigi/Oas1g/Tlr9/Traf3ip3/Oas1b/Zcchc3/Ptpn22/Tlr8/Oas1a/Oas3/Irf1/Gbp7/Oas1c/Traf3/Trim56/Igtp/Tasor2/Siglec1/Trim27/Plcg2/Irgm1/Hspd1/Cgas/Tirap/Stat1/Sting1/Oas2/Irgm2/Dhx9/Pola1",30
"GO:0046651","lymphocyte proliferation","47/1399","322/25615",0.145962732919255,2.67250564955447,7.25924932968926,7.92484433240508e-10,1.33971578924659e-07,1.33971578924659e-07,"Xcl1/Rasal3/Fadd/P2rx7/Tacr1/Il12rb2/Efnb1/Pdcd1lg2/Tlr9/Ccr7/Ptpn22/Irf1/Card11/Il2ra/Cd55/Msn/Dock2/H2-Aa/Sox11/Atm/Bcl2/Tnfrsf4/Irgm1/Hspd1/Tnfrsf14/Atad5/Sash3/Cxcl12/H2-DMb1/Slfn1/Cd74/Tirap/Prkcq/Il7/Tnfsf4/Cd276/Slc39a10/Il18/Laptm5/Ccl5/Lef1/Itgal/Ighm/Igf2/Icosl/Gapt/Pawr",47
"GO:0050670","regulation of lymphocyte proliferation","40/1399","249/25615",0.160642570281124,2.94128623141601,7.39877140934488,8.4787273544527e-10,1.39659857756421e-07,1.39659857756421e-07,"Xcl1/Rasal3/Fadd/Tacr1/Il12rb2/Efnb1/Pdcd1lg2/Tlr9/Ccr7/Ptpn22/Irf1/Card11/Il2ra/Cd55/H2-Aa/Sox11/Atm/Bcl2/Tnfrsf4/Irgm1/Tnfrsf14/Atad5/Sash3/H2-DMb1/Slfn1/Cd74/Tirap/Prkcq/Il7/Tnfsf4/Cd276/Slc39a10/Il18/Laptm5/Ccl5/Itgal/Ighm/Igf2/Icosl/Pawr",40
"GO:0001909","leukocyte mediated cytotoxicity","34/1399","190/25615",0.178947368421053,3.27643805725894,7.57004590410383,8.77943834325107e-10,1.40997779792612e-07,1.40997779792612e-07,"Xcl1/Fadd/P2rx7/H2-T24/Sh2d1b1/H2-Q7/Nkg7/Klrb1b/Sh2d1a/Klrc1/Gzmc/Prf1/H2-D1/Il18rap/Gimap3/Klrd1/Ccl2/Sell/Serpinb9b/H2-Q6/Trem1/H2-Q4/Klrk1/Tap1/Gzmb/Serpinb9/Il18/Raet1a/Klre1/Clec2d/Klri2/Igf2/Fcgr4/H2-K1",34
"GO:0031341","regulation of cell killing","30/1399","154/25615",0.194805194805195,3.56678703712299,7.67907351285289,1.05002337437981e-09,1.64520735536973e-07,1.64520735536973e-07,"Xcl1/Fadd/P2rx7/H2-T24/Sh2d1b1/H2-Q7/Cd55/Klrb1b/Sh2d1a/Klrc1/Prf1/H2-D1/Il18rap/Gimap3/Klrd1/Ccl2/Sell/Serpinb9b/H2-Q6/H2-Q4/Klrk1/Tap1/Serpinb9/Raet1a/Klre1/Clec2d/Ccr5/Klri2/Igf2/H2-K1",30
"GO:0002720","positive regulation of cytokine production involved in immune response","20/1399","73/25615",0.273972602739726,5.0163032302917,8.25955843697662,1.30123211606459e-09,1.99026550323783e-07,1.99026550323783e-07,"Rigi/Arid5a/Xcl1/Nlrp3/Fzd5/Inava/Scimp/Cd55/Gimap3/Nod2/Dennd1b/Plcg2/Tnfrsf14/Tbx21/Sash3/Cd74/Tnfsf4/Il18/Clec7a/Laptm5",20
"GO:0031032","actomyosin structure organization","37/1399","223/25615",0.165919282511211,3.03790022982463,7.34654682414339,1.44723593857157e-09,2.16210317892646e-07,2.16210317892646e-07,"Sorbs1/Srf/Kank2/Mybpc2/Cflar/Myh10/Ppp1r9a/Tacr1/Pgm5/Epb41l4b/Iqgap3/Akap13/Arhgap28/Krt8/Alms1/Rapgef3/Iqgap1/Zyx/Anln/Cnn2/Arhgef5/Ttn/Myo18a/Csrp1/Ppm1f/Synpo/Smad3/Prkcq/Phactr1/Arap1/Phldb2/Racgap1/Plec/Clasp1/Myh9/Tesk1/Nf2",37
"GO:0007044","cell-substrate junction assembly","24/1399","105/25615",0.228571428571429,4.18503012355764,7.86048458370114,1.71385199938939e-09,2.46075828083071e-07,2.46075828083071e-07,"Sorbs1/Kdr/Gpm6b/Ptk2/Col16a1/Epha3/Cdh11/Iqgap1/Tspan11/Bcl2/Dst/Coro1c/Cul5/Ppm1f/Enpp2/Ston1/Smad3/Phldb2/Plec/Clasp1/Myh9/Itga2/Vcl/Peak1",24
"GO:1903706","regulation of hemopoiesis","57/1399","443/25615",0.128668171557562,2.35585076086273,6.91912611554726,1.74664539410196e-09,2.46075828083071e-07,2.46075828083071e-07,"Gli3/Hoxa7/Nlrp3/Itpkb/Ptn/Kat6a/Fadd/Ror2/Tlr9/Acvr1b/Ccr7/Rab7b/Fgl2/Irf1/Card11/Il2ra/Lck/Klf13/Dlk1/Zfp609/Gata2/H2-Aa/Loxl3/Rbp1/Gimap3/Rbfox2/Casp8/Coro1c/Hoxa5/Hoxa9/Inhba/Irgm1/Tnfrsf11b/Rhoh/Tbx21/Sash3/Prdm16/Gpr171/Cd74/Tmem176a/Klhl25/Apc/Il7/Smarcd1/Tnfsf4/Il15ra/Stat1/Il18/Fancd2/H2-DMa/Ccl5/Lef1/Clec2d/Cd83/Slamf8/Senp1/Tmem176b",57
"GO:0007249","canonical NF-kappaB signal transduction","48/1399","341/25615",0.140762463343109,2.57729127843726,7.04771699954351,1.79347547887624e-09,2.46075828083071e-07,2.46075828083071e-07,"Erc1/Nr2c2/Fadd/Nup62/Trim30a/Inava/Trappc9/Irak1bp1/Tlr9/Akap13/Map2k5/Tlr8/Parp1/Irf1/Eda/Card11/Gbp7/Pidd1/Traf3/Igtp/Zmynd11/Nod2/Bcl3/Il1rl1/Casp8/Elp1/Parp10/Tspan6/Plcg2/Slco3a1/Irgm1/Rhoh/Myo18a/Birc2/Abl2/Carm1/Cd74/Tirap/Huwe1/Stat1/Eda2r/Clec7a/Nlrc5/Irgm2/Trim21/Ccl7/Ubd/Card10",48
"GO:0071360","cellular response to exogenous dsRNA","12/1399","25/25615",0.48,8.78856325947105,9.3645857095357,1.80036798255049e-09,2.46075828083071e-07,2.46075828083071e-07,"Rigi/Oas1g/Oas1b/Zcchc3/Oas1a/Oas3/Oas1c/Ciita/Cgas/Sting1/Raet1a/Dhx9",12
"GO:0051017","actin filament bundle assembly","33/1399","186/25615",0.17741935483871,3.24846088219696,7.39730496247903,1.94042190028614e-09,2.54973640717344e-07,2.54973640717344e-07,"Sorbs1/Srf/Kank2/Myh10/Fscn1/Ppp1r9a/Lima1/Tacr1/Gas7/Arhgap28/Dpysl3/Shank3/Alms1/Rapgef3/Synpo2/Zyx/Dbn1/Cald1/Arhgef5/Abl2/Ppm1f/Synpo/Smad3/Prkcq/Phactr1/Arap1/Phldb2/Clasp1/Myh9/Pcdh15/Tesk1/Pawr/Nf2",33
"GO:0001818","negative regulation of cytokine production","47/1399","331/25615",0.141993957703928,2.59983933279922,7.04147808276374,1.98380949492404e-09,2.54973640717344e-07,2.54973640717344e-07,"Sigirr/Oas1g/Xcl1/Nlrp3/Nutf2/Gpr174/Trim30a/Pdcd1lg2/Oas1b/Ccr7/Map2k5/Ptpn22/Tlr8/Oas1a/Parp1/Oas3/Gbp7/Oas1c/Il1r2/Adcy7/Igtp/Pibf1/Gimap3/Tasor2/Siglec1/Nav3/Nod2/Bcl3/Il1rl1/Cmklr1/Trim27/Tnfrsf4/Fbln1/Irgm1/Tbx21/Csk/Tnfsf4/Ezh2/Cd276/Laptm5/Clec4a1/Lef1/Cd83/Furin/Irgm2/Pml/Ccl7",47
"GO:0150115","cell-substrate junction organization","25/1399","114/25615",0.219298245614035,4.0152427172291,7.75519019120709,1.98453954481121e-09,2.54973640717344e-07,2.54973640717344e-07,"Sorbs1/Kdr/Gpm6b/Ptk2/Col16a1/Epha3/Cdh11/Iqgap1/Tspan11/Bcl2/Dst/Coro1c/Rhou/Cul5/Ppm1f/Enpp2/Ston1/Smad3/Phldb2/Plec/Clasp1/Myh9/Itga2/Vcl/Peak1",25
"GO:0002440","production of molecular mediator of immune response","37/1399","227/25615",0.162995594713656,2.98436894824182,7.21800971306166,2.3968037586213e-09,3.01903281282024e-07,3.01903281282024e-07,"Rigi/Arid5a/Xcl1/Nlrp3/Fzd5/Inava/Tlr9/Ptpn22/Tlr8/Scimp/Cd55/Smc2/Rev1/Gimap3/Rnf168/Nod2/Sanbr/Dennd1b/Exo1/Tnfrsf4/Pkp3/Plcg2/Hspd1/Cgas/Tnfrsf14/Tbx21/Atad5/Sash3/Tril/Cd74/Tnfsf4/Ezh2/Il18/Clec7a/Laptm5/Ighm/Icosl",37
"GO:0002367","cytokine production involved in immune response","24/1399","107/25615",0.224299065420561,4.10680526143507,7.74041191031518,2.57055376558333e-09,3.11570516794478e-07,3.11570516794478e-07,"Rigi/Arid5a/Xcl1/Nlrp3/Fzd5/Inava/Tlr9/Tlr8/Scimp/Cd55/Gimap3/Nod2/Dennd1b/Pkp3/Plcg2/Tnfrsf14/Tbx21/Sash3/Tril/Cd74/Tnfsf4/Il18/Clec7a/Laptm5",24
"GO:0002718","regulation of cytokine production involved in immune response","24/1399","107/25615",0.224299065420561,4.10680526143507,7.74041191031518,2.57055376558333e-09,3.11570516794478e-07,3.11570516794478e-07,"Rigi/Arid5a/Xcl1/Nlrp3/Fzd5/Inava/Tlr9/Tlr8/Scimp/Cd55/Gimap3/Nod2/Dennd1b/Pkp3/Plcg2/Tnfrsf14/Tbx21/Sash3/Tril/Cd74/Tnfsf4/Il18/Clec7a/Laptm5",24
"GO:0061572","actin filament bundle organization","33/1399","189/25615",0.174603174603175,3.19689801105098,7.28615041062192,2.95327887205649e-09,3.51330805075757e-07,3.51330805075757e-07,"Sorbs1/Srf/Kank2/Myh10/Fscn1/Ppp1r9a/Lima1/Tacr1/Gas7/Arhgap28/Dpysl3/Shank3/Alms1/Rapgef3/Synpo2/Zyx/Dbn1/Cald1/Arhgef5/Abl2/Ppm1f/Synpo/Smad3/Prkcq/Phactr1/Arap1/Phldb2/Clasp1/Myh9/Pcdh15/Tesk1/Pawr/Nf2",33
"GO:0002768","immune response-regulating cell surface receptor signaling pathway","50/1399","369/25615",0.13550135501355,2.48096297975131,6.8874340355685,3.06893387495198e-09,3.58451476594392e-07,3.58451476594392e-07,"Oas1g/Lair1/Btn1a1/Ncr1/Pdcd1lg2/Oas1b/Ccr7/Ptpn22/Rab7b/Oas1a/Scimp/Bcl2a1d/Cbl/Card11/Sh2d1a/Lck/Oas1c/Klrc1/Traf3/Letmd1/Klrd1/Nod2/Bcl2/Cmklr1/Dennd1b/Itk/Plcg2/Usp12/Bmx/Prkd2/Tril/Klrk1/Tirap/Csk/Cacnb3/Themis2/Cd276/Slc39a10/Skap1/Clec7a/Wnk1/Laptm5/Klre1/Clec2d/Klri2/Ighm/Masp1/Fcgr4/Icosl/Pawr",50
"GO:0042770","signal transduction in response to DNA damage","34/1399","200/25615",0.17,3.112616154396,7.20919699548759,3.49178924964598e-09,4.00558109637961e-07,4.00558109637961e-07,"Foxm1/Dyrk3/Mre11a/Map3k20/Rad1/Ticrr/Rad51/Wdr76/Mdm4/Atrx/Hus1/Pidd1/Eme1/Rps6ka6/Atrip/Bard1/Atm/Rnf168/Yap1/Bcl3/Mbd4/Atad5/Cd74/Brca2/Parp9/Brca1/Dtx3l/Ints7/Fancd2/Ccnd1/Sp100/Chek1/Pml/Fem1b",34
"GO:0002708","positive regulation of lymphocyte mediated immunity","31/1399","172/25615",0.180232558139535,3.29996924713666,7.27442129563926,4.02019570108768e-09,4.53083108487495e-07,4.53083108487495e-07,"Arid5a/Xcl1/Nlrp3/Fadd/P2rx7/H2-T24/Fzd5/Sh2d1b1/H2-Q7/Cd55/Sh2d1a/Klrc1/H2-D1/Il18rap/Gimap3/Klrd1/Nod2/Dennd1b/Hspd1/H2-Q6/H2-Q4/Tbx21/Atad5/Sash3/Klrk1/Tnfsf4/Il18/Raet1a/Klre1/Klri2/H2-K1",31
"GO:0002429","immune response-activating cell surface receptor signaling pathway","47/1399","339/25615",0.138643067846608,2.53848619220218,6.85386639738764,4.33505094803232e-09,4.76459736657928e-07,4.76459736657928e-07,"Oas1g/Btn1a1/Pdcd1lg2/Oas1b/Ccr7/Ptpn22/Rab7b/Oas1a/Scimp/Bcl2a1d/Cbl/Card11/Sh2d1a/Lck/Oas1c/Klrc1/Traf3/Letmd1/Klrd1/Nod2/Bcl2/Cmklr1/Dennd1b/Itk/Plcg2/Usp12/Bmx/Prkd2/Tril/Klrk1/Tirap/Csk/Cacnb3/Themis2/Cd276/Slc39a10/Skap1/Clec7a/Wnk1/Laptm5/Klre1/Clec2d/Klri2/Ighm/Masp1/Icosl/Pawr",47
"GO:0000819","sister chromatid segregation","37/1399","232/25615",0.15948275862069,2.92005065194351,7.06124953584128,4.41771553938278e-09,4.76459736657928e-07,4.76459736657928e-07,"Ccsap/Nsl1/Espl1/Rrs1/Kif11/Top2a/Kntc1/Nup62/Prc1/Smc1a/Trip13/Zw10/Smc2/Cdc6/Ttk/Pibf1/Atm/Cit/Mzt1/Spdl1/Nek2/Kif4/Kif14/Birc5/Mybl2/Uhrf1/Apc/Bcl7a/Smarcd1/Kif15/Kif18b/Racgap1/Ncapd2/Clasp1/Nuf2/Zwilch/Cenpi",37
"GO:0000070","mitotic sister chromatid segregation","33/1399","192/25615",0.171875,3.14694647962831,7.17719572378592,4.45012207339286e-09,4.76459736657928e-07,4.76459736657928e-07,"Ccsap/Nsl1/Espl1/Rrs1/Kif11/Kntc1/Nup62/Prc1/Smc1a/Trip13/Zw10/Smc2/Ttk/Pibf1/Atm/Cit/Mzt1/Spdl1/Nek2/Kif4/Kif14/Birc5/Mybl2/Uhrf1/Apc/Kif15/Kif18b/Racgap1/Ncapd2/Clasp1/Nuf2/Zwilch/Cenpi",33
"GO:0071359","cellular response to dsRNA","13/1399","32/25615",0.40625,7.4382371336669,8.75916239458152,4.76878297078785e-09,5.0220757056297e-07,5.0220757056297e-07,"Rigi/Oas1g/P2rx7/Oas1b/Zcchc3/Oas1a/Oas3/Oas1c/Ciita/Cgas/Sting1/Raet1a/Dhx9",13
"GO:0048041","focal adhesion assembly","22/1399","94/25615",0.234042553191489,4.28520371694067,7.66961819085932,5.05890471195005e-09,5.24167804347857e-07,5.24167804347857e-07,"Sorbs1/Kdr/Gpm6b/Ptk2/Col16a1/Epha3/Cdh11/Iqgap1/Tspan11/Bcl2/Coro1c/Cul5/Ppm1f/Enpp2/Ston1/Smad3/Phldb2/Clasp1/Myh9/Itga2/Vcl/Peak1",22
"GO:0045824","negative regulation of innate immune response","25/1399","120/25615",0.208333333333333,3.81448058136764,7.4277576842657,6.07935546118051e-09,6.19901261628946e-07,6.19901261628946e-07,"Oas1g/Sh2d1b1/Oas1b/Serping1/Oas1a/Parp1/Oas3/Parp14/Klrb1b/Oas1c/Igtp/Klrd1/Ttll12/Irgm1/Serpinb9b/Tap1/Serpinb9/Adar/Nlrc5/Klre1/Clec2d/Slamf8/Irgm2/Igf2/Trim21",25
"GO:0000075","cell cycle checkpoint signaling","33/1399","195/25615",0.169230769230769,3.09853191840325,7.07035902906414,6.6412084921055e-09,6.66611302395089e-07,6.66611302395089e-07,"Mre11a/Map3k20/Rad1/Ticrr/Rad51/Kntc1/Wdr76/Hus1/Trip13/Eme1/Atrip/Zw10/Cdc6/Ttk/Bard1/Atm/Rnf168/Spdl1/Mbd4/Nabp1/Birc5/Apc/Brca2/Parp9/Brca1/Dtx3l/Ints7/Fancd2/Nuf2/Ccnd1/Zwilch/Chek1/Fem1b",33
"GO:0031343","positive regulation of cell killing","23/1399","104/25615",0.221153846153846,4.04921784791334,7.48923981182604,7.33072050145309e-09,7.24500746174379e-07,7.24500746174379e-07,"Xcl1/Fadd/P2rx7/H2-T24/Sh2d1b1/H2-Q7/Sh2d1a/Klrc1/Prf1/H2-D1/Il18rap/Gimap3/Klrd1/Ccl2/Sell/H2-Q6/H2-Q4/Klrk1/Raet1a/Klre1/Ccr5/Klri2/H2-K1",23
"GO:0001910","regulation of leukocyte mediated cytotoxicity","27/1399","139/25615",0.194244604316547,3.55652290176436,7.26420051272309,7.56130878720611e-09,7.35967388621395e-07,7.35967388621395e-07,"Xcl1/Fadd/P2rx7/H2-T24/Sh2d1b1/H2-Q7/Klrb1b/Sh2d1a/Klrc1/H2-D1/Il18rap/Gimap3/Klrd1/Ccl2/Sell/Serpinb9b/H2-Q6/H2-Q4/Klrk1/Tap1/Serpinb9/Raet1a/Klre1/Clec2d/Klri2/Igf2/H2-K1",27
"GO:0032481","positive regulation of type I interferon production","23/1399","105/25615",0.219047619047619,4.01065386840941,7.43013328020225,8.90618361788563e-09,8.53930202407422e-07,8.53930202407422e-07,"Rigi/Oas1g/Tlr9/Traf3ip3/Oas1b/Zcchc3/Ptpn22/Tlr8/Oas1a/Oas3/Irf1/Oas1c/Traf3/Trim56/Siglec1/Trim27/Plcg2/Hspd1/Cgas/Stat1/Sting1/Oas2/Dhx9",23
"GO:0002706","regulation of lymphocyte mediated immunity","38/1399","249/25615",0.152610441767068,2.79422191984521,6.83826919891538,9.52803485151501e-09,9.00119057149006e-07,9.00119057149006e-07,"Arid5a/Xcl1/Nlrp3/Fadd/P2rx7/H2-T24/Fzd5/Sh2d1b1/H2-Q7/Cd55/Klrb1b/Sh2d1a/Klrc1/H2-D1/Il18rap/Gimap3/Klrd1/Nod2/Dennd1b/Hspd1/Serpinb9b/H2-Q6/Tnfrsf14/H2-Q4/Tbx21/Atad5/Sash3/Klrk1/Tap1/Tnfsf4/Serpinb9/Il18/Raet1a/Klre1/Clec2d/Klri2/Igf2/H2-K1",38
"GO:0034341","response to type II interferon","28/1399","150/25615",0.186666666666667,3.41777460090541,7.13815470342682,1.00852656521256e-08,9.38952848539924e-07,9.38952848539925e-07,"Actr3/Gbp2/Ass1/H2-Q7/Rab7b/Irf1/Gbp7/Parp14/Tgtp1/Zyx/Gbp9/Igtp/Ccl2/Ciita/Irgm1/Cldn1/Myo18a/Cd74/Parp9/Gbp6/Stat1/Nlrc5/Ccl5/Irgm2/Gbp8/Trim21/Sp100/Ubd",28
"GO:0050777","negative regulation of immune response","36/1399","229/25615",0.157205240174672,2.87835041249052,6.86267723625838,1.05032108338265e-08,9.63894662807167e-07,9.63894662807167e-07,"Oas1g/Sh2d1b1/Oas1b/Serping1/Oas1a/Fgl2/Parp1/Oas3/Irf1/Parp14/Cd55/Klrb1b/Oas1c/Loxl3/Igtp/Klrd1/Nod2/Samsn1/Il1rl1/Ttll12/Irgm1/Serpinb9b/Tnfrsf14/Tbx21/Tap1/Tnfsf4/Serpinb9/Adar/Nlrc5/Klre1/Clec2d/Slamf8/Irgm2/Igf2/Trim21/Masp1",36
"GO:0032609","type II interferon production","25/1399","124/25615",0.201612903225806,3.69143282067836,7.22099935280048,1.22715234018963e-08,1.0948925879692e-06,1.0948925879692e-06,"Arid5a/Xcl1/Fadd/Il12rb2/Fzd5/Pdcd1lg2/Tlr9/Ccr7/Ptpn22/Tlr8/Gimap3/Nod2/Bcl3/Il1rl1/Irgm1/Hspd1/Abl2/Sash3/Klrk1/Tnfsf4/Cd276/Il18/Clec7a/Laptm5/Klre1",25
"GO:0032649","regulation of type II interferon production","25/1399","124/25615",0.201612903225806,3.69143282067836,7.22099935280048,1.22715234018963e-08,1.0948925879692e-06,1.0948925879692e-06,"Arid5a/Xcl1/Fadd/Il12rb2/Fzd5/Pdcd1lg2/Tlr9/Ccr7/Ptpn22/Tlr8/Gimap3/Nod2/Bcl3/Il1rl1/Irgm1/Hspd1/Abl2/Sash3/Klrk1/Tnfsf4/Cd276/Il18/Clec7a/Laptm5/Klre1",25
"GO:0001934","positive regulation of protein phosphorylation","55/1399","446/25615",0.123318385650224,2.25789881946426,6.44134431307465,1.51614898804152e-08,1.32189709193056e-06,1.32189709193056e-06,"Kdr/Tnk2/Fiz1/Raf1/Ppp1r9a/P2rx7/Ror2/Fzd5/Rap2a/Iqgap3/Akap13/Tnfrsf18/Fgf1/Cnot9/Parp14/Lck/Lrrk1/Rapgef3/Als2/Tspan9/Iqgap1/Cdc6/Vangl2/Igtp/Pibf1/Nod2/Bcl2/Camkk2/Inhba/Abi3/Arhgef5/Irgm1/Kif14/Cdon/Tnfrsf14/Birc5/Hsph1/Tirap/Csk/Cspg4/Parp9/Map3k5/Ezh2/Ctf1/Niban1/Il18/Clec7a/Hmga2/Irgm2/Ighm/Vegfc/Tead1/Gprc5b/Prr5l/Card10",55
"GO:1901988","negative regulation of cell cycle phase transition","39/1399","264/25615",0.147727272727273,2.7048135031516,6.69233462759926,1.5368886460285e-08,1.32189709193056e-06,1.32189709193056e-06,"Mre11a/Kank2/Map3k20/Rad1/Ticrr/Rad51/Kntc1/Wdr76/Hus1/Trip13/Eme1/Atrip/Zw10/Cdc6/Ttk/Bard1/Atm/Rnf168/Ccl2/Bcl2/Spdl1/Inhba/Mbd4/Nabp1/Birc5/Slfn1/Apc/Brca2/Parp9/Ezh2/Brca1/Dtx3l/Ints7/Fancd2/Nuf2/Ccnd1/Zwilch/Chek1/Fem1b",39
"GO:0070106","interleukin-27-mediated signaling pathway","9/1399","15/25615",0.6,10.9857040743388,9.29823877207382,1.56447419615902e-08,1.32189709193056e-06,1.32189709193056e-06,"Oas1g/Oas1b/Oas1a/Oas3/Oas1c/Oasl1/Stat1/Oas2/Oasl2",9
"GO:0007416","synapse assembly","44/1399","319/25615",0.137931034482759,2.52544921249168,6.58966784192623,1.56940673231458e-08,1.32189709193056e-06,1.32189709193056e-06,"Pcdhb16/Actr3/Ppp1r9a/Ptk2/Fzd5/Sdc2/Efnb1/Asic1/Rap2a/Crmp1/Shank3/Nptxr/Iqgap1/Psd/Prickle2/Bhlhb9/Plxna1/Srpx2/Shank2/Robo1/Cacna1a/S1pr2/Abi3/Sema4a/Flrt3/Mycbp2/Iglon5/Xlr3b/Slitrk6/Cdh1/Farp1/Dlg4/Ccdc141/Elavl2/Sdk1/Sema4c/Eif4g1/Dock1/Lrrc15/Arhgap32/Lgi2/Senp1/Sptbn2/Plxnc1",44
"GO:0006310","DNA recombination","47/1399","353/25615",0.13314447592068,2.43780968599587,6.53809532274569,1.58446569238252e-08,1.32189709193056e-06,1.32189709193056e-06,"Fancb/Ino80d/Rad54b/Mre11a/Top2a/Hrob/Rad51/Recql/Rad51ap1/Cdc45/Rpa1/Parp1/Hus1/Mcm2/Trip13/Parpbp/Eme1/Brip1/Smc2/Bard1/Rec114/Atm/Rnf168/Tonsl/Sanbr/Exo1/Hspd1/Brme1/Lig3/Cgas/Nabp1/Tbx21/Atad5/Fan1/Brca2/Tnfsf4/Ezh2/Brca1/Nono/Fancd2/Psmc3ip/Lef1/Pif1/Nucks1/Chek1/Icosl/Mcm6",47
"GO:0006909","phagocytosis","38/1399","254/25615",0.149606299212598,2.73921755134432,6.69551421796807,1.65443676809032e-08,1.36257715361695e-06,1.36257715361695e-06,"P2rx7/Ptk2/Bin2/Ccr7/Rab7b/Sirpb1b/Fgr/Itgax/Dock2/Gata2/Letmd1/Sirpb1c/C1ra/Ccl2/Nod2/Il2rb/Myo7a/Cnn2/Coro1c/Plcg2/Ano6/Myo18a/Pear1/Abl2/C1s1/Csk/Il15ra/Arap1/Sirpb1a/Clec7a/Ldlr/Dock1/Pros1/Myh9/Itga2/Itgal/Masp1/Bltp1",38
"GO:0098813","nuclear chromosome segregation","45/1399","332/25615",0.135542168674699,2.48171025775726,6.53152183228926,1.85101659760784e-08,1.50518109152314e-06,1.50518109152314e-06,"Ccsap/Nsl1/Espl1/Rrs1/Kif11/Actr3/Top2a/Kntc1/Nup62/Prc1/Smc1a/Trip13/Brip1/Zw10/Smc2/Cdc6/Cenpf/Ttk/Pibf1/Atm/Cit/Mzt1/Spdl1/Nek2/Kif4/Aspm/Kif14/Birc5/Mybl2/Uhrf1/Apc/Bcl7a/Brca2/Smarcd1/Kif15/Fancd2/Kif18b/Racgap1/Ncapd2/Clasp1/Psmc3ip/Nuf2/Cenpv/Zwilch/Cenpi",45
"GO:1901987","regulation of cell cycle phase transition","55/1399","450/25615",0.122222222222222,2.23782860773568,6.36743706200418,2.06778659343319e-08,1.66043263452685e-06,1.66043263452685e-06,"Dyrk3/Mre11a/Kank2/Map3k20/Rad1/Ticrr/Rad51/Kntc1/Wnt10b/Wdr76/Hus1/Trip13/Eme1/Atrip/Zw10/Cdc6/Cenpf/Ttk/Bard1/Atm/Rnf168/Ccl2/Bcl2/Ccnd2/Spdl1/Gli1/Cdc25a/Pkp3/Plcg2/Inhba/Mbd4/Kif14/Nabp1/Rrm1/Atad5/Birc5/Slfn1/Apc/Bcl7a/Brca2/Parp9/Prkcq/Smarcd1/Ezh2/Brca1/Dtx3l/Ints7/Fancd2/Eif4g1/Nuf2/Ccnd1/Zwilch/Chek1/Ubd/Fem1b",55
"GO:0006935","chemotaxis","57/1399","476/25615",0.119747899159664,2.19252497281972,6.31238262372253,2.3755742830447e-08,1.85514261179861e-06,1.85514261179861e-06,"Xcl1/Kdr/Adgra2/Ptn/Robo2/Ptk2/Bin2/Hoxb9/Ccr7/Mmp28/Fgf1/Wnt7b/Dock2/St6gal1/Megf8/Sema6a/Ccl2/Nod2/Sell/Robo1/Cmklr1/Coro1c/Arhgef5/Sema4a/Ano6/Flrt3/Cysltr1/Mycbp2/Trem1/Prkd2/Lsp1/Cxcl12/Cd74/Ppm1f/Cyp7b1/Klrk1/Tirap/Enpp2/Ecscr/Smad3/Cxcr6/Prkcq/Il17rc/Vegfd/Sema3d/Sema4c/Wnk1/Plec/Zfp580/Ccl5/Lef1/Ccr5/Slamf8/Itga2/Vegfc/Gpr35/Ccl7",57
"GO:0042327","positive regulation of phosphorylation","57/1399","476/25615",0.119747899159664,2.19252497281972,6.31238262372253,2.3755742830447e-08,1.85514261179861e-06,1.85514261179861e-06,"Kdr/Tnk2/Grb10/Fiz1/Raf1/Ppp1r9a/P2rx7/Ror2/Irs1/Fzd5/Rap2a/Iqgap3/Akap13/Tnfrsf18/Fgf1/Cnot9/Parp14/Lck/Lrrk1/Rapgef3/Als2/Tspan9/Iqgap1/Cdc6/Vangl2/Igtp/Pibf1/Nod2/Bcl2/Camkk2/Inhba/Abi3/Arhgef5/Irgm1/Kif14/Cdon/Tnfrsf14/Birc5/Hsph1/Tirap/Csk/Cspg4/Parp9/Map3k5/Ezh2/Ctf1/Niban1/Il18/Clec7a/Hmga2/Irgm2/Ighm/Vegfc/Tead1/Gprc5b/Prr5l/Card10",57
"GO:0060759","regulation of response to cytokine stimulus","31/1399","185/25615",0.167567567567568,3.06807951625679,6.78541278975128,2.39689970079833e-08,1.85514261179861e-06,1.85514261179861e-06,"Rigi/Sigirr/Oas1g/Trim44/Fadd/Oas1b/Map2k5/Oas1a/Oas3/Parp14/Oas1c/Il1r2/Trim56/Igtp/Robo1/Trim27/Ttll12/Irgm1/Tnfrsf11b/Cd74/Sorl1/Parp9/Il7/Sting1/Adar/Laptm5/Nlrc5/Ccl5/Irgm2/Dhx9/Naip2",31
"GO:0042330","taxis","57/1399","478/25615",0.119246861924686,2.18335122816357,6.27721852086949,2.753751631861e-08,2.09547768154942e-06,2.09547768154942e-06,"Xcl1/Kdr/Adgra2/Ptn/Robo2/Ptk2/Bin2/Hoxb9/Ccr7/Mmp28/Fgf1/Wnt7b/Dock2/St6gal1/Megf8/Sema6a/Ccl2/Nod2/Sell/Robo1/Cmklr1/Coro1c/Arhgef5/Sema4a/Ano6/Flrt3/Cysltr1/Mycbp2/Trem1/Prkd2/Lsp1/Cxcl12/Cd74/Ppm1f/Cyp7b1/Klrk1/Tirap/Enpp2/Ecscr/Smad3/Cxcr6/Prkcq/Il17rc/Vegfd/Sema3d/Sema4c/Wnk1/Plec/Zfp580/Ccl5/Lef1/Ccr5/Slamf8/Itga2/Vegfc/Gpr35/Ccl7",57
"GO:0046635","positive regulation of alpha-beta T cell activation","19/1399","78/25615",0.243589743589744,4.46000806436832,7.35590022716609,2.77265882521327e-08,2.09547768154942e-06,2.09547768154942e-06,"Gli3/Xcl1/Nlrp3/Itpkb/Rasal3/Il12rb2/Ccr7/Ptpn22/Irf1/Cd55/Gimap3/Irgm1/Sash3/Hsph1/Klhl25/Prkcq/Tnfsf4/Il18/Cd83",19
"GO:0001667","ameboidal-type cell migration","39/1399","270/25615",0.144444444444444,2.6447065364149,6.5301101732549,2.87676063103751e-08,2.14887328997499e-06,2.14887328997499e-06,"Kank2/Actr3/Amotl1/Ptk2/Irs1/Tacr1/Sdc2/Efnb1/Schip1/Acvr1b/Epb41l4b/Pitx2/Aqp1/Arhgdib/Iqgap1/Fbn2/Hand2/Megf8/Sema6a/Anln/Coro1c/Itga4/Plcg2/Sema4a/Cxcl12/Ppm1f/Enpp2/Smad3/Sema3d/Sema4c/Plec/Dock1/Clasp1/Itga2/Cenpv/Tesk1/Pml/Smo/Prr5l",39
"GO:0010212","response to ionizing radiation","27/1399","149/25615",0.181208053691275,3.31783008956541,6.82009963281376,3.53314157215422e-08,2.60883924822054e-06,2.60883924822054e-06,"Rad54b/Map3k20/Rad1/Ticrr/Rad51/Aen/Rad51ap1/Hus1/Cbl/Tspyl5/Bard1/Atm/Rnf168/Yap1/Ccl2/Bcl2/Ccnd2/Nabp1/Brca2/Smad3/Brca1/Ints7/Fancd2/Ccnd1/Nucks1/Pml/Ccl7",27
"GO:0043122","regulation of canonical NF-kappaB signal transduction","42/1399","307/25615",0.136807817589577,2.50488366515869,6.37587154697092,4.19021362144124e-08,3.05885594365211e-06,3.05885594365211e-06,"Erc1/Nr2c2/Fadd/Nup62/Trim30a/Inava/Trappc9/Irak1bp1/Tlr9/Akap13/Map2k5/Tlr8/Parp1/Eda/Card11/Gbp7/Pidd1/Traf3/Igtp/Zmynd11/Nod2/Il1rl1/Casp8/Parp10/Tspan6/Plcg2/Slco3a1/Irgm1/Rhoh/Birc2/Abl2/Carm1/Cd74/Tirap/Huwe1/Stat1/Eda2r/Clec7a/Nlrc5/Irgm2/Ubd/Card10",42
"GO:0002685","regulation of leukocyte migration","36/1399","242/25615",0.148760330578512,2.72372828289392,6.47570321674468,4.53483856766298e-08,3.27323628749068e-06,3.27323628749068e-06,"Hoxa7/Xcl1/Ptn/Fadd/Ptk2/Tacr1/Ccr7/Ptpn22/Mmp28/Tnfrsf18/Msn/Ccl2/Nod2/Sell/Cmklr1/Itga4/Ano6/Tnfrsf14/Trem1/Fut9/Abl2/Cxcl12/Cd74/Stk10/Klrk1/Tirap/Tnfsf4/Vegfd/Wnk1/Zfp580/Ccl5/Slamf8/Itga2/Vegfc/Ccl7/Pawr",36
"GO:0042267","natural killer cell mediated cytotoxicity","21/1399","97/25615",0.216494845360825,3.96391384125627,7.02950074552964,4.84968398377928e-08,3.46159665686646e-06,3.46159665686646e-06,"Sh2d1b1/Nkg7/Klrb1b/Sh2d1a/Klrc1/Gzmc/Il18rap/Gimap3/Klrd1/Serpinb9b/Klrk1/Tap1/Gzmb/Serpinb9/Il18/Raet1a/Klre1/Clec2d/Klri2/Igf2/Fcgr4",21
"GO:0030098","lymphocyte differentiation","56/1399","474/25615",0.118143459915612,2.1631484815857,6.14369165418326,5.01397775026011e-08,3.50182383943981e-06,3.50182383943981e-06,"Gli3/Srf/Nlrp3/Itpkb/Spib/Fadd/Itm2a/Il12rb2/Fzd5/Tlr9/Ccr7/Ptpn22/Fgl2/Bcl2a1d/Irf1/Card11/Il2ra/Lck/Smc2/Dock2/Zfp609/H2-Aa/Loxl3/Igtp/Gimap3/Atm/Bcl2/Bcl3/Itk/Tmem98/Plcg2/Sema4a/Kmt2a/Rhoh/Abl2/Tbx21/Sash3/Prdm16/Cd74/Pou2f2/Klhl25/Apc/Il7/Smarcd1/Tnfsf4/Ezh2/Il15ra/Il18/Fancd2/H2-DMa/Il6ra/Laptm5/Lef1/Cd83/Slamf8/Ighm",56
"GO:0031589","cell-substrate adhesion","49/1399","390/25615",0.125641025641026,2.30042521214787,6.22011555268083,5.10919181545806e-08,3.50182383943981e-06,3.50182383943981e-06,"Sorbs1/Srf/Hoxa7/Kdr/Ptn/Gpm6b/Ptk2/Col16a1/Itgbl1/Antxr1/Epha3/Cdh11/Eda/Itgax/Iqgap1/Ntn4/Zyx/St6gal1/Dbn1/Tspan11/Bcl2/Tnn/Coro1c/Itga4/Fbln1/Dmd/Kif14/Trem1/Cul5/Plet1/Atp1b2/Tgfb1i1/Ppm1f/Enpp2/Ston1/Smad3/Phldb2/Skap1/Dock1/Clasp1/Myh9/Itga2/Ecm2/Itgal/Parvg/Vcl/Vegfc/Tesk1/Peak1",49
"GO:0032635","interleukin-6 production","29/1399","171/25615",0.169590643274854,3.10512103465717,6.63863495612855,5.12408843255514e-08,3.50182383943981e-06,3.50182383943981e-06,"Rigi/Arid5a/P2rx7/Trim30a/Inava/Tlr9/Ptpn22/Rab7b/Tlr8/Sirpb1b/Scimp/Sirpb1c/Nod2/Plcg2/Hspd1/Afap1l2/Cd74/Pou2f2/Tirap/Csk/Tnfsf4/Il17rc/Vegfd/Sirpb1a/Il6ra/Clec7a/Laptm5/Ccr5/Dhx9",29
"GO:0032675","regulation of interleukin-6 production","29/1399","171/25615",0.169590643274854,3.10512103465717,6.63863495612855,5.12408843255514e-08,3.50182383943981e-06,3.50182383943981e-06,"Rigi/Arid5a/P2rx7/Trim30a/Inava/Tlr9/Ptpn22/Rab7b/Tlr8/Sirpb1b/Scimp/Sirpb1c/Nod2/Plcg2/Hspd1/Afap1l2/Cd74/Pou2f2/Tirap/Csk/Tnfsf4/Il17rc/Vegfd/Sirpb1a/Il6ra/Clec7a/Laptm5/Ccr5/Dhx9",29
"GO:0050764","regulation of phagocytosis","24/1399","124/25615",0.193548387096774,3.54377550785123,6.82484108640457,5.45546820784114e-08,3.68904502812332e-06,3.68904502812332e-06,"Ptk2/Ccr7/Sirpb1b/Fgr/Dock2/Gata2/Letmd1/Sirpb1c/Ccl2/Nod2/Il2rb/Cnn2/Plcg2/Ano6/Myo18a/Csk/Il15ra/Arap1/Sirpb1a/Clec7a/Pros1/Myh9/Itga2/Masp1",24
"GO:0010948","negative regulation of cell cycle process","42/1399","310/25615",0.135483870967742,2.48064285549586,6.30411819874197,5.53789825491293e-08,3.70577691557923e-06,3.70577691557923e-06,"Mre11a/Kank2/Map3k20/Rad1/Ticrr/Rad51/Kntc1/Wdr76/Atrx/Hus1/Trip13/Eme1/Atrip/Zw10/Cdc6/Ttk/Bard1/E2f8/Atm/Rnf168/Ccl2/Bcl2/Spdl1/Nek2/Inhba/Mbd4/Nabp1/Birc5/Slfn1/Apc/Brca2/Parp9/Ezh2/Brca1/Dtx3l/Ints7/Fancd2/Nuf2/Ccnd1/Zwilch/Chek1/Fem1b",42
"GO:0050920","regulation of chemotaxis","34/1399","224/25615",0.151785714285714,2.779121566425,6.42815124462667,6.45870929438504e-08,4.27739675331232e-06,4.27739675331232e-06,"Xcl1/Kdr/Adgra2/Ptn/Robo2/Ptk2/Ccr7/Mmp28/Fgf1/St6gal1/Megf8/Ccl2/Nod2/Sell/Robo1/Cmklr1/Ano6/Mycbp2/Trem1/Prkd2/Cxcl12/Cd74/Ppm1f/Klrk1/Tirap/Smad3/Vegfd/Wnk1/Zfp580/Ccl5/Slamf8/Itga2/Vegfc/Ccl7",34
"GO:0014706","striated muscle tissue development","57/1399","490/25615",0.116326530612245,2.12988140216773,6.06979775799561,6.52696707130095e-08,4.27849351694258e-06,4.27849351694258e-06,"Srf/Fhl2/Agtr2/Pi16/Ncam1/Cflar/Vgll4/Myh10/Fadd/Ryr1/Wnt10b/Abcg2/Pgm5/Asb2/Fbxo22/Akap13/Fgf1/Pitx2/AW551984/Shox2/Gpc1/Plagl1/Fktn/Cenpf/Hand2/Tnni3/Sox11/Yap1/Bcl2/Ccnd2/Hivep3/Gli1/Casp8/Svil/Cntnap1/Myog/Dmd/Chrna1/Ttn/Jph2/Cdon/Adra1b/Ly6e/Apc/Prkg1/Tbx3/Smad3/Plec/Alpk3/Lef1/Xirp2/Tenm4/Igf2/Smo/Speg/Mapk11/Usp2",57
"GO:0071346","cellular response to type II interferon","23/1399","117/25615",0.196581196581197,3.59930475370075,6.7731926650484,7.60956051840443e-08,4.93775926972021e-06,4.93775926972021e-06,"Actr3/Gbp2/Ass1/H2-Q7/Rab7b/Irf1/Gbp7/Parp14/Zyx/Gbp9/Igtp/Ccl2/Ciita/Irgm1/Cldn1/Myo18a/Parp9/Gbp6/Stat1/Nlrc5/Ccl5/Irgm2/Gbp8",23
"GO:0001912","positive regulation of leukocyte mediated cytotoxicity","21/1399","100/25615",0.21,3.84499642601858,6.85141532393705,8.47518808097457e-08,5.44446082321807e-06,5.44446082321807e-06,"Xcl1/Fadd/P2rx7/H2-T24/Sh2d1b1/H2-Q7/Sh2d1a/Klrc1/H2-D1/Il18rap/Gimap3/Klrd1/Ccl2/Sell/H2-Q6/H2-Q4/Klrk1/Raet1a/Klre1/Klri2/H2-K1",21
"GO:0002449","lymphocyte mediated immunity","56/1399","482/25615",0.116182572614108,2.12724560222328,6.0050449003174,8.86393235358434e-08,5.63781202370553e-06,5.63781202370553e-06,"Arid5a/Xcl1/Nlrp3/Fadd/P2rx7/H2-T24/Fzd5/Sh2d1b1/H2-Q7/Nkg7/Cd55/Klrb1b/Sh2d1a/Klrc1/Gzmc/Prf1/H2-D1/Il18rap/C1ra/Gimap3/Rnf168/Klrd1/Nod2/Il2rb/C1rl/Bcl3/Csf2rb/Sanbr/Dennd1b/Exo1/Hspd1/Serpinb9b/H2-Q6/Tnfrsf14/H2-Q4/Tbx21/Atad5/Sash3/C1s1/Cd74/Klrk1/Tap1/Gzmb/Tnfsf4/Serpinb9/Il18/Raet1a/H2-DMa/Klre1/Clec2d/Klri2/Ighm/Igf2/Fcgr4/Icosl/H2-K1",56
"GO:0006260","DNA replication","40/1399","293/25615",0.136518771331058,2.49959137072555,6.205175891072,9.25854950467275e-08,5.81403320959725e-06,5.81403320959725e-06,"Obi1/Ino80d/Mre11a/Ticrr/Rad51/Recql/Cdc45/Rpa1/Atrx/Fen1/Parp1/Mcm2/Eme1/Rev1/Cdc6/Gli2/Bard1/E2f8/Atm/Tonsl/Gli1/Exo1/Parp10/Rbbp7/Zranb3/Lig3/Rrm1/Atad5/Usp37/Carm1/Pclaf/Supt16/Brca2/Brca1/Nucks1/Dhx9/Mcm6/Pola1/Shmt1/Chaf1a",40
"GO:0032728","positive regulation of interferon-beta production","15/1399","53/25615",0.283018867924528,5.18193588412208,7.32511159722367,9.32200218848874e-08,5.81403320959725e-06,5.81403320959725e-06,"Rigi/Oas1g/Tlr9/Traf3ip3/Oas1b/Ptpn22/Tlr8/Oas1a/Oas3/Irf1/Oas1c/Trim56/Sting1/Oas2/Dhx9",15
"GO:0032755","positive regulation of interleukin-6 production","22/1399","110/25615",0.2,3.66190135811294,6.72468572076505,1.05371808735555e-07,6.50873557035776e-06,6.50873557035776e-06,"Rigi/Arid5a/P2rx7/Inava/Tlr9/Rab7b/Tlr8/Scimp/Nod2/Plcg2/Hspd1/Cd74/Pou2f2/Tirap/Tnfsf4/Il17rc/Vegfd/Il6ra/Clec7a/Laptm5/Ccr5/Dhx9",22
"GO:0050792","regulation of viral process","27/1399","157/25615",0.171974522292994,3.14876868372769,6.49118081724862,1.08961677765548e-07,6.66637921872268e-06,6.66637921872268e-06,"Oas1g/Mx2/Top2a/Trim30a/Trim14/Oas1b/Oas1a/Apobec3/Oas3/Gbp7/Oas1c/Oasl1/Hacd3/Bcl2/Trim27/Cd74/Vps37b/Stat1/Oas2/Oasl2/Adar/Hmga2/Ccl5/Furin/Trim21/Sp100/Dhx9",27
"GO:0050900","leukocyte migration","50/1399","412/25615",0.121359223300971,2.22202752312678,6.01035094976579,1.1249431262504e-07,6.81757985191749e-06,6.81757985191749e-06,"Hoxa7/Xcl1/Ptn/Fadd/Ptk2/Ror2/Tacr1/Asb2/Selplg/Ccr7/Ptpn22/Mmp28/Tnfrsf18/Sirpb1b/Msn/Sirpb1c/Ccl2/Nod2/Sell/Cmklr1/Coro1c/Itga4/Arhgef5/Ano6/Tnfrsf14/Trem1/Fut9/Abl2/Tbx21/Cxcl12/Cd74/Stk10/Cyp7b1/Klrk1/Tirap/Tnfsf4/Il17rc/Vegfd/Sirpb1a/Wnk1/Plec/Zfp580/Ccl5/Slamf8/Itga2/Itgal/Vegfc/Gpr35/Ccl7/Pawr",50
"GO:0002702","positive regulation of production of molecular mediator of immune response","24/1399","129/25615",0.186046511627907,3.40641986801203,6.58584910906795,1.19562681640021e-07,7.17823053135974e-06,7.17823053135974e-06,"Rigi/Arid5a/Xcl1/Nlrp3/Fzd5/Inava/Tlr9/Ptpn22/Scimp/Cd55/Gimap3/Nod2/Dennd1b/Tnfrsf4/Plcg2/Tnfrsf14/Tbx21/Atad5/Sash3/Cd74/Tnfsf4/Il18/Clec7a/Laptm5",24
"GO:0140014","mitotic nuclear division","39/1399","285/25615",0.136842105263158,2.50551145555096,6.14306704798068,1.25327087747003e-07,7.45464084895137e-06,7.45464084895137e-06,"Ccsap/Nsl1/Espl1/Rrs1/Kif11/Kntc1/Nup62/Prc1/Smc1a/Nde1/Trip13/Zw10/Smc2/Ttk/Pibf1/Atm/Cit/Mzt1/Spdl1/Nek2/Mki67/Kif4/Kif14/Birc5/Bora/Mybl2/Uhrf1/Apc/Ube2s/Kif15/Kif18b/Racgap1/Ncapd2/Clasp1/Nuf2/Igf2/Zwilch/Chek1/Cenpi",39
"GO:0007160","cell-matrix adhesion","36/1399","252/25615",0.142857142857143,2.61564382722353,6.19500899184955,1.28540007032198e-07,7.57560555206275e-06,7.57560555206275e-06,"Sorbs1/Srf/Hoxa7/Kdr/Gpm6b/Ptk2/Col16a1/Itgbl1/Epha3/Cdh11/Eda/Itgax/Iqgap1/Zyx/Tspan11/Bcl2/Tnn/Coro1c/Itga4/Dmd/Trem1/Cul5/Plet1/Ppm1f/Enpp2/Ston1/Smad3/Phldb2/Skap1/Clasp1/Myh9/Itga2/Itgal/Vcl/Vegfc/Peak1",36
"GO:0002228","natural killer cell mediated immunity","21/1399","103/25615",0.203883495145631,3.73300623885299,6.68010575809748,1.44654776454358e-07,8.44783894493452e-06,8.44783894493452e-06,"Sh2d1b1/Nkg7/Klrb1b/Sh2d1a/Klrc1/Gzmc/Il18rap/Gimap3/Klrd1/Serpinb9b/Klrk1/Tap1/Gzmb/Serpinb9/Il18/Raet1a/Klre1/Clec2d/Klri2/Igf2/Fcgr4",21
"GO:0042102","positive regulation of T cell proliferation","22/1399","113/25615",0.194690265486726,3.56468273798605,6.56722817095652,1.73535955239752e-07,1.00431979861276e-05,1.00431979861276e-05,"Xcl1/Rasal3/Fadd/Il12rb2/Efnb1/Pdcd1lg2/Ccr7/Ptpn22/Card11/Il2ra/Cd55/Irgm1/Sash3/H2-DMb1/Prkcq/Tnfsf4/Cd276/Il18/Ccl5/Itgal/Igf2/Icosl",22
"GO:0042832","defense response to protozoan","13/1399","42/25615",0.30952380952381,5.66722829231764,7.27594162724153,2.09824016774757e-07,1.20349061050093e-05,1.20349061050093e-05,"Gbp2/Nkg7/Gbp7/Tgtp1/Tgtp2/Gbp9/Igtp/Bcl3/Gbp6/Iigp1/Irgm2/Gbp8/Bpgm",13
"GO:0002711","positive regulation of T cell mediated immunity","20/1399","97/25615",0.206185567010309,3.77515603929169,6.5818247398492,2.34980162173283e-07,1.33585182460281e-05,1.33585182460281e-05,"Arid5a/Xcl1/Nlrp3/Fadd/P2rx7/H2-T24/Fzd5/H2-Q7/Cd55/H2-D1/Dennd1b/Hspd1/H2-Q6/H2-Q4/Tbx21/Sash3/Tnfsf4/Il18/Raet1a/H2-K1",20
"GO:0045786","negative regulation of cell cycle","47/1399","386/25615",0.121761658031088,2.22939590455062,5.8496751874329,2.43225977299852e-07,1.37059971769671e-05,1.37059971769671e-05,"Mre11a/Kank2/Map3k20/Rrp8/Rad1/Ticrr/Rad51/Kntc1/Wdr76/Ptpn3/Atrx/Hus1/Trip13/Eme1/Atrip/Zw10/Cdc6/Ttk/Bard1/E2f8/Atm/Rnf168/Ccl2/Bcl2/Spdl1/Nek2/Inhba/Mbd4/Nabp1/Prkacb/Birc5/Slfn1/Apc/Brca2/Parp9/Ezh2/Brca1/Dtx3l/Ints7/Fancd2/Npr2/Nuf2/Ccnd1/Zwilch/Chek1/Pml/Fem1b",47
"GO:0000280","nuclear division","54/1399","473/25615",0.114164904862579,2.09030310082557,5.75273359244693,2.64504537669213e-07,1.4775453478148e-05,1.4775453478148e-05,"Ccsap/Nsl1/Rad54b/Espl1/Rrs1/Kif11/Actr3/Top2a/Rad1/Rad51/Kntc1/Rad51ap1/Nup62/Prc1/Smc1a/Nde1/Trip13/Eme1/Brip1/Zw10/Smc2/Ttk/Pibf1/Atm/Cit/Mzt1/Spdl1/Nek2/Mki67/Kif4/Aspm/Brme1/Kif14/Birc5/Bora/Mybl2/Uhrf1/Apc/Brca2/Ube2s/Kif15/Fancd2/Kif18b/Racgap1/Ncapd2/Npr2/Clasp1/Psmc3ip/Nuf2/Cenpv/Igf2/Zwilch/Chek1/Cenpi",54
"GO:0002456","T cell mediated immunity","27/1399","164/25615",0.164634146341463,3.01437002039785,6.22021081006059,2.7240315283492e-07,1.50854987397545e-05,1.50854987397545e-05,"Arid5a/Xcl1/Nlrp3/Fadd/P2rx7/H2-T24/Fzd5/H2-Q7/Cd55/Prf1/H2-D1/Klrd1/Nod2/Dennd1b/Hspd1/Serpinb9b/H2-Q6/Tnfrsf14/H2-Q4/Tbx21/Sash3/Gzmb/Tnfsf4/Serpinb9/Il18/Raet1a/H2-K1",27
"GO:0030217","T cell differentiation","44/1399","352/25615",0.125,2.28868834882059,5.8515797537411,2.80096453069358e-07,1.53789710642526e-05,1.53789710642526e-05,"Gli3/Srf/Nlrp3/Itpkb/Fadd/Il12rb2/Fzd5/Ccr7/Ptpn22/Fgl2/Bcl2a1d/Irf1/Card11/Il2ra/Lck/Dock2/Zfp609/H2-Aa/Loxl3/Igtp/Gimap3/Bcl2/Bcl3/Itk/Tmem98/Sema4a/Kmt2a/Rhoh/Abl2/Tbx21/Sash3/Prdm16/Cd74/Klhl25/Apc/Il7/Smarcd1/Tnfsf4/Il18/Fancd2/H2-DMa/Il6ra/Lef1/Cd83",44
"GO:0002700","regulation of production of molecular mediator of immune response","29/1399","185/25615",0.156756756756757,2.87013890230473,6.13596543390082,2.93233879425094e-07,1.58224366913367e-05,1.58224366913367e-05,"Rigi/Arid5a/Xcl1/Nlrp3/Fzd5/Inava/Tlr9/Ptpn22/Tlr8/Scimp/Cd55/Gimap3/Nod2/Dennd1b/Tnfrsf4/Pkp3/Plcg2/Cgas/Tnfrsf14/Tbx21/Atad5/Sash3/Tril/Cd74/Tnfsf4/Il18/Clec7a/Laptm5/Ighm",29
"GO:0032608","interferon-beta production","17/1399","73/25615",0.232876712328767,4.26385774574794,6.71214851947969,2.98025348638191e-07,1.58224366913367e-05,1.58224366913367e-05,"Rigi/Oas1g/Tlr9/Traf3ip3/Oas1b/Ptpn22/Tlr8/Oas1a/Oas3/Irf1/Oas1c/Traf3/Trim56/Tirap/Sting1/Oas2/Dhx9",17
"GO:0032648","regulation of interferon-beta production","17/1399","73/25615",0.232876712328767,4.26385774574794,6.71214851947969,2.98025348638191e-07,1.58224366913367e-05,1.58224366913367e-05,"Rigi/Oas1g/Tlr9/Traf3ip3/Oas1b/Ptpn22/Tlr8/Oas1a/Oas3/Irf1/Oas1c/Traf3/Trim56/Tirap/Sting1/Oas2/Dhx9",17
"GO:0050688","regulation of defense response to virus","17/1399","73/25615",0.232876712328767,4.26385774574794,6.71214851947969,2.98025348638191e-07,1.58224366913367e-05,1.58224366913367e-05,"Rigi/Trim44/Ptpn22/Apobec3/Fgl2/Traf3/Igtp/Irgm1/Cgas/Parp9/Stat1/Sting1/Dtx3l/Ccl5/Irgm2/Pml/Dhx9",17
"GO:0001959","regulation of cytokine-mediated signaling pathway","28/1399","175/25615",0.16,2.92952108649035,6.15610977872769,3.03311875660954e-07,1.59711105675899e-05,1.59711105675899e-05,"Sigirr/Oas1g/Trim44/Fadd/Oas1b/Oas1a/Oas3/Parp14/Oas1c/Il1r2/Trim56/Igtp/Robo1/Trim27/Ttll12/Irgm1/Tnfrsf11b/Cd74/Sorl1/Parp9/Il7/Sting1/Adar/Laptm5/Nlrc5/Ccl5/Irgm2/Naip2",28
"GO:0016055","Wnt signaling pathway","55/1399","489/25615",0.112474437627812,2.05935147951137,5.68498319423689,3.33433326967056e-07,1.72754006077307e-05,1.72754006077307e-05,"Gli3/Wnt6/Adgra2/Amotl1/Ankrd6/Vgll4/Grb10/Ror2/Mllt3/Fzd5/Wnt10b/Abcg2/Shisa6/Cxxc4/Ubac2/Eda/Sostdc1/Pitx2/Usp34/Rnf14/Lrrk1/Wnt10a/Nkd1/Peg12/Wnt7b/Vangl2/Fbxw4/Yap1/Grk6/Sulf2/Gli1/Tmem98/Fzd2/Cmah/Siah1b/Tmem237/Aspm/Jrk/Cdon/Abl2/Tgfb1i1/Ndp/Cdh1/Apc/Bcl7a/Smad3/Rnf213/Depdc1b/Wnk1/Hmga2/Lef1/Amer1/Ccnd1/Rspo4/Med12",55
"GO:0035710","CD4-positive, alpha-beta T cell activation","24/1399","136/25615",0.176470588235294,3.23108943362906,6.27034735766034,3.33460410236396e-07,1.72754006077307e-05,1.72754006077307e-05,"Xcl1/Nlrp3/Il12rb2/Ccr7/Nkg7/Irf1/Cd55/Loxl3/Gimap3/Bcl3/Tmem98/Cdh26/Sema4a/Irgm1/Kmt2a/Tbx21/Sash3/Klhl25/Prkcq/Tnfsf4/Il18/Il6ra/Lef1/Cd83",24
"GO:0002819","regulation of adaptive immune response","36/1399","262/25615",0.137404580152672,2.51581009336003,5.92757582170459,3.41185434771655e-07,1.75342018637849e-05,1.75342018637849e-05,"Arid5a/Xcl1/Nlrp3/Fadd/P2rx7/H2-T24/Fzd5/H2-Q7/Ccr7/Irf1/Cd55/Adcy7/Loxl3/H2-D1/Gimap3/Klrd1/Nod2/Samsn1/Il1rl1/Dennd1b/Hspd1/H2-Q6/Tnfrsf14/H2-Q4/Tbx21/Atad5/Sash3/Cd74/Prkcq/Tnfsf4/Il18/Raet1a/Skap1/H2-DMa/Clec7a/H2-K1",36
"GO:0048525","negative regulation of viral process","18/1399","82/25615",0.219512195121951,4.01916002719713,6.58170620597656,3.48231535503851e-07,1.7707380098554e-05,1.7707380098554e-05,"Oas1g/Mx2/Trim14/Oas1b/Oas1a/Apobec3/Oas3/Oas1c/Oasl1/Trim27/Stat1/Oas2/Oasl2/Adar/Hmga2/Ccl5/Trim21/Sp100",18
"GO:0002687","positive regulation of leukocyte migration","27/1399","166/25615",0.162650602409639,2.97805230930871,6.14543757216937,3.50068068573531e-07,1.7707380098554e-05,1.7707380098554e-05,"Xcl1/Ptn/Fadd/Ptk2/Tacr1/Ccr7/Tnfrsf18/Ccl2/Sell/Cmklr1/Itga4/Ano6/Tnfrsf14/Trem1/Abl2/Cxcl12/Cd74/Tirap/Tnfsf4/Vegfd/Wnk1/Zfp580/Ccl5/Itga2/Vegfc/Ccl7/Pawr",27
"GO:1902105","regulation of leukocyte differentiation","44/1399","357/25615",0.123249299719888,2.25663389015363,5.74698088310715,4.16174415590782e-07,2.08867534824624e-05,2.08867534824624e-05,"Gli3/Hoxa7/Nlrp3/Itpkb/Fadd/Ror2/Tlr9/Ccr7/Fgl2/Irf1/Card11/Il2ra/Lck/Dlk1/Zfp609/Gata2/H2-Aa/Loxl3/Rbp1/Gimap3/Casp8/Coro1c/Tnfrsf11b/Rhoh/Tbx21/Sash3/Prdm16/Cd74/Tmem176a/Klhl25/Apc/Il7/Smarcd1/Tnfsf4/Il15ra/Il18/Fancd2/H2-DMa/Ccl5/Lef1/Clec2d/Cd83/Slamf8/Tmem176b",44
"GO:0002821","positive regulation of adaptive immune response","28/1399","178/25615",0.157303370786517,2.88014713559445,6.05013756335237,4.34076497535144e-07,2.16163365904323e-05,2.16163365904323e-05,"Arid5a/Xcl1/Nlrp3/Fadd/P2rx7/H2-T24/Fzd5/H2-Q7/Cd55/H2-D1/Gimap3/Nod2/Dennd1b/Hspd1/H2-Q6/H2-Q4/Tbx21/Atad5/Sash3/Cd74/Prkcq/Tnfsf4/Il18/Raet1a/Skap1/H2-DMa/Clec7a/H2-K1",28
"GO:0007059","chromosome segregation","51/1399","443/25615",0.115124153498871,2.1078664702456,5.6536221006639,4.37579428277612e-07,2.16231557481183e-05,2.16231557481183e-05,"Ccsap/Nsl1/Espl1/Rrs1/Kif11/Actr3/Top2a/Cenpl/Kntc1/Nup62/Prc1/Smc1a/Nde1/Cenpp/Trip13/Brip1/Zw10/Smc2/Cdc6/Cenpf/Ttk/Pibf1/Atm/Cit/Mzt1/Spdl1/Nek2/Mki67/Kif4/Aspm/Kif14/Birc5/Mybl2/Uhrf1/Apc/Bcl7a/Brca2/Smarcd1/Kif15/Brca1/Fancd2/Kif18b/Racgap1/Ncapd2/Clasp1/Psmc3ip/Nuf2/Cenpv/Ppp2r1b/Zwilch/Cenpi",51
"GO:0030900","forebrain development","54/1399","481/25615",0.112266112266112,2.05553714488668,5.61709293865035,4.51308412066837e-07,2.21202770843919e-05,2.21202770843919e-05,"Gli3/Srf/Ncam1/Robo2/Myh10/Aplp2/Trappc9/Atrx/Shank3/Nde1/Socs7/Tfap2c/Ndst1/Pitx2/Aqp1/D16Ertd472e/Fktn/Wnt7b/Smc2/Atic/Plxna1/Gata2/Gli2/Tacc2/Herc1/Robo1/Kif26a/Gli1/Coro1c/Dync2h1/Dmd/Inhba/Aspm/Kif14/Cdon/Ptchd1/Cul5/Cxcl12/Atp1b2/Gpr161/Tfap2a/Gdpd5/Prkg1/Arhgap35/Tbx3/Ezh2/Ccdc141/Phactr1/Hmga2/Lef1/Lhx8/Smo/Bhlhe22/Nf2",54
"GO:0002832","negative regulation of response to biotic stimulus","26/1399","158/25615",0.164556962025316,3.01295681363723,6.10036394519427,4.54526241460107e-07,2.21202770843919e-05,2.21202770843919e-05,"Oas1g/Sh2d1b1/Oas1b/Serping1/Oas1a/Fgl2/Parp1/Oas3/Parp14/Klrb1b/Oas1c/Igtp/Klrd1/Ttll12/Irgm1/Serpinb9b/Tap1/Serpinb9/Adar/Nlrc5/Klre1/Clec2d/Slamf8/Irgm2/Igf2/Trim21",26
"GO:0031570","DNA integrity checkpoint signaling","23/1399","129/25615",0.178294573643411,3.26448570684487,6.19740610238628,4.81934516415177e-07,2.32777994996323e-05,2.32777994996323e-05,"Mre11a/Map3k20/Rad1/Ticrr/Rad51/Wdr76/Hus1/Eme1/Atrip/Cdc6/Bard1/Atm/Rnf168/Mbd4/Brca2/Parp9/Brca1/Dtx3l/Ints7/Fancd2/Ccnd1/Chek1/Fem1b",23
"GO:2000516","positive regulation of CD4-positive, alpha-beta T cell activation","13/1399","45/25615",0.288888888888889,5.2894130728298,6.92205618073307,5.1487113765901e-07,2.46830760322499e-05,2.46830760322499e-05,"Xcl1/Nlrp3/Ccr7/Irf1/Cd55/Gimap3/Irgm1/Sash3/Klhl25/Prkcq/Tnfsf4/Il18/Cd83",13
"GO:0002460","adaptive immune response based on somatic recombination of immune receptors built from immunoglobulin superfamily domains","55/1399","496/25615",0.110887096774194,2.0302880513731,5.56922397834805,5.25773810879848e-07,2.48350805962657e-05,2.48350805962657e-05,"Arid5a/Xcl1/Nlrp3/Fadd/P2rx7/H2-T24/Il12rb2/Fzd5/H2-Q7/Ccr7/Irf1/Cd55/Prf1/Loxl3/H2-D1/C1ra/Gimap3/Rnf168/Klrd1/Nod2/Il2rb/C1rl/Bcl3/Il1rl1/Csf2rb/Sanbr/Dennd1b/Exo1/Tmem98/Sema4a/Hspd1/Serpinb9b/H2-Q6/Tnfrsf14/H2-Q4/Tbx21/Atad5/Sash3/Prdm16/C1s1/Cd74/Gzmb/Prkcq/Tnfsf4/Serpinb9/Il18/Raet1a/H2-DMa/Il6ra/Clec7a/Lef1/Ighm/Fcgr4/Icosl/H2-K1",55
"GO:0007389","pattern specification process","55/1399","496/25615",0.110887096774194,2.0302880513731,5.56922397834805,5.25773810879848e-07,2.48350805962657e-05,2.48350805962657e-05,"Gli3/Srf/Hoxa7/Wnt6/Robo2/Aida/Ror2/Mllt3/Aplnr/Fzd5/Efnb1/Hoxb9/En1/Asb2/Hoxa6/Fgf1/Sostdc1/Pitx2/Nkx3-2/Peg12/Wnt7b/Hand2/Sufu/Gli2/Hoxc6/Megf8/Vangl2/Smad5/C2cd3/Atm/Hoxa10/Robo1/Gli1/Dync2h1/Hoxa5/Mical2/Hoxa9/Bptf/Ttn/Kmt2a/Grem2/Cdon/Satb2/Tdrd1/Gpr161/Pkd1l1/Tfap2a/Apc/Tbx3/Smad3/Lef1/Hoxb7/Med12/Smo/Bhlhe22",55
"GO:0150116","regulation of cell-substrate junction organization","17/1399","76/25615",0.223684210526316,4.09554757157368,6.49589042522055,5.51627234162752e-07,2.57393239823755e-05,2.57393239823755e-05,"Kdr/Gpm6b/Ptk2/Col16a1/Epha3/Iqgap1/Coro1c/Rhou/Cul5/Ppm1f/Enpp2/Smad3/Phldb2/Clasp1/Myh9/Vcl/Peak1",17
"GO:0031297","replication fork processing","15/1399","60/25615",0.25,4.57737669764117,6.66804791897155,5.52930683307568e-07,2.57393239823755e-05,2.57393239823755e-05,"Mre11a/Rad51/Recql/Atrx/Parp1/Eme1/Bard1/Atm/Tonsl/Exo1/Zranb3/Carm1/Brca2/Brca1/Nucks1",15
"GO:0042098","T cell proliferation","33/1399","234/25615",0.141025641025641,2.58210993200271,5.84368203167052,5.7146072225431e-07,2.64105300702279e-05,2.6410530070228e-05,"Xcl1/Rasal3/Fadd/P2rx7/Il12rb2/Efnb1/Pdcd1lg2/Ccr7/Ptpn22/Irf1/Card11/Il2ra/Cd55/Msn/Dock2/H2-Aa/Tnfrsf4/Irgm1/Tnfrsf14/Sash3/Cxcl12/H2-DMb1/Slfn1/Prkcq/Tnfsf4/Cd276/Il18/Laptm5/Ccl5/Itgal/Igf2/Icosl/Pawr",33
"GO:0000077","DNA damage checkpoint signaling","22/1399","121/25615",0.181818181818182,3.32900123464813,6.17219685674924,5.99856896051536e-07,2.75248621445362e-05,2.75248621445362e-05,"Mre11a/Map3k20/Rad1/Ticrr/Rad51/Wdr76/Hus1/Eme1/Atrip/Bard1/Atm/Rnf168/Mbd4/Brca2/Parp9/Brca1/Dtx3l/Ints7/Fancd2/Ccnd1/Chek1/Fem1b",22
"GO:0031346","positive regulation of cell projection organization","53/1399","473/25615",0.112050739957717,2.05159378414361,5.54849278431905,6.10693516484553e-07,2.78233698574239e-05,2.78233698574239e-05,"Srf/Cflar/Actr3/Ptn/Robo2/Fscn1/Ppp1r9a/P2rx7/Creb3l2/Stmn2/Cnr1/Rap2a/Ccr7/Dzip1/Epha3/Dpysl3/Aqp1/Enc1/Zdhhc15/Shox2/Iqgap1/Scarb2/Stk24/Bhlhb9/Dbn1/Megf8/Anln/Cdc42ep5/Robo1/Tnn/Coro1c/Dmd/Kctd17/Fut9/Abl2/Cxcl12/Atp1b2/Xlr3b/Htr7/Enpp2/Apc/Arhgap35/Prkcq/Ezh2/Dlg4/Arap1/Map6/Arhgap32/Eps8l2/Tenm3/Itga2/Gprc5b/Plxnc1",53
"GO:0001562","response to protozoan","13/1399","46/25615",0.282608695652174,5.17442583211611,6.81106695224683,6.81925285135283e-07,3.07798853336588e-05,3.07798853336588e-05,"Gbp2/Nkg7/Gbp7/Tgtp1/Tgtp2/Gbp9/Igtp/Bcl3/Gbp6/Iigp1/Irgm2/Gbp8/Bpgm",13
"GO:0140888","interferon-mediated signaling pathway","22/1399","122/25615",0.180327868852459,3.30171433928216,6.1251569507001,6.94505679416692e-07,3.07798853336588e-05,3.07798853336588e-05,"Oas1g/Fadd/Oas1b/Oas1a/Oas3/Irf1/Parp14/Oas1c/Trim56/Oasl1/Igtp/Ciita/Ttll12/Irgm1/Parp9/Stat1/Sting1/Oas2/Oasl2/Adar/Nlrc5/Irgm2",22
"GO:0032623","interleukin-2 production","16/1399","69/25615",0.231884057971014,4.24568273404399,6.48881679578382,7.0433423786548e-07,3.07798853336588e-05,3.07798853336588e-05,"Xcl1/Gpr174/Card11/Nav3/Nod2/Plcg2/Abl2/Tbx21/Sash3/Prkd2/Prkcq/Tnfsf4/Cd276/Clec7a/Laptm5/Cd83",16
"GO:0032663","regulation of interleukin-2 production","16/1399","69/25615",0.231884057971014,4.24568273404399,6.48881679578382,7.0433423786548e-07,3.07798853336588e-05,3.07798853336588e-05,"Xcl1/Gpr174/Card11/Nav3/Nod2/Plcg2/Abl2/Tbx21/Sash3/Prkd2/Prkcq/Tnfsf4/Cd276/Clec7a/Laptm5/Cd83",16
"GO:0051893","regulation of focal adhesion assembly","16/1399","69/25615",0.231884057971014,4.24568273404399,6.48881679578382,7.0433423786548e-07,3.07798853336588e-05,3.07798853336588e-05,"Kdr/Gpm6b/Ptk2/Col16a1/Epha3/Iqgap1/Coro1c/Cul5/Ppm1f/Enpp2/Smad3/Phldb2/Clasp1/Myh9/Vcl/Peak1",16
"GO:0090109","regulation of cell-substrate junction assembly","16/1399","69/25615",0.231884057971014,4.24568273404399,6.48881679578382,7.0433423786548e-07,3.07798853336588e-05,3.07798853336588e-05,"Kdr/Gpm6b/Ptk2/Col16a1/Epha3/Iqgap1/Coro1c/Cul5/Ppm1f/Enpp2/Smad3/Phldb2/Clasp1/Myh9/Vcl/Peak1",16
"GO:0040013","negative regulation of locomotion","44/1399","364/25615",0.120879120879121,2.21323708457375,5.60342332378208,7.12729139374734e-07,3.0936297238806e-05,3.0936297238806e-05,"Srf/Hoxa7/Ptn/Robo2/Ptk2/Lima1/Dnai3/Rap2a/Abhd2/Map2k5/Mmp28/Cdh11/Dpysl3/Arhgdib/Stk24/St6gal1/Dbn1/Nav3/Ccl2/Bcl2/Sell/Robo1/Vash1/Cnn2/Tnn/Coro1c/S1pr2/Mmrn1/Fbln1/Rbbp7/Gpr173/Cxcl12/Atp1b2/Cd74/Klrk1/Cdh1/Prkg1/Phldb2/Clasp1/Myh9/Slamf8/Mctp1/Sp100/Card10",44
"GO:0002709","regulation of T cell mediated immunity","23/1399","132/25615",0.174242424242424,3.19029284987112,6.06401448169533,7.34930582745157e-07,3.1685866198355e-05,3.1685866198355e-05,"Arid5a/Xcl1/Nlrp3/Fadd/P2rx7/H2-T24/Fzd5/H2-Q7/Cd55/H2-D1/Klrd1/Nod2/Dennd1b/Hspd1/H2-Q6/Tnfrsf14/H2-Q4/Tbx21/Sash3/Tnfsf4/Il18/Raet1a/H2-K1",23
"GO:0002220","innate immune response activating cell surface receptor signaling pathway","20/1399","104/25615",0.192307692307692,3.52105899818552,6.19201918619684,7.64821809925418e-07,3.27547687130726e-05,3.27547687130726e-05,"Oas1g/Oas1b/Ptpn22/Rab7b/Oas1a/Scimp/Oas1c/Klrc1/Traf3/Letmd1/Klrd1/Nod2/Plcg2/Tril/Klrk1/Tirap/Clec7a/Klre1/Klri2/Masp1",20
"GO:0046634","regulation of alpha-beta T cell activation","22/1399","123/25615",0.178861788617886,3.27487113327173,6.07860266985153,8.02658492973106e-07,3.4147537475889e-05,3.4147537475889e-05,"Gli3/Xcl1/Nlrp3/Itpkb/Rasal3/Il12rb2/Ccr7/Ptpn22/Irf1/Cd55/Loxl3/Gimap3/Irgm1/Tnfrsf14/Tbx21/Sash3/Hsph1/Klhl25/Prkcq/Tnfsf4/Il18/Cd83",22
"GO:0022408","negative regulation of cell-cell adhesion","31/1399","217/25615",0.142857142857143,2.61564382722353,5.74476263546715,9.38472694402083e-07,3.96628196634144e-05,3.96628196634144e-05,"Gli3/Xcl1/Ass1/Ptk2/Pdcd1lg2/Map2k5/Ptpn22/Fgl2/Irf1/Cbl/Il2ra/H2-Aa/Loxl3/Gimap3/Sell/Tnfrsf14/Abl2/Tbx21/Cxcl12/Slfn1/Cd74/Ppm1f/Cdh1/Csk/Prkg1/Tnfsf4/Cd276/Wnk1/Laptm5/Pawr/Nf2",31
"GO:0018108","peptidyl-tyrosine phosphorylation","31/1399","218/25615",0.142201834862385,2.6036454610436,5.71533580598251,1.03777489991859e-06,4.35729801116147e-05,4.35729801116147e-05,"Dyrk3/Kdr/Tnk2/Ptk2/Il12rb2/Ptpn22/Epha3/Tnfrsf18/Zzef1/Fgr/Parp14/Lck/Lrrk1/Tspan9/Iqgap1/Ttk/Pibf1/Nod2/Samsn1/Abi3/Tnfrsf14/Abl2/Hsph1/Cspg4/Parp9/Il7/Ctf1/Il18/Clec7a/Ighm/Vegfc",31
"GO:0048562","embryonic organ morphogenesis","42/1399","345/25615",0.121739130434783,2.22898343537309,5.52394456755335,1.04982068516368e-06,4.37925200096849e-05,4.37925200096849e-05,"Gli3/Srf/Hoxa7/Rbpms2/Ror2/Aplnr/Fzd5/Hoxb9/Asb2/Ndst1/Pitx2/Nkx3-2/Shox2/Fbn2/Hand2/Gata2/Sufu/Lrig1/Gli2/Megf8/Vangl2/Sox11/Mycn/C2cd3/Yap1/Ttc39c/Gli1/Myo7a/Hoxa5/Mical2/Fzd2/Hoxa9/Satb2/Slitrk6/Tfap2a/Tbx3/Smad3/Pcdh15/Hoxb7/Tead1/Med12/Smo",42
"GO:0051321","meiotic cell cycle","44/1399","370/25615",0.118918918918919,2.17734675347256,5.48294539778116,1.11385685920518e-06,4.61639771840909e-05,4.61639771840909e-05,"Rad54b/Espl1/Mre11a/Actr3/Nr2c2/Top2a/Rad1/Rad51/Rad51ap1/Rpa1/Rsph1/Atrx/Smc1a/Hus1/Mcm2/Trip13/Eme1/Brip1/Smc2/Ttk/Rec114/Atm/Nek2/Cdc25a/Exo1/Mki67/Aspm/Brme1/Tdrd1/Prkacb/Birc5/Xlr3b/Brca2/Xrn1/Fancd2/Ncapd2/Npr2/Hmga2/Myh9/Psmc3ip/Nuf2/Cenpv/Utp14b/Mcm6",44
"GO:0032102","negative regulation of response to external stimulus","50/1399","446/25615",0.112107623318386,2.05263529042205,5.39024779798231,1.24242858646068e-06,5.09754398530718e-05,5.09754398530718e-05,"Oas1g/Nlrp3/Robo2/Sh2d1b1/Oas1b/Serping1/Ptgis/Mmp28/Oas1a/Fgl2/Parp1/Oas3/Il2ra/Parp14/Klrb1b/Oas1c/St6gal1/Dbn1/Igtp/Klrd1/Ccl2/Nod2/Robo1/Mmrn1/Ttll12/Irgm1/Serpinb9b/Klrk1/Tap1/Cacnb3/Prkg1/Smad3/Neo1/Serpinb9/Xylt1/Cd276/Phldb2/Ldlr/Adar/Clasp1/Tfpi/Nlrc5/Klre1/Pros1/Clec2d/Slamf8/Irgm2/Igf2/Trim21/Anxa5",50
"GO:0006261","DNA-templated DNA replication","25/1399","156/25615",0.16025641025641,2.93421583182126,5.82428902407567,1.24581943601063e-06,5.09754398530718e-05,5.09754398530718e-05,"Mre11a/Ticrr/Rad51/Recql/Cdc45/Atrx/Parp1/Mcm2/Eme1/Cdc6/Bard1/E2f8/Atm/Tonsl/Exo1/Zranb3/Lig3/Rrm1/Atad5/Carm1/Brca2/Brca1/Nucks1/Mcm6/Pola1",25
"GO:0032615","interleukin-12 production","15/1399","64/25615",0.234375,4.2912906540386,6.33648817052525,1.34939743605066e-06,5.45190511269777e-05,5.45190511269777e-05,"Tlr9/Ccr7/Tlr8/Scimp/Irf1/Pibf1/Nod2/Cmklr1/Plcg2/Hspd1/Tirap/Tnfsf4/Clec7a/Laptm5/Mapk11",15
"GO:0032655","regulation of interleukin-12 production","15/1399","64/25615",0.234375,4.2912906540386,6.33648817052525,1.34939743605066e-06,5.45190511269777e-05,5.45190511269777e-05,"Tlr9/Ccr7/Tlr8/Scimp/Irf1/Pibf1/Nod2/Cmklr1/Plcg2/Hspd1/Tirap/Tnfsf4/Clec7a/Laptm5/Mapk11",15
"GO:0055002","striated muscle cell development","30/1399","210/25615",0.142857142857143,2.61564382722353,5.65056700607329,1.39725951671127e-06,5.60999695959573e-05,5.60999695959573e-05,"Srf/Fhl2/Agtr2/Pi16/Mybpc2/Cflar/Myh10/Ryr1/Wnt10b/Pgm5/Asb2/Fbxo22/Akap13/Trim63/Krt8/Pitx2/Shox2/Bcl2/Cntnap1/Myog/Dmd/Ttn/Csrp1/Adra1b/Prkg1/Tbx3/Plec/Alpk3/Smo/Speg",30
"GO:0018212","peptidyl-tyrosine modification","31/1399","222/25615",0.13963963963964,2.55673293021399,5.59925116559588,1.54025076721386e-06,6.14569622893281e-05,6.14569622893281e-05,"Dyrk3/Kdr/Tnk2/Ptk2/Il12rb2/Ptpn22/Epha3/Tnfrsf18/Zzef1/Fgr/Parp14/Lck/Lrrk1/Tspan9/Iqgap1/Ttk/Pibf1/Nod2/Samsn1/Abi3/Tnfrsf14/Abl2/Hsph1/Cspg4/Parp9/Il7/Ctf1/Il18/Clec7a/Ighm/Vegfc",31
"GO:0001952","regulation of cell-matrix adhesion","23/1399","138/25615",0.166666666666667,3.05158446509411,5.80832832255051,1.63886159881716e-06,6.4987943893836e-05,6.4987943893836e-05,"Hoxa7/Kdr/Gpm6b/Ptk2/Col16a1/Epha3/Iqgap1/Bcl2/Coro1c/Dmd/Trem1/Cul5/Plet1/Ppm1f/Enpp2/Smad3/Phldb2/Skap1/Clasp1/Myh9/Vcl/Vegfc/Peak1",23
"GO:0045005","DNA-templated DNA replication maintenance of fidelity","15/1399","65/25615",0.230769230769231,4.22527079782262,6.25783007820629,1.66620010612597e-06,6.52664737392574e-05,6.52664737392574e-05,"Mre11a/Rad51/Recql/Atrx/Parp1/Eme1/Bard1/Atm/Tonsl/Exo1/Zranb3/Carm1/Brca2/Brca1/Nucks1",15
"GO:0007162","negative regulation of cell adhesion","40/1399","327/25615",0.122324159021407,2.23969502025256,5.4228531936421,1.66620512036709e-06,6.52664737392574e-05,6.52664737392574e-05,"Gli3/Hoxa7/Xcl1/Ass1/Ptk2/Pdcd1lg2/Map2k5/Ptpn22/Fgl2/Irf1/Cbl/Il2ra/H2-Aa/Loxl3/Gimap3/Sema6a/Sell/Coro1c/Fbln1/Tnfrsf14/Cul5/Abl2/Tbx21/Plet1/Cxcl12/Slfn1/Cd74/Ppm1f/Enpp2/Cdh1/Csk/Prkg1/Tnfsf4/Cd276/Phldb2/Wnk1/Laptm5/Pawr/Plxnc1/Nf2",40
"GO:0010639","negative regulation of organelle organization","45/1399","388/25615",0.115979381443299,2.12352527210157,5.35996878841451,1.67852448317391e-06,6.53505532115709e-05,6.53505532115709e-05,"Kank2/Rad1/Ppp1r9a/Kntc1/Lima1/Stmn2/Dnai3/Atrx/Arhgap28/Parp1/Shank3/Trip13/Zw10/Dbn1/Ttk/Kif24/Atm/Yap1/Nav3/Camsap2/Spdl1/Svil/Tbc1d4/Hdgfl3/Cep128/4930550C14Rik/Birc5/Apc/Huwe1/Mid1/Map1a/Arap1/Phldb2/Camsap1/Ssh2/Clasp1/Nuf2/Pif1/Smg6/Zwilch/Tesk1/Chek1/Sptbn2/Hip1r/Pml",45
"GO:0002824","positive regulation of adaptive immune response based on somatic recombination of immune receptors built from immunoglobulin superfamily domains","26/1399","169/25615",0.153846153846154,2.81684719854841,5.6957163143266,1.70339928142787e-06,6.59194999029677e-05,6.59194999029677e-05,"Arid5a/Xcl1/Nlrp3/Fadd/P2rx7/H2-T24/Fzd5/H2-Q7/Cd55/H2-D1/Gimap3/Nod2/Dennd1b/Hspd1/H2-Q6/H2-Q4/Tbx21/Atad5/Sash3/Prkcq/Tnfsf4/Il18/Raet1a/H2-DMa/Clec7a/H2-K1",26
"GO:0032760","positive regulation of tumor necrosis factor production","21/1399","119/25615",0.176470588235294,3.23108943362906,5.8634171200154,1.77929860027849e-06,6.84443964562218e-05,6.84443964562218e-05,"Rigi/Arid5a/Oas1g/Fadd/Fzd5/Tlr9/Oas1b/Ccr7/Oas1a/Oas3/Oas1c/Ccl2/Nod2/Plcg2/Sash3/Tirap/Oas2/Il18/Clec7a/Ccr5/Dhx9",21
"GO:0002223","stimulatory C-type lectin receptor signaling pathway","7/1399","13/25615",0.538461538461538,9.85896519491945,7.67916644251154,1.83178344144219e-06,6.92198636930859e-05,6.92198636930859e-05,"Klrc1/Klrd1/Plcg2/Klrk1/Clec7a/Klre1/Klri2",7
"GO:1990840","response to lectin","7/1399","13/25615",0.538461538461538,9.85896519491945,7.67916644251154,1.83178344144219e-06,6.92198636930859e-05,6.92198636930859e-05,"Klrc1/Klrd1/Plcg2/Klrk1/Clec7a/Klre1/Klri2",7
"GO:1990858","cellular response to lectin","7/1399","13/25615",0.538461538461538,9.85896519491945,7.67916644251154,1.83178344144219e-06,6.92198636930859e-05,6.92198636930859e-05,"Klrc1/Klrd1/Plcg2/Klrk1/Clec7a/Klre1/Klri2",7
"GO:0042129","regulation of T cell proliferation","28/1399","191/25615",0.146596858638743,2.68411617872153,5.61517308279494,1.84967492836932e-06,6.94872031569856e-05,6.94872031569856e-05,"Xcl1/Rasal3/Fadd/Il12rb2/Efnb1/Pdcd1lg2/Ccr7/Ptpn22/Irf1/Card11/Il2ra/Cd55/H2-Aa/Irgm1/Tnfrsf14/Sash3/H2-DMb1/Slfn1/Prkcq/Tnfsf4/Cd276/Il18/Laptm5/Ccl5/Itgal/Igf2/Icosl/Pawr",28
"GO:0019882","antigen processing and presentation","23/1399","139/25615",0.165467625899281,3.0296306200215,5.76706892804419,1.86361398881667e-06,6.96038154892923e-05,6.96038154892923e-05,"H2-T24/H2-Q7/Erap1/Ccr7/Fgl2/H2-Aa/H2-D1/Nod2/H2-Ab1/H2-Q6/H2-Q4/H2-DMb1/Cd74/Tap1/Raet1a/H2-DMa/Tapbpl/H2-Eb1/Clec4a1/Ighm/Wdfy4/Fcgr4/H2-K1",23
"GO:0030336","negative regulation of cell migration","40/1399","329/25615",0.121580547112462,2.22607985295619,5.37988502287048,1.94288954115613e-06,7.21026205451182e-05,7.21026205451182e-05,"Srf/Hoxa7/Ptn/Ptk2/Lima1/Dnai3/Rap2a/Abhd2/Map2k5/Mmp28/Cdh11/Dpysl3/Arhgdib/Stk24/Nav3/Ccl2/Bcl2/Sell/Robo1/Vash1/Cnn2/Tnn/Coro1c/S1pr2/Mmrn1/Rbbp7/Gpr173/Cxcl12/Atp1b2/Cd74/Klrk1/Cdh1/Prkg1/Phldb2/Clasp1/Myh9/Slamf8/Mctp1/Sp100/Card10",40
"GO:0044772","mitotic cell cycle phase transition","50/1399","453/25615",0.11037527593819,2.02091686430074,5.26942534213711,1.95296637217475e-06,7.21026205451182e-05,7.21026205451182e-05,"Foxm1/Mre11a/Kank2/Ticrr/Trim71/Kntc1/Wnt10b/Abcg2/Acvr1b/Iqgap3/Hus1/Trip13/Nes/Zw10/Cdc6/Cenpf/Ttk/Bard1/Atm/Cit/Ccl2/Bcl2/Ccnd2/Spdl1/Nek2/Cdc25a/Inhba/Mbd4/Kif14/Rhou/Nabp1/Rrm1/Atad5/Usp37/Birc5/Slfn1/Apc/Bcl7a/Prkcq/Smarcd1/Ube2s/Ezh2/Brca1/Eif4g1/Clasp1/Nuf2/Ccnd1/Zwilch/Chek1/Ubd",50
"GO:0032956","regulation of actin cytoskeleton organization","43/1399","366/25615",0.117486338797814,2.15111691801716,5.3313137809523,2.02284761420739e-06,7.42558461352472e-05,7.42558461352472e-05,"Kank2/Actr3/Fscn1/Ppp1r9a/Gpm6b/Lima1/Tacr1/Capn10/Dnai3/Akap13/Arhgap28/Epha3/Shank3/Fgr/Alms1/Abitram/Rapgef3/Iqgap1/Synpo2/Magel2/Dbn1/Vangl2/Cit/Cdc42ep5/Trim27/Svil/Arhgef5/Cyria/Ppm1f/Arhgap35/Synpo/Smad3/Prkcq/Arap1/Phldb2/Ssh2/Clasp1/Myh9/Xirp2/Tesk1/Sptbn2/Hip1r/Nf2",43
"GO:0032729","positive regulation of type II interferon production","17/1399","83/25615",0.204819277108434,3.75013994505542,6.03181174104728,2.04641630891521e-06,7.46198815215693e-05,7.46198815215693e-05,"Arid5a/Fadd/Il12rb2/Fzd5/Tlr9/Ptpn22/Tlr8/Bcl3/Hspd1/Abl2/Sash3/Klrk1/Tnfsf4/Cd276/Il18/Clec7a/Klre1",17
"GO:0002396","MHC protein complex assembly","8/1399","18/25615",0.444444444444444,8.13755857358431,7.28094515145248,2.07532817944858e-06,7.46198815215693e-05,7.46198815215693e-05,"Erap1/H2-Aa/H2-Ab1/H2-DMb1/Tap1/H2-DMa/Tapbpl/H2-Eb1",8
"GO:0002501","peptide antigen assembly with MHC protein complex","8/1399","18/25615",0.444444444444444,8.13755857358431,7.28094515145248,2.07532817944858e-06,7.46198815215693e-05,7.46198815215693e-05,"Erap1/H2-Aa/H2-Ab1/H2-DMb1/Tap1/H2-DMa/Tapbpl/H2-Eb1",8
"GO:0050766","positive regulation of phagocytosis","18/1399","92/25615",0.195652173913043,3.58229480684961,5.96389832963795,2.07922770740363e-06,7.46198815215693e-05,7.46198815215693e-05,"Ptk2/Ccr7/Dock2/Gata2/Ccl2/Nod2/Il2rb/Plcg2/Ano6/Myo18a/Il15ra/Arap1/Sirpb1a/Clec7a/Pros1/Myh9/Itga2/Masp1",18
"GO:0002688","regulation of leukocyte chemotaxis","22/1399","130/25615",0.169230769230769,3.09853191840326,5.76555729417123,2.10857707592804e-06,7.52527729764542e-05,7.52527729764542e-05,"Xcl1/Ptn/Ptk2/Ccr7/Mmp28/Ccl2/Nod2/Sell/Cmklr1/Ano6/Trem1/Cxcl12/Cd74/Klrk1/Tirap/Vegfd/Wnk1/Zfp580/Ccl5/Slamf8/Vegfc/Ccl7",22
"GO:0030100","regulation of endocytosis","43/1399","367/25615",0.11716621253406,2.14525556401712,5.31151371992635,2.1728659298351e-06,7.7118733332932e-05,7.71187333329319e-05,"Tnk2/Ptk2/Aplnr/Snx12/Ccr7/Epha3/Sirpb1b/Cbl/Fgr/Alms1/Aak1/Dock2/Gata2/Letmd1/Sirpb1c/Ubqln2/Ccl2/Nod2/Il2rb/Cnn2/Plcg2/Sh3gl3/Snx33/Ano6/Myo18a/Tspan7/Ston1/Csk/Il15ra/Dlg4/Tamalin/Arap1/Sirpb1a/Dgkd/Clec7a/Pros1/Myh9/Itga2/Mctp1/Ighm/Hip1r/Masp1/Abca2",43
"GO:1903557","positive regulation of tumor necrosis factor superfamily cytokine production","21/1399","121/25615",0.173553719008264,3.17768299670957,5.77118120305241,2.35092807392618e-06,8.29800106972626e-05,8.29800106972626e-05,"Rigi/Arid5a/Oas1g/Fadd/Fzd5/Tlr9/Oas1b/Ccr7/Oas1a/Oas3/Oas1c/Ccl2/Nod2/Plcg2/Sash3/Tirap/Oas2/Il18/Clec7a/Ccr5/Dhx9",21
"GO:0050731","positive regulation of peptidyl-tyrosine phosphorylation","19/1399","102/25615",0.186274509803922,3.41059440216401,5.86326901848174,2.36958997830956e-06,8.31816722440472e-05,8.31816722440472e-05,"Tnk2/Tnfrsf18/Parp14/Lck/Lrrk1/Tspan9/Iqgap1/Pibf1/Nod2/Abi3/Tnfrsf14/Hsph1/Cspg4/Parp9/Ctf1/Il18/Clec7a/Ighm/Vegfc",19
"GO:0051146","striated muscle cell differentiation","46/1399","406/25615",0.113300492610837,2.07447613883245,5.24539670337086,2.45501618813599e-06,8.57120869162261e-05,8.57120869162261e-05,"Srf/Fhl2/Agtr2/Pi16/Mybpc2/Cflar/Myh10/Piezo1/Ryr1/Wnt10b/Abcg2/Pgm5/Asb2/Ntn3/Fbxo22/Akap13/Trim63/Krt8/Rpl30/Pitx2/AW551984/Shox2/Fktn/Dock2/Hand2/Bcl2/Ccnd2/Cntnap1/Myog/Dmd/Ttn/Cdon/Csrp1/Adra1b/Cxcl12/Prkg1/Tbx3/Neo1/Ezh2/Plec/Dock1/Alpk3/Myh9/Igf2/Smo/Speg",46
"GO:0002726","positive regulation of T cell cytokine production","10/1399","30/25615",0.333333333333333,6.10316893018823,6.72208837142627,2.51348845112011e-06,8.72791881621383e-05,8.72791881621384e-05,"Arid5a/Xcl1/Nlrp3/Fzd5/Cd55/Dennd1b/Tbx21/Sash3/Tnfsf4/Il18",10
"GO:2000146","negative regulation of cell motility","41/1399","345/25615",0.118840579710145,2.17591240119754,5.28540477727582,2.59940128367773e-06,8.97771712169127e-05,8.97771712169127e-05,"Srf/Hoxa7/Ptn/Ptk2/Lima1/Dnai3/Rap2a/Abhd2/Map2k5/Mmp28/Cdh11/Dpysl3/Arhgdib/Stk24/Nav3/Ccl2/Bcl2/Sell/Robo1/Vash1/Cnn2/Tnn/Coro1c/S1pr2/Mmrn1/Fbln1/Rbbp7/Gpr173/Cxcl12/Atp1b2/Cd74/Klrk1/Cdh1/Prkg1/Phldb2/Clasp1/Myh9/Slamf8/Mctp1/Sp100/Card10",41
"GO:0051963","regulation of synapse assembly","30/1399","217/25615",0.138248847926267,2.53126821989374,5.4447473547688,2.78074984247232e-06,9.55269357649314e-05,9.55269357649314e-05,"Actr3/Ppp1r9a/Ptk2/Sdc2/Asic1/Rap2a/Crmp1/Iqgap1/Psd/Prickle2/Bhlhb9/Srpx2/Robo1/S1pr2/Abi3/Sema4a/Mycbp2/Iglon5/Xlr3b/Slitrk6/Farp1/Dlg4/Ccdc141/Elavl2/Sema4c/Eif4g1/Dock1/Lrrc15/Arhgap32/Senp1",30
"GO:0045069","regulation of viral genome replication","17/1399","85/25615",0.2,3.66190135811294,5.90843373498961,2.89171656470549e-06,9.88105702748301e-05,9.88105702748301e-05,"Oas1g/Mx2/Top2a/Oas1b/Oas1a/Apobec3/Oas3/Gbp7/Oas1c/Oasl1/Hacd3/Bcl2/Oas2/Oasl2/Adar/Hmga2/Ccl5",17
"GO:0046632","alpha-beta T cell differentiation","24/1399","153/25615",0.156862745098039,2.87207949655917,5.58238906227164,2.97489070094499e-06,0.000101114803507252,0.000101114803507252,"Gli3/Nlrp3/Itpkb/Il12rb2/Ccr7/Irf1/Loxl3/Igtp/Gimap3/Bcl2/Bcl3/Itk/Tmem98/Sema4a/Kmt2a/Abl2/Tbx21/Sash3/Klhl25/Tnfsf4/Il18/Il6ra/Lef1/Cd83",24
"GO:0003002","regionalization","49/1399","448/25615",0.109375,2.00260230521801,5.145745905286,3.18511363527593e-06,0.000107636975985279,0.00010763697598528,"Gli3/Srf/Hoxa7/Robo2/Aida/Ror2/Mllt3/Aplnr/Fzd5/Hoxb9/En1/Asb2/Hoxa6/Fgf1/Sostdc1/Pitx2/Nkx3-2/Wnt7b/Hand2/Sufu/Gli2/Hoxc6/Megf8/Vangl2/C2cd3/Atm/Hoxa10/Robo1/Gli1/Dync2h1/Hoxa5/Mical2/Hoxa9/Bptf/Ttn/Kmt2a/Grem2/Cdon/Tdrd1/Gpr161/Pkd1l1/Apc/Tbx3/Smad3/Lef1/Hoxb7/Med12/Smo/Bhlhe22",49
"GO:0140894","endolysosomal toll-like receptor signaling pathway","14/1399","60/25615",0.233333333333333,4.27221825113176,6.09924812063179,3.20028991487989e-06,0.000107636975985279,0.00010763697598528,"Oas1g/Ubqln1/Tlr9/Oas1b/Ptpn22/Rab7b/Tlr8/Oas1a/Scimp/Irf1/Oas1c/Adcy7/Tirap/Zdhhc3",14
"GO:0006302","double-strand break repair","39/1399","324/25615",0.12037037037037,2.20392211367908,5.24184592954332,3.31696485976132e-06,0.000110661349414279,0.000110661349414279,"Fancb/Foxm1/Rad54b/Mre11a/Rad51/Recql/Rad51ap1/Cdc45/Rpa1/Dek/Parp1/Hus1/Mcm2/Trip13/Parpbp/Eme1/Brip1/Atrip/Atm/Rnf168/Tonsl/Brme1/Lig3/Cgas/Nabp1/Fan1/Bcl7a/Brca2/Parp9/Smarcd1/Brca1/Dtx3l/Fancd2/Hmga2/Nucks1/Chek1/Pml/Mcm6/Pola1",39
"GO:1902903","regulation of supramolecular fiber organization","45/1399","398/25615",0.113065326633166,2.07017036576736,5.17182836089781,3.3246638289159e-06,0.000110661349414279,0.000110661349414279,"Kank2/Actr3/Ppp1r9a/Lima1/Stmn2/Tacr1/Dnai3/Akap13/Arhgap28/Shank3/Alms1/Abitram/Rapgef3/Synpo2/Magel2/Dbn1/Cit/Nav3/Cdc42ep5/Camsap2/Trim27/Svil/Arhgef5/Hdgfl3/Cyria/Ppm1f/Apc/Arhgap35/Synpo/Smad3/Prkcq/Mid1/Map1a/Arap1/Phldb2/Camsap1/Ldlr/Ssh2/Clasp1/Myh9/Xirp2/Tesk1/Sptbn2/Hip1r/Nf2",45
"GO:0007093","mitotic cell cycle checkpoint signaling","23/1399","144/25615",0.159722222222222,2.92443511238186,5.56618807097928,3.47085355990536e-06,0.000114931769426969,0.000114931769426969,"Mre11a/Map3k20/Ticrr/Kntc1/Hus1/Trip13/Eme1/Zw10/Cdc6/Ttk/Bard1/Atm/Spdl1/Mbd4/Nabp1/Birc5/Apc/Brca1/Fancd2/Nuf2/Ccnd1/Zwilch/Chek1",23
"GO:1903900","regulation of viral life cycle","21/1399","124/25615",0.169354838709677,3.10080356936983,5.63636628721684,3.52517884837169e-06,0.000116132045753537,0.000116132045753537,"Oas1g/Mx2/Top2a/Trim30a/Oas1b/Oas1a/Apobec3/Oas3/Gbp7/Oas1c/Oasl1/Hacd3/Bcl2/Cd74/Vps37b/Oas2/Oasl2/Adar/Hmga2/Ccl5/Furin",21
"GO:0032733","positive regulation of interleukin-10 production","12/1399","45/25615",0.266666666666667,4.88253514415058,6.26545542132899,3.59459323641056e-06,0.000117216583506099,0.000117216583506099,"Xcl1/Inava/Tlr9/Pibf1/Nod2/Bcl3/Plcg2/Hspd1/Sash3/Tnfsf4/Clec7a/Cd83",12
"GO:0032735","positive regulation of interleukin-12 production","12/1399","45/25615",0.266666666666667,4.88253514415058,6.26545542132899,3.59459323641056e-06,0.000117216583506099,0.000117216583506099,"Tlr9/Ccr7/Scimp/Irf1/Nod2/Plcg2/Hspd1/Tirap/Tnfsf4/Clec7a/Laptm5/Mapk11",12
"GO:0045071","negative regulation of viral genome replication","13/1399","53/25615",0.245283018867925,4.49101109957247,6.11488234159841,3.9435406154041e-06,0.000127945984410889,0.000127945984410889,"Oas1g/Mx2/Oas1b/Oas1a/Apobec3/Oas3/Oas1c/Oasl1/Oas2/Oasl2/Adar/Hmga2/Ccl5",13
"GO:0045582","positive regulation of T cell differentiation","21/1399","125/25615",0.168,3.07599714081487,5.59233521161261,4.0216350568033e-06,0.000129738255432157,0.000129738255432157,"Gli3/Nlrp3/Itpkb/Ccr7/Irf1/Il2ra/Lck/Zfp609/H2-Aa/Gimap3/Rhoh/Sash3/Cd74/Klhl25/Il7/Smarcd1/Tnfsf4/Il18/H2-DMa/Lef1/Cd83",21
"GO:0048002","antigen processing and presentation of peptide antigen","17/1399","87/25615",0.195402298850575,3.57771971769655,5.78872982210488,4.03917358132495e-06,0.000129738255432157,0.000129738255432157,"H2-T24/H2-Q7/Erap1/H2-Aa/H2-D1/H2-Ab1/H2-Q6/H2-Q4/H2-DMb1/Cd74/Tap1/Raet1a/H2-DMa/Tapbpl/H2-Eb1/Clec4a1/H2-K1",17
"GO:0002520","immune system development","32/1399","244/25615",0.131147540983607,2.4012467922052,5.28612109507256,4.13138800540129e-06,0.000132039982819392,0.000132039982819392,"Fancb/Srf/Cacna1c/Raf1/Fadd/Ccr7/Pitx2/Il2ra/Nkx3-2/Smc2/Rev1/Hand2/Atm/Rnf168/Samd9l/Bcl2/Bcl3/Sanbr/Exo1/Hspd1/Kmt2a/Tnfrsf14/Tbx21/Atad5/Prdm16/Apc/Smad3/Tnfsf4/Ezh2/Adar/Lef1/Icosl",32
"GO:0032640","tumor necrosis factor production","28/1399","199/25615",0.14070351758794,2.57621201073272,5.36517541285456,4.18173357386363e-06,0.000132332297923645,0.000132332297923645,"Rigi/Arid5a/Oas1g/Fadd/Fzd5/Trim30a/Tlr9/Oas1b/Ccr7/Ptpn22/Oas1a/Sirpb1b/Oas3/Oas1c/Sirpb1c/Ccl2/Nod2/Bcl3/Plcg2/Sash3/Tirap/Oas2/Il18/Sirpb1a/Clec7a/Clec4a1/Ccr5/Dhx9",28
"GO:0032680","regulation of tumor necrosis factor production","28/1399","199/25615",0.14070351758794,2.57621201073272,5.36517541285456,4.18173357386363e-06,0.000132332297923645,0.000132332297923645,"Rigi/Arid5a/Oas1g/Fadd/Fzd5/Trim30a/Tlr9/Oas1b/Ccr7/Ptpn22/Oas1a/Sirpb1b/Oas3/Oas1c/Sirpb1c/Ccl2/Nod2/Bcl3/Plcg2/Sash3/Tirap/Oas2/Il18/Sirpb1a/Clec7a/Clec4a1/Ccr5/Dhx9",28
"GO:0039531","regulation of cytoplasmic pattern recognition receptor signaling pathway","23/1399","146/25615",0.157534246575342,2.88437435741772,5.4882517275481,4.41005400456509e-06,0.000138873465320226,0.000138873465320226,"Nlrp3/Ubqln1/Gbp2/P2rx7/Slc15a3/Trim30a/Tlr9/Zcchc3/Ptpn22/Rab7b/Parp1/Adcy7/Oasl1/Igtp/Tspan6/Plcg2/Irgm1/Cgas/Cul5/Tirap/Sting1/Irgm2/Zdhhc3",23
"GO:0042269","regulation of natural killer cell mediated cytotoxicity","15/1399","70/25615",0.214285714285714,3.92346574083529,5.88695113864173,4.48230110875441e-06,0.000140460011329943,0.000140460011329943,"Sh2d1b1/Klrb1b/Sh2d1a/Klrc1/Il18rap/Gimap3/Klrd1/Serpinb9b/Klrk1/Tap1/Serpinb9/Klre1/Clec2d/Klri2/Igf2",15
"GO:0007264","small GTPase-mediated signal transduction","50/1399","468/25615",0.106837606837607,1.95614388788084,5.01763937436492,4.92433271389295e-06,0.000153562686184701,0.000153562686184701,"Plaat1/Foxm1/Kank2/Itpkb/Sipa1l3/Rasal3/Nup62/Rap2a/Iqgap3/Ccr7/Akap13/Arhgap28/Rgl1/Arhgap15/Cbl/Madd/Arhgef11/Rapgef3/Als2/Arhgdib/Dock9/Psd/Dock2/Hacd3/Vangl2/Arhgap42/Cdc42ep5/Farp2/Robo1/Syde2/Arhgef5/Rhoh/Dhcr24/Kif14/Rhou/Cdon/Garre1/Adra1b/Abl2/Farp1/Arhgap35/Chn1/Racgap1/Wnk1/Dock1/Arhgap30/Arhgap32/Eps8l2/Dock6/Kctd10",50
"GO:0032231","regulation of actin filament bundle assembly","20/1399","117/25615",0.170940170940171,3.12983022060935,5.54984959246931,5.15940829130801e-06,0.000160116129774699,0.000160116129774699,"Kank2/Ppp1r9a/Lima1/Tacr1/Arhgap28/Shank3/Alms1/Rapgef3/Synpo2/Dbn1/Arhgef5/Ppm1f/Synpo/Smad3/Prkcq/Arap1/Phldb2/Clasp1/Tesk1/Nf2",20
"GO:0110053","regulation of actin filament organization","35/1399","282/25615",0.124113475177305,2.27245651655945,5.16440804104024,5.25932819886363e-06,0.000162432328603365,0.000162432328603365,"Kank2/Actr3/Ppp1r9a/Lima1/Tacr1/Dnai3/Arhgap28/Shank3/Alms1/Abitram/Rapgef3/Synpo2/Magel2/Dbn1/Cit/Cdc42ep5/Trim27/Svil/Arhgef5/Cyria/Ppm1f/Arhgap35/Synpo/Smad3/Prkcq/Arap1/Phldb2/Ssh2/Clasp1/Myh9/Xirp2/Tesk1/Sptbn2/Hip1r/Nf2",35
"GO:0002822","regulation of adaptive immune response based on somatic recombination of immune receptors built from immunoglobulin superfamily domains","32/1399","247/25615",0.129554655870445,2.37208185140919,5.20812906239763,5.35671234341888e-06,0.00016464842150298,0.00016464842150298,"Arid5a/Xcl1/Nlrp3/Fadd/P2rx7/H2-T24/Fzd5/H2-Q7/Ccr7/Irf1/Cd55/Loxl3/H2-D1/Gimap3/Klrd1/Nod2/Il1rl1/Dennd1b/Hspd1/H2-Q6/Tnfrsf14/H2-Q4/Tbx21/Atad5/Sash3/Prkcq/Tnfsf4/Il18/Raet1a/H2-DMa/Clec7a/H2-K1",32
"GO:2000107","negative regulation of leukocyte apoptotic process","15/1399","71/25615",0.211267605633803,3.86820565997846,5.81689689479991,5.3982087910341e-06,0.000165133777493348,0.000165133777493348,"Itpkb/Fadd/Ccr7/St6gal1/Nod2/Tnfrsf4/Cxcl12/Cd74/Prkcq/Tnfsf4/Serpinb9/Slc39a10/Il18/Ccl5/Ccr5",15
"GO:0071706","tumor necrosis factor superfamily cytokine production","28/1399","202/25615",0.138613861386139,2.5379514363159,5.27456555560407,5.60098651630775e-06,0.000169720459343212,0.000169720459343212,"Rigi/Arid5a/Oas1g/Fadd/Fzd5/Trim30a/Tlr9/Oas1b/Ccr7/Ptpn22/Oas1a/Sirpb1b/Oas3/Oas1c/Sirpb1c/Ccl2/Nod2/Bcl3/Plcg2/Sash3/Tirap/Oas2/Il18/Sirpb1a/Clec7a/Clec4a1/Ccr5/Dhx9",28
"GO:1903555","regulation of tumor necrosis factor superfamily cytokine production","28/1399","202/25615",0.138613861386139,2.5379514363159,5.27456555560407,5.60098651630775e-06,0.000169720459343212,0.000169720459343212,"Rigi/Arid5a/Oas1g/Fadd/Fzd5/Trim30a/Tlr9/Oas1b/Ccr7/Ptpn22/Oas1a/Sirpb1b/Oas3/Oas1c/Sirpb1c/Ccl2/Nod2/Bcl3/Plcg2/Sash3/Tirap/Oas2/Il18/Sirpb1a/Clec7a/Clec4a1/Ccr5/Dhx9",28
"GO:0060333","type II interferon-mediated signaling pathway","9/1399","26/25615",0.346153846153846,6.33790619673393,6.54526614083707,5.64713582548996e-06,0.000170315495506796,0.000170315495506796,"Irf1/Parp14/Igtp/Ciita/Irgm1/Parp9/Stat1/Nlrc5/Irgm2",9
"GO:0032970","regulation of actin filament-based process","46/1399","419/25615",0.109785202863962,2.01011291734123,5.01080488818345,5.71445689354462e-06,0.000171540519084723,0.000171540519084723,"Kank2/Actr3/Cacna1c/Fxyd1/Fscn1/Ppp1r9a/Gpm6b/Lima1/Tacr1/Capn10/Dnai3/Akap13/Arhgap28/Epha3/Shank3/Fgr/Alms1/Abitram/Rapgef3/Iqgap1/Synpo2/Magel2/Dbn1/Vangl2/Cit/Cdc42ep5/Trim27/Cnn2/Svil/Arhgef5/Cyria/Ppm1f/Arhgap35/Synpo/Smad3/Prkcq/Arap1/Phldb2/Ssh2/Clasp1/Myh9/Xirp2/Tesk1/Sptbn2/Hip1r/Nf2",46
"GO:0050921","positive regulation of chemotaxis","24/1399","159/25615",0.150943396226415,2.76369913819844,5.36196950341072,5.8993814911413e-06,0.000175451975458758,0.000175451975458758,"Xcl1/Kdr/Ptn/Ptk2/Ccr7/Megf8/Ccl2/Sell/Cmklr1/Ano6/Trem1/Prkd2/Cxcl12/Cd74/Ppm1f/Tirap/Smad3/Vegfd/Wnk1/Zfp580/Ccl5/Itga2/Vegfc/Ccl7",24
"GO:1903038","negative regulation of leukocyte cell-cell adhesion","24/1399","159/25615",0.150943396226415,2.76369913819844,5.36196950341072,5.8993814911413e-06,0.000175451975458758,0.000175451975458758,"Gli3/Xcl1/Ass1/Pdcd1lg2/Ptpn22/Fgl2/Irf1/Cbl/Il2ra/H2-Aa/Loxl3/Gimap3/Sell/Tnfrsf14/Tbx21/Cxcl12/Slfn1/Cd74/Csk/Tnfsf4/Cd276/Wnk1/Laptm5/Pawr",24
"GO:0042088","T-helper 1 type immune response","13/1399","55/25615",0.236363636363636,4.32770160504256,5.93801994575559,6.14210974700466e-06,0.000181829092233907,0.000181829092233907,"Arid5a/Xcl1/Il12rb2/Ccr7/Irf1/Bcl3/Il1rl1/Tmem98/Sema4a/Tbx21/Tnfsf4/Il18/Lef1",13
"GO:0060760","positive regulation of response to cytokine stimulus","15/1399","72/25615",0.208333333333333,3.81448058136764,5.74810786178467,6.4772628909259e-06,0.0001900413582929,0.0001900413582929,"Rigi/Trim44/Fadd/Parp14/Trim56/Igtp/Irgm1/Cd74/Parp9/Il7/Sting1/Laptm5/Nlrc5/Irgm2/Dhx9",15
"GO:0042060","wound healing","46/1399","421/25615",0.109263657957245,2.00056368733011,4.97546388946977,6.47868266907612e-06,0.0001900413582929,0.0001900413582929,"Entpd1/Srf/Kdr/Myh10/Angptl7/Ptk2/Abcg2/Epb41l4b/Serping1/Fgl2/Fgf1/Aqp1/Tspan9/Enpp4/Gzmc/Prf1/Gata2/Gsdmd/Vangl2/Prrg1/Yap1/Ccl2/Cnn2/Dst/Mmrn1/Fbln1/Cldn1/Ano6/Pear1/Plet1/Gzmb/Prkg1/Arhgap35/Smad3/Prkcq/Phldb2/Il6ra/Clec7a/Plec/Npr2/Clasp1/Tfpi/Pros1/Myh9/Entpd2/Anxa5",46
"GO:2000106","regulation of leukocyte apoptotic process","19/1399","109/25615",0.174311926605505,3.1915654038599,5.51115801454623,6.56847085995327e-06,0.000191799349110636,0.000191799349110636,"Itpkb/Fadd/P2rx7/Ccr7/St6gal1/Siglec1/Nod2/Casp8/Tnfrsf4/Prkd2/Cxcl12/Cd74/Prkcq/Tnfsf4/Serpinb9/Slc39a10/Il18/Ccl5/Ccr5",19
"GO:0030038","contractile actin filament bundle assembly","20/1399","119/25615",0.168067226890756,3.07722803202768,5.45906148878834,6.72919370034395e-06,0.000194722253743286,0.000194722253743286,"Sorbs1/Srf/Kank2/Ppp1r9a/Tacr1/Arhgap28/Alms1/Rapgef3/Zyx/Arhgef5/Ppm1f/Synpo/Smad3/Prkcq/Phactr1/Arap1/Phldb2/Clasp1/Tesk1/Nf2",20
"GO:0043149","stress fiber assembly","20/1399","119/25615",0.168067226890756,3.07722803202768,5.45906148878834,6.72919370034395e-06,0.000194722253743286,0.000194722253743286,"Sorbs1/Srf/Kank2/Ppp1r9a/Tacr1/Arhgap28/Alms1/Rapgef3/Zyx/Arhgef5/Ppm1f/Synpo/Smad3/Prkcq/Phactr1/Arap1/Phldb2/Clasp1/Tesk1/Nf2",20
"GO:0009314","response to radiation","50/1399","475/25615",0.105263157894737,1.92731650426997,4.90330053916333,7.43355216154837e-06,0.000214139637155994,0.000214139637155994,"Nts/Rad54b/Cacna1c/Map3k20/Rad1/Ticrr/Fancg/Rad51/Aen/Rad51ap1/Abcg2/Smc1a/Fbxl3/Parp1/Zzef1/Hus1/Cbl/Gngt1/Aqp1/Tspyl5/Rev1/Bard1/Atm/Rnf168/Ap1s2/Yap1/Ccl2/Bcl2/Ccnd2/Bcl3/Cdc25a/Mbd4/Kmt2a/Zranb3/Nabp1/Adra1b/Abl2/Pclaf/Brca2/Synpo/Smad3/Brca1/Ints7/Fancd2/Ccnd1/Nucks1/Pml/Ccl7/Mapk11/Usp2",50
"GO:0016032","viral process","37/1399","311/25615",0.118971061093248,2.1783014509675,5.02502669674341,7.66626856582507e-06,0.000219857630655626,0.000219857630655626,"Oas1g/Mx2/Top2a/Myh10/Trim30a/Trim14/Oas1b/Oas1a/Apobec3/Oas3/Gbp7/Cd55/Oas1c/Oasl1/Hacd3/Siglec1/Bcl2/Trim27/Cldn1/Tnfrsf14/Cd74/Mvb12b/Vps37b/Stat1/Oas2/Oasl2/Adar/Hmga2/Lrrc15/Ccl5/Myh9/Oaz1/Furin/Trim21/Sp100/Dhx9/Ddx6",37
"GO:0043254","regulation of protein-containing complex assembly","49/1399","463/25615",0.105831533477322,1.9377231808589,4.89412707189657,7.89937755906694e-06,0.000225536006397538,0.000225536006397538,"Kank2/Nlrp3/Ncam1/Actr3/Piezo1/Gbp2/Fscn1/Raf1/Ppp1r9a/Aida/P2rx7/Stmn2/Trim30a/Wnt10b/Tlr9/Ptpn22/Arhgap28/Abitram/Adcy7/Msn/Dbn1/Igtp/Atm/Asap1/Nav3/Cdc42ep5/Farp2/Camsap2/Abca3/Svil/Plcg2/Arhgef5/Irgm1/Cyria/Kif14/Birc2/Tirap/Sorl1/Apc/Mpp7/Camsap1/Skap1/Clec7a/Ssh2/Eif4g1/Tppp3/Irgm2/Sptbn2/Hip1r",49
"GO:0045930","negative regulation of mitotic cell cycle","31/1399","240/25615",0.129166666666667,2.36497796044794,5.10651474632939,7.9381157973675e-06,0.000225639185319862,0.000225639185319862,"Mre11a/Kank2/Map3k20/Ticrr/Kntc1/Ptpn3/Hus1/Trip13/Eme1/Zw10/Cdc6/Ttk/Bard1/Atm/Ccl2/Bcl2/Spdl1/Inhba/Mbd4/Nabp1/Birc5/Slfn1/Apc/Ezh2/Brca1/Fancd2/Nuf2/Ccnd1/Zwilch/Chek1/Pml",31
"GO:0050678","regulation of epithelial cell proliferation","44/1399","399/25615",0.110275689223058,2.01909348066378,4.93126940036691,8.08321559513186e-06,0.000228751440454304,0.000228751440454304,"Cflar/Kdr/Ptn/Tacr1/Aplnr/Wnt10b/Iqgap3/Map2k5/Fgf1/Nppb/Dlk1/Gata2/Sox11/Emc10/Yap1/Ccl2/Nod2/Ccnd2/Robo1/Vash1/Sulf2/Gli1/Cdc25a/Itga4/Hoxa5/Cldn1/Prkd2/Birc5/Cxcl12/Uhrf1/Cyp7b1/Cdh1/Apc/Brca2/Smad3/Stat1/Il18/Hmga2/Zfp580/Ccl5/Ccnd1/Igf2/Vegfc/Smo",44
"GO:0071674","mononuclear cell migration","30/1399","229/25615",0.131004366812227,2.3986253437421,5.1099700272786,8.3345626576812e-06,0.000234829958390105,0.000234829958390105,"Xcl1/Fadd/Ptk2/Ror2/Asb2/Ccr7/Mmp28/Msn/Ccl2/Cmklr1/Coro1c/Itga4/Arhgef5/Ano6/Tnfrsf14/Trem1/Abl2/Tbx21/Cxcl12/Stk10/Cyp7b1/Klrk1/Tnfsf4/Wnk1/Plec/Ccl5/Slamf8/Itgal/Gpr35/Ccl7",30
"GO:1901991","negative regulation of mitotic cell cycle phase transition","26/1399","184/25615",0.141304347826087,2.58721291605805,5.19348327492223,8.4114056108135e-06,0.000235960129449196,0.000235960129449196,"Mre11a/Kank2/Ticrr/Kntc1/Hus1/Trip13/Zw10/Cdc6/Ttk/Bard1/Atm/Ccl2/Bcl2/Spdl1/Inhba/Mbd4/Nabp1/Birc5/Slfn1/Apc/Ezh2/Brca1/Nuf2/Ccnd1/Zwilch/Chek1",26
"GO:0072676","lymphocyte migration","19/1399","111/25615",0.171171171171171,3.13405972090747,5.41577064886875,8.63477780103234e-06,0.000241173098234051,0.000241173098234051,"Xcl1/Fadd/Ccr7/Msn/Ccl2/Itga4/Tnfrsf14/Abl2/Tbx21/Cxcl12/Stk10/Cyp7b1/Klrk1/Tnfsf4/Wnk1/Plec/Ccl5/Itgal/Ccl7",19
"GO:0002230","positive regulation of defense response to virus by host","10/1399","34/25615",0.294117647058824,5.38514905604844,6.14980599677936,8.97802760300863e-06,0.000249674672388431,0.000249674672388431,"Rigi/Trim44/Ptpn22/Cgas/Parp9/Stat1/Sting1/Dtx3l/Ccl5/Pml",10
"GO:2000401","regulation of lymphocyte migration","15/1399","74/25615",0.202702702702703,3.71138651160095,5.61415887308749,9.22682546198383e-06,0.00025548761537838,0.00025548761537838,"Xcl1/Fadd/Ccr7/Msn/Ccl2/Itga4/Tnfrsf14/Abl2/Cxcl12/Stk10/Klrk1/Tnfsf4/Wnk1/Ccl5/Ccl7",15
"GO:0045621","positive regulation of lymphocyte differentiation","22/1399","142/25615",0.154929577464789,2.83668415065087,5.27515176362597,9.29771345950536e-06,0.000256345541904989,0.000256345541904989,"Gli3/Nlrp3/Itpkb/Ccr7/Irf1/Il2ra/Lck/Zfp609/H2-Aa/Gimap3/Rhoh/Sash3/Cd74/Klhl25/Il7/Smarcd1/Tnfsf4/Il15ra/Il18/H2-DMa/Lef1/Cd83",22
"GO:0030890","positive regulation of B cell proliferation","12/1399","49/25615",0.244897959183673,4.4839608466689,5.86727263766798,9.41388146105974e-06,0.000258439207289948,0.000258439207289948,"Tlr9/Card11/Bcl2/Tnfrsf4/Atad5/Sash3/Cd74/Tirap/Il7/Tnfsf4/Slc39a10/Ighm",12
"GO:0001764","neuron migration","29/1399","219/25615",0.132420091324201,2.42454656130765,5.08876508508898,9.49795832787427e-06,0.00025927625023822,0.00025927625023822,"Srf/Myh10/Ptk2/Nde1/Pitx2/Nkx6-1/Fktn/Zfp609/Plxna1/Gata2/Sema6a/Kif26a/Fat1/Tnn/Abi3/Aspm/Gpr173/Satb2/Cul5/Cxcl12/Gpr161/Cdh1/Prkg1/Neo1/Phactr1/Pomgnt2/Arhgap32/Nav1/Ndn",29
"GO:0071902","positive regulation of protein serine/threonine kinase activity","18/1399","102/25615",0.176470588235294,3.23108943362906,5.42666055389322,9.55182844051586e-06,0.00025927625023822,0.00025927625023822,"P2rx7/Ror2/Fzd5/Akap13/Fgf1/Iqgap1/Cdc6/Vangl2/Igtp/Arhgef5/Irgm1/Tirap/Csk/Map3k5/Ezh2/Hmga2/Irgm2/Tead1",18
"GO:2000342","negative regulation of chemokine (C-X-C motif) ligand 2 production","6/1399","11/25615",0.545454545454545,9.98700370394437,7.16561895221451,9.56545319216347e-06,0.00025927625023822,0.00025927625023822,"Oas1g/Oas1b/Map2k5/Oas1a/Oas3/Oas1c",6
"GO:0099173","postsynapse organization","39/1399","339/25615",0.115044247787611,2.10640343608266,4.92896287984665,9.7699821714038e-06,0.000263707417937387,0.000263707417937387,"Sorbs1/Actr3/Ptn/Myh10/Ppp1r9a/Ror2/Rapsn/Asic1/Crmp1/Shisa6/Shank3/Zdhhc15/Nptxr/Iqgap1/Psd/Prickle2/Bhlhb9/Dbn1/Cit/Shank2/Asap1/Insyn1/S1pr2/Cntnap1/Abi3/Dlg3/Abl2/Xlr3b/Dlgap1/Farp1/Smad3/Dlg4/Sema4c/Dock1/Arhgap32/Myo9a/Senp1/Sptbn2/Hip1r",39
"GO:0051338","regulation of transferase activity","46/1399","428/25615",0.107476635514019,1.96784418777097,4.85328131689452,9.96230815809869e-06,0.000267773504634418,0.000267773504634418,"Ppp1r9a/Aida/P2rx7/Ror2/Nup62/Fzd5/Akap13/Ptpn22/Fgf1/Fgr/Als2/Iqgap1/Cdc6/Vangl2/Igtp/Pibf1/Dnajc3/Camkk2/Coro1c/Tnfrsf4/Prkar2a/Abi3/Arhgef5/Irgm1/Kif14/Hsph1/Tirap/Csk/Apc/Map3k5/Ube2s/Ezh2/Dtx3l/Wnk1/Adar/Plec/Hmga2/Nlrc5/Slamf8/Irgm2/Vegfc/Tead1/Gprc5b/Fem1b/Card10/Nf2",46
"GO:0060485","mesenchyme development","38/1399","327/25615",0.116207951070336,2.12771026923993,4.93299330492179,1.00322391519457e-05,0.000268529601300414,0.000268529601300414,"Foxm1/Ncam1/Robo2/Ptk2/Aplnr/Efnb1/Mdm4/Epha3/Pitx2/Wnt10a/Wnt7b/Hand2/Loxl3/Vangl2/Sema6a/Yap1/Bcl2/Robo1/Coro1c/Itga4/Hoxa5/Sema4a/Cul5/Tgfb1i1/Tfap2a/Tbx3/Smad3/Ezh2/Stat1/Slc39a10/Sema3d/Sema4c/Hmga2/Lef1/Amer1/Tead1/Smo/Pawr",38
"GO:0043549","regulation of kinase activity","43/1399","390/25615",0.11025641025641,2.01874049229303,4.87277816599041,1.02426317075673e-05,0.000273023510744449,0.000273023510744449,"Ppp1r9a/Aida/P2rx7/Ror2/Nup62/Fzd5/Akap13/Ptpn22/Fgf1/Fgr/Als2/Iqgap1/Cdc6/Vangl2/Igtp/Pibf1/Dnajc3/Camkk2/Coro1c/Tnfrsf4/Prkar2a/Abi3/Arhgef5/Irgm1/Kif14/Hsph1/Tirap/Csk/Apc/Map3k5/Ezh2/Wnk1/Adar/Plec/Hmga2/Nlrc5/Slamf8/Irgm2/Vegfc/Tead1/Gprc5b/Card10/Nf2",43
"GO:0002715","regulation of natural killer cell mediated immunity","15/1399","75/25615",0.2,3.66190135811294,5.54892045197939,1.0956312330601e-05,0.000290545767469081,0.000290545767469081,"Sh2d1b1/Klrb1b/Sh2d1a/Klrc1/Il18rap/Gimap3/Klrd1/Serpinb9b/Klrk1/Tap1/Serpinb9/Klre1/Clec2d/Klri2/Igf2",15
"GO:0002690","positive regulation of leukocyte chemotaxis","18/1399","103/25615",0.174757281553398,3.19971963330257,5.37662870275466,1.09904454381984e-05,0.000290545767469081,0.000290545767469081,"Xcl1/Ptn/Ptk2/Ccr7/Ccl2/Sell/Cmklr1/Ano6/Trem1/Cxcl12/Cd74/Tirap/Vegfd/Wnk1/Zfp580/Ccl5/Vegfc/Ccl7",18
"GO:0044839","cell cycle G2/M phase transition","24/1399","165/25615",0.145454545454545,2.6632009877185,5.15156482153025,1.12426314284528e-05,0.000295994525804841,0.000295994525804841,"Foxm1/Dyrk3/Mre11a/Ticrr/Wnt10b/Hus1/Nes/Cdc6/Cenpf/Bard1/Atm/Cit/Nek2/Cdc25a/Mbd4/Kif14/Nabp1/Rrm1/Atad5/Birc5/Prkcq/Brca1/Ccnd1/Chek1",24
"GO:0051250","negative regulation of lymphocyte activation","25/1399","176/25615",0.142045454545455,2.60078221456885,5.12194514034651,1.13496534770512e-05,0.000297592546679907,0.000297592546679907,"Gli3/Xcl1/Pdcd1lg2/Ptpn22/Fgl2/Irf1/Cbl/Fgr/Il2ra/H2-Aa/Loxl3/Sox11/Pibf1/Gimap3/Atm/Samsn1/Tnfrsf14/Tbx21/Slfn1/Cd74/Csk/Tnfsf4/Cd276/Laptm5/Pawr",25
"GO:0071887","leukocyte apoptotic process","22/1399","144/25615",0.152777777777778,2.79728575966961,5.19842445777866,1.1684275454214e-05,0.000305121079340939,0.000305121079340939,"Gli3/Itpkb/Fadd/P2rx7/Ccr7/Il2ra/Plekho2/St6gal1/Siglec1/Nod2/Casp8/Tnfrsf4/Prkd2/Cxcl12/Cd74/Prkcq/Tnfsf4/Serpinb9/Slc39a10/Il18/Ccl5/Ccr5",22
"GO:0043123","positive regulation of canonical NF-kappaB signal transduction","28/1399","210/25615",0.133333333333333,2.44126757207529,5.0407019495673,1.18005091552573e-05,0.000306908788718109,0.000306908788718109,"Erc1/Nr2c2/Fadd/Nup62/Trim30a/Inava/Trappc9/Irak1bp1/Tlr9/Akap13/Tlr8/Parp1/Eda/Card11/Nod2/Casp8/Plcg2/Slco3a1/Birc2/Abl2/Carm1/Cd74/Tirap/Huwe1/Eda2r/Clec7a/Ubd/Card10",28
"GO:0006493","protein O-linked glycosylation","21/1399","134/25615",0.156716417910448,2.86940031792432,5.21486215706278,1.22925541783068e-05,0.00031658630360436,0.00031658630360436,"Hs3st1/B4galnt4/Ndst1/Crppa/Ndst3/Fktn/Trak2/Vangl2/Chpf/Hs6st1/Chpf2/Fut9/Eogt/Galnt17/Xylt1/Pomgnt2/Tmtc4/Glce/B3galnt2/Tmtc2/Tm9sf2",21
"GO:0097485","neuron projection guidance","33/1399","269/25615",0.122676579925651,2.24614767319195,4.93841168431994,1.23415867550129e-05,0.00031658630360436,0.00031658630360436,"Gli3/Ncam1/Robo2/Myh10/Efnb1/Ntn3/Nexn/Epha3/Crppa/Wnt7b/Ntn4/Plxna1/Gli2/Megf8/Vangl2/Sema6a/Robo1/Ulk2/Sema4a/Flrt3/Mycbp2/Cxcl12/Ndp/Arhgap35/Neo1/Chn1/Sema3d/Sema4c/Tenm3/Tenm4/Unc5a/Diaph2/Smo",33
"GO:0045619","regulation of lymphocyte differentiation","29/1399","222/25615",0.130630630630631,2.39178241858728,5.00595778394658,1.23696027642987e-05,0.00031658630360436,0.00031658630360436,"Gli3/Nlrp3/Itpkb/Tlr9/Ccr7/Fgl2/Irf1/Card11/Il2ra/Lck/Zfp609/H2-Aa/Loxl3/Gimap3/Rhoh/Tbx21/Sash3/Cd74/Klhl25/Il7/Smarcd1/Tnfsf4/Il15ra/Il18/Fancd2/H2-DMa/Lef1/Cd83/Slamf8",29
"GO:0060326","cell chemotaxis","38/1399","330/25615",0.115151515151515,2.10836744861048,4.8708595773824,1.23697325972438e-05,0.00031658630360436,0.00031658630360436,"Xcl1/Kdr/Ptn/Ptk2/Bin2/Hoxb9/Ccr7/Mmp28/Fgf1/Ccl2/Nod2/Sell/Cmklr1/Coro1c/Arhgef5/Ano6/Trem1/Prkd2/Cxcl12/Cd74/Cyp7b1/Klrk1/Tirap/Enpp2/Cxcr6/Prkcq/Il17rc/Vegfd/Wnk1/Plec/Zfp580/Ccl5/Lef1/Ccr5/Slamf8/Vegfc/Gpr35/Ccl7",38
"GO:0099084","postsynaptic specialization organization","16/1399","85/25615",0.188235294117647,3.446495395871,5.43031239133081,1.26887965428981e-05,0.000323463607109433,0.000323463607109433,"Rapsn/Shank3/Nptxr/Psd/Prickle2/Dbn1/Cit/Shank2/Insyn1/Cntnap1/Abi3/Dlg3/Dlgap1/Dlg4/Myo9a/Sptbn2",16
"GO:0043331","response to dsRNA","15/1399","76/25615",0.197368421052632,3.61371844550619,5.48479008376365,1.29675010540909e-05,0.000327965459730236,0.000327965459730236,"Rigi/Oas1g/P2rx7/Oas1b/Zcchc3/Oas1a/Oas3/Oas1c/Nod2/Ciita/Cgas/Stat1/Sting1/Raet1a/Dhx9",15
"GO:0046847","filopodium assembly","15/1399","76/25615",0.197368421052632,3.61371844550619,5.48479008376365,1.29675010540909e-05,0.000327965459730236,0.000327965459730236,"Srf/Actr3/Fgd3/Fscn1/Ppp1r9a/Ccr7/Dpysl3/Abitram/Dbn1/Fgd1/S1pr2/Fmnl3/Prkcq/Arap1/Myo10",15
"GO:0008360","regulation of cell shape","22/1399","145/25615",0.151724137931034,2.77799413374085,5.16055259042071,1.30739228283112e-05,0.000329027099157643,0.000329027099157643,"Kdr/Ptn/Myh10/Ptk2/Gas7/Arhgap15/Fgr/Msn/Ccl2/Cdc42ep5/Fgd1/Fmnl3/Sema4a/Rhou/Arhgap35/Arap1/Myo10/Myh9/Parvg/Ccl7/Plxnc1/Nf2",22
"GO:0050673","epithelial cell proliferation","50/1399","485/25615",0.103092783505155,1.88757801964584,4.74326642768912,1.31119142877268e-05,0.000329027099157643,0.000329027099157643,"Cflar/Kdr/Ptn/Tacr1/Aplnr/Wnt10b/Iqgap3/Map2k5/Fgf1/Tfap2c/Nkx6-1/Alms1/Nppb/Dlk1/Gata2/Sox11/Emc10/Yap1/Ccl2/Nod2/Ccnd2/Robo1/Vash1/Sulf2/Gli1/Cdc25a/Itga4/Hoxa5/Mki67/Cldn1/Prkd2/Birc5/Cxcl12/Uhrf1/Cyp7b1/Cdh1/Apc/Brca2/Smad3/Stat1/Il18/Igfbp4/Hmga2/Zfp580/Ccl5/Ccnd1/Igf2/Vegfc/Fam3c/Smo",50
"GO:0010332","response to gamma radiation","13/1399","59/25615",0.220338983050847,4.03429810639561,5.6083378510877,1.39724570238198e-05,0.000349257058058436,0.000349257058058436,"Map3k20/Rad51/Cbl/Tspyl5/Atm/Yap1/Ccl2/Bcl2/Brca2/Smad3/Fancd2/Pml/Ccl7",13
"GO:0050851","antigen receptor-mediated signaling pathway","28/1399","212/25615",0.132075471698113,2.41823674592364,4.98391372520839,1.41123747925011e-05,0.000350240027546154,0.000350240027546154,"Btn1a1/Pdcd1lg2/Ccr7/Ptpn22/Bcl2a1d/Cbl/Card11/Sh2d1a/Lck/Bcl2/Dennd1b/Itk/Plcg2/Usp12/Bmx/Prkd2/Csk/Cacnb3/Themis2/Cd276/Slc39a10/Skap1/Wnk1/Laptm5/Clec2d/Ighm/Icosl/Pawr",28
"GO:0042092","type 2 immune response","11/1399","43/25615",0.255813953488372,4.68382731851655,5.81095483541635,1.41208230284019e-05,0.000350240027546154,0.000350240027546154,"Xcl1/Nlrp3/Irf1/Nod2/Bcl3/Dennd1b/Kmt2a/Tbx21/Cd74/Tnfsf4/Il18",11
"GO:0043330","response to exogenous dsRNA","14/1399","68/25615",0.205882352941176,3.76960433923391,5.49665639275097,1.50974898668474e-05,0.000373024134248568,0.000373024134248568,"Rigi/Oas1g/Oas1b/Zcchc3/Oas1a/Oas3/Oas1c/Nod2/Ciita/Cgas/Stat1/Sting1/Raet1a/Dhx9",14
"GO:0050852","T cell receptor signaling pathway","24/1399","168/25615",0.142857142857143,2.61564382722353,5.04984824892614,1.5305496714322e-05,0.000376714601121857,0.000376714601121857,"Btn1a1/Pdcd1lg2/Ccr7/Ptpn22/Bcl2a1d/Cbl/Card11/Sh2d1a/Lck/Dennd1b/Itk/Plcg2/Usp12/Prkd2/Csk/Cacnb3/Themis2/Cd276/Skap1/Wnk1/Laptm5/Clec2d/Icosl/Pawr",24
"GO:0072567","chemokine (C-X-C motif) ligand 2 production","9/1399","29/25615",0.310344827586207,5.68226072810628,6.06386816124218,1.55975622432582e-05,0.000380983801713652,0.000380983801713652,"Oas1g/Oas1b/Map2k5/Oas1a/Oas3/Oas1c/Cd74/Tirap/Ccl5",9
"GO:2000341","regulation of chemokine (C-X-C motif) ligand 2 production","9/1399","29/25615",0.310344827586207,5.68226072810628,6.06386816124218,1.55975622432582e-05,0.000380983801713652,0.000380983801713652,"Oas1g/Oas1b/Map2k5/Oas1a/Oas3/Oas1c/Cd74/Tirap/Ccl5",9
"GO:0002040","sprouting angiogenesis","22/1399","147/25615",0.149659863945578,2.74019829518655,5.08576561851494,1.63093696757141e-05,0.000396861328775709,0.000396861328775709,"Ephb4/Srf/Kdr/Adgra2/Aplnr/Map2k5/Fgf1/Tspan18/Gata2/Ccbe1/E2f8/Srpx2/Sema6a/Robo1/Tnn/Mmrn1/Rnf213/Zfp354c/Vegfd/Lef1/Vegfc/Card10",22
"GO:0002285","lymphocyte activation involved in immune response","30/1399","237/25615",0.126582278481013,2.31765908741325,4.89829451402337,1.64352387907722e-05,0.000398414996195926,0.000398414996195926,"Nlrp3/Itm2a/Il12rb2/Ccr7/Fgl2/Nkg7/Irf1/Plxna1/Loxl3/Rnf168/Bcl3/Sanbr/Exo1/Tmem98/Plcg2/Sema4a/Hspd1/Kmt2a/Tbx21/Atad5/H2-DMb1/Cd74/Tnfsf4/Il18/Il6ra/Lef1/Itgal/Fcgr4/Icosl/Gapt",30
"GO:0045580","regulation of T cell differentiation","26/1399","191/25615",0.136125654450262,2.49239359452713,4.97593244860693,1.65182853001756e-05,0.000398922799880932,0.000398922799880932,"Gli3/Nlrp3/Itpkb/Ccr7/Fgl2/Irf1/Card11/Il2ra/Lck/Zfp609/H2-Aa/Loxl3/Gimap3/Rhoh/Tbx21/Sash3/Cd74/Klhl25/Il7/Smarcd1/Tnfsf4/Il18/Fancd2/H2-DMa/Lef1/Cd83",26
"GO:0048706","embryonic skeletal system development","23/1399","158/25615",0.145569620253165,2.66530795052524,5.046797084868,1.67698600386365e-05,0.000401976048090302,0.000401976048090302,"Gli3/Hoxa7/Etl4/Hoxb9/Hoxa6/Ndst1/Nkx3-2/Shox2/Dlk1/Hand2/Hoxc6/Megf8/Sox11/Mycn/Sulf2/Hoxa5/Hoxa9/Satb2/Tfap2a/Smad3/Xylt1/Hoxb7/Med12",23
"GO:0050730","regulation of peptidyl-tyrosine phosphorylation","23/1399","158/25615",0.145569620253165,2.66530795052524,5.046797084868,1.67698600386365e-05,0.000401976048090302,0.000401976048090302,"Tnk2/Ptpn22/Tnfrsf18/Zzef1/Parp14/Lck/Lrrk1/Tspan9/Iqgap1/Pibf1/Nod2/Samsn1/Abi3/Tnfrsf14/Hsph1/Cspg4/Parp9/Il7/Ctf1/Il18/Clec7a/Ighm/Vegfc",23
"GO:0002830","positive regulation of type 2 immune response","7/1399","17/25615",0.411764705882353,7.53920867846781,6.48250702273404,1.71034910544402e-05,0.000408449169270349,0.000408449169270349,"Xcl1/Nlrp3/Nod2/Dennd1b/Cd74/Tnfsf4/Il18",7
"GO:0045859","regulation of protein kinase activity","40/1399","360/25615",0.111111111111111,2.03438964339608,4.75070522045042,1.71958895332961e-05,0.000408512662428672,0.000408512662428672,"Ppp1r9a/Aida/P2rx7/Ror2/Nup62/Fzd5/Akap13/Ptpn22/Fgf1/Fgr/Als2/Iqgap1/Cdc6/Vangl2/Igtp/Pibf1/Dnajc3/Camkk2/Coro1c/Tnfrsf4/Prkar2a/Abi3/Arhgef5/Irgm1/Kif14/Hsph1/Tirap/Csk/Apc/Map3k5/Ezh2/Adar/Plec/Hmga2/Irgm2/Vegfc/Tead1/Gprc5b/Card10/Nf2",40
"GO:0032722","positive regulation of chemokine production","16/1399","87/25615",0.183908045977011,3.36726561665557,5.31611756619647,1.72333330507737e-05,0.000408512662428672,0.000408512662428672,"Oas1g/Tlr9/Oas1b/Oas1a/Oas3/Oas1c/Nod2/Il1rl1/Cd74/Tirap/Il7/Tnfsf4/Il18/Il6ra/Clec7a/Ccl5",16
"GO:0050679","positive regulation of epithelial cell proliferation","29/1399","226/25615",0.128318584070796,2.34944998639989,4.89761419417006,1.7428927305439e-05,0.000411630253713751,0.000411630253713751,"Cflar/Kdr/Ptn/Tacr1/Aplnr/Iqgap3/Map2k5/Fgf1/Gata2/Sox11/Emc10/Yap1/Ccl2/Nod2/Ccnd2/Cdc25a/Itga4/Cldn1/Prkd2/Cxcl12/Cyp7b1/Il18/Hmga2/Zfp580/Ccl5/Ccnd1/Igf2/Vegfc/Smo",29
"GO:0060070","canonical Wnt signaling pathway","37/1399","323/25615",0.114551083591331,2.09737384288202,4.77046412888129,1.79787377472619e-05,0.000422545168242134,0.000422545168242134,"Gli3/Wnt6/Adgra2/Ankrd6/Ror2/Mllt3/Fzd5/Wnt10b/Abcg2/Shisa6/Ubac2/Eda/Sostdc1/Usp34/Rnf14/Lrrk1/Wnt10a/Nkd1/Peg12/Wnt7b/Yap1/Sulf2/Gli1/Tmem98/Fzd2/Siah1b/Aspm/Jrk/Cdon/Ndp/Cdh1/Apc/Smad3/Wnk1/Lef1/Amer1/Rspo4",37
"GO:0050807","regulation of synapse organization","44/1399","412/25615",0.106796116504854,1.95538422035157,4.69890763302028,1.80226301522952e-05,0.000422545168242134,0.000422545168242134,"Actr3/Ptn/Myh10/Ppp1r9a/Ptk2/Ror2/Sdc2/Asic1/Rap2a/Crmp1/Shank3/Zdhhc15/Igsf9/Iqgap1/Psd/Prickle2/Bhlhb9/Dbn1/Vangl2/Srpx2/Shank2/Asap1/Robo1/S1pr2/Cntnap1/Abi3/Sema4a/Mycbp2/Iglon5/Xlr3b/Slitrk6/Farp1/Smad3/Dlg4/Ccdc141/Phactr1/Elavl2/Sema4c/Eif4g1/Dock1/Lrrc15/Arhgap32/Senp1/Plxnc1",44
"GO:0060761","negative regulation of response to cytokine stimulus","17/1399","97/25615",0.175257731958763,3.20888263339794,5.23879672280787,1.84041894539733e-05,0.000429921865644816,0.000429921865644816,"Sigirr/Oas1g/Oas1b/Map2k5/Oas1a/Oas3/Parp14/Oas1c/Il1r2/Robo1/Ttll12/Tnfrsf11b/Sorl1/Adar/Nlrc5/Ccl5/Naip2",17
"GO:0007224","smoothened signaling pathway","25/1399","181/25615",0.138121546961326,2.5289374020117,4.96155733829254,1.85321710021528e-05,0.000431342994629817,0.000431342994629817,"Gli3/Ror2/Wnt10b/Hhat/Dzip1/Ndst1/Nkx6-1/Ptch2/Shox2/Wnt7b/Sufu/Gli2/Megf8/C2cd3/Scube3/Gli1/Dync2h1/Tedc1/Cdon/Septin2/Ptchd1/Prkacb/Gpr161/Ndp/Smo",25
"GO:0000086","G2/M transition of mitotic cell cycle","22/1399","149/25615",0.147651006711409,2.70341711001626,5.01222003237037,2.02496502897439e-05,0.000469616438488501,0.000469616438488501,"Foxm1/Mre11a/Ticrr/Wnt10b/Hus1/Nes/Cdc6/Cenpf/Bard1/Atm/Cit/Nek2/Cdc25a/Mbd4/Kif14/Nabp1/Rrm1/Birc5/Prkcq/Brca1/Ccnd1/Chek1",22
"GO:0032731","positive regulation of interleukin-1 beta production","13/1399","61/25615",0.213114754098361,3.90202603733346,5.45422604400956,2.04744146142534e-05,0.000473121005330805,0.000473121005330805,"Nlrp3/P2rx7/Fzd5/Inava/Ccr7/Tlr8/Gsdmd/Nod2/Casp8/Smad3/Clec7a/Ccr5/Panx1",13
"GO:2000514","regulation of CD4-positive, alpha-beta T cell activation","15/1399","79/25615",0.189873417721519,3.47648863111988,5.29870578068483,2.11017070091705e-05,0.000485171761722645,0.000485171761722645,"Xcl1/Nlrp3/Ccr7/Irf1/Cd55/Loxl3/Gimap3/Irgm1/Tbx21/Sash3/Klhl25/Prkcq/Tnfsf4/Il18/Cd83",15
"GO:0042100","B cell proliferation","17/1399","98/25615",0.173469387755102,3.17613893305714,5.18777588261331,2.11469634623818e-05,0.000485171761722645,0.000485171761722645,"Tlr9/Card11/Atm/Bcl2/Tnfrsf4/Hspd1/Atad5/Sash3/Cd74/Tirap/Il7/Tnfsf4/Slc39a10/Lef1/Ighm/Gapt/Pawr",17
"GO:0002366","leukocyte activation involved in immune response","38/1399","338/25615",0.112426035502959,2.05846526047769,4.70834795585198,2.12594703801774e-05,0.00048601721609345,0.00048601721609345,"Nlrp3/Itm2a/Il12rb2/Sh2d1b1/Ccr7/Fgl2/Nkg7/Irf1/Cbl/Fgr/Dock2/Plxna1/Gata2/Loxl3/Rnf168/Bcl3/Sanbr/Exo1/Tmem98/Plcg2/Sema4a/Hspd1/Kmt2a/Tbx21/Atad5/H2-DMb1/Cd74/Tnfsf4/Il18/Il6ra/Clec7a/Lef1/Itgal/Ighm/Fcgr4/Icosl/Gapt/Cplx2",38
"GO:0030888","regulation of B cell proliferation","14/1399","70/25615",0.2,3.66190135811294,5.36024178843894,2.1375342079032e-05,0.000486933324523765,0.000486933324523765,"Tlr9/Card11/Atm/Bcl2/Tnfrsf4/Atad5/Sash3/Cd74/Tirap/Il7/Tnfsf4/Slc39a10/Ighm/Pawr",14
"GO:0002695","negative regulation of leukocyte activation","27/1399","206/25615",0.131067961165049,2.39978972497692,4.84840600801297,2.29009118116687e-05,0.000519842605929892,0.000519842605929892,"Gli3/Xcl1/Pdcd1lg2/Cnr1/Ptpn22/Fgl2/Irf1/Cbl/Fgr/Il2ra/H2-Aa/Loxl3/Sox11/Pibf1/Gimap3/Atm/Samsn1/Tnfrsf14/Tbx21/Slfn1/Cd74/Csk/Tnfsf4/Cd276/Ldlr/Laptm5/Pawr",27
"GO:1902107","positive regulation of leukocyte differentiation","28/1399","218/25615",0.128440366972477,2.35167977126519,4.81733898333538,2.3736051774445e-05,0.000535018935435209,0.000535018935435209,"Gli3/Nlrp3/Itpkb/Fadd/Ror2/Ccr7/Irf1/Il2ra/Lck/Dlk1/Zfp609/H2-Aa/Gimap3/Casp8/Coro1c/Rhoh/Sash3/Cd74/Klhl25/Il7/Smarcd1/Tnfsf4/Il15ra/Il18/H2-DMa/Ccl5/Lef1/Cd83",28
"GO:1903708","positive regulation of hemopoiesis","28/1399","218/25615",0.128440366972477,2.35167977126519,4.81733898333538,2.3736051774445e-05,0.000535018935435209,0.000535018935435209,"Gli3/Nlrp3/Itpkb/Fadd/Ror2/Ccr7/Irf1/Il2ra/Lck/Dlk1/Zfp609/H2-Aa/Gimap3/Casp8/Coro1c/Rhoh/Sash3/Cd74/Klhl25/Il7/Smarcd1/Tnfsf4/Il15ra/Il18/H2-DMa/Ccl5/Lef1/Cd83",28
"GO:0030111","regulation of Wnt signaling pathway","38/1399","340/25615",0.111764705882353,2.04635664129841,4.66842049933459,2.42505091314773e-05,0.000544703743568566,0.000544703743568566,"Gli3/Adgra2/Ankrd6/Vgll4/Grb10/Ror2/Mllt3/Wnt10b/Shisa6/Cxxc4/Ubac2/Eda/Sostdc1/Usp34/Rnf14/Lrrk1/Nkd1/Peg12/Vangl2/Yap1/Sulf2/Gli1/Cmah/Tmem237/Aspm/Jrk/Cdon/Abl2/Cdh1/Apc/Smad3/Rnf213/Depdc1b/Wnk1/Hmga2/Lef1/Amer1/Rspo4",38
"GO:0000910","cytokinesis","25/1399","184/25615",0.135869565217391,2.4877047269789,4.86788479316095,2.46094471286941e-05,0.000550840029110561,0.000550840029110561,"Actr3/Myh10/Nup62/Prc1/Iqgap3/Iqgap1/Cdc6/E2f8/Anln/Cit/Svil/Kif4/Snx33/Kif14/Septin2/Birc5/Stx2/Apc/Brca2/Racgap1/Wnk1/Plec/Myh9/Cenpv/Kif13a",25
"GO:0048738","cardiac muscle tissue development","34/1399","291/25615",0.116838487972509,2.13925508893196,4.6978340909832,2.57285695977423e-05,0.000573890038527418,0.000573890038527418,"Srf/Fhl2/Agtr2/Pi16/Ncam1/Vgll4/Myh10/Fadd/Abcg2/Asb2/Akap13/Fgf1/Pitx2/AW551984/Shox2/Hand2/Tnni3/Yap1/Ccnd2/Gli1/Casp8/Ttn/Jph2/Adra1b/Ly6e/Apc/Prkg1/Tbx3/Plec/Alpk3/Xirp2/Tenm4/Speg/Mapk11",34
"GO:2000406","positive regulation of T cell migration","10/1399","38/25615",0.263157894736842,4.81829126067492,5.66151165752241,2.65004995482197e-05,0.00058825168407153,0.000588251684071531,"Xcl1/Fadd/Ccr7/Itga4/Tnfrsf14/Abl2/Cxcl12/Tnfsf4/Wnk1/Ccl5",10
"GO:0007411","axon guidance","32/1399","267/25615",0.119850187265918,2.19439781759577,4.71551508488812,2.65555710430797e-05,0.00058825168407153,0.000588251684071531,"Gli3/Ncam1/Robo2/Myh10/Efnb1/Ntn3/Nexn/Epha3/Crppa/Wnt7b/Ntn4/Gli2/Megf8/Vangl2/Sema6a/Robo1/Ulk2/Sema4a/Flrt3/Mycbp2/Cxcl12/Ndp/Arhgap35/Neo1/Chn1/Sema3d/Sema4c/Tenm3/Tenm4/Unc5a/Diaph2/Smo",32
"GO:0010810","regulation of cell-substrate adhesion","30/1399","243/25615",0.123456790123457,2.26043293710675,4.74506192754601,2.66597845819423e-05,0.000588530777162878,0.000588530777162878,"Hoxa7/Kdr/Ptn/Gpm6b/Ptk2/Col16a1/Epha3/Iqgap1/St6gal1/Dbn1/Bcl2/Coro1c/Fbln1/Dmd/Trem1/Cul5/Plet1/Ppm1f/Enpp2/Smad3/Phldb2/Skap1/Dock1/Clasp1/Myh9/Ecm2/Vcl/Vegfc/Tesk1/Peak1",30
"GO:1901861","regulation of muscle tissue development","12/1399","54/25615",0.222222222222222,4.06877928679215,5.42587731635076,2.71690360566309e-05,0.00059771879324588,0.00059771879324588,"Wnt10b/Shox2/Cenpf/Bcl2/Tnn/Myog/Jph2/Cdon/Smad3/Lef1/Igf2/Usp2",12
"GO:0060562","epithelial tube morphogenesis","43/1399","406/25615",0.105911330049261,1.93918421673468,4.58492619451854,2.72647119217718e-05,0.00059777648254424,0.00059777648254424,"Gli3/Srf/Agtr2/Kdr/Wnt6/Trim71/Aplnr/Asb2/Kif26b/Fgf1/Shank3/Tfap2c/Sostdc1/Pitx2/Itgax/Hand2/Sufu/Gli2/Megf8/Vangl2/Mycn/C2cd3/Yap1/Bcl2/Robo1/Casp8/Hoxa5/Mical2/Prkacb/Abl2/Cxcl12/Tfap2a/Arhgap35/Tbx3/Smad3/Sema4c/Hmga2/Lef1/Hoxb7/Tead1/Med12/Pml/Smo",43
"GO:0002263","cell activation involved in immune response","38/1399","342/25615",0.111111111111111,2.03438964339608,4.62876544111763,2.76219265655762e-05,0.000601805038688282,0.000601805038688282,"Nlrp3/Itm2a/Il12rb2/Sh2d1b1/Ccr7/Fgl2/Nkg7/Irf1/Cbl/Fgr/Dock2/Plxna1/Gata2/Loxl3/Rnf168/Bcl3/Sanbr/Exo1/Tmem98/Plcg2/Sema4a/Hspd1/Kmt2a/Tbx21/Atad5/H2-DMb1/Cd74/Tnfsf4/Il18/Il6ra/Clec7a/Lef1/Itgal/Ighm/Fcgr4/Icosl/Gapt/Cplx2",38
"GO:0007156","homophilic cell-cell adhesion","24/1399","174/25615",0.137931034482759,2.52544921249168,4.85290337279221,2.76358166894525e-05,0.000601805038688282,0.000601805038688282,"Pcdhb16/Robo2/Pcdhb18/Pcdh18/Pcdhb7/Nexn/Cdh11/Pcdhb22/Pcdhb19/Igsf9/Pcdhb17/Pcdhb21/Robo1/Tgfbi/Fat1/Cdh26/Pcdhga3/Cdh1/Sdk1/Pcdh15/Tenm3/Pcdhb20/Pcdhgb7/Pcdh19",24
"GO:0034138","toll-like receptor 3 signaling pathway","9/1399","31/25615",0.290322580645161,5.31566326177685,5.77883813705837,2.84361326140397e-05,0.00061506301654071,0.00061506301654071,"Oas1g/Ubqln1/Oas1b/Ptpn22/Oas1a/Scimp/Irf1/Oas1c/Tirap",9
"GO:0045953","negative regulation of natural killer cell mediated cytotoxicity","9/1399","31/25615",0.290322580645161,5.31566326177685,5.77883813705837,2.84361326140397e-05,0.00061506301654071,0.00061506301654071,"Sh2d1b1/Klrb1b/Klrd1/Serpinb9b/Tap1/Serpinb9/Klre1/Clec2d/Igf2",9
"GO:0001913","T cell mediated cytotoxicity","15/1399","81/25615",0.185185185185185,3.39064940566013,5.17958934450019,2.87678262724628e-05,0.000615497572557041,0.000615497572557041,"Xcl1/Fadd/P2rx7/H2-T24/H2-Q7/Prf1/H2-D1/Klrd1/Serpinb9b/H2-Q6/H2-Q4/Gzmb/Serpinb9/Raet1a/H2-K1",15
"GO:0060976","coronary vasculature development","15/1399","81/25615",0.185185185185185,3.39064940566013,5.17958934450019,2.87678262724628e-05,0.000615497572557041,0.000615497572557041,"Srf/Myh10/Aplnr/Abcg2/Fgf1/Ndst1/Nppb/Ace/Hand2/Sufu/Megf8/Vangl2/Robo1/Dync2h1/Prokr1",15
"GO:1903046","meiotic cell cycle process","31/1399","256/25615",0.12109375,2.21716683791994,4.70435826053586,2.88333738333105e-05,0.000615497572557041,0.000615497572557041,"Rad54b/Espl1/Mre11a/Actr3/Top2a/Rad1/Rad51/Rad51ap1/Atrx/Hus1/Mcm2/Trip13/Eme1/Brip1/Smc2/Ttk/Rec114/Atm/Cdc25a/Aspm/Brme1/Birc5/Brca2/Fancd2/Ncapd2/Npr2/Myh9/Psmc3ip/Nuf2/Cenpv/Mcm6",31
"GO:0007163","establishment or maintenance of cell polarity","30/1399","244/25615",0.122950819672131,2.25116886769238,4.71996095320101,2.8839472188616e-05,0.000615497572557041,0.000615497572557041,"Actr3/Amotl1/Ankrd6/Sipa1l3/Fscn1/Ccr7/Kif26b/Nde1/Aqp1/Pard3b/Zw10/Wnt7b/Prickle2/Msn/Dock2/Vangl2/Spdl1/Dst/Fat1/Dlg3/Rhou/Myo18a/Abl2/Apc/Arhgap35/Phldb2/Clasp1/Myh9/Parvg/Myo9a",30
"GO:1901990","regulation of mitotic cell cycle phase transition","38/1399","343/25615",0.110787172011662,2.02845847825498,4.60903888495019,2.94635302586363e-05,0.000626734166826091,0.000626734166826091,"Mre11a/Kank2/Ticrr/Kntc1/Wnt10b/Hus1/Trip13/Zw10/Cdc6/Cenpf/Ttk/Bard1/Atm/Ccl2/Bcl2/Ccnd2/Spdl1/Cdc25a/Inhba/Mbd4/Kif14/Nabp1/Rrm1/Atad5/Birc5/Slfn1/Apc/Bcl7a/Prkcq/Smarcd1/Ezh2/Brca1/Eif4g1/Nuf2/Ccnd1/Zwilch/Chek1/Ubd",38
"GO:0003143","embryonic heart tube morphogenesis","14/1399","72/25615",0.194444444444444,3.56018187594313,5.22874510704789,2.98428609980915e-05,0.000630626773196512,0.000630626773196512,"Srf/Aplnr/Asb2/Hand2/Sufu/Megf8/Vangl2/C2cd3/Yap1/Mical2/Tbx3/Smad3/Tead1/Smo",14
"GO:0072678","T cell migration","14/1399","72/25615",0.194444444444444,3.56018187594313,5.22874510704789,2.98428609980915e-05,0.000630626773196512,0.000630626773196512,"Xcl1/Fadd/Ccr7/Msn/Ccl2/Itga4/Tnfrsf14/Abl2/Cxcl12/Tnfsf4/Wnk1/Plec/Ccl5/Itgal",14
"GO:0045860","positive regulation of protein kinase activity","28/1399","221/25615",0.126696832579186,2.31975651645164,4.7360987617263,3.05043000014596e-05,0.0006405435261284,0.0006405435261284,"Ppp1r9a/P2rx7/Ror2/Fzd5/Akap13/Fgf1/Als2/Iqgap1/Cdc6/Vangl2/Igtp/Pibf1/Camkk2/Abi3/Arhgef5/Irgm1/Kif14/Hsph1/Tirap/Csk/Map3k5/Ezh2/Hmga2/Irgm2/Vegfc/Tead1/Gprc5b/Card10",28
"GO:0050803","regulation of synapse structure or activity","44/1399","421/25615",0.104513064133017,1.91358265744619,4.54293672629526,3.05115689594163e-05,0.0006405435261284,0.0006405435261284,"Actr3/Ptn/Myh10/Ppp1r9a/Ptk2/Ror2/Sdc2/Asic1/Rap2a/Crmp1/Shank3/Zdhhc15/Igsf9/Iqgap1/Psd/Prickle2/Bhlhb9/Dbn1/Vangl2/Srpx2/Shank2/Asap1/Robo1/S1pr2/Cntnap1/Abi3/Sema4a/Mycbp2/Iglon5/Xlr3b/Slitrk6/Farp1/Smad3/Dlg4/Ccdc141/Phactr1/Elavl2/Sema4c/Eif4g1/Dock1/Lrrc15/Arhgap32/Senp1/Plxnc1",44
"GO:0140694","membraneless organelle assembly","49/1399","488/25615",0.100409836065574,1.83845457528211,4.49485292562835,3.16800239422911e-05,0.000662907080798951,0.000662907080798951,"Ccsap/Srf/Mybpc2/Rrs1/Cflar/Kif11/Myh10/Fscn1/Bop1/Kntc1/Nup62/Bin2/Prc1/Pgm5/Asb2/Akap13/Smc1a/Krt8/Cenpp/Alms1/Msn/Cep72/Pibf1/C2cd3/Asap1/Farp2/Mzt1/Nek2/Arhgef5/Kif4/Ttn/Mdn1/Aspm/Mcat/Csrp1/Birc5/Mybl2/Uhrf1/Rnf213/Kif15/Racgap1/Wnk1/Plec/Clasp1/Cenpv/Ppp2r1b/Trim21/Cenpi/Ddx6",49
"GO:0002369","T cell cytokine production","10/1399","39/25615",0.256410256410256,4.69474533091402,5.55004950241974,3.39028553865155e-05,0.000704270097969283,0.000704270097969283,"Arid5a/Xcl1/Nlrp3/Fzd5/Cd55/Dennd1b/Tbx21/Sash3/Tnfsf4/Il18",10
"GO:0002724","regulation of T cell cytokine production","10/1399","39/25615",0.256410256410256,4.69474533091402,5.55004950241974,3.39028553865155e-05,0.000704270097969283,0.000704270097969283,"Arid5a/Xcl1/Nlrp3/Fzd5/Cd55/Dennd1b/Tbx21/Sash3/Tnfsf4/Il18",10
"GO:0045787","positive regulation of cell cycle","39/1399","358/25615",0.108938547486034,1.99461107494978,4.55512477580471,3.39856367326398e-05,0.000704270097969283,0.000704270097969283,"Dyrk3/Map3k20/Rad51ap1/Nup62/Wnt10b/Atrx/Fen1/Smc2/Cdc6/Bard1/E2f8/Cit/Ccnd2/Gli1/Cdc25a/Svil/Pkp3/Plcg2/Kif14/Rrm1/Atad5/Birc5/Gdpd5/Brca2/Tbx3/Ezh2/Brca1/Racgap1/Wnk1/Eif4g1/Ncapd2/Npr2/Lef1/Cenpv/Ccnd1/Igf2/Trim21/Chek1/Usp2",39
"GO:0050691","regulation of defense response to virus by host","11/1399","47/25615",0.234042553191489,4.28520371694067,5.41825214434759,3.49634750321543e-05,0.000719474974561672,0.000719474974561672,"Rigi/Trim44/Ptpn22/Cgas/Parp9/Stat1/Sting1/Dtx3l/Ccl5/Pml/Dhx9",11
"GO:2000403","positive regulation of lymphocyte migration","11/1399","47/25615",0.234042553191489,4.28520371694067,5.41825214434759,3.49634750321543e-05,0.000719474974561672,0.000719474974561672,"Xcl1/Fadd/Ccr7/Itga4/Tnfrsf14/Abl2/Cxcl12/Tnfsf4/Wnk1/Ccl5/Ccl7",11
"GO:0032613","interleukin-10 production","13/1399","64/25615",0.203125,3.71911856683345,5.23492588290675,3.5167363326956e-05,0.000719474974561672,0.000719474974561672,"Xcl1/Pdcd1lg2/Inava/Tlr9/Pibf1/Nod2/Bcl3/Plcg2/Hspd1/Sash3/Tnfsf4/Clec7a/Cd83",13
"GO:0032653","regulation of interleukin-10 production","13/1399","64/25615",0.203125,3.71911856683345,5.23492588290675,3.5167363326956e-05,0.000719474974561672,0.000719474974561672,"Xcl1/Pdcd1lg2/Inava/Tlr9/Pibf1/Nod2/Bcl3/Plcg2/Hspd1/Sash3/Tnfsf4/Clec7a/Cd83",13
"GO:0051781","positive regulation of cell division","16/1399","92/25615",0.173913043478261,3.18426205053299,5.04462804173695,3.54706760095613e-05,0.000723376579953721,0.000723376579953721,"Ptn/Nup62/Fgf1/Cdc6/Cit/Svil/Kif14/Birc5/Apc/Vegfd/Racgap1/Wnk1/Cenpv/Igf2/Vegfc/Lbh",16
"GO:0055001","muscle cell development","30/1399","247/25615",0.121457489878543,2.22382673569612,4.64538437191042,3.63840050751673e-05,0.000739654584186312,0.000739654584186312,"Srf/Fhl2/Agtr2/Pi16/Mybpc2/Cflar/Myh10/Ryr1/Wnt10b/Pgm5/Asb2/Fbxo22/Akap13/Trim63/Krt8/Pitx2/Shox2/Bcl2/Cntnap1/Myog/Dmd/Ttn/Csrp1/Adra1b/Prkg1/Tbx3/Plec/Alpk3/Smo/Speg",30
"GO:0002716","negative regulation of natural killer cell mediated immunity","9/1399","32/25615",0.28125,5.14954878484632,5.64542294980771,3.76528881034686e-05,0.000760635701813465,0.000760635701813465,"Sh2d1b1/Klrb1b/Klrd1/Serpinb9b/Tap1/Serpinb9/Klre1/Clec2d/Igf2",9
"GO:0002828","regulation of type 2 immune response","9/1399","32/25615",0.28125,5.14954878484632,5.64542294980771,3.76528881034686e-05,0.000760635701813465,0.000760635701813465,"Xcl1/Nlrp3/Irf1/Nod2/Dennd1b/Tbx21/Cd74/Tnfsf4/Il18",9
"GO:0010634","positive regulation of epithelial cell migration","12/1399","56/25615",0.214285714285714,3.92346574083529,5.26400689211906,3.99739612512733e-05,0.000804992874853228,0.000804992874853228,"Ptk2/Irs1/Tacr1/Sdc2/Epb41l4b/Aqp1/Plcg2/Ppm1f/Enpp2/Dock1/Clasp1/Itga2",12
"GO:0033033","negative regulation of myeloid cell apoptotic process","7/1399","19/25615",0.368421052631579,6.74560776494489,6.02175497773643,4.02318276878683e-05,0.000805137884943507,0.000805137884943507,"Itpkb/St6gal1/Nod2/Bcl2/Il18/Ccl5/Ccr5",7
"GO:0099562","maintenance of postsynaptic density structure","7/1399","19/25615",0.368421052631579,6.74560776494489,6.02175497773643,4.02318276878683e-05,0.000805137884943507,0.000805137884943507,"Shank3/Psd/Prickle2/Shank2/Dlg3/Dlgap1/Dlg4",7
"GO:0001960","negative regulation of cytokine-mediated signaling pathway","16/1399","93/25615",0.172043010752688,3.15002267364554,4.9925625866839,4.06951353612068e-05,0.000809367026502762,0.000809367026502762,"Sigirr/Oas1g/Oas1b/Oas1a/Oas3/Parp14/Oas1c/Il1r2/Robo1/Ttll12/Tnfrsf11b/Sorl1/Adar/Nlrc5/Ccl5/Naip2",16
"GO:0140374","antiviral innate immune response","16/1399","93/25615",0.172043010752688,3.15002267364554,4.9925625866839,4.06951353612068e-05,0.000809367026502762,0.000809367026502762,"Rigi/Oas1g/Traf3ip3/Oas1b/Oas1a/Apobec3/Oas3/Ifit1bl1/Oas1c/Traf3/Oasl1/Trim27/Sting1/Oas2/Oasl2/Trim21",16
"GO:0050885","neuromuscular process controlling balance","14/1399","74/25615",0.189189189189189,3.46396074416089,5.10184255014321,4.11205612824545e-05,0.00081530396814348,0.00081530396814348,"Myh10/Aplp2/Jph4/Shank3/Ap1s2/Herc1/Rbfox2/Myo7a/Cacna1a/Cntnap1/Iglon5/Abl2/Dlg4/Pcdh15",14
"GO:0035825","homologous recombination","13/1399","65/25615",0.2,3.66190135811294,5.16475280006347,4.17813797422448e-05,0.000825857179889787,0.000825857179889787,"Rad54b/Mre11a/Top2a/Rad51/Rad51ap1/Trip13/Eme1/Brip1/Bard1/Brme1/Brca1/Fancd2/Psmc3ip",13
"GO:0050866","negative regulation of cell activation","28/1399","225/25615",0.124444444444444,2.27851640060361,4.62980359632893,4.22382430942553e-05,0.000829781264946471,0.000829781264946471,"Gli3/Xcl1/Pdcd1lg2/Cnr1/Ptpn22/Fgl2/Irf1/Cbl/Fgr/Il2ra/H2-Aa/Loxl3/Sox11/Pibf1/Gimap3/Atm/Samsn1/Tnfrsf14/Tbx21/Slfn1/Cd74/Csk/Prkg1/Tnfsf4/Cd276/Ldlr/Laptm5/Pawr",28
"GO:0120032","regulation of plasma membrane bounded cell projection assembly","28/1399","225/25615",0.124444444444444,2.27851640060361,4.62980359632893,4.22382430942553e-05,0.000829781264946471,0.000829781264946471,"Srf/Actr3/Fscn1/Ppp1r9a/P2rx7/Lima1/Rap2a/Ccr7/Dzip1/Dpysl3/Aqp1/Abitram/Dbn1/Kif24/Anln/Yap1/Cdc42ep5/Coro1c/Abi3/Cep128/Kctd17/Apc/Arhgap35/Prkcq/Arap1/Myo10/Eps8l2/Tesk1",28
"GO:0046633","alpha-beta T cell proliferation","11/1399","48/25615",0.229166666666667,4.19592863950441,5.32689531950116,4.31347949736497e-05,0.000841822442131773,0.000841822442131773,"Xcl1/Rasal3/Il12rb2/Ptpn22/Irf1/Cd55/Dock2/Irgm1/Tnfrsf14/Tnfsf4/Il18",11
"GO:0022604","regulation of cell morphogenesis","33/1399","286/25615",0.115384615384615,2.11263539891131,4.54802898161723,4.3183209953341e-05,0.000841822442131773,0.000841822442131773,"Kdr/Actr3/Ptn/Myh10/Rnf157/Ptk2/Gas7/Arhgap15/Fgr/Msn/Bhlhb9/Dbn1/Ccl2/Cdc42ep5/Fgd1/Coro1c/Fmnl3/Sema4a/Rhou/Xlr3b/Enpp2/Arhgap35/Dlg4/Arap1/Camsap1/Myo10/Myh9/Ighm/Parvg/Myo9a/Ccl7/Plxnc1/Nf2",33
"GO:1902749","regulation of cell cycle G2/M phase transition","19/1399","124/25615",0.153225806451613,2.80548894371556,4.84404975442502,4.32443035341664e-05,0.000841822442131773,0.000841822442131773,"Dyrk3/Mre11a/Ticrr/Wnt10b/Hus1/Cdc6/Cenpf/Bard1/Atm/Cdc25a/Mbd4/Kif14/Nabp1/Rrm1/Atad5/Prkcq/Brca1/Ccnd1/Chek1",19
"GO:0062207","regulation of pattern recognition receptor signaling pathway","26/1399","202/25615",0.128712871287129,2.35666919086476,4.65283910500195,4.40573358940462e-05,0.000855058386052425,0.000855058386052425,"Nlrp3/Ubqln1/Gbp2/P2rx7/Slc15a3/Trim30a/Tlr9/Zcchc3/Ptpn22/Rab7b/Parp1/Irf1/Adcy7/Lrrc14/Oasl1/Igtp/Nod2/Tspan6/Plcg2/Irgm1/Cgas/Cul5/Tirap/Sting1/Irgm2/Zdhhc3",26
"GO:0032984","protein-containing complex disassembly","32/1399","274/25615",0.116788321167883,2.13833655948201,4.55334384219152,4.4263998809638e-05,0.000856481711906972,0.000856481711906972,"Ccsap/Dyrk3/Ubqln1/Lima1/Stmn2/Fyco1/Rnf14/Nes/Kif24/Igtp/Nav3/Camsap2/Svil/Jmjd4/Mical2/Irgm1/Hdgfl3/Supt16/Apc/Smarcd1/Mid1/Map1a/Atad2/Camsap1/Kif18b/Wnk1/Clasp1/Irgm2/Pif1/Stx17/Trim21/Sptbn2",32
"GO:0043367","CD4-positive, alpha-beta T cell differentiation","18/1399","114/25615",0.157894736842105,2.89097475640495,4.86357824492762,4.5399783262249e-05,0.000875820443473535,0.000875820443473535,"Nlrp3/Il12rb2/Ccr7/Irf1/Loxl3/Gimap3/Bcl3/Tmem98/Sema4a/Kmt2a/Tbx21/Sash3/Klhl25/Tnfsf4/Il18/Il6ra/Lef1/Cd83",18
"GO:0001961","positive regulation of cytokine-mediated signaling pathway","13/1399","66/25615",0.196969696969697,3.60641800420214,5.09595327645972,4.94528866084248e-05,0.00095115372327102,0.00095115372327102,"Trim44/Fadd/Parp14/Trim56/Igtp/Irgm1/Cd74/Parp9/Il7/Sting1/Laptm5/Nlrc5/Irgm2",13
"GO:0032602","chemokine production","18/1399","115/25615",0.156521739130435,2.86583584547969,4.82001753392108,5.11149365614486e-05,0.000977268906162935,0.000977268906162935,"Sigirr/Oas1g/Tlr9/Oas1b/Map2k5/Oas1a/Oas3/Oas1c/Nod2/Il1rl1/Cd74/Tirap/Il7/Tnfsf4/Il18/Il6ra/Clec7a/Ccl5",18
"GO:0032642","regulation of chemokine production","18/1399","115/25615",0.156521739130435,2.86583584547969,4.82001753392108,5.11149365614486e-05,0.000977268906162935,0.000977268906162935,"Sigirr/Oas1g/Tlr9/Oas1b/Map2k5/Oas1a/Oas3/Oas1c/Nod2/Il1rl1/Cd74/Tirap/Il7/Tnfsf4/Il18/Il6ra/Clec7a/Ccl5",18
"GO:0060338","regulation of type I interferon-mediated signaling pathway","11/1399","49/25615",0.224489795918367,4.11029744277983,5.23799315898714,5.28961120430837e-05,0.00100832232571148,0.00100832232571148,"Oas1g/Fadd/Oas1b/Oas1a/Oas3/Oas1c/Trim56/Ttll12/Sting1/Adar/Nlrc5",11
"GO:0033674","positive regulation of kinase activity","28/1399","228/25615",0.12280701754386,2.2485359216483,4.55154802848295,5.35629417781297e-05,0.00101500984655665,0.00101500984655665,"Ppp1r9a/P2rx7/Ror2/Fzd5/Akap13/Fgf1/Als2/Iqgap1/Cdc6/Vangl2/Igtp/Pibf1/Camkk2/Abi3/Arhgef5/Irgm1/Kif14/Hsph1/Tirap/Csk/Map3k5/Ezh2/Hmga2/Irgm2/Vegfc/Tead1/Gprc5b/Card10",28
"GO:0060491","regulation of cell projection assembly","28/1399","228/25615",0.12280701754386,2.2485359216483,4.55154802848295,5.35629417781297e-05,0.00101500984655665,0.00101500984655665,"Srf/Actr3/Fscn1/Ppp1r9a/P2rx7/Lima1/Rap2a/Ccr7/Dzip1/Dpysl3/Aqp1/Abitram/Dbn1/Kif24/Anln/Yap1/Cdc42ep5/Coro1c/Abi3/Cep128/Kctd17/Apc/Arhgap35/Prkcq/Arap1/Myo10/Eps8l2/Tesk1",28
"GO:0071675","regulation of mononuclear cell migration","21/1399","148/25615",0.141891891891892,2.59797055812067,4.68605188385684,5.63665118065808e-05,0.00106499550542787,0.00106499550542787,"Xcl1/Fadd/Ptk2/Ccr7/Mmp28/Msn/Ccl2/Cmklr1/Itga4/Ano6/Tnfrsf14/Trem1/Abl2/Cxcl12/Stk10/Klrk1/Tnfsf4/Wnk1/Ccl5/Slamf8/Ccl7",21
"GO:0031345","negative regulation of cell projection organization","28/1399","229/25615",0.122270742358079,2.23871698749263,4.52573429095201,5.79057279595559e-05,0.0010908691976897,0.0010908691976897,"Actr3/Ptpn9/Ptk2/Lima1/Stmn2/Crmp1/Epha3/Dpysl3/Trak2/H2-D1/Kif24/Cit/Yap1/Ulk2/Abi3/Cep128/Carm1/Runx1t1/Cdh1/Cspg4/Neo1/Il15ra/Xylt1/Ccr5/Glce/Diaph2/Tesk1/H2-K1",28
"GO:0090068","positive regulation of cell cycle process","32/1399","278/25615",0.115107913669065,2.10756912697147,4.46284701458776,5.86491893145309e-05,0.00110164442151037,0.00110164442151037,"Dyrk3/Map3k20/Rad51ap1/Nup62/Wnt10b/Atrx/Fen1/Smc2/Cdc6/E2f8/Cit/Ccnd2/Gli1/Cdc25a/Svil/Pkp3/Plcg2/Kif14/Rrm1/Atad5/Birc5/Ezh2/Racgap1/Wnk1/Eif4g1/Ncapd2/Npr2/Lef1/Cenpv/Ccnd1/Igf2/Chek1",32
"GO:0060560","developmental growth involved in morphogenesis","33/1399","291/25615",0.11340206185567,2.07633582161043,4.43838010049906,6.0842510096748e-05,0.00113951103458166,0.00113951103458166,"Srf/Actr3/Rnf157/Kif26b/Fgf1/Tfap2c/Nkx6-1/Nkd1/Iqgap1/Wnt7b/Plxna1/Dbn1/Megf8/Vangl2/Cit/Yap1/Robo1/Impact/Tnn/Ulk2/Itga4/Flrt3/Cxcl12/Cdh1/Prkg1/Npr2/Raph1/Ccr5/Arhgap32/Vcl/Ndn/Med12/Smo",33
"GO:0014904","myotube cell development","11/1399","50/25615",0.22,4.02809149392423,5.15142584781735,6.4494495995663e-05,0.00120400880159904,0.00120400880159904,"Ryr1/Wnt10b/Fbxo22/Trim63/Shox2/Bcl2/Cntnap1/Myog/Dmd/Plec/Smo",11
"GO:0071479","cellular response to ionizing radiation","14/1399","77/25615",0.181818181818182,3.32900123464813,4.91946636848107,6.50004829799421e-05,0.00120400880159904,0.00120400880159904,"Map3k20/Rad1/Rad51/Rad51ap1/Hus1/Tspyl5/Bard1/Atm/Yap1/Ccnd2/Brca2/Brca1/Ints7/Nucks1",14
"GO:0090307","mitotic spindle assembly","14/1399","77/25615",0.181818181818182,3.32900123464813,4.91946636848107,6.50004829799421e-05,0.00120400880159904,0.00120400880159904,"Ccsap/Kif11/Prc1/Smc1a/Pibf1/Mzt1/Nek2/Kif4/Birc5/Mybl2/Uhrf1/Kif15/Racgap1/Clasp1",14
"GO:1901342","regulation of vasculature development","36/1399","330/25615",0.109090909090909,1.99740074078887,4.38320248113596,6.50359673341947e-05,0.00120400880159904,0.00120400880159904,"Kdr/Adgra2/Ptn/Angptl7/Aplnr/Erap1/Ptgis/Fgf1/Tspan18/Aqp1/Itgax/Rapgef3/Gata2/Ccbe1/Emc10/Sema6a/Adam12/Ccl2/Vash1/Tnn/Hoxa5/Sema4a/Cysltr1/Prkd2/Cxcl12/Ecscr/Stat1/Brca1/Zfp354c/Wnk1/Hmga2/Ccl5/Igf2/Vegfc/Sp100/Pml",36
"GO:0016358","dendrite development","37/1399","343/25615",0.107871720116618,1.97507799198511,4.3698141207839,6.57036398757277e-05,0.0012128740878209,0.0012128740878209,"Actr3/Ptn/Ppp1r9a/Slc11a2/Sdc2/Rap2a/Ntn3/Shank3/Zdhhc15/Abitram/Igsf9/D16Ertd472e/Iqgap1/Bhlhb9/Trak2/Dbn1/Cit/Asap1/Rbfox2/Robo1/Camsap2/Cacna1a/Abi3/Abl2/Carm1/Xlr3b/Ndp/Farp1/Prkg1/Smad3/Ezh2/Dlg4/Phactr1/Map1a/Sdk1/Map6/Arhgap32",37
"GO:0050000","chromosome localization","19/1399","128/25615",0.1484375,2.71781741422445,4.68294419270445,6.74164561304854e-05,0.00123590435683349,0.00123590435683349,"Nsl1/Rrs1/Actr3/Nup62/Nde1/Zw10/Cenpf/Ttk/Pibf1/Atm/Spdl1/Nek2/Kif14/Birc5/Apc/Brca2/Racgap1/Nuf2/Cenpv",19
"GO:0035265","organ growth","28/1399","231/25615",0.121212121212121,2.21933415643208,4.47450559896278,6.75549319866086e-05,0.00123590435683349,0.00123590435683349,"Agtr2/Pi16/Ncam1/Kdr/Cacna1c/Vgll4/Ptk2/Abcg2/Akap13/Fgf1/Yap1/Bcl2/Ccnd2/Gli1/Ttn/Adra1b/Sash3/Carm1/Ly6e/Apc/Prkg1/Il7/Npr2/Ankrd26/Tenm4/Igf2/Smo/Mapk11",28
"GO:0032743","positive regulation of interleukin-2 production","10/1399","42/25615",0.238095238095238,4.35940637870588,5.23712215960815,6.75632842426384e-05,0.00123590435683349,0.00123590435683349,"Card11/Plcg2/Abl2/Sash3/Prkd2/Prkcq/Tnfsf4/Cd276/Clec7a/Cd83",10
"GO:0046641","positive regulation of alpha-beta T cell proliferation","8/1399","27/25615",0.296296296296296,5.4250390490562,5.52938938470455,6.77207866758075e-05,0.00123590435683349,0.00123590435683349,"Xcl1/Rasal3/Il12rb2/Ptpn22/Cd55/Irgm1/Tnfsf4/Il18",8
"GO:0002292","T cell differentiation involved in immune response","15/1399","87/25615",0.172413793103448,3.1568115156146,4.84350531028806,6.83850640061109e-05,0.00124449192967495,0.00124449192967495,"Nlrp3/Il12rb2/Ccr7/Fgl2/Irf1/Loxl3/Bcl3/Tmem98/Sema4a/Kmt2a/Tbx21/Tnfsf4/Il18/Il6ra/Lef1",15
"GO:0070269","pyroptotic inflammatory response","12/1399","59/25615",0.203389830508475,3.72396748282672,5.0347491918704,6.88715279448168e-05,0.00124980422462572,0.00124980422462572,"Nlrp3/Map3k20/Gbp2/Gzmc/Prf1/Gsdmd/Casp8/Gzmb/Trim21/Dhx9/Mapk11/Naip2",12
"GO:0051302","regulation of cell division","24/1399","185/25615",0.12972972972973,2.37528736742461,4.51234704427467,7.51348970771117e-05,0.00135847757802007,0.00135847757802007,"Ptn/Nup62/Mllt3/Prc1/Fgf1/Nap1l2/Cdc6/E2f8/Cit/Svil/Aspm/Kif14/Birc5/Apc/Brca2/Vegfd/Kif18b/Racgap1/Wnk1/Cenpv/Igf2/Vegfc/Kif13a/Lbh",24
"GO:0141084","inflammasome-mediated signaling pathway","14/1399","78/25615",0.179487179487179,3.28632173163982,4.8606691754097,7.52830040123203e-05,0.00135847757802007,0.00135847757802007,"Nlrp3/Map3k20/Gbp2/P2rx7/Trim30a/Tlr9/Ptpn22/Adcy7/Gsdmd/Igtp/Plcg2/Irgm1/Irgm2/Mapk11",14
"GO:0007266","Rho protein signal transduction","21/1399","151/25615",0.139072847682119,2.54635524901893,4.58068881717759,7.58311828763167e-05,0.00136453646721977,0.00136453646721977,"Kank2/Ccr7/Akap13/Arhgef11/Arhgdib/Dock9/Hacd3/Vangl2/Arhgap42/Cdc42ep5/Robo1/Arhgef5/Adra1b/Abl2/Arhgap35/Racgap1/Arhgap30/Arhgap32/Eps8l2/Dock6/Kctd10",21
"GO:0019058","viral life cycle","30/1399","257/25615",0.116731517509728,2.13729651251728,4.40432264341355,7.62152037165254e-05,0.0013676158342876,0.0013676158342876,"Oas1g/Mx2/Top2a/Myh10/Trim30a/Oas1b/Oas1a/Apobec3/Oas3/Gbp7/Cd55/Oas1c/Oasl1/Hacd3/Siglec1/Bcl2/Cldn1/Tnfrsf14/Cd74/Mvb12b/Vps37b/Oas2/Oasl2/Adar/Hmga2/Lrrc15/Ccl5/Myh9/Furin/Ddx6",30
"GO:0072583","clathrin-dependent endocytosis","11/1399","51/25615",0.215686274509804,3.94910930776885,5.06708172959677,7.82053374205362e-05,0.00139813170315843,0.00139813170315843,"Tnk2/Gas7/Aak1/Ubqln2/Siglec1/Itga4/Sh3gl3/Ston1/Dgkd/Cltb/Hip1r",11
"GO:0035050","embryonic heart tube development","16/1399","98/25615",0.163265306122449,2.9893072311126,4.74238106763528,7.83510917087541e-05,0.00139813170315843,0.00139813170315843,"Srf/Aplnr/Abcg2/Asb2/Pitx2/Hand2/Sufu/Megf8/Vangl2/C2cd3/Yap1/Mical2/Tbx3/Smad3/Tead1/Smo",16
"GO:0030595","leukocyte chemotaxis","28/1399","233/25615",0.120171673819742,2.2002840778361,4.42379956486972,7.86267872300586e-05,0.00139916476777257,0.00139916476777257,"Xcl1/Ptn/Ptk2/Ccr7/Mmp28/Ccl2/Nod2/Sell/Cmklr1/Coro1c/Arhgef5/Ano6/Trem1/Cxcl12/Cd74/Cyp7b1/Klrk1/Tirap/Il17rc/Vegfd/Wnk1/Plec/Zfp580/Ccl5/Slamf8/Vegfc/Gpr35/Ccl7",28
"GO:0010721","negative regulation of cell development","33/1399","295/25615",0.111864406779661,2.04818211555469,4.35223421200333,7.94189333652884e-05,0.00140935698325584,0.00140935698325584,"Gli3/Hoxa7/Igdcc4/Actr3/Ptn/Ptk2/Fgl2/Irf1/Nkx6-1/Wnt7b/Trak2/Gata2/Loxl3/Sox11/Mycn/Cit/Ulk2/Tmem98/Irgm1/Tnfrsf11b/Tbx21/Prdm16/Cd74/Sorl1/Tmem176a/Cdh1/Tnfsf4/Ldlr/Npr2/Hmga2/Clec2d/Ccr5/Tmem176b",33
"GO:0046640","regulation of alpha-beta T cell proliferation","10/1399","43/25615",0.232558139534884,4.25802483501504,5.13928410101511,8.37579694590734e-05,0.00148197806492902,0.00148197806492902,"Xcl1/Rasal3/Il12rb2/Ptpn22/Irf1/Cd55/Irgm1/Tnfrsf14/Tnfsf4/Il18",10
"GO:0001890","placenta development","25/1399","198/25615",0.126262626262626,2.31180641295009,4.45385994520233,8.39726051734378e-05,0.00148197806492902,0.00148197806492902,"Ptn/Fzd5/Gjb5/Ptgis/Parp1/Krt8/Stox2/Nrk/Fbn2/Wnt7b/Gata2/E2f8/Hs6st1/Vash1/Itga4/Bptf/Birc2/Zfp568/Ndp/Gjb3/Cdh1/Plac1/Lef1/Tppp3/Igf2",25
"GO:0007051","spindle organization","26/1399","210/25615",0.123809523809524,2.26689131692706,4.4308368930613,8.50729885035844e-05,0.00149637505502657,0.00149637505502657,"Ccsap/Espl1/Kif11/Nup62/Prc1/Atrx/Smc1a/Cep72/Pibf1/Tacc2/Mzt1/Nek2/Kif4/Aspm/Birc5/Bora/Mybl2/Uhrf1/Kif15/Racgap1/Clasp1/Myh9/Nuf2/Cenpv/Ppp2r1b/Chd3",26
"GO:0034340","response to type I interferon","17/1399","109/25615",0.155963302752294,2.85561115082202,4.66632948654991,8.56436744189786e-05,0.00149637505502657,0.00149637505502657,"Oas1g/Mx2/Fadd/Oas1b/Oas1a/Oas3/Oas1c/Trim56/Oasl1/Ttll12/Stat1/Sting1/Oas2/Oasl2/Adar/Nlrc5/Sp100",17
"GO:0060330","regulation of response to type II interferon","6/1399","15/25615",0.4,7.32380271622588,5.88844083153451,8.57201152319084e-05,0.00149637505502657,0.00149637505502657,"Parp14/Igtp/Irgm1/Parp9/Nlrc5/Irgm2",6
"GO:0060334","regulation of type II interferon-mediated signaling pathway","6/1399","15/25615",0.4,7.32380271622588,5.88844083153451,8.57201152319084e-05,0.00149637505502657,0.00149637505502657,"Parp14/Igtp/Irgm1/Parp9/Nlrc5/Irgm2",6
"GO:0000209","protein polyubiquitination","35/1399","322/25615",0.108695652173913,1.99016378158312,4.29765111385695,8.77671965342631e-05,0.001527957914732,0.001527957914732,"Trim44/Rnf152/Trim71/Rnf144a/Trim30a/Asb2/Fbxo22/Ptpn22/Cbl/Rnf14/Ube2ql1/Birc3/Trim2/Trim56/Magel2/Bard1/Atm/Klhl42/Rnf168/Nod2/Bcl2/Rnf187/Trim27/Mkrn3/Parp10/Mycbp2/Cul5/Birc2/Rnf213/Ube2s/Rnf183/Huwe1/Brca1/Dtx3l/Trim21",35
"GO:0051492","regulation of stress fiber assembly","16/1399","99/25615",0.161616161616162,2.95911220857611,4.69425813368643,8.87807230282792e-05,0.00154142531009099,0.00154142531009099,"Kank2/Ppp1r9a/Tacr1/Arhgap28/Alms1/Rapgef3/Arhgef5/Ppm1f/Synpo/Smad3/Prkcq/Arap1/Phldb2/Clasp1/Tesk1/Nf2",16
"GO:0032727","positive regulation of interferon-alpha production","8/1399","28/25615",0.285714285714286,5.23128765444705,5.38441143405896,9.02876142626642e-05,0.00155916030651439,0.00155916030651439,"Rigi/Tlr9/Traf3ip3/Ptpn22/Tlr8/Hspd1/Stat1/Dhx9",8
"GO:0098880","maintenance of postsynaptic specialization structure","8/1399","28/25615",0.285714285714286,5.23128765444705,5.38441143405896,9.02876142626642e-05,0.00155916030651439,0.00155916030651439,"Rapsn/Shank3/Psd/Prickle2/Shank2/Dlg3/Dlgap1/Dlg4",8
"GO:0009952","anterior/posterior pattern specification","28/1399","235/25615",0.119148936170213,2.18155825589707,4.3736056024529,9.13021220950561e-05,0.00157245263361566,0.00157245263361566,"Gli3/Srf/Hoxa7/Ror2/Mllt3/Fzd5/Hoxb9/En1/Hoxa6/Gli2/Hoxc6/Vangl2/Atm/Hoxa10/Hoxa5/Hoxa9/Bptf/Ttn/Kmt2a/Cdon/Tdrd1/Apc/Tbx3/Smad3/Lef1/Hoxb7/Med12/Smo",28
"GO:0048736","appendage development","27/1399","223/25615",0.121076233183857,2.21684611365581,4.38668037861629,9.20926670006271e-05,0.00157760878083208,0.00157760878083208,"Gli3/Cacna1c/Map3k20/Ror2/En1/Atrx/Sik3/Pitx2/Shox2/Fbn2/Hand2/Gli2/Megf8/Mycn/C2cd3/Fbxw4/Hoxa10/Dync2h1/Hoxa9/Dmd/B4galnt1/Gpr161/Tfap2a/Tbx3/Npr2/Lef1/Rspo4",27
"GO:0060173","limb development","27/1399","223/25615",0.121076233183857,2.21684611365581,4.38668037861629,9.20926670006271e-05,0.00157760878083208,0.00157760878083208,"Gli3/Cacna1c/Map3k20/Ror2/En1/Atrx/Sik3/Pitx2/Shox2/Fbn2/Hand2/Gli2/Megf8/Mycn/C2cd3/Fbxw4/Hoxa10/Dync2h1/Hoxa9/Dmd/B4galnt1/Gpr161/Tfap2a/Tbx3/Npr2/Lef1/Rspo4",27
"GO:0016202","regulation of striated muscle tissue development","11/1399","52/25615",0.211538461538462,3.87316489800407,4.98485660210146,9.43342863012741e-05,0.00160743622068802,0.00160743622068802,"Wnt10b/Shox2/Cenpf/Bcl2/Myog/Jph2/Cdon/Smad3/Lef1/Igf2/Usp2",11
"GO:0051403","stress-activated MAPK cascade","11/1399","52/25615",0.211538461538462,3.87316489800407,4.98485660210146,9.43342863012741e-05,0.00160743622068802,0.00160743622068802,"Foxm1/Map3k20/Inava/Scimp/Nod2/Klhdc10/Map3k5/Mid1/Sema4c/Clec7a/Mapk11",11
"GO:0050767","regulation of neurogenesis","46/1399","469/25615",0.0980810234541578,1.79581516495944,4.18081097424248,9.55196714028437e-05,0.00161867751489664,0.00161867751489664,"Gli3/Srf/Igdcc4/Kdr/Actr3/Ptn/Robo2/Ptk2/Shank3/Nkx6-1/Shox2/Ace/Wnt7b/Bhlhb9/Trak2/Dbn1/Bex1/Megf8/Sox11/Mycn/Cit/Yap1/Robo1/Ulk2/Tmem98/Aspm/Cysltr1/Cxcl12/Xlr3b/Enpp2/Sorl1/Cdh1/Ezh2/Rlim/Dlg4/Map6/Ldlr/Hmga2/Lef1/Ccr5/Arhgap32/Tenm4/Vegfc/Smo/Plxnc1/Nf2",46
"GO:0019079","viral genome replication","17/1399","110/25615",0.154545454545455,2.82965104945091,4.62219542761256,9.62187947125402e-05,0.00161867751489664,0.00161867751489664,"Oas1g/Mx2/Top2a/Oas1b/Oas1a/Apobec3/Oas3/Gbp7/Oas1c/Oasl1/Hacd3/Bcl2/Oas2/Oasl2/Adar/Hmga2/Ccl5",17
"GO:0060700","regulation of ribonuclease activity","5/1399","10/25615",0.5,9.15475339528234,6.19933061217325,9.65058356484141e-05,0.00161867751489664,0.00161867751489664,"Oas1g/Oas1b/Oas1a/Oas3/Oas1c",5
"GO:0071612","IP-10 production","5/1399","10/25615",0.5,9.15475339528234,6.19933061217325,9.65058356484141e-05,0.00161867751489664,0.00161867751489664,"Oas1g/Oas1b/Oas1a/Oas3/Oas1c",5
"GO:0071658","regulation of IP-10 production","5/1399","10/25615",0.5,9.15475339528234,6.19933061217325,9.65058356484141e-05,0.00161867751489664,0.00161867751489664,"Oas1g/Oas1b/Oas1a/Oas3/Oas1c",5
"GO:0071888","macrophage apoptotic process","5/1399","10/25615",0.5,9.15475339528234,6.19933061217325,9.65058356484141e-05,0.00161867751489664,0.00161867751489664,"Plekho2/St6gal1/Nod2/Ccl5/Ccr5",5
"GO:0055123","digestive system development","22/1399","165/25615",0.133333333333333,2.44126757207529,4.46415278582798,9.79712847298645e-05,0.00163472086520688,0.00163472086520688,"Gli3/Rbpms2/Ass1/Tlr9/Pitx2/Nkx3-2/Shox2/Gli2/Megf8/Vangl2/Sox11/Yap1/Bcl2/Hoxa5/Stx2/Cdh1/Smad3/Npr2/Yipf6/Igf2/Hip1r/Smo",22
"GO:1905037","autophagosome organization","22/1399","165/25615",0.133333333333333,2.44126757207529,4.46415278582798,9.79712847298645e-05,0.00163472086520688,0.00163472086520688,"Snx30/Ubqln1/Ifi47/Efnb1/Iigp1c/F830016B08Rik/Tgtp1/Synpo2/Tgtp2/Igtp/Ubqln2/Atm/Ulk2/Irgm1/Gm4841/Pik3c2b/9930111J21Rik1/Sting1/Iigp1/Irgm2/Stx17/Trim21",22
"GO:0030177","positive regulation of Wnt signaling pathway","21/1399","154/25615",0.136363636363636,2.49675092598609,4.47783950317928,0.00010105522680577,0.0016818103031095,0.0016818103031095,"Adgra2/Ankrd6/Ror2/Mllt3/Wnt10b/Eda/Usp34/Lrrk1/Nkd1/Peg12/Yap1/Sulf2/Aspm/Jrk/Abl2/Smad3/Depdc1b/Wnk1/Lef1/Amer1/Rspo4",21
"GO:0050864","regulation of B cell activation","20/1399","143/25615",0.13986013986014,2.56077018049856,4.49854232111826,0.000102816821872212,0.00170670610777026,0.00170670610777026,"Tlr9/Card11/Atm/Nod2/Samsn1/Bcl2/Tnfrsf4/Tbx21/Atad5/Sash3/Cd74/Tirap/Themis2/Il7/Tnfsf4/Slc39a10/Laptm5/Slamf8/Ighm/Pawr",20
"GO:0030201","heparan sulfate proteoglycan metabolic process","10/1399","44/25615",0.227272727272727,4.16125154331016,5.04438112947624,0.000103126984191789,0.00170744264548467,0.00170744264548466,"Hs3st1/Ndst1/Gpc1/Ndst3/Vangl2/Hs6st1/Sulf2/Xylt1/Glce/Tm9sf2",10
"GO:0030902","hindbrain development","25/1399","201/25615",0.124378109452736,2.27730183962247,4.36969786459583,0.000107166988221846,0.00176977052014688,0.00176977052014688,"Agtr2/Nr2c2/Myh10/En1/Socs7/Fktn/Atic/Gata2/Gli2/Herc1/Rbfox2/Bcl2/Gli1/Cacna1a/Kif14/Cul5/Abl2/Atp1b2/Gpr161/Arcn1/Ezh2/Sema4c/Lef1/Sptbn2/Smo",25
"GO:0010389","regulation of G2/M transition of mitotic cell cycle","17/1399","111/25615",0.153153153153153,2.80415869765405,4.57855496026193,0.000107923382862788,0.00177769182438602,0.00177769182438602,"Mre11a/Ticrr/Wnt10b/Hus1/Cdc6/Cenpf/Bard1/Atm/Cdc25a/Mbd4/Kif14/Nabp1/Rrm1/Prkcq/Brca1/Ccnd1/Chek1",17
"GO:1902904","negative regulation of supramolecular fiber organization","23/1399","178/25615",0.129213483146067,2.36583514709544,4.39512970679093,0.000111688434694747,0.00183500384777252,0.00183500384777252,"Kank2/Ppp1r9a/Lima1/Stmn2/Dnai3/Arhgap28/Shank3/Dbn1/Nav3/Camsap2/Svil/Hdgfl3/Apc/Mid1/Map1a/Arap1/Phldb2/Camsap1/Ldlr/Ssh2/Clasp1/Sptbn2/Hip1r",23
"GO:0034502","protein localization to chromosome","18/1399","122/25615",0.147540983606557,2.70140264123086,4.52765055855056,0.000112308138505661,0.00184047826979685,0.00184047826979685,"Kntc1/Rpa1/Atrx/Parp1/Cbx5/Zw10/Ttk/Atm/Tonsl/Spdl1/Brme1/Prdm16/Carm1/Uhrf1/Ezh2/Lef1/Zwilch/Pml",18
"GO:0071677","positive regulation of mononuclear cell migration","16/1399","101/25615",0.158415841584158,2.90051592721817,4.59980351429712,0.000113342614129562,0.00184849246078408,0.00184849246078408,"Xcl1/Fadd/Ptk2/Ccr7/Ccl2/Cmklr1/Itga4/Ano6/Tnfrsf14/Trem1/Abl2/Cxcl12/Tnfsf4/Wnk1/Ccl5/Ccl7",16
"GO:0050868","negative regulation of T cell activation","20/1399","144/25615",0.138888888888889,2.5429870542451,4.46289723137743,0.000113372669605997,0.00184849246078408,0.00184849246078408,"Gli3/Xcl1/Pdcd1lg2/Ptpn22/Fgl2/Irf1/Cbl/Il2ra/H2-Aa/Loxl3/Gimap3/Tnfrsf14/Tbx21/Slfn1/Cd74/Csk/Tnfsf4/Cd276/Laptm5/Pawr",20
"GO:0002287","alpha-beta T cell activation involved in immune response","14/1399","81/25615",0.172839506172839,3.16460611194945,4.68984315556612,0.000115082159597269,0.00187161466646293,0.00187161466646293,"Nlrp3/Il12rb2/Ccr7/Irf1/Loxl3/Bcl3/Tmem98/Sema4a/Kmt2a/Tbx21/Tnfsf4/Il18/Il6ra/Lef1",14
"GO:0051056","regulation of small GTPase mediated signal transduction","30/1399","263/25615",0.114068441064639,2.08853689626213,4.26492375093082,0.000115886385092883,0.0018787967144889,0.0018787967144889,"Foxm1/Kank2/Itpkb/Sipa1l3/Rasal3/Nup62/Ccr7/Akap13/Arhgap28/Cbl/Madd/Arhgdib/Dock9/Psd/Dock2/Arhgap42/Robo1/Syde2/Arhgef5/Kif14/Cdon/Adra1b/Abl2/Arhgap35/Chn1/Wnk1/Arhgap30/Eps8l2/Dock6/Kctd10",30
"GO:0070534","protein K63-linked ubiquitination","15/1399","91/25615",0.164835164835165,3.0180505698733,4.63526671827797,0.00011610870106664,0.0018787967144889,0.0018787967144889,"Rnf152/Trim30a/Ptpn22/Cbl/Trim56/Magel2/Atm/Rnf168/Nod2/Trim27/Parp10/Birc2/Rnf213/Ube2s/Trim21",15
"GO:0071639","positive regulation of monocyte chemotactic protein-1 production","7/1399","22/25615",0.318181818181818,5.82575216063422,5.44267136304934,0.000117832437727747,0.001897131779356,0.001897131779356,"Oas1g/Oas1b/Oas1a/Oas3/Oas1c/Nod2/Clec7a",7
"GO:2000001","regulation of DNA damage checkpoint","7/1399","22/25615",0.318181818181818,5.82575216063422,5.44267136304934,0.000117832437727747,0.001897131779356,0.001897131779356,"Map3k20/Rad51/Wdr76/Bard1/Brca2/Brca1/Fem1b",7
"GO:0045061","thymic T cell selection","8/1399","29/25615",0.275862068965517,5.05089842498336,5.24620806274869,0.000118740967412914,0.00190222437571212,0.00190222437571212,"Gli3/Srf/Itpkb/Ccr7/Card11/Dock2/Cd74/H2-DMa",8
"GO:0060339","negative regulation of type I interferon-mediated signaling pathway","8/1399","29/25615",0.275862068965517,5.05089842498336,5.24620806274869,0.000118740967412914,0.00190222437571212,0.00190222437571212,"Oas1g/Oas1b/Oas1a/Oas3/Oas1c/Ttll12/Adar/Nlrc5",8
"GO:0008589","regulation of smoothened signaling pathway","17/1399","112/25615",0.151785714285714,2.779121566425,4.53539749609301,0.000120858206859433,0.00193132617130596,0.00193132617130596,"Gli3/Hhat/Ndst1/Ptch2/Shox2/Wnt7b/Sufu/Gli2/Megf8/C2cd3/Scube3/Gli1/Dync2h1/Tedc1/Prkacb/Gpr161/Smo",17
"GO:0000045","autophagosome assembly","21/1399","156/25615",0.134615384615385,2.46474129872986,4.41061257433188,0.000121758342267738,0.00194088235912642,0.00194088235912642,"Snx30/Ubqln1/Ifi47/Efnb1/Iigp1c/F830016B08Rik/Tgtp1/Synpo2/Tgtp2/Igtp/Ubqln2/Atm/Ulk2/Irgm1/Gm4841/9930111J21Rik1/Sting1/Iigp1/Irgm2/Stx17/Trim21",21
"GO:0021987","cerebral cortex development","20/1399","145/25615",0.137931034482759,2.52544921249168,4.42755166380463,0.000124874645543728,0.00198563050240819,0.00198563050240819,"Gli3/Trappc9/Nde1/Socs7/Tfap2c/Fktn/Smc2/Atic/Tacc2/Robo1/Kif26a/Dmd/Aspm/Kif14/Cdon/Cul5/Ccdc141/Phactr1/Smo/Bhlhe22",20
"GO:0048247","lymphocyte chemotaxis","10/1399","45/25615",0.222222222222222,4.06877928679215,4.95225390252083,0.000126153947356228,0.00200101964892941,0.00200101964892941,"Xcl1/Ccr7/Ccl2/Cxcl12/Cyp7b1/Klrk1/Wnk1/Plec/Ccl5/Ccl7",10
"GO:0010631","epithelial cell migration","16/1399","102/25615",0.156862745098039,2.87207949655917,4.55344362471619,0.000127711466868819,0.002020735130949,0.002020735130949,"Kank2/Ptk2/Irs1/Tacr1/Sdc2/Epb41l4b/Aqp1/Anln/Coro1c/Plcg2/Ppm1f/Enpp2/Dock1/Clasp1/Itga2/Tesk1",16
"GO:0001911","negative regulation of leukocyte mediated cytotoxicity","9/1399","37/25615",0.243243243243243,4.45366381392114,5.05293820010084,0.000130449223573336,0.00205393581430174,0.00205393581430174,"Sh2d1b1/Klrb1b/Klrd1/Serpinb9b/Tap1/Serpinb9/Klre1/Clec2d/Igf2",9
"GO:0043372","positive regulation of CD4-positive, alpha-beta T cell differentiation","9/1399","37/25615",0.243243243243243,4.45366381392114,5.05293820010084,0.000130449223573336,0.00205393581430174,0.00205393581430174,"Nlrp3/Ccr7/Irf1/Gimap3/Sash3/Klhl25/Tnfsf4/Il18/Cd83",9
"GO:0033147","negative regulation of intracellular estrogen receptor signaling pathway","6/1399","16/25615",0.375,6.86606504646176,5.64146270481604,0.00013081644206657,0.00205468172086955,0.00205468172086955,"Kank2/Cnot9/Cyp7b1/Brca1/Lbh/Zfp366",6
"GO:0050905","neuromuscular process","27/1399","228/25615",0.118421052631579,2.16823106730371,4.25879601780219,0.000133920312614768,0.00209830265423724,0.00209830265423724,"Grin2d/Myh10/Aplp2/Jph4/Shank3/Tshz3/Dbn1/Tnni3/Ap1s2/Herc1/Rbfox2/Myo7a/Cacna1a/Cntnap1/Fgf14/Dmd/Chrna1/Mycbp2/Iglon5/Abl2/Rem1/Slitrk6/Tnni2/Dlg4/Map1a/Npr2/Pcdh15",27
"GO:0110020","regulation of actomyosin structure organization","17/1399","113/25615",0.150442477876106,2.75452757026194,4.49271276929647,0.000135131078203729,0.0021034636789344,0.0021034636789344,"Kank2/Ppp1r9a/Tacr1/Akap13/Arhgap28/Alms1/Rapgef3/Arhgef5/Ppm1f/Synpo/Smad3/Prkcq/Arap1/Phldb2/Clasp1/Tesk1/Nf2",17
"GO:0008038","neuron recognition","11/1399","54/25615",0.203703703703704,3.72971434622614,4.82638005771603,0.000135232020454531,0.0021034636789344,0.0021034636789344,"Ncam1/Robo2/Cnr1/Nexn/Epha3/Megf8/Robo1/Tnn/Arhgap35/Diaph2/Ndn",11
"GO:0071526","semaphorin-plexin signaling pathway","11/1399","54/25615",0.203703703703704,3.72971434622614,4.82638005771603,0.000135232020454531,0.0021034636789344,0.0021034636789344,"Ncam1/Kdr/Crmp1/Hand2/Plxna1/Sema6a/Farp2/Sema4a/Sema3d/Sema4c/Plxnc1",11
"GO:0043085","positive regulation of catalytic activity","44/1399","449/25615",0.0979955456570156,1.79425010865222,4.08102930296038,0.000136784330437909,0.00212168659249177,0.00212168659249178,"Cacna1c/Ppp1r9a/P2rx7/Ror2/Fzd5/Antxr1/Akap13/Fgf1/Rapgef3/Als2/Iqgap1/Dock9/Cdc6/Adcy7/Vangl2/Igtp/Pibf1/Arhgap42/Bcl2/Camkk2/Dennd1b/Coro1c/Abi3/Arhgef5/Irgm1/Kif14/Rgs16/Hsph1/Tirap/Csk/Arhgap35/Map3k5/Smad3/Ube2s/Ezh2/Arap1/Hmga2/Itga2/Irgm2/Vegfc/Tead1/Gprc5b/Tbc1d2/Card10",44
"GO:0030326","embryonic limb morphogenesis","20/1399","146/25615",0.136986301369863,2.50815161514585,4.39250071231668,0.000137394399513789,0.00212168659249177,0.00212168659249178,"Gli3/Cacna1c/Map3k20/Ror2/En1/Pitx2/Shox2/Fbn2/Hand2/Gli2/Megf8/Mycn/C2cd3/Fbxw4/Hoxa10/Dync2h1/Hoxa9/Tfap2a/Tbx3/Lef1",20
"GO:0035113","embryonic appendage morphogenesis","20/1399","146/25615",0.136986301369863,2.50815161514585,4.39250071231668,0.000137394399513789,0.00212168659249177,0.00212168659249178,"Gli3/Cacna1c/Map3k20/Ror2/En1/Pitx2/Shox2/Fbn2/Hand2/Gli2/Megf8/Mycn/C2cd3/Fbxw4/Hoxa10/Dync2h1/Hoxa9/Tfap2a/Tbx3/Lef1",20
"GO:0035107","appendage morphogenesis","23/1399","181/25615",0.12707182320442,2.32662240985076,4.30502461649376,0.000143980494208195,0.00221275285835752,0.00221275285835752,"Gli3/Cacna1c/Map3k20/Ror2/En1/Atrx/Sik3/Pitx2/Shox2/Fbn2/Hand2/Gli2/Megf8/Mycn/C2cd3/Fbxw4/Hoxa10/Dync2h1/Hoxa9/Tfap2a/Tbx3/Npr2/Lef1",23
"GO:0035108","limb morphogenesis","23/1399","181/25615",0.12707182320442,2.32662240985076,4.30502461649376,0.000143980494208195,0.00221275285835752,0.00221275285835752,"Gli3/Cacna1c/Map3k20/Ror2/En1/Atrx/Sik3/Pitx2/Shox2/Fbn2/Hand2/Gli2/Megf8/Mycn/C2cd3/Fbxw4/Hoxa10/Dync2h1/Hoxa9/Tfap2a/Tbx3/Npr2/Lef1",23
"GO:0032732","positive regulation of interleukin-1 production","13/1399","73/25615",0.178082191780822,3.2605970996896,4.64893529615045,0.000146283690204007,0.00223744387112033,0.00223744387112033,"Nlrp3/P2rx7/Fzd5/Inava/Ccr7/Tlr8/Gsdmd/Nod2/Casp8/Smad3/Clec7a/Ccr5/Panx1",13
"GO:0140632","canonical inflammasome complex assembly","13/1399","73/25615",0.178082191780822,3.2605970996896,4.64893529615045,0.000146283690204007,0.00223744387112033,0.00223744387112033,"Nlrp3/Map3k20/P2rx7/Trim30a/Tlr9/Ptpn22/Adcy7/Gsdmd/Igtp/Plcg2/Irgm1/Irgm2/Mapk11",13
"GO:1900182","positive regulation of protein localization to nucleus","17/1399","114/25615",0.149122807017544,2.73036504771579,4.45049082403055,0.000150857181440896,0.00230191575671334,0.00230191575671334,"Gli3/Nutf2/Ptpn22/Parp1/Igtp/Yap1/Irgm1/Cdh1/Parp9/Prkcq/Brca1/Dtx3l/Ipo5/Irgm2/Tesk1/Smo/Card10",17
"GO:0033044","regulation of chromosome organization","28/1399","242/25615",0.115702479338843,2.11845533113972,4.20181350942794,0.000151366281924223,0.00230421088881803,0.00230421088881803,"Ino80d/Mre11a/Pot1a/Kntc1/Atrx/Fen1/Parp1/Trip13/Zw10/Smc2/Cdc6/Ttk/Atm/Cit/Spdl1/Nek2/Birc5/Apc/Bcl7a/Prkcq/Smarcd1/Ncapd2/Nuf2/Cenpv/Pif1/Smg6/Zwilch/Pml",28
"GO:0055006","cardiac cell development","18/1399","125/25615",0.144,2.63656897784132,4.40860063873807,0.000154032259320532,0.00233925114391276,0.00233925114391276,"Srf/Fhl2/Agtr2/Pi16/Myh10/Asb2/Acvr1b/Akap13/Pitx2/Shox2/Inhba/Ttn/Adra1b/Prkg1/Tbx3/Plec/Alpk3/Speg",18
"GO:0008037","cell recognition","23/1399","182/25615",0.126373626373626,2.3138387702362,4.27538596863244,0.000156450259166542,0.00237036902095723,0.00237036902095723,"Ncam1/Robo2/Cnr1/Nexn/Zan/Ccr7/Epha3/Msn/Dock2/Prf1/Megf8/C1ra/Robo1/Tnn/Myo18a/Pear1/C1s1/Arhgap35/Clec1a/Clec7a/Diaph2/Ndn/Masp1",23
"GO:0035329","hippo signaling","12/1399","64/25615",0.1875,3.43303252323088,4.6841447390975,0.000157009276396203,0.00237324139192754,0.00237324139192754,"Amotl1/Vgll4/Schip1/Mob3b/Nuak2/Sox11/Cit/Shank2/Yap1/Ptpn14/Tead1/Nf2",12
"GO:0046638","positive regulation of alpha-beta T cell differentiation","11/1399","55/25615",0.2,3.66190135811294,4.74995213938551,0.000160780771695196,0.0024245438435914,0.0024245438435914,"Gli3/Nlrp3/Itpkb/Ccr7/Irf1/Gimap3/Sash3/Klhl25/Tnfsf4/Il18/Cd83",11
"GO:0048872","homeostasis of number of cells","43/1399","439/25615",0.0979498861047836,1.79341410477057,4.03027952142817,0.000163698798003634,0.00246276599151134,0.00246276599151134,"Srf/Dyrk3/Itpkb/Gpr174/Fadd/P2rx7/Gprasp2/Slc11a2/Rpa1/Acvr1b/Ccr7/Card11/Il2ra/Zfp251/Nppb/Klf13/Tspan9/Ank1/Gata2/Smad5/Gimap3/Ccl2/Nod2/Rbfox2/Bcl2/Tnfrsf4/Hoxa5/Inhba/Arhgef5/Kmt2a/Sash3/Cd74/Il7/Tnfsf4/Ezh2/Stat1/Il18/Racgap1/Adar/Senp1/Smo/Gapt/Bpgm",43
"GO:0071900","regulation of protein serine/threonine kinase activity","22/1399","171/25615",0.128654970760234,2.3556090607744,4.27500060544839,0.000166066708276383,0.00249255264945674,0.00249255264945674,"Aida/P2rx7/Ror2/Nup62/Fzd5/Akap13/Ptpn22/Fgf1/Iqgap1/Cdc6/Vangl2/Igtp/Arhgef5/Irgm1/Tirap/Csk/Apc/Map3k5/Ezh2/Hmga2/Irgm2/Tead1",22
"GO:0002399","MHC class II protein complex assembly","5/1399","11/25615",0.454545454545455,8.32250308662031,5.83846058415517,0.000168956154361956,0.00250663818850162,0.00250663818850162,"H2-Aa/H2-Ab1/H2-DMb1/H2-DMa/H2-Eb1",5
"GO:0002503","peptide antigen assembly with MHC class II protein complex","5/1399","11/25615",0.454545454545455,8.32250308662031,5.83846058415517,0.000168956154361956,0.00250663818850162,0.00250663818850162,"H2-Aa/H2-Ab1/H2-DMb1/H2-DMa/H2-Eb1",5
"GO:0002732","positive regulation of dendritic cell cytokine production","5/1399","11/25615",0.454545454545455,8.32250308662031,5.83846058415517,0.000168956154361956,0.00250663818850162,0.00250663818850162,"Rigi/Scimp/Nod2/Plcg2/Clec7a",5
"GO:1902965","regulation of protein localization to early endosome","5/1399","11/25615",0.454545454545455,8.32250308662031,5.83846058415517,0.000168956154361956,0.00250663818850162,0.00250663818850162,"Msn/Mgat3/Sorl1/Dtx3l/Nf2",5
"GO:1902966","positive regulation of protein localization to early endosome","5/1399","11/25615",0.454545454545455,8.32250308662031,5.83846058415517,0.000168956154361956,0.00250663818850162,0.00250663818850162,"Msn/Mgat3/Sorl1/Dtx3l/Nf2",5
"GO:0090132","epithelium migration","16/1399","105/25615",0.152380952380952,2.79002008237176,4.41767415571008,0.000180775764743885,0.00267581454542562,0.00267581454542562,"Kank2/Ptk2/Irs1/Tacr1/Sdc2/Epb41l4b/Aqp1/Anln/Coro1c/Plcg2/Ppm1f/Enpp2/Dock1/Clasp1/Itga2/Tesk1",16
"GO:0007019","microtubule depolymerization","12/1399","65/25615",0.184615384615385,3.3802166382581,4.61821416099206,0.000183098611487665,0.00270396662114198,0.00270396662114198,"Ccsap/Stmn2/Kif24/Nav3/Camsap2/Hdgfl3/Apc/Mid1/Map1a/Camsap1/Kif18b/Clasp1",12
"GO:0048813","dendrite morphogenesis","25/1399","208/25615",0.120192307692308,2.20066187386595,4.17899690695501,0.000184837884001038,0.00272339120830887,0.00272339120830888,"Actr3/Ptn/Ppp1r9a/Slc11a2/Sdc2/Rap2a/Shank3/Zdhhc15/Abitram/Bhlhb9/Trak2/Dbn1/Cit/Rbfox2/Robo1/Cacna1a/Abi3/Abl2/Xlr3b/Farp1/Smad3/Dlg4/Phactr1/Map6/Arhgap32",25
"GO:0030520","estrogen receptor signaling pathway","11/1399","56/25615",0.196428571428571,3.59651026243235,4.67528923838066,0.000190311325359265,0.00277854535024527,0.00277854535024527,"Kank2/Parp1/Cnot9/Rbfox2/Carm1/Cyp7b1/Brca1/Kmt2d/Psmc3ip/Lbh/Zfp366",11
"GO:0048546","digestive tract morphogenesis","11/1399","56/25615",0.196428571428571,3.59651026243235,4.67528923838066,0.000190311325359265,0.00277854535024527,0.00277854535024527,"Gli3/Rbpms2/Pitx2/Shox2/Gli2/Vangl2/Sox11/Bcl2/Stx2/Smad3/Npr2",11
"GO:0048634","regulation of muscle organ development","11/1399","56/25615",0.196428571428571,3.59651026243235,4.67528923838066,0.000190311325359265,0.00277854535024527,0.00277854535024527,"Wnt10b/Shox2/Cenpf/Bcl2/Myog/Jph2/Cdon/Smad3/Lef1/Igf2/Usp2",11
"GO:0051489","regulation of filopodium assembly","11/1399","56/25615",0.196428571428571,3.59651026243235,4.67528923838066,0.000190311325359265,0.00277854535024527,0.00277854535024527,"Srf/Actr3/Fscn1/Ppp1r9a/Ccr7/Dpysl3/Abitram/Dbn1/Prkcq/Arap1/Myo10",11
"GO:0002371","dendritic cell cytokine production","6/1399","17/25615",0.352941176470588,6.46217886725812,5.41481616621643,0.000192841688073186,0.00279642213133668,0.00279642213133668,"Rigi/Tlr9/Scimp/Nod2/Plcg2/Clec7a",6
"GO:0002730","regulation of dendritic cell cytokine production","6/1399","17/25615",0.352941176470588,6.46217886725812,5.41481616621643,0.000192841688073186,0.00279642213133668,0.00279642213133668,"Rigi/Tlr9/Scimp/Nod2/Plcg2/Clec7a",6
"GO:0051299","centrosome separation","6/1399","17/25615",0.352941176470588,6.46217886725812,5.41481616621643,0.000192841688073186,0.00279642213133668,0.00279642213133668,"Kif11/Nup62/Nde1/Nek2/Kif15/Chek1",6
"GO:0033631","cell-cell adhesion mediated by integrin","8/1399","31/25615",0.258064516129032,4.72503401046831,4.98796298408855,0.000197955523298116,0.00286411324699796,0.00286411324699796,"Piezo1/Ptk2/Itgax/Itga4/Skap1/Wnk1/Ccl5/Itgal",8
"GO:0048565","digestive tract development","20/1399","150/25615",0.133333333333333,2.44126757207529,4.25514888553017,0.000199239164580662,0.00287620762531724,0.00287620762531724,"Gli3/Rbpms2/Ass1/Tlr9/Pitx2/Nkx3-2/Shox2/Gli2/Megf8/Vangl2/Sox11/Yap1/Bcl2/Hoxa5/Stx2/Cdh1/Smad3/Npr2/Yipf6/Smo",20
"GO:0007026","negative regulation of microtubule depolymerization","9/1399","39/25615",0.230769230769231,4.22527079782262,4.84482988227935,0.000201351067515376,0.00288080012854961,0.00288080012854961,"Stmn2/Nav3/Camsap2/Hdgfl3/Apc/Mid1/Map1a/Camsap1/Clasp1",9
"GO:0032689","negative regulation of type II interferon production","9/1399","39/25615",0.230769230769231,4.22527079782262,4.84482988227935,0.000201351067515376,0.00288080012854961,0.00288080012854961,"Xcl1/Pdcd1lg2/Gimap3/Nod2/Il1rl1/Irgm1/Tnfsf4/Cd276/Laptm5",9
"GO:0033146","regulation of intracellular estrogen receptor signaling pathway","9/1399","39/25615",0.230769230769231,4.22527079782262,4.84482988227935,0.000201351067515376,0.00288080012854961,0.00288080012854961,"Kank2/Parp1/Cnot9/Carm1/Cyp7b1/Brca1/Kmt2d/Lbh/Zfp366",9
"GO:0036297","interstrand cross-link repair","9/1399","39/25615",0.230769230769231,4.22527079782262,4.84482988227935,0.000201351067515376,0.00288080012854961,0.00288080012854961,"Fancb/Fancg/Hrob/Rad51/Rad51ap1/Brip1/Fan1/Fancd2/Nucks1",9
"GO:0051310","metaphase chromosome alignment","16/1399","106/25615",0.150943396226415,2.76369913819844,4.37347928972294,0.000202285001747913,0.00288773078050798,0.00288773078050798,"Nsl1/Rrs1/Nup62/Zw10/Cenpf/Ttk/Pibf1/Spdl1/Nek2/Kif14/Birc5/Apc/Brca2/Racgap1/Nuf2/Cenpv",16
"GO:0045765","regulation of angiogenesis","34/1399","323/25615",0.105263157894737,1.92731650426997,4.031196978526,0.000203316703226005,0.00289175309261979,0.00289175309261979,"Kdr/Adgra2/Ptn/Aplnr/Erap1/Ptgis/Fgf1/Tspan18/Aqp1/Itgax/Rapgef3/Gata2/Ccbe1/Emc10/Sema6a/Adam12/Ccl2/Vash1/Tnn/Hoxa5/Sema4a/Cysltr1/Prkd2/Ecscr/Stat1/Brca1/Zfp354c/Wnk1/Hmga2/Ccl5/Igf2/Vegfc/Sp100/Pml",34
"GO:0031348","negative regulation of defense response","33/1399","310/25615",0.106451612903226,1.94907652931818,4.04087359640139,0.00020346706068869,0.00289175309261979,0.00289175309261979,"Oas1g/Nlrp3/Sh2d1b1/Oas1b/Serping1/Ptgis/Oas1a/Fgl2/Parp1/Oas3/Il2ra/Parp14/Klrb1b/Oas1c/Igtp/Klrd1/Nod2/Ttll12/Irgm1/Serpinb9b/Tap1/Smad3/Serpinb9/Cd276/Ldlr/Adar/Nlrc5/Klre1/Clec2d/Slamf8/Irgm2/Igf2/Trim21",33
"GO:0002286","T cell activation involved in immune response","19/1399","139/25615",0.136690647482014,2.50273833827863,4.26993734336529,0.000205513442773497,0.00291438930767537,0.00291438930767537,"Nlrp3/Il12rb2/Ccr7/Fgl2/Irf1/Plxna1/Loxl3/Bcl3/Tmem98/Sema4a/Kmt2a/Tbx21/H2-DMb1/Cd74/Tnfsf4/Il18/Il6ra/Lef1/Itgal",19
"GO:0045058","T cell selection","12/1399","66/25615",0.181818181818182,3.32900123464812,4.5535602706278,0.000212797661460829,0.00301104003793914,0.00301104003793914,"Gli3/Srf/Itpkb/Ccr7/Card11/Dock2/Loxl3/Bcl2/Tbx21/Cd74/H2-DMa/Il6ra",12
"GO:2001251","negative regulation of chromosome organization","15/1399","96/25615",0.15625,2.86086043602573,4.39049966981037,0.000214582331908296,0.00302940616172909,0.00302940616172909,"Kntc1/Atrx/Parp1/Trip13/Zw10/Ttk/Atm/Spdl1/Birc5/Apc/Nuf2/Pif1/Smg6/Zwilch/Pml",15
"GO:0022411","cellular component disassembly","45/1399","472/25615",0.0953389830508475,1.74560975757502,3.92979947562036,0.000215053688385107,0.00302940616172909,0.00302940616172909,"Ccsap/Plaat1/Dyrk3/Ubqln1/Skic3/Top2a/Fscn1/Lima1/Stmn2/Fyco1/Rnf14/Nes/Kif24/Vangl2/Igtp/Lrrc49/Nav3/Camsap2/Cdc25a/Svil/Jmjd4/Mical2/Irgm1/Hdgfl3/Rhou/Klhdc10/Cul5/Supt16/Ston1/Apc/Smarcd1/Mid1/Map1a/Atad2/Camsap1/Kif18b/Wnk1/Clasp1/Irgm2/Pif1/Stx17/Trim21/Chek1/Sptbn2/Plxnc1",45
"GO:0042113","B cell activation","34/1399","324/25615",0.104938271604938,1.92136799654074,4.01161256812494,0.000215510369849034,0.00302940616172909,0.00302940616172909,"Spib/Itm2a/Tlr9/Card11/Smc2/Atm/Rnf168/Nod2/Samsn1/Bcl2/Bcl3/Sanbr/Exo1/Tnfrsf4/Plcg2/Hspd1/Tbx21/Atad5/Sash3/Cd74/Pou2f2/Tirap/Themis2/Il7/Tnfsf4/Ezh2/Slc39a10/Laptm5/Lef1/Slamf8/Ighm/Icosl/Gapt/Pawr",34
"GO:0070431","nucleotide-binding oligomerization domain containing 2 signaling pathway","7/1399","24/25615",0.291666666666667,5.3402728139147,5.11299510409644,0.000217196006853088,0.00304643482101361,0.00304643482101361,"Slc15a3/Inava/Ptpn22/Igtp/Nod2/Irgm1/Irgm2",7
"GO:0050856","regulation of T cell receptor signaling pathway","12/1399","67/25615",0.17910447761194,3.27931464905636,4.49013692839049,0.000246501764734614,0.00344995062452105,0.00344995062452105,"Pdcd1lg2/Ccr7/Ptpn22/Cbl/Card11/Sh2d1a/Lck/Usp12/Prkd2/Csk/Laptm5/Pawr",12
"GO:0045954","positive regulation of natural killer cell mediated cytotoxicity","9/1399","40/25615",0.225,4.11963902787705,4.74594690462738,0.000247322999526911,0.00345391945426277,0.00345391945426277,"Sh2d1b1/Sh2d1a/Klrc1/Il18rap/Gimap3/Klrd1/Klrk1/Klre1/Klri2",9
"GO:0048762","mesenchymal cell differentiation","29/1399","262/25615",0.110687022900763,2.02662479742892,4.01461657621818,0.000250413056604543,0.00348796470373771,0.00348796470373771,"Foxm1/Ncam1/Ptk2/Efnb1/Epha3/Pitx2/Wnt10a/Hand2/Loxl3/Vangl2/Sema6a/Bcl2/Coro1c/Sema4a/Cul5/Tgfb1i1/Tfap2a/Tbx3/Smad3/Ezh2/Stat1/Slc39a10/Sema3d/Sema4c/Hmga2/Lef1/Amer1/Smo/Pawr",29
"GO:0002478","antigen processing and presentation of exogenous peptide antigen","8/1399","32/25615",0.25,4.57737669764117,4.86698808861425,0.000251389735029664,0.00348796470373771,0.00348796470373771,"H2-Aa/H2-Ab1/H2-DMb1/Cd74/H2-DMa/H2-Eb1/Clec4a1/H2-K1",8
"GO:0060071","Wnt signaling pathway, planar cell polarity pathway","8/1399","32/25615",0.25,4.57737669764117,4.86698808861425,0.000251389735029664,0.00348796470373771,0.00348796470373771,"Ankrd6/Ror2/Mllt3/Nkd1/Wnt7b/Vangl2/Abl2/Med12",8
"GO:0010632","regulation of epithelial cell migration","13/1399","77/25615",0.168831168831169,3.09121543217326,4.41719988584688,0.000254462980905539,0.00352299609770945,0.00352299609770945,"Ptk2/Irs1/Tacr1/Sdc2/Epb41l4b/Aqp1/Coro1c/Plcg2/Ppm1f/Enpp2/Dock1/Clasp1/Itga2",13
"GO:0045666","positive regulation of neuron differentiation","17/1399","119/25615",0.142857142857143,2.61564382722353,4.24599459510713,0.000255876000140749,0.00353494069871864,0.00353494069871864,"Actr3/Bend6/Nkx6-1/Nap1l2/Gata2/Gli2/Sox11/Impact/Dmd/Sh3gl3/Cdon/Cxcl12/Gdpd5/Eif4g1/Ccl5/Ccr5/Cyb5d2",17
"GO:0002347","response to tumor cell","11/1399","58/25615",0.189655172413793,3.47249266717606,4.53096208912384,0.00026330160342319,0.00361420833416789,0.00361420833416789,"Xcl1/Nkg7/Gzmc/Prf1/Abi3/Hspd1/Tnfrsf14/Klrk1/Gzmb/Laptm5/Klre1",11
"GO:0098586","cellular response to virus","11/1399","58/25615",0.189655172413793,3.47249266717606,4.53096208912384,0.00026330160342319,0.00361420833416789,0.00361420833416789,"Nlrp3/Gli2/Igtp/Irgm1/Pou2f2/Smad3/Adar/Ccl5/Irgm2/Wdfy4/Mapk11",11
"GO:0180064","protein O-linked glycosylation via xylose","11/1399","58/25615",0.189655172413793,3.47249266717606,4.53096208912384,0.00026330160342319,0.00361420833416789,0.00361420833416789,"Hs3st1/B4galnt4/Ndst1/Ndst3/Vangl2/Chpf/Hs6st1/Chpf2/Xylt1/Glce/Tm9sf2",11
"GO:0048246","macrophage chemotaxis","10/1399","49/25615",0.204081632653061,3.73663403889075,4.60871368030631,0.000266376518185372,0.00364861994205295,0.00364861994205295,"Ptk2/Ccr7/Mmp28/Ccl2/Cmklr1/Coro1c/Trem1/Ccl5/Slamf8/Gpr35",10
"GO:0010977","negative regulation of neuron projection development","21/1399","165/25615",0.127272727272727,2.33030086425369,4.12044676797684,0.000268722498800206,0.00366512384775483,0.00366512384775483,"Actr3/Ptpn9/Ptk2/Stmn2/Crmp1/Epha3/Dpysl3/Trak2/H2-D1/Cit/Ulk2/Carm1/Runx1t1/Cdh1/Cspg4/Neo1/Il15ra/Xylt1/Ccr5/Diaph2/H2-K1",21
"GO:1902850","microtubule cytoskeleton organization involved in mitosis","21/1399","165/25615",0.127272727272727,2.33030086425369,4.12044676797684,0.000268722498800206,0.00366512384775483,0.00366512384775483,"Ccsap/Kif11/Nup62/Prc1/Smc1a/Nde1/Zw10/Pibf1/Tacc2/Mzt1/Spdl1/Nek2/Kif4/Birc5/Bora/Mybl2/Uhrf1/Kif15/Racgap1/Clasp1/Nuf2",21
"GO:0010563","negative regulation of phosphorus metabolic process","31/1399","289/25615",0.107266435986159,1.96399553808825,3.96129330296374,0.000273190872452213,0.00371031324446726,0.00371031324446726,"Entpd1/Aida/Nup62/Ptgis/Ptpn22/Parp1/Trim63/Parp14/Lrrk1/Birc3/Iqgap1/Pibf1/Samsn1/Dnajc3/Impact/Coro1c/Fbln1/Myog/Slfn1/Csk/Apc/Prkg1/Niban1/Il18/Wnk1/Adar/Plec/Gfra2/Prr5l/Nf2/Abca2",31
"GO:0045936","negative regulation of phosphate metabolic process","31/1399","289/25615",0.107266435986159,1.96399553808825,3.96129330296374,0.000273190872452213,0.00371031324446726,0.00371031324446726,"Entpd1/Aida/Nup62/Ptgis/Ptpn22/Parp1/Trim63/Parp14/Lrrk1/Birc3/Iqgap1/Pibf1/Samsn1/Dnajc3/Impact/Coro1c/Fbln1/Myog/Slfn1/Csk/Apc/Prkg1/Niban1/Il18/Wnk1/Adar/Plec/Gfra2/Prr5l/Nf2/Abca2",31
"GO:0002468","dendritic cell antigen processing and presentation","6/1399","18/25615",0.333333333333333,6.10316893018823,5.20568660785618,0.000275929098395062,0.00371742779679077,0.00371742779679077,"Ccr7/Fgl2/Nod2/Cd74/Clec4a1/Fcgr4",6
"GO:0035743","CD4-positive, alpha-beta T cell cytokine production","6/1399","18/25615",0.333333333333333,6.10316893018823,5.20568660785618,0.000275929098395062,0.00371742779679077,0.00371742779679077,"Arid5a/Xcl1/Nlrp3/Dennd1b/Tbx21/Il18",6
"GO:0007100","mitotic centrosome separation","5/1399","12/25615",0.416666666666667,7.62896116273529,5.52060946140368,0.000276608108167184,0.00371742779679077,0.00371742779679077,"Kif11/Nup62/Nde1/Nek2/Chek1",5
"GO:0033632","regulation of cell-cell adhesion mediated by integrin","5/1399","12/25615",0.416666666666667,7.62896116273529,5.52060946140368,0.000276608108167184,0.00371742779679077,0.00371742779679077,"Piezo1/Ptk2/Skap1/Wnk1/Ccl5",5
"GO:0051231","spindle elongation","5/1399","12/25615",0.416666666666667,7.62896116273529,5.52060946140368,0.000276608108167184,0.00371742779679077,0.00371742779679077,"Kif11/Prc1/Kif4/Birc5/Racgap1",5
"GO:0014910","regulation of smooth muscle cell migration","16/1399","109/25615",0.146788990825688,2.68763402430307,4.24391522255174,0.000280675502479416,0.00376421592469263,0.00376421592469263,"Ptk2/Tacr1/Rapgef3/Ace/Iqgap1/Plxna1/Bcl2/Fat1/S1pr2/Sorl1/Prkg1/Il18/Ccl5/Myh9/Itga2/Smo",16
"GO:0014909","smooth muscle cell migration","17/1399","120/25615",0.141666666666667,2.59384679533,4.20635617809161,0.000283195608617285,0.00378222160032731,0.00378222160032731,"Grb10/Ptk2/Tacr1/Rapgef3/Ace/Iqgap1/Plxna1/Bcl2/Fat1/S1pr2/Sorl1/Prkg1/Il18/Ccl5/Myh9/Itga2/Smo",17
"GO:0061640","cytoskeleton-dependent cytokinesis","17/1399","120/25615",0.141666666666667,2.59384679533,4.20635617809161,0.000283195608617285,0.00378222160032731,0.00378222160032731,"Actr3/Myh10/Nup62/Iqgap3/Iqgap1/Anln/Cit/Kif4/Snx33/Septin2/Birc5/Stx2/Apc/Racgap1/Wnk1/Plec/Cenpv",17
"GO:0051304","chromosome separation","14/1399","88/25615",0.159090909090909,2.91287608031711,4.32040678339156,0.000284395294080449,0.0037903638364581,0.0037903638364581,"Espl1/Top2a/Kntc1/Trip13/Zw10/Smc2/Ttk/Atm/Spdl1/Birc5/Apc/Ncapd2/Nuf2/Zwilch",14
"GO:0032874","positive regulation of stress-activated MAPK cascade","7/1399","25/25615",0.28,5.12666190135811,4.96169547349457,0.000287512100646552,0.0038082015145432,0.0038082015145432,"Inava/Scimp/Nod2/Klhdc10/Mid1/Sema4c/Clec7a",7
"GO:0070304","positive regulation of stress-activated protein kinase signaling cascade","7/1399","25/25615",0.28,5.12666190135811,4.96169547349457,0.000287512100646552,0.0038082015145432,0.0038082015145432,"Inava/Scimp/Nod2/Klhdc10/Mid1/Sema4c/Clec7a",7
"GO:2000345","regulation of hepatocyte proliferation","7/1399","25/25615",0.28,5.12666190135811,4.96169547349457,0.000287512100646552,0.0038082015145432,0.0038082015145432,"Cflar/Ptn/Fgf1/Sulf2/Gli1/Il18/Smo",7
"GO:0014902","myotube differentiation","23/1399","190/25615",0.121052631578947,2.21641397991046,4.04505171443301,0.000295848067552486,0.0039105514114345,0.0039105514114345,"Cflar/Piezo1/Ryr1/Wnt10b/Ntn3/Fbxo22/Trim63/Rpl30/Pitx2/Shox2/Fktn/Dock2/Bcl2/Cntnap1/Myog/Dmd/Cdon/Cxcl12/Neo1/Plec/Dock1/Myh9/Smo",23
"GO:0043244","regulation of protein-containing complex disassembly","19/1399","143/25615",0.132867132867133,2.43273167147363,4.1295023056321,0.000297656353375828,0.00392637456691236,0.00392637456691236,"Lima1/Stmn2/Fyco1/Nes/Igtp/Nav3/Camsap2/Svil/Jmjd4/Irgm1/Hdgfl3/Apc/Mid1/Map1a/Camsap1/Wnk1/Clasp1/Irgm2/Sptbn2",19
"GO:0070302","regulation of stress-activated protein kinase signaling cascade","9/1399","41/25615",0.219512195121951,4.01916002719713,4.6502369935319,0.000301664699218942,0.00396297347194782,0.00396297347194782,"Foxm1/Map3k20/Inava/Scimp/Nod2/Klhdc10/Mid1/Sema4c/Clec7a",9
"GO:0150117","positive regulation of cell-substrate junction organization","9/1399","41/25615",0.219512195121951,4.01916002719713,4.6502369935319,0.000301664699218942,0.00396297347194782,0.00396297347194782,"Kdr/Col16a1/Iqgap1/Rhou/Cul5/Ppm1f/Enpp2/Smad3/Myh9",9
"GO:0031098","stress-activated protein kinase signaling cascade","11/1399","59/25615",0.186440677966102,3.41363685925782,4.46116053265309,0.000307858495720317,0.00401968084655959,0.00401968084655959,"Foxm1/Map3k20/Inava/Scimp/Nod2/Klhdc10/Map3k5/Mid1/Sema4c/Clec7a/Mapk11",11
"GO:0141085","regulation of inflammasome-mediated signaling pathway","11/1399","59/25615",0.186440677966102,3.41363685925782,4.46116053265309,0.000307858495720317,0.00401968084655959,0.00401968084655959,"Nlrp3/Gbp2/P2rx7/Trim30a/Tlr9/Ptpn22/Adcy7/Igtp/Plcg2/Irgm1/Irgm2",11
"GO:2001222","regulation of neuron migration","11/1399","59/25615",0.186440677966102,3.41363685925782,4.46116053265309,0.000307858495720317,0.00401968084655959,0.00401968084655959,"Nkx6-1/Zfp609/Sema6a/Kif26a/Tnn/Gpr173/Cul5/Gpr161/Cdh1/Phactr1/Arhgap32",11
"GO:0010976","positive regulation of neuron projection development","27/1399","240/25615",0.1125,2.05981951393853,3.96488744374943,0.000310456584493234,0.00404538153911671,0.00404538153911671,"Cflar/Actr3/Ptn/Ppp1r9a/Creb3l2/Stmn2/Cnr1/Epha3/Dpysl3/Enc1/Zdhhc15/Iqgap1/Scarb2/Stk24/Bhlhb9/Dbn1/Tnn/Dmd/Fut9/Abl2/Atp1b2/Xlr3b/Htr7/Arhgap35/Ezh2/Tenm3/Gprc5b",27
"GO:0090130","tissue migration","16/1399","110/25615",0.145454545454545,2.6632009877185,4.20169736898207,0.00031207238890782,0.00405820450676889,0.00405820450676889,"Kank2/Ptk2/Irs1/Tacr1/Sdc2/Epb41l4b/Aqp1/Anln/Coro1c/Plcg2/Ppm1f/Enpp2/Dock1/Clasp1/Itga2/Tesk1",16
"GO:0002825","regulation of T-helper 1 type immune response","8/1399","33/25615",0.242424242424242,4.43866831286417,4.75090520664656,0.000316066707091906,0.00406082505271681,0.00406082505271681,"Arid5a/Xcl1/Ccr7/Irf1/Il1rl1/Tbx21/Tnfsf4/Il18",8
"GO:0015012","heparan sulfate proteoglycan biosynthetic process","8/1399","33/25615",0.242424242424242,4.43866831286417,4.75090520664656,0.000316066707091906,0.00406082505271681,0.00406082505271681,"Hs3st1/Ndst1/Ndst3/Vangl2/Hs6st1/Xylt1/Glce/Tm9sf2",8
"GO:0032607","interferon-alpha production","8/1399","33/25615",0.242424242424242,4.43866831286417,4.75090520664656,0.000316066707091906,0.00406082505271681,0.00406082505271681,"Rigi/Tlr9/Traf3ip3/Ptpn22/Tlr8/Hspd1/Stat1/Dhx9",8
"GO:0032647","regulation of interferon-alpha production","8/1399","33/25615",0.242424242424242,4.43866831286417,4.75090520664656,0.000316066707091906,0.00406082505271681,0.00406082505271681,"Rigi/Tlr9/Traf3ip3/Ptpn22/Tlr8/Hspd1/Stat1/Dhx9",8
"GO:0045063","T-helper 1 cell differentiation","8/1399","33/25615",0.242424242424242,4.43866831286417,4.75090520664656,0.000316066707091906,0.00406082505271681,0.00406082505271681,"Il12rb2/Ccr7/Irf1/Tmem98/Sema4a/Tbx21/Tnfsf4/Lef1",8
"GO:0072574","hepatocyte proliferation","8/1399","33/25615",0.242424242424242,4.43866831286417,4.75090520664656,0.000316066707091906,0.00406082505271681,0.00406082505271681,"Cflar/Ptn/Fgf1/Sulf2/Gli1/Mki67/Il18/Smo",8
"GO:0000725","recombinational repair","23/1399","191/25615",0.120418848167539,2.20480971823554,4.01707149732489,0.000319319938784921,0.00408860260373619,0.00408860260373619,"Fancb/Rad54b/Mre11a/Hrob/Rad51/Recql/Rad51ap1/Cdc45/Rpa1/Parp1/Hus1/Mcm2/Parpbp/Atm/Tonsl/Cgas/Nabp1/Fan1/Brca2/Brca1/Nucks1/Chek1/Mcm6",23
"GO:0030879","mammary gland development","22/1399","179/25615",0.122905027932961,2.25033044353309,4.03481167555097,0.000320164742779853,0.00408860260373619,0.00408860260373619,"Gli3/Irs1/Hoxb9/Uprt/Iqgap3/Tfap2c/Sostdc1/Gli2/Ccl2/Robo1/Hoxa5/Hoxa9/Brca2/Arhgap35/Tbx3/Oas2/Lef1/Itga2/Ccnd1/Pml/Smo/Lbh",22
"GO:0051494","negative regulation of cytoskeleton organization","22/1399","179/25615",0.122905027932961,2.25033044353309,4.03481167555097,0.000320164742779853,0.00408860260373619,0.00408860260373619,"Kank2/Ppp1r9a/Lima1/Stmn2/Dnai3/Arhgap28/Shank3/Dbn1/Nav3/Camsap2/Svil/Hdgfl3/Apc/Mid1/Map1a/Arap1/Phldb2/Camsap1/Ssh2/Clasp1/Sptbn2/Hip1r",22
"GO:0042093","T-helper cell differentiation","14/1399","89/25615",0.157303370786517,2.88014713559445,4.2706286979798,0.000320774550479925,0.00408860260373619,0.00408860260373619,"Nlrp3/Il12rb2/Ccr7/Irf1/Loxl3/Bcl3/Tmem98/Sema4a/Kmt2a/Tbx21/Tnfsf4/Il18/Il6ra/Lef1",14
"GO:0048588","developmental cell growth","31/1399","292/25615",0.106164383561644,1.94381750173803,3.8986857486891,0.000327246976364735,0.0041516763083346,0.0041516763083346,"Srf/Agtr2/Shbg/Pi16/Actr3/Rnf157/Akap13/Nkx6-1/Iqgap1/Plxna1/Dbn1/Megf8/Cit/Robo1/Impact/Tnn/Ulk2/Itga4/Flrt3/Adra1b/Cxcl12/Cdh1/Prkg1/Npr2/Raph1/Kmt2d/Ccr5/Arhgap32/Vcl/Ndn/Smo",31
"GO:0061371","determination of heart left/right asymmetry","12/1399","69/25615",0.173913043478261,3.18426205053299,4.36680890933303,0.00032766187551769,0.0041516763083346,0.0041516763083346,"Srf/Aplnr/Asb2/Hand2/Sufu/Megf8/Vangl2/C2cd3/Mical2/Tbx3/Smad3/Smo",12
"GO:0097106","postsynaptic density organization","12/1399","69/25615",0.173913043478261,3.18426205053299,4.36680890933303,0.00032766187551769,0.0041516763083346,0.0041516763083346,"Rapsn/Shank3/Psd/Prickle2/Dbn1/Cit/Shank2/Cntnap1/Abi3/Dlg3/Dlgap1/Dlg4",12
"GO:0030198","extracellular matrix organization","35/1399","345/25615",0.101449275362319,1.85748619614424,3.85416603561058,0.000333778568555095,0.00422085339448412,0.00422085339448412,"Col23a1/Cflar/Col7a1/Fscn1/Angptl7/Aplp2/Gpm6b/Ptk2/Col16a1/Antxr1/Mmp28/Phldb1/P3h4/Adamts8/Fktn/Qsox1/Ntn4/Adamts14/Loxl3/Bcl3/Sulf2/Tgfbi/Col6a4/Fbln1/Tnfrsf11b/Adamts4/Abl2/Matn4/Tfap2a/Thsd4/Crispld2/Smad3/Phldb2/Clasp1/Ecm2",35
"GO:0007052","mitotic spindle organization","18/1399","133/25615",0.135338345864662,2.47797836263282,4.10746145613518,0.000337996666928105,0.00425699022281763,0.00425699022281763,"Ccsap/Kif11/Nup62/Prc1/Smc1a/Pibf1/Tacc2/Mzt1/Nek2/Kif4/Birc5/Bora/Mybl2/Uhrf1/Kif15/Racgap1/Clasp1/Nuf2",18
"GO:0035023","regulation of Rho protein signal transduction","15/1399","100/25615",0.15,2.7464260185847,4.20580141205965,0.000338891991425169,0.00425699022281763,0.00425699022281763,"Kank2/Ccr7/Akap13/Arhgdib/Dock9/Arhgap42/Robo1/Arhgef5/Adra1b/Abl2/Arhgap35/Arhgap30/Eps8l2/Dock6/Kctd10",15
"GO:0097191","extrinsic apoptotic signaling pathway","28/1399","254/25615",0.110236220472441,2.01837082730634,3.92045051990372,0.000339181979897696,0.00425699022281763,0.00425699022281763,"Agtr2/Cflar/Raf1/Fadd/P2rx7/Acvr1b/Map2k5/Bcl2a1d/Krt8/Madd/Pidd1/Zmynd11/Yap1/Siglec1/Bcl2/Casp8/Tnfrsf4/Inhba/Smad3/Il7/Tnfsf4/Brca1/Il18/Ppp2r1b/Sp100/Pml/Fem1b/Zdhhc3",28
"GO:0045807","positive regulation of endocytosis","24/1399","204/25615",0.117647058823529,2.15405962241938,3.9776705319315,0.000339286891980484,0.00425699022281763,0.00425699022281763,"Ptk2/Aplnr/Ccr7/Cbl/Alms1/Dock2/Gata2/Ccl2/Nod2/Il2rb/Plcg2/Ano6/Myo18a/Il15ra/Arap1/Sirpb1a/Dgkd/Clec7a/Pros1/Myh9/Itga2/Ighm/Hip1r/Masp1",24
"GO:0090257","regulation of muscle system process","30/1399","280/25615",0.107142857142857,1.96173287041765,3.88928149241108,0.000346672906826583,0.0043411827552709,0.0043411827552709,"Srf/Pi16/Cacna1c/Fxyd1/Ryr1/Ptk2/Tacr1/Parp1/Trim63/Lck/Hand2/Dbn1/Tnni3/Arhgap42/Myog/Dmd/Cald1/Ttn/Zdhhc21/Adra1b/Rem1/Htr7/Prkg1/Smad3/Ehd3/Cmya5/Itga2/Tead1/Anxa6/Pawr",30
"GO:0045229","external encapsulating structure organization","35/1399","346/25615",0.101156069364162,1.85211773892995,3.83565894306433,0.000352309974874227,0.00440318925796115,0.00440318925796115,"Col23a1/Cflar/Col7a1/Fscn1/Angptl7/Aplp2/Gpm6b/Ptk2/Col16a1/Antxr1/Mmp28/Phldb1/P3h4/Adamts8/Fktn/Qsox1/Ntn4/Adamts14/Loxl3/Bcl3/Sulf2/Tgfbi/Col6a4/Fbln1/Tnfrsf11b/Adamts4/Abl2/Matn4/Tfap2a/Thsd4/Crispld2/Smad3/Phldb2/Clasp1/Ecm2",35
"GO:0002698","negative regulation of immune effector process","19/1399","145/25615",0.131034482758621,2.3991767518671,4.06105120049659,0.000355945756860725,0.0044228153618439,0.0044228153618439,"Sh2d1b1/Serping1/Fgl2/Irf1/Cd55/Klrb1b/Loxl3/Klrd1/Nod2/Serpinb9b/Tbx21/Tap1/Tnfsf4/Serpinb9/Klre1/Clec2d/Slamf8/Igf2/Masp1",19
"GO:0009799","specification of symmetry","19/1399","145/25615",0.131034482758621,2.3991767518671,4.06105120049659,0.000355945756860725,0.0044228153618439,0.0044228153618439,"Srf/Aida/Aplnr/Asb2/Sostdc1/Pitx2/Nkx3-2/Hand2/Sufu/Megf8/Vangl2/C2cd3/Dync2h1/Mical2/Grem2/Pkd1l1/Tbx3/Smad3/Smo",19
"GO:0009855","determination of bilateral symmetry","19/1399","145/25615",0.131034482758621,2.3991767518671,4.06105120049659,0.000355945756860725,0.0044228153618439,0.0044228153618439,"Srf/Aida/Aplnr/Asb2/Sostdc1/Pitx2/Nkx3-2/Hand2/Sufu/Megf8/Vangl2/C2cd3/Dync2h1/Mical2/Grem2/Pkd1l1/Tbx3/Smad3/Smo",19
"GO:0002418","immune response to tumor cell","9/1399","42/25615",0.214285714285714,3.92346574083529,4.55751567039702,0.000365510539667026,0.0045143872739541,0.0045143872739541,"Xcl1/Nkg7/Gzmc/Prf1/Hspd1/Tnfrsf14/Klrk1/Gzmb/Klre1",9
"GO:0044786","cell cycle DNA replication","9/1399","42/25615",0.214285714285714,3.92346574083529,4.55751567039702,0.000365510539667026,0.0045143872739541,0.0045143872739541,"Rad51/Cdc45/Atrx/Mcm2/E2f8/Atad5/Brca2/Mcm6/Pola1",9
"GO:0048741","skeletal muscle fiber development","9/1399","42/25615",0.214285714285714,3.92346574083529,4.55751567039702,0.000365510539667026,0.0045143872739541,0.0045143872739541,"Ryr1/Wnt10b/Fbxo22/Shox2/Bcl2/Cntnap1/Myog/Plec/Smo",9
"GO:0009612","response to mechanical stimulus","29/1399","268/25615",0.108208955223881,1.98125260047155,3.88133645345197,0.00036612636515101,0.0045143872739541,0.0045143872739541,"Ptn/Map3k14/Piezo1/Raf1/Piezo2/Fadd/P2rx7/Tacr1/Tlr8/Shank3/Irf1/Aqp1/Lck/Ccl2/Cnn2/Dmd/Ttn/Abl2/Cxcl12/Slitrk6/Htr7/Pkd1l1/Cacnb3/Il18/Plec/Pcdh15/Itga2/Chek1/Pawr",29
"GO:0021549","cerebellum development","18/1399","134/25615",0.134328358208955,2.45948598679227,4.07136886000818,0.000370875543425562,0.00455451050890036,0.00455451050890036,"Agtr2/Nr2c2/Myh10/En1/Fktn/Atic/Gli2/Herc1/Gli1/Cacna1a/Kif14/Abl2/Gpr161/Arcn1/Ezh2/Sema4c/Sptbn2/Smo",18
"GO:0043062","extracellular structure organization","35/1399","347/25615",0.100864553314121,1.84678022383217,3.81721275093231,0.000371751510964909,0.00455451050890036,0.00455451050890036,"Col23a1/Cflar/Col7a1/Fscn1/Angptl7/Aplp2/Gpm6b/Ptk2/Col16a1/Antxr1/Mmp28/Phldb1/P3h4/Adamts8/Fktn/Qsox1/Ntn4/Adamts14/Loxl3/Bcl3/Sulf2/Tgfbi/Col6a4/Fbln1/Tnfrsf11b/Adamts4/Abl2/Matn4/Tfap2a/Thsd4/Crispld2/Smad3/Phldb2/Clasp1/Ecm2",35
"GO:0006925","inflammatory cell apoptotic process","7/1399","26/25615",0.269230769230769,4.92948259745972,4.81827676400505,0.000375000471803781,0.00455451050890036,0.00455451050890036,"Itpkb/Plekho2/St6gal1/Nod2/Il18/Ccl5/Ccr5",7
"GO:0032703","negative regulation of interleukin-2 production","7/1399","26/25615",0.269230769230769,4.92948259745972,4.81827676400505,0.000375000471803781,0.00455451050890036,0.00455451050890036,"Xcl1/Gpr174/Nav3/Nod2/Tbx21/Cd276/Laptm5",7
"GO:1901623","regulation of lymphocyte chemotaxis","7/1399","26/25615",0.269230769230769,4.92948259745972,4.81827676400505,0.000375000471803781,0.00455451050890036,0.00455451050890036,"Xcl1/Ccr7/Ccl2/Klrk1/Wnk1/Ccl5/Ccl7",7
"GO:0007094","mitotic spindle assembly checkpoint signaling","10/1399","51/25615",0.196078431372549,3.59009937069896,4.45024033681475,0.000375052313077256,0.00455451050890036,0.00455451050890036,"Kntc1/Trip13/Zw10/Ttk/Atm/Spdl1/Birc5/Apc/Nuf2/Zwilch",10
"GO:0071173","spindle assembly checkpoint signaling","10/1399","51/25615",0.196078431372549,3.59009937069896,4.45024033681475,0.000375052313077256,0.00455451050890036,0.00455451050890036,"Kntc1/Trip13/Zw10/Ttk/Atm/Spdl1/Birc5/Apc/Nuf2/Zwilch",10
"GO:0071174","mitotic spindle checkpoint signaling","10/1399","51/25615",0.196078431372549,3.59009937069896,4.45024033681475,0.000375052313077256,0.00455451050890036,0.00455451050890036,"Kntc1/Trip13/Zw10/Ttk/Atm/Spdl1/Birc5/Apc/Nuf2/Zwilch",10
"GO:0060337","type I interferon-mediated signaling pathway","15/1399","101/25615",0.148514851485149,2.71923368176703,4.16104754400312,0.000378231999093007,0.00456201676218506,0.00456201676218506,"Oas1g/Fadd/Oas1b/Oas1a/Oas3/Oas1c/Trim56/Oasl1/Ttll12/Stat1/Sting1/Oas2/Oasl2/Adar/Nlrc5",15
"GO:0071357","cellular response to type I interferon","15/1399","101/25615",0.148514851485149,2.71923368176703,4.16104754400312,0.000378231999093007,0.00456201676218506,0.00456201676218506,"Oas1g/Fadd/Oas1b/Oas1a/Oas3/Oas1c/Trim56/Oasl1/Ttll12/Stat1/Sting1/Oas2/Oasl2/Adar/Nlrc5",15
"GO:0001649","osteoblast differentiation","27/1399","243/25615",0.111111111111111,2.03438964339608,3.89409287129008,0.000378511042067969,0.00456201676218506,0.00456201676218506,"Gli3/Fhl2/Ptk2/Wnt10b/Dnai3/Shox2/Fbn2/Dlk1/Wnt7b/Hand2/Gli2/Sox11/Smad5/Yap1/Scube3/Gli1/Tnn/Satb2/Apc/Smad3/Cd276/Adar/Lef1/Igf2/Vegfc/Smo/Mapk11",27
"GO:0097529","myeloid leukocyte migration","27/1399","243/25615",0.111111111111111,2.03438964339608,3.89409287129008,0.000378511042067969,0.00456201676218506,0.00456201676218506,"Xcl1/Ptk2/Ror2/Ccr7/Mmp28/Sirpb1b/Sirpb1c/Ccl2/Nod2/Sell/Cmklr1/Coro1c/Arhgef5/Ano6/Trem1/Cxcl12/Cd74/Tirap/Il17rc/Vegfd/Sirpb1a/Ccl5/Slamf8/Vegfc/Gpr35/Ccl7/Pawr",27
"GO:0002377","immunoglobulin production","17/1399","123/25615",0.138211382113821,2.53058223934634,4.08981464947301,0.000380875884179506,0.00458192262166507,0.00458192262166507,"Xcl1/Tlr9/Smc2/Rev1/Rnf168/Sanbr/Exo1/Tnfrsf4/Hspd1/Cgas/Tbx21/Atad5/Sash3/Tnfsf4/Ezh2/Ighm/Icosl",17
"GO:0045064","T-helper 2 cell differentiation","6/1399","19/25615",0.315789473684211,5.7819495128099,5.01178107871127,0.000384712454106075,0.00461080747234595,0.00461080747234595,"Nlrp3/Irf1/Bcl3/Kmt2a/Tnfsf4/Il18",6
"GO:2000369","regulation of clathrin-dependent endocytosis","6/1399","19/25615",0.315789473684211,5.7819495128099,5.01178107871127,0.000384712454106075,0.00461080747234595,0.00461080747234595,"Tnk2/Aak1/Ubqln2/Sh3gl3/Dgkd/Hip1r",6
"GO:0010758","regulation of macrophage chemotaxis","8/1399","34/25615",0.235294117647059,4.30811924483875,4.63936146980219,0.000393693134369804,0.00470017538971886,0.00470017538971886,"Ptk2/Ccr7/Mmp28/Ccl2/Cmklr1/Trem1/Ccl5/Slamf8",8
"GO:0051894","positive regulation of focal adhesion assembly","8/1399","34/25615",0.235294117647059,4.30811924483875,4.63936146980219,0.000393693134369804,0.00470017538971886,0.00470017538971886,"Kdr/Col16a1/Iqgap1/Cul5/Ppm1f/Enpp2/Smad3/Myh9",8
"GO:0031334","positive regulation of protein-containing complex assembly","26/1399","231/25615",0.112554112554113,2.06081028811551,3.89278160426447,0.000394364030986685,0.00470017538971886,0.00470017538971886,"Nlrp3/Actr3/Piezo1/Gbp2/Fscn1/P2rx7/Wnt10b/Tlr9/Ptpn22/Adcy7/Msn/Atm/Asap1/Nav3/Cdc42ep5/Abca3/Plcg2/Arhgef5/Tirap/Apc/Mpp7/Skap1/Clec7a/Eif4g1/Tppp3/Hip1r",26
"GO:0002200","somatic diversification of immune receptors","14/1399","91/25615",0.153846153846154,2.81684719854841,4.17312206014578,0.000405602575822633,0.00482516842052702,0.00482516842052702,"Smc2/Rev1/Atm/Rnf168/Sanbr/Exo1/Hspd1/Tbx21/Atad5/Tnfsf4/Ezh2/Adar/Lef1/Icosl",14
"GO:0044546","NLRP3 inflammasome complex assembly","11/1399","61/25615",0.180327868852459,3.30171433928216,4.32596749087695,0.000416171478554167,0.00493263021814016,0.00493263021814016,"Nlrp3/P2rx7/Trim30a/Tlr9/Ptpn22/Adcy7/Gsdmd/Igtp/Plcg2/Irgm1/Irgm2",11
"GO:0071622","regulation of granulocyte chemotaxis","11/1399","61/25615",0.180327868852459,3.30171433928216,4.32596749087695,0.000416171478554167,0.00493263021814016,0.00493263021814016,"Xcl1/Ptk2/Ccr7/Ccl2/Nod2/Sell/Cmklr1/Trem1/Cd74/Tirap/Ccl5",11
"GO:0045637","regulation of myeloid cell differentiation","26/1399","232/25615",0.112068965517241,2.05192748514949,3.86860755924947,0.000421569621116222,0.00498740929291089,0.00498740929291089,"Hoxa7/Itpkb/Fadd/Ror2/Acvr1b/Rab7b/Klf13/Dlk1/Gata2/Rbp1/Rbfox2/Casp8/Coro1c/Hoxa5/Hoxa9/Inhba/Tnfrsf11b/Prdm16/Gpr171/Cd74/Apc/Stat1/Ccl5/Lef1/Clec2d/Senp1",26
"GO:0046637","regulation of alpha-beta T cell differentiation","13/1399","81/25615",0.160493827160494,2.93856281823878,4.20009696663206,0.000424708546326438,0.0050153082750019,0.0050153082750019,"Gli3/Nlrp3/Itpkb/Ccr7/Irf1/Loxl3/Gimap3/Tbx21/Sash3/Klhl25/Tnfsf4/Il18/Cd83",13
"GO:0043406","positive regulation of MAP kinase activity","12/1399","71/25615",0.169014084507042,3.09456452798276,4.24790525616371,0.000430379628349526,0.00507295180278414,0.00507295180278414,"P2rx7/Ror2/Fzd5/Akap13/Fgf1/Iqgap1/Vangl2/Arhgef5/Tirap/Csk/Map3k5/Ezh2",12
"GO:1900180","regulation of protein localization to nucleus","22/1399","183/25615",0.120218579234973,2.20114289285477,3.91946074524654,0.000436288069069335,0.00513317684194397,0.00513317684194397,"Gli3/Agtr2/Nutf2/Nup62/Ptpn22/Parp1/Igtp/Yap1/Tmem98/Irgm1/Cdh1/Polr1a/Parp9/Prkcq/Brca1/Dtx3l/Ipo5/Irgm2/Tesk1/Smo/Card10/Nf2",22
"GO:0002717","positive regulation of natural killer cell mediated immunity","9/1399","43/25615",0.209302325581395,3.83222235151354,4.46761336661387,0.000440092102369132,0.00515903588616661,0.00515903588616661,"Sh2d1b1/Sh2d1a/Klrc1/Il18rap/Gimap3/Klrd1/Klrk1/Klre1/Klri2",9
"GO:0031342","negative regulation of cell killing","9/1399","43/25615",0.209302325581395,3.83222235151354,4.46761336661387,0.000440092102369132,0.00515903588616661,0.00515903588616661,"Sh2d1b1/Klrb1b/Klrd1/Serpinb9b/Tap1/Serpinb9/Klre1/Clec2d/Igf2",9
"GO:0031577","spindle checkpoint signaling","10/1399","52/25615",0.192307692307692,3.52105899818552,4.3739632208797,0.000441889938500107,0.00517067571024534,0.00517067571024534,"Kntc1/Trip13/Zw10/Ttk/Atm/Spdl1/Birc5/Apc/Nuf2/Zwilch",10
"GO:0009101","glycoprotein biosynthetic process","32/1399","311/25615",0.102893890675241,1.88393639002595,3.76966688317003,0.000459833371231242,0.00537085377598091,0.00537085377598091,"Mgat5/Hs3st1/Itm2a/B4galnt4/Ndst1/Crppa/Ndst3/Fktn/Trak2/St6gal1/Mgat3/Vangl2/Chpf/Hs6st1/Bcl2/Chpf2/Mgat4a/Fut9/Eogt/Fam20b/Gdpd5/Galnt17/Xylt1/Pomgnt2/Tmtc4/Glce/B3galnt2/Uggt2/Tmtc2/Tm9sf2/Pawr/Abca2",32
"GO:0022037","metencephalon development","19/1399","148/25615",0.128378378378378,2.3505447906806,3.96047532192641,0.000461934063501918,0.00537584134771073,0.00537584134771073,"Agtr2/Nr2c2/Myh10/En1/Fktn/Atic/Gli2/Herc1/Bcl2/Gli1/Cacna1a/Kif14/Abl2/Gpr161/Arcn1/Ezh2/Sema4c/Sptbn2/Smo",19
"GO:0042476","odontogenesis","19/1399","148/25615",0.128378378378378,2.3505447906806,3.96047532192641,0.000461934063501918,0.00537584134771073,0.00537584134771073,"Gli3/Wnt6/Zfp422/Eda/Sostdc1/Pitx2/Aqp1/Wnt10a/Wnt7b/Hand2/Gli2/Inhba/Tnfrsf11b/Tfap2a/Apc/Lef1/Lhx8/Smo/Nf2",19
"GO:0022404","molting cycle process","16/1399","114/25615",0.140350877192982,2.56975533902662,4.03740340313349,0.000469891215509123,0.00544870247009135,0.00544870247009135,"Wnt10b/Acvr1b/Eda/Tfap2c/Sostdc1/Wnt10a/Lrig1/Gli2/Vangl2/Bcl2/Farp2/Pkp3/Inhba/Zdhhc21/Apc/Smo",16
"GO:0022405","hair cycle process","16/1399","114/25615",0.140350877192982,2.56975533902662,4.03740340313349,0.000469891215509123,0.00544870247009135,0.00544870247009135,"Wnt10b/Acvr1b/Eda/Tfap2c/Sostdc1/Wnt10a/Lrig1/Gli2/Vangl2/Bcl2/Farp2/Pkp3/Inhba/Zdhhc21/Apc/Smo",16
"GO:0061138","morphogenesis of a branching epithelium","26/1399","234/25615",0.111111111111111,2.03438964339608,3.8206221012772,0.000480972473801555,0.00556088664382104,0.00556088664382104,"Gli3/Srf/Agtr2/Kdr/Wnt6/Fzd5/Fgf1/Tfap2c/Pitx2/Ntn4/Plxna1/Gli2/Vangl2/Mycn/Yap1/Bcl2/Hoxa5/Cxcl12/Cdh1/Tbx3/Hmga2/Lef1/Hoxb7/Pml/Smo/Fem1b",26
"GO:0035567","non-canonical Wnt signaling pathway","11/1399","62/25615",0.17741935483871,3.24846088219696,4.26046095361717,0.000481297162821373,0.00556088664382104,0.00556088664382104,"Ankrd6/Ror2/Mllt3/Fzd5/Nkd1/Wnt7b/Vangl2/Fzd2/Abl2/Rnf213/Med12",11
"GO:0071800","podosome assembly","7/1399","27/25615",0.259259259259259,4.74690916792418,4.68201964974546,0.000482548361598572,0.00556533334813147,0.00556533334813147,"Fscn1/Bin2/Asb2/Msn/Asap1/Farp2/Arhgef5",7
"GO:0035051","cardiocyte differentiation","24/1399","209/25615",0.114832535885167,2.10252709556724,3.84672042524341,0.000484444235521565,0.0055766004221842,0.00557660042218421,"Srf/Fhl2/Agtr2/Pi16/Myh10/Abcg2/Asb2/Acvr1b/Akap13/Pitx2/AW551984/Shox2/Hand2/Vangl2/Ccnd2/Inhba/Ttn/Adra1b/Prkg1/Tbx3/Plec/Alpk3/Tenm4/Speg",24
"GO:0035455","response to interferon-alpha","8/1399","35/25615",0.228571428571429,4.18503012355764,4.53203914265779,0.000486129551124401,0.0055766004221842,0.00557660042218421,"Oas1g/Traf3ip3/Oas1b/Oas1a/Ifit1bl1/Tgtp1/Oas1c/Adar",8
"GO:0140896","cGAS/STING signaling pathway","8/1399","35/25615",0.228571428571429,4.18503012355764,4.53203914265779,0.000486129551124401,0.0055766004221842,0.00557660042218421,"Parp1/Trim56/Igtp/Irgm1/Cgas/Cul5/Sting1/Irgm2",8
"GO:0021695","cerebellar cortex development","12/1399","72/25615",0.166666666666667,3.05158446509411,4.19001959757432,0.000491159259886141,0.00560427546271504,0.00560427546271504,"Agtr2/Myh10/Fktn/Gli2/Herc1/Gli1/Cacna1a/Kif14/Arcn1/Ezh2/Sptbn2/Smo",12
"GO:0030166","proteoglycan biosynthetic process","12/1399","72/25615",0.166666666666667,3.05158446509411,4.19001959757432,0.000491159259886141,0.00560427546271504,0.00560427546271504,"Hs3st1/B4galnt4/Ndst1/Ndst3/Vangl2/Chpf/Hs6st1/Chpf2/Fam20b/Xylt1/Glce/Tm9sf2",12
"GO:0045806","negative regulation of endocytosis","12/1399","72/25615",0.166666666666667,3.05158446509411,4.19001959757432,0.000491159259886141,0.00560427546271504,0.00560427546271504,"Epha3/Sirpb1b/Sirpb1c/Ubqln2/Cnn2/Sh3gl3/Snx33/Csk/Dlg4/Sirpb1a/Mctp1/Abca2",12
"GO:0046822","regulation of nucleocytoplasmic transport","19/1399","149/25615",0.12751677852349,2.33476932228677,3.92749227210435,0.000502870493479323,0.0057277305853035,0.0057277305853035,"Gli3/Agtr2/Nutf2/Nup62/Ptpn22/Rapgef3/Peg12/Bard1/Uhmk1/Ptpn14/Cdh1/Prkcq/Brca1/Ipo5/Wnk1/Nup153/Sp100/Smo/Dhx9",19
"GO:0002752","cell surface pattern recognition receptor signaling pathway","14/1399","93/25615",0.150537634408602,2.75626983943985,4.07823005775161,0.000508865480151601,0.00578575547698033,0.00578575547698033,"Oas1g/Oas1b/Ptpn22/Rab7b/Oas1a/Scimp/Oas1c/Traf3/Letmd1/Nod2/Tril/Tirap/Clec7a/Masp1",14
"GO:0033046","negative regulation of sister chromatid segregation","10/1399","53/25615",0.188679245283019,3.45462392274805,4.29953845816053,0.000518324996221202,0.00584161364162281,0.00584161364162281,"Kntc1/Trip13/Zw10/Ttk/Atm/Spdl1/Birc5/Apc/Nuf2/Zwilch",10
"GO:0033048","negative regulation of mitotic sister chromatid segregation","10/1399","53/25615",0.188679245283019,3.45462392274805,4.29953845816053,0.000518324996221202,0.00584161364162281,0.00584161364162281,"Kntc1/Trip13/Zw10/Ttk/Atm/Spdl1/Birc5/Apc/Nuf2/Zwilch",10
"GO:0045841","negative regulation of mitotic metaphase/anaphase transition","10/1399","53/25615",0.188679245283019,3.45462392274805,4.29953845816053,0.000518324996221202,0.00584161364162281,0.00584161364162281,"Kntc1/Trip13/Zw10/Ttk/Atm/Spdl1/Birc5/Apc/Nuf2/Zwilch",10
"GO:2000404","regulation of T cell migration","10/1399","53/25615",0.188679245283019,3.45462392274805,4.29953845816053,0.000518324996221202,0.00584161364162281,0.00584161364162281,"Xcl1/Fadd/Ccr7/Itga4/Tnfrsf14/Abl2/Cxcl12/Tnfsf4/Wnk1/Ccl5",10
"GO:2000816","negative regulation of mitotic sister chromatid separation","10/1399","53/25615",0.188679245283019,3.45462392274805,4.29953845816053,0.000518324996221202,0.00584161364162281,0.00584161364162281,"Kntc1/Trip13/Zw10/Ttk/Atm/Spdl1/Birc5/Apc/Nuf2/Zwilch",10
"GO:0019886","antigen processing and presentation of exogenous peptide antigen via MHC class II","6/1399","20/25615",0.3,5.49285203716941,4.83120986041185,0.000524312357012777,0.0058679139049653,0.0058679139049653,"H2-Aa/H2-Ab1/H2-DMb1/Cd74/H2-DMa/H2-Eb1",6
"GO:0060576","intestinal epithelial cell development","6/1399","20/25615",0.3,5.49285203716941,4.83120986041185,0.000524312357012777,0.0058679139049653,0.0058679139049653,"Tlr9/Nkx3-2/Yap1/Hoxa5/Cdh1/Yipf6",6
"GO:0160049","negative regulation of cGAS/STING signaling pathway","6/1399","20/25615",0.3,5.49285203716941,4.83120986041185,0.000524312357012777,0.0058679139049653,0.0058679139049653,"Parp1/Igtp/Irgm1/Cgas/Cul5/Irgm2",6
"GO:1902969","mitotic DNA replication","6/1399","20/25615",0.3,5.49285203716941,4.83120986041185,0.000524312357012777,0.0058679139049653,0.0058679139049653,"Rad51/Cdc45/Mcm2/Brca2/Mcm6/Pola1",6
"GO:0000724","double-strand break repair via homologous recombination","22/1399","186/25615",0.118279569892473,2.16564058813131,3.83488944607548,0.000546034275247757,0.00610038988555059,0.00610038988555059,"Fancb/Rad54b/Mre11a/Rad51/Recql/Rad51ap1/Cdc45/Rpa1/Parp1/Hus1/Mcm2/Parpbp/Atm/Tonsl/Cgas/Nabp1/Fan1/Brca2/Brca1/Nucks1/Chek1/Mcm6",22
"GO:0043370","regulation of CD4-positive, alpha-beta T cell differentiation","11/1399","63/25615",0.174603174603175,3.19689801105098,4.19627630654312,0.000554729195444107,0.00617604913610562,0.00617604913610562,"Nlrp3/Ccr7/Irf1/Loxl3/Gimap3/Tbx21/Sash3/Klhl25/Tnfsf4/Il18/Cd83",11
"GO:0045839","negative regulation of mitotic nuclear division","11/1399","63/25615",0.174603174603175,3.19689801105098,4.19627630654312,0.000554729195444107,0.00617604913610562,0.00617604913610562,"Kntc1/Trip13/Zw10/Ttk/Atm/Spdl1/Birc5/Apc/Nuf2/Zwilch/Chek1",11
"GO:0001954","positive regulation of cell-matrix adhesion","12/1399","73/25615",0.164383561643836,3.00978193817502,4.13313199031814,0.000559003634249838,0.00621287084155876,0.00621287084155876,"Kdr/Col16a1/Iqgap1/Dmd/Trem1/Cul5/Ppm1f/Enpp2/Smad3/Skap1/Myh9/Vegfc",12
"GO:0050871","positive regulation of B cell activation","14/1399","94/25615",0.148936170212766,2.72694781987134,4.03172270433336,0.000568367977974803,0.0063060378074441,0.0063060378074441,"Tlr9/Card11/Nod2/Bcl2/Tnfrsf4/Tbx21/Atad5/Sash3/Cd74/Tirap/Il7/Tnfsf4/Slc39a10/Ighm",14
"GO:0055013","cardiac muscle cell development","16/1399","116/25615",0.137931034482759,2.52544921249168,3.9578700342928,0.000571693913960792,0.00633200293669677,0.00633200293669677,"Srf/Fhl2/Agtr2/Pi16/Myh10/Asb2/Akap13/Pitx2/Shox2/Ttn/Adra1b/Prkg1/Tbx3/Plec/Alpk3/Speg",16
"GO:0021537","telencephalon development","33/1399","329/25615",0.100303951367781,1.83651587868886,3.67052703484259,0.000593487143016714,0.0065620678257132,0.0065620678257132,"Gli3/Srf/Robo2/Myh10/Trappc9/Shank3/Nde1/Socs7/Tfap2c/Aqp1/Fktn/Smc2/Atic/Tacc2/Herc1/Robo1/Kif26a/Coro1c/Dmd/Inhba/Aspm/Kif14/Cdon/Cul5/Cxcl12/Atp1b2/Ezh2/Ccdc141/Phactr1/Lef1/Smo/Bhlhe22/Nf2",33
"GO:0009954","proximal/distal pattern formation","8/1399","36/25615",0.222222222222222,4.06877928679215,4.42865122852608,0.000595391889126596,0.00657181700300559,0.00657181700300559,"Gli3/Hoxb9/En1/Gli2/Hoxa10/Gli1/Hoxa9/Apc",8
"GO:0050854","regulation of antigen receptor-mediated signaling pathway","13/1399","84/25615",0.154761904761905,2.83361414615882,4.04585241912725,0.000608565502297208,0.00670570289323715,0.00670570289323715,"Pdcd1lg2/Ccr7/Ptpn22/Cbl/Card11/Sh2d1a/Lck/Usp12/Prkd2/Csk/Slc39a10/Laptm5/Pawr",13
"GO:0035872","nucleotide-binding domain, leucine rich repeat containing receptor signaling pathway","7/1399","28/25615",0.25,4.57737669764117,4.55229461283988,0.000613301944043872,0.00674632138448259,0.00674632138448259,"Slc15a3/Inava/Ptpn22/Igtp/Nod2/Irgm1/Irgm2",7
"GO:0071375","cellular response to peptide hormone stimulus","37/1399","384/25615",0.0963541666666667,1.76419726888254,3.62660467877981,0.000616380936993846,0.00676860023803157,0.00676860023803157,"Ptpre/Sorbs1/Agtr2/Grb10/Raf1/Ass1/Ptk2/Irs1/Capn10/Eif4ebp2/Abcg2/Parp1/Socs7/Irf1/Gkap1/Nkx6-1/Sesn3/Ace/Cdc6/Ren1/Ccl2/Rbfox2/Tbc1d4/Inhba/Uchl3/Gpr173/Cul5/Sorl1/Csk/Apc/Prkcq/Il18/Nono/Ankrd26/Igf2/Nucks1/Anxa5",37
"GO:0045664","regulation of neuron differentiation","26/1399","238/25615",0.109243697478992,2.00019822081799,3.7260679640525,0.000622169951462843,0.00682051154982475,0.00682051154982475,"Gli3/Actr3/Bend6/Nkx6-1/Nap1l2/Gata2/Gli2/Bex1/Sox11/Mycn/Cit/Bcl2/Impact/Dmd/Sh3gl3/Aspm/Cdon/Cxcl12/Tfap2a/Gdpd5/Eif4g1/Ccl5/Ccr5/Mycl/Cyb5d2/Ddx6",26
"GO:0031114","regulation of microtubule depolymerization","9/1399","45/25615",0.2,3.66190135811294,4.29565314311675,0.000626886857679361,0.00686051307279764,0.00686051307279764,"Stmn2/Nav3/Camsap2/Hdgfl3/Apc/Mid1/Map1a/Camsap1/Clasp1",9
"GO:0032964","collagen biosynthetic process","12/1399","74/25615",0.162162162162162,2.96910920928076,4.07720990425465,0.000634547143221225,0.0068763790718773,0.0068763790718773,"Abcg2/Acvr1b/P3h4/Rapgef3/Gli2/Ccl2/Ciita/Tram2/Inhba/Il18/Il6ra/Itga2",12
"GO:0051784","negative regulation of nuclear division","12/1399","74/25615",0.162162162162162,2.96910920928076,4.07720990425465,0.000634547143221225,0.0068763790718773,0.0068763790718773,"Rad1/Kntc1/Trip13/Zw10/Ttk/Atm/Spdl1/Birc5/Apc/Nuf2/Zwilch/Chek1",12
"GO:0002474","antigen processing and presentation of peptide antigen via MHC class I","11/1399","64/25615",0.171875,3.14694647962831,4.13336359528825,0.000637274839020086,0.0068763790718773,0.0068763790718773,"H2-T24/H2-Q7/Erap1/H2-D1/H2-Q6/H2-Q4/Tap1/Raet1a/Tapbpl/Clec4a1/H2-K1",11
"GO:0032621","interleukin-18 production","5/1399","14/25615",0.357142857142857,6.53910956805882,4.98278174656369,0.000637832007612269,0.0068763790718773,0.0068763790718773,"Nlrp3/Tlr9/Gsdmd/Nod2/Dhx9",5
"GO:0032661","regulation of interleukin-18 production","5/1399","14/25615",0.357142857142857,6.53910956805882,4.98278174656369,0.000637832007612269,0.0068763790718773,0.0068763790718773,"Nlrp3/Tlr9/Gsdmd/Nod2/Dhx9",5
"GO:0110025","DNA strand resection involved in replication fork processing","5/1399","14/25615",0.357142857142857,6.53910956805882,4.98278174656369,0.000637832007612269,0.0068763790718773,0.0068763790718773,"Mre11a/Bard1/Atm/Exo1/Brca1",5
"GO:1902946","protein localization to early endosome","5/1399","14/25615",0.357142857142857,6.53910956805882,4.98278174656369,0.000637832007612269,0.0068763790718773,0.0068763790718773,"Msn/Mgat3/Sorl1/Dtx3l/Nf2",5
"GO:0006029","proteoglycan metabolic process","15/1399","106/25615",0.141509433962264,2.59096794206104,3.94515436024112,0.000639040832177887,0.0068763790718773,0.0068763790718773,"Hs3st1/B4galnt4/Ndst1/Gpc1/Ndst3/Vangl2/Chpf/Hs6st1/Sulf2/Chpf2/Adamts4/Fam20b/Xylt1/Glce/Tm9sf2",15
"GO:0032637","interleukin-8 production","15/1399","106/25615",0.141509433962264,2.59096794206104,3.94515436024112,0.000639040832177887,0.0068763790718773,0.0068763790718773,"Rigi/Fadd/Tlr9/Map2k5/Ptpn22/Tlr8/Nod2/Bcl3/Afap1l2/Prkd2/Cd74/Tirap/Il18/Clec7a/Zfp580",15
"GO:0032677","regulation of interleukin-8 production","15/1399","106/25615",0.141509433962264,2.59096794206104,3.94515436024112,0.000639040832177887,0.0068763790718773,0.0068763790718773,"Rigi/Fadd/Tlr9/Map2k5/Ptpn22/Tlr8/Nod2/Bcl3/Afap1l2/Prkd2/Cd74/Tirap/Il18/Clec7a/Zfp580",15
"GO:0007254","JNK cascade","23/1399","201/25615",0.114427860696517,2.09511769245268,3.74643901210222,0.000660000522109644,0.0070900390535658,0.0070900390535658,"Map3k20/Nr2c2/Aida/Ptk2/Ror2/Rap2a/Tlr9/Ccr7/Ptpn22/Nrk/Fktn/Wnt7b/Hacd3/Map4k1/Zmynd11/Cdc42ep5/Nod2/Fgf14/Tirap/Map3k5/Smad3/Eda2r/Naip2",23
"GO:0120034","positive regulation of plasma membrane bounded cell projection assembly","17/1399","129/25615",0.131782945736434,2.41288073984186,3.86674806229627,0.000665945967406095,0.00713006149102793,0.00713006149102793,"Srf/Actr3/Fscn1/P2rx7/Rap2a/Ccr7/Dzip1/Dpysl3/Aqp1/Anln/Cdc42ep5/Kctd17/Apc/Arhgap35/Prkcq/Arap1/Eps8l2",17
"GO:1901890","positive regulation of cell junction assembly","17/1399","129/25615",0.131782945736434,2.41288073984186,3.86674806229627,0.000665945967406095,0.00713006149102793,0.00713006149102793,"Kdr/Actr3/Col16a1/Iqgap1/Bhlhb9/Srpx2/Sema4a/Cldn1/Cul5/Xlr3b/Ppm1f/Slitrk6/Enpp2/Smad3/Dlg4/Lrrc15/Myh9",17
"GO:0046777","protein autophosphorylation","22/1399","189/25615",0.116402116402116,2.13126534070065,3.75191264464991,0.000679052404907603,0.00725829059754815,0.00725829059754815,"Kdr/Map3k20/Ptk2/Phka1/Rap2a/Acvr1b/Fgr/Lck/Iqgap1/Stk24/Pask/Ttk/Map4k1/Atm/Camkk2/Ulk2/Stk10/Csk/Wnk1/Gfra2/Vegfc/Peak1",22
"GO:0003007","heart morphogenesis","31/1399","305/25615",0.101639344262295,1.86096626395903,3.63568574493155,0.000687137431939832,0.00733250973883967,0.00733250973883967,"Ephb4/Srf/Fhl2/Robo2/Kat6a/Ryr1/Aplnr/Abcg2/Mdm4/Asb2/Pitx2/Shox2/Hand2/Sufu/Tnni3/Megf8/Vangl2/Sox11/C2cd3/Yap1/Robo1/Mical2/Fzd2/Ttn/Tfap2a/Ly6e/Tbx3/Smad3/Xirp2/Tead1/Smo",31
"GO:0072331","signal transduction by p53 class mediator","21/1399","177/25615",0.11864406779661,2.17231436498225,3.76171244774344,0.000693005396379122,0.00738286345993281,0.00738286345993281,"Foxm1/Dyrk3/Rad54b/Rrs1/Rrp8/Bop1/Aen/Mdm4/Atrx/Pidd1/Steap3/Rps6ka6/Atm/Bcl3/Atad5/Cd74/Brca2/Eda2r/Phlda3/Sp100/Pml",21
"GO:1900225","regulation of NLRP3 inflammasome complex assembly","10/1399","55/25615",0.181818181818182,3.32900123464813,4.15591823620047,0.000704193983828835,0.00743507846295993,0.00743507846295993,"Nlrp3/P2rx7/Trim30a/Tlr9/Ptpn22/Adcy7/Igtp/Plcg2/Irgm1/Irgm2",10
"GO:1902100","negative regulation of metaphase/anaphase transition of cell cycle","10/1399","55/25615",0.181818181818182,3.32900123464813,4.15591823620047,0.000704193983828835,0.00743507846295993,0.00743507846295993,"Kntc1/Trip13/Zw10/Ttk/Atm/Spdl1/Birc5/Apc/Nuf2/Zwilch",10
"GO:1905819","negative regulation of chromosome separation","10/1399","55/25615",0.181818181818182,3.32900123464813,4.15591823620047,0.000704193983828835,0.00743507846295993,0.00743507846295993,"Kntc1/Trip13/Zw10/Ttk/Atm/Spdl1/Birc5/Apc/Nuf2/Zwilch",10
"GO:0007091","metaphase/anaphase transition of mitotic cell cycle","14/1399","96/25615",0.145833333333333,2.67013640695735,3.94050687591873,0.000705224900018872,0.00743507846295993,0.00743507846295993,"Kntc1/Trip13/Zw10/Cdc6/Ttk/Atm/Cit/Spdl1/Birc5/Apc/Bcl7a/Smarcd1/Nuf2/Zwilch",14
"GO:0033077","T cell differentiation in thymus","14/1399","96/25615",0.145833333333333,2.67013640695735,3.94050687591873,0.000705224900018872,0.00743507846295993,0.00743507846295993,"Gli3/Srf/Itpkb/Fadd/Fzd5/Ccr7/Card11/Dock2/Zfp609/Bcl2/Abl2/Cd74/Apc/H2-DMa",14
"GO:0034446","substrate adhesion-dependent cell spreading","15/1399","107/25615",0.14018691588785,2.56675328839692,3.90346828768766,0.000706387487380929,0.00743507846295993,0.00743507846295993,"Ptk2/Antxr1/Ntn4/St6gal1/Dbn1/Coro1c/Itga4/Fbln1/Kif14/Tgfb1i1/Enpp2/Dock1/Parvg/Tesk1/Peak1",15
"GO:0048704","embryonic skeletal system morphogenesis","15/1399","107/25615",0.14018691588785,2.56675328839692,3.90346828768766,0.000706387487380929,0.00743507846295993,0.00743507846295993,"Gli3/Hoxa7/Hoxb9/Ndst1/Shox2/Megf8/Sox11/Mycn/Hoxa5/Hoxa9/Satb2/Tfap2a/Smad3/Hoxb7/Med12",15
"GO:0007204","positive regulation of cytosolic calcium ion concentration","23/1399","202/25615",0.113861386138614,2.08474582268806,3.72024942909876,0.000707165775353131,0.00743507846295993,0.00743507846295993,"Kdr/Cacna1c/P2rx7/Tacr1/Ccr7/Cd55/Gata2/Gimap3/Bcl2/Cmklr1/Cacna1a/Fzd2/Plcg2/Jph2/Adra1b/Abl2/Cacnb3/Prkg1/Cxcr6/Dlg4/Ccr5/Pml/Gpr35",23
"GO:0033260","nuclear DNA replication","8/1399","37/25615",0.216216216216216,3.95881227904101,4.32893773025331,0.00072365193479646,0.00759598043975892,0.00759598043975892,"Rad51/Cdc45/Atrx/Mcm2/Atad5/Brca2/Mcm6/Pola1",8
"GO:0001947","heart looping","11/1399","65/25615",0.169230769230769,3.09853191840326,4.07167552192064,0.000729792218702617,0.00764793672584929,0.00764793672584929,"Srf/Aplnr/Asb2/Hand2/Sufu/Vangl2/C2cd3/Mical2/Tbx3/Smad3/Smo",11
"GO:0032467","positive regulation of cytokinesis","9/1399","46/25615",0.195652173913043,3.58229480684961,4.21331783752789,0.000742065641880144,0.00775126777794804,0.00775126777794804,"Nup62/Cdc6/Cit/Svil/Kif14/Birc5/Racgap1/Wnk1/Cenpv",9
"GO:0070232","regulation of T cell apoptotic process","9/1399","46/25615",0.195652173913043,3.58229480684961,4.21331783752789,0.000742065641880144,0.00775126777794804,0.00775126777794804,"Fadd/Siglec1/Casp8/Tnfrsf4/Prkd2/Prkcq/Tnfsf4/Serpinb9/Ccl5",9
"GO:0051216","cartilage development","26/1399","241/25615",0.107883817427386,1.97529948777876,3.65635542281291,0.000750656748622181,0.00782827752134561,0.00782827752134561,"Gli3/Srf/Arid5a/Bgn/Creb3l2/Ror2/Wnt10b/Glg1/Sik3/Nkx3-2/Shox2/Wnt7b/Hand2/Gli2/Smad5/Mycn/Fbxw4/Slc26a2/Sulf2/Tgfbi/Hoxa5/Satb2/Carm1/Smad3/Npr2/Hmga2",26
"GO:0001763","morphogenesis of a branching structure","27/1399","254/25615",0.106299212598425,1.94628615490255,3.64294415009728,0.000753711101453062,0.00784739078725198,0.00784739078725197,"Gli3/Srf/Agtr2/Kdr/Wnt6/Fzd5/Fgf1/Tfap2c/Pitx2/Shox2/Ntn4/Plxna1/Gli2/Vangl2/Mycn/Yap1/Bcl2/Hoxa5/Cxcl12/Cdh1/Tbx3/Hmga2/Lef1/Hoxb7/Pml/Smo/Fem1b",27
"GO:0006929","substrate-dependent cell migration","7/1399","29/25615",0.241379310344828,4.41953612186044,4.42854796425519,0.000770662254790085,0.00799795529042247,0.00799795529042247,"Myh10/Robo1/Fbln1/Abl2/Ston1/Cspg4/Itga2",7
"GO:0042531","positive regulation of tyrosine phosphorylation of STAT protein","7/1399","29/25615",0.241379310344828,4.41953612186044,4.42854796425519,0.000770662254790085,0.00799795529042247,0.00799795529042247,"Tnfrsf18/Parp14/Lck/Pibf1/Parp9/Ctf1/Il18",7
"GO:0009100","glycoprotein metabolic process","36/1399","376/25615",0.0957446808510638,1.753037884203,3.5356643694882,0.000812791765196796,0.00842157145100681,0.00842157145100681,"Mgat5/Hs3st1/Itm2a/B4galnt4/Ndst1/Crppa/Gpc1/Ndst3/Fktn/Fbxo17/Trak2/St6gal1/Mgat3/Vangl2/Chpf/Hs6st1/Bcl2/Sulf2/Chpf2/Mgat4a/Adamts4/Fut9/Eogt/Fam20b/Gdpd5/Galnt17/Xylt1/Pomgnt2/Tmtc4/Glce/B3galnt2/Uggt2/Tmtc2/Tm9sf2/Pawr/Abca2",36
"GO:0035019","somatic stem cell population maintenance","10/1399","56/25615",0.178571428571429,3.26955478402941,4.08657158464225,0.000815907605235263,0.00844024228024369,0.00844024228024369,"Kat6a/Raf1/Tfap2c/Gata2/Vangl2/Yap1/Prdm16/Apc/Hmga2/Lbh",10
"GO:0070231","T cell apoptotic process","11/1399","66/25615",0.166666666666667,3.05158446509411,4.01116726479588,0.000833191130150973,0.00860517655962999,0.00860517655962999,"Gli3/Fadd/Il2ra/Siglec1/Casp8/Tnfrsf4/Prkd2/Prkcq/Tnfsf4/Serpinb9/Ccl5",11
"GO:0043542","endothelial cell migration","26/1399","243/25615",0.106995884773663,1.95904187882585,3.61043651920477,0.000848645567287437,0.00875072090570545,0.00875072090570545,"Ephb4/Srf/Kdr/Adgra2/Amotl1/Ptn/Ptk2/Abcg2/Map2k5/Fgf1/Gata2/Ccbe1/Emc10/Srpx2/Robo1/Vash1/Mmrn1/Sema4a/Prkd2/Tgfb1i1/Zfp580/Myh9/Igf2/Vegfc/Sp100/Card10",26
"GO:0032611","interleukin-1 beta production","14/1399","98/25615",0.142857142857143,2.61564382722353,3.85159143767922,0.000868967057495287,0.00893159100375955,0.00893159100375956,"Nlrp3/P2rx7/Fzd5/Inava/Ccr7/Tlr8/Gsdmd/Nod2/Casp8/Smad3/Clec7a/Ccr5/Pml/Panx1",14
"GO:0032651","regulation of interleukin-1 beta production","14/1399","98/25615",0.142857142857143,2.61564382722353,3.85159143767922,0.000868967057495287,0.00893159100375955,0.00893159100375956,"Nlrp3/P2rx7/Fzd5/Inava/Ccr7/Tlr8/Gsdmd/Nod2/Casp8/Smad3/Clec7a/Ccr5/Pml/Panx1",14
"GO:0032814","regulation of natural killer cell activation","9/1399","47/25615",0.191489361702128,3.506075768406,4.13324456442181,0.000873912965084822,0.00896807809537524,0.00896807809537524,"Il12rb2/Ptpn22/Irf1/Fgr/Klrc1/Pibf1/Klrd1/Il15ra/Il18",9
"GO:0031400","negative regulation of protein modification process","32/1399","323/25615",0.0990712074303406,1.81394494519526,3.53835221162247,0.00087720183247748,0.00898747140643594,0.00898747140643594,"Fxyd1/Trim44/Aida/Nup62/Ptgis/Ptpn22/Irf1/Parp14/Lrrk1/Ncoa7/Bex1/Pibf1/Samsn1/Dnajc3/Impact/Coro1c/Parp10/Dnajb2/Fbln1/Slfn1/Bag2/Apc/Niban1/Dtx3l/Il18/Wnk1/Adar/Plec/Gfra2/Trim21/Prr5l/Nf2",32
"GO:0055007","cardiac muscle cell differentiation","20/1399","168/25615",0.119047619047619,2.17970318935294,3.68727437608829,0.000879823836418682,0.00899998140948028,0.00899998140948028,"Srf/Fhl2/Agtr2/Pi16/Myh10/Abcg2/Asb2/Akap13/Pitx2/AW551984/Shox2/Hand2/Ccnd2/Ttn/Adra1b/Prkg1/Tbx3/Plec/Alpk3/Speg",20
"GO:0014848","urinary tract smooth muscle contraction","5/1399","15/25615",0.333333333333333,6.10316893018823,4.7518415180214,0.00091388795380245,0.00929334966652477,0.00929334966652477,"Cacna1c/Tacr1/Tshz3/Htr7/Tbx3",5
"GO:0021932","hindbrain radial glia guided cell migration","5/1399","15/25615",0.333333333333333,6.10316893018823,4.7518415180214,0.00091388795380245,0.00929334966652477,0.00929334966652477,"Socs7/Rbfox2/Cul5/Atp1b2/Lef1",5
"GO:1905668","positive regulation of protein localization to endosome","5/1399","15/25615",0.333333333333333,6.10316893018823,4.7518415180214,0.00091388795380245,0.00929334966652477,0.00929334966652477,"Msn/Mgat3/Sorl1/Dtx3l/Nf2",5
"GO:1905818","regulation of chromosome separation","12/1399","77/25615",0.155844155844156,2.85342962969839,3.9149334032127,0.000914289693219747,0.00929334966652477,0.00929334966652477,"Kntc1/Trip13/Zw10/Smc2/Ttk/Atm/Spdl1/Birc5/Apc/Ncapd2/Nuf2/Zwilch",12
"GO:0048643","positive regulation of skeletal muscle tissue development","6/1399","22/25615",0.272727272727273,4.99350185197219,4.50402702926148,0.000918746398839654,0.00930919064060874,0.00930919064060874,"Shox2/Bcl2/Myog/Cdon/Igf2/Usp2",6
"GO:0060438","trachea development","6/1399","22/25615",0.272727272727273,4.99350185197219,4.50402702926148,0.000918746398839654,0.00930919064060874,0.00930919064060874,"Srf/Eda/Wnt7b/Ano1/Hoxa5/Lef1",6
"GO:0051985","negative regulation of chromosome segregation","10/1399","57/25615",0.175438596491228,3.21219417378328,4.0187741029726,0.000941779593406167,0.00949024608485797,0.00949024608485797,"Kntc1/Trip13/Zw10/Ttk/Atm/Spdl1/Birc5/Apc/Nuf2/Zwilch",10
"GO:0031640","killing of cells of another organism","17/1399","133/25615",0.12781954887218,2.3403128980421,3.72487426545398,0.000944233664690891,0.00949024608485797,0.00949024608485797,"Nts/Gbp2/Fgl2/Nkg7/Rpl30/Gbp7/Nppb/Gzmc/Prf1/Igtp/C1ra/Trem1/Cxcl12/C1s1/Gzmb/Irgm2/Masp1",17
"GO:0141061","disruption of cell in another organism","17/1399","133/25615",0.12781954887218,2.3403128980421,3.72487426545398,0.000944233664690891,0.00949024608485797,0.00949024608485797,"Nts/Gbp2/Fgl2/Nkg7/Rpl30/Gbp7/Nppb/Gzmc/Prf1/Igtp/C1ra/Trem1/Cxcl12/C1s1/Gzmb/Irgm2/Masp1",17
"GO:0030148","sphingolipid biosynthetic process","15/1399","110/25615",0.136363636363636,2.49675092598609,3.78119931035157,0.000945698236085011,0.00949024608485797,0.00949024608485797,"Hacd4/P2rx7/Paqr4/Gzmc/Prf1/Gsdmd/Hacd3/Asah2/B4galnt1/Fut9/Gzmb/A4galt/Cers5/Tm9sf2/Abca2",15
"GO:0031398","positive regulation of protein ubiquitination","15/1399","110/25615",0.136363636363636,2.49675092598609,3.78119931035157,0.000945698236085011,0.00949024608485797,0.00949024608485797,"Ubqln1/Fanci/Inava/Ptpn22/Tspyl5/Birc3/Nod2/Dnajb2/Mycbp2/Birc2/Birc5/Ube2s/Huwe1/Laptm5/Amer1",15
"GO:0039532","negative regulation of cytoplasmic pattern recognition receptor signaling pathway","11/1399","67/25615",0.164179104477612,3.00603842830167,3.95179631316668,0.000948433684072045,0.00949024608485797,0.00949024608485797,"Ubqln1/Trim30a/Ptpn22/Rab7b/Parp1/Igtp/Tspan6/Irgm1/Cgas/Cul5/Irgm2",11
"GO:0045778","positive regulation of ossification","11/1399","67/25615",0.164179104477612,3.00603842830167,3.95179631316668,0.000948433684072045,0.00949024608485797,0.00949024608485797,"Ptn/Gpm6b/P2rx7/Tacr1/Wnt10b/Fbn2/Sox11/Ano6/Tfap2a/Smad3/Cd276",11
"GO:0070613","regulation of protein processing","11/1399","67/25615",0.164179104477612,3.00603842830167,3.95179631316668,0.000948433684072045,0.00949024608485797,0.00949024608485797,"Snx12/Glg1/Il1r2/Ccbe1/Sufu/Tmem98/Prkacb/Bag2/Cdh1/Myh9/Furin",11
"GO:0034331","cell junction maintenance","13/1399","88/25615",0.147727272727273,2.7048135031516,3.85047829246351,0.000954419304260404,0.00953528710819415,0.00953528710819415,"Erc1/Rapsn/Inava/Shank3/Psd/Prickle2/Shank2/Cntnap1/Cldn1/Dlg3/Dlgap1/Dlg4/Rimbp2",13
"GO:0044784","metaphase/anaphase transition of cell cycle","14/1399","99/25615",0.141414141414141,2.5892231825041,3.80796149299433,0.000962165532403229,0.0095955340256264,0.0095955340256264,"Kntc1/Trip13/Zw10/Cdc6/Ttk/Atm/Cit/Spdl1/Birc5/Apc/Bcl7a/Smarcd1/Nuf2/Zwilch",14
"GO:1904018","positive regulation of vasculature development","22/1399","194/25615",0.11340206185567,2.07633582161043,3.61700159117169,0.00096343702467762,0.0095955340256264,0.0095955340256264,"Kdr/Aplnr/Erap1/Ptgis/Fgf1/Aqp1/Itgax/Rapgef3/Gata2/Ccbe1/Emc10/Adam12/Tnn/Cysltr1/Prkd2/Cxcl12/Brca1/Wnk1/Hmga2/Ccl5/Igf2/Vegfc",22
"GO:0051259","protein complex oligomerization","32/1399","325/25615",0.0984615384615385,1.80278220707098,3.50075211501308,0.00097224868849841,0.00966830584351979,0.00966830584351979,"Oas1g/Nlrp3/Kctd1/Zfp777/Mat2a/Kctd12b/P2rx7/Ryr1/Lrrc8c/Oas1b/Zfp746/Oas1a/Kctd15/Card11/Tspyl5/Als2/Oas1c/Prf1/Gsdmd/Abca3/Kctd3/Cldn1/Kctd17/Rrm1/Cd74/Sting1/Ehd3/Crtc3/Scara5/Kctd10/Lrrc8d/Shmt1",32
"GO:1990138","neuron projection extension","23/1399","207/25615",0.111111111111111,2.03438964339608,3.59153788439098,0.000989476371492882,0.00982441454477631,0.00982441454477631,"Srf/Actr3/Rnf157/Nkx6-1/Iqgap1/Plxna1/Dbn1/Megf8/Cit/Robo1/Impact/Tnn/Ulk2/Itga4/Flrt3/Cxcl12/Cdh1/Raph1/Ccr5/Arhgap32/Vcl/Ndn/Smo",23
"GO:0045165","cell fate commitment","31/1399","312/25615",0.0993589743589744,1.81921381572918,3.49933010485653,0.000998410490350913,0.00989782251545412,0.00989782251545411,"Gli3/Kdr/Wnt6/Ror2/Wnt10b/Abcg2/Tfap2c/Sostdc1/Ptch2/AW551984/Wnt10a/Wnt7b/Gata2/Gli2/Loxl3/Smad5/Bcl2/Rbbp7/Cdon/Tbx21/Tgfb1i1/Prdm11/Apc/Tbx3/Il7/Il6ra/Tenm4/Slamf8/Pml/Smo/Chd3",31
"GO:0021543","pallium development","24/1399","220/25615",0.109090909090909,1.99740074078887,3.57111038049717,0.00100630929306635,0.00996075639238554,0.00996075639238554,"Gli3/Srf/Trappc9/Nde1/Socs7/Tfap2c/Fktn/Smc2/Atic/Tacc2/Robo1/Kif26a/Dmd/Aspm/Kif14/Cdon/Cul5/Ezh2/Ccdc141/Phactr1/Lef1/Smo/Bhlhe22/Nf2",24
"GO:0070228","regulation of lymphocyte apoptotic process","12/1399","78/25615",0.153846153846154,2.81684719854841,3.86257675470715,0.00102774255084439,0.0101572586871144,0.0101572586871144,"Fadd/P2rx7/Siglec1/Casp8/Tnfrsf4/Prkd2/Cd74/Prkcq/Tnfsf4/Serpinb9/Slc39a10/Ccl5",12
"GO:0019884","antigen processing and presentation of exogenous antigen","8/1399","39/25615",0.205128205128205,3.75579626473122,4.13961026213896,0.00104662650470231,0.0102963685546824,0.0102963685546824,"H2-Aa/H2-Ab1/H2-DMb1/Cd74/H2-DMa/H2-Eb1/Clec4a1/H2-K1",8
"GO:0032872","regulation of stress-activated MAPK cascade","8/1399","39/25615",0.205128205128205,3.75579626473122,4.13961026213896,0.00104662650470231,0.0102963685546824,0.0102963685546824,"Foxm1/Inava/Scimp/Nod2/Klhdc10/Mid1/Sema4c/Clec7a",8
"GO:0033028","myeloid cell apoptotic process","8/1399","39/25615",0.205128205128205,3.75579626473122,4.13961026213896,0.00104662650470231,0.0102963685546824,0.0102963685546824,"Itpkb/Plekho2/St6gal1/Nod2/Bcl2/Il18/Ccl5/Ccr5",8
"GO:0061448","connective tissue development","34/1399","354/25615",0.096045197740113,1.75854020022373,3.4542305385465,0.00105880096725692,0.0104002101126276,0.0104002101126276,"Gli3/Srf/Arid5a/Cflar/Bgn/Creb3l2/Ror2/Wnt10b/Glg1/Parp1/Sik3/Nkx3-2/Shox2/Wnt7b/Hand2/Gli2/Smad5/Mycn/Fbxw4/Ap1s2/Slc26a2/Sulf2/Tgfbi/Hoxa5/Dmd/Satb2/Carm1/Sorl1/Smad3/Il6ra/Npr2/Hmga2/Amer1/Bltp1",34
"GO:0001914","regulation of T cell mediated cytotoxicity","11/1399","68/25615",0.161764705882353,2.96183198082664,3.89352231513937,0.00107653477955596,0.0105582586623931,0.0105582586623931,"Xcl1/Fadd/P2rx7/H2-T24/H2-Q7/H2-D1/Klrd1/H2-Q6/H2-Q4/Raet1a/H2-K1",11
"GO:0007131","reciprocal meiotic recombination","10/1399","58/25615",0.172413793103448,3.1568115156146,3.95246114998472,0.00108312917465262,0.0105905963743812,0.0105905963743812,"Rad54b/Top2a/Rad51/Rad51ap1/Trip13/Eme1/Brip1/Brme1/Fancd2/Psmc3ip",10
"GO:0140527","reciprocal homologous recombination","10/1399","58/25615",0.172413793103448,3.1568115156146,3.95246114998472,0.00108312917465262,0.0105905963743812,0.0105905963743812,"Rad54b/Top2a/Rad51/Rad51ap1/Trip13/Eme1/Brip1/Brme1/Fancd2/Psmc3ip",10
"GO:0030010","establishment of cell polarity","20/1399","171/25615",0.116959064327485,2.14146278252219,3.59967650525407,0.00109740266832408,0.0107138521904466,0.0107138521904466,"Amotl1/Sipa1l3/Fscn1/Ccr7/Kif26b/Nde1/Pard3b/Zw10/Msn/Dock2/Vangl2/Spdl1/Fat1/Rhou/Myo18a/Abl2/Phldb2/Clasp1/Myh9/Myo9a",20
"GO:0098773","skin epidermis development","19/1399","159/25615",0.119496855345912,2.1879284844071,3.61152090380344,0.00111740172287403,0.0108925472955125,0.0108925472955125,"Srf/Wnt10b/Acvr1b/Eda/Tfap2c/Sostdc1/Wnt10a/Gli2/Vangl2/Bcl2/Pkp3/Inhba/Cldn1/Zdhhc21/Cdh1/Apc/Il18/Plec/Smo",19
"GO:0030330","DNA damage response, signal transduction by p53 class mediator","12/1399","79/25615",0.151898734177215,2.7811909048959,3.81104375997368,0.00115264831994358,0.0112191103141175,0.0112191103141175,"Foxm1/Dyrk3/Mdm4/Atrx/Pidd1/Rps6ka6/Atm/Bcl3/Cd74/Brca2/Sp100/Pml",12
"GO:0048641","regulation of skeletal muscle tissue development","7/1399","31/25615",0.225806451612903,4.13440475915977,4.19708783111872,0.00118003948374348,0.0114058330060262,0.0114058330060262,"Wnt10b/Shox2/Bcl2/Myog/Cdon/Igf2/Usp2",7
"GO:0033143","regulation of intracellular steroid hormone receptor signaling pathway","13/1399","90/25615",0.144444444444444,2.6447065364149,3.75684393001654,0.00118128163484527,0.0114058330060262,0.0114058330060262,"Kank2/Akap13/Parp1/Cnot9/Rnf14/Carm1/Cyp7b1/Brca1/Hmga2/Kmt2d/Psmc3ip/Lbh/Zfp366",13
"GO:0001822","kidney development","36/1399","384/25615",0.09375,1.71651626161544,3.40032781142508,0.00118240934095864,0.0114058330060262,0.0114058330060262,"Gli3/Agtr2/Kank2/Cflar/Wnt6/Robo2/Fadd/Ass1/Schip1/Kif26b/Fgf1/Aqp1/Ace/Iqgap1/Wnt7b/Cenpf/Tshz3/Gli2/Vangl2/Sox11/Smad5/Ren1/Yap1/Bcl2/Robo1/Sulf2/Dync2h1/Tfap2a/Apc/Smad3/Ezh2/Stat1/Il6ra/Amer1/Hoxb7/Smo",36
"GO:0010955","negative regulation of protein processing","6/1399","23/25615",0.260869565217391,4.77639307579948,4.35497185873258,0.00118603618431282,0.0114058330060262,0.0114058330060262,"Snx12/Glg1/Il1r2/Tmem98/Cdh1/Furin",6
"GO:0021535","cell migration in hindbrain","6/1399","23/25615",0.260869565217391,4.77639307579948,4.35497185873258,0.00118603618431282,0.0114058330060262,0.0114058330060262,"Socs7/Rbfox2/Cul5/Atp1b2/Sema4c/Lef1",6
"GO:0035457","cellular response to interferon-alpha","6/1399","23/25615",0.260869565217391,4.77639307579948,4.35497185873258,0.00118603618431282,0.0114058330060262,0.0114058330060262,"Oas1g/Traf3ip3/Oas1b/Oas1a/Ifit1bl1/Oas1c",6
"GO:0050966","detection of mechanical stimulus involved in sensory perception of pain","6/1399","23/25615",0.260869565217391,4.77639307579948,4.35497185873258,0.00118603618431282,0.0114058330060262,0.0114058330060262,"Cxcl12/Htr7/Cacnb3/Il18/Itga2/Pawr",6
"GO:1903318","negative regulation of protein maturation","6/1399","23/25615",0.260869565217391,4.77639307579948,4.35497185873258,0.00118603618431282,0.0114058330060262,0.0114058330060262,"Snx12/Glg1/Il1r2/Tmem98/Cdh1/Furin",6
"GO:0030501","positive regulation of bone mineralization","9/1399","49/25615",0.183673469387755,3.36297063500168,3.97943420162547,0.00119467072309583,0.0114375033161961,0.0114375033161961,"Ptn/Gpm6b/P2rx7/Wnt10b/Fbn2/Ano6/Tfap2a/Smad3/Cd276",9
"GO:0035330","regulation of hippo signaling","9/1399","49/25615",0.183673469387755,3.36297063500168,3.97943420162547,0.00119467072309583,0.0114375033161961,0.0114375033161961,"Vgll4/Schip1/Mob3b/Nuak2/Sox11/Cit/Shank2/Ptpn14/Nf2",9
"GO:0050798","activated T cell proliferation","9/1399","49/25615",0.183673469387755,3.36297063500168,3.97943420162547,0.00119467072309583,0.0114375033161961,0.0114375033161961,"Fadd/Pdcd1lg2/Il2ra/Tnfsf4/Il18/Laptm5/Itgal/Igf2/Icosl",9
"GO:0007519","skeletal muscle tissue development","23/1399","210/25615",0.10952380952381,2.0053269342047,3.51603930830231,0.00120180974087729,0.0114887288324341,0.0114887288324341,"Cflar/Ryr1/Wnt10b/Asb2/Fbxo22/Pitx2/Shox2/Gpc1/Plagl1/Fktn/Sox11/Bcl2/Hivep3/Svil/Cntnap1/Myog/Dmd/Chrna1/Cdon/Plec/Igf2/Smo/Usp2",23
"GO:0014812","muscle cell migration","17/1399","136/25615",0.125,2.28868834882059,3.62178380708439,0.00121301372494029,0.0115786035200838,0.0115786035200838,"Grb10/Ptk2/Tacr1/Rapgef3/Ace/Iqgap1/Plxna1/Bcl2/Fat1/S1pr2/Sorl1/Prkg1/Il18/Ccl5/Myh9/Itga2/Smo",17
"GO:0048771","tissue remodeling","25/1399","236/25615",0.105932203389831,1.93956639730558,3.48531937647353,0.00121708106444644,0.011579948007429,0.011579948007429,"Actr3/Ptn/Bgn/P2rx7/Abcg2/P3h4/Cbl/Lrrk1/Dlk1/Hand2/Herc1/Ccl2/Itga4/Htr1b/Tnfrsf11b/Adra1b/Ndp/Csk/Cspg4/Il7/Il18/Arap1/Npr2/Pml/Fcgr4",25
"GO:0006940","regulation of smooth muscle contraction","11/1399","69/25615",0.159420289855072,2.91890687965524,3.83630693772033,0.00121856239928736,0.011579948007429,0.011579948007429,"Srf/Tacr1/Lck/Tnni3/Arhgap42/Cald1/Zdhhc21/Htr7/Prkg1/Itga2/Pawr",11
"GO:1905517","macrophage migration","11/1399","69/25615",0.159420289855072,2.91890687965524,3.83630693772033,0.00121856239928736,0.011579948007429,0.011579948007429,"Ptk2/Ror2/Ccr7/Mmp28/Ccl2/Cmklr1/Coro1c/Trem1/Ccl5/Slamf8/Gpr35",11
"GO:0044818","mitotic G2/M transition checkpoint","10/1399","59/25615",0.169491525423729,3.10330623568893,3.88757187343578,0.00124134768055718,0.0117443556699548,0.0117443556699548,"Mre11a/Ticrr/Hus1/Cdc6/Bard1/Atm/Mbd4/Nabp1/Brca1/Chek1",10
"GO:0070169","positive regulation of biomineral tissue development","10/1399","59/25615",0.169491525423729,3.10330623568893,3.88757187343578,0.00124134768055718,0.0117443556699548,0.0117443556699548,"Wnt6/Ptn/Gpm6b/P2rx7/Wnt10b/Fbn2/Ano6/Tfap2a/Smad3/Cd276",10
"GO:0099558","maintenance of synapse structure","10/1399","59/25615",0.169491525423729,3.10330623568893,3.88757187343578,0.00124134768055718,0.0117443556699548,0.0117443556699548,"Erc1/Rapsn/Shank3/Psd/Prickle2/Shank2/Dlg3/Dlgap1/Dlg4/Rimbp2",10
"GO:0002837","regulation of immune response to tumor cell","8/1399","40/25615",0.2,3.66190135811294,4.0495847109454,0.00124645238099615,0.0117580177614087,0.0117580177614087,"Xcl1/Gzmc/Prf1/Hspd1/Tnfrsf14/Klrk1/Gzmb/Klre1",8
"GO:0043243","positive regulation of protein-containing complex disassembly","8/1399","40/25615",0.2,3.66190135811294,4.0495847109454,0.00124645238099615,0.0117580177614087,0.0117580177614087,"Stmn2/Fyco1/Nes/Igtp/Jmjd4/Irgm1/Wnk1/Irgm2",8
"GO:0007033","vacuole organization","28/1399","276/25615",0.101449275362319,1.85748619614424,3.44257411249253,0.00125041228783521,0.0117780770338027,0.0117780770338027,"Snx30/Ubqln1/Cln5/P2rx7/Ifi47/Efnb1/Iigp1c/Rab7b/F830016B08Rik/Tgtp1/Synpo2/Tgtp2/Igtp/Ubqln2/Atm/Myo7a/Ulk2/Irgm1/Gm4841/Pik3c2b/B4galnt1/9930111J21Rik1/Sting1/Npr2/Iigp1/Irgm2/Stx17/Trim21",28
"GO:0034501","protein localization to kinetochore","5/1399","16/25615",0.3125,5.72172087205147,4.54093365676139,0.00126982955004603,0.0119260015051107,0.0119260015051107,"Kntc1/Zw10/Ttk/Spdl1/Zwilch",5
"GO:1905666","regulation of protein localization to endosome","5/1399","16/25615",0.3125,5.72172087205147,4.54093365676139,0.00126982955004603,0.0119260015051107,0.0119260015051107,"Msn/Mgat3/Sorl1/Dtx3l/Nf2",5
"GO:0044774","mitotic DNA integrity checkpoint signaling","12/1399","80/25615",0.15,2.7464260185847,3.76030966726049,0.0012898776547812,0.0120966044588532,0.0120966044588532,"Mre11a/Map3k20/Ticrr/Hus1/Eme1/Cdc6/Atm/Mbd4/Brca1/Fancd2/Ccnd1/Chek1",12
"GO:0030071","regulation of mitotic metaphase/anaphase transition","13/1399","91/25615",0.142857142857143,2.61564382722353,3.71097740201359,0.00131056147801571,0.0122547990316927,0.0122547990316927,"Kntc1/Trip13/Zw10/Cdc6/Ttk/Atm/Spdl1/Birc5/Apc/Bcl7a/Smarcd1/Nuf2/Zwilch",13
"GO:0032465","regulation of cytokinesis","13/1399","91/25615",0.142857142857143,2.61564382722353,3.71097740201359,0.00131056147801571,0.0122547990316927,0.0122547990316927,"Nup62/Prc1/Cdc6/E2f8/Cit/Svil/Kif14/Birc5/Brca2/Racgap1/Wnk1/Cenpv/Kif13a",13
"GO:0010811","positive regulation of cell-substrate adhesion","18/1399","149/25615",0.120805369127517,2.21188672637694,3.56591635201567,0.0013149451214065,0.0122690971213944,0.0122690971213944,"Kdr/Ptn/Col16a1/Iqgap1/Dbn1/Fbln1/Dmd/Trem1/Cul5/Ppm1f/Enpp2/Smad3/Skap1/Dock1/Myh9/Ecm2/Vegfc/Tesk1",18
"GO:0051261","protein depolymerization","17/1399","137/25615",0.124087591240876,2.27198259444963,3.58802236433616,0.00131591032326288,0.0122690971213944,0.0122690971213944,"Ccsap/Lima1/Stmn2/Nes/Kif24/Nav3/Camsap2/Svil/Mical2/Hdgfl3/Apc/Mid1/Map1a/Camsap1/Kif18b/Clasp1/Sptbn2",17
"GO:0060828","regulation of canonical Wnt signaling pathway","27/1399","264/25615",0.102272727272727,1.87256319448957,3.42529248533991,0.00134324192970079,0.0125057770382578,0.0125057770382578,"Gli3/Adgra2/Ankrd6/Ror2/Mllt3/Wnt10b/Shisa6/Ubac2/Eda/Sostdc1/Usp34/Rnf14/Lrrk1/Nkd1/Peg12/Yap1/Sulf2/Gli1/Aspm/Jrk/Cdon/Cdh1/Apc/Smad3/Wnk1/Amer1/Rspo4",27
"GO:0019233","sensory perception of pain","15/1399","114/25615",0.131578947368421,2.40914563033746,3.62431598223642,0.00136840967567816,0.0126969780421573,0.0126969780421573,"Grin2d/P2rx7/Acp3/Aqp1/Ano1/Ccl2/Cxcl12/Prx/Gpr171/Htr7/Cacnb3/Il18/Itga2/Ndn/Pawr",15
"GO:0060538","skeletal muscle organ development","24/1399","225/25615",0.106666666666667,1.95301405766023,3.4510843266651,0.00137211710602736,0.0126969780421573,0.0126969780421573,"Cflar/Ass1/Ryr1/Wnt10b/Asb2/Fbxo22/Pitx2/Shox2/Gpc1/Plagl1/Fktn/Sox11/Bcl2/Hivep3/Svil/Cntnap1/Myog/Dmd/Chrna1/Cdon/Plec/Igf2/Smo/Usp2",24
"GO:0007405","neuroblast proliferation","11/1399","70/25615",0.157142857142857,2.87720820994588,3.78011373783057,0.00137563772063224,0.0126969780421573,0.0126969780421573,"Gli3/Ptn/Zzef1/Nde1/Tafa1/Bex1/Aspm/Racgap1/Lef1/Vegfc/Smo",11
"GO:0032233","positive regulation of actin filament bundle assembly","11/1399","70/25615",0.157142857142857,2.87720820994588,3.78011373783057,0.00137563772063224,0.0126969780421573,0.0126969780421573,"Lima1/Tacr1/Rapgef3/Synpo2/Arhgef5/Ppm1f/Synpo/Smad3/Prkcq/Tesk1/Nf2",11
"GO:0050982","detection of mechanical stimulus","11/1399","70/25615",0.157142857142857,2.87720820994588,3.78011373783057,0.00137563772063224,0.0126969780421573,0.0126969780421573,"Piezo1/Piezo2/Ttn/Cxcl12/Htr7/Pkd1l1/Cacnb3/Il18/Pcdh15/Itga2/Pawr",11
"GO:1903317","regulation of protein maturation","11/1399","70/25615",0.157142857142857,2.87720820994588,3.78011373783057,0.00137563772063224,0.0126969780421573,0.0126969780421573,"Snx12/Glg1/Il1r2/Ccbe1/Sufu/Tmem98/Prkacb/Bag2/Cdh1/Myh9/Furin",11
"GO:0043368","positive T cell selection","9/1399","50/25615",0.18,3.29571122230164,3.90549167798196,0.00138736373027308,0.0127868358727034,0.0127868358727034,"Srf/Itpkb/Dock2/Loxl3/Bcl2/Tbx21/Cd74/H2-DMa/Il6ra",9
"GO:0042742","defense response to bacterium","40/1399","444/25615",0.0900900900900901,1.64950511626709,3.31833465433372,0.00139002897787758,0.0127930460657387,0.0127930460657387,"Oas1g/Nlrp3/Gbp2/P2rx7/Tlr9/Oas1b/Oas1a/Oas3/Rpl30/Gbp7/Fgr/Aqp1/Oas1c/Gbp9/Gsdmd/Igtp/Nod2/Bcl3/Irgm1/Adamts4/Tnfrsf14/Trem1/Klrk1/Tirap/Gzmb/Rnf213/Huwe1/Serpinb9/Gbp6/Oas2/Il18/Raet1a/Iigp1/Rnase6/Slamf8/Irgm2/Gbp8/Ighm/Naip2/H2-K1",40
"GO:0042176","regulation of protein catabolic process","39/1399","430/25615",0.0906976744186047,1.66062968565587,3.3206086206757,0.00140153032680097,0.0128804446629033,0.0128804446629033,"Ubqln1/Vgll4/Ptk2/Trim30a/Wnt10b/Mdm4/Snx12/Ptpn3/F8a/Fbxo22/Nkd1/Phf20l1/Msn/Sufu/Mgat3/Ubqln2/Samd9l/Desi1/Dnajb2/Rybp/Snx33/Mycbp2/Tgfb1i1/Bag2/Dlgap1/Sorl1/Ecscr/Cdh1/Apc/Smad3/Map1a/Ldlr/Laptm5/Oaz1/Furin/Amer1/Senp1/Pml/Abca2",39
"GO:0042063","gliogenesis","37/1399","402/25615",0.0920398009950249,1.68520336132063,3.32825509311234,0.0014154159676643,0.012956726069277,0.012956726069277,"Gli3/Actr3/Ptn/Raf1/Gpm6b/Ptk2/Ror2/Shank3/Socs7/Nkx6-1/Gpc1/Sox11/Ano1/Mycn/Ccl2/Tmem98/Cntnap1/Dmd/Cysltr1/Abl2/Atp1b2/Prx/Ndp/Enpp2/Csk/Cspg4/Ezh2/Ldlr/Plec/Hmga2/Lef1/Tenm4/Ndn/Med12/Smo/Nf2/Abca2",37
"GO:0001916","positive regulation of T cell mediated cytotoxicity","10/1399","60/25615",0.166666666666667,3.05158446509411,3.82404892727273,0.00141789826069454,0.012956726069277,0.012956726069277,"Xcl1/Fadd/P2rx7/H2-T24/H2-Q7/H2-D1/H2-Q6/H2-Q4/Raet1a/H2-K1",10
"GO:0033047","regulation of mitotic sister chromatid segregation","10/1399","60/25615",0.166666666666667,3.05158446509411,3.82404892727273,0.00141789826069454,0.012956726069277,0.012956726069277,"Kntc1/Trip13/Zw10/Ttk/Atm/Spdl1/Birc5/Apc/Nuf2/Zwilch",10
"GO:0072091","regulation of stem cell proliferation","10/1399","60/25615",0.166666666666667,3.05158446509411,3.82404892727273,0.00141789826069454,0.012956726069277,0.012956726069277,"Ace/Dgcr8/Sox11/Yap1/Fbln1/Irgm1/Tbx3/Hmga2/Vegfc/Nf2",10
"GO:0000022","mitotic spindle elongation","4/1399","10/25615",0.4,7.32380271622588,4.80742235402522,0.0014263197501002,0.0129967064888563,0.0129967064888563,"Prc1/Kif4/Birc5/Racgap1",4
"GO:0002604","regulation of dendritic cell antigen processing and presentation","4/1399","10/25615",0.4,7.32380271622588,4.80742235402522,0.0014263197501002,0.0129967064888563,0.0129967064888563,"Ccr7/Fgl2/Nod2/Cd74",4
"GO:0031295","T cell costimulation","7/1399","32/25615",0.21875,4.00520461043603,4.0885532274208,0.00144006141338335,0.0130295134078516,0.0130295134078516,"Ephb4/Efnb1/Pdcd1lg2/Ccr7/Card11/Tnfrsf14/Tnfsf4",7
"GO:0032682","negative regulation of chemokine production","7/1399","32/25615",0.21875,4.00520461043603,4.0885532274208,0.00144006141338335,0.0130295134078516,0.0130295134078516,"Sigirr/Oas1g/Oas1b/Map2k5/Oas1a/Oas3/Oas1c",7
"GO:0033032","regulation of myeloid cell apoptotic process","7/1399","32/25615",0.21875,4.00520461043603,4.0885532274208,0.00144006141338335,0.0130295134078516,0.0130295134078516,"Itpkb/St6gal1/Nod2/Bcl2/Il18/Ccl5/Ccr5",7
"GO:0071605","monocyte chemotactic protein-1 production","7/1399","32/25615",0.21875,4.00520461043603,4.0885532274208,0.00144006141338335,0.0130295134078516,0.0130295134078516,"Oas1g/Oas1b/Oas1a/Oas3/Oas1c/Nod2/Clec7a",7
"GO:0071637","regulation of monocyte chemotactic protein-1 production","7/1399","32/25615",0.21875,4.00520461043603,4.0885532274208,0.00144006141338335,0.0130295134078516,0.0130295134078516,"Oas1g/Oas1b/Oas1a/Oas3/Oas1c/Nod2/Clec7a",7
"GO:0006937","regulation of muscle contraction","20/1399","175/25615",0.114285714285714,2.09251506177882,3.48565387666082,0.00145794158034584,0.0131542369552552,0.0131542369552552,"Srf/Cacna1c/Fxyd1/Ryr1/Tacr1/Lck/Dbn1/Tnni3/Arhgap42/Dmd/Cald1/Zdhhc21/Adra1b/Rem1/Htr7/Prkg1/Ehd3/Itga2/Anxa6/Pawr",20
"GO:0050770","regulation of axonogenesis","20/1399","175/25615",0.114285714285714,2.09251506177882,3.48565387666082,0.00145794158034584,0.0131542369552552,0.0131542369552552,"Srf/Actr3/Robo2/Ptk2/Shox2/Trak2/Dbn1/Megf8/Cit/Robo1/Cacna1a/Ulk2/Cxcl12/Cdh1/Arhgap35/Chn1/Map6/Ccr5/Arhgap32/Plxnc1",20
"GO:0002834","regulation of response to tumor cell","8/1399","41/25615",0.195121951219512,3.57258669084189,3.96240599738163,0.00147549181900275,0.0132567264968862,0.0132567264968862,"Xcl1/Gzmc/Prf1/Hspd1/Tnfrsf14/Klrk1/Gzmb/Klre1",8
"GO:0032232","negative regulation of actin filament bundle assembly","8/1399","41/25615",0.195121951219512,3.57258669084189,3.96240599738163,0.00147549181900275,0.0132567264968862,0.0132567264968862,"Kank2/Ppp1r9a/Arhgap28/Shank3/Dbn1/Arap1/Phldb2/Clasp1",8
"GO:0046006","regulation of activated T cell proliferation","8/1399","41/25615",0.195121951219512,3.57258669084189,3.96240599738163,0.00147549181900275,0.0132567264968862,0.0132567264968862,"Fadd/Pdcd1lg2/Il2ra/Tnfsf4/Il18/Laptm5/Igf2/Icosl",8
"GO:0099175","regulation of postsynapse organization","22/1399","201/25615",0.109452736318408,2.00402561886778,3.43480958585542,0.00153048545016342,0.0137316180612428,0.0137316180612428,"Actr3/Ppp1r9a/Ror2/Asic1/Crmp1/Shank3/Zdhhc15/Iqgap1/Psd/Prickle2/Bhlhb9/Dbn1/Shank2/Asap1/S1pr2/Abi3/Xlr3b/Smad3/Sema4c/Dock1/Arhgap32/Senp1",22
"GO:0072089","stem cell proliferation","14/1399","104/25615",0.134615384615385,2.46474129872986,3.59757793493842,0.0015638261578935,0.0140111844327864,0.0140111844327864,"Trim71/Wnt10b/Abcg2/Nes/Ace/Dgcr8/Sox11/Yap1/Fbln1/Irgm1/Tbx3/Hmga2/Vegfc/Nf2",14
"GO:0032506","cytokinetic process","9/1399","51/25615",0.176470588235294,3.23108943362906,3.83339894403273,0.00160428760538647,0.0142804352922253,0.0142804352922253,"Nup62/Iqgap3/Iqgap1/Anln/Snx33/Stx2/Racgap1/Plec/Myh9",9
"GO:0000281","mitotic cytokinesis","13/1399","93/25615",0.139784946236559,2.559393422337,3.62106379328547,0.00160455288956267,0.0142804352922253,0.0142804352922253,"Myh10/Nup62/Iqgap3/Iqgap1/Anln/Cit/Kif4/Snx33/Birc5/Stx2/Apc/Racgap1/Wnk1",13
"GO:0002562","somatic diversification of immune receptors via germline recombination within a single locus","12/1399","82/25615",0.146341463414634,2.67944001813142,3.66114438795173,0.00160499288309257,0.0142804352922253,0.0142804352922253,"Smc2/Atm/Rnf168/Sanbr/Exo1/Hspd1/Tbx21/Atad5/Tnfsf4/Ezh2/Lef1/Icosl",12
"GO:0016444","somatic cell DNA recombination","12/1399","82/25615",0.146341463414634,2.67944001813142,3.66114438795173,0.00160499288309257,0.0142804352922253,0.0142804352922253,"Smc2/Atm/Rnf168/Sanbr/Exo1/Hspd1/Tbx21/Atad5/Tnfsf4/Ezh2/Lef1/Icosl",12
"GO:0061180","mammary gland epithelium development","12/1399","82/25615",0.146341463414634,2.67944001813142,3.66114438795173,0.00160499288309257,0.0142804352922253,0.0142804352922253,"Iqgap3/Tfap2c/Sostdc1/Gli2/Robo1/Hoxa5/Brca2/Tbx3/Ccnd1/Pml/Smo/Lbh",12
"GO:0034612","response to tumor necrosis factor","25/1399","241/25615",0.103734439834025,1.8993264305565,3.37153573076638,0.00163129261306974,0.014490618702741,0.014490618702741,"Actr3/Nr2c2/Ass1/Tnfrsf18/Krt8/Irf1/Birc3/Traf3/Dbn1/Ccl2/Trim27/Casp8/Tnfrsf4/Myog/Nsmaf/Tnfrsf11b/Cldn1/Birc2/Stat1/Brca1/Eda2r/Laptm5/Ccl5/Ubd/Naip2",25
"GO:0043405","regulation of MAP kinase activity","15/1399","116/25615",0.129310344827586,2.36760863671095,3.54834313561772,0.00163312701444341,0.014490618702741,0.014490618702741,"Aida/P2rx7/Ror2/Nup62/Fzd5/Akap13/Ptpn22/Fgf1/Iqgap1/Vangl2/Arhgef5/Tirap/Csk/Map3k5/Ezh2",15
"GO:0051225","spindle assembly","17/1399","140/25615",0.121428571428571,2.22329725314,3.48847229253967,0.00166994632592798,0.0147968761348433,0.0147968761348433,"Ccsap/Kif11/Prc1/Smc1a/Pibf1/Mzt1/Nek2/Kif4/Aspm/Birc5/Mybl2/Uhrf1/Kif15/Racgap1/Clasp1/Cenpv/Ppp2r1b",17
"GO:0090287","regulation of cellular response to growth factor stimulus","32/1399","336/25615",0.0952380952380952,1.74376255148235,3.29852938546321,0.00167302475878518,0.0148037342292506,0.0148037342292506,"Agtr2/Cflar/Kdr/Rbpms2/Adgra2/Grb10/Ryr1/Glg1/Fgf1/Sostdc1/Gpc1/Fbn2/Ccbe1/Sox11/Sema6a/Scube3/Robo1/Sulf2/Mmrn1/Dmd/Rbbp7/Grem2/Cep128/Prkd2/Prdm16/Tgfb1i1/Sorl1/Smad3/Neo1/Vegfd/Furin/Vegfc",32
"GO:0048545","response to steroid hormone","34/1399","364/25615",0.0934065934065934,1.71022865626154,3.28024247553601,0.00169295535290221,0.0149594844388498,0.0149594844388498,"Agtr2/Kank2/Ass1/Tacr1/Abhd2/Akap13/Parp1/Trim63/Ugt1a7c/Cnot9/Aqp1/Rnf14/Yap1/Ccl2/Rbfox2/Bcl2/Abca3/Inhba/Rbbp7/Cldn1/Adra1b/Tbx21/Carm1/Cyp7b1/Htr7/Brca1/Tfpi/Hmga2/Kmt2d/Psmc3ip/Ccnd1/Lbh/Zfp366/Abca2",34
"GO:0098792","xenophagy","5/1399","17/25615",0.294117647058824,5.38514905604844,4.34712530969881,0.00171857449253472,0.0151442010151482,0.0151442010151482,"Igtp/Nod2/Irgm1/Rnf213/Irgm2",5
"GO:1903083","protein localization to condensed chromosome","5/1399","17/25615",0.294117647058824,5.38514905604844,4.34712530969881,0.00171857449253472,0.0151442010151482,0.0151442010151482,"Kntc1/Zw10/Ttk/Spdl1/Zwilch",5
"GO:0032633","interleukin-4 production","7/1399","33/25615",0.212121212121212,3.88383477375615,3.98434056302879,0.00174267537276951,0.0152936428888952,0.0152936428888952,"Nlrp3/Sash3/Prkcq/Tnfsf4/Lef1/Cd83/Icosl",7
"GO:0032673","regulation of interleukin-4 production","7/1399","33/25615",0.212121212121212,3.88383477375615,3.98434056302879,0.00174267537276951,0.0152936428888952,0.0152936428888952,"Nlrp3/Sash3/Prkcq/Tnfsf4/Lef1/Cd83/Icosl",7
"GO:0060669","embryonic placenta morphogenesis","7/1399","33/25615",0.212121212121212,3.88383477375615,3.98434056302879,0.00174267537276951,0.0152936428888952,0.0152936428888952,"Fzd5/Gjb5/Wnt7b/Itga4/Zfp568/Lef1/Igf2",7
"GO:1902099","regulation of metaphase/anaphase transition of cell cycle","13/1399","94/25615",0.138297872340426,2.53216583273767,3.57698576851761,0.00177085417166937,0.015519736969719,0.015519736969719,"Kntc1/Trip13/Zw10/Cdc6/Ttk/Atm/Spdl1/Birc5/Apc/Bcl7a/Smarcd1/Nuf2/Zwilch",13
"GO:0045766","positive regulation of angiogenesis","21/1399","191/25615",0.109947643979058,2.01308713404114,3.37783086313688,0.00182881991032401,0.016005911585724,0.016005911585724,"Kdr/Aplnr/Erap1/Ptgis/Fgf1/Aqp1/Itgax/Rapgef3/Gata2/Ccbe1/Emc10/Adam12/Tnn/Cysltr1/Prkd2/Brca1/Wnk1/Hmga2/Ccl5/Igf2/Vegfc",21
"GO:0010965","regulation of mitotic sister chromatid separation","10/1399","62/25615",0.161290322580645,2.95314625654269,3.70088865169537,0.00183220337564263,0.0160137067824875,0.0160137067824875,"Kntc1/Trip13/Zw10/Ttk/Atm/Spdl1/Birc5/Apc/Nuf2/Zwilch",10
"GO:0061351","neural precursor cell proliferation","23/1399","217/25615",0.105990783410138,1.9406389685852,3.3446403898803,0.00185462561933246,0.0161876562209127,0.0161876562209127,"Gli3/Ptn/Trim71/Zzef1/Shank3/Nde1/Nes/Wnt7b/Tafa1/Gata2/Dbn1/Bex1/Tacc2/Aspm/Kif14/Cdon/Racgap1/Hmga2/Lef1/Ccr5/Vegfc/Smo/Nf2",23
"GO:0043124","negative regulation of canonical NF-kappaB signal transduction","14/1399","106/25615",0.132075471698113,2.41823674592364,3.51682943075929,0.0018794349315096,0.0163377455994345,0.0163377455994345,"Map2k5/Igtp/Zmynd11/Nod2/Il1rl1/Casp8/Parp10/Tspan6/Irgm1/Rhoh/Huwe1/Stat1/Nlrc5/Irgm2",14
"GO:0002495","antigen processing and presentation of peptide antigen via MHC class II","6/1399","25/25615",0.24,4.39428162973553,4.08111742628634,0.00189471053418099,0.0163377455994345,0.0163377455994345,"H2-Aa/H2-Ab1/H2-DMb1/Cd74/H2-DMa/H2-Eb1",6
"GO:0002836","positive regulation of response to tumor cell","6/1399","25/25615",0.24,4.39428162973553,4.08111742628634,0.00189471053418099,0.0163377455994345,0.0163377455994345,"Xcl1/Gzmc/Prf1/Hspd1/Klrk1/Gzmb",6
"GO:0002839","positive regulation of immune response to tumor cell","6/1399","25/25615",0.24,4.39428162973553,4.08111742628634,0.00189471053418099,0.0163377455994345,0.0163377455994345,"Xcl1/Gzmc/Prf1/Hspd1/Klrk1/Gzmb",6
"GO:0010759","positive regulation of macrophage chemotaxis","6/1399","25/25615",0.24,4.39428162973553,4.08111742628634,0.00189471053418099,0.0163377455994345,0.0163377455994345,"Ptk2/Ccr7/Ccl2/Cmklr1/Trem1/Ccl5",6
"GO:0010818","T cell chemotaxis","6/1399","25/25615",0.24,4.39428162973553,4.08111742628634,0.00189471053418099,0.0163377455994345,0.0163377455994345,"Xcl1/Ccr7/Cxcl12/Wnk1/Plec/Ccl5",6
"GO:0043586","tongue development","6/1399","25/25615",0.24,4.39428162973553,4.08111742628634,0.00189471053418099,0.0163377455994345,0.0163377455994345,"Gli3/Wnt10b/Wnt10a/Hand2/Prdm16/Lef1",6
"GO:0060216","definitive hemopoiesis","6/1399","25/25615",0.24,4.39428162973553,4.08111742628634,0.00189471053418099,0.0163377455994345,0.0163377455994345,"Gata2/Rbfox2/Hoxa9/Kmt2a/Adar/Senp1",6
"GO:0060544","regulation of necroptotic process","6/1399","25/25615",0.24,4.39428162973553,4.08111742628634,0.00189471053418099,0.0163377455994345,0.0163377455994345,"Cflar/Fadd/Parp1/Birc3/Casp8/Birc2",6
"GO:0007517","muscle organ development","35/1399","381/25615",0.0918635170603675,1.68197568942195,3.22355205589359,0.00193487637523011,0.0166332025959349,0.0166332025959349,"Cflar/Ass1/Ryr1/Wnt10b/Asb2/Fbxo22/Pitx2/Shox2/Gpc1/Plagl1/Fktn/Cenpf/Zfp609/Tnni3/Vangl2/Sox11/Bcl2/Hivep3/Svil/Cntnap1/Fzd2/Myog/Dmd/Chrna1/Ttn/Jph2/Cdon/Ly6e/Smad3/Plec/Lef1/Xirp2/Igf2/Smo/Usp2",35
"GO:0006939","smooth muscle contraction","15/1399","118/25615",0.127118644067797,2.3274796767667,3.47392708295972,0.0019393319963193,0.0166332025959349,0.0166332025959349,"Srf/Cacna1c/Tacr1/Lck/Tshz3/Tnni3/Arhgap42/Sulf2/Cald1/Zdhhc21/Htr7/Prkg1/Tbx3/Itga2/Pawr",15
"GO:0090263","positive regulation of canonical Wnt signaling pathway","15/1399","118/25615",0.127118644067797,2.3274796767667,3.47392708295972,0.0019393319963193,0.0166332025959349,0.0166332025959349,"Adgra2/Ror2/Wnt10b/Eda/Usp34/Lrrk1/Peg12/Yap1/Sulf2/Aspm/Jrk/Smad3/Wnk1/Amer1/Rspo4",15
"GO:1903707","negative regulation of hemopoiesis","15/1399","118/25615",0.127118644067797,2.3274796767667,3.47392708295972,0.0019393319963193,0.0166332025959349,0.0166332025959349,"Gli3/Hoxa7/Fgl2/Irf1/Gata2/Loxl3/Irgm1/Tnfrsf11b/Tbx21/Prdm16/Cd74/Tmem176a/Tnfsf4/Clec2d/Tmem176b",15
"GO:0071356","cellular response to tumor necrosis factor","23/1399","218/25615",0.105504587155963,1.93173695496783,3.32067761225683,0.00196892302003455,0.0168644819742692,0.0168644819742692,"Actr3/Nr2c2/Ass1/Tnfrsf18/Krt8/Irf1/Birc3/Traf3/Dbn1/Ccl2/Trim27/Tnfrsf4/Myog/Nsmaf/Tnfrsf11b/Cldn1/Birc2/Stat1/Brca1/Eda2r/Laptm5/Ccl5/Naip2",23
"GO:0072001","renal system development","36/1399","396/25615",0.0909090909090909,1.66450061732406,3.2031362082936,0.00201063207442244,0.0171988021918639,0.0171988021918639,"Gli3/Agtr2/Kank2/Cflar/Wnt6/Robo2/Fadd/Ass1/Schip1/Kif26b/Fgf1/Aqp1/Ace/Iqgap1/Wnt7b/Cenpf/Tshz3/Gli2/Vangl2/Sox11/Smad5/Ren1/Yap1/Bcl2/Robo1/Sulf2/Dync2h1/Tfap2a/Apc/Smad3/Ezh2/Stat1/Il6ra/Amer1/Hoxb7/Smo",36
"GO:0033045","regulation of sister chromatid segregation","14/1399","107/25615",0.130841121495327,2.39563640250379,3.47714121850683,0.00205602271879779,0.0175403584934356,0.0175403584934356,"Kntc1/Trip13/Zw10/Cdc6/Ttk/Atm/Cit/Spdl1/Birc5/Apc/Bcl7a/Smarcd1/Nuf2/Zwilch",14
"GO:0070227","lymphocyte apoptotic process","14/1399","107/25615",0.130841121495327,2.39563640250379,3.47714121850683,0.00205602271879779,0.0175403584934356,0.0175403584934356,"Gli3/Fadd/P2rx7/Il2ra/Siglec1/Casp8/Tnfrsf4/Prkd2/Cd74/Prkcq/Tnfsf4/Serpinb9/Slc39a10/Ccl5",14
"GO:0031294","lymphocyte costimulation","7/1399","34/25615",0.205882352941176,3.76960433923391,3.8841392063136,0.00209241150865091,0.017803511962349,0.017803511962349,"Ephb4/Efnb1/Pdcd1lg2/Ccr7/Card11/Tnfrsf14/Tnfsf4",7
"GO:1902751","positive regulation of cell cycle G2/M phase transition","7/1399","34/25615",0.205882352941176,3.76960433923391,3.8841392063136,0.00209241150865091,0.017803511962349,0.017803511962349,"Dyrk3/Wnt10b/Cdc25a/Rrm1/Atad5/Ccnd1/Chek1",7
"GO:0001892","embryonic placenta development","15/1399","119/25615",0.126050420168067,2.30792102402076,3.437283332653,0.00210949707484813,0.0178778485604543,0.0178778485604543,"Fzd5/Gjb5/Krt8/Nrk/Wnt7b/Gata2/E2f8/Hs6st1/Vash1/Itga4/Bptf/Zfp568/Plac1/Lef1/Igf2",15
"GO:0032612","interleukin-1 production","15/1399","119/25615",0.126050420168067,2.30792102402076,3.437283332653,0.00210949707484813,0.0178778485604543,0.0178778485604543,"Nlrp3/P2rx7/Fzd5/Inava/Ccr7/Tlr8/Il1r2/Gsdmd/Nod2/Casp8/Smad3/Clec7a/Ccr5/Pml/Panx1",15
"GO:0032652","regulation of interleukin-1 production","15/1399","119/25615",0.126050420168067,2.30792102402076,3.437283332653,0.00210949707484813,0.0178778485604543,0.0178778485604543,"Nlrp3/P2rx7/Fzd5/Inava/Ccr7/Tlr8/Il1r2/Gsdmd/Nod2/Casp8/Smad3/Clec7a/Ccr5/Pml/Panx1",15
"GO:0031111","negative regulation of microtubule polymerization or depolymerization","9/1399","53/25615",0.169811320754717,3.10916153047325,3.6944238303479,0.00211947323797196,0.0179387300141395,0.0179387300141395,"Stmn2/Nav3/Camsap2/Hdgfl3/Apc/Mid1/Map1a/Camsap1/Clasp1",9
"GO:0042270","protection from natural killer cell mediated cytotoxicity","4/1399","11/25615",0.363636363636364,6.65800246929625,4.51130221609583,0.0021448132333792,0.0181054930502338,0.0181054930502338,"Serpinb9b/Tap1/Serpinb9/Clec2d",4
"GO:0140507","granzyme-mediated programmed cell death signaling pathway","4/1399","11/25615",0.363636363636364,6.65800246929625,4.51130221609583,0.0021448132333792,0.0181054930502338,0.0181054930502338,"Nkg7/Gzmc/Prf1/Gzmb",4
"GO:0002707","negative regulation of lymphocyte mediated immunity","11/1399","74/25615",0.148648648648649,2.7216834418407,3.56489358131038,0.0021786915757886,0.0183673421034987,0.0183673421034987,"Sh2d1b1/Klrb1b/Klrd1/Nod2/Serpinb9b/Tbx21/Tap1/Serpinb9/Klre1/Clec2d/Igf2",11
"GO:0008625","extrinsic apoptotic signaling pathway via death domain receptors","12/1399","85/25615",0.141176470588235,2.58487154690325,3.51782701669558,0.00219419496347631,0.0184255012357801,0.0184255012357801,"Cflar/Raf1/Fadd/Madd/Pidd1/Bcl2/Casp8/Brca1/Il18/Sp100/Fem1b/Zdhhc3",12
"GO:0033627","cell adhesion mediated by integrin","12/1399","85/25615",0.141176470588235,2.58487154690325,3.51782701669558,0.00219419496347631,0.0184255012357801,0.0184255012357801,"Piezo1/Ptk2/Col16a1/Itgbl1/Itgax/Itga4/Mmrn1/Skap1/Wnk1/Ccl5/Itga2/Itgal",12
"GO:0140895","cell surface toll-like receptor signaling pathway","12/1399","85/25615",0.141176470588235,2.58487154690325,3.51782701669558,0.00219419496347631,0.0184255012357801,0.0184255012357801,"Oas1g/Oas1b/Ptpn22/Rab7b/Oas1a/Scimp/Oas1c/Traf3/Letmd1/Nod2/Tril/Tirap",12
"GO:0007512","adult heart development","5/1399","18/25615",0.277777777777778,5.08597410849019,4.16805733605804,0.00227343810566536,0.0189669693386938,0.0189669693386938,"Myh10/Aplnr/Hand2/Ttn/Adra1b",5
"GO:0035269","protein O-linked glycosylation via mannose","5/1399","18/25615",0.277777777777778,5.08597410849019,4.16805733605804,0.00227343810566536,0.0189669693386938,0.0189669693386938,"Crppa/Fktn/Pomgnt2/Tmtc4/Tmtc2",5
"GO:0044406","adhesion of symbiont to host","5/1399","18/25615",0.277777777777778,5.08597410849019,4.16805733605804,0.00227343810566536,0.0189669693386938,0.0189669693386938,"Gbp2/Gbp7/Gbp9/Gbp6/Lrrc15",5
"GO:0045059","positive thymic T cell selection","5/1399","18/25615",0.277777777777778,5.08597410849019,4.16805733605804,0.00227343810566536,0.0189669693386938,0.0189669693386938,"Srf/Itpkb/Dock2/Cd74/H2-DMa",5
"GO:0060546","negative regulation of necroptotic process","5/1399","18/25615",0.277777777777778,5.08597410849019,4.16805733605804,0.00227343810566536,0.0189669693386938,0.0189669693386938,"Cflar/Fadd/Birc3/Casp8/Birc2",5
"GO:0019722","calcium-mediated signaling","25/1399","247/25615",0.101214574898785,1.85318894641343,3.23852264569239,0.0022829140729329,0.0190213229630622,0.0190213229630622,"Grin2d/Fhl2/Ncam1/Kdr/Cacna1c/Ppp1r9a/Ryr1/Ccr7/Alms1/Rcan2/Tnni3/Igtp/Cmklr1/Camkk2/Plcg2/Dmd/Irgm1/Samd14/Rem1/Cxcr6/Cmya5/Clec7a/Ccr5/Irgm2/Itgal",25
"GO:0060419","heart growth","16/1399","132/25615",0.121212121212121,2.21933415643208,3.37583167614549,0.00229454707285018,0.0190934849688984,0.0190934849688984,"Agtr2/Pi16/Ncam1/Vgll4/Abcg2/Akap13/Fgf1/Yap1/Ccnd2/Gli1/Ttn/Adra1b/Apc/Prkg1/Tenm4/Mapk11",16
"GO:2001236","regulation of extrinsic apoptotic signaling pathway","20/1399","182/25615",0.10989010989011,2.01203371324887,3.29327679729632,0.00233209527471704,0.019380828001012,0.019380828001012,"Agtr2/Cflar/Raf1/Fadd/Map2k5/Madd/Zmynd11/Yap1/Siglec1/Bcl2/Casp8/Tnfrsf4/Inhba/Il7/Tnfsf4/Brca1/Ppp2r1b/Sp100/Pml/Fem1b",20
"GO:0045844","positive regulation of striated muscle tissue development","6/1399","26/25615",0.230769230769231,4.22527079782262,3.95478207558903,0.00235062355289415,0.0194342415750219,0.0194342415750219,"Shox2/Bcl2/Myog/Cdon/Igf2/Usp2",6
"GO:0048636","positive regulation of muscle organ development","6/1399","26/25615",0.230769230769231,4.22527079782262,3.95478207558903,0.00235062355289415,0.0194342415750219,0.0194342415750219,"Shox2/Bcl2/Myog/Cdon/Igf2/Usp2",6
"GO:0085020","protein K6-linked ubiquitination","6/1399","26/25615",0.230769230769231,4.22527079782262,3.95478207558903,0.00235062355289415,0.0194342415750219,0.0194342415750219,"Rnf144a/Rnf14/Bard1/Ube2s/Brca1/Trim21",6
"GO:1901863","positive regulation of muscle tissue development","6/1399","26/25615",0.230769230769231,4.22527079782262,3.95478207558903,0.00235062355289415,0.0194342415750219,0.0194342415750219,"Shox2/Bcl2/Myog/Cdon/Igf2/Usp2",6
"GO:0045879","negative regulation of smoothened signaling pathway","8/1399","44/25615",0.181818181818182,3.32900123464813,3.71636667238574,0.0023677526767467,0.0194904540065456,0.0194904540065456,"Gli3/Ptch2/Wnt7b/Sufu/Gli2/Megf8/Prkacb/Gpr161",8
"GO:1902742","apoptotic process involved in development","8/1399","44/25615",0.181818181818182,3.32900123464813,3.71636667238574,0.0023677526767467,0.0194904540065456,0.0194904540065456,"Kcnq1ot1/Fzd5/Wnt7b/Hand2/Lef1/Ppp2r1b/Chek1/Pml",8
"GO:0043467","regulation of generation of precursor metabolites and energy","18/1399","157/25615",0.114649681528662,2.09917912248512,3.32049256331205,0.00236955862065879,0.0194904540065456,0.0194904540065456,"Sorbs1/Oas1g/Grb10/P2rx7/Irs1/Phka1/Ppp1r3d/Oas1b/Slc2a6/Oas1a/Trim63/Oas1c/Pask/Myog/Adra1b/Prdm16/Cxxc5/Igf2",18
"GO:0051783","regulation of nuclear division","18/1399","157/25615",0.114649681528662,2.09917912248512,3.32049256331205,0.00236955862065879,0.0194904540065456,0.0194904540065456,"Rad1/Kntc1/Rad51ap1/Nup62/Trip13/Zw10/Ttk/Atm/Spdl1/Mki67/Birc5/Bora/Apc/Npr2/Nuf2/Igf2/Zwilch/Chek1",18
"GO:1901880","negative regulation of protein depolymerization","12/1399","86/25615",0.13953488372093,2.55481490100903,3.4714217004495,0.0024259220169666,0.0199285460831118,0.0199285460831118,"Lima1/Stmn2/Nav3/Camsap2/Svil/Hdgfl3/Apc/Mid1/Map1a/Camsap1/Clasp1/Sptbn2",12
"GO:0044773","mitotic DNA damage checkpoint signaling","11/1399","75/25615",0.146666666666667,2.68539432928282,3.51332292419633,0.00242966851316246,0.0199338320926637,0.0199338320926636,"Mre11a/Map3k20/Ticrr/Hus1/Eme1/Atm/Mbd4/Brca1/Fancd2/Ccnd1/Chek1",11
"GO:0050890","cognition","37/1399","415/25615",0.0891566265060241,1.63241385843589,3.12191814659023,0.00245400605683559,0.0201078251391732,0.0201078251391732,"Srf/Nts/Aff2/Ncam1/Ptn/Cacna1c/Jph4/Slc11a2/Tacr1/Eif4ebp2/Asic1/Cnr1/Abcg2/En1/Fen1/Zzef1/Shank3/Rcan2/Rapgef3/Bhlhb9/Mgat3/Ap1s2/Shank2/Ccnd2/Shroom4/Kmt2a/Ptchd1/Adra1b/Abl2/Cyp7b1/Htr7/Bcl7a/Synpo/Map1a/Ldlr/Lhx8/Igf2",37
"GO:0002573","myeloid leukocyte differentiation","28/1399","289/25615",0.0968858131487889,1.77393145375713,3.18027352159844,0.00246233567591335,0.020150375009003,0.020150375009003,"Hoxa7/Cflar/Spib/Fadd/Ror2/Abcg2/Ccr7/Lbr/Lrrk1/Dlk1/Gata2/Rbp1/Gimap3/Farp2/Il1rl1/Casp8/Coro1c/Tnfrsf11b/Prdm16/Cd74/Ndp/Apc/Ccl5/Myh9/Lef1/Clec2d/Fam3c/Ubd",28
"GO:0043279","response to alkaloid","15/1399","121/25615",0.12396694214876,2.26977356907827,3.36508728087138,0.00248714735531998,0.020280177665014,0.020280177665014,"Fancb/Ncam1/Fadd/Rad51/Ryr1/Irs1/Cnr1/En1/Parp1/Prss2/Htr1b/Adra1b/Smad3/Dlg4/Sdk1",15
"GO:0006884","cell volume homeostasis","7/1399","35/25615",0.2,3.66190135811294,3.78766940369989,0.00249398199803254,0.020280177665014,0.020280177665014,"P2rx7/Shank3/Aqp1/Ano6/Slc12a7/Wnk1/Gprc5b",7
"GO:0030947","regulation of vascular endothelial growth factor receptor signaling pathway","7/1399","35/25615",0.2,3.66190135811294,3.78766940369989,0.00249398199803254,0.020280177665014,0.020280177665014,"Kdr/Grb10/Robo1/Mmrn1/Prkd2/Vegfd/Vegfc",7
"GO:0036037","CD8-positive, alpha-beta T cell activation","7/1399","35/25615",0.2,3.66190135811294,3.78766940369989,0.00249398199803254,0.020280177665014,0.020280177665014,"Xcl1/Ptpn22/Irf1/Igtp/Bcl2/Clec4a1/Wdfy4",7
"GO:0043129","surfactant homeostasis","7/1399","35/25615",0.2,3.66190135811294,3.78766940369989,0.00249398199803254,0.020280177665014,0.020280177665014,"Oas1g/Kdr/Oas1b/Oas1a/Oas1c/Abca3/Napsa",7
"GO:0002237","response to molecule of bacterial origin","40/1399","459/25615",0.0871459694989107,1.59559972031065,3.09482709730663,0.00253537987830829,0.0205907463189033,0.0205907463189033,"Arid5a/Nlrp3/Nr2c2/Gbp2/P2rx7/Ass1/Il12rb2/Fzd5/Trim30a/Pdcd1lg2/Cnr1/Inava/Tlr9/Ccr7/Ptpn22/Scimp/Cd55/Ace/Letmd1/Igtp/Ren1/Ccl2/Nod2/Zfp709/Cmpk2/Mapkapk3/Plcg2/Irgm1/Cldn1/Klrk1/Tirap/Tfap2a/Tnfsf4/Gbp6/Stat1/Il18/Raet1a/Ccr5/Irgm2/Fcgr4",40
"GO:0002381","immunoglobulin production involved in immunoglobulin-mediated immune response","10/1399","65/25615",0.153846153846154,2.81684719854841,3.52513688284923,0.00263176643576924,0.0213149798611466,0.0213149798611466,"Xcl1/Rnf168/Sanbr/Exo1/Hspd1/Tbx21/Atad5/Tnfsf4/Ighm/Icosl",10
"GO:0051306","mitotic sister chromatid separation","10/1399","65/25615",0.153846153846154,2.81684719854841,3.52513688284923,0.00263176643576924,0.0213149798611466,0.0213149798611466,"Kntc1/Trip13/Zw10/Ttk/Atm/Spdl1/Birc5/Apc/Nuf2/Zwilch",10
"GO:0098727","maintenance of cell number","23/1399","223/25615",0.103139013452915,1.88842446718829,3.20273380040545,0.00263451027549041,0.0213149798611466,0.0213149798611466,"Ptn/Kat6a/Raf1/Smc1a/Tfap2c/Gata2/Vangl2/Yap1/Rbbp7/Aspm/Prdm16/Apc/Bcl7a/Tbx3/Smarcd1/Ezh2/Fancd2/Hmga2/Tead1/Med12/Smo/Lbh/Ddx6",23
"GO:0033157","regulation of intracellular protein transport","20/1399","184/25615",0.108695652173913,1.99016378158312,3.23989238435455,0.00265091941475739,0.0214207626671716,0.0214207626671716,"Gli3/Agtr2/Nutf2/Nup62/Ptpn22/Ubac2/Rapgef3/Peg12/Bard1/Uhmk1/Ptpn14/Sorl1/Cdh1/Prkcq/Brca1/Ipo5/Oaz1/Sp100/Smo/Prr5l",20
"GO:0048754","branching morphogenesis of an epithelial tube","21/1399","197/25615",0.106598984771574,1.95177483554243,3.22324263765862,0.00266565271409426,0.0214933607192711,0.0214933607192711,"Gli3/Srf/Agtr2/Kdr/Wnt6/Fgf1/Tfap2c/Pitx2/Gli2/Vangl2/Mycn/Yap1/Bcl2/Hoxa5/Cxcl12/Tbx3/Hmga2/Lef1/Hoxb7/Pml/Smo",21
"GO:0042157","lipoprotein metabolic process","14/1399","110/25615",0.127272727272727,2.33030086425369,3.36070125172107,0.00266994113542626,0.0214933607192711,0.0214933607192711,"Lipg/Hhat/Zdhhc15/Apol10b/Apol7e/Igtp/Atm/Apol7a/Irgm1/Zdhhc21/Apol8/Ldlr/Irgm2/Zdhhc3",14
"GO:0099068","postsynapse assembly","14/1399","110/25615",0.127272727272727,2.33030086425369,3.36070125172107,0.00266994113542626,0.0214933607192711,0.0214933607192711,"Asic1/Crmp1/Shank3/Nptxr/Iqgap1/Psd/Prickle2/S1pr2/Abi3/Sema4c/Dock1/Arhgap32/Senp1/Sptbn2",14
"GO:0032757","positive regulation of interleukin-8 production","12/1399","87/25615",0.137931034482759,2.52544921249168,3.42566854256283,0.00267719938214929,0.0215248170599838,0.0215248170599838,"Rigi/Fadd/Tlr9/Tlr8/Nod2/Afap1l2/Prkd2/Cd74/Tirap/Il18/Clec7a/Zfp580",12
"GO:0007088","regulation of mitotic nuclear division","15/1399","122/25615",0.122950819672131,2.25116886769238,3.3295207644384,0.00269597389607107,0.0216486703854507,0.0216486703854507,"Kntc1/Nup62/Trip13/Zw10/Ttk/Atm/Spdl1/Mki67/Birc5/Bora/Apc/Nuf2/Igf2/Zwilch/Chek1",15
"GO:0034142","toll-like receptor 4 signaling pathway","11/1399","76/25615",0.144736842105263,2.6500601933712,3.46258940084987,0.00270351925971929,0.0216821569593467,0.0216821569593467,"Oas1g/Oas1b/Ptpn22/Rab7b/Oas1a/Scimp/Oas1c/Traf3/Letmd1/Tril/Tirap",11
"GO:0006862","nucleotide transport","8/1399","45/25615",0.177777777777778,3.25502342943372,3.63905238371267,0.00274415609708558,0.0219259437408927,0.0219259437408927,"Lrrc8b/P2rx7/Lrrc8c/Ank/Abcc4/Slc25a32/Calhm2/Panx1",8
"GO:0043506","regulation of JUN kinase activity","8/1399","45/25615",0.177777777777778,3.25502342943372,3.63905238371267,0.00274415609708558,0.0219259437408927,0.0219259437408927,"Aida/Ror2/Fzd5/Ptpn22/Vangl2/Arhgef5/Tirap/Map3k5",8
"GO:0070873","regulation of glycogen metabolic process","8/1399","45/25615",0.177777777777778,3.25502342943372,3.63905238371267,0.00274415609708558,0.0219259437408927,0.0219259437408927,"Sorbs1/Grb10/Irs1/Phka1/Ppp1r3d/Pask/Adra1b/Igf2",8
"GO:1990776","response to angiotensin","9/1399","55/25615",0.163636363636364,2.99610111118331,3.56188433301543,0.00275843870551826,0.022012683533229,0.022012683533229,"Agtr2/Ace/Iqgap1/Cdc6/Ren1/Rbfox2/Inhba/Smad3/Nono",9
"GO:0071216","cellular response to biotic stimulus","32/1399","347/25615",0.0922190201729107,1.68848477607513,3.10363042509792,0.00277436616091718,0.0221123178880049,0.0221123178880049,"Arid5a/Nlrp3/Nr2c2/Gbp2/Ass1/Fzd5/Trim30a/Pdcd1lg2/Tlr9/Smc1a/Ptpn22/Scimp/Cd55/Eme1/Igtp/Ccl2/Nod2/Zfp709/Cmpk2/Plcg2/Irgm1/Klrk1/Tirap/Tnfsf4/Gbp6/Stat1/Il18/Raet1a/Clec7a/Ccr5/Irgm2/Fcgr4",32
"GO:0062208","positive regulation of pattern recognition receptor signaling pathway","13/1399","99/25615",0.131313131313131,2.40427866946809,3.36481317264827,0.00283008280649251,0.0225284410767136,0.0225284410767136,"Nlrp3/Gbp2/P2rx7/Slc15a3/Tlr9/Zcchc3/Ptpn22/Adcy7/Oasl1/Plcg2/Tirap/Sting1/Zdhhc3",13
"GO:0002066","columnar/cuboidal epithelial cell development","6/1399","27/25615",0.222222222222222,4.06877928679215,3.83464991478637,0.00288435932183575,0.0227732999253507,0.0227732999253507,"Tlr9/Nkx3-2/Yap1/Hoxa5/Cdh1/Yipf6",6
"GO:0002504","antigen processing and presentation of peptide or polysaccharide antigen via MHC class II","6/1399","27/25615",0.222222222222222,4.06877928679215,3.83464991478637,0.00288435932183575,0.0227732999253507,0.0227732999253507,"H2-Aa/H2-Ab1/H2-DMb1/Cd74/H2-DMa/H2-Eb1",6
"GO:0007413","axonal fasciculation","6/1399","27/25615",0.222222222222222,4.06877928679215,3.83464991478637,0.00288435932183575,0.0227732999253507,0.0227732999253507,"Ncam1/Cnr1/Epha3/Megf8/Arhgap35/Ndn",6
"GO:0042104","positive regulation of activated T cell proliferation","6/1399","27/25615",0.222222222222222,4.06877928679215,3.83464991478637,0.00288435932183575,0.0227732999253507,0.0227732999253507,"Fadd/Il2ra/Tnfsf4/Il18/Igf2/Icosl",6
"GO:0060575","intestinal epithelial cell differentiation","6/1399","27/25615",0.222222222222222,4.06877928679215,3.83464991478637,0.00288435932183575,0.0227732999253507,0.0227732999253507,"Tlr9/Nkx3-2/Yap1/Hoxa5/Cdh1/Yipf6",6
"GO:0106030","neuron projection fasciculation","6/1399","27/25615",0.222222222222222,4.06877928679215,3.83464991478637,0.00288435932183575,0.0227732999253507,0.0227732999253507,"Ncam1/Cnr1/Epha3/Megf8/Arhgap35/Ndn",6
"GO:0022612","gland morphogenesis","16/1399","135/25615",0.118518518518519,2.17001561962248,3.27608520064778,0.00288565786725334,0.0227732999253507,0.0227732999253507,"Gli3/Eda/Tfap2c/Sostdc1/Msn/Ntn4/Plxna1/Gli2/Ccl2/Bcl2/Robo1/Cyp7b1/Cdh1/Tbx3/Pml/Fem1b",16
"GO:0001942","hair follicle development","14/1399","111/25615",0.126126126126126,2.30930716277393,3.3227314273517,0.00290528708224873,0.0228720149710365,0.0228720149710365,"Wnt10b/Acvr1b/Eda/Tfap2c/Sostdc1/Wnt10a/Gli2/Vangl2/Bcl2/Pkp3/Inhba/Zdhhc21/Apc/Smo",14
"GO:0045132","meiotic chromosome segregation","14/1399","111/25615",0.126126126126126,2.30930716277393,3.3227314273517,0.00290528708224873,0.0228720149710365,0.0228720149710365,"Espl1/Actr3/Top2a/Trip13/Brip1/Smc2/Ttk/Atm/Aspm/Brca2/Fancd2/Psmc3ip/Nuf2/Cenpv",14
"GO:0032695","negative regulation of interleukin-12 production","5/1399","19/25615",0.263157894736842,4.81829126067492,4.00180717968611,0.00294798298122224,0.0231231290248739,0.0231231290248738,"Ccr7/Tlr8/Pibf1/Nod2/Cmklr1",5
"GO:0044027","negative regulation of gene expression via chromosomal CpG island methylation","5/1399","19/25615",0.263157894736842,4.81829126067492,4.00180717968611,0.00294798298122224,0.0231231290248739,0.0231231290248738,"Kcnq1ot1/Uhrf1/Brca1/Rsl1/Dnmt1",5
"GO:0060033","anatomical structure regression","5/1399","19/25615",0.263157894736842,4.81829126067492,4.00180717968611,0.00294798298122224,0.0231231290248739,0.0231231290248738,"Wnt7b/Gli2/Smad5/Gli1/Lef1",5
"GO:0002274","myeloid leukocyte activation","28/1399","293/25615",0.0955631399317406,1.74971395950789,3.10224977120776,0.00299528749617413,0.0234655205797837,0.0234655205797837,"Ptpre/Cnr1/Tlr9/Cbl/Fgr/Dock2/Gata2/Il18rap/Gimap3/Atm/Il1rl1/Plcg2/Irgm1/Hspd1/Calhm2/Rhoh/Myo18a/Slc7a2/Hspa12a/Klrk1/Il18/Ldlr/Crtc3/Ccl5/Ighm/Ubd/Fcgr4/Cplx2",28
"GO:0051865","protein autoubiquitination","11/1399","77/25615",0.142857142857143,2.61564382722353,3.41266692057852,0.00300172418746921,0.0234873035082853,0.0234873035082853,"Obi1/Trim71/Trim30a/Cbl/Rnf187/Uhrf1/Rnf213/Rnf183/Brca1/Dtx3l/Trim21",11
"GO:0097696","cell surface receptor signaling pathway via STAT","21/1399","199/25615",0.105527638190955,1.93215900804954,3.17292125475775,0.00300792994673878,0.0235072286835157,0.0235072286835157,"Mgat5/Il12rb2/Tnfrsf18/Gbp7/Parp14/Lck/Loxl3/Pibf1/Bcl3/Csf2rb/Parp9/Il15ra/Ctf1/Stat1/Il18/Il6ra/Hmga2/Ccl5/Gfra2/Fam3c/Nf2",21
"GO:0032741","positive regulation of interleukin-18 production","4/1399","12/25615",0.333333333333333,6.10316893018823,4.24992724916096,0.0030789157959852,0.023744243785605,0.023744243785605,"Nlrp3/Tlr9/Gsdmd/Dhx9",4
"GO:0033313","meiotic cell cycle checkpoint signaling","4/1399","12/25615",0.333333333333333,6.10316893018823,4.24992724916096,0.0030789157959852,0.023744243785605,0.023744243785605,"Rad1/Hus1/Trip13/Ttk",4
"GO:0035745","T-helper 2 cell cytokine production","4/1399","12/25615",0.333333333333333,6.10316893018823,4.24992724916096,0.0030789157959852,0.023744243785605,0.023744243785605,"Xcl1/Nlrp3/Dennd1b/Tbx21",4
"GO:0045628","regulation of T-helper 2 cell differentiation","4/1399","12/25615",0.333333333333333,6.10316893018823,4.24992724916096,0.0030789157959852,0.023744243785605,0.023744243785605,"Nlrp3/Irf1/Tnfsf4/Il18",4
"GO:0048742","regulation of skeletal muscle fiber development","4/1399","12/25615",0.333333333333333,6.10316893018823,4.24992724916096,0.0030789157959852,0.023744243785605,0.023744243785605,"Fbxo22/Shox2/Bcl2/Myog",4
"GO:0051135","positive regulation of NK T cell activation","4/1399","12/25615",0.333333333333333,6.10316893018823,4.24992724916096,0.0030789157959852,0.023744243785605,0.023744243785605,"Rasal3/Il12rb2/Hsph1/Il18",4
"GO:0051255","spindle midzone assembly","4/1399","12/25615",0.333333333333333,6.10316893018823,4.24992724916096,0.0030789157959852,0.023744243785605,0.023744243785605,"Prc1/Kif4/Birc5/Racgap1",4
"GO:0070213","protein auto-ADP-ribosylation","4/1399","12/25615",0.333333333333333,6.10316893018823,4.24992724916096,0.0030789157959852,0.023744243785605,0.023744243785605,"Parp11/Parp1/Parp10/Parp12",4
"GO:1904415","regulation of xenophagy","4/1399","12/25615",0.333333333333333,6.10316893018823,4.24992724916096,0.0030789157959852,0.023744243785605,0.023744243785605,"Igtp/Nod2/Irgm1/Irgm2",4
"GO:1904417","positive regulation of xenophagy","4/1399","12/25615",0.333333333333333,6.10316893018823,4.24992724916096,0.0030789157959852,0.023744243785605,0.023744243785605,"Igtp/Nod2/Irgm1/Irgm2",4
"GO:2000551","regulation of T-helper 2 cell cytokine production","4/1399","12/25615",0.333333333333333,6.10316893018823,4.24992724916096,0.0030789157959852,0.023744243785605,0.023744243785605,"Xcl1/Nlrp3/Dennd1b/Tbx21",4
"GO:0007368","determination of left/right symmetry","16/1399","136/25615",0.117647058823529,2.15405962241938,3.24341758557354,0.00310867708622841,0.0239163372478219,0.0239163372478219,"Srf/Aplnr/Asb2/Pitx2/Nkx3-2/Hand2/Sufu/Megf8/Vangl2/C2cd3/Dync2h1/Mical2/Pkd1l1/Tbx3/Smad3/Smo",16
"GO:0051983","regulation of chromosome segregation","16/1399","136/25615",0.117647058823529,2.15405962241938,3.24341758557354,0.00310867708622841,0.0239163372478219,0.0239163372478219,"Kntc1/Trip13/Zw10/Smc2/Cdc6/Ttk/Atm/Cit/Spdl1/Birc5/Apc/Bcl7a/Smarcd1/Ncapd2/Nuf2/Zwilch",16
"GO:0021872","forebrain generation of neurons","14/1399","112/25615",0.125,2.28868834882059,3.2851683779145,0.00315737650517502,0.024261945776608,0.024261945776608,"Gli3/Robo2/Shank3/Tfap2c/D16Ertd472e/Plxna1/Gata2/Robo1/Inhba/Aspm/Tfap2a/Gdpd5/Lef1/Lhx8",14
"GO:0008361","regulation of cell size","22/1399","213/25615",0.103286384976526,1.89112276710058,3.13898862014688,0.00316480382544694,0.0242674559052152,0.0242674559052152,"Srf/Actr3/P2rx7/Iqgap3/Shank3/Nkx6-1/Aqp1/Rapgef3/Msn/Dbn1/Megf8/Cit/Ulk2/Ano6/Slc12a7/Cxcl12/Cdh1/Arhgap35/Wnk1/Ccr5/Arhgap32/Gprc5b",22
"GO:0010464","regulation of mesenchymal cell proliferation","8/1399","46/25615",0.173913043478261,3.18426205053299,3.56388055884816,0.00316564882449725,0.0242674559052152,0.0242674559052152,"Kdr/Ptn/Irs1/Shox2/Mycn/Fbxw4/Stat1/Smo",8
"GO:0042326","negative regulation of phosphorylation","24/1399","240/25615",0.1,1.83095067905647,3.10866696681446,0.00322580492893104,0.0246991309457128,0.0246991309457128,"Aida/Nup62/Ptgis/Ptpn22/Parp14/Lrrk1/Birc3/Pibf1/Samsn1/Dnajc3/Impact/Coro1c/Fbln1/Slfn1/Csk/Apc/Niban1/Il18/Wnk1/Adar/Plec/Gfra2/Prr5l/Nf2",24
"GO:0061001","regulation of dendritic spine morphogenesis","10/1399","67/25615",0.149253731343284,2.73276220754697,3.41345569794286,0.00330460847703323,0.0252723867338827,0.0252723867338827,"Actr3/Ppp1r9a/Shank3/Zdhhc15/Bhlhb9/Dbn1/Abi3/Xlr3b/Smad3/Arhgap32",10
"GO:0019827","stem cell population maintenance","22/1399","214/25615",0.102803738317757,1.88228574482441,3.11520834555479,0.00335040126115001,0.0255921256856452,0.0255921256856452,"Ptn/Kat6a/Raf1/Smc1a/Tfap2c/Gata2/Vangl2/Yap1/Rbbp7/Aspm/Prdm16/Apc/Bcl7a/Tbx3/Smarcd1/Fancd2/Hmga2/Tead1/Med12/Smo/Lbh/Ddx6",22
"GO:0031396","regulation of protein ubiquitination","21/1399","201/25615",0.104477611940299,1.91293354528288,3.12318015960861,0.0033863337679502,0.0258286917142615,0.0258286917142615,"Ubqln1/Trim44/Fanci/Inava/Ptpn22/Tspyl5/Birc3/Bex1/Nod2/Parp10/Dnajb2/Mycbp2/Birc2/Birc5/Bag2/Ube2s/Huwe1/Dtx3l/Wnk1/Laptm5/Amer1",21
"GO:0048608","reproductive structure development","34/1399","380/25615",0.0894736842105263,1.63821902862947,3.01270250295908,0.00338941268915356,0.0258286917142615,0.0258286917142615,"Gli3/Kdr/Fancg/Ror2/Schip1/Abcg2/Atrx/Tlr9/Tfap2c/Cbl/Ace/Brip1/Gli2/Ren1/Atm/Hoxa10/Bcl2/Kitl/Gli1/Hoxa9/Inhba/Aspm/Dhcr24/Cyp7b1/Cdh1/Apc/Brca2/Tbx3/Npr2/Hmga2/Myh9/Lhx8/Ccnd1/Fem1b",34
"GO:0030101","natural killer cell activation","14/1399","113/25615",0.123893805309735,2.26843446962748,3.24800352830044,0.00342708055767479,0.026084793249411,0.026084793249411,"Il12rb2/Ptpn22/Nkg7/Irf1/Fgr/Sh2d1a/Klrc1/Pibf1/Klrd1/Klrk1/Il15ra/Il18/Klre1/Fcgr4",14
"GO:0002053","positive regulation of mesenchymal cell proliferation","7/1399","37/25615",0.189189189189189,3.46396074416089,3.60493726040577,0.00347227147049641,0.0263174316261394,0.0263174316261394,"Kdr/Irs1/Shox2/Mycn/Fbxw4/Stat1/Smo",7
"GO:0015868","purine ribonucleotide transport","7/1399","37/25615",0.189189189189189,3.46396074416089,3.60493726040577,0.00347227147049641,0.0263174316261394,0.0263174316261394,"Lrrc8b/P2rx7/Lrrc8c/Ank/Abcc4/Calhm2/Panx1",7
"GO:0051491","positive regulation of filopodium assembly","7/1399","37/25615",0.189189189189189,3.46396074416089,3.60493726040577,0.00347227147049641,0.0263174316261394,0.0263174316261394,"Srf/Actr3/Fscn1/Ccr7/Dpysl3/Prkcq/Arap1",7
"GO:0042303","molting cycle","17/1399","150/25615",0.113333333333333,2.075077436264,3.17402170381893,0.00347812880613206,0.0263174316261394,0.0263174316261394,"Wnt10b/Acvr1b/Eda/Tfap2c/Sostdc1/Ptch2/Wnt10a/Lrig1/Gli2/Vangl2/Bcl2/Farp2/Pkp3/Inhba/Zdhhc21/Apc/Smo",17
"GO:0042633","hair cycle","17/1399","150/25615",0.113333333333333,2.075077436264,3.17402170381893,0.00347812880613206,0.0263174316261394,0.0263174316261394,"Wnt10b/Acvr1b/Eda/Tfap2c/Sostdc1/Ptch2/Wnt10a/Lrig1/Gli2/Vangl2/Bcl2/Farp2/Pkp3/Inhba/Zdhhc21/Apc/Smo",17
"GO:0033622","integrin activation","6/1399","28/25615",0.214285714285714,3.92346574083529,3.7201777916208,0.00350373860668808,0.0263868895772148,0.0263868895772148,"Piezo1/Col16a1/Farp2/Kif14/Cxcl12/Skap1",6
"GO:0035024","negative regulation of Rho protein signal transduction","6/1399","28/25615",0.214285714285714,3.92346574083529,3.7201777916208,0.00350373860668808,0.0263868895772148,0.0263868895772148,"Arhgap42/Adra1b/Abl2/Arhgap35/Arhgap30/Kctd10",6
"GO:0050927","positive regulation of positive chemotaxis","6/1399","28/25615",0.214285714285714,3.92346574083529,3.7201777916208,0.00350373860668808,0.0263868895772148,0.0263868895772148,"Kdr/Cxcl12/Smad3/Vegfd/Itga2/Vegfc",6
"GO:0070233","negative regulation of T cell apoptotic process","6/1399","28/25615",0.214285714285714,3.92346574083529,3.7201777916208,0.00350373860668808,0.0263868895772148,0.0263868895772148,"Fadd/Tnfrsf4/Prkcq/Tnfsf4/Serpinb9/Ccl5",6
"GO:0007611","learning or memory","33/1399","367/25615",0.0899182561307902,1.64635892122244,2.99771019319708,0.00357119103521424,0.0268085499452466,0.0268085499452466,"Srf/Nts/Aff2/Ncam1/Ptn/Cacna1c/Jph4/Slc11a2/Tacr1/Eif4ebp2/Asic1/Cnr1/Abcg2/En1/Fen1/Zzef1/Shank3/Rcan2/Rapgef3/Bhlhb9/Ap1s2/Shank2/Ccnd2/Kmt2a/Adra1b/Abl2/Cyp7b1/Htr7/Synpo/Map1a/Ldlr/Lhx8/Igf2",33
"GO:0034504","protein localization to nucleus","33/1399","367/25615",0.0899182561307902,1.64635892122244,2.99771019319708,0.00357119103521424,0.0268085499452466,0.0268085499452466,"Gli3/Agtr2/Rrs1/Nutf2/Ipo9/Irs1/Nup62/Ptpn22/Parp1/Nuak2/Bard1/Igtp/Yap1/Bcl3/Tmem98/Irgm1/Cdh1/Polr1a/Parp9/Prkcq/Brca1/Dtx3l/Pom121/Ipo5/Adar/Nup153/Irgm2/Sp100/Tesk1/Pml/Smo/Card10/Nf2",33
"GO:0009895","negative regulation of catabolic process","36/1399","410/25615",0.0878048780487805,1.60766401087885,2.98131900916972,0.00357224762657706,0.0268085499452466,0.0268085499452466,"Arid5a/Ptk2/Cnr1/Mdm4/Snx12/Ptpn3/F8a/Pptc7/Ptpn22/Trim63/Tent4a/Phf20l1/Qsox1/Sufu/Mgat3/Gimap3/Herc1/Bcl2/Trim27/Pkp3/Myog/Rybp/Mycbp2/Adra1b/Tirap/Sorl1/Smad3/Map1a/Wnk1/Eif4g1/Crtc3/Oaz1/Furin/Senp1/Pml/Dhx9",36
"GO:0019885","antigen processing and presentation of endogenous peptide antigen via MHC class I","8/1399","47/25615",0.170212765957447,3.11651179413867,3.49074077445892,0.00363574848796647,0.0271898117423709,0.0271898117423709,"H2-T24/H2-Q7/H2-D1/H2-Q6/H2-Q4/Tap1/Raet1a/H2-K1",8
"GO:0042771","intrinsic apoptotic signaling pathway in response to DNA damage by p53 class mediator","8/1399","47/25615",0.170212765957447,3.11651179413867,3.49074077445892,0.00363574848796647,0.0271898117423709,0.0271898117423709,"Aen/Steap3/Bcl3/Atad5/Cd74/Brca2/Phlda3/Pml",8
"GO:1905521","regulation of macrophage migration","8/1399","47/25615",0.170212765957447,3.11651179413867,3.49074077445892,0.00363574848796647,0.0271898117423709,0.0271898117423709,"Ptk2/Ccr7/Mmp28/Ccl2/Cmklr1/Trem1/Ccl5/Slamf8",8
"GO:0031100","animal organ regeneration","10/1399","68/25615",0.147058823529412,2.69257452802422,3.35914428926884,0.0036887591145293,0.0275221702110758,0.0275221702110758,"Gli3/Ace/Atic/Ccl2/Sulf2/Gli1/Cldn1/Cxcl12/Ezh2/Ccnd1",10
"GO:0042220","response to cocaine","10/1399","68/25615",0.147058823529412,2.69257452802422,3.35914428926884,0.0036887591145293,0.0275221702110758,0.0275221702110758,"Ncam1/Fadd/Cnr1/En1/Parp1/Htr1b/Adra1b/Smad3/Dlg4/Sdk1",10
"GO:1902106","negative regulation of leukocyte differentiation","14/1399","114/25615",0.12280701754386,2.2485359216483,3.21122856133935,0.00371529448115433,0.0276879950660504,0.0276879950660504,"Gli3/Hoxa7/Fgl2/Irf1/Gata2/Loxl3/Tnfrsf11b/Tbx21/Prdm16/Cd74/Tmem176a/Tnfsf4/Clec2d/Tmem176b",14
"GO:0061982","meiosis I cell cycle process","17/1399","151/25615",0.112582781456954,2.06133520158675,3.14393881501019,0.00372510304368712,0.0276968309637107,0.0276968309637107,"Rad54b/Espl1/Mre11a/Top2a/Rad51/Rad51ap1/Trip13/Eme1/Brip1/Rec114/Atm/Cdc25a/Brme1/Birc5/Brca2/Fancd2/Psmc3ip",17
"GO:0141060","disruption of anatomical structure in another organism","17/1399","151/25615",0.112582781456954,2.06133520158675,3.14393881501019,0.00372510304368712,0.0276968309637107,0.0276968309637107,"Nts/Gbp2/Fgl2/Nkg7/Rpl30/Gbp7/Nppb/Gzmc/Prf1/Igtp/C1ra/Trem1/Cxcl12/C1s1/Gzmb/Irgm2/Masp1",17
"GO:0048705","skeletal system morphogenesis","26/1399","270/25615",0.0962962962962963,1.76313769094327,3.02994673450106,0.00372979010736426,0.0276996204042867,0.0276996204042867,"Gli3/Hoxa7/P2rx7/Ror2/Wnt10b/Schip1/Hoxb9/Glg1/Sik3/Ndst1/Fgr/Nkx3-2/Shox2/Fbn2/Megf8/Sox11/Mycn/Hoxa5/Hoxa9/Satb2/Carm1/Tfap2a/Smad3/Npr2/Hoxb7/Med12",26
"GO:0033599","regulation of mammary gland epithelial cell proliferation","5/1399","20/25615",0.25,4.57737669764117,3.84678984152354,0.00375587318929207,0.0277649359816022,0.0277649359816022,"Iqgap3/Robo1/Hoxa5/Brca2/Ccnd1",5
"GO:0034163","regulation of toll-like receptor 9 signaling pathway","5/1399","20/25615",0.25,4.57737669764117,3.84678984152354,0.00375587318929207,0.0277649359816022,0.0277649359816022,"Tlr9/Ptpn22/Rab7b/Adcy7/Zdhhc3",5
"GO:0070673","response to interleukin-18","5/1399","20/25615",0.25,4.57737669764117,3.84678984152354,0.00375587318929207,0.0277649359816022,0.0277649359816022,"Nlrp3/Gsdmd/Il18rap/Cldn1/Il18",5
"GO:0097320","plasma membrane tubulation","5/1399","20/25615",0.25,4.57737669764117,3.84678984152354,0.00375587318929207,0.0277649359816022,0.0277649359816022,"Bin2/Cavin2/Asap1/Snx33/Atp10a",5
"GO:0051495","positive regulation of cytoskeleton organization","21/1399","203/25615",0.103448275862069,1.89408690936876,3.07400583664519,0.00380374505791285,0.028086503737968,0.028086503737968,"Actr3/P2rx7/Lima1/Stmn2/Tacr1/Nup62/Rapgef3/Nes/Synpo2/Magel2/Nav3/Cdc42ep5/Trim27/Arhgef5/Ppm1f/Apc/Synpo/Smad3/Prkcq/Tesk1/Nf2",21
"GO:0031647","regulation of protein stability","34/1399","383/25615",0.0887728459530026,1.62538702579425,2.96393566086682,0.0038323362252959,0.0282651296340997,0.0282651296340997,"Trim44/Ipo9/Wnt10b/Mdm4/Fbxl3/Paqr4/Cbl/Usp34/Aak1/Igtp/Atm/Bcl2/Ddi2/Rnf149/Siah1b/Irgm1/Hspd1/D2hgdh/Usp12/Usp37/Atp1b2/Cd74/Usp40/Bag2/Usp42/Tbx3/Smad3/Irgm2/Trim21/Hip1r/Pml/Smo/Usp2/Nf2",34
"GO:0097193","intrinsic apoptotic signaling pathway","31/1399","341/25615",0.0909090909090909,1.66450061732406,2.96914866705024,0.00395290054098899,0.0291209094900382,0.0291209094900382,"Ubqln1/Rrp8/Aen/Mdm4/Parp1/Bcl2a1d/Lck/Steap3/Casp12/Stk24/Atm/Bcl2/Bcl3/Mbd4/Siah1b/Atad5/Cxcl12/Cd74/Hsph1/Brca2/Map3k5/Rnf183/Brca1/Nono/Eda2r/Laptm5/Phlda3/Tmem117/Hip1r/Pml/Pawr",31
"GO:0046620","regulation of organ growth","15/1399","127/25615",0.118110236220472,2.16254017211394,3.15673631341021,0.00396881858875247,0.0292046856977616,0.0292046856977616,"Pi16/Ncam1/Cacna1c/Vgll4/Ptk2/Yap1/Ccnd2/Gli1/Sash3/Apc/Il7/Ankrd26/Igf2/Smo/Mapk11",15
"GO:0002455","humoral immune response mediated by circulating immunoglobulin","9/1399","58/25615",0.155172413793103,2.84113036405314,3.3739602108456,0.00399218698429479,0.0293094962138397,0.0293094962138397,"Cd55/C1ra/Gimap3/Nod2/C1rl/Bcl3/Exo1/C1s1/Ighm",9
"GO:0032965","regulation of collagen biosynthetic process","9/1399","58/25615",0.155172413793103,2.84113036405314,3.3739602108456,0.00399218698429479,0.0293094962138397,0.0293094962138397,"Acvr1b/Rapgef3/Gli2/Ccl2/Ciita/Inhba/Il18/Il6ra/Itga2",9
"GO:0042475","odontogenesis of dentin-containing tooth","13/1399","103/25615",0.12621359223301,2.31090862405185,3.20416694384995,0.00400835875248105,0.0293946308515277,0.0293946308515277,"Gli3/Wnt6/Eda/Sostdc1/Wnt10a/Wnt7b/Hand2/Gli2/Tnfrsf11b/Lef1/Lhx8/Smo/Nf2",13
"GO:0008630","intrinsic apoptotic signaling pathway in response to DNA damage","14/1399","115/25615",0.121739130434783,2.22898343537309,3.17483540781367,0.00402293709954285,0.0294678995752147,0.0294678995752147,"Aen/Bcl2a1d/Steap3/Atm/Bcl2/Bcl3/Mbd4/Atad5/Cxcl12/Cd74/Brca2/Brca1/Phlda3/Pml",14
"GO:0016445","somatic diversification of immunoglobulins","11/1399","80/25615",0.1375,2.51755718370264,3.26752172022848,0.00405796350672862,0.0295981628854605,0.0295981628854605,"Smc2/Rev1/Rnf168/Sanbr/Exo1/Hspd1/Tbx21/Atad5/Tnfsf4/Ezh2/Icosl",11
"GO:0045123","cellular extravasation","11/1399","80/25615",0.1375,2.51755718370264,3.26752172022848,0.00405796350672862,0.0295981628854605,0.0295981628854605,"Fadd/Selplg/Ccl2/Sell/Itga4/Trem1/Fut9/Cxcl12/Ccl5/Itgal/Pawr",11
"GO:0042509","regulation of tyrosine phosphorylation of STAT protein","7/1399","38/25615",0.184210526315789,3.37280388247244,3.51823785157177,0.00405915029609133,0.0295981628854605,0.0295981628854605,"Tnfrsf18/Parp14/Lck/Pibf1/Parp9/Ctf1/Il18",7
"GO:1902692","regulation of neuroblast proliferation","7/1399","38/25615",0.184210526315789,3.37280388247244,3.51823785157177,0.00405915029609133,0.0295981628854605,0.0295981628854605,"Gli3/Ptn/Tafa1/Bex1/Aspm/Vegfc/Smo",7
"GO:0061458","reproductive system development","34/1399","385/25615",0.0883116883116883,1.61694345682909,2.93165903089139,0.00415418962542012,0.0300870882511311,0.0300870882511311,"Gli3/Kdr/Fancg/Ror2/Schip1/Abcg2/Atrx/Tlr9/Tfap2c/Cbl/Ace/Brip1/Gli2/Ren1/Atm/Hoxa10/Bcl2/Kitl/Gli1/Hoxa9/Inhba/Aspm/Dhcr24/Cyp7b1/Cdh1/Apc/Brca2/Tbx3/Npr2/Hmga2/Myh9/Lhx8/Ccnd1/Fem1b",34
"GO:0002483","antigen processing and presentation of endogenous peptide antigen","8/1399","48/25615",0.166666666666667,3.05158446509411,3.41953057073447,0.00415806464438628,0.0300870882511311,0.0300870882511311,"H2-T24/H2-Q7/H2-D1/H2-Q6/H2-Q4/Tap1/Raet1a/H2-K1",8
"GO:0035088","establishment or maintenance of apical/basal cell polarity","8/1399","48/25615",0.166666666666667,3.05158446509411,3.41953057073447,0.00415806464438628,0.0300870882511311,0.0300870882511311,"Fscn1/Pard3b/Prickle2/Msn/Vangl2/Fat1/Dlg3/Myo9a",8
"GO:0061245","establishment or maintenance of bipolar cell polarity","8/1399","48/25615",0.166666666666667,3.05158446509411,3.41953057073447,0.00415806464438628,0.0300870882511311,0.0300870882511311,"Fscn1/Pard3b/Prickle2/Msn/Vangl2/Fat1/Dlg3/Myo9a",8
"GO:1901976","regulation of cell cycle checkpoint","8/1399","48/25615",0.166666666666667,3.05158446509411,3.41953057073447,0.00415806464438628,0.0300870882511311,0.0300870882511311,"Map3k20/Rad51/Wdr76/Bard1/Birc5/Brca2/Brca1/Fem1b",8
"GO:0001558","regulation of cell growth","38/1399","443/25615",0.0857787810383747,1.57056717390848,2.91169673508328,0.00415898729249758,0.0300870882511311,0.0300870882511311,"Srf/Plaat1/Pi16/Actr3/Vgll4/Rnf157/Ptk2/Acvr1b/Map2k5/Nkx6-1/Nppb/Ptch2/Dbn1/Megf8/Cit/Yap1/Bcl2/Mndal/Kif26a/Csf2rb/Ulk2/Dnajb2/Inhba/Rbbp7/Kif14/Cxcl12/Prdm11/Cdh1/Smad3/Brca1/Igfbp4/Eif4g1/Ccr5/Arhgap32/Tead1/Pml/Nf2/Bltp1",38
"GO:0032496","response to lipopolysaccharide","38/1399","443/25615",0.0857787810383747,1.57056717390848,2.91169673508328,0.00415898729249758,0.0300870882511311,0.0300870882511311,"Arid5a/Nlrp3/Nr2c2/Gbp2/P2rx7/Ass1/Il12rb2/Trim30a/Pdcd1lg2/Cnr1/Tlr9/Ccr7/Ptpn22/Scimp/Cd55/Ace/Letmd1/Igtp/Ren1/Ccl2/Nod2/Zfp709/Cmpk2/Mapkapk3/Plcg2/Irgm1/Cldn1/Klrk1/Tirap/Tfap2a/Tnfsf4/Gbp6/Stat1/Il18/Raet1a/Ccr5/Irgm2/Fcgr4",38
"GO:0045048","protein insertion into ER membrane","6/1399","29/25615",0.206896551724138,3.78817381873752,3.61088786576169,0.00421671504631365,0.0304019949018169,0.0304019949018169,"Nomo1/Emc10/Tram2/Tram1l1/Wnk1/Rab5if",6
"GO:0046426","negative regulation of receptor signaling pathway via JAK-STAT","6/1399","29/25615",0.206896551724138,3.78817381873752,3.61088786576169,0.00421671504631365,0.0304019949018169,0.0304019949018169,"Gbp7/Parp14/Pibf1/Bcl3/Hmga2/Nf2",6
"GO:0060561","apoptotic process involved in morphogenesis","6/1399","29/25615",0.206896551724138,3.78817381873752,3.61088786576169,0.00421671504631365,0.0304019949018169,0.0304019949018169,"Fzd5/Wnt7b/Hand2/Lef1/Ppp2r1b/Pml",6
"GO:0002291","T cell activation via T cell receptor contact with antigen bound to MHC molecule on antigen presenting cell","4/1399","13/25615",0.307692307692308,5.63369439709683,4.0165989747252,0.00425652544254049,0.0304763676404103,0.0304763676404103,"Fgl2/Plxna1/H2-DMb1/Itgal",4
"GO:0032060","bleb assembly","4/1399","13/25615",0.307692307692308,5.63369439709683,4.0165989747252,0.00425652544254049,0.0304763676404103,0.0304763676404103,"Actr3/P2rx7/Anln/Ano6",4
"GO:0060911","cardiac cell fate commitment","4/1399","13/25615",0.307692307692308,5.63369439709683,4.0165989747252,0.00425652544254049,0.0304763676404103,0.0304763676404103,"Abcg2/AW551984/Tbx3/Tenm4",4
"GO:1900044","regulation of protein K63-linked ubiquitination","4/1399","13/25615",0.307692307692308,5.63369439709683,4.0165989747252,0.00425652544254049,0.0304763676404103,0.0304763676404103,"Ptpn22/Nod2/Parp10/Birc2",4
"GO:1903010","regulation of bone development","4/1399","13/25615",0.307692307692308,5.63369439709683,4.0165989747252,0.00425652544254049,0.0304763676404103,0.0304763676404103,"Gli3/Kdr/Ggcx/Tnn",4
"GO:2000095","regulation of Wnt signaling pathway, planar cell polarity pathway","4/1399","13/25615",0.307692307692308,5.63369439709683,4.0165989747252,0.00425652544254049,0.0304763676404103,0.0304763676404103,"Ankrd6/Mllt3/Nkd1/Abl2",4
"GO:0003205","cardiac chamber development","21/1399","205/25615",0.102439024390244,1.87560801269199,3.02538522081507,0.00426318007419962,0.0304763676404103,0.0304763676404103,"Srf/Fhl2/Robo2/Myh10/Aplnr/Abcg2/Mdm4/Ndst1/Pitx2/Shox2/Hand2/Sufu/Tnni3/Vangl2/Sox11/Robo1/Fzd2/Ly6e/Tbx3/Xirp2/Smo",21
"GO:0090398","cellular senescence","12/1399","92/25615",0.130434782608696,2.38819653789974,3.20608746593495,0.00426979036408488,0.0304763676404103,0.0304763676404103,"Srf/Kat6a/Nuak1/Nup62/Vash1/Abi3/Cgas/Brca2/Tbx3/Hmga2/Pml/Pawr",12
"GO:0038061","non-canonical NF-kappaB signal transduction","15/1399","128/25615",0.1171875,2.1456453270193,3.12314515305236,0.00427447186239254,0.0304763676404103,0.0304763676404103,"Nlrp3/Map3k14/Trim44/Ptpn22/Eda/Birc3/Trim56/Letmd1/Nod2/Bcl3/Birc2/Il18/Laptm5/Trim21/Card10",15
"GO:0043534","blood vessel endothelial cell migration","15/1399","128/25615",0.1171875,2.1456453270193,3.12314515305236,0.00427447186239254,0.0304763676404103,0.0304763676404103,"Ephb4/Srf/Kdr/Amotl1/Map2k5/Gata2/Srpx2/Robo1/Vash1/Mmrn1/Prkd2/Myh9/Igf2/Vegfc/Card10",15
"GO:0050769","positive regulation of neurogenesis","29/1399","315/25615",0.0920634920634921,1.68563713309961,2.94296910183251,0.00435495392554321,0.0310000876078466,0.0310000876078466,"Gli3/Srf/Kdr/Actr3/Ptn/Robo2/Ptk2/Shank3/Nkx6-1/Shox2/Ace/Bhlhb9/Dbn1/Bex1/Megf8/Sox11/Robo1/Aspm/Cysltr1/Cxcl12/Xlr3b/Enpp2/Dlg4/Map6/Arhgap32/Tenm4/Vegfc/Smo/Plxnc1",29
"GO:1901879","regulation of protein depolymerization","13/1399","104/25615",0.125,2.28868834882059,3.16517105972868,0.00435757769456499,0.0310000876078466,0.0310000876078466,"Lima1/Stmn2/Nes/Nav3/Camsap2/Svil/Hdgfl3/Apc/Mid1/Map1a/Camsap1/Clasp1/Sptbn2",13
"GO:0045926","negative regulation of growth","24/1399","246/25615",0.0975609756097561,1.78629334542095,2.97849472534146,0.0044102685241468,0.031340226768937,0.031340226768937,"Pi16/Actr3/Vgll4/Ptk2/Acvr1b/Alms1/Nppb/Cit/Bcl2/Mndal/Ulk2/Dnajb2/Inhba/Rbbp7/Prdm11/Cdh1/Apc/Smad3/Brca1/Ccr5/Ankrd26/Pml/Mapk11/Nf2",24
"GO:0010463","mesenchymal cell proliferation","9/1399","59/25615",0.152542372881356,2.79297561212004,3.31398321421847,0.00448733805896758,0.0318526626417765,0.0318526626417765,"Kdr/Ptn/Irs1/Shox2/Hand2/Mycn/Fbxw4/Stat1/Smo",9
"GO:0032535","regulation of cellular component size","35/1399","402/25615",0.0870646766169154,1.59411128773573,2.88579132984828,0.00459620782079258,0.0325894470648692,0.0325894470648692,"Srf/Kank2/Actr3/Ppp1r9a/P2rx7/Lima1/Iqgap3/Arhgap28/Shank3/Nkx6-1/Aqp1/Abitram/Rapgef3/Als2/Wnt7b/Msn/Dbn1/Megf8/Cit/Cdc42ep5/Svil/Ulk2/Cyria/Ano6/Slc12a7/Cxcl12/Cdh1/Arhgap35/Wnk1/Ssh2/Ccr5/Arhgap32/Sptbn2/Hip1r/Gprc5b",35
"GO:0051961","negative regulation of nervous system development","18/1399","167/25615",0.107784431137725,1.97347977383332,3.03357471581991,0.00460441863650723,0.0326116706956146,0.0326116706956146,"Igdcc4/Actr3/Ptn/Ptk2/Nkx6-1/Wnt7b/Trak2/Sox11/Mycn/Cit/Robo1/Ulk2/Tmem98/Sorl1/Cdh1/Ldlr/Hmga2/Ccr5",18
"GO:0048557","embryonic digestive tract morphogenesis","5/1399","21/25615",0.238095238095238,4.35940637870588,3.70168503261293,0.00471073502390321,0.0331975143044251,0.0331975143044251,"Gli3/Rbpms2/Pitx2/Shox2/Sox11",5
"GO:0062099","negative regulation of programmed necrotic cell death","5/1399","21/25615",0.238095238095238,4.35940637870588,3.70168503261293,0.00471073502390321,0.0331975143044251,0.0331975143044251,"Cflar/Fadd/Birc3/Casp8/Birc2",5
"GO:0140131","positive regulation of lymphocyte chemotaxis","5/1399","21/25615",0.238095238095238,4.35940637870588,3.70168503261293,0.00471073502390321,0.0331975143044251,0.0331975143044251,"Xcl1/Ccr7/Wnk1/Ccl5/Ccl7",5
"GO:0050860","negative regulation of T cell receptor signaling pathway","7/1399","39/25615",0.179487179487179,3.28632173163982,3.43439064199856,0.00471813987545767,0.0331975143044251,0.0331975143044251,"Pdcd1lg2/Ptpn22/Cbl/Sh2d1a/Csk/Laptm5/Pawr",7
"GO:0051503","adenine nucleotide transport","7/1399","39/25615",0.179487179487179,3.28632173163982,3.43439064199856,0.00471813987545767,0.0331975143044251,0.0331975143044251,"Lrrc8b/P2rx7/Lrrc8c/Ank/Abcc4/Calhm2/Panx1",7
"GO:0141087","positive regulation of inflammasome-mediated signaling pathway","7/1399","39/25615",0.179487179487179,3.28632173163982,3.43439064199856,0.00471813987545767,0.0331975143044251,0.0331975143044251,"Nlrp3/Gbp2/P2rx7/Tlr9/Ptpn22/Adcy7/Plcg2",7
"GO:0031099","regeneration","23/1399","234/25615",0.0982905982905983,1.79965237685038,2.95359641682292,0.00478750963814799,0.033648754830922,0.033648754830922,"Gli3/Cflar/Ptn/Wnt10b/Abcg2/Ace/Stk24/Atic/Bex1/Yap1/Ccl2/Bcl2/Sulf2/Gli1/Dmd/Cldn1/Cxcl12/Neo1/Ezh2/Xylt1/Ccnd1/Diaph2/Mtr",23
"GO:0010594","regulation of endothelial cell migration","19/1399","181/25615",0.104972375690608,1.92199242552889,2.99195917289621,0.00489245157613771,0.034348752923616,0.034348752923616,"Kdr/Adgra2/Amotl1/Ptn/Map2k5/Fgf1/Gata2/Ccbe1/Emc10/Srpx2/Vash1/Mmrn1/Sema4a/Prkd2/Zfp580/Igf2/Vegfc/Sp100/Card10",19
"GO:0051962","positive regulation of nervous system development","33/1399","375/25615",0.088,1.61123659756969,2.86600315411164,0.00495049955702325,0.03471835060515,0.03471835060515,"Gli3/Srf/Kdr/Actr3/Ptn/Robo2/Ptk2/Shank3/Nkx6-1/Shox2/Ace/Bhlhb9/Dbn1/Bex1/Megf8/Sox11/Srpx2/Robo1/Sema4a/Aspm/Cysltr1/Cxcl12/Xlr3b/Slitrk6/Enpp2/Dlg4/Map6/Lrrc15/Arhgap32/Tenm4/Vegfc/Smo/Plxnc1",33
"GO:0016485","protein processing","27/1399","290/25615",0.0931034482758621,1.70467821843188,2.90075784520605,0.00499374362063031,0.0349834340446337,0.0349834340446337,"Gli3/P2rx7/Snx12/Glg1/Parp1/Pidd1/Ace/Il1r2/Casp12/Ccbe1/Sufu/C1ra/Ren1/C2cd3/C1rl/Casp8/Ddi2/Dync2h1/Tmem98/Dhcr24/Prkacb/C1s1/Bag2/Cdh1/Myh9/Furin/Masp1",27
"GO:0010165","response to X-ray","6/1399","30/25615",0.2,3.66190135811294,3.50635779650641,0.00503132416052972,0.0350936225920119,0.0350936225920119,"Rad51/Atm/Ccnd2/Brca2/Ccnd1/Nucks1",6
"GO:0050926","regulation of positive chemotaxis","6/1399","30/25615",0.2,3.66190135811294,3.50635779650641,0.00503132416052972,0.0350936225920119,0.0350936225920119,"Kdr/Cxcl12/Smad3/Vegfd/Itga2/Vegfc",6
"GO:0051132","NK T cell activation","6/1399","30/25615",0.2,3.66190135811294,3.50635779650641,0.00503132416052972,0.0350936225920119,0.0350936225920119,"Rasal3/Il12rb2/Lck/Hsph1/Il18/Clec2d",6
"GO:1903599","positive regulation of autophagy of mitochondrion","6/1399","30/25615",0.2,3.66190135811294,3.50635779650641,0.00503132416052972,0.0350936225920119,0.0350936225920119,"Igtp/Nod2/Camkk2/Irgm1/Huwe1/Irgm2",6
"GO:0000768","syncytium formation by plasma membrane fusion","14/1399","118/25615",0.11864406779661,2.17231436498225,3.06786965821874,0.00507196665859324,0.0353004483367313,0.0353004483367313,"Cflar/Ntn3/Rpl30/Pitx2/Rapgef3/Dock2/Myog/Cdon/Cxcl12/Neo1/Stat1/Dock1/Myh9/Dnmt1",14
"GO:0140253","cell-cell fusion","14/1399","118/25615",0.11864406779661,2.17231436498225,3.06786965821874,0.00507196665859324,0.0353004483367313,0.0353004483367313,"Cflar/Ntn3/Rpl30/Pitx2/Rapgef3/Dock2/Myog/Cdon/Cxcl12/Neo1/Stat1/Dock1/Myh9/Dnmt1",14
"GO:0060972","left/right pattern formation","16/1399","143/25615",0.111888111888112,2.04861614439885,3.02238225917363,0.00510083657256779,0.0354629590283285,0.0354629590283285,"Srf/Aplnr/Asb2/Pitx2/Nkx3-2/Hand2/Sufu/Megf8/Vangl2/C2cd3/Dync2h1/Mical2/Pkd1l1/Tbx3/Smad3/Smo",16
"GO:0071219","cellular response to molecule of bacterial origin","29/1399","319/25615",0.0909090909090909,1.66450061732406,2.87052385163848,0.00518931641260637,0.0360391012265766,0.0360391012265766,"Arid5a/Nlrp3/Nr2c2/Gbp2/Ass1/Fzd5/Trim30a/Pdcd1lg2/Tlr9/Ptpn22/Scimp/Cd55/Igtp/Ccl2/Nod2/Zfp709/Cmpk2/Plcg2/Irgm1/Klrk1/Tirap/Tnfsf4/Gbp6/Stat1/Il18/Raet1a/Ccr5/Irgm2/Fcgr4",29
"GO:0016236","macroautophagy","32/1399","362/25615",0.0883977900552486,1.61851993728749,2.84870747355178,0.00523339756121241,0.0363059891287565,0.0363059891287565,"Snx30/Kdr/Ubqln1/Ifi47/Efnb1/Fyco1/Pptc7/Iigp1c/Sesn3/F830016B08Rik/Tgtp1/Synpo2/Qsox1/Tgtp2/Igtp/Ubqln2/Atm/Nod2/Ulk2/Tmem74/Irgm1/Gm4841/Pik3c2b/9930111J21Rik1/Vps37b/Rnf213/Huwe1/Sting1/Iigp1/Irgm2/Stx17/Trim21",32
"GO:0002224","toll-like receptor signaling pathway","11/1399","83/25615",0.132530120481928,2.42656114091821,3.12884013578403,0.00539099722834814,0.0373589710840436,0.0373589710840436,"Trim30a/Tlr9/Tlr8/Scimp/Irf1/Traf3/Lrrc14/Mapkapk3/Plcg2/Hspd1/Tirap",11
"GO:0002486","antigen processing and presentation of endogenous peptide antigen via MHC class I via ER pathway, TAP-independent","7/1399","40/25615",0.175,3.20416368834882,3.35322251726343,0.00545455843488891,0.03767750901691,0.03767750901691,"H2-T24/H2-Q7/H2-D1/H2-Q6/H2-Q4/Raet1a/H2-K1",7
"GO:0015865","purine nucleotide transport","7/1399","40/25615",0.175,3.20416368834882,3.35322251726343,0.00545455843488891,0.03767750901691,0.03767750901691,"Lrrc8b/P2rx7/Lrrc8c/Ank/Abcc4/Calhm2/Panx1",7
"GO:0071398","cellular response to fatty acid","7/1399","40/25615",0.175,3.20416368834882,3.35322251726343,0.00545455843488891,0.03767750901691,0.03767750901691,"Ass1/Irs1/Ccl2/Cldn1/Smarcd1/Ldlr/Oaz1",7
"GO:0140013","meiotic nuclear division","22/1399","223/25615",0.0986547085201794,1.8063190555714,2.90674715585274,0.00546944717250513,0.0377397729711847,0.0377397729711847,"Rad54b/Espl1/Actr3/Top2a/Rad1/Rad51/Rad51ap1/Trip13/Eme1/Brip1/Smc2/Ttk/Atm/Aspm/Brme1/Birc5/Brca2/Fancd2/Npr2/Psmc3ip/Nuf2/Cenpv",22
"GO:0006665","sphingolipid metabolic process","17/1399","157/25615",0.10828025477707,1.98255806012484,2.96819386843021,0.00552861281697397,0.0379848221777977,0.0379848221777977,"Hacd4/P2rx7/Paqr4/Gzmc/Prf1/Gbgt1/Gsdmd/Hacd3/Asah2/B4galnt1/Fut9/Enpp2/Gzmb/A4galt/Cers5/Tm9sf2/Abca2",17
"GO:0031023","microtubule organizing center organization","17/1399","157/25615",0.10828025477707,1.98255806012484,2.96819386843021,0.00552861281697397,0.0379848221777977,0.0379848221777977,"Kif11/Nup62/Cntln/Dzip1/Nde1/Alms1/Cep72/C2cd3/Hepacam2/Nek2/Pclaf/Brca2/Kif15/Brca1/Clasp1/Chek1/Chd3",17
"GO:0031109","microtubule polymerization or depolymerization","17/1399","157/25615",0.10828025477707,1.98255806012484,2.96819386843021,0.00552861281697397,0.0379848221777977,0.0379848221777977,"Ccsap/Stmn2/Nde1/Kif24/Lrrc49/Nav3/Camsap2/Mzt1/Dst/Hdgfl3/Apc/Mid1/Map1a/Camsap1/Kif18b/Clasp1/Tppp3",17
"GO:0050768","negative regulation of neurogenesis","17/1399","157/25615",0.10828025477707,1.98255806012484,2.96819386843021,0.00552861281697397,0.0379848221777977,0.0379848221777977,"Igdcc4/Actr3/Ptn/Ptk2/Nkx6-1/Wnt7b/Trak2/Sox11/Mycn/Cit/Ulk2/Tmem98/Sorl1/Cdh1/Ldlr/Hmga2/Ccr5",17
"GO:0016447","somatic recombination of immunoglobulin gene segments","10/1399","72/25615",0.138888888888889,2.5429870542451,3.15129408810075,0.00559182156399516,0.0383780574007531,0.0383780574007531,"Smc2/Rnf168/Sanbr/Exo1/Hspd1/Tbx21/Atad5/Tnfsf4/Ezh2/Icosl",10
"GO:0002042","cell migration involved in sprouting angiogenesis","9/1399","61/25615",0.147540983606557,2.70140264123086,3.19770893774434,0.00562000770688107,0.0384892638688742,0.0384892638688742,"Ephb4/Srf/Kdr/Map2k5/Gata2/Srpx2/Robo1/Mmrn1/Card10",9
"GO:0150052","regulation of postsynapse assembly","9/1399","61/25615",0.147540983606557,2.70140264123086,3.19770893774434,0.00562000770688107,0.0384892638688742,0.0384892638688742,"Asic1/Crmp1/Iqgap1/Psd/S1pr2/Sema4c/Dock1/Arhgap32/Senp1",9
"GO:0006924","activation-induced cell death of T cells","4/1399","14/25615",0.285714285714286,5.23128765444705,3.80631266270976,0.00570400281651178,0.0387341586609637,0.0387341586609637,"Fadd/Il2ra/Tnfrsf4/Tnfsf4",4
"GO:0030949","positive regulation of vascular endothelial growth factor receptor signaling pathway","4/1399","14/25615",0.285714285714286,5.23128765444705,3.80631266270976,0.00570400281651178,0.0387341586609637,0.0387341586609637,"Kdr/Grb10/Robo1/Prkd2",4
"GO:0034165","positive regulation of toll-like receptor 9 signaling pathway","4/1399","14/25615",0.285714285714286,5.23128765444705,3.80631266270976,0.00570400281651178,0.0387341586609637,0.0387341586609637,"Tlr9/Ptpn22/Adcy7/Zdhhc3",4
"GO:0045060","negative thymic T cell selection","4/1399","14/25615",0.285714285714286,5.23128765444705,3.80631266270976,0.00570400281651178,0.0387341586609637,0.0387341586609637,"Gli3/Ccr7/Dock2/Cd74",4
"GO:0071803","positive regulation of podosome assembly","4/1399","14/25615",0.285714285714286,5.23128765444705,3.80631266270976,0.00570400281651178,0.0387341586609637,0.0387341586609637,"Fscn1/Msn/Asap1/Arhgef5",4
"GO:0072683","T cell extravasation","4/1399","14/25615",0.285714285714286,5.23128765444705,3.80631266270976,0.00570400281651178,0.0387341586609637,0.0387341586609637,"Fadd/Ccl2/Ccl5/Itgal",4
"GO:1990918","double-strand break repair involved in meiotic recombination","4/1399","14/25615",0.285714285714286,5.23128765444705,3.80631266270976,0.00570400281651178,0.0387341586609637,0.0387341586609637,"Rad51/Brip1/Brme1/Fancd2",4
"GO:2000347","positive regulation of hepatocyte proliferation","4/1399","14/25615",0.285714285714286,5.23128765444705,3.80631266270976,0.00570400281651178,0.0387341586609637,0.0387341586609637,"Cflar/Ptn/Fgf1/Il18",4
"GO:0044790","suppression of viral release by host","5/1399","22/25615",0.227272727272727,4.16125154331016,3.56538269547363,0.00582602579598073,0.03947931404365,0.03947931404365,"Trim30a/Trim56/Trim27/Trim21/Pml",5
"GO:1903236","regulation of leukocyte tethering or rolling","5/1399","22/25615",0.227272727272727,4.16125154331016,3.56538269547363,0.00582602579598073,0.03947931404365,0.03947931404365,"Sell/Itga4/Fut9/Cxcl12/Pawr",5
"GO:0006949","syncytium formation","14/1399","120/25615",0.116666666666667,2.13610912556588,2.99833061327633,0.00588631285223305,0.0397789177104384,0.0397789177104384,"Cflar/Ntn3/Rpl30/Pitx2/Rapgef3/Dock2/Myog/Cdon/Cxcl12/Neo1/Stat1/Dock1/Myh9/Dnmt1",14
"GO:1901989","positive regulation of cell cycle phase transition","14/1399","120/25615",0.116666666666667,2.13610912556588,2.99833061327633,0.00588631285223305,0.0397789177104384,0.0397789177104384,"Dyrk3/Wnt10b/Ccnd2/Gli1/Cdc25a/Pkp3/Plcg2/Rrm1/Atad5/Birc5/Ezh2/Eif4g1/Ccnd1/Chek1",14
"GO:0051701","biological process involved in interaction with host","17/1399","158/25615",0.107594936708861,1.97001022430126,2.93966336421546,0.0058888154954276,0.0397789177104384,0.0397789177104384,"Myh10/Gbp2/Trim30a/Gbp7/Cd55/Gbp9/Siglec1/Fbln1/Cldn1/Tnfrsf14/Cul5/Cd74/Vps37b/Gbp6/Lrrc15/Myh9/Furin",17
"GO:0060997","dendritic spine morphogenesis","11/1399","84/25615",0.130952380952381,2.39767350828823,3.08395348961723,0.00590485256641686,0.0398453496708633,0.0398453496708633,"Actr3/Ppp1r9a/Shank3/Zdhhc15/Bhlhb9/Dbn1/Abi3/Xlr3b/Smad3/Dlg4/Arhgap32",11
"GO:0044843","cell cycle G1/S phase transition","24/1399","252/25615",0.0952380952380952,1.74376255148235,2.85187590024238,0.00593780100693452,0.0399780387361806,0.0399780387361806,"Kank2/Trim71/Abcg2/Acvr1b/Iqgap3/Ccl2/Bcl2/Ccnd2/Gli1/Cdc25a/Pkp3/Plcg2/Inhba/Kif14/Rhou/Rrm1/Usp37/Slfn1/Apc/Bcl7a/Smarcd1/Ezh2/Eif4g1/Ccnd1",24
"GO:0006837","serotonin transport","6/1399","31/25615",0.193548387096774,3.54377550785123,3.4062126781489,0.00595563248295841,0.0399780387361806,0.0399780387361806,"Gpm6b/Cnr1/Slc29a3/Htr1b/Slc18b1/Htr7",6
"GO:0046597","host-mediated suppression of symbiont invasion","6/1399","31/25615",0.193548387096774,3.54377550785123,3.4062126781489,0.00595563248295841,0.0399780387361806,0.0399780387361806,"Trim30a/Trim56/Ciita/Cd74/Ly6e/Lrrc15",6
"GO:0062098","regulation of programmed necrotic cell death","6/1399","31/25615",0.193548387096774,3.54377550785123,3.4062126781489,0.00595563248295841,0.0399780387361806,0.0399780387361806,"Cflar/Fadd/Parp1/Birc3/Casp8/Birc2",6
"GO:1905523","positive regulation of macrophage migration","6/1399","31/25615",0.193548387096774,3.54377550785123,3.4062126781489,0.00595563248295841,0.0399780387361806,0.0399780387361806,"Ptk2/Ccr7/Ccl2/Cmklr1/Trem1/Ccl5",6
"GO:0071559","response to transforming growth factor beta","27/1399","294/25615",0.0918367346938776,1.68148531750084,2.82478954988074,0.0059798433965642,0.0400986575986727,0.0400986575986727,"Xcl1/Cflar/Actr3/Ryr1/Ptk2/Abcg2/Glg1/Parp1/Wnt10a/Fbn2/Zyx/Dbn1/Sox11/Smad5/Ccl2/Rbbp7/Kmt2a/Cldn1/Cep128/Prdm16/Tgfb1i1/Ndp/Smad3/Arap1/Furin/Pml/Dnmt1",27
"GO:0043242","negative regulation of protein-containing complex disassembly","12/1399","96/25615",0.125,2.28868834882059,3.04052128813545,0.00602671496584473,0.0403708205845532,0.0403708205845532,"Lima1/Stmn2/Nav3/Camsap2/Svil/Hdgfl3/Apc/Mid1/Map1a/Camsap1/Clasp1/Sptbn2",12
"GO:0019883","antigen processing and presentation of endogenous antigen","8/1399","51/25615",0.156862745098039,2.87207949655917,3.21655755125072,0.00607555314308806,0.0406132709585824,0.0406132709585824,"H2-T24/H2-Q7/H2-D1/H2-Q6/H2-Q4/Tap1/Raet1a/H2-K1",8
"GO:0070229","negative regulation of lymphocyte apoptotic process","8/1399","51/25615",0.156862745098039,2.87207949655917,3.21655755125072,0.00607555314308806,0.0406132709585824,0.0406132709585824,"Fadd/Tnfrsf4/Cd74/Prkcq/Tnfsf4/Serpinb9/Slc39a10/Ccl5",8
"GO:0010506","regulation of autophagy","29/1399","323/25615",0.0897832817337461,1.64388760658321,2.79908506126717,0.00615358709271402,0.0410921449933419,0.0410921449933419,"Snx30/Kdr/Ubqln1/Rnf152/Ptk2/Fyco1/Pptc7/Tlr9/Ptpn22/Sesn3/Qsox1/Igtp/Ubqln2/Atm/Herc1/Nod2/Bcl2/Trim27/Camkk2/Ulk2/Irgm1/Huwe1/Sting1/Wnk1/Eif4g1/Iigp1/Irgm2/Trim21/Smo",29
"GO:0032386","regulation of intracellular transport","28/1399","309/25615",0.0906148867313916,1.65911388393466,2.80171724757576,0.00621080745588575,0.0414311807856802,0.0414311807856802,"Gli3/Agtr2/Nutf2/Nup62/Snx12/Ptpn22/Ubac2/Rapgef3/Peg12/Msn/Dbn1/Bard1/Uhmk1/Ptpn14/Sorl1/Cdh1/Prkcq/Brca1/Ipo5/Wnk1/Oaz1/Nup153/Sp100/Smo/Prr5l/Dhx9/Nf2/Abca2",28
"GO:0046683","response to organophosphorus","16/1399","146/25615",0.10958904109589,2.00652129211668,2.9314993586748,0.00622472962897547,0.041480978357405,0.041480978357405,"Actr3/P2rx7/Ass1/Ryr1/Wnt10b/Aqp1/Rapgef3/Ren1/Ccl2/Sell/Plcg2/Birc2/Carm1/Npr2/Crtc3/Panx1",16
"GO:0030178","negative regulation of Wnt signaling pathway","18/1399","172/25615",0.104651162790698,1.91611117575677,2.89750771859003,0.00624770043401184,0.0415064367449526,0.0415064367449526,"Gli3/Ankrd6/Vgll4/Grb10/Ror2/Mllt3/Shisa6/Cxxc4/Ubac2/Sostdc1/Nkd1/Gli1/Cdon/Cdh1/Apc/Rnf213/Hmga2/Amer1",18
"GO:0050729","positive regulation of inflammatory response","18/1399","172/25615",0.104651162790698,1.91611117575677,2.89750771859003,0.00624770043401184,0.0415064367449526,0.0415064367449526,"Nlrp3/Gbp2/Cnr1/Tlr9/Ccr7/Nkg7/Casp12/Gsdmd/Il1rl1/Casp8/Plcg2/Tnfsf4/Il18/Ldlr/Ccl5/Ccr5/Ccl7/Dhx9",18
"GO:0001755","neural crest cell migration","9/1399","62/25615",0.145161290322581,2.65783163088842,3.14131634977356,0.00626321976312912,0.0415064367449526,0.0415064367449526,"Efnb1/Pitx2/Hand2/Sema6a/Coro1c/Sema4a/Sema3d/Sema4c/Smo",9
"GO:0048524","positive regulation of viral process","9/1399","62/25615",0.145161290322581,2.65783163088842,3.14131634977356,0.00626321976312912,0.0415064367449526,0.0415064367449526,"Top2a/Trim30a/Gbp7/Hacd3/Cd74/Vps37b/Adar/Furin/Dhx9",9
"GO:0071300","cellular response to retinoic acid","9/1399","62/25615",0.145161290322581,2.65783163088842,3.14131634977356,0.00626321976312912,0.0415064367449526,0.0415064367449526,"Epha3/Aqp1/Hand2/Atm/Yap1/Ccl2/Rbfox2/Abl2/Tead1",9
"GO:0002476","antigen processing and presentation of endogenous peptide antigen via MHC class Ib","7/1399","41/25615",0.170731707317073,3.12601335448665,3.27457500123136,0.00627377803227723,0.0415064367449526,0.0415064367449526,"H2-T24/H2-Q7/H2-D1/H2-Q6/H2-Q4/Raet1a/H2-K1",7
"GO:0002484","antigen processing and presentation of endogenous peptide antigen via MHC class I via ER pathway","7/1399","41/25615",0.170731707317073,3.12601335448665,3.27457500123136,0.00627377803227723,0.0415064367449526,0.0415064367449526,"H2-T24/H2-Q7/H2-D1/H2-Q6/H2-Q4/Raet1a/H2-K1",7
"GO:0043954","cellular component maintenance","14/1399","121/25615",0.115702479338843,2.11845533113972,2.96407162717454,0.00633106347799738,0.0417993337951235,0.0417993337951235,"Erc1/Rapsn/Inava/Shank3/Psd/Prickle2/Shank2/Cntnap1/Cldn1/Dlg3/Abl2/Dlgap1/Dlg4/Rimbp2",14
"GO:0055017","cardiac muscle tissue growth","14/1399","121/25615",0.115702479338843,2.11845533113972,2.96407162717454,0.00633106347799738,0.0417993337951235,0.0417993337951235,"Agtr2/Pi16/Ncam1/Vgll4/Akap13/Fgf1/Yap1/Ccnd2/Gli1/Adra1b/Apc/Prkg1/Tenm4/Mapk11",14
"GO:0048675","axon extension","15/1399","134/25615",0.111940298507463,2.04957165566023,2.92787556295357,0.00653532369865017,0.0431036133882225,0.0431036133882225,"Srf/Actr3/Nkx6-1/Dbn1/Megf8/Cit/Ulk2/Cxcl12/Cdh1/Raph1/Ccr5/Arhgap32/Vcl/Ndn/Smo",15
"GO:0048678","response to axon injury","12/1399","97/25615",0.123711340206186,2.26509362357501,3.00041669440567,0.00654476552813312,0.0431216141053612,0.0431216141053612,"Ptn/Dpysl3/Stk24/Bex1/Bcl2/Plcg2/Flrt3/Matn4/Ndp/Neo1/Xylt1/Mtr",12
"GO:0033002","muscle cell proliferation","26/1399","282/25615",0.0921985815602837,1.68811055515845,2.79277416394049,0.0065575989346319,0.0431619011845034,0.0431619011845034,"Ncam1/Cflar/Rbpms2/Vgll4/Ptk2/Tacr1/Ptgis/Fgf1/Nppb/Abcc4/Yap1/Ccnd2/Gli1/S1pr2/Htr1b/Myog/Apc/Prkg1/Map3k5/Il18/Il6ra/Ccl5/Tenm4/Itga2/Mapk11/Dnmt1",26
"GO:0044403","biological process involved in symbiotic interaction","18/1399","173/25615",0.104046242774566,1.90503538861367,2.87084235232277,0.00662760230138889,0.0435780114474127,0.0435780114474127,"Myh10/Gbp2/Trim30a/Gbp7/Cd55/Gbp9/Siglec1/Fbln1/Hspd1/Cldn1/Tnfrsf14/Cul5/Cd74/Vps37b/Gbp6/Lrrc15/Myh9/Furin",18
"GO:0000723","telomere maintenance","17/1399","160/25615",0.10625,1.9453850964975,2.88322508687587,0.006666406720791,0.0437436126397971,0.0437436126397971,"Ino80d/Mre11a/Pot1a/Rad51/Rpa1/Atrx/Parp1/Hus1/Atm/Nek2/Brca2/Prkcq/Xrn1/Pif1/Smg6/Sp100/Pml",17
"GO:0032200","telomere organization","17/1399","160/25615",0.10625,1.9453850964975,2.88322508687587,0.006666406720791,0.0437436126397971,0.0437436126397971,"Ino80d/Mre11a/Pot1a/Rad51/Rpa1/Atrx/Parp1/Hus1/Atm/Nek2/Brca2/Prkcq/Xrn1/Pif1/Smg6/Sp100/Pml",17
"GO:0042733","embryonic digit morphogenesis","10/1399","74/25615",0.135135135135135,2.47425767440063,3.0525772583661,0.00679366778706693,0.0445331855756305,0.0445331855756305,"Gli3/Map3k20/Ror2/Hand2/Gli2/Megf8/Mycn/C2cd3/Fbxw4/Tbx3",10
"GO:0045639","positive regulation of myeloid cell differentiation","14/1399","122/25615",0.114754098360656,2.10109094317955,2.93014416640101,0.006802278794173,0.0445441783626578,0.0445441783626578,"Fadd/Ror2/Acvr1b/Rab7b/Dlk1/Gata2/Casp8/Coro1c/Hoxa5/Inhba/Cd74/Stat1/Ccl5/Lef1",14
"GO:0043029","T cell homeostasis","8/1399","52/25615",0.153846153846154,2.81684719854841,3.15217645843618,0.00684427550722842,0.044572785987709,0.044572785987709,"Gpr174/Fadd/P2rx7/Il2ra/Gimap3/Bcl2/Tnfrsf4/Tnfsf4",8
"GO:0045880","positive regulation of smoothened signaling pathway","8/1399","52/25615",0.153846153846154,2.81684719854841,3.15217645843618,0.00684427550722842,0.044572785987709,0.044572785987709,"Hhat/Ndst1/Shox2/Scube3/Gli1/Dync2h1/Tedc1/Smo",8
"GO:0048010","vascular endothelial growth factor receptor signaling pathway","8/1399","52/25615",0.153846153846154,2.81684719854841,3.15217645843618,0.00684427550722842,0.044572785987709,0.044572785987709,"Kdr/Grb10/Ccl2/Robo1/Mmrn1/Prkd2/Vegfd/Vegfc",8
"GO:0048873","homeostasis of number of cells within a tissue","8/1399","52/25615",0.153846153846154,2.81684719854841,3.15217645843618,0.00684427550722842,0.044572785987709,0.044572785987709,"P2rx7/Rpa1/Gata2/Bcl2/Kmt2a/Sash3/Il7/Smo",8
"GO:0060412","ventricular septum morphogenesis","8/1399","52/25615",0.153846153846154,2.81684719854841,3.15217645843618,0.00684427550722842,0.044572785987709,0.044572785987709,"Robo2/Aplnr/Pitx2/Vangl2/Sox11/Robo1/Fzd2/Tbx3",8
"GO:0071214","cellular response to abiotic stimulus","34/1399","398/25615",0.085427135678392,1.56412872080201,2.72627332130318,0.00685521677395026,0.044572785987709,0.044572785987709,"Nlrp3/Map3k20/Map3k14/Piezo1/Rad1/Piezo2/Fadd/Rad51/Rad51ap1/Lrrc8c/Asic1/Tlr8/Parp1/Hus1/Irf1/Aqp1/Tspyl5/Bard1/Atm/Rnf168/Yap1/Ciita/Ccnd2/Cnn2/Brca2/Brca1/Ints7/Wnk1/Plec/Itga2/Nucks1/Chek1/Lrrc8d/Mapk11",34
"GO:0104004","cellular response to environmental stimulus","34/1399","398/25615",0.085427135678392,1.56412872080201,2.72627332130318,0.00685521677395026,0.044572785987709,0.044572785987709,"Nlrp3/Map3k20/Map3k14/Piezo1/Rad1/Piezo2/Fadd/Rad51/Rad51ap1/Lrrc8c/Asic1/Tlr8/Parp1/Hus1/Irf1/Aqp1/Tspyl5/Bard1/Atm/Rnf168/Yap1/Ciita/Ccnd2/Cnn2/Brca2/Brca1/Ints7/Wnk1/Plec/Itga2/Nucks1/Chek1/Lrrc8d/Mapk11",34
"GO:0043409","negative regulation of MAPK cascade","19/1399","187/25615",0.101604278074866,1.86032421936219,2.8380706787547,0.00691574442544325,0.044875497160654,0.044875497160654,"Foxm1/Aida/P2rx7/Nup62/Tlr9/Dusp9/Ptpn22/Rps6ka6/Fktn/Zmynd11/Sema6a/Fbln1/Dmd/Rnf149/Hsph1/Csk/Apc/Ankrd26/Nf2",19
"GO:1903034","regulation of response to wounding","19/1399","187/25615",0.101604278074866,1.86032421936219,2.8380706787547,0.00691574442544325,0.044875497160654,0.044875497160654,"Ptn/Ptk2/Serping1/Enpp4/Stk24/Ccl2/Mmrn1/Cldn1/Ano6/Prkg1/Smad3/Neo1/Xylt1/Phldb2/Clec7a/Clasp1/Tfpi/Pros1/Anxa5",19
"GO:0006513","protein monoubiquitination","9/1399","63/25615",0.142857142857143,2.61564382722353,3.08602760705645,0.00696155035034546,0.0450362532231815,0.0450362532231815,"Obi1/Rnf152/Trim63/Cbl/Trim56/Atm/Birc2/Huwe1/Trim21",9
"GO:0007080","mitotic metaphase chromosome alignment","9/1399","63/25615",0.142857142857143,2.61564382722353,3.08602760705645,0.00696155035034546,0.0450362532231815,0.0450362532231815,"Rrs1/Nup62/Zw10/Ttk/Pibf1/Spdl1/Kif14/Birc5/Nuf2",9
"GO:0045599","negative regulation of fat cell differentiation","9/1399","63/25615",0.142857142857143,2.61564382722353,3.08602760705645,0.00696155035034546,0.0450362532231815,0.0450362532231815,"Wnt10b/Dlk1/Gata2/Yap1/Prdm16/Tgfb1i1/Runx1t1/Smad3/Ankrd26",9
"GO:0001945","lymph vessel development","6/1399","32/25615",0.1875,3.43303252323088,3.31011836622734,0.00699768734516804,0.0450884087315542,0.0450884087315541,"Kdr/Ccbe1/Vash1/Ptpn14/Npr2/Vegfc",6
"GO:0046697","decidualization","6/1399","32/25615",0.1875,3.43303252323088,3.31011836622734,0.00699768734516804,0.0450884087315542,0.0450884087315541,"Ptn/Ptgis/Parp1/Ndp/Cdh1/Tppp3",6
"GO:0060402","calcium ion transport into cytosol","6/1399","32/25615",0.1875,3.43303252323088,3.31011836622734,0.00699768734516804,0.0450884087315542,0.0450884087315541,"Cacna1c/P2rx7/Gimap3/Bcl2/Cacnb3/Pml",6
"GO:1904893","negative regulation of receptor signaling pathway via STAT","6/1399","32/25615",0.1875,3.43303252323088,3.31011836622734,0.00699768734516804,0.0450884087315542,0.0450884087315541,"Gbp7/Parp14/Pibf1/Bcl3/Hmga2/Nf2",6
"GO:0071383","cellular response to steroid hormone stimulus","22/1399","228/25615",0.0964912280701754,1.7667067955808,2.7950359643984,0.00706095848544054,0.0454504983070842,0.0454504983070842,"Agtr2/Kank2/Ass1/Abhd2/Akap13/Parp1/Trim63/Ugt1a7c/Cnot9/Aqp1/Rnf14/Ccl2/Rbfox2/Carm1/Cyp7b1/Brca1/Tfpi/Hmga2/Kmt2d/Psmc3ip/Lbh/Zfp366",22
"GO:0009953","dorsal/ventral pattern formation","12/1399","98/25615",0.122448979591837,2.24198042333445,2.96080180772317,0.00709731875435663,0.0455476280499371,0.0455476280499371,"Gli3/Aida/En1/Sostdc1/Sufu/Gli2/Gli1/Dync2h1/Grem2/Gpr161/Apc/Smo",12
"GO:1901222","regulation of non-canonical NF-kappaB signal transduction","12/1399","98/25615",0.122448979591837,2.24198042333445,2.96080180772317,0.00709731875435663,0.0455476280499371,0.0455476280499371,"Nlrp3/Trim44/Ptpn22/Eda/Birc3/Trim56/Nod2/Bcl3/Birc2/Il18/Laptm5/Trim21",12
"GO:2000027","regulation of animal organ morphogenesis","12/1399","98/25615",0.122448979591837,2.24198042333445,2.96080180772317,0.00709731875435663,0.0455476280499371,0.0455476280499371,"Agtr2/Robo2/Fgf1/Wnt10a/Ntn4/Vangl2/Robo1/Tnfrsf11b/Cdh1/Apc/Hoxb7/Smo",12
"GO:0002577","regulation of antigen processing and presentation","5/1399","23/25615",0.217391304347826,3.98032756316624,3.43694165487427,0.00711491179922181,0.0455694849433708,0.0455694849433708,"Ccr7/Fgl2/Nod2/Cd74/Tapbpl",5
"GO:0046931","pore complex assembly","5/1399","23/25615",0.217391304347826,3.98032756316624,3.43694165487427,0.00711491179922181,0.0455694849433708,0.0455694849433708,"P2rx7/Gsdmd/Atp5mc2/Ano6/Nup153",5
"GO:0010001","glial cell differentiation","27/1399","298/25615",0.0906040268456376,1.65891504478271,2.74996895403302,0.00712265762080664,0.0455736579243644,0.0455736579243644,"Gli3/Actr3/Ptn/Raf1/Gpm6b/Ror2/Nkx6-1/Gpc1/Sox11/Ano1/Mycn/Tmem98/Cntnap1/Dmd/Abl2/Prx/Ndp/Enpp2/Csk/Ldlr/Plec/Hmga2/Lef1/Tenm4/Med12/Smo/Abca2",27
"GO:0002428","antigen processing and presentation of peptide antigen via MHC class Ib","7/1399","42/25615",0.166666666666667,3.05158446509412,3.19830269197477,0.00718120086178691,0.0458568929782496,0.0458568929782496,"H2-T24/H2-Q7/H2-D1/H2-Q6/H2-Q4/Raet1a/H2-K1",7
"GO:0045197","establishment or maintenance of epithelial cell apical/basal polarity","7/1399","42/25615",0.166666666666667,3.05158446509412,3.19830269197477,0.00718120086178691,0.0458568929782496,0.0458568929782496,"Pard3b/Prickle2/Msn/Vangl2/Fat1/Dlg3/Myo9a",7
"GO:0072073","kidney epithelium development","18/1399","175/25615",0.102857142857143,1.88326355560094,2.81803990114411,0.00744364103489251,0.0471718169749119,0.0471718169749119,"Gli3/Agtr2/Kank2/Wnt6/Robo2/Kif26b/Fgf1/Aqp1/Iqgap1/Wnt7b/Tshz3/Smad5/Yap1/Bcl2/Smad3/Stat1/Hoxb7/Smo",18
"GO:0010820","positive regulation of T cell chemotaxis","4/1399","15/25615",0.266666666666667,4.88253514415058,3.6152422045083,0.0074458627665879,0.0471718169749119,0.0471718169749119,"Xcl1/Ccr7/Wnk1/Ccl5",4
"GO:0035655","interleukin-18-mediated signaling pathway","4/1399","15/25615",0.266666666666667,4.88253514415058,3.6152422045083,0.0074458627665879,0.0471718169749119,0.0471718169749119,"Nlrp3/Gsdmd/Il18rap/Il18",4
"GO:0043383","negative T cell selection","4/1399","15/25615",0.266666666666667,4.88253514415058,3.6152422045083,0.0074458627665879,0.0471718169749119,0.0471718169749119,"Gli3/Ccr7/Dock2/Cd74",4
"GO:0051133","regulation of NK T cell activation","4/1399","15/25615",0.266666666666667,4.88253514415058,3.6152422045083,0.0074458627665879,0.0471718169749119,0.0471718169749119,"Rasal3/Il12rb2/Hsph1/Il18",4
"GO:0051589","negative regulation of neurotransmitter transport","4/1399","15/25615",0.266666666666667,4.88253514415058,3.6152422045083,0.0074458627665879,0.0471718169749119,0.0471718169749119,"Ppp1r9a/Gpm6b/Asic1/Ggcx",4
"GO:0141201","pyroptotic cell death","4/1399","15/25615",0.266666666666667,4.88253514415058,3.6152422045083,0.0074458627665879,0.0471718169749119,0.0471718169749119,"Gzmc/Prf1/Gsdmd/Gzmb",4
"GO:2000644","regulation of receptor catabolic process","4/1399","15/25615",0.266666666666667,4.88253514415058,3.6152422045083,0.0074458627665879,0.0471718169749119,0.0471718169749119,"Dtx3l/Laptm5/Furin/Abca2",4
"GO:0010972","negative regulation of G2/M transition of mitotic cell cycle","10/1399","75/25615",0.133333333333333,2.44126757207529,3.00442354225057,0.00746505229074456,0.0472467940056582,0.0472467940056582,"Mre11a/Ticrr/Hus1/Cdc6/Bard1/Atm/Mbd4/Nabp1/Brca1/Chek1",10
"GO:0071560","cellular response to transforming growth factor beta stimulus","26/1399","285/25615",0.0912280701754386,1.6703409703673,2.73524954645249,0.00749076301156899,0.0473628558920465,0.0473628558920465,"Xcl1/Cflar/Actr3/Ryr1/Ptk2/Glg1/Parp1/Wnt10a/Fbn2/Zyx/Dbn1/Sox11/Smad5/Ccl2/Rbbp7/Kmt2a/Cldn1/Cep128/Prdm16/Tgfb1i1/Ndp/Smad3/Arap1/Furin/Pml/Dnmt1",26
"GO:0070167","regulation of biomineral tissue development","13/1399","111/25615",0.117117117117117,2.14435665114722,2.90412358304828,0.00754402347641343,0.0476527107300687,0.0476527107300687,"Wnt6/Ptn/Gpm6b/P2rx7/Txlng/Wnt10b/Ank/Fbn2/Ano6/Cdon/Tfap2a/Smad3/Cd276",13
"GO:0002704","negative regulation of leukocyte mediated immunity","11/1399","87/25615",0.126436781609195,2.31499511145071,2.95305628665442,0.00768013391441998,0.048395647099155,0.048395647099155,"Sh2d1b1/Klrb1b/Klrd1/Nod2/Serpinb9b/Tbx21/Tap1/Serpinb9/Klre1/Clec2d/Igf2",11
"GO:0045646","regulation of erythrocyte differentiation","8/1399","53/25615",0.150943396226415,2.76369913819844,3.08930920253527,0.00768424035509622,0.048395647099155,0.048395647099155,"Acvr1b/Klf13/Gata2/Rbfox2/Hoxa5/Inhba/Stat1/Senp1",8
"GO:1902622","regulation of neutrophil migration","8/1399","53/25615",0.150943396226415,2.76369913819844,3.08930920253527,0.00768424035509622,0.048395647099155,0.048395647099155,"Xcl1/Ccr7/Nod2/Sell/Cd74/Tirap/Slamf8/Pawr",8
"GO:0006334","nucleosome assembly","9/1399","64/25615",0.140625,2.57477439242316,3.03180130766975,0.00771794231385961,0.0485072290507017,0.0485072290507017,"Kat6a/Atrx/Macroh2a2/Mcm2/Nap1l2/Tspyl5/Supt16/Atad2/Chaf1a",9
"GO:0090497","mesenchymal cell migration","9/1399","64/25615",0.140625,2.57477439242316,3.03180130766975,0.00771794231385961,0.0485072290507017,0.0485072290507017,"Efnb1/Pitx2/Hand2/Sema6a/Coro1c/Sema4a/Sema3d/Sema4c/Smo",9
"GO:0007292","female gamete generation","19/1399","189/25615",0.100529100529101,1.84063824878693,2.78802961756663,0.00772461010567681,0.0485072290507017,0.0485072290507017,"Ptn/Top2a/Hrob/Alms1/Trip13/Ttk/Rec114/Atm/Bcl2/Inhba/Aspm/Brme1/Tut7/Tdrd1/Brca2/Npr2/Kmt2d/Cenpv/Diaph2",19
"GO:0090596","sensory organ morphogenesis","30/1399","343/25615",0.0874635568513119,1.60141458809604,2.69524077161986,0.00774400849002978,0.0485815532616712,0.0485815532616712,"Gli3/Kdr/Ptn/Ror2/Fzd5/Gngt1/Pitx2/Alms1/Aqp1/Nkx3-2/Fbn2/Gata2/Lrig1/Gli2/Vangl2/Sox11/Bcl2/Ttc39c/Myo7a/Fat1/Fzd2/Cdon/Ndp/Slitrk6/Tfap2a/Tbx3/Sdk1/Pcdh15/Tenm3/Bhlhe22",30
"GO:0051258","protein polymerization","27/1399","300/25615",0.09,1.64785561115082,2.71297781227525,0.00775841318684698,0.048624435426639,0.048624435426639,"Kank2/Actr3/Ppp1r9a/Stmn2/Gas7/Arhgap28/Nde1/Abitram/Dbn1/Lrrc49/Nav3/Cdc42ep5/Camsap2/Mzt1/Svil/Hdgfl3/Cyria/Septin2/Apc/Ube2s/Camsap1/Ssh2/Clasp1/Tppp3/Diaph2/Sptbn2/Hip1r",27
"GO:1903322","positive regulation of protein modification by small protein conjugation or removal","15/1399","137/25615",0.109489051094891,2.00469052451438,2.83404198054612,0.0079803128659909,0.0499664033636701,0.0499664033636701,"Ubqln1/Fanci/Inava/Ptpn22/Tspyl5/Birc3/Nod2/Dnajb2/Mycbp2/Birc2/Birc5/Ube2s/Huwe1/Laptm5/Amer1",15
