"ENSEMBL","baseMean","log2FoldChange","lfcSE","stat","pvalue","padj","SYMBOL","ENTREZID","GENENAME","regulated"
"ENSMUSG00000073125",415.578054759361,-5.99965009457302,0.433030275112899,-13.8550361011336,1.18597234067536e-43,2.04129559277044e-39,"Xlr3b","574437","X-linked lymphocyte-regulated 3B","Down_in_WT_treated"
"ENSMUSG00000031561",567.591165439624,-4.17759967512207,0.325583868134428,-12.8311015501456,1.09791967066401e-37,9.4486966857345e-34,"Tenm3","23965","teneurin transmembrane protein 3","Down_in_WT_treated"
"ENSMUSG00000028989",1284.520725611,-3.38231479789396,0.302752709845554,-11.1718729111274,5.59877179289953e-29,3.21220200331289e-25,"Angptl7","654812","angiopoietin-like 7","Down_in_WT_treated"
"ENSMUSG00000038253",804.595580653575,-1.72134707877957,0.180854750494627,-9.51784276648408,1.76811202776455e-21,7.60818605547084e-18,"Hoxa5","15402","homeobox A5","Down_in_WT_treated"
"ENSMUSG00000059430",1216.98715464871,-2.24506000150509,0.24923568148568,-9.007779255853,2.10271084799738e-19,7.23837182314618e-16,"Actg2","11468","actin, gamma 2, smooth muscle, enteric","Down_in_WT_treated"
"ENSMUSG00000001349",689.228214378187,-2.91494526615967,0.327290406873993,-8.90629607509982,5.27658901410559e-19,1.51367750184642e-15,"Cnn1","12797","calponin 1","Down_in_WT_treated"
"ENSMUSG00000048402",181.995501814349,-2.50600793700675,0.282488030893943,-8.87120041538187,7.23615893084756e-19,1.55685959397185e-15,"Gli2","14633","GLI-Kruppel family member GLI2","Down_in_WT_treated"
"ENSMUSG00000046387",243.288074986466,-2.32767054667771,0.261967846508082,-8.88532916426408,6.37317899893159e-19,1.55685959397185e-15,"Pcdhb17","93888","protocadherin beta 17","Down_in_WT_treated"
"ENSMUSG00000049691",144.053503085911,-5.46679500999757,0.629360538194505,-8.68626912275209,3.74537012203035e-18,7.16281228226515e-15,"Nkx3-2","12020","NK3 homeobox 2","Down_in_WT_treated"
"ENSMUSG00000038521",562.465138159409,-1.8251727042021,0.214897721403637,-8.49321571341338,2.00996739056726e-17,3.45955587264436e-14,"C1s1","50908","complement component 1, s subcomponent 1","Down_in_WT_treated"
"ENSMUSG00000029307",232.063194852834,1.57729421707033,0.195478317330958,8.0688960218532,7.09366435990682e-16,1.10996500875197e-12,"Dmp1","13406","dentin matrix protein 1","Up_in_WT_treated"
"ENSMUSG00000035095",932.68517406904,-1.63940422716093,0.213354887164671,-7.68393097972776,1.5427980659796e-14,2.21288669263674e-11,"Fam167a","219148","family with sequence similarity 167, member A","Down_in_WT_treated"
"ENSMUSG00000031375",53006.82193836,-1.27139332544556,0.168916643316059,-7.52674988376764,5.20188776823517e-14,6.88729940514337e-11,"Bgn","12111","biglycan","Down_in_WT_treated"
"ENSMUSG00000032852",187.14285554395,-1.7551251296554,0.245069212481426,-7.16175284477411,7.96519349174937e-13,9.79263645571359e-10,"Rspo4","228770","R-spondin 4","Down_in_WT_treated"
"ENSMUSG00000037211",2658.66964360316,-1.09612750822624,0.154722073926701,-7.08449337840138,1.39553884461753e-12,1.60133430623713e-09,"Spry1","24063","sprouty RTK signaling antagonist 1","Down_in_WT_treated"
"ENSMUSG00000029810",2758.29553200937,-1.33780427815194,0.189626373018373,-7.05494840647678,1.72664775829599e-12,1.85744132598692e-09,"Tmem176b","65963","transmembrane protein 176B","Down_in_WT_treated"
"ENSMUSG00000059327",93.944469691737,-2.38473264825269,0.339019892763414,-7.03419681014672,2.00412076083546e-12,2.02911332561764e-09,"Eda","13607","ectodysplasin-A","Down_in_WT_treated"
"ENSMUSG00000052981",88.804141304372,-3.34438235187239,0.477496668541997,-7.00399096413433,2.4877216475329e-12,2.37881472207424e-09,"Ube2ql1","76980","ubiquitin-conjugating enzyme E2Q family-like 1","Down_in_WT_treated"
"ENSMUSG00000027750",91241.7413722403,-1.27950392131022,0.186323376926404,-6.86711427420943,6.55135904234544e-12,5.93484167562367e-09,"Postn","50706","periostin, osteoblast specific factor","Down_in_WT_treated"
"ENSMUSG00000043773",91.4604442517407,-8.22906901016228,1.21099365717291,-6.79530314747745,1.08085009090033e-11,9.30179588228822e-09,"1700048O20Rik","69430","RIKEN cDNA 1700048O20 gene","Down_in_WT_treated"
"ENSMUSG00000058665",61.9308436141763,-3.85610800122719,0.56811390654408,-6.78756136191852,1.14044759363846e-11,9.34732570557387e-09,"En1","13798","engrailed 1","Down_in_WT_treated"
"ENSMUSG00000046733",636.277625779515,1.19534950648044,0.176856287634737,6.75887480432255,1.39067494400595e-11,1.08801350619229e-08,"Gprc5a","232431","G protein-coupled receptor, family C, group 5, member A","Up_in_WT_treated"
"ENSMUSG00000022054",431.614842237307,1.86594627858619,0.27908220732836,6.68600946097137,2.29338206194341e-11,1.71624748044217e-08,"Nefm","18040","neurofilament, medium polypeptide","Up_in_WT_treated"
"ENSMUSG00000039410",176.507938540187,-2.53198400673298,0.379083079813489,-6.67923244682599,2.40196924936342e-11,1.7226122800018e-08,"Prdm16","70673","PR domain containing 16","Down_in_WT_treated"
"ENSMUSG00000034394",160.475574802163,2.18499755606196,0.32899120453238,6.6415075113259,3.10490926145929e-11,2.13766792832949e-08,"Lif","16878","leukemia inhibitory factor","Up_in_WT_treated"
"ENSMUSG00000063632",174.377528891993,-2.8898412623262,0.442186644497596,-6.53534270717196,6.34640496657115e-11,4.2013200878701e-08,"Sox11","20666","SRY (sex determining region Y)-box 11","Down_in_WT_treated"
"ENSMUSG00000116031",59.1329634423115,-5.24403636480054,0.814440853715175,-6.43881792137416,1.20407535924161e-10,7.40162324402376e-08,"D030024E09Rik","432956","RIKEN cDNA D030024E09 gene","Down_in_WT_treated"
"ENSMUSG00000023034",1399.15647202431,3.43960756689179,0.533976838788762,6.44149205926978,1.18304639926883e-10,7.40162324402376e-08,"Nr4a1","15370","nuclear receptor subfamily 4, group A, member 1","Up_in_WT_treated"
"ENSMUSG00000022055",442.22950608373,1.58353807560237,0.24662709708044,6.42077895879336,1.3557877414859e-10,8.04683400222599e-08,"Nefl","18039","neurofilament, light polypeptide","Up_in_WT_treated"
"ENSMUSG00000021359",331.856516788853,-2.065046023076,0.321981148258157,-6.41356189406561,1.42158360411074e-10,8.1560989979847e-08,"Tfap2a","21418","transcription factor AP-2, alpha","Down_in_WT_treated"
"ENSMUSG00000028195",9885.8097608151,1.63500790744542,0.256186025315551,6.38211200408587,1.74662135375229e-10,9.69769249702725e-08,"Ccn1","16007","cellular communication network factor 1","Up_in_WT_treated"
"ENSMUSG00000022602",133.277449100872,3.00528013064922,0.473873071710886,6.34195169562783,2.26872457737927e-10,1.22029023205787e-07,"Arc","11838","activity regulated cytoskeletal-associated protein","Up_in_WT_treated"
"ENSMUSG00000025081",52.925328610233,-8.04958364267891,1.27329993291235,-6.3218283725717,2.58486385716147e-10,1.34820232452919e-07,"Tdrd1","83561","tudor domain containing 1","Down_in_WT_treated"
"ENSMUSG00000058427",214.847058080189,3.74580216967688,0.595792699269177,6.28708974492575,3.23472400854906e-10,1.63529367013788e-07,"Cxcl2","20310","C-X-C motif chemokine ligand 2","Up_in_WT_treated"
"ENSMUSG00000037995",97.9397727945313,-1.7336860733188,0.275941681488643,-6.28279882896253,3.32531248285068e-10,1.63529367013788e-07,"Igsf9","93842","immunoglobulin superfamily, member 9","Down_in_WT_treated"
"ENSMUSG00000033207",111.768561216651,-1.71504723086941,0.273196398192881,-6.27770805989383,3.43600301814444e-10,1.64279122078617e-07,"Mamdc2","71738","MAM domain containing 2","Down_in_WT_treated"
"ENSMUSG00000019970",3023.93181442155,1.89344257764351,0.304135701110968,6.22565049327328,4.79562068214968e-10,2.23087089678812e-07,"Sgk1","20393","serum/glucocorticoid regulated kinase 1","Up_in_WT_treated"
"ENSMUSG00000053414",137.130246257338,-1.47163556526923,0.237353926018651,-6.20017368136388,5.6400884910138e-10,2.55466323966657e-07,"Hunk","26559","hormonally upregulated Neu-associated kinase","Down_in_WT_treated"
"ENSMUSG00000031673",280.555697886591,-2.20141749264371,0.355608135825187,-6.19057122395508,5.99465726415379e-10,2.64564207257987e-07,"Cdh11","12552","cadherin 11","Down_in_WT_treated"
"ENSMUSG00000044786",2681.768109642,1.86972538956407,0.302955029606074,6.17162683186093,6.75908785722288e-10,2.90843550496301e-07,"Zfp36","22695","zinc finger protein 36","Up_in_WT_treated"
"ENSMUSG00000033585",105.100684888181,-3.01711691045561,0.490978001215524,-6.14511628420432,7.99049544848996e-10,3.35444896730266e-07,"Ndn","17984","necdin, MAGE family member","Down_in_WT_treated"
"ENSMUSG00000053475",619.963798775347,1.64700345417699,0.268497002410534,6.1341595600338,8.56105614834852e-10,3.5084023434613e-07,"Tnfaip6","21930","tumor necrosis factor alpha induced protein 6","Up_in_WT_treated"
"ENSMUSG00000022367",858.958457815854,1.80407046794454,0.295794826352661,6.09906025128932,1.06693851445376e-09,4.27073156064609e-07,"Has2","15117","hyaluronan synthase 2","Up_in_WT_treated"
"ENSMUSG00000020848",211.075429395405,-1.06093028768205,0.175205099329219,-6.05536192578798,1.40102302799526e-09,5.48054735405781e-07,"Doc2b","13447","double C2, beta","Down_in_WT_treated"
"ENSMUSG00000082082",86.9119213985128,-2.53778558774333,0.419744048408173,-6.04603114056665,1.48457414032028e-09,5.6783311340428e-07,NA,NA,NA,"Down_in_WT_treated"
"ENSMUSG00000031661",73.8038135723673,-2.60772563887927,0.432088648361174,-6.03516349890202,1.58801818649666e-09,5.81552532467672e-07,"Nkd1","93960","naked cuticle 1","Down_in_WT_treated"
"ENSMUSG00000051439",1357.8579054545,1.0862844709859,0.179908856776361,6.0379710618484,1.5606404352038e-09,5.81552532467672e-07,"Cd14","12475","CD14 antigen","Up_in_WT_treated"
"ENSMUSG00000032816",424.053065499323,-1.03841958219146,0.172282655195932,-6.02741803004195,1.66599696963452e-09,5.9739874669478e-07,"Igdcc4","56741","immunoglobulin superfamily, DCC subclass, member 4","Down_in_WT_treated"
"ENSMUSG00000002265",90.9697038242407,-3.15873573647921,0.524618178755384,-6.02101845569489,1.7332299204449e-09,5.97492891796526e-07,"Peg3","18616","paternally expressed 3","Down_in_WT_treated"
"ENSMUSG00000026826",968.02733682647,1.77168732547536,0.294261644184157,6.02078918707662,1.73568699685256e-09,5.97492891796526e-07,"Nr4a2","18227","nuclear receptor subfamily 4, group A, member 2","Up_in_WT_treated"
"ENSMUSG00000041605",169.535840617164,-1.51606710085202,0.253000790657109,-5.99234135559181,2.06841181256957e-09,6.98068708195046e-07,"Inava","67313","innate immunity activator","Down_in_WT_treated"
"ENSMUSG00000022687",737.275410525884,-1.74095670755616,0.291186730627847,-5.97883256493994,2.24742407080884e-09,7.29861568052109e-07,"Boc","117606","BOC cell adhesion associated, oncogene regulated","Down_in_WT_treated"
"ENSMUSG00000035783",9522.50407798366,-1.5040973922791,0.251544796418031,-5.97944148993452,2.23903965229682e-09,7.29861568052109e-07,"Acta2","11475","actin alpha 2, smooth muscle, aorta","Down_in_WT_treated"
"ENSMUSG00000067818",1769.99525893989,-1.58950946169834,0.266287310263534,-5.96915211665652,2.3848968451275e-09,7.60163787006195e-07,"Myl9","98932","myosin, light polypeptide 9, regulatory","Down_in_WT_treated"
"ENSMUSG00000109325",70.1925564938756,-3.85240051562653,0.645849413033949,-5.96485873932973,2.4484577038813e-09,7.66233709076452e-07,NA,NA,NA,"Down_in_WT_treated"
"ENSMUSG00000053113",1468.82566194874,1.249043204288,0.210620932712572,5.93028996786624,3.02400170696056e-09,9.29448524646522e-07,"Socs3","12702","suppressor of cytokine signaling 3","Up_in_WT_treated"
"ENSMUSG00000072966",98.2938773658151,-2.05442643215136,0.34839619208997,-5.89681081135591,3.70594350650701e-09,1.11906490585962e-06,"Gprasp2","245607","G protein-coupled receptor associated sorting protein 2","Down_in_WT_treated"
"ENSMUSG00000028126",1655.61246742588,0.874988072071109,0.149321756036096,5.85974941159676,4.63566159833609e-09,1.37567254190622e-06,"Pip5k1a","18720","phosphatidylinositol-4-phosphate 5-kinase, type 1 alpha","Up_in_WT_treated"
"ENSMUSG00000035413",387.979558233808,-1.16287144595914,0.199409351707931,-5.83157929153876,5.49052099506826e-09,1.55972176713667e-06,"Tmem98","103743","transmembrane protein 98","Down_in_WT_treated"
"ENSMUSG00000005958",446.320677543747,-0.99319755608672,0.170296087004714,-5.83218072450032,5.4707617286709e-09,1.55972176713667e-06,"Ephb3","13845","Eph receptor B3","Down_in_WT_treated"
"ENSMUSG00000031586",1053.46113315,-0.926389520581027,0.158888089900556,-5.83045287510745,5.52771483821387e-09,1.55972176713667e-06,"Rbpms","19663","RNA binding protein gene with multiple splicing","Down_in_WT_treated"
"ENSMUSG00000041765",828.68681110359,-0.616962363704336,0.106054277336665,-5.81742084523203,5.97625458649388e-09,1.65908538617311e-06,"Ubac2","68889","ubiquitin associated domain containing 2","Down_in_WT_treated"
"ENSMUSG00000032501",1517.9974950705,1.42947147260121,0.246517967542742,5.79865024383412,6.6850794112587e-09,1.79786854416539e-06,"Trib1","211770","tribbles pseudokinase 1","Up_in_WT_treated"
"ENSMUSG00000052727",3667.87143919683,0.709340322109269,0.12266895127079,5.78255797217513,7.35732022825495e-09,1.94821839644191e-06,"Map1b","17755","microtubule-associated protein 1B","Up_in_WT_treated"
"ENSMUSG00000115149",135.564270769879,-1.24574044239697,0.215724811775983,-5.77467391043826,7.71022579264977e-09,2.01073342944073e-06,"9330188P03Rik","380930","RIKEN cDNA 9330188P03 gene","Down_in_WT_treated"
"ENSMUSG00000028341",186.32271755731,3.68113589030743,0.639087641730512,5.75998603312013,8.41208964652598e-09,2.13651096852098e-06,"Nr4a3","18124","nuclear receptor subfamily 4, group A, member 3","Up_in_WT_treated"
"ENSMUSG00000022425",2251.14878019351,-1.4294044689402,0.248185865906315,-5.75941125301541,8.44078235297622e-09,2.13651096852098e-06,"Enpp2","18606","ectonucleotide pyrophosphatase/phosphodiesterase 2","Down_in_WT_treated"
"ENSMUSG00000024190",2439.43003907239,1.39412209077869,0.243226076344218,5.73179533926988,9.93731335410037e-09,2.47885561522863e-06,"Dusp1","19252","dual specificity phosphatase 1","Up_in_WT_treated"
"ENSMUSG00000019539",4717.86262288598,-0.929822196149999,0.162882826116252,-5.70853427780267,1.13953230384547e-08,2.80194714482689e-06,"Rcn3","52377","reticulocalbin 3, EF-hand calcium binding domain","Down_in_WT_treated"
"ENSMUSG00000036570",94.5415448772,-2.12149322937426,0.37594787338106,-5.64305154939371,1.67062299011364e-08,3.99371707025498e-06,"Fxyd1","56188","FXYD domain-containing ion transport regulator 1","Down_in_WT_treated"
"ENSMUSG00000017969",1287.93980482057,-1.02802501448705,0.182113971996316,-5.64495410878114,1.65225315169512e-08,3.99371707025498e-06,"Ptgis","19223","prostaglandin I2 (prostacyclin) synthase","Down_in_WT_treated"
"ENSMUSG00000027500",1293.70923172451,-1.34798439992472,0.240966014887447,-5.59408512671111,2.21788123313764e-08,5.22933860065274e-06,"Stmn2","20257","stathmin-like 2","Down_in_WT_treated"
"ENSMUSG00000041120",3483.86377164567,-0.844267156502845,0.15112178001671,-5.58666762930857,2.31468117965172e-08,5.3838233059683e-06,"Nbl1","17965","NBL1, DAN family BMP antagonist","Down_in_WT_treated"
"ENSMUSG00000015134",116.469224643483,2.15064191778408,0.385456102016774,5.57947301010815,2.41248374209285e-08,5.53648935585361e-06,"Aldh1a3","56847","aldehyde dehydrogenase family 1, subfamily A3","Up_in_WT_treated"
"ENSMUSG00000061353",8030.15566616698,-0.673804761662909,0.120833711327281,-5.57629782501583,2.4569115288974e-08,5.56425805728711e-06,"Cxcl12","20315","C-X-C motif chemokine ligand 12","Down_in_WT_treated"
"ENSMUSG00000029163",1402.30475084291,-0.974327777380042,0.175110097436054,-5.56408677538336,2.63528795253641e-08,5.89072418689049e-06,"Emilin1","100952","elastin microfibril interfacer 1","Down_in_WT_treated"
"ENSMUSG00000028680",528.935858326582,1.04110147064588,0.189087653686198,5.50591987551789,3.67245543521032e-08,8.00130417099241e-06,"Plk3","12795","polo like kinase 3","Up_in_WT_treated"
"ENSMUSG00000023367",1526.91024470774,-1.23494954129247,0.225945833792017,-5.46568848190955,4.61113526528641e-08,9.92085752326371e-06,"Tmem176a","66058","transmembrane protein 176A","Down_in_WT_treated"
"ENSMUSG00000053560",2569.091258706,0.946452144119871,0.173421676088423,5.4575192990137,4.82832686595193e-08,1.02598965452796e-05,"Ier2","15936","immediate early response 2","Up_in_WT_treated"
"ENSMUSG00000038418",5487.70911429508,1.6792514473935,0.308279047584215,5.44717995125752,5.11746828848467e-08,1.0741690753829e-05,"Egr1","13653","early growth response 1","Up_in_WT_treated"
"ENSMUSG00000003378",201.698048641128,-1.35682644564672,0.250059837068662,-5.42600707715475,5.76286749049247e-08,1.18083899102805e-05,"Grik5","14809","glutamate receptor, ionotropic, kainate 5 (gamma 2)","Down_in_WT_treated"
"ENSMUSG00000027397",2322.85046283648,0.989591520369264,0.182345022558335,5.42702787542597,5.73001821774058e-08,1.18083899102805e-05,"Slc20a1","20515","solute carrier family 20, member 1","Up_in_WT_treated"
"ENSMUSG00000082361",508.990486210406,1.85416095521859,0.343384201261197,5.39966879200774,6.67640416768484e-08,1.33621242481618e-05,"Btc","12223","betacellulin, epidermal growth factor family member","Up_in_WT_treated"
"ENSMUSG00000039100",15691.8736379811,1.05683793817876,0.195650577100215,5.40166021405308,6.60269298739499e-08,1.33621242481618e-05,"Marchf6","223455","membrane associated ring-CH-type finger 6","Up_in_WT_treated"
"ENSMUSG00000058589",401.325908918946,-1.0183001974281,0.189487872044599,-5.37395974972174,7.70260589856574e-08,1.52387646811625e-05,"Anks1b","77531","ankyrin repeat and sterile alpha motif domain containing 1B","Down_in_WT_treated"
"ENSMUSG00000038463",2396.15250970781,-0.797049595294816,0.149051993999046,-5.34746013058985,8.91970514399926e-08,1.74461323793767e-05,"Olfml2b","320078","olfactomedin-like 2B","Down_in_WT_treated"
"ENSMUSG00000024420",490.182489222836,-1.23845613849884,0.23169976506137,-5.34509017810532,9.03720495671098e-08,1.74773451365067e-05,"Zfp521","225207","zinc finger protein 521","Down_in_WT_treated"
"ENSMUSG00000049382",371.591902547663,-3.5346572975367,0.662231415601613,-5.33749564617921,9.42391650711655e-08,1.80227167689433e-05,"Krt8","16691","keratin 8","Down_in_WT_treated"
"ENSMUSG00000030616",180.514650995711,1.09397107764553,0.205038249723239,5.33544877173979,9.53085355626516e-08,1.80269287264215e-05,"Sytl2","83671","synaptotagmin-like 2","Up_in_WT_treated"
"ENSMUSG00000021614",4929.02488509502,0.837074379798131,0.157403159440409,5.3180278132539,1.04898037068075e-07,1.96250545001708e-05,"Vcan","13003","versican","Up_in_WT_treated"
"ENSMUSG00000063838",600.106561140331,-1.00743692140296,0.189793577308584,-5.30806645666925,1.10794249095497e-07,2.02871342067201e-05,"Cdc42ep5","58804","CDC42 effector protein 5","Down_in_WT_treated"
"ENSMUSG00000007097",79.126831694592,-3.11069311253796,0.587377335339329,-5.29590252361527,1.18430004235252e-07,2.14570235041806e-05,"Atp1a2","98660","ATPase, Na+/K+ transporting, alpha 2 polypeptide","Down_in_WT_treated"
"ENSMUSG00000029380",330.132142260753,3.09673644298789,0.585260568301117,5.29120978024717,1.21509891469939e-07,2.15611159997999e-05,"Cxcl1","14825","C-X-C motif chemokine ligand 1","Up_in_WT_treated"
"ENSMUSG00000006800",4442.15031645546,-0.823533995881664,0.155640758449395,-5.29124892532202,1.21483882543916e-07,2.15611159997999e-05,"Sulf2","72043","sulfatase 2","Down_in_WT_treated"
"ENSMUSG00000027559",235.92398068497,-4.6549889224005,0.881212780110112,-5.28248004054008,1.27446724205629e-07,2.23838062961968e-05,"Car3","12350","carbonic anhydrase 3","Down_in_WT_treated"
"ENSMUSG00000042428",267.236106651586,-1.2451363806124,0.235821131864904,-5.28000341091443,1.29181481662228e-07,2.24593097209117e-05,"Mgat3","17309","mannoside acetylglucosaminyltransferase 3","Down_in_WT_treated"
"ENSMUSG00000020086",269.370992730339,-1.24436231331831,0.235802792840936,-5.27713136187371,1.3122182345277e-07,2.25859002526908e-05,"Macroh2a2","404634","macroH2A.2 histone","Down_in_WT_treated"
"ENSMUSG00000040562",167.51116121824,-1.57803417231506,0.299247501997555,-5.27334117003908,1.33962193778385e-07,2.2605463522682e-05,"Gstm2","14863","glutathione S-transferase, mu 2","Down_in_WT_treated"
"ENSMUSG00000035873",413.854988219822,-0.861237879975131,0.163309295376701,-5.27366111027875,1.33728748800322e-07,2.2605463522682e-05,"Pawr","114774","PRKC, apoptosis, WT1, regulator","Down_in_WT_treated"
"ENSMUSG00000067276",1821.33970595351,-1.02035820564988,0.193757178825369,-5.26616981025265,1.39299442995676e-07,2.32778836198212e-05,"Capn6","12338","calpain 6","Down_in_WT_treated"
"ENSMUSG00000034765",1011.96644209866,2.31401009098527,0.44045486762146,5.25368263831745,1.49087690028866e-07,2.46740126997774e-05,"Dusp5","240672","dual specificity phosphatase 5","Up_in_WT_treated"
"ENSMUSG00000022421",907.519492673575,-1.36696861617115,0.260291752400406,-5.25167856286259,1.50719320402097e-07,2.47064851691514e-05,"Nptxr","73340","neuronal pentraxin receptor","Down_in_WT_treated"
"ENSMUSG00000116657",195.394495931619,0.968481165550367,0.18477149848587,5.24150734007513,1.59270140412092e-07,2.5861864686537e-05,NA,NA,NA,"Up_in_WT_treated"
"ENSMUSG00000022120",454.566271026618,-0.776036065274942,0.148369675071779,-5.23042235483434,1.69123199887517e-07,2.72051263220928e-05,"Obi1","72486","ORC ubiquitin ligase 1","Down_in_WT_treated"
"ENSMUSG00000000567",1790.57249860636,1.56546728369704,0.299751744778162,5.22254602673156,1.76479672460042e-07,2.80359019498254e-05,"Sox9","20682","SRY (sex determining region Y)-box 9","Up_in_WT_treated"
"ENSMUSG00000027398",217.549452246731,1.41878640422315,0.271723657135161,5.22143128493745,1.77545509675283e-07,2.80359019498254e-05,"Il1b","16176","interleukin 1 beta","Up_in_WT_treated"
"ENSMUSG00000052837",4505.26930334027,1.21604520311188,0.234789016590756,5.17931043269999,2.22707595792049e-07,3.4847664897934e-05,"Junb","16477","jun B proto-oncogene, AP-1 transcription factor subunit","Up_in_WT_treated"
"ENSMUSG00000040152",6186.81947192174,1.41963829312282,0.274385937314195,5.17387409507512,2.29289360104326e-07,3.55543105055464e-05,"Thbs1","21825","thrombospondin 1","Up_in_WT_treated"
"ENSMUSG00000032812",1976.83253144682,-0.631923534942857,0.123020866614162,-5.13671828475081,2.79577572300951e-07,4.29650819146782e-05,"Arap1","69710","ArfGAP with RhoGAP domain, ankyrin repeat and PH domain 1","Down_in_WT_treated"
"ENSMUSG00000029419",36.8656936534136,-2.72293647111656,0.530701511202733,-5.13082479253836,2.88475331964953e-07,4.35547141559717e-05,"Ajm1","381353","apical junction component 1","Down_in_WT_treated"
"ENSMUSG00000058914",3646.0459397735,-1.54261111180909,0.300573132227991,-5.13223221375284,2.8632593351816e-07,4.35547141559717e-05,"C1qtnf3","81799","C1q and tumor necrosis factor related protein 3","Down_in_WT_treated"
"ENSMUSG00000033060",2106.80347705806,-0.989377695953602,0.193612204074334,-5.11009985493345,3.21988585293304e-07,4.77764442247272e-05,"Lmo7","380928","LIM domain only 7","Down_in_WT_treated"
"ENSMUSG00000029838",33375.4928285915,-1.10891191608019,0.217299893384493,-5.10314063577598,3.3406255562053e-07,4.91443137379536e-05,"Ptn","19242","pleiotrophin","Down_in_WT_treated"
"ENSMUSG00000049134",46.0470666371192,-3.52700514456168,0.696061992882727,-5.06708480081588,4.03954353531081e-07,5.89225621438726e-05,"Nrap","18175","nebulin-related anchoring protein","Down_in_WT_treated"
"ENSMUSG00000039065",1290.23312958026,0.777162862886457,0.153872172856516,5.05070441561354,4.40183769795769e-07,6.36675886195359e-05,"Atpsckmt","68073","ATP synthase C subunit lysine N-methyltransferase","Up_in_WT_treated"
"ENSMUSG00000053192",561.199431826255,0.631247772642175,0.12526639206677,5.03924286655996,4.67377090850717e-07,6.70374540643545e-05,"Mllt11","56772","myeloid/lymphoid or mixed-lineage leukemia; translocated to, 11","Up_in_WT_treated"
"ENSMUSG00000043342",87.6006371652322,-1.77331092882766,0.352363893297067,-5.03261248544736,4.83840533632356e-07,6.88253162386786e-05,"Hoxd9","15438","homeobox D9","Down_in_WT_treated"
"ENSMUSG00000042436",1295.95238814268,-1.32319568785603,0.263828778040942,-5.01535767887569,5.29348963799641e-07,7.46815931550772e-05,"Mfap4","76293","microfibrillar-associated protein 4","Down_in_WT_treated"
"ENSMUSG00000003545",1614.97214096327,3.70522044431715,0.739206742869354,5.0124278222013,5.37475388718022e-07,7.52115966716633e-05,"Fosb","14282","Fos B proto-oncogene, AP-1 transcription factor subunit","Up_in_WT_treated"
"ENSMUSG00000043441",1600.30396303848,0.680619127451752,0.136166756309143,4.99842359398297,5.78009010518997e-07,8.02313797504273e-05,"Gpr149","229357","G protein-coupled receptor 149","Up_in_WT_treated"
"ENSMUSG00000020758",218.119429906901,1.07897725678882,0.216387626327872,4.98631680146972,6.15412046347833e-07,8.47397771339113e-05,"Itgb4","192897","integrin beta 4","Up_in_WT_treated"
"ENSMUSG00000087651",65.4428025393279,-1.84515657035638,0.37037292903824,-4.98188832306876,6.29667728294066e-07,8.60146106301387e-05,"1500009L16Rik","69784","RIKEN cDNA 1500009L16 gene","Down_in_WT_treated"
"ENSMUSG00000037868",148.260925831792,2.29465246729537,0.462763025241762,4.9585907735316,7.10063597718636e-07,9.54813644057279e-05,"Egr2","13654","early growth response 2","Up_in_WT_treated"
"ENSMUSG00000023087",1267.0712503993,1.27549410796596,0.257711380548537,4.9493123091851,7.44761587898037e-07,9.9370825200783e-05,"Noct","12457","nocturnin","Up_in_WT_treated"
"ENSMUSG00000026482",1775.45794408514,-0.702417050771915,0.142058739573471,-4.94455359016215,7.631854571791e-07,0.000101045754530513,"Rgl1","19731","ral guanine nucleotide dissociation stimulator,-like 1","Down_in_WT_treated"
"ENSMUSG00000045349",889.610476885357,0.772400337333966,0.156333563387866,4.94071983389537,7.78346812710353e-07,0.000102266452979928,"Sh2d5","230863","SH2 domain containing 5","Up_in_WT_treated"
"ENSMUSG00000020642",277.23520107302,-1.27320738530647,0.258544708177037,-4.92451535474728,8.45696885261841e-07,0.000110273748402476,"Rnf144a","108089","ring finger protein 144A","Down_in_WT_treated"
"ENSMUSG00000049907",206.461918616446,-1.38852722576743,0.283297240409959,-4.90130868821063,9.52003300864081e-07,0.000122282692645318,"Rasl11b","68939","RAS-like, family 11, member B","Down_in_WT_treated"
"ENSMUSG00000022124",1709.68819229987,-0.61503304078197,0.125462931418876,-4.90210960182809,9.48129092423727e-07,0.000122282692645318,"Fbxl3","50789","F-box and leucine-rich repeat protein 3","Down_in_WT_treated"
"ENSMUSG00000041957",730.778274162938,-0.706152718275262,0.144259180381361,-4.89502793796893,9.82917636815594e-07,0.000125318358258296,"Pkp2","67451","plakophilin 2","Down_in_WT_treated"
"ENSMUSG00000038267",733.775410585888,0.930013999217311,0.191228785446865,4.86335776825673,1.154109659734e-06,0.000146062760759865,"Slc22a23","73102","solute carrier family 22, member 23","Up_in_WT_treated"
"ENSMUSG00000033082",220.254696511214,-1.05844589445306,0.217973156444663,-4.85585432498781,1.19868803190567e-06,0.000150597214636208,"Clec1a","243653","C-type lectin domain family 1, member a","Down_in_WT_treated"
"ENSMUSG00000037605",283.027633935484,1.12294665255291,0.231565814658285,4.84936282244429,1.23858689503683e-06,0.000154482301720101,"Adgrl3","319387","adhesion G protein-coupled receptor L3","Up_in_WT_treated"
"ENSMUSG00000034161",764.683472483353,-1.00499648605588,0.207628615995382,-4.84035633160618,1.29606525448923e-06,0.00016048831050553,"Scx","20289","scleraxis scleraxis bHLH transcription factor","Down_in_WT_treated"
"ENSMUSG00000038236",57.9599094354418,-1.66240765951411,0.34363083960284,-4.83777201556032,1.31302623246796e-06,0.000161427196523132,"Hoxa7","15404","homeobox A7","Down_in_WT_treated"
"ENSMUSG00000022234",52967.1679707327,0.90838354942291,0.187956271366681,4.83295153078856,1.34523548103189e-06,0.000164214135457595,"Cct5","12465","chaperonin containing TCP1 subunit 5","Up_in_WT_treated"
"ENSMUSG00000025932",151.180989942811,-1.29902280351844,0.272336365298289,-4.76992046984112,1.84298667865547e-06,0.000223390751500126,"Eya1","14048","EYA transcriptional coactivator and phosphatase 1","Down_in_WT_treated"
"ENSMUSG00000023951",3460.51641088965,1.32601761378196,0.278459172294304,4.76198217087455,1.91700622823799e-06,0.000230737840562464,"Vegfa","22339","vascular endothelial growth factor A","Up_in_WT_treated"
"ENSMUSG00000038305",160.496577688962,-1.76377561149058,0.370906679096899,-4.75530830500302,1.98143797069622e-06,0.000233592536654954,"Spats2l","67198","spermatogenesis associated, serine-rich 2-like","Down_in_WT_treated"
"ENSMUSG00000016262",2010.25035828587,-0.684783646880317,0.143977422854568,-4.75618769459443,1.97283056358346e-06,0.000233592536654954,"Sertad4","214791","SERTA domain containing 4","Down_in_WT_treated"
"ENSMUSG00000089715",6159.57847054814,-0.655939727917436,0.137914927582782,-4.75611842324839,1.97350728155013e-06,0.000233592536654954,"Cbx6","494448","chromobox 6","Down_in_WT_treated"
"ENSMUSG00000000078",5442.10250629022,0.933361704042382,0.19655020141757,4.74871914305221,2.04708991397994e-06,0.000239690555098113,"Klf6","23849","Kruppel-like transcription factor 6","Up_in_WT_treated"
"ENSMUSG00000029377",1148.827678949,2.12007120891597,0.446657628897503,4.74652411993723,2.0694205718987e-06,0.000240668019483246,"Ereg","13874","epiregulin","Up_in_WT_treated"
"ENSMUSG00000009585",1684.98885944533,-0.779045725487735,0.164330670561209,-4.74072017613755,2.12959885220269e-06,0.000246004398953777,"Apobec3","80287","apolipoprotein B mRNA editing enzyme, catalytic polypeptide 3","Down_in_WT_treated"
"ENSMUSG00000035357",1208.46033836848,-1.2321202667856,0.260347765079407,-4.73259398408816,2.21668610034958e-06,0.000254357341061447,"Pdzrn3","55983","PDZ domain containing RING finger 3","Down_in_WT_treated"
"ENSMUSG00000024486",1424.64465108474,1.16472819191229,0.246319007935993,4.72853557535822,2.26145005659292e-06,0.000257775353470711,"Hbegf","15200","heparin-binding EGF-like growth factor","Up_in_WT_treated"
"ENSMUSG00000009216",35.3957648804158,-5.86685614562813,1.24122140797916,-4.7266797913033,2.28220723933765e-06,0.000258429940812366,"Fam163b","109349","family with sequence similarity 163, member B","Down_in_WT_treated"
"ENSMUSG00000056328",284.354054872915,-5.43636418072753,1.1513343357759,-4.72179454030081,2.33772775874083e-06,0.000262986733225145,"Myh1","17879","myosin, heavy polypeptide 1, skeletal muscle, adult","Down_in_WT_treated"
"ENSMUSG00000003541",1474.26316123005,1.33988270374519,0.285636107654771,4.69087299482675,2.72041805842179e-06,0.000304050880659454,"Ier3","15937","immediate early response 3","Up_in_WT_treated"
"ENSMUSG00000047342",103.950434722589,-1.19588516403379,0.255784847513921,-4.67535577520362,2.9344444585535e-06,0.000325855858197567,"Zfp286","192651","zinc finger protein 286","Down_in_WT_treated"
"ENSMUSG00000067219",78.7598724017419,1.37088390833632,0.293664289399579,4.66820092813876,3.03848672035893e-06,0.000335246368146268,"Nipal1","70701","NIPA-like domain containing 1","Up_in_WT_treated"
"ENSMUSG00000033491",208.57393210303,-1.54452543536993,0.331020070762514,-4.66595705756474,3.07183855264172e-06,0.000336767421452671,"Prss35","244954","serine protease 35","Down_in_WT_treated"
"ENSMUSG00000070867",448.086971385899,-1.25390076411995,0.269195604559265,-4.65795407830998,3.19367426977625e-06,0.000347908364122713,"Trabd2b","666048","TraB domain containing 2B","Down_in_WT_treated"
"ENSMUSG00000032572",112.997734254651,-1.86166064325325,0.400453655282229,-4.64887913669111,3.33743696112607e-06,0.000361282798584289,"Col6a4","68553","collagen, type VI, alpha 4","Down_in_WT_treated"
"ENSMUSG00000074476",760.076561453628,-0.647975971456534,0.139665350627802,-4.63948981292678,3.49270351061812e-06,0.000375727580154744,"Spc24","67629","SPC24, NDC80 kinetochore complex component, homolog (S. cerevisiae)","Down_in_WT_treated"
"ENSMUSG00000046743",560.759069997017,-1.07362898928383,0.232274679323511,-4.62223860306566,3.7962101026978e-06,0.000403335606713793,"Fat4","329628","FAT atypical cadherin 4","Down_in_WT_treated"
"ENSMUSG00000020098",98.1672856969728,-1.46354183309718,0.317514269879193,-4.60937341069435,4.03884360599717e-06,0.000426482062247995,"Pcbd1","13180","pterin 4 alpha carbinolamine dehydratase/dimerization cofactor of hepatocyte nuclear factor 1 alpha (TCF1) 1","Down_in_WT_treated"
"ENSMUSG00000043631",139.183303273357,-1.14039839369655,0.247905259210375,-4.60013796128785,4.22211220266962e-06,0.000443115824587497,"Ecm2","407800","extracellular matrix protein 2, female organ and adipocyte specific","Down_in_WT_treated"
"ENSMUSG00000016349",19.749298195939,-7.97225628790745,1.735022056222,-4.5949019837056,4.32952730888247e-06,0.00044622649126039,"Eef1a2","13628","eukaryotic translation elongation factor 1 alpha 2","Down_in_WT_treated"
"ENSMUSG00000086021",11.0593392307069,-5.91458264488319,1.28705913483786,-4.59542416101051,4.31869850598748e-06,0.00044622649126039,"Gm15767","102639797","predicted gene 15767","Down_in_WT_treated"
"ENSMUSG00000025746",27.869108194632,2.48382195078527,0.540368641742224,4.59653236497418,4.2958027219095e-06,0.00044622649126039,"Il6","16193","interleukin 6","Up_in_WT_treated"
"ENSMUSG00000033730",629.341149085938,3.21264293432429,0.701767006233544,4.57793385238624,4.69591126394291e-06,0.000478260501035417,"Egr3","13655","early growth response 3","Up_in_WT_treated"
"ENSMUSG00000024043",492.295115381333,-1.17357135503929,0.256486873189047,-4.57556108212329,4.74945363671367e-06,0.000480868211735974,"Arhgap28","268970","Rho GTPase activating protein 28","Down_in_WT_treated"
"ENSMUSG00000026628",377.90019139005,2.16740126401195,0.474104558764543,4.57156807278953,4.84087974906292e-06,0.000487258609595736,"Atf3","11910","activating transcription factor 3","Up_in_WT_treated"
"ENSMUSG00000033170",331.500612096377,-1.24928397736307,0.273909496426057,-4.56093707470388,5.09258417323831e-06,0.000509613713894057,"Card10","105844","caspase recruitment domain family, member 10","Down_in_WT_treated"
"ENSMUSG00000021678",2547.27046028509,0.633955053983118,0.13913724073805,4.55632906488817,5.20553640791994e-06,0.000517905737879294,"F2rl1","14063","F2R like trypsin receptor 1","Up_in_WT_treated"
"ENSMUSG00000027408",1790.71196561917,-0.89388379145657,0.196985992766609,-4.53780382504482,5.68431009998309e-06,0.000559076259662336,"Cpxm1","56264","carboxypeptidase X, M14 family member 1","Down_in_WT_treated"
"ENSMUSG00000094845",38.9548475064063,2.38343961307655,0.525434125565943,4.5361340215757,5.7294778759425e-06,0.000560316893185923,"Tmem95","100503361","transmembrane protein 95","Up_in_WT_treated"
"ENSMUSG00000046223",1805.20997928215,0.684334700524452,0.151014351975941,4.53158717413479,5.85421695811749e-06,0.000569281255836826,"Plaur","18793","plasminogen activator, urokinase receptor","Up_in_WT_treated"
"ENSMUSG00000042254",1472.43725202072,-0.897048641343579,0.19807403841029,-4.52885521264243,5.93041174850062e-06,0.000573450825928049,"Cilp","214425","cartilage intermediate layer protein, nucleotide pyrophosphohydrolase","Down_in_WT_treated"
"ENSMUSG00000005087",13275.69590976,0.65273525029069,0.144191050603637,4.52687769149401,5.9861562732179e-06,0.000575607384215791,"Cd44","12505","CD44 antigen","Up_in_WT_treated"
"ENSMUSG00000032011",6632.52687607447,-0.892678691213705,0.197864854775243,-4.51155760949922,6.43532992888261e-06,0.000611960766496837,"Thy1","21838","thymus cell antigen 1, theta","Down_in_WT_treated"
"ENSMUSG00000048347",46.1228652508686,-1.669953982346,0.370834796031887,-4.50322893163025,6.69287190261139e-06,0.000632954457075535,"Pcdhb18","93889","protocadherin beta 18","Down_in_WT_treated"
"ENSMUSG00000032271",105.57636369494,-1.31906719550373,0.293296101294835,-4.49739082681409,6.87924643586554e-06,0.000647025080077146,"Nnmt","18113","nicotinamide N-methyltransferase","Down_in_WT_treated"
"ENSMUSG00000044285",2488.22529824945,-0.638284477619248,0.142030877092536,-4.493983918746,6.99029095281583e-06,0.000653896129781881,NA,NA,NA,"Down_in_WT_treated"
"ENSMUSG00000020607",225.500223858307,1.47543630849554,0.328983745178719,4.48483042131463,7.29719456930902e-06,0.000676127607725603,"Lratd1","105005","LRAT domain containing 1","Up_in_WT_treated"
"ENSMUSG00000055172",446.11608029134,-1.11184097163548,0.247989767820446,-4.48341470459579,7.34579727194328e-06,0.000676127607725603,"C1ra","50909","complement component 1, r subcomponent A","Down_in_WT_treated"
"ENSMUSG00000023067",688.03652818986,1.08627059236121,0.242254642834729,4.48400319453229,7.32555645804255e-06,0.000676127607725603,"Cdkn1a","12575","cyclin dependent kinase inhibitor 1A","Up_in_WT_treated"
"ENSMUSG00000030672",161.791357186153,-3.39748491162689,0.759548268355328,-4.47303358216267,7.71176605263129e-06,0.000702301149724285,"Mylpf","17907","myosin light chain, phosphorylatable, fast skeletal muscle","Down_in_WT_treated"
"ENSMUSG00000100843",26.317737591726,1.48765570571334,0.332538861197259,4.47362963942696,7.69028968606269e-06,0.000702301149724285,"Gm8307","666819","ubiquitin specific peptidase 10 pseudogene","Up_in_WT_treated"
"ENSMUSG00000039683",424.07299046718,-1.14343765543541,0.256130791242623,-4.46427253001486,8.03412504512244e-06,0.000727807159350776,"Sdk1","330222","sidekick cell adhesion molecule 1","Down_in_WT_treated"
"ENSMUSG00000030399",24.5783855100168,-7.7752064458618,1.74657695390041,-4.45168272059149,8.51999903243089e-06,0.000766781771541489,"Ckm","12715","creatine kinase, muscle","Down_in_WT_treated"
"ENSMUSG00000061816",76.3468437313549,-4.72839745810798,1.0623773045795,-4.45077039741501,8.55627842660484e-06,0.000766781771541489,"Myl1","17901","myosin, light polypeptide 1","Down_in_WT_treated"
"ENSMUSG00000013367",162.537928372185,-1.00704465652586,0.226316124066568,-4.44972562462963,8.59800615312035e-06,0.000766781771541489,"Iglon5","210094","IgLON family member 5","Down_in_WT_treated"
"ENSMUSG00000028469",473.275111765908,-0.974452273012973,0.219565313301287,-4.43809752260746,9.07574992536928e-06,0.000805215503687918,"Npr2","230103","natriuretic peptide receptor 2","Down_in_WT_treated"
"ENSMUSG00000074813",799.517275605385,0.739740447770526,0.166844345993921,4.43371600855734,9.26226164314161e-06,0.000817548961034633,"Morrbid","100043424","myeloid RNA regulator of BCL2L11 induced cell death","Up_in_WT_treated"
"ENSMUSG00000031972",366.635105485465,-4.37188540130199,0.986972582347971,-4.42959154032571,9.44117326060071e-06,0.000829089153884997,"Acta1","11459","actin alpha 1, skeletal muscle","Down_in_WT_treated"
"ENSMUSG00000018893",25.973308378735,-6.72380689818105,1.51954035354555,-4.4248952536814,9.6489089133134e-06,0.000843030559471829,"Mb","17189","myoglobin","Down_in_WT_treated"
"ENSMUSG00000003032",1891.43160328821,1.14828230728434,0.260195696950875,4.41314872129164,1.01877960421774e-05,0.00088561790645433,"Klf4","16600","Kruppel-like transcription factor 4 (gut)","Up_in_WT_treated"
"ENSMUSG00000042359",265.252468609234,0.936305004974994,0.212367106058831,4.40889845113591,1.03897724920569e-05,0.000898637005694892,"Osbpl6","99031","oxysterol binding protein-like 6","Up_in_WT_treated"
"ENSMUSG00000034285",191.830424844141,-0.714331555907798,0.162376766316109,-4.39922269739726,1.08639298918463e-05,0.00093494980649229,"Nipsnap1","18082","nipsnap homolog 1","Down_in_WT_treated"
"ENSMUSG00000024846",341.187202755898,1.23787953447157,0.281870933166986,4.39165372804942,1.12491755881775e-05,0.000955047865184417,"Cst6","73720","cystatin E/M","Up_in_WT_treated"
"ENSMUSG00000026207",364.830955590626,-1.10420694401725,0.251449373333462,-4.39136884446673,1.12639272967951e-05,0.000955047865184417,"Speg","11790","SPEG complex locus","Down_in_WT_treated"
"ENSMUSG00000012889",413.154295831152,-1.05480705524719,0.24013748161912,-4.39251318925802,1.12047830397711e-05,0.000955047865184417,"Podnl1","244550","podocan-like 1","Down_in_WT_treated"
"ENSMUSG00000037411",1337.91972713964,2.66127647773357,0.606210017561443,4.39002392015706,1.13338192803516e-05,0.00095626322281084,"Serpine1","18787","serine (or cysteine) peptidase inhibitor, clade E, member 1","Up_in_WT_treated"
"ENSMUSG00000021253",3993.06032975718,-0.666637167553422,0.152040852330002,-4.38459241274508,1.16203145045018e-05,0.000970738176537303,"Tgfb3","21809","transforming growth factor, beta 3","Down_in_WT_treated"
"ENSMUSG00000017009",2692.82792632753,0.607078801294432,0.138463432502257,4.38439803436578,1.16306944065446e-05,0.000970738176537303,"Sdc4","20971","syndecan 4","Up_in_WT_treated"
"ENSMUSG00000030666",16.3475359612173,2.35123574420675,0.538971524494383,4.36244891863716,1.286146215474e-05,0.0010591937158248,"Calcb","116903","calcitonin-related polypeptide, beta","Up_in_WT_treated"
"ENSMUSG00000050014",25.520209932207,-2.42725403347766,0.557141097018745,-4.3566235671105,1.32084139608923e-05,0.00107803694711365,"Apol10b","328561","apolipoprotein L 10B","Down_in_WT_treated"
"ENSMUSG00000004371",54.4836820563889,1.96191948901709,0.450342476180887,4.356505532534,1.32155354311515e-05,0.00107803694711365,"Il11","16156","interleukin 11","Up_in_WT_treated"
"ENSMUSG00000024027",863.547530732796,0.941957596944556,0.216624810067373,4.34833663167019,1.37173942408835e-05,0.00111369712110419,"Glp1r","14652","glucagon-like peptide 1 receptor","Up_in_WT_treated"
"ENSMUSG00000040511",712.951138390113,1.02697404451084,0.236413010674807,4.34398276803584,1.39922495771061e-05,0.00113067887193028,"Pvr","52118","poliovirus receptor","Up_in_WT_treated"
"ENSMUSG00000038816",318.036903388513,0.582303418205441,0.134343459110118,4.33443817855057,1.46132846513298e-05,0.00117534511877892,"Ctnnal1","54366","catenin alpha like 1","Up_in_WT_treated"
"ENSMUSG00000021549",2312.66673645414,0.584234152776465,0.1349057027077,4.3306853680035,1.48645950724426e-05,0.00118999725761341,"Rasa1","218397","RAS p21 protein activator 1","Up_in_WT_treated"
"ENSMUSG00000037206",602.321624157247,-1.01201496795047,0.234628327429648,-4.3132684746002,1.60858582800843e-05,0.00128180459591116,"Islr","26968","immunoglobulin superfamily containing leucine-rich repeat","Down_in_WT_treated"
"ENSMUSG00000062184",176.337978834243,1.1432051900871,0.265932127822923,4.29886076363189,1.71678277267481e-05,0.00136171728494373,"Hs6st2","50786","heparan sulfate 6-O-sulfotransferase 2","Up_in_WT_treated"
"ENSMUSG00000072720",11.5011851580211,-6.95012781910487,1.61841824668509,-4.29439536617953,1.75170070371594e-05,0.00137706965990404,"Myo18b","74376","myosin XVIIIb","Down_in_WT_treated"
"ENSMUSG00000039153",861.117055420769,0.662501848594369,0.154273271572528,4.29433978965637,1.75213952776542e-05,0.00137706965990404,"Runx2","12393","runt related transcription factor 2","Up_in_WT_treated"
"ENSMUSG00000046731",904.995787237104,1.90935692815947,0.445831583213274,4.28268655710307,1.84650200516324e-05,0.00144463602331226,"Kctd11","216858","potassium channel tetramerisation domain containing 11","Up_in_WT_treated"
"ENSMUSG00000052316",2320.23672872872,-1.29978170210165,0.304336097230259,-4.2708758965199,1.94706741285219e-05,0.00151642191448018,"Lrrc15","74488","leucine rich repeat containing 15","Down_in_WT_treated"
"ENSMUSG00000026582",96.6697106626817,1.20225871877714,0.281730813854416,4.26740228492864,1.9776234823939e-05,0.0015332817738272,"Sele","20339","selectin, endothelial cell","Up_in_WT_treated"
"ENSMUSG00000027035",959.715775119624,0.657897719460437,0.154215077158402,4.26610505005731,1.98915145942511e-05,0.00153530380805493,"Cers6","241447","ceramide synthase 6","Up_in_WT_treated"
"ENSMUSG00000057058",191.901433828294,-0.826321998479594,0.193759755125573,-4.26467301191658,2.00195168112923e-05,0.00153828537212483,"Skap1","78473","src family associated phosphoprotein 1","Down_in_WT_treated"
"ENSMUSG00000029664",310.567902203052,0.847632862473872,0.198860301694323,4.26245386963561,2.02194247361098e-05,0.00154674106025743,"Tfpi2","21789","tissue factor pathway inhibitor 2","Up_in_WT_treated"
"ENSMUSG00000024042",527.921259778466,1.08329111458309,0.254320141099706,4.25955691082441,2.04832542826757e-05,0.00155999014474962,"Sik1","17691","salt inducible kinase 1","Up_in_WT_treated"
"ENSMUSG00000027276",721.115170388028,0.763415965158748,0.179285156091587,4.25811027416437,2.06162251727622e-05,0.00156320029812151,"Jag1","16449","jagged 1","Up_in_WT_treated"
"ENSMUSG00000067928",225.014630063108,-0.991029011324696,0.233031118268036,-4.25277541767962,2.11137296570069e-05,0.00159390138094914,"Zfp760","240034","zinc finger protein 760","Down_in_WT_treated"
"ENSMUSG00000032802",1705.83413061829,0.923139197971675,0.217227496808033,4.2496424786751,2.14111983453304e-05,0.00160230237356446,"Srxn1","76650","sulfiredoxin 1 homolog (S. cerevisiae)","Up_in_WT_treated"
"ENSMUSG00000020363",712.574830155,0.907805470110245,0.213602166422199,4.2499825039972,2.13787213827475e-05,0.00160230237356446,"Gfpt2","14584","glutamine fructose-6-phosphate transaminase 2","Up_in_WT_treated"
"ENSMUSG00000018340",4821.53789131336,-0.620595459610584,0.146135997942797,-4.24669806445299,2.16944002044626e-05,0.00161646760311347,"Anxa6","11749","annexin A6","Down_in_WT_treated"
"ENSMUSG00000007877",38.2666245746532,-5.32649337431991,1.25616918995563,-4.24026748698403,2.23253585314083e-05,0.00165631065104569,"Tcap","21393","titin-cap","Down_in_WT_treated"
"ENSMUSG00000039377",539.660442064291,-0.811731508819197,0.191838123810836,-4.23133573605844,2.32307616882846e-05,0.00170875158196049,"Hlx","15284","H2.0-like homeobox","Down_in_WT_treated"
"ENSMUSG00000033196",80.09147714979,-5.82605588125618,1.37733676300378,-4.22994291428799,2.33750621638493e-05,0.0017120492338901,"Myh2","17882","myosin, heavy polypeptide 2, skeletal muscle, adult","Down_in_WT_treated"
"ENSMUSG00000026271",112.65820977164,1.16444818814542,0.275368478427145,4.22869093367745,2.3505498631756e-05,0.00171430780699061,"Gpr35","64095","G protein-coupled receptor 35","Up_in_WT_treated"
"ENSMUSG00000091971",235.514915655856,1.63810253337661,0.388146422328555,4.22032109313121,2.43954596688784e-05,0.00177170739164867,"Hspa1a","193740","heat shock protein 1A","Up_in_WT_treated"
"ENSMUSG00000026208",316.5028526492,-3.17113355744192,0.752990594350366,-4.21138534961089,2.53809360665698e-05,0.00182785218233389,"Des","13346","desmin","Down_in_WT_treated"
"ENSMUSG00000028435",37.8229159656557,1.78722677487676,0.424364881052593,4.21153317504438,2.53643294458129e-05,0.00182785218233389,"Aqp3","11828","aquaporin 3","Up_in_WT_treated"
"ENSMUSG00000020638",280.320552094448,-1.13775071802272,0.270547256429931,-4.20536779058925,2.60657926429515e-05,0.00186159511606009,"Cmpk2","22169","cytidine/uridine monophosphate kinase 2","Down_in_WT_treated"
"ENSMUSG00000026725",88.6809833987612,-1.59531607357002,0.379572139151976,-4.2029324837545,2.63479195223556e-05,0.00187396855710242,"Tnn","329278","tenascin N","Down_in_WT_treated"
"ENSMUSG00000003665",220.839878409295,1.71086784446539,0.407280030590853,4.20071625408047,2.66071884898284e-05,0.00188462110406143,"Has1","15116","hyaluronan synthase 1","Up_in_WT_treated"
"ENSMUSG00000075307",34.2587097213793,-3.13994371025878,0.748541457251571,-4.19474924179583,2.73173625526889e-05,0.00192699362400361,"Klhl41","228003","kelch-like 41","Down_in_WT_treated"
"ENSMUSG00000030319",216.536847978282,-0.939906942573649,0.224394159111157,-4.18864263801115,2.80627903652705e-05,0.00197149692966137,"Cand2","67088","cullin associated and neddylation dissociated 2 (putative)","Down_in_WT_treated"
"ENSMUSG00000074227",76.669904544719,-1.52647095034349,0.364607677014578,-4.18661220422536,2.83148989268408e-05,0.00198112211515766,"Spint2","20733","serine protease inhibitor, Kunitz type 2","Down_in_WT_treated"
"ENSMUSG00000038670",19.544475219636,-4.75748108329473,1.13736590565431,-4.18289405339422,2.87821542311661e-05,0.00200566169484547,"Mybpc2","233199","myosin binding protein C, fast-type","Down_in_WT_treated"
"ENSMUSG00000058755",73.0169739359634,1.55662648381864,0.372722869490713,4.17636429432304,2.96205317471478e-05,0.00204750438727674,"Osm","18413","oncostatin M","Up_in_WT_treated"
"ENSMUSG00000038239",7.64083878050357,-6.1774743564312,1.47975253528338,-4.1746671886919,2.98421994782543e-05,0.00205457574967885,"Hrc","15464","histidine rich calcium binding protein","Down_in_WT_treated"
"ENSMUSG00000052512",176.991308704041,0.702393901802584,0.168386428999755,4.17132132307173,3.02838468544145e-05,0.00207667558588918,"Nav2","78286","neuron navigator 2","Up_in_WT_treated"
"ENSMUSG00000035314",742.874151563047,-0.654533805501907,0.157052444855027,-4.167612965886,3.07805981206941e-05,0.00210236370973567,"Gdpd5","233552","glycerophosphodiester phosphodiesterase domain containing 5","Down_in_WT_treated"
"ENSMUSG00000025981",800.662805325567,0.626301003882502,0.150325203289824,4.16630738010715,3.09573229062422e-05,0.0021060768453053,"Coq10b","67876","coenzyme Q10B","Up_in_WT_treated"
"ENSMUSG00000091243",342.346164485077,-1.04664060536478,0.251354507324399,-4.16400173804714,3.12717731212179e-05,0.00211909353922206,"Vgll3","73569","vestigial like family member 3","Down_in_WT_treated"
"ENSMUSG00000041594",301.504773019699,-0.701972169634019,0.169324140074611,-4.14573001418877,3.38732768532812e-05,0.00228637976940657,"Tmtc4","70551","transmembrane and tetratricopeptide repeat containing 4","Down_in_WT_treated"
"ENSMUSG00000043613",570.594296053642,-1.089339522337,0.262962505812716,-4.14256594859511,3.43441564778465e-05,0.00230910789569021,"Mmp3","17392","matrix metallopeptidase 3","Down_in_WT_treated"
"ENSMUSG00000047419",90.2744108684507,-1.80803240162959,0.436567070926913,-4.14147681315222,3.4507676207529e-05,0.00231107440810891,"Cmya5","76469","cardiomyopathy associated 5","Down_in_WT_treated"
"ENSMUSG00000031980",111.930967671844,1.57388445728,0.380450900949669,4.13689244354875,3.52041019999287e-05,0.0023485775334216,"Agt","11606","angiotensinogen","Up_in_WT_treated"
"ENSMUSG00000026459",6.86699478816212,-6.46429308927901,1.56680055406706,-4.12579193471636,3.69461182855956e-05,0.00245527640128059,"Myog","17928","myogenin","Down_in_WT_treated"
"ENSMUSG00000035356",1101.13195045336,1.00134035853664,0.242848366949993,4.1233151826911,3.73458127048067e-05,0.0024722928010582,"Nfkbiz","80859","nuclear factor of kappa light polypeptide gene enhancer in B cells inhibitor, zeta","Up_in_WT_treated"
"ENSMUSG00000005483",1770.44380076936,1.15996697960735,0.281636916698353,4.11866098097408,3.8108030741329e-05,0.00251308591999906,"Dnajb1","81489","DnaJ heat shock protein family (Hsp40) member B1","Up_in_WT_treated"
"ENSMUSG00000022070",550.596885820535,-0.643288435403734,0.15641091805318,-4.11281030384986,3.90871558258594e-05,0.00256781727509424,"Bora","77744","bora, aurora kinase A activator","Down_in_WT_treated"
"ENSMUSG00000042961",57.5605699933263,-1.76411529376146,0.429156196313594,-4.11066019532054,3.94529450245217e-05,0.00257221246121995,"Egflam","268780","EGF-like, fibronectin type III and laminin G domains","Down_in_WT_treated"
"ENSMUSG00000031097",152.889323846752,-1.74934395104579,0.425556937865145,-4.11071655845062,3.94433148660175e-05,0.00257221246121995,"Tnni2","21953","troponin I, skeletal, fast 2","Down_in_WT_treated"
"ENSMUSG00000042106",462.539123004447,-0.911509964131397,0.222096348986084,-4.10411953322344,4.05857590958411e-05,0.00263608334172686,"Inka1","68176","inka box actin regulator 1","Down_in_WT_treated"
"ENSMUSG00000039252",475.675125815027,-0.992948331437026,0.242085819503649,-4.10163773108594,4.10236201790178e-05,0.00265450582902727,"Lgi2","246316","leucine-rich repeat LGI family, member 2","Down_in_WT_treated"
"ENSMUSG00000040093",306.339265134463,-0.937259683670818,0.228848962423206,-4.09553827007335,4.21188640212173e-05,0.00271516811810185,"Bmf","171543","BCL2 modifying factor","Down_in_WT_treated"
"ENSMUSG00000026643",1931.27568373634,0.674687695454524,0.165189048484921,4.08433671385976,4.4202896111865e-05,0.00283888152193067,"Nmt2","18108","N-myristoyltransferase 2","Up_in_WT_treated"
"ENSMUSG00000020580",2997.24760794855,0.712737313739528,0.174704573573584,4.07967175192084,4.509933829941e-05,0.00288568702903139,"Rock2","19878","Rho-associated coiled-coil containing protein kinase 2","Up_in_WT_treated"
"ENSMUSG00000031596",379.543751559525,-1.18379733393145,0.290257369951512,-4.07844022747537,4.53388552282833e-05,0.00289026805996005,"Slc7a2","11988","solute carrier family 7 (cationic amino acid transporter, y+ system), member 2","Down_in_WT_treated"
"ENSMUSG00000046080",53.2507663563149,-1.30527979983444,0.320533824366177,-4.07220611558078,4.65699401801856e-05,0.00293788778470425,"Clec9a","232414","C-type lectin domain family 9, member a","Down_in_WT_treated"
"ENSMUSG00000021025",1998.35765281175,0.651284863422414,0.159929932868917,4.07231374227002,4.65484201932609e-05,0.00293788778470425,"Nfkbia","18035","nuclear factor of kappa light polypeptide gene enhancer in B cells inhibitor, alpha","Up_in_WT_treated"
"ENSMUSG00000062510",345.784075965864,-0.639192240311379,0.156969999794556,-4.07206626201159,4.65979180353393e-05,0.00293788778470425,"Nsl1","381318","NSL1, MIS12 kinetochore complex component","Down_in_WT_treated"
"ENSMUSG00000042156",194.168625719,-0.922210993639673,0.226574941976847,-4.07022500190647,4.69677534953244e-05,0.00293966899331463,"Dzip1","66573","DAZ interacting protein 1","Down_in_WT_treated"
"ENSMUSG00000047996",443.776652758674,-0.865430944205795,0.212607241899983,-4.07056192663897,4.68998714152916e-05,0.00293966899331463,"Prrg1","546336","proline rich Gla (G-carboxyglutamic acid) 1","Down_in_WT_treated"
"ENSMUSG00000031297",177.90201591356,1.26535763157375,0.311082494510549,4.06759510387955,4.75008242969504e-05,0.00296226154999678,"Slc7a3","11989","solute carrier family 7 (cationic amino acid transporter, y+ system), member 3","Up_in_WT_treated"
"ENSMUSG00000010751",256.66377013306,0.610755148059699,0.150247768269701,4.06498648927262,4.80352445217326e-05,0.00298477483288109,"Tnfrsf22","79202","tumor necrosis factor receptor superfamily, member 22","Up_in_WT_treated"
"ENSMUSG00000048096",53.0722658697125,-2.58414639016096,0.6369194875159,-4.05725753539053,4.96523212160404e-05,0.0030698144822599,"Lmod1","93689","leiomodin 1 (smooth muscle)","Down_in_WT_treated"
"ENSMUSG00000074971",113.283349758998,-1.35300609853809,0.333519804281766,-4.05674889817048,4.97605298948705e-05,0.0030698144822599,"Fibin","67606","fin bud initiation factor homolog (zebrafish)","Down_in_WT_treated"
"ENSMUSG00000020541",384.926379519866,0.750867563091707,0.185240177538609,4.05348112417571,5.04610732233017e-05,0.00310191425828382,"Tom1l1","71943","target of myb1-like 1 (chicken)","Up_in_WT_treated"
"ENSMUSG00000076441",358.284803303243,-1.03489252619593,0.255714107545269,-4.04706856469669,5.18630533988095e-05,0.00315429991201523,"Ass1","11898","argininosuccinate synthetase 1","Down_in_WT_treated"
"ENSMUSG00000049658",633.266982177822,0.92242041929598,0.227832414065345,4.04867947820373,5.15074271786583e-05,0.00315429991201523,"Bdp1","544971","B double prime 1, subunit of RNA polymerase III transcription initiation factor IIIB","Up_in_WT_treated"
"ENSMUSG00000000628",946.795545788349,0.830074009391551,0.205096091697161,4.04724440394123,5.18241221851632e-05,0.00315429991201523,"Hk2","15277","hexokinase 2","Up_in_WT_treated"
"ENSMUSG00000045672",923.262649039561,-1.03437481275819,0.25596777737419,-4.04103525595755,5.32157564634001e-05,0.00322517464876072,"Col27a1","373864","collagen, type XXVII, alpha 1","Down_in_WT_treated"
"ENSMUSG00000041625",149.562015036621,-0.732629829510144,0.181877968882015,-4.02813949382404,5.62199852285096e-05,0.00338342092920667,"Ggact","223267","gamma-glutamylamine cyclotransferase","Down_in_WT_treated"
"ENSMUSG00000042810",156.174177811126,-1.15203307971273,0.287392346611095,-4.0085725778623,6.1086865407588e-05,0.00364467414488211,"Krba1","77827","KRAB-A domain containing 1","Down_in_WT_treated"
"ENSMUSG00000029683",13.0408924556401,-6.24044648388266,1.55876625209182,-4.00345239416632,6.24247673354988e-05,0.00369841818093298,"Lmod2","93677","leiomodin 2 (cardiac)","Down_in_WT_treated"
"ENSMUSG00000032515",450.79852746015,2.00900729146462,0.501867900776312,4.00305994537008,6.25284505375027e-05,0.00369841818093298,"Csrnp1","215418","cysteine-serine-rich nuclear protein 1","Up_in_WT_treated"
"ENSMUSG00000073599",795.081141400069,-0.896247255101665,0.224167782060451,-3.99810912551196,6.38505145065564e-05,0.0037636816975577,"Ecscr","68545","endothelial cell surface expressed chemotaxis and apoptosis regulator","Down_in_WT_treated"
"ENSMUSG00000062012",207.647159161378,-0.707571851178656,0.177187208997314,-3.99335739403955,6.51442644528541e-05,0.00382683644970145,"Zfp13","22654","zinc finger protein 13","Down_in_WT_treated"
"ENSMUSG00000021670",1616.62416525103,0.929847628025161,0.232924174310671,3.9920614971675,6.55013798293604e-05,0.00383472703953385,"Hmgcr","15357","3-hydroxy-3-methylglutaryl-Coenzyme A reductase","Up_in_WT_treated"
"ENSMUSG00000010175",5.20453326422339,-5.69081623480723,1.42791547508935,-3.98540133088138,6.73661667387888e-05,0.00393053037934926,"Prox1","19130","prospero homeobox 1","Down_in_WT_treated"
"ENSMUSG00000079186",330.697611534025,-1.27006294164126,0.318989184337746,-3.98152352493718,6.84749422906949e-05,0.00398172536049811,"Gzmc","14940","granzyme C","Down_in_WT_treated"
"ENSMUSG00000019647",150.263863901999,-1.1066438902498,0.278608759463939,-3.9720355252974,7.12610891941336e-05,0.00410216009100143,"Sema6a","20358","sema domain, transmembrane domain (TM), and cytoplasmic domain, (semaphorin) 6A","Down_in_WT_treated"
"ENSMUSG00000006457",55.3432177993357,-3.30816935511136,0.835198632220923,-3.96093722796746,7.46561584221444e-05,0.00425490661841705,"Actn3","11474","actinin alpha 3","Down_in_WT_treated"
"ENSMUSG00000042265",59.0286746168104,1.41403224641649,0.357479851236617,3.95555789095521,7.63562546856903e-05,0.00432772761566157,"Trem1","58217","triggering receptor expressed on myeloid cells 1","Up_in_WT_treated"
"ENSMUSG00000040663",610.295357419165,1.07497492977311,0.271780469023494,3.95530603665337,7.64367415269066e-05,0.00432772761566157,"Clcf1","56708","cardiotrophin-like cytokine factor 1","Up_in_WT_treated"
"ENSMUSG00000018476",1174.97530251673,0.875906040383539,0.22173207529403,3.95029018342085,7.80564988714072e-05,0.00440494576581856,"Kdm6b","216850","KDM1 lysine (K)-specific demethylase 6B","Up_in_WT_treated"
"ENSMUSG00000019787",21.3878824877649,-6.21667571210962,1.5791926038621,-3.93661653233811,8.26384998075051e-05,0.00464828058394372,"Trdn","76757","triadin","Down_in_WT_treated"
"ENSMUSG00000050530",967.979402866136,0.659746056460559,0.168028241328288,3.92639981972774,8.62267813262872e-05,0.00481862129931187,"Fam171a1","269233","family with sequence similarity 171, member A1","Up_in_WT_treated"
"ENSMUSG00000029378",102.835247931226,1.76116359055119,0.449353224807791,3.91933003552944,8.87954538241626e-05,0.00491539779126307,"Areg","11839","amphiregulin","Up_in_WT_treated"
"ENSMUSG00000054728",77.0324629554554,-1.46308951662878,0.37332163826666,-3.91911254708389,8.88756087964737e-05,0.00491539779126307,"Phactr1","218194","phosphatase and actin regulator 1","Down_in_WT_treated"
"ENSMUSG00000006369",4111.71773191032,-0.709518950288535,0.181068910916362,-3.91850233536927,8.91008663068834e-05,0.00491539779126307,"Fbln1","14114","fibulin 1","Down_in_WT_treated"
"ENSMUSG00000038393",2804.72927661517,-0.642989100675615,0.164210611143521,-3.91563673137809,9.01659262843633e-05,0.0049582617354839,"Txnip","56338","thioredoxin interacting protein","Down_in_WT_treated"
"ENSMUSG00000075334",49.7719140353661,-1.54937058311232,0.396274320053795,-3.90984352178559,9.23559289459557e-05,0.00506251671661716,"Rprm","67874","reprimo, TP53 dependent G2 arrest mediator candidate","Down_in_WT_treated"
"ENSMUSG00000040653",18.9099404240097,-2.40899412190488,0.616896990284281,-3.90501843880736,9.42182009808719e-05,0.00513191036481888,"Ppp1r14c","76142","protein phosphatase 1, regulatory inhibitor subunit 14C","Down_in_WT_treated"
"ENSMUSG00000110631",850.031287644139,0.938603808693131,0.240521062793608,3.90237677229354,9.52527344203407e-05,0.00516068077994631,NA,NA,NA,"Up_in_WT_treated"
"ENSMUSG00000020846",1569.92293913897,-0.644331264695411,0.165122548169577,-3.90213978549857,9.53460660017969e-05,0.00516068077994631,"Rflnb","76566","refilin B","Down_in_WT_treated"
"ENSMUSG00000057880",62.6316199763136,-1.35452604451644,0.347810364458974,-3.89443841509275,9.84264933697605e-05,0.00531071098395084,"Abat","268860","4-aminobutyrate aminotransferase","Down_in_WT_treated"
"ENSMUSG00000053647",26.0693225235685,-2.17479796269748,0.559458725287862,-3.88732513123013,0.00010135495502028,0.00545162964315329,"Gper1","76854","G protein-coupled estrogen receptor 1","Down_in_WT_treated"
"ENSMUSG00000046491",27.8604967080857,-2.02745390908036,0.521918709431506,-3.884616267711,0.000102491636779372,0.00549559517833817,"C1qtnf2","69183","C1q and tumor necrosis factor related protein 2","Down_in_WT_treated"
"ENSMUSG00000117234",25.9858697842912,-1.86770027537854,0.481455653537915,-3.87927789746363,0.000104767010851079,0.00560015462971668,NA,NA,NA,"Down_in_WT_treated"
"ENSMUSG00000020577",297.013948696347,-0.619863872494774,0.16011112331323,-3.87146039367993,0.000108185237557246,0.00576496690041896,"Tspan13","66109","tetraspanin 13","Down_in_WT_treated"
"ENSMUSG00000039168",75231.1295849714,0.739861491764408,0.191161350540096,3.87035083019684,0.000108678840519495,0.00577339568833812,"Dap","223453","death-associated protein","Up_in_WT_treated"
"ENSMUSG00000053930",21.7927448681849,-4.42673317068911,1.14429032023731,-3.86854025800993,0.000109488861075508,0.00578074318046517,"Shisa6","380702","shisa family member 6","Down_in_WT_treated"
"ENSMUSG00000022479",127.379958347333,0.897747304298574,0.232043912067908,3.86886816507321,0.000109341739678599,0.00578074318046517,"Vdr","22337","vitamin D (1,25-dihydroxyvitamin D3) receptor","Up_in_WT_treated"
"ENSMUSG00000032334",4408.21497864786,-0.653417562156174,0.169012469436725,-3.86609085314147,0.000110593753189867,0.00582122226270332,"Loxl1","16949","lysyl oxidase-like 1","Down_in_WT_treated"
"ENSMUSG00000030730",64.946065433307,-4.13246365481485,1.07157530191471,-3.85643794461376,0.000115051287734767,0.00603738647710613,"Atp2a1","11937","ATPase, Ca++ transporting, cardiac muscle, fast twitch 1","Down_in_WT_treated"
"ENSMUSG00000031737",334.119154813853,-0.842350127546332,0.21849881260305,-3.85517027534901,0.000115649106390295,0.00605031130452816,"Irx5","54352","Iroquois homeobox 5","Down_in_WT_treated"
"ENSMUSG00000027368",241.178029340627,1.12236401018418,0.291214725715589,3.85407711586784,0.000116166979415913,0.00605898802941423,"Dusp2","13537","dual specificity phosphatase 2","Up_in_WT_treated"
"ENSMUSG00000021702",868.711174972863,-1.80865541659939,0.469552254458542,-3.85187250071883,0.000117218053156373,0.00609533876413139,"Thbs4","21828","thrombospondin 4","Down_in_WT_treated"
"ENSMUSG00000039883",1085.81928489304,-0.606751634116703,0.157691394700278,-3.84771556666073,0.000119224357959643,0.00618099291928123,"Lrrc17","74511","leucine rich repeat containing 17","Down_in_WT_treated"
"ENSMUSG00000002459",26.728723844691,1.71969461285728,0.447571947107014,3.84227524529392,0.000121899023184019,0.0062818143324651,"Rgs20","58175","regulator of G-protein signaling 20","Up_in_WT_treated"
"ENSMUSG00000032839",115.808499782484,-1.03223424095348,0.268935745286424,-3.83821882752744,0.000123930016439786,0.0063484626278619,"Trpc1","22063","transient receptor potential cation channel, subfamily C, member 1","Down_in_WT_treated"
"ENSMUSG00000046532",651.513385431088,0.775290624437514,0.202047088235995,3.8371779133583,0.000124456307691339,0.00635650435603361,"Ar","11835","androgen receptor","Up_in_WT_treated"
"ENSMUSG00000028640",17.6057262973435,-2.79240402559867,0.728075576500377,-3.8353216557831,0.000125400072861062,0.00638575755646332,"Tfap2c","21420","transcription factor AP-2, gamma","Down_in_WT_treated"
"ENSMUSG00000097756",64.9149488716434,-1.19546101326261,0.312028496102484,-3.83125588910947,0.000127490825845491,0.0064540355719194,"A730056A06Rik","319783","RIKEN cDNA A730056A06 gene","Down_in_WT_treated"
"ENSMUSG00000037362",523.043760181407,-0.728580704697888,0.190214458812387,-3.83031189766969,0.000127980935383574,0.0064598470962524,"Ccn3","18133","cellular communication network factor 3","Down_in_WT_treated"
"ENSMUSG00000027858",312.466792186797,-0.937939322597628,0.244922484127201,-3.8295353974546,0.000128385415919399,0.0064613151427038,"Tspan2","70747","tetraspanin 2","Down_in_WT_treated"
"ENSMUSG00000021390",2204.2672080305,-0.780972585541483,0.204138024812335,-3.82570854332226,0.000130396492864535,0.00654339485476497,"Ogn","18295","osteoglycin","Down_in_WT_treated"
"ENSMUSG00000055775",7.49685877991594,-6.49460384223851,1.69819856201352,-3.82440780925995,0.000131086784320721,0.00655891201083796,"Myh8","17885","myosin, heavy polypeptide 8, skeletal muscle, perinatal","Down_in_WT_treated"
"ENSMUSG00000028883",2021.63639899743,0.701274046060347,0.183533242990068,3.82096471808268,0.000132930670099597,0.00662210098623184,"Sema3a","20346","sema domain, immunoglobulin domain (Ig), short basic domain, secreted, (semaphorin) 3A","Up_in_WT_treated"
"ENSMUSG00000051747",108.657071513494,-3.6313719715098,0.951601211132954,-3.81606489044542,0.000135596858495204,0.00672591679659785,"Ttn","22138","titin","Down_in_WT_treated"
"ENSMUSG00000023044",870.749655446551,-0.659658689420529,0.173423301051867,-3.80374889313887,0.000142522655198844,0.00704913776230605,"Csad","246277","cysteine sulfinic acid decarboxylase","Down_in_WT_treated"
"ENSMUSG00000020077",1321.62853850934,0.678845773247107,0.178505769580039,3.80293463255665,0.000142992095180638,0.00705209152506916,"Srgn","19073","serglycin","Up_in_WT_treated"
"ENSMUSG00000106734",264.460961673349,-0.796133588223879,0.209539869488945,-3.79943726301634,0.000145025018064638,0.00713191603122444,NA,NA,NA,"Down_in_WT_treated"
"ENSMUSG00000026950",59.5371423944112,-3.30621195377385,0.871246943659089,-3.79480465077825,0.000147759748996846,0.0072251159083344,"Neb","17996","nebulin","Down_in_WT_treated"
"ENSMUSG00000061723",206.208820545085,-3.26092528167805,0.860567412915392,-3.78927348716451,0.000151088506270395,0.00734694578050152,"Tnnt3","21957","troponin T3, skeletal, fast","Down_in_WT_treated"
"ENSMUSG00000058656",260.795091994069,1.01350499300631,0.267468747908924,3.78924641076728,0.00015110497364034,0.00734694578050152,"Samd12","320679","sterile alpha motif domain containing 12","Up_in_WT_treated"
"ENSMUSG00000032495",5.138392948553,-6.09440881932979,1.60893524810534,-3.78785213793188,0.000151955232206964,0.0073674745260458,"Lrrc2","74249","leucine rich repeat containing 2","Down_in_WT_treated"
"ENSMUSG00000054453",10.3509826535463,-5.57956090756783,1.47469618762228,-3.78353246885653,0.000154618143458214,0.00745458679328509,"Sytl5","236643","synaptotagmin-like 5","Down_in_WT_treated"
"ENSMUSG00000020061",27.1794371979349,-5.79856113914358,1.5329076141824,-3.78272055373432,0.000155123536788086,0.00745806233295122,"Mybpc1","109272","myosin binding protein C, slow-type","Down_in_WT_treated"
"ENSMUSG00000041559",69.7671530867279,-2.21349958424429,0.585332449651612,-3.78161092138624,0.000155816765375817,0.00747052413829684,"Fmod","14264","fibromodulin","Down_in_WT_treated"
"ENSMUSG00000036136",174.343773614799,0.873186575281295,0.2312086756235,3.77661682861413,0.000158973009198927,0.00757962170175049,"Fam110c","104943","family with sequence similarity 110, member C","Up_in_WT_treated"
"ENSMUSG00000030000",363.403330364995,0.941601682690725,0.249757920539698,3.77005734455201,0.000163210042052097,0.00773876375702672,"Add2","11519","adducin 2","Up_in_WT_treated"
"ENSMUSG00000021388",16879.6942009692,-0.706465124345662,0.187370314577789,-3.77042182982707,0.000162971845333714,0.00773876375702672,"Aspn","66695","asporin","Down_in_WT_treated"
"ENSMUSG00000059456",810.503396534506,0.599812006541371,0.159202302645156,3.76760886353688,0.000164818673170022,0.00779356868846816,"Ptk2b","19229","PTK2 protein tyrosine kinase 2 beta","Up_in_WT_treated"
"ENSMUSG00000041476",7.58699689797121,-5.98106436372933,1.58808215590719,-3.76621848024773,0.000165738771384031,0.00779585166528103,"Smpx","66106","small muscle protein, X-linked","Down_in_WT_treated"
"ENSMUSG00000055639",62.1526189719606,-1.17748006408178,0.312646786424828,-3.76616717397443,0.000165772816029099,0.00779585166528103,"Dach1","13134","dachshund family transcription factor 1","Down_in_WT_treated"
"ENSMUSG00000024471",6.9193573148143,-5.84886578137747,1.55493403695186,-3.76148803896724,0.000168905499816473,0.007857301250922,"Myot","58916","myotilin","Down_in_WT_treated"
"ENSMUSG00000013415",291.579529534128,1.15902801529291,0.30809727591486,3.76188985070156,0.000168634316289687,0.007857301250922,"Igf2bp1","140486","insulin-like growth factor 2 mRNA binding protein 1","Up_in_WT_treated"
"ENSMUSG00000035834",378.102454021538,0.664770811935621,0.176807203775423,3.75986270774352,0.000170006630301881,0.00788720787265764,"Polr3g","67486","polymerase (RNA) III (DNA directed) polypeptide G","Up_in_WT_treated"
"ENSMUSG00000015396",284.9644814773,1.27691416089193,0.341020991844342,3.74438580448084,0.000180835601228685,0.00827803821369181,"Cd83","12522","CD83 antigen","Up_in_WT_treated"
"ENSMUSG00000062980",398.540751409942,-0.670550327413204,0.179457971618922,-3.73653129679362,0.000186576236222383,0.00851817023304948,"Cped1","214642","cadherin-like and PC-esterase domain containing 1","Down_in_WT_treated"
"ENSMUSG00000006342",40.4698947353853,-1.47262756102473,0.394948176796169,-3.72866023327598,0.000192500491133848,0.00875229526152433,"Susd2","71733","sushi domain containing 2","Down_in_WT_treated"
"ENSMUSG00000026069",871.292820788088,0.964111620552315,0.258587883116937,3.72837121728682,0.000192721351621992,0.00875229526152433,"Il1rl1","17082","interleukin 1 receptor-like 1","Up_in_WT_treated"
"ENSMUSG00000044288",125.618878079972,-1.05974843233585,0.284471388476596,-3.72532520058002,0.000195063584890182,0.00883535374507844,"Cnr1","12801","cannabinoid receptor 1","Down_in_WT_treated"
"ENSMUSG00000053411",245.49833036878,-0.816536529031841,0.219364563310268,-3.72228092226973,0.000197431188100201,0.00891912233485739,"Cbx7","52609","chromobox 7","Down_in_WT_treated"
"ENSMUSG00000054675",2035.81245364543,-0.636877818876869,0.171452513714277,-3.71460181644357,0.000203523913150148,0.00914635402908705,"Tmem119","231633","transmembrane protein 119","Down_in_WT_treated"
"ENSMUSG00000021567",349.43646191122,-0.999274472685985,0.269892816838379,-3.702486358814,0.000213496843188414,0.00949536864330484,"Nkd2","72293","naked cuticle 2","Down_in_WT_treated"
"ENSMUSG00000038264",3946.57827194504,0.713807554189716,0.192780838027197,3.70268934140132,0.000213326041058267,0.00949536864330484,"Sema7a","20361","sema domain, immunoglobulin domain (Ig), and GPI membrane anchor, (semaphorin) 7A","Up_in_WT_treated"
"ENSMUSG00000026068",169.003644864094,0.970735295437261,0.262383724510597,3.69967800879377,0.000215873180988062,0.00957631234836734,"Il18rap","16174","interleukin 18 receptor accessory protein","Up_in_WT_treated"
"ENSMUSG00000000392",656.226849822001,0.916403509443505,0.247910664064281,3.6965070175678,0.000218586219822201,0.00964693850148647,"Fap","14089","fibroblast activation protein","Up_in_WT_treated"
"ENSMUSG00000030103",1464.44250966089,1.1259886042667,0.304982894717055,3.69197297216069,0.000222521117020777,0.00977049353612656,"Bhlhe40","20893","basic helix-loop-helix family, member e40","Up_in_WT_treated"
"ENSMUSG00000028864",106.92102390758,1.34906438667478,0.365672193501844,3.68927255243425,0.000224896186732672,0.00982465270569224,"Hgf","15234","hepatocyte growth factor","Up_in_WT_treated"
"ENSMUSG00000031636",38.0900212692699,-3.99501706875501,1.08365625690788,-3.68660914684739,0.000227261994218502,0.0099028694797186,"Pdlim3","53318","PDZ and LIM domain 3","Down_in_WT_treated"
"ENSMUSG00000037217",109.312796351887,1.06617942040053,0.289293829066459,3.68545510922597,0.000228294320693513,0.00991821009596792,"Syn1","20964","synapsin I","Up_in_WT_treated"
"ENSMUSG00000021906",275.598876317474,0.909929573904177,0.247348470364133,3.67873539935229,0.000234393290069499,0.0100859432716905,"Oxnad1","218885","oxidoreductase NAD-binding domain containing 1","Up_in_WT_treated"
"ENSMUSG00000035021",1103.48303045373,0.624395868357908,0.169969918688019,3.67356690629471,0.000239188010363333,0.0102665936019294,"Baz1a","217578","bromodomain adjacent to zinc finger domain 1A","Up_in_WT_treated"
"ENSMUSG00000038403",4.78653372530598,-5.88996092525542,1.60488091425685,-3.67002989002632,0.000242522108450649,0.0103068901991421,"Hjv","69585","hemojuvelin BMP co-receptor","Down_in_WT_treated"
"ENSMUSG00000017817",180.773104846951,-1.19684102042662,0.32604996464249,-3.67072887659701,0.000241859785484407,0.0103068901991421,"Jph2","59091","junctophilin 2","Down_in_WT_treated"
"ENSMUSG00000031765",2309.421906651,1.0763239051574,0.293233386775033,3.67053669090946,0.000242041721207752,0.0103068901991421,"Mt1","17748","metallothionein 1","Up_in_WT_treated"
"ENSMUSG00000087528",85.3887491920887,0.997749488037389,0.271744659549695,3.67164340852456,0.000240995785375979,0.0103068901991421,NA,NA,NA,"Up_in_WT_treated"
"ENSMUSG00000007617",643.629381178507,1.05463928813358,0.28752427546873,3.66800085458619,0.000244454367268289,0.0103634201217286,"Homer1","26556","homer scaffolding protein 1","Up_in_WT_treated"
"ENSMUSG00000052560",329.401495194419,0.861023575595116,0.235039187700406,3.66331922782436,0.000248967940648775,0.0105288358585915,"Cpne8","66871","copine VIII","Up_in_WT_treated"
"ENSMUSG00000015085",34.3310113639005,-1.64147883829839,0.449007153660524,-3.65579662799638,0.000256384556231086,0.0108159092692389,"Entpd2","12496","ectonucleoside triphosphate diphosphohydrolase 2","Down_in_WT_treated"
"ENSMUSG00000098050",38.8772866065774,-1.88660985480653,0.516445648845395,-3.65306564015861,0.000259127955328296,0.0109049153230089,"Gm5345","384808","glyceraldehyde-3-phosphate dehydrogenase pseudogene","Down_in_WT_treated"
"ENSMUSG00000022332",1584.29898648853,-0.691579067610318,0.189502657119346,-3.64944258894888,0.000262809965748624,0.0110328905621105,"Khdrbs3","13992","KH domain containing, RNA binding, signal transduction associated 3","Down_in_WT_treated"
"ENSMUSG00000048572",177.025460899599,-0.818803605649777,0.224521859458842,-3.64687700174634,0.000265446907286823,0.011089495553934,"Tmem252","226040","transmembrane protein 252","Down_in_WT_treated"
"ENSMUSG00000032363",623.581174220037,-0.637076778290152,0.17496842385573,-3.64109571459279,0.000271480176883645,0.0112867555664765,"Adamts7","108153","ADAM metallopeptidase with thrombospondin type 1 motif 7","Down_in_WT_treated"
"ENSMUSG00000032109",87.2152421240621,-0.807793053285963,0.222125422969529,-3.63665285354021,0.000276203768835232,0.011455468118535,"Nlrx1","270151","NLR family member X1","Down_in_WT_treated"
"ENSMUSG00000053886",10.3696170319449,-3.13304097238246,0.862803461036098,-3.6312336631336,0.000282069654575199,0.0116706319580488,"Sh2d4a","72281","SH2 domain containing 4A","Down_in_WT_treated"
"ENSMUSG00000071984",129.752316750423,-1.0389716515956,0.286721507868443,-3.6236264915024,0.000290501032362901,0.0119619707393068,"Fndc1","68655","fibronectin type III domain containing 1","Down_in_WT_treated"
"ENSMUSG00000031595",357.483443074575,-0.826946004423622,0.228205217265923,-3.62369456023434,0.000290424552759446,0.0119619707393068,"Pdgfrl","68797","platelet-derived growth factor receptor-like","Down_in_WT_treated"
"ENSMUSG00000051236",1452.65751719937,-0.843864811644303,0.23312360340699,-3.61981712409908,0.000294811299856007,0.0121104823224859,"Msrb3","320183","methionine sulfoxide reductase B3","Down_in_WT_treated"
"ENSMUSG00000027932",394.000788730211,-0.817032030071119,0.226098654655315,-3.6136085432117,0.000301964857586586,0.0123161590729392,"Slc27a3","26568","solute carrier family 27 (fatty acid transporter), member 3","Down_in_WT_treated"
"ENSMUSG00000036273",780.945357619334,0.695087506000847,0.192862950647431,3.60404890450693,0.000313298066571463,0.0127181281175189,"Lrrk2","66725","leucine-rich repeat kinase 2","Up_in_WT_treated"
"ENSMUSG00000109498",14.510285769048,2.43731585122592,0.678794352972198,3.59065428366306,0.000329848911297799,0.0132959237968565,NA,NA,NA,"Up_in_WT_treated"
"ENSMUSG00000035840",878.520798365868,0.782092834401676,0.217969908483924,3.58807708752769,0.000333125806014823,0.0133966387222597,"Lysmd3","80289","LysM, putative peptidoglycan-binding, domain containing 3","Up_in_WT_treated"
"ENSMUSG00000075316",30.2811881086832,1.66693254098266,0.465193147545117,3.58331275896749,0.000339263982543627,0.0136116822087201,"Scn9a","20274","sodium channel, voltage-gated, type IX, alpha","Up_in_WT_treated"
"ENSMUSG00000068876",22.7739271271973,-2.3050534521903,0.644080603406406,-3.5788276187784,0.000345139015917121,0.0138151924231755,"Cgn","70737","cingulin","Down_in_WT_treated"
"ENSMUSG00000097287",49.1588844970745,1.02581951869949,0.286932875282587,3.57512020081074,0.000350067025517218,0.0139799388473373,NA,NA,NA,"Up_in_WT_treated"
"ENSMUSG00000027412",154.669495260878,-0.841059587529084,0.235489762657301,-3.57153354794894,0.000354897077238295,0.0141400196607072,"Lpin3","64899","lipin 3","Down_in_WT_treated"
"ENSMUSG00000079243",14.9144785960082,-3.01988885804038,0.845936448818982,-3.56987674695478,0.000357149229402253,0.0141968880749921,"Xirp1","22437","xin actin-binding repeat containing 1","Down_in_WT_treated"
"ENSMUSG00000028600",157.330204257201,-0.894621338689082,0.251282149435623,-3.5602263857516,0.000370535215862566,0.0146612692768425,"Podn","242608","podocan","Down_in_WT_treated"
"ENSMUSG00000022094",1840.46840571128,0.622140231253961,0.174723486479018,3.56071323776309,0.000369848822004235,0.0146612692768425,"Slc39a14","213053","solute carrier family 39 (zinc transporter), member 14","Up_in_WT_treated"
"ENSMUSG00000051043",28.6105582147156,-1.45148172668096,0.408180201018125,-3.55598268377674,0.000376568881530705,0.0148658339195103,"Gprc5c","70355","G protein-coupled receptor, family C, group 5, member C","Down_in_WT_treated"
"ENSMUSG00000029135",3007.15817101438,0.907975328866347,0.255504849820364,3.5536520324554,0.000379921531607714,0.01496386590854,"Fosl2","14284","fos-like antigen 2","Up_in_WT_treated"
"ENSMUSG00000061762",118.024715420075,0.814168632710451,0.22918889254438,3.5523913208525,0.000381746676732843,0.0150014242007436,"Tac1","21333","tachykinin 1","Up_in_WT_treated"
"ENSMUSG00000053062",369.297779677437,0.749230367760727,0.211122003655184,3.54880284759144,0.000386986706416961,0.0151726997513638,"Jam2","67374","junction adhesion molecule 2","Up_in_WT_treated"
"ENSMUSG00000069806",460.422178072632,-1.06617765019103,0.301113461707797,-3.54078374358985,0.000398940418394906,0.0155352092339663,"Cacng7","81904","calcium channel, voltage-dependent, gamma subunit 7","Down_in_WT_treated"
"ENSMUSG00000017418",561.692904299805,1.0008753648066,0.282989234748,3.53679660534746,0.000405011442766972,0.0157360202097181,"Arl5b","75869","ADP-ribosylation factor-like 5B","Up_in_WT_treated"
"ENSMUSG00000036523",314.992029444559,0.669788263118068,0.189506947381425,3.53437313181964,0.00040874360746129,0.0158452589450985,"Greb1","268527","gene regulated by estrogen in breast cancer protein","Up_in_WT_treated"
"ENSMUSG00000028927",235.162607826292,0.648930969139277,0.183743103633795,3.53172966117202,0.000412851186763791,0.0159327233779784,"Padi2","18600","peptidyl arginine deiminase, type II","Up_in_WT_treated"
"ENSMUSG00000031962",10.5114043639181,-4.71462785457059,1.33533728245298,-3.53066443701022,0.00041451726653824,0.0159445063027168,"Cdh15","12555","cadherin 15","Down_in_WT_treated"
"ENSMUSG00000001627",4177.32075559026,0.773105006828895,0.218988163191901,3.53035066169955,0.000415009227493443,0.0159445063027168,"Ifrd1","15982","interferon-related developmental regulator 1","Up_in_WT_treated"
"ENSMUSG00000042451",4.94853487232425,-5.80687072471521,1.64604791460864,-3.5277653057237,0.000419083552933923,0.0159939381665159,"Mybph","53311","myosin binding protein H","Down_in_WT_treated"
"ENSMUSG00000019894",135.05466732129,-1.08974827700219,0.309120437500906,-3.52531940564102,0.0004229724651052,0.0161066417464396,"Slc6a15","103098","solute carrier family 6 (neurotransmitter transporter), member 15","Down_in_WT_treated"
"ENSMUSG00000050064",158.065714300228,0.606936746123819,0.172363919189717,3.52125171542298,0.000429514685049442,0.0163196617198035,"Zfp697","242109","zinc finger protein 697","Up_in_WT_treated"
"ENSMUSG00000030946",322.368002012463,-0.706478234330877,0.200808522714952,-3.51816857561232,0.000434536227660308,0.016401836733529,"Lhpp","76429","phospholysine phosphohistidine inorganic pyrophosphate phosphatase","Down_in_WT_treated"
"ENSMUSG00000030144",274.175561562567,0.967739444175723,0.27524929145562,3.51586534177057,0.000438323236371103,0.0165085766836311,"Clec4d","17474","C-type lectin domain family 4, member d","Up_in_WT_treated"
"ENSMUSG00000030862",10.1977622378797,-3.79836553260295,1.08059041509993,-3.51508349465758,0.000439615748818522,0.0165211053900969,"Cpxm2","55987","carboxypeptidase X, M14 family member 2","Down_in_WT_treated"
"ENSMUSG00000019850",278.709000150329,1.0402559244099,0.296762477799866,3.50534856064735,0.000456009843855069,0.0169888342693365,"Tnfaip3","21929","tumor necrosis factor, alpha-induced protein 3","Up_in_WT_treated"
"ENSMUSG00000002489",266.190781965361,0.838723113682299,0.239533579121737,3.50148449648489,0.000462673889639141,0.0171998768649436,"Tiam1","21844","T cell lymphoma invasion and metastasis 1","Up_in_WT_treated"
"ENSMUSG00000032085",54.0268896403143,-1.77989575058258,0.508845159864194,-3.49791231394952,0.00046891527522269,0.0173943312869244,"Tagln","21345","transgelin","Down_in_WT_treated"
"ENSMUSG00000115009",86.9081571508117,-1.19922617155936,0.343035820189722,-3.49592112828365,0.000472428318798547,0.0174869596197002,NA,NA,NA,"Down_in_WT_treated"
"ENSMUSG00000023868",64.2920088542344,-1.26067658072479,0.361509822517601,-3.48725401690408,0.000488007611262693,0.0180102437160231,"Pde10a","23984","phosphodiesterase 10A","Down_in_WT_treated"
"ENSMUSG00000030688",175.967411189971,-0.791766298523964,0.227068974734695,-3.48689775628332,0.000488658134753822,0.0180102437160231,"Stard10","56018","StAR related lipid transfer domain containing 10","Down_in_WT_treated"
"ENSMUSG00000025997",87.0194053866794,-0.879618071625427,0.252355722685397,-3.48562759847541,0.000490983999954693,0.0180573004427782,"Ikzf2","22779","IKAROS family zinc finger 2","Down_in_WT_treated"
"ENSMUSG00000006262",1186.35375962703,0.720621718403548,0.206807867015407,3.48449857736728,0.000493060083351171,0.0180949896687428,"Mob1b","68473","MOB kinase activator 1B","Up_in_WT_treated"
"ENSMUSG00000031278",1895.41704637161,0.694354478830514,0.199345266795019,3.48317514628776,0.00049550407534659,0.0181459917975862,"Acsl4","50790","acyl-CoA synthetase long-chain family member 4","Up_in_WT_treated"
"ENSMUSG00000003352",864.028989384603,-0.651562304727947,0.187101204375566,-3.48240572209292,0.000496930165803295,0.0181595796471472,"Cacnb3","12297","calcium channel, voltage-dependent, beta 3 subunit","Down_in_WT_treated"
"ENSMUSG00000061731",7041.26955560737,0.589430026435541,0.169315146263893,3.48125988396136,0.000499061016019433,0.0181988097621324,"Ext1","14042","exostosin glycosyltransferase 1","Up_in_WT_treated"
"ENSMUSG00000094707",20.9206289584932,-1.92458099160393,0.553133851154438,-3.47941278153048,0.000502513911570626,0.0182474038944169,"A830019P07Rik","329056","RIKEN cDNA A830019P07 gene","Down_in_WT_treated"
"ENSMUSG00000032487",4057.15468990197,1.54066760071284,0.442772955427585,3.47958831231012,0.000502184826489469,0.0182474038944169,"Ptgs2","19225","prostaglandin-endoperoxide synthase 2","Up_in_WT_treated"
"ENSMUSG00000041731",101.144056736638,-1.60204648164433,0.461052278271553,-3.47476101332862,0.000511308659218251,0.0184887492488751,"Pgm5","226041","phosphoglucomutase 5","Down_in_WT_treated"
"ENSMUSG00000022235",345.064381573523,0.95346095344362,0.274922554045215,3.46810743394596,0.000524137700984308,0.0188733433249831,"Cmbl","69574","carboxymethylenebutenolidase homolog","Up_in_WT_treated"
"ENSMUSG00000001131",4035.21761020577,0.710494777357001,0.204850966401734,3.46834964870826,0.000523665462497803,0.0188733433249831,"Timp1","21857","tissue inhibitor of metalloproteinase 1","Up_in_WT_treated"
"ENSMUSG00000043496",131.312134809039,-0.88844534303953,0.256463370150881,-3.46421924704821,0.000531772905071215,0.0190684900876786,"Tril","66873","TLR4 interactor with leucine-rich repeats","Down_in_WT_treated"
"ENSMUSG00000004655",3432.04752270502,-0.869358643548764,0.251030130318876,-3.46316453106424,0.000533861841824594,0.0191035967182639,"Aqp1","11826","aquaporin 1","Down_in_WT_treated"
"ENSMUSG00000005611",176.287908288242,-0.867336339369847,0.250724128036916,-3.45932537949496,0.00054153028597466,0.0192977624890183,"Irag1","17540","inositol 1,4,5-triphosphate receptor associated 1","Down_in_WT_treated"
"ENSMUSG00000031965",57.1081274720265,1.68290864039854,0.486878594698309,3.45652624437381,0.000547185921732303,0.0193260860597215,"Tbx20","57246","T-box 20","Up_in_WT_treated"
"ENSMUSG00000046687",511.129859245787,-1.0544963963454,0.305106761645842,-3.45615544754601,0.000547939228279345,0.0193260860597215,"Gm5424","432466","argininosuccinate synthase pseudogene","Down_in_WT_treated"
"ENSMUSG00000021699",147.75395636997,0.70170603992121,0.203030739916449,3.4561566401717,0.000547936803806882,0.0193260860597215,"Pde4d","238871","phosphodiesterase 4D, cAMP specific","Up_in_WT_treated"
"ENSMUSG00000026827",1296.61799312184,0.650637579387834,0.188436493244795,3.45282152190446,0.000554755919019556,0.0194866507717645,"Gpd2","14571","glycerol phosphate dehydrogenase 2, mitochondrial","Up_in_WT_treated"
"ENSMUSG00000056749",389.484113701256,0.881897360239111,0.255511366406885,3.45149952677545,0.00055748073429039,0.0195424814635564,"Nfil3","18030","nuclear factor, interleukin 3, regulated","Up_in_WT_treated"
"ENSMUSG00000036218",8.47758026820176,-4.87691866595989,1.41473677230376,-3.44722690569377,0.0005663726844628,0.0196540456551889,"Pdzrn4","239618","PDZ domain containing RING finger 4","Down_in_WT_treated"
"ENSMUSG00000063975",45.055492694154,1.30250006436939,0.377819953283033,3.44740941565269,0.00056599016962966,0.0196540456551889,"Slco1a5","108096","solute carrier organic anion transporter family, member 1a5","Up_in_WT_treated"
"ENSMUSG00000001542",1074.28914951184,0.820835881620541,0.237986563552403,3.44908497928623,0.000562489653444214,0.0196540456551889,"Ell2","192657","elongation factor for RNA polymerase II 2","Up_in_WT_treated"
"ENSMUSG00000060572",1830.11847530328,-0.775483783841725,0.224943137942943,-3.44746583929324,0.000565871962424607,0.0196540456551889,"Mfap2","17150","microfibrillar-associated protein 2","Down_in_WT_treated"
"ENSMUSG00000022401",1089.52255041142,0.779080866139321,0.226196090503957,3.44427202257809,0.000572599296014025,0.0198301389999867,"Xpnpep3","321003","X-prolyl aminopeptidase 3, mitochondrial","Up_in_WT_treated"
"ENSMUSG00000062609",23.3919089220076,-1.58650415808431,0.460800562312605,-3.44293016944721,0.000575447880156787,0.0198454282613435,"Kcnj15","16516","potassium inwardly-rectifying channel, subfamily J, member 15","Down_in_WT_treated"
"ENSMUSG00000042348",365.205772024435,0.636925334304116,0.185021680068132,3.44243622730903,0.000576499775195894,0.0198454282613435,"Arl15","218639","ADP-ribosylation factor-like 15","Up_in_WT_treated"
"ENSMUSG00000031461",6.4273481167899,-6.16845977914905,1.79708072959389,-3.43248896811831,0.000598068212681511,0.0204245041203852,"Myom2","17930","myomesin 2","Down_in_WT_treated"
"ENSMUSG00000104861",157.098130813538,0.800631886313704,0.233150065009451,3.43397668056087,0.000594795363958338,0.0204245041203852,"3110039M20Rik","67293","RIKEN cDNA 3110039M20 gene","Up_in_WT_treated"
"ENSMUSG00000031574",170.953774720645,0.785950703478564,0.228972763921389,3.43250738654838,0.000598027591328888,0.0204245041203852,"Star","20845","steroidogenic acute regulatory protein","Up_in_WT_treated"
"ENSMUSG00000050234",91.131055083189,-0.920188034623859,0.268149121707217,-3.43162800148413,0.000599969919883325,0.0204434339452729,"Gja4","14612","gap junction protein, alpha 4","Down_in_WT_treated"
"ENSMUSG00000039193",117.560698124229,-0.918739973546133,0.267864198033847,-3.42987222738158,0.000603865536511795,0.0204635760034216,"Nlrc4","268973","NLR family, CARD domain containing 4","Down_in_WT_treated"
"ENSMUSG00000000126",222.237697298384,-0.687159818047694,0.20034829084944,-3.42982620482691,0.000603967964776795,0.0204635760034216,"Wnt9a","216795","wingless-type MMTV integration site family, member 9A","Down_in_WT_treated"
"ENSMUSG00000032380",93.988453752591,-1.08894906646002,0.318006748590604,-3.42429546318185,0.000616395648724454,0.0208027488349908,"Dapk2","13143","death-associated protein kinase 2","Down_in_WT_treated"
"ENSMUSG00000118504",67.4112460991835,-1.0584374629164,0.309255105039804,-3.42253836935101,0.000620393411209373,0.0208558816283901,NA,NA,NA,"Down_in_WT_treated"
"ENSMUSG00000026955",163.299599100612,-0.676385909260165,0.197598412746618,-3.42303310972188,0.000619265338320321,0.0208558816283901,"Sapcd2","72080","suppressor APC domain containing 2","Down_in_WT_treated"
"ENSMUSG00000026358",448.526911393605,1.58291721775312,0.462621617306169,3.42162397635112,0.000622483381186249,0.0208853488440111,"Rgs1","50778","regulator of G-protein signaling 1","Up_in_WT_treated"
"ENSMUSG00000021250",4165.74907123444,1.62338611491128,0.475232424533332,3.41598348745967,0.000635521005571856,0.0212812987313284,"Fos","14281","Fos proto-oncogene, AP-1 transcription factor subunit","Up_in_WT_treated"
"ENSMUSG00000044217",40.0566620733473,1.33922184566371,0.392235062720513,3.41433485414325,0.000639379417590147,0.0213689291952653,"Aqp5","11830","aquaporin 5","Up_in_WT_treated"
"ENSMUSG00000031273",83.3276878011487,1.31326567336814,0.385278657613935,3.40861256499726,0.000652941406284796,0.0217798982266936,"Col4a6","94216","collagen, type IV, alpha 6","Up_in_WT_treated"
"ENSMUSG00000027022",115.567455684384,-4.53667392799061,1.33316887639797,-3.40292517197674,0.000666685365439372,0.0221098044507562,"Xirp2","241431","xin actin-binding repeat containing 2","Down_in_WT_treated"
"ENSMUSG00000029121",235.372039584689,-2.09014312894915,0.614199867059059,-3.40303416045541,0.00066641947859969,0.0221098044507562,"Crmp1","12933","collapsin response mediator protein 1","Down_in_WT_treated"
"ENSMUSG00000054484",82.397834212451,0.77865471814106,0.229397628246025,3.394345111999,0.000687929413798416,0.0226398490827884,"Tmem62","96957","transmembrane protein 62","Up_in_WT_treated"
"ENSMUSG00000049044",289.799046388367,0.624415732431038,0.184443845564036,3.38539749332134,0.000710752501130951,0.0232575514248402,"Rapgef4","56508","Rap guanine nucleotide exchange factor (GEF) 4","Up_in_WT_treated"
"ENSMUSG00000001510",32.4794447754043,1.4424225929932,0.426152920988571,3.38475350502615,0.000712421996340984,0.0232679457324877,"Dlx3","13393","distal-less homeobox 3","Up_in_WT_treated"
"ENSMUSG00000010307",896.635131708967,-0.65590695629986,0.193910414198839,-3.38252568336677,0.000718225616621837,0.023368807775605,"Tmem86a","67893","transmembrane protein 86A","Down_in_WT_treated"
"ENSMUSG00000040565",934.253001491986,0.778329217036855,0.230143044088028,3.38193674338969,0.000719767167664026,0.0233747782827042,"Btaf1","107182","B-TFIID TATA-box binding protein associated factor 1","Up_in_WT_treated"
"ENSMUSG00000075511",129.007487991454,-0.822150698286631,0.243208663651878,-3.38043343498418,0.000723716027499643,0.0234587575618152,NA,NA,NA,"Down_in_WT_treated"
"ENSMUSG00000032327",499.961293247676,-0.679139192383688,0.200956830786264,-3.37952778079992,0.000726104686419005,0.0234919433508344,"Stra6","20897","stimulated by retinoic acid gene 6","Down_in_WT_treated"
"ENSMUSG00000085682",33.1658540176084,-1.19052877813847,0.352534993364763,-3.37705135815168,0.000732673685130363,0.0235833443280798,NA,NA,NA,"Down_in_WT_treated"
"ENSMUSG00000031355",323.120896583671,0.646717910804723,0.191476320690592,3.37753466576037,0.000731387336062042,0.0235833443280798,"Arhgap6","11856","Rho GTPase activating protein 6","Up_in_WT_treated"
"ENSMUSG00000024912",678.798244726521,0.627426480524825,0.185798786641683,3.37691376712179,0.000733040275129136,0.0235833443280798,"Fosl1","14283","fos-like antigen 1","Up_in_WT_treated"
"ENSMUSG00000074743",1054.14464111141,0.679796359144501,0.201537504087725,3.37305139418915,0.000743400753587236,0.0238720406170588,"Thbd","21824","thrombomodulin","Up_in_WT_treated"
"ENSMUSG00000036362",299.528323756564,-0.629440045428299,0.186701676729787,-3.37136793012999,0.000747958916894196,0.0239736850606758,"P2ry13","74191","purinergic receptor P2Y, G-protein coupled 13","Down_in_WT_treated"
"ENSMUSG00000048490",891.227543999613,0.753978201563475,0.223726995863738,3.37008146313594,0.000751459648046776,0.0240411216769166,"Nrip1","268903","nuclear receptor interacting protein 1","Up_in_WT_treated"
"ENSMUSG00000076614",46.5651431469147,6.06785721351207,1.80628177611827,3.35930821743217,0.000781378655078605,0.024859684678767,NA,NA,NA,"Up_in_WT_treated"
"ENSMUSG00000035042",913.401187173153,-1.59725709852865,0.475683864662912,-3.35781223031505,0.000785619607044075,0.0249484957129938,"Ccl5","20304","C-C motif chemokine ligand 5","Down_in_WT_treated"
"ENSMUSG00000014158",44.3153637038114,-1.21429428224555,0.361854071925982,-3.35575685464151,0.000791481210199511,0.0250883509943904,"Trpv4","63873","transient receptor potential cation channel, subfamily V, member 4","Down_in_WT_treated"
"ENSMUSG00000022996",561.927296470295,-0.763419897950499,0.227635578166963,-3.35369323239339,0.000797407145306732,0.0251834344679256,"Wnt10b","22410","wingless-type MMTV integration site family, member 10B","Down_in_WT_treated"
"ENSMUSG00000036334",1608.82371108095,-0.781492547203944,0.233173075993515,-3.35155567972041,0.000803588775784516,0.0253321795033024,"Igsf10","242050","immunoglobulin superfamily, member 10","Down_in_WT_treated"
"ENSMUSG00000027555",590.443734896351,0.599488111069847,0.179170292032624,3.34591245160604,0.000820122857691223,0.025759041289382,"Car13","71934","carbonic anhydrase 13","Up_in_WT_treated"
"ENSMUSG00000081984",11.6527080851878,-2.65113938800774,0.793001377347803,-3.34317122736216,0.000828267755393803,0.0258463377143359,"Dnajb3","15504","DnaJ heat shock protein family (Hsp40) member B3","Down_in_WT_treated"
"ENSMUSG00000017400",159.231559233631,1.22924229110749,0.3677111194021,3.34295653910668,0.000828908808872496,0.0258463377143359,"Stac2","217154","SH3 and cysteine rich domain 2","Up_in_WT_treated"
"ENSMUSG00000075592",138.317502053616,-0.814373515166808,0.243517925335101,-3.34420356959827,0.000825191626649442,0.0258463377143359,"Nynrin","277154","NYN domain and retroviral integrase containing","Down_in_WT_treated"
"ENSMUSG00000048200",157.90296522207,-0.708498940401608,0.211918869476058,-3.34325556829026,0.000828016041457273,0.0258463377143359,"Cracr2b","213573","calcium release activated channel regulator 2B","Down_in_WT_treated"
"ENSMUSG00000032356",19.7827236718337,1.5506361244154,0.464377207831129,3.33917362494518,0.000840280268782187,0.0260928100741164,"Rasgrf1","19417","RAS protein-specific guanine nucleotide-releasing factor 1","Up_in_WT_treated"
"ENSMUSG00000029814",146.895590960852,1.10071518956267,0.329721652004466,3.33831637343537,0.000842877202022351,0.0260928100741164,"Igf2bp3","140488","insulin-like growth factor 2 mRNA binding protein 3","Up_in_WT_treated"
"ENSMUSG00000043969",496.511698971854,-0.617589076270569,0.184978707644975,-3.33870359531266,0.000841703242657846,0.0260928100741164,"Emx2","13797","empty spiracles homeobox 2","Down_in_WT_treated"
"ENSMUSG00000029878",5.28977819142589,3.3537940923543,1.00491563056923,3.3373887223294,0.000845695786763028,0.0261330626243541,"Dbpht2","386753","DNA binding protein with his-thr domain","Up_in_WT_treated"
"ENSMUSG00000078817",16.2946486997568,1.52868132032601,0.458488515178712,3.33417581840661,0.000855525618155633,0.0263422306613502,"Nlrp12","378425","NLR family, pyrin domain containing 12","Up_in_WT_treated"
"ENSMUSG00000038884",205.000663427055,-1.0034028769514,0.300989756100979,-3.33367782993509,0.000857058656549659,0.0263423099938084,"Shfl","319278","shiftless antiviral inhibitor of ribosomal frameshifting","Down_in_WT_treated"
"ENSMUSG00000020000",122.871388605872,-0.92642226652666,0.278095975910986,-3.33130410640388,0.000864401147156714,0.0265206284222128,"Moxd1","59012","monooxygenase, DBH-like 1","Down_in_WT_treated"
"ENSMUSG00000028037",288.241260329149,-0.896495938093719,0.269252900715581,-3.3295683564082,0.000869807107118849,0.0266390034301239,"Ifi44","99899","interferon-induced protein 44","Down_in_WT_treated"
"ENSMUSG00000028023",5.60273188970994,-4.59129530179329,1.37978392504507,-3.32754659512598,0.000876143358074539,0.0267853987196784,"Pitx2","18741","paired-like homeodomain transcription factor 2","Down_in_WT_treated"
"ENSMUSG00000024304",727.245651396184,0.721111160787184,0.216965590874192,3.32361992462354,0.000888572082085355,0.0269912598199664,"Cdh2","12558","cadherin 2","Up_in_WT_treated"
"ENSMUSG00000050315",566.418779597571,-0.67609555915163,0.203419366972843,-3.32365383499541,0.000888464052644003,0.0269912598199664,"Synpo2","118449","synaptopodin 2","Down_in_WT_treated"
"ENSMUSG00000035273",308.471286345056,0.697587969740643,0.210063643601706,3.32084104502783,0.000897466352377921,0.0271957585512831,"Hpse","15442","heparanase","Up_in_WT_treated"
"ENSMUSG00000024302",296.73630509935,0.624240410875772,0.188294527647089,3.31523395117331,0.000915664561234498,0.0275531790698744,"Dtna","13527","dystrobrevin alpha","Up_in_WT_treated"
"ENSMUSG00000032548",492.080534891778,0.867512969606378,0.261828823311437,3.31328292521293,0.000922076530106358,0.0276321099537816,"Slco2a1","24059","solute carrier organic anion transporter family, member 2a1","Up_in_WT_treated"
"ENSMUSG00000057346",201.257482451372,-0.88139514392494,0.266289755521444,-3.30991007220314,0.000933259498503979,0.0278505228130895,"Apol9a","223672","apolipoprotein L 9a","Down_in_WT_treated"
"ENSMUSG00000040841",188.091186765073,-0.597703628443569,0.180630163722522,-3.30899123449691,0.00093632768507169,0.0278824777083978,"Six5","20475","sine oculis-related homeobox 5","Down_in_WT_treated"
"ENSMUSG00000029675",1006.61455678676,-1.07248503976312,0.324240610994039,-3.30768263875138,0.000940713487509237,0.0279646986994974,"Eln","13717","elastin","Down_in_WT_treated"
"ENSMUSG00000049929",494.186965488008,-0.821723984452787,0.24862877527747,-3.30502365840697,0.000949683831288432,0.0281826863864422,"Lpar4","78134","lysophosphatidic acid receptor 4","Down_in_WT_treated"
"ENSMUSG00000028229",168.648044145654,-0.647416076444543,0.196135069364746,-3.30086852158277,0.000963860392416917,0.028505094629347,"Rmdn1","66302","regulator of microtubule dynamics 1","Down_in_WT_treated"
"ENSMUSG00000090877",1569.93582651091,0.72335084737876,0.219208862936238,3.2998248231832,0.000967451967524116,0.0285133275086046,"Hspa1b","15511","heat shock protein 1B","Up_in_WT_treated"
"ENSMUSG00000079092",22.8714586382549,2.23864623184477,0.678838252790706,3.29776087697134,0.00097459093627747,0.0286227050461799,"Prl2c2","18811","prolactin family 2, subfamily c, member 2","Up_in_WT_treated"
"ENSMUSG00000102278",26.2494041487236,-1.39155815334442,0.422028122861696,-3.2973114301211,0.000976151978974413,0.0286227050461799,NA,NA,NA,"Down_in_WT_treated"
"ENSMUSG00000062585",42.9277807435942,-0.988083786694359,0.29963667654973,-3.29760628128703,0.000975127625212717,0.0286227050461799,"Cnr2","12802","cannabinoid receptor 2","Down_in_WT_treated"
"ENSMUSG00000040694",8.08350849563052,-4.00990331822624,1.21762997469809,-3.29320351958361,0.000990527465906107,0.0289400538598322,"Apobec2","11811","apolipoprotein B mRNA editing enzyme, catalytic polypeptide 2","Down_in_WT_treated"
"ENSMUSG00000028967",5721.64440872978,1.58449390902936,0.481307559144639,3.29206113414314,0.000994559896057152,0.0289400538598322,"Errfi1","74155","ERBB receptor feedback inhibitor 1","Up_in_WT_treated"
"ENSMUSG00000061082",163.651760468849,-1.39278172242492,0.423094778618992,-3.29189059475289,0.000995163173798576,0.0289400538598322,"Plac1","56096","placental specific protein 1","Down_in_WT_treated"
"ENSMUSG00000020334",47.0165607365063,1.13825659833303,0.345832311830273,3.29135410253875,0.000997063208161778,0.0289400538598322,"Slc22a4","30805","solute carrier family 22 (organic cation transporter), member 4","Up_in_WT_treated"
"ENSMUSG00000073755",378.674612215304,-0.597087885626844,0.181453548557723,-3.29058257814617,0.000999801517967911,0.0289706796755281,"5730409E04Rik","230757","RIKEN cDNA 5730409E04Rik gene","Down_in_WT_treated"
"ENSMUSG00000079559",21.4785025848359,-1.58467910633159,0.482919275348489,-3.28145755869455,0.00103272064985773,0.0298241406465624,"Pou2af3","100502940","POU class 2 homeobox associating factor 3","Down_in_WT_treated"
"ENSMUSG00000026080",51.2578096920544,-1.11794448468297,0.341610547211924,-3.27257016449621,0.00106574416682856,0.0306236871443291,"Chst10","98388","carbohydrate sulfotransferase 10","Down_in_WT_treated"
"ENSMUSG00000049516",548.678562565019,0.791614753742352,0.24213794957724,3.26927173177302,0.00107824698186485,0.0308285499200296,"Spty2d1","101685","SPT2 chromatin protein domain containing 1","Up_in_WT_treated"
"ENSMUSG00000091561",27.4012270306786,-1.90578621682104,0.583209374035908,-3.26775648963369,0.00108403591410948,0.0309426636047304,NA,NA,NA,"Down_in_WT_treated"
"ENSMUSG00000049630",82.1167518209826,0.85742833412606,0.262444041407972,3.26709011767266,0.00108659085558734,0.0309642414012736,"C1ql3","227580","C1q-like 3","Up_in_WT_treated"
"ENSMUSG00000022131",445.68789997173,-0.604233895966845,0.185025204053803,-3.26568425667641,0.00109199935682089,0.0310156649003321,"Gpr180","58245","G protein-coupled receptor 180","Down_in_WT_treated"
"ENSMUSG00000004267",249.1631931643,-0.714563259366636,0.218918493399975,-3.26406073908563,0.00109827617957183,0.0311425528876282,"Eno2","13807","enolase 2, gamma neuronal","Down_in_WT_treated"
"ENSMUSG00000036036",366.602367599413,-0.67346746796977,0.206753973151062,-3.25733749008881,0.00112462633646204,0.0317328991855486,"Zfp57","22715","zinc finger protein 57","Down_in_WT_treated"
"ENSMUSG00000059201",6.87653546086071,-5.63752796282278,1.73212963300578,-3.25468016677246,0.00113520130077277,0.0319788621749605,"Lep","16846","leptin","Down_in_WT_treated"
"ENSMUSG00000115902",58.0289540432803,-1.01337440192653,0.311747954352062,-3.25062085501967,0.00115153313577742,0.0323859286486943,NA,NA,NA,"Down_in_WT_treated"
"ENSMUSG00000001507",797.840399030886,0.75685505295248,0.233194938470769,3.245589539446,0.00117207698952811,0.032909933350339,"Itga3","16400","integrin alpha 3","Up_in_WT_treated"
"ENSMUSG00000037541",40.8643915310506,1.16765490872164,0.361079856146626,3.23378579238019,0.00122161042933592,0.0341892011540323,"Shank2","210274","SH3 and multiple ankyrin repeat domains 2","Up_in_WT_treated"
"ENSMUSG00000061780",258.831633221466,-4.99298171657178,1.54608011155931,-3.22944566665181,0.00124030446535959,0.0345998710822841,"Cfd","11537","complement factor D","Down_in_WT_treated"
"ENSMUSG00000056174",176.826132992405,-1.40948665578315,0.436621436905714,-3.22816640834683,0.00124586475842166,0.0346987446957179,"Col8a2","329941","collagen, type VIII, alpha 2","Down_in_WT_treated"
"ENSMUSG00000031298",106.94304983798,1.16139972659951,0.359906387115799,3.2269494740193,0.00125117551456788,0.0347903601885983,"Adgrg2","237175","adhesion G protein-coupled receptor G2","Up_in_WT_treated"
"ENSMUSG00000007122",22.9609684077122,-2.49071760171051,0.772264312283673,-3.22521390939998,0.00125878576710124,0.034867197304303,"Casq1","12372","calsequestrin 1","Down_in_WT_treated"
"ENSMUSG00000024891",240.158604275106,0.604800866056249,0.187538976330595,3.22493423975026,0.00126001607734583,0.034867197304303,"Slc29a2","13340","solute carrier family 29 (nucleoside transporters), member 2","Up_in_WT_treated"
"ENSMUSG00000020423",617.609895132318,1.39490750379192,0.432677766625113,3.22389457325761,0.00126459947330283,0.0349378589638656,"Btg2","12227","BTG anti-proliferation factor 2","Up_in_WT_treated"
"ENSMUSG00000040254",144.497521182664,-1.18045453178649,0.366211862106171,-3.22341970300311,0.00126669806748143,0.0349397550280296,"Sema3d","108151","sema domain, immunoglobulin domain (Ig), short basic domain, secreted, (semaphorin) 3D","Down_in_WT_treated"
"ENSMUSG00000054003",21.1559129266168,-1.56667884829221,0.486897313673136,-3.21767815162758,0.00129232742700831,0.0354196491618903,"Tdrd9","74691","tudor domain containing 9","Down_in_WT_treated"
"ENSMUSG00000029561",717.941765870275,-0.753715695626889,0.234589459095413,-3.21291373676059,0.00131395747558071,0.0358412616001508,"Oasl2","23962","2'-5' oligoadenylate synthetase-like 2","Down_in_WT_treated"
"ENSMUSG00000032936",5.28279298356221,-4.57456934271134,1.42676484859158,-3.20625318687035,0.00134475610432111,0.0365077950592665,"Camkv","235604","CaM kinase-like vesicle-associated","Down_in_WT_treated"
"ENSMUSG00000026921",771.128967615806,-0.76812362933722,0.239715322797051,-3.20431593764881,0.00135383824437687,0.0366387796575702,"Egfl7","353156","EGF-like domain 7","Down_in_WT_treated"
"ENSMUSG00000022636",897.054499773191,0.705928842861207,0.220425508339846,3.20257327828332,0.00136205642408296,0.036779438190442,"Alcam","11658","activated leukocyte cell adhesion molecule","Up_in_WT_treated"
"ENSMUSG00000063268",359.363430693413,-0.626113740353258,0.195519498782676,-3.2023084359949,0.00136330941003381,0.036779438190442,"Parp10","671535","poly (ADP-ribose) polymerase family, member 10","Down_in_WT_treated"
"ENSMUSG00000048600",83.6311510096874,-0.873015793875413,0.272971801354883,-3.19819039747784,0.00138292940609961,0.0371455399177854,NA,NA,NA,"Down_in_WT_treated"
"ENSMUSG00000073758",101.208887896926,-0.869276178088851,0.272224029503259,-3.19323822983247,0.00140686828194014,0.0377180948111427,"Sh3d21","66938","SH3 domain containing 21","Down_in_WT_treated"
"ENSMUSG00000026981",255.296534547889,0.834375445521495,0.261534307219394,3.19030973179959,0.0014212038870696,0.0380431746566749,"Il1rn","16181","interleukin 1 receptor antagonist","Up_in_WT_treated"
"ENSMUSG00000059256",26.3862054814385,-2.05587680958781,0.645891013322717,-3.18300884697492,0.0014575316073866,0.0387743957130421,"Gzmd","14941","granzyme D","Down_in_WT_treated"
"ENSMUSG00000027661",79.8590542111764,-0.973204068005779,0.306048126422449,-3.17990532855748,0.00147323174421832,0.0391315814529102,"Slc2a10","170441","solute carrier family 2 (facilitated glucose transporter), member 10","Down_in_WT_treated"
"ENSMUSG00000030031",66.4564675556566,0.92347984065965,0.290744095480637,3.17626343927302,0.00149185407352437,0.0395042958669253,"Kbtbd8","243574","kelch repeat and BTB (POZ) domain containing 8","Up_in_WT_treated"
"ENSMUSG00000053522",75.8657262469071,-1.40800564288546,0.443355655442978,-3.1757926747966,0.00149427703257305,0.0395076747844044,"Lgals7","16858","lectin, galactose binding, soluble 7","Down_in_WT_treated"
"ENSMUSG00000000142",137.225362100581,-0.88524943372279,0.278831644816627,-3.17485281953909,0.00149912518451453,0.0395750654537793,"Axin2","12006","axin 2","Down_in_WT_treated"
"ENSMUSG00000089726",173.09950177108,-0.957037527758654,0.301575197671901,-3.17346232431178,0.00150632450377275,0.0397042226017405,"Mir17hg","75957","Mir17 host gene (non-protein coding)","Down_in_WT_treated"
"ENSMUSG00000031530",598.167205902605,1.73103742424346,0.545632508635368,3.17253352182553,0.00151115112734873,0.0397705400671658,"Dusp4","319520","dual specificity phosphatase 4","Up_in_WT_treated"
"ENSMUSG00000057003",167.979130774528,-5.37060360274418,1.69367248217647,-3.17098120165631,0.00151924974308412,0.0398769185861897,"Myh4","17884","myosin, heavy polypeptide 4, skeletal muscle","Down_in_WT_treated"
"ENSMUSG00000026073",210.073329745135,-1.04772873303783,0.330423019501143,-3.17087088732389,0.00151982678320593,0.0398769185861897,"Il1r2","16178","interleukin 1 receptor, type II","Down_in_WT_treated"
"ENSMUSG00000031647",482.322323009455,0.616007606498056,0.19441550246907,3.16851073435391,0.00153222090786701,0.0401102168989629,"Mfap3l","71306","microfibrillar-associated protein 3-like","Up_in_WT_treated"
"ENSMUSG00000023411",1369.64915646292,-0.606318354803232,0.191427229310214,-3.16735689581901,0.00153831400394498,0.0401782407221564,"Nfatc4","73181","nuclear factor of activated T cells, cytoplasmic, calcineurin dependent 4","Down_in_WT_treated"
"ENSMUSG00000016239",33.9559938685337,1.32757404193485,0.419379446503658,3.16556772870667,0.00154780623380054,0.0403038440184188,"Lonrf3","74365","LON peptidase N-terminal domain and ring finger 3","Up_in_WT_treated"
"ENSMUSG00000090330",71.4443773000226,-0.909708996018246,0.287342486082797,-3.16593974117742,0.00154582813195418,0.0403038440184188,"9130221H12Rik","77124","RIKEN cDNA 9130221H12 gene","Down_in_WT_treated"
"ENSMUSG00000027086",151.226989660864,0.612305197627875,0.193601526445214,3.16270852234807,0.00156308747554771,0.0406402743642406,"Fastkd1","320720","FAST kinase domains 1","Up_in_WT_treated"
"ENSMUSG00000113178",29.6951572054695,-4.68229746249274,1.48288598505981,-3.15755729683012,0.00159096967603495,0.041165204020021,NA,NA,NA,"Down_in_WT_treated"
"ENSMUSG00000024593",164.377522049829,0.910895876779384,0.288618452761171,3.15605557463487,0.00159918387232379,0.0412670956678217,"Megf10","70417","multiple EGF-like-domains 10","Up_in_WT_treated"
"ENSMUSG00000074093",72.6332473519625,0.867539403527979,0.27501139478585,3.15455802914467,0.00160741408358627,0.0414173820459384,"Svip","75744","small VCP/p97-interacting protein","Up_in_WT_treated"
"ENSMUSG00000062380",574.292146182016,0.79185222386603,0.251088945230545,3.15367219030279,0.00161230081138293,0.0414192859186909,"Tubb3","22152","tubulin, beta 3 class III","Up_in_WT_treated"
"ENSMUSG00000042918",83.5518640889388,-0.778835886373192,0.246949783439424,-3.15382291705567,0.0016114683634036,0.0414192859186909,"Mamstr","74490","MEF2 activating motif and SAP domain containing transcriptional regulator","Down_in_WT_treated"
"ENSMUSG00000052374",49.8050654820113,-2.79864960631773,0.887666780681032,-3.15281552405348,0.00161703961125186,0.0414791144394443,"Actn2","11472","actinin alpha 2","Down_in_WT_treated"
"ENSMUSG00000032648",21.23798839937,-2.36510616963402,0.750487324011146,-3.15142720465042,0.00162474657304419,0.0416147887131498,"Pygm","19309","muscle glycogen phosphorylase","Down_in_WT_treated"
"ENSMUSG00000068231",63.557695021987,0.999748382331784,0.317638240850409,3.14744339237986,0.00164704994090612,0.0420608658499646,"Vmn1r43","113847","vomeronasal 1 receptor 43","Up_in_WT_treated"
"ENSMUSG00000020205",1502.6456280644,0.734312874437838,0.233459140948953,3.14535927551622,0.00165882978636066,0.0422363584065677,"Phlda1","21664","pleckstrin homology like domain, family A, member 1","Up_in_WT_treated"
"ENSMUSG00000041809",104.969001498643,-0.679408101100066,0.216433972722751,-3.13910100412184,0.00169467024171931,0.0428321060212522,"Efhc1","71877","EF-hand domain (C-terminal) containing 1","Down_in_WT_treated"
"ENSMUSG00000017344",24.7806732268331,-1.55433553972057,0.49523114676703,-3.1386061839357,0.00169753419298146,0.0428415814216963,"Vtn","22370","vitronectin","Down_in_WT_treated"
"ENSMUSG00000026418",20.3813047407554,-1.73106513053466,0.551666637435367,-3.13788257811308,0.00170173034006468,0.0428846011906198,"Tnni1","21952","troponin I, skeletal, slow 1","Down_in_WT_treated"
"ENSMUSG00000033737",17.1837378053674,-3.3393690427247,1.06707467887531,-3.12946142274162,0.00175127066190469,0.0437979005487261,"Fndc3c1","333564","fibronectin type III domain containing 3C1","Down_in_WT_treated"
"ENSMUSG00000068606",10.5933972013859,3.03331198387719,0.969905616137049,3.12743006475032,0.00176341767837946,0.0437979005487261,"Gm4841","225594","predicted gene 4841","Up_in_WT_treated"
"ENSMUSG00000039058",566.015649892782,-0.722255174260802,0.230833274148271,-3.12890408423907,0.00175459572679109,0.0437979005487261,"Ak5","229949","adenylate kinase 5","Down_in_WT_treated"
"ENSMUSG00000030353",153.933838680578,0.622342160717387,0.198952780543511,3.12808978601474,0.00175946424207831,0.0437979005487261,"Tead4","21679","TEA domain family member 4","Up_in_WT_treated"
"ENSMUSG00000026458",249.201274174862,-0.734240924454464,0.235115449028605,-3.12289527331372,0.00179081457313332,0.0444142657532718,"Ppfia4","68507","protein tyrosine phosphatase, receptor type, f polypeptide (PTPRF), interacting protein (liprin), alpha 4","Down_in_WT_treated"
"ENSMUSG00000031075",510.509919712669,0.957731875120102,0.306978639453254,3.11986487667636,0.00180934018129394,0.0447447747132634,"Ano1","101772","anoctamin 1, calcium activated chloride channel","Up_in_WT_treated"
"ENSMUSG00000051335",668.071272505028,0.763430235620147,0.244859148209413,3.1178342373683,0.00182185238944354,0.0448971557855894,"Gfod1","328232","glucose-fructose oxidoreductase domain containing 1","Up_in_WT_treated"
"ENSMUSG00000025190",1661.68054841812,0.621625087532031,0.199340348506055,3.11841075924049,0.00181829197095988,0.0448971557855894,"Got1","14718","glutamic-oxaloacetic transaminase 1, soluble","Up_in_WT_treated"
"ENSMUSG00000039813",155.230964188974,-0.753438028580563,0.241977496130798,-3.11366982726899,0.0018477613658471,0.0453689994706993,"Tbc1d2","381605","TBC1 domain family, member 2","Down_in_WT_treated"
"ENSMUSG00000040690",5031.61067441252,-0.610501493493648,0.196488448354842,-3.1070604842435,0.00188957733366067,0.0461980185610333,"Col16a1","107581","collagen, type XVI, alpha 1","Down_in_WT_treated"
"ENSMUSG00000079852",752.390799618605,0.863332805515229,0.277939888633438,3.10618533295104,0.00189517893635603,0.0462037108393201,"Klra4","16635","killer cell lectin-like receptor, subfamily A, member 4","Up_in_WT_treated"
"ENSMUSG00000086794",11.098280789605,-3.01451486171183,0.970825598690309,-3.1051044242947,0.00190211858625907,0.0463073056671727,NA,NA,NA,"Down_in_WT_treated"
"ENSMUSG00000070605",56.1597278482208,0.833933890482331,0.268615654104509,3.10456176972424,0.00190561132944474,0.0463268110203431,"Zfp992","433791","zinc finger protein 992","Up_in_WT_treated"
"ENSMUSG00000004296",30.5903901272131,-1.34733593363867,0.434139526844304,-3.10346294296734,0.00191270186612131,0.0464336029896756,"Il12b","16160","interleukin 12b","Down_in_WT_treated"
"ENSMUSG00000032921",4.69161051064279,-4.82073502937124,1.55784531032502,-3.09448890555472,0.00197152308076277,0.0476277128520063,"Odf4","252868","outer dense fiber of sperm tails 4","Down_in_WT_treated"
"ENSMUSG00000039633",271.615610287254,0.62177504483389,0.201014662665124,3.09318253997085,0.00198022291275484,0.0476277128520063,"Lonrf1","244421","LON peptidase N-terminal domain and ring finger 1","Up_in_WT_treated"
"ENSMUSG00000032691",163.274796099303,0.644787588723257,0.208568913768645,3.09148461806963,0.00199158300536063,0.0477117839892269,"Nlrp3","216799","NLR family, pyrin domain containing 3","Up_in_WT_treated"
"ENSMUSG00000075122",134.641517704128,0.834245110042098,0.270225672099643,3.0872163386996,0.00202040497730819,0.0482319146594015,"Cd80","12519","CD80 antigen","Up_in_WT_treated"
"ENSMUSG00000021047",88.3949334970858,-0.922593339660273,0.298920490094813,-3.08641719196847,0.00202584364746926,0.0482947657344057,"Nova1","664883","NOVA alternative splicing regulator 1","Down_in_WT_treated"
"ENSMUSG00000024987",6.22447654565868,-3.12949649794114,1.01458126906573,-3.08452027783137,0.00203880711192325,0.0484695414508604,"Cyp26a1","13082","cytochrome P450, family 26, subfamily a, polypeptide 1","Down_in_WT_treated"
"ENSMUSG00000028776",619.964592935902,0.655664673055824,0.212548137692355,3.0847820177321,0.00203701387273789,0.0484695414508604,"Tinagl1","94242","tubulointerstitial nephritis antigen-like 1","Up_in_WT_treated"
"ENSMUSG00000025479",17.1762974006985,-6.96500943094171,2.25838636726016,-3.08406459227416,0.00204193257298697,0.0484768875120713,"Cyp2e1","13106","cytochrome P450, family 2, subfamily e, polypeptide 1","Down_in_WT_treated"
"ENSMUSG00000032198",677.026459039383,-0.697860257092241,0.226547428725274,-3.08041570376202,0.0020671185930436,0.0490072248257113,"Dock6","319899","dedicator of cytokinesis 6","Down_in_WT_treated"
"ENSMUSG00000044042",251.350721832643,0.82142750761265,0.266898258482718,3.07768028267535,0.00208618606194921,0.0493912441516778,"Fmn1","14260","formin 1","Up_in_WT_treated"
"ENSMUSG00000030592",43.5380947999726,-1.71403486152764,0.55756206717424,-3.07415974371154,0.00211096367199808,0.0497724749622343,"Ryr1","20190","ryanodine receptor 1, skeletal muscle","Down_in_WT_treated"
"ENSMUSG00000054641",15.2457808993061,-3.39773090815155,1.10549465290655,-3.07349375161454,0.00211568118224457,0.049815464444314,"Mmrn1","70945","multimerin 1","Down_in_WT_treated"
"ENSMUSG00000056735",15.6553302965737,-1.78096380442386,0.579590665795771,-3.07279587047631,0.0021206349482826,0.049863891707432,"A930024E05Rik","109202","RIKEN cDNA A930024E05 gene","Down_in_WT_treated"
